# part, Chassis
# scenario, Step 4: Corner 2-3-5 @ 300.000m
# drop_mode, LTL
# drop_direction, Corner 2-3-5
# drop_height_m, 300.0000
# dims_mm, 1892, 1082, 35
# C1, 946.0, 541.0, 17.4
# C2, 946.0, -541.0, 17.4
# C3, -946.0, -541.0, 17.4
# C4, -946.0, 541.0, 17.4
# C5, 946.0, 541.0, -17.4
# C6, 946.0, -541.0, -17.4
# C7, -946.0, -541.0, -17.4
# C8, -946.0, 541.0, -17.4
Frame,Time,C1_X,C1_Y,C1_Z,C2_X,C2_Y,C2_Z,C3_X,C3_Y,C3_Z,C4_X,C4_Y,C4_Z,C5_X,C5_Y,C5_Z,C6_X,C6_Y,C6_Z,C7_X,C7_Y,C7_Z,C8_X,C8_Y,C8_Z
0,0.203000,-0.944045,0.057916,301.535487,-0.944045,0.023113,301.538085,-0.009525,0.098514,302.079313,-0.009524,0.063710,302.081911,0.009543,-0.063708,299.905904,0.009543,-0.098511,299.908502,0.944063,-0.023110,300.449730,0.944064,-0.057914,300.452328
1,0.205000,-0.944044,0.057915,301.531553,-0.944044,0.023111,301.534151,-0.009523,0.098508,302.075378,-0.009522,0.063705,302.077976,0.009542,-0.063702,299.901968,0.009542,-0.098505,299.904566,0.944063,-0.023109,300.445793,0.944063,-0.057912,300.448391
2,0.207000,-0.944043,0.057913,301.527582,-0.944043,0.023110,301.530179,-0.009521,0.098502,302.071406,-0.009521,0.063699,302.074003,0.009541,-0.063696,299.897995,0.009541,-0.098499,299.900592,0.944063,-0.023107,300.441819,0.944063,-0.057911,300.444416
3,0.209000,-0.944042,0.057912,301.523573,-0.944042,0.023109,301.526170,-0.009519,0.098496,302.067396,-0.009519,0.063693,302.069993,0.009539,-0.063690,299.893984,0.009539,-0.098493,299.896581,0.944062,-0.023106,300.437807,0.944062,-0.057909,300.440404
4,0.211000,-0.944041,0.057910,301.519526,-0.944040,0.023107,301.522123,-0.009517,0.098490,302.063349,-0.009517,0.063686,302.065946,0.009538,-0.063684,299.889936,0.009538,-0.098487,299.892532,0.944062,-0.023104,300.433758,0.944062,-0.057907,300.436355
5,0.213000,-0.944039,0.057909,301.515443,-0.944039,0.023105,301.518039,-0.009515,0.098483,302.059264,-0.009515,0.063680,302.061861,0.009537,-0.063677,299.885850,0.009537,-0.098480,299.888447,0.944062,-0.023102,300.429671,0.944062,-0.057906,300.432268
6,0.215000,-0.944038,0.057907,301.511322,-0.944038,0.023104,301.513918,-0.009513,0.098477,302.055142,-0.009513,0.063673,302.057738,0.009536,-0.063670,299.881727,0.009536,-0.098473,299.884323,0.944061,-0.023101,300.425547,0.944061,-0.057904,300.428143
7,0.217000,-0.944037,0.057905,301.507163,-0.944037,0.023102,301.509760,-0.009511,0.098470,302.050982,-0.009511,0.063666,302.053579,0.009535,-0.063663,299.877566,0.009534,-0.098466,299.880162,0.944061,-0.023099,300.421385,0.944061,-0.057902,300.423982
8,0.219000,-0.944036,0.057904,301.502968,-0.944036,0.023101,301.505564,-0.009509,0.098463,302.046786,-0.009509,0.063659,302.049382,0.009533,-0.063656,299.873368,0.009533,-0.098459,299.875964,0.944060,-0.023097,300.417187,0.944060,-0.057900,300.419783
9,0.221000,-0.944034,0.057902,301.498735,-0.944035,0.023099,301.501330,-0.009506,0.098456,302.042552,-0.009507,0.063652,302.045147,0.009532,-0.063649,299.869133,0.009532,-0.098452,299.871729,0.944060,-0.023095,300.412950,0.944060,-0.057898,300.415546
10,0.223000,-0.944033,0.057900,301.494465,-0.944033,0.023097,301.497060,-0.009504,0.098448,302.038280,-0.009504,0.063645,302.040876,0.009531,-0.063641,299.864861,0.009530,-0.098444,299.867456,0.944059,-0.023093,300.408677,0.944059,-0.057896,300.411272
11,0.225000,-0.944032,0.057899,301.490157,-0.944032,0.023095,301.492752,-0.009502,0.098441,302.033972,-0.009502,0.063637,302.036567,0.009529,-0.063633,299.860551,0.009529,-0.098437,299.863146,0.944059,-0.023091,300.404366,0.944058,-0.057894,300.406961
12,0.227000,-0.944030,0.057897,301.485813,-0.944031,0.023093,301.488408,-0.009499,0.098433,302.029626,-0.009500,0.063629,302.032221,0.009528,-0.063625,299.856204,0.009527,-0.098429,299.858799,0.944058,-0.023089,300.400018,0.944058,-0.057892,300.402613
13,0.229000,-0.944029,0.057895,301.481431,-0.944029,0.023091,301.484026,-0.009497,0.098425,302.025243,-0.009497,0.063621,302.027838,0.009526,-0.063617,299.851820,0.009526,-0.098420,299.854415,0.944058,-0.023087,300.395632,0.944057,-0.057890,300.398227
14,0.231000,-0.944027,0.057893,301.477012,-0.944028,0.023089,301.479607,-0.009494,0.098417,302.020823,-0.009495,0.063613,302.023418,0.009524,-0.063609,299.847399,0.009524,-0.098412,299.849993,0.944057,-0.023085,300.391210,0.944057,-0.057888,300.393804
15,0.233000,-0.944026,0.057891,301.472557,-0.944026,0.023087,301.475151,-0.009492,0.098408,302.016366,-0.009492,0.063605,302.018960,0.009523,-0.063600,299.842940,0.009522,-0.098403,299.845535,0.944057,-0.023082,300.386750,0.944056,-0.057886,300.389344
16,0.235000,-0.944024,0.057889,301.468064,-0.944025,0.023085,301.470658,-0.009489,0.098400,302.011872,-0.009490,0.063596,302.014466,0.009521,-0.063591,299.838445,0.009520,-0.098394,299.841039,0.944056,-0.023080,300.382253,0.944055,-0.057884,300.384847
17,0.237000,-0.944022,0.057887,301.463534,-0.944023,0.023083,301.466128,-0.009486,0.098391,302.007341,-0.009487,0.063587,302.009935,0.009519,-0.063582,299.833912,0.009518,-0.098385,299.836506,0.944055,-0.023078,300.377719,0.944055,-0.057881,300.380313
18,0.239000,-0.944021,0.057885,301.458968,-0.944022,0.023081,301.461561,-0.009483,0.098382,302.002773,-0.009484,0.063578,302.005366,0.009518,-0.063573,299.829343,0.009517,-0.098376,299.831936,0.944055,-0.023075,300.373148,0.944054,-0.057879,300.375741
19,0.241000,-0.944019,0.057882,301.454364,-0.944020,0.023079,301.456957,-0.009480,0.098372,301.998168,-0.009481,0.063569,302.000761,0.009516,-0.063563,299.824736,0.009515,-0.098367,299.827330,0.944054,-0.023073,300.368540,0.944053,-0.057877,300.371133
20,0.243000,-0.944017,0.057880,301.449724,-0.944018,0.023077,301.452317,-0.009477,0.098363,301.993526,-0.009478,0.063559,301.996119,0.009514,-0.063553,299.820093,0.009513,-0.098357,299.822686,0.944053,-0.023070,300.363895,0.944052,-0.057874,300.366488
21,0.245000,-0.944015,0.057878,301.445047,-0.944016,0.023074,301.447639,-0.009474,0.098353,301.988847,-0.009475,0.063550,301.991440,0.009512,-0.063543,299.815413,0.009511,-0.098347,299.818005,0.944053,-0.023068,300.359213,0.944052,-0.057871,300.361805
22,0.247000,-0.944013,0.057875,301.440333,-0.944015,0.023072,301.442925,-0.009471,0.098343,301.984131,-0.009472,0.063539,301.986724,0.009510,-0.063533,299.810695,0.009508,-0.098337,299.813288,0.944052,-0.023065,300.354494,0.944051,-0.057869,300.357086
23,0.249000,-0.944011,0.057873,301.435582,-0.944013,0.023069,301.438174,-0.009468,0.098333,301.979379,-0.009469,0.063529,301.981971,0.009508,-0.063522,299.805941,0.009506,-0.098326,299.808533,0.944051,-0.023063,300.349738,0.944050,-0.057866,300.352330
24,0.251000,-0.944009,0.057871,301.430795,-0.944011,0.023067,301.433386,-0.009464,0.098322,301.974590,-0.009466,0.063519,301.977181,0.009506,-0.063512,299.801151,0.009504,-0.098315,299.803742,0.944051,-0.023060,300.344946,0.944049,-0.057863,300.347537
25,0.253000,-0.944007,0.057868,301.425971,-0.944009,0.023064,301.428562,-0.009461,0.098312,301.969764,-0.009463,0.063508,301.972355,0.009503,-0.063501,299.796323,0.009502,-0.098304,299.798914,0.944050,-0.023057,300.340116,0.944048,-0.057861,300.342708
26,0.255000,-0.944005,0.057865,301.421110,-0.944007,0.023062,301.423701,-0.009457,0.098301,301.964901,-0.009459,0.063497,301.967492,0.009501,-0.063489,299.791459,0.009499,-0.098293,299.794050,0.944049,-0.023054,300.335250,0.944047,-0.057858,300.337841
27,0.257000,-0.944003,0.057863,301.416213,-0.944005,0.023059,301.418803,-0.009454,0.098289,301.960002,-0.009456,0.063486,301.962593,0.009499,-0.063478,299.786558,0.009497,-0.098281,299.789148,0.944048,-0.023051,300.330347,0.944046,-0.057855,300.332938
28,0.259000,-0.944001,0.057860,301.411279,-0.944003,0.023056,301.413869,-0.009450,0.098278,301.955066,-0.009452,0.063474,301.957656,0.009496,-0.063466,299.781620,0.009495,-0.098270,299.784210,0.944047,-0.023048,300.325408,0.944046,-0.057852,300.327998
29,0.261000,-0.943999,0.057857,301.406308,-0.944001,0.023053,301.408898,-0.009446,0.098266,301.950094,-0.009448,0.063462,301.952684,0.009494,-0.063454,299.776646,0.009492,-0.098258,299.779236,0.944047,-0.023045,300.320432,0.944045,-0.057849,300.323021
30,0.263000,-0.943996,0.057854,301.401302,-0.943999,0.023051,301.403891,-0.009442,0.098254,301.945085,-0.009444,0.063450,301.947674,0.009492,-0.063441,299.771635,0.009490,-0.098245,299.774225,0.944046,-0.023042,300.315419,0.944044,-0.057846,300.318008
31,0.265000,-0.943994,0.057852,301.396258,-0.943996,0.023048,301.398847,-0.009438,0.098242,301.940040,-0.009441,0.063438,301.942629,0.009489,-0.063429,299.766588,0.009487,-0.098233,299.769177,0.944045,-0.023038,300.310370,0.944043,-0.057842,300.312958
32,0.267000,-0.943992,0.057849,301.391179,-0.943994,0.023045,301.393767,-0.009434,0.098229,301.934958,-0.009437,0.063425,301.937546,0.009487,-0.063416,299.761504,0.009484,-0.098220,299.764093,0.944044,-0.023035,300.305284,0.944042,-0.057839,300.307872
33,0.269000,-0.943989,0.057846,301.386063,-0.943992,0.023042,301.388651,-0.009430,0.098216,301.929840,-0.009433,0.063412,301.932428,0.009484,-0.063403,299.756384,0.009481,-0.098207,299.758972,0.944043,-0.023032,300.300161,0.944041,-0.057836,300.302749
34,0.271000,-0.943987,0.057842,301.380911,-0.943989,0.023039,301.383498,-0.009426,0.098203,301.924685,-0.009428,0.063399,301.927273,0.009481,-0.063389,299.751228,0.009479,-0.098193,299.753815,0.944042,-0.023028,300.295003,0.944039,-0.057832,300.297590
35,0.273000,-0.943984,0.057839,301.375722,-0.943987,0.023035,301.378309,-0.009421,0.098190,301.919495,-0.009424,0.063386,301.922082,0.009478,-0.063375,299.746035,0.009476,-0.098179,299.748622,0.944041,-0.023025,300.289807,0.944038,-0.057829,300.292394
36,0.275000,-0.943981,0.057836,301.370497,-0.943984,0.023032,301.373084,-0.009417,0.098176,301.914267,-0.009419,0.063372,301.916854,0.009475,-0.063361,299.740806,0.009473,-0.098165,299.743392,0.944040,-0.023021,300.284576,0.944037,-0.057825,300.287162
37,0.277000,-0.943978,0.057833,301.365237,-0.943981,0.023029,301.367823,-0.009412,0.098162,301.909004,-0.009415,0.063358,301.911590,0.009473,-0.063347,299.735540,0.009470,-0.098151,299.738126,0.944039,-0.023018,300.279308,0.944036,-0.057822,300.281894
38,0.279000,-0.943975,0.057830,301.359940,-0.943979,0.023026,301.362525,-0.009407,0.098148,301.903705,-0.009410,0.063344,301.906290,0.009470,-0.063332,299.730238,0.009467,-0.098136,299.732824,0.944038,-0.023014,300.274003,0.944035,-0.057818,300.276589
39,0.281000,-0.943973,0.057826,301.354607,-0.943976,0.023022,301.357192,-0.009402,0.098133,301.898369,-0.009405,0.063329,301.900954,0.009466,-0.063317,299.724900,0.009463,-0.098121,299.727486,0.944037,-0.023010,300.268663,0.944034,-0.057814,300.271248
40,0.283000,-0.943970,0.057823,301.349238,-0.943973,0.023019,301.351822,-0.009397,0.098119,301.892997,-0.009400,0.063314,301.895582,0.009463,-0.063302,299.719526,0.009460,-0.098106,299.722111,0.944036,-0.023006,300.263286,0.944033,-0.057810,300.265871
41,0.285000,-0.943966,0.057820,301.343832,-0.943970,0.023015,301.346417,-0.009392,0.098103,301.887590,-0.009395,0.063299,301.890174,0.009460,-0.063286,299.714116,0.009457,-0.098090,299.716701,0.944035,-0.023002,300.257873,0.944031,-0.057806,300.260458
42,0.287000,-0.943963,0.057816,301.338391,-0.943967,0.023012,301.340975,-0.009387,0.098088,301.882146,-0.009390,0.063284,301.884730,0.009457,-0.063270,299.708670,0.009454,-0.098074,299.711254,0.944034,-0.022998,300.252424,0.944030,-0.057802,300.255008
43,0.289000,-0.943960,0.057812,301.332914,-0.943964,0.023008,301.335498,-0.009381,0.098072,301.876666,-0.009385,0.063268,301.879249,0.009454,-0.063254,299.703188,0.009450,-0.098058,299.705771,0.944033,-0.022994,300.246939,0.944029,-0.057798,300.249523
44,0.291000,-0.943957,0.057809,301.327402,-0.943961,0.023004,301.329984,-0.009376,0.098056,301.871150,-0.009380,0.063252,301.873733,0.009451,-0.063237,299.697670,0.009447,-0.098041,299.700252,0.944031,-0.022990,300.241418,0.944028,-0.057794,300.244001
45,0.293000,-0.943954,0.057805,301.321853,-0.943958,0.023000,301.324435,-0.009370,0.098039,301.865599,-0.009374,0.063235,301.868181,0.009447,-0.063220,299.692115,0.009443,-0.098024,299.694698,0.944030,-0.022985,300.235861,0.944026,-0.057790,300.238444
46,0.295000,-0.943950,0.057801,301.316268,-0.943954,0.022997,301.318850,-0.009365,0.098023,301.860011,-0.009369,0.063218,301.862593,0.009444,-0.063202,299.686525,0.009440,-0.098007,299.689107,0.944029,-0.022981,300.230268,0.944025,-0.057785,300.232850
47,0.297000,-0.943947,0.057797,301.310648,-0.943951,0.022993,301.313229,-0.009359,0.098005,301.854388,-0.009363,0.063201,301.856969,0.009440,-0.063185,299.680899,0.009436,-0.097989,299.683481,0.944028,-0.022976,300.224639,0.944024,-0.057781,300.227221
48,0.299000,-0.943943,0.057793,301.304992,-0.943948,0.022989,301.307573,-0.009353,0.097988,301.848729,-0.009358,0.063184,301.851310,0.009437,-0.063167,299.675238,0.009432,-0.097971,299.677818,0.944027,-0.022972,300.218975,0.944022,-0.057776,300.221555
49,0.301000,-0.943940,0.057789,301.299301,-0.943944,0.022985,301.301880,-0.009347,0.097970,301.843034,-0.009352,0.063166,301.845614,0.009433,-0.063148,299.669540,0.009429,-0.097953,299.672120,0.944026,-0.022967,300.213274,0.944021,-0.057771,300.215854
50,0.303000,-0.943936,0.057785,301.293573,-0.943941,0.022980,301.296153,-0.009341,0.097952,301.837304,-0.009346,0.063148,301.839883,0.009430,-0.063129,299.663807,0.009425,-0.097934,299.666387,0.944024,-0.022962,300.207538,0.944020,-0.057767,300.210117
51,0.305000,-0.943932,0.057781,301.287810,-0.943937,0.022976,301.290389,-0.009335,0.097934,301.831538,-0.009340,0.063129,301.834117,0.009426,-0.063110,299.658038,0.009421,-0.097915,299.660617,0.944023,-0.022957,300.201766,0.944018,-0.057762,300.204344
52,0.307000,-0.943928,0.057777,301.282012,-0.943934,0.022972,301.284590,-0.009329,0.097915,301.825736,-0.009334,0.063111,301.828314,0.009422,-0.063091,299.652234,0.009417,-0.097895,299.654812,0.944022,-0.022952,300.195958,0.944017,-0.057757,300.198536
53,0.309000,-0.943925,0.057772,301.276178,-0.943930,0.022968,301.278756,-0.009322,0.097896,301.819899,-0.009327,0.063092,301.822477,0.009418,-0.063071,299.646394,0.009413,-0.097876,299.648971,0.944021,-0.022947,300.190114,0.944015,-0.057752,300.192692
54,0.311000,-0.943921,0.057768,301.270309,-0.943926,0.022963,301.272886,-0.009316,0.097877,301.814027,-0.009321,0.063072,301.816603,0.009414,-0.063051,299.640518,0.009409,-0.097855,299.643095,0.944019,-0.022942,300.184235,0.944014,-0.057747,300.186812
55,0.313000,-0.943917,0.057763,301.264405,-0.943922,0.022959,301.266981,-0.009309,0.097857,301.808119,-0.009315,0.063052,301.810695,0.009410,-0.063030,299.634607,0.009405,-0.097835,299.637183,0.944018,-0.022937,300.178321,0.944012,-0.057741,300.180897
56,0.315000,-0.943913,0.057759,301.258465,-0.943918,0.022954,301.261040,-0.009302,0.097837,301.802175,-0.009308,0.063032,301.804751,0.009406,-0.063009,299.628660,0.009400,-0.097814,299.631236,0.944017,-0.022931,300.172371,0.944011,-0.057736,300.174946
57,0.317000,-0.943908,0.057754,301.252490,-0.943914,0.022949,301.255064,-0.009295,0.097816,301.796196,-0.009301,0.063011,301.798771,0.009402,-0.062988,299.622678,0.009396,-0.097793,299.625253,0.944015,-0.022926,300.166385,0.944009,-0.057731,300.168960
58,0.319000,-0.943904,0.057750,301.246479,-0.943910,0.022945,301.249053,-0.009288,0.097795,301.790182,-0.009294,0.062990,301.792756,0.009398,-0.062966,299.616661,0.009392,-0.097771,299.619235,0.944014,-0.022920,300.160364,0.944008,-0.057725,300.162938
59,0.321000,-0.943900,0.057745,301.240433,-0.943906,0.022940,301.243007,-0.009281,0.097774,301.784133,-0.009287,0.062969,301.786706,0.009394,-0.062944,299.610608,0.009387,-0.097749,299.613182,0.944012,-0.022914,300.154308,0.944006,-0.057719,300.156881
60,0.323000,-0.943895,0.057740,301.234353,-0.943902,0.022935,301.236926,-0.009273,0.097752,301.778048,-0.009280,0.062947,301.780621,0.009389,-0.062921,299.604520,0.009382,-0.097726,299.607093,0.944011,-0.022909,300.148216,0.944004,-0.057714,300.150789
61,0.325000,-0.943891,0.057735,301.228237,-0.943898,0.022930,301.230809,-0.009266,0.097730,301.771929,-0.009273,0.062925,301.774501,0.009385,-0.062898,299.598397,0.009378,-0.097703,299.600969,0.944010,-0.022903,300.142089,0.944003,-0.057708,300.144661
62,0.327000,-0.943886,0.057730,301.222086,-0.943893,0.022925,301.224657,-0.009258,0.097708,301.765774,-0.009265,0.062903,301.768345,0.009380,-0.062875,299.592239,0.009373,-0.097680,299.594810,0.944008,-0.022897,300.135927,0.944001,-0.057702,300.138498
63,0.329000,-0.943882,0.057725,301.215900,-0.943889,0.022919,301.218471,-0.009251,0.097685,301.759584,-0.009258,0.062880,301.762154,0.009375,-0.062851,299.586045,0.009368,-0.097656,299.588616,0.944007,-0.022891,300.129729,0.943999,-0.057696,300.132300
64,0.331000,-0.943877,0.057719,301.209679,-0.943884,0.022914,301.212249,-0.009243,0.097662,301.753359,-0.009250,0.062856,301.755929,0.009371,-0.062827,299.579817,0.009363,-0.097632,299.582387,0.944005,-0.022884,300.123497,0.943997,-0.057690,300.126066
65,0.333000,-0.943872,0.057714,301.203424,-0.943880,0.022909,301.205993,-0.009235,0.097638,301.747099,-0.009242,0.062833,301.749668,0.009366,-0.062802,299.573553,0.009358,-0.097607,299.576122,0.944003,-0.022878,300.117229,0.943996,-0.057683,300.119798
66,0.335000,-0.943867,0.057709,301.197133,-0.943875,0.022903,301.199701,-0.009227,0.097614,301.740804,-0.009235,0.062808,301.743373,0.009361,-0.062777,299.567255,0.009353,-0.097582,299.569823,0.944002,-0.022872,300.110926,0.943994,-0.057677,300.113494
67,0.337000,-0.943862,0.057703,301.190808,-0.943870,0.022898,301.193375,-0.009218,0.097589,301.734475,-0.009226,0.062784,301.737042,0.009356,-0.062751,299.560921,0.009348,-0.097557,299.563489,0.944000,-0.022865,300.104588,0.943992,-0.057671,300.107156
68,0.339000,-0.943857,0.057697,301.184447,-0.943866,0.022892,301.187014,-0.009210,0.097564,301.728110,-0.009218,0.062759,301.730677,0.009351,-0.062725,299.554553,0.009343,-0.097531,299.557119,0.943998,-0.022858,300.098215,0.943990,-0.057664,300.100782
69,0.341000,-0.943852,0.057692,301.178053,-0.943861,0.022886,301.180618,-0.009201,0.097539,301.721711,-0.009210,0.062733,301.724277,0.009346,-0.062699,299.548150,0.009337,-0.097504,299.550715,0.943997,-0.022852,300.091808,0.943988,-0.057657,300.094374
70,0.343000,-0.943847,0.057686,301.171623,-0.943856,0.022880,301.174188,-0.009193,0.097513,301.715277,-0.009201,0.062707,301.717842,0.009341,-0.062672,299.541712,0.009332,-0.097477,299.544276,0.943995,-0.022845,300.085365,0.943986,-0.057650,300.087930
71,0.345000,-0.943841,0.057680,301.165159,-0.943851,0.022874,301.167723,-0.009184,0.097487,301.708808,-0.009193,0.062681,301.711372,0.009335,-0.062644,299.535239,0.009326,-0.097450,299.537803,0.943993,-0.022838,300.078888,0.943984,-0.057643,300.081452
72,0.347000,-0.943836,0.057674,301.158660,-0.943845,0.022868,301.161224,-0.009175,0.097460,301.702305,-0.009184,0.062654,301.704868,0.009330,-0.062616,299.528731,0.009321,-0.097422,299.531294,0.943991,-0.022831,300.072376,0.943982,-0.057636,300.074939
73,0.349000,-0.943831,0.057668,301.152127,-0.943840,0.022862,301.154689,-0.009165,0.097433,301.695767,-0.009175,0.062627,301.698329,0.009324,-0.062588,299.522189,0.009315,-0.097394,299.524751,0.943990,-0.022823,300.065829,0.943980,-0.057629,300.068391
74,0.351000,-0.943825,0.057662,301.145559,-0.943835,0.022856,301.148121,-0.009156,0.097405,301.689194,-0.009166,0.062599,301.691756,0.009319,-0.062559,299.515612,0.009309,-0.097365,299.518174,0.943988,-0.022816,300.059247,0.943978,-0.057622,300.061808
75,0.353000,-0.943819,0.057655,301.138957,-0.943829,0.022849,301.141518,-0.009147,0.097377,301.682587,-0.009157,0.062571,301.685148,0.009313,-0.062530,299.509001,0.009303,-0.097336,299.511562,0.943986,-0.022808,300.052631,0.943976,-0.057614,300.055191
76,0.355000,-0.943813,0.057649,301.132321,-0.943824,0.022843,301.134881,-0.009137,0.097348,301.675946,-0.009147,0.062542,301.678505,0.009307,-0.062500,299.502355,0.009297,-0.097306,299.504915,0.943984,-0.022801,300.045980,0.943974,-0.057607,300.048540
77,0.357000,-0.943808,0.057642,301.125650,-0.943818,0.022836,301.128209,-0.009127,0.097319,301.669270,-0.009138,0.062513,301.671829,0.009302,-0.062470,299.495675,0.009291,-0.097276,299.498234,0.943982,-0.022793,300.039295,0.943971,-0.057599,300.041853
78,0.359000,-0.943802,0.057636,301.118945,-0.943812,0.022830,301.121503,-0.009117,0.097290,301.662560,-0.009128,0.062484,301.665118,0.009296,-0.062439,299.488960,0.009285,-0.097245,299.491518,0.943980,-0.022785,300.032575,0.943969,-0.057591,300.035132
79,0.361000,-0.943795,0.057629,301.112206,-0.943807,0.022823,301.114763,-0.009107,0.097260,301.655816,-0.009118,0.062454,301.658372,0.009289,-0.062408,299.482211,0.009278,-0.097214,299.484768,0.943978,-0.022777,300.025820,0.943967,-0.057583,300.028377
80,0.363000,-0.943789,0.057622,301.105433,-0.943801,0.022816,301.107989,-0.009097,0.097229,301.649037,-0.009108,0.062423,301.651593,0.009283,-0.062376,299.475428,0.009272,-0.097183,299.477984,0.943976,-0.022769,300.019032,0.943964,-0.057575,300.021587
81,0.365000,-0.943783,0.057615,301.098626,-0.943795,0.022809,301.101180,-0.009086,0.097198,301.642224,-0.009098,0.062392,301.644779,0.009277,-0.062344,299.468610,0.009265,-0.097150,299.471165,0.943974,-0.022761,300.012209,0.943962,-0.057567,300.014763
82,0.367000,-0.943777,0.057608,301.091784,-0.943789,0.022802,301.094338,-0.009076,0.097167,301.635377,-0.009088,0.062360,301.637931,0.009271,-0.062311,299.461759,0.009259,-0.097118,299.464312,0.943972,-0.022752,300.005351,0.943960,-0.057559,300.007905
83,0.369000,-0.943770,0.057601,301.084909,-0.943782,0.022794,301.087462,-0.009065,0.097135,301.628496,-0.009077,0.062328,301.631049,0.009264,-0.062278,299.454873,0.009252,-0.097084,299.457425,0.943970,-0.022744,299.998460,0.943957,-0.057550,300.001012
84,0.371000,-0.943764,0.057594,301.078000,-0.943776,0.022787,301.080551,-0.009054,0.097102,301.621581,-0.009067,0.062296,301.624133,0.009258,-0.062244,299.447953,0.009245,-0.097051,299.450504,0.943967,-0.022735,299.991534,0.943955,-0.057542,299.994086
85,0.373000,-0.943757,0.057586,301.071056,-0.943770,0.022779,301.073607,-0.009043,0.097069,301.614632,-0.009056,0.062263,301.617183,0.009251,-0.062210,299.440998,0.009238,-0.097016,299.443549,0.943965,-0.022726,299.984574,0.943952,-0.057533,299.987125
86,0.375000,-0.943750,0.057579,301.064079,-0.943763,0.022772,301.066629,-0.009031,0.097036,301.607649,-0.009045,0.062229,301.610199,0.009244,-0.062175,299.434010,0.009231,-0.096981,299.436560,0.943963,-0.022717,299.977580,0.943950,-0.057524,299.980130
87,0.377000,-0.943743,0.057571,301.057068,-0.943757,0.022764,301.059617,-0.009020,0.097002,301.600632,-0.009034,0.062195,301.603181,0.009237,-0.062139,299.426988,0.009224,-0.096946,299.429536,0.943961,-0.022708,299.970552,0.943947,-0.057515,299.973100
88,0.379000,-0.943736,0.057563,301.050024,-0.943750,0.022756,301.052571,-0.009008,0.096967,301.593582,-0.009022,0.062161,301.596129,0.009230,-0.062103,299.419932,0.009217,-0.096910,299.422479,0.943958,-0.022699,299.963490,0.943944,-0.057506,299.966037
89,0.381000,-0.943729,0.057555,301.042946,-0.943743,0.022748,301.045492,-0.008996,0.096932,301.586497,-0.009011,0.062125,301.589043,0.009223,-0.062067,299.412842,0.009209,-0.096874,299.415388,0.943956,-0.022690,299.956394,0.943942,-0.057497,299.958940
90,0.383000,-0.943722,0.057547,301.035834,-0.943736,0.022740,301.038379,-0.008984,0.096897,301.579379,-0.008999,0.062090,301.581924,0.009216,-0.062030,299.405719,0.009202,-0.096837,299.408264,0.943954,-0.022680,299.949264,0.943939,-0.057487,299.951809
91,0.385000,-0.943715,0.057539,301.028688,-0.943729,0.022732,301.031232,-0.008972,0.096861,301.572227,-0.008987,0.062053,301.574771,0.009209,-0.061992,299.398562,0.009194,-0.096799,299.401105,0.943951,-0.022670,299.942101,0.943936,-0.057478,299.944644
92,0.387000,-0.943707,0.057531,301.021509,-0.943722,0.022724,301.024052,-0.008960,0.096824,301.565042,-0.008975,0.062017,301.567584,0.009201,-0.061954,299.391371,0.009186,-0.096761,299.393913,0.943949,-0.022661,299.934903,0.943933,-0.057468,299.937446
93,0.389000,-0.943700,0.057522,301.014297,-0.943715,0.022715,301.016838,-0.008947,0.096787,301.557823,-0.008963,0.061979,301.560364,0.009194,-0.061915,299.384146,0.009178,-0.096722,299.386687,0.943946,-0.022651,299.927672,0.943931,-0.057458,299.930213
94,0.391000,-0.943692,0.057514,301.007051,-0.943708,0.022707,301.009591,-0.008935,0.096749,301.550571,-0.008950,0.061941,301.553111,0.009186,-0.061875,299.376888,0.009170,-0.096683,299.379428,0.943944,-0.022641,299.920407,0.943928,-0.057448,299.922947
95,0.393000,-0.943684,0.057505,300.999772,-0.943700,0.022698,301.002311,-0.008922,0.096711,301.543285,-0.008938,0.061903,301.545823,0.009179,-0.061835,299.369596,0.009162,-0.096643,299.372134,0.943941,-0.022630,299.913109,0.943925,-0.057438,299.915647
96,0.395000,-0.943676,0.057497,300.992460,-0.943693,0.022689,300.994997,-0.008909,0.096672,301.535965,-0.008925,0.061864,301.538503,0.009171,-0.061795,299.362271,0.009154,-0.096602,299.364808,0.943938,-0.022620,299.905776,0.943922,-0.057427,299.908314
97,0.397000,-0.943668,0.057488,300.985114,-0.943685,0.022680,300.987650,-0.008895,0.096632,301.528613,-0.008912,0.061824,301.531149,0.009163,-0.061754,299.354912,0.009146,-0.096561,299.357448,0.943936,-0.022609,299.898411,0.943919,-0.057417,299.900947
98,0.399000,-0.943660,0.057479,300.977735,-0.943677,0.022671,300.980270,-0.008882,0.096592,301.521227,-0.008899,0.061784,301.523762,0.009155,-0.061712,299.347520,0.009137,-0.096520,299.350055,0.943933,-0.022599,299.891012,0.943916,-0.057406,299.893546
99,0.401000,-0.943652,0.057470,300.970323,-0.943670,0.022662,300.972856,-0.008868,0.096551,301.513808,-0.008886,0.061744,301.516341,0.009146,-0.061670,299.340094,0.009129,-0.096477,299.342628,0.943930,-0.022588,299.883579,0.943913,-0.057396,299.886113
100,0.403000,-0.943644,0.057460,300.962878,-0.943662,0.022652,300.965410,-0.008854,0.096510,301.506355,-0.008872,0.061702,301.508887,0.009138,-0.061627,299.332636,0.009120,-0.096435,299.335168,0.943928,-0.022577,299.876113,0.943909,-0.057385,299.878645
101,0.405000,-0.943635,0.057451,300.955400,-0.943654,0.022643,300.957930,-0.008840,0.096468,301.498870,-0.008858,0.061660,301.501401,0.009130,-0.061583,299.325144,0.009111,-0.096391,299.327675,0.943925,-0.022565,299.868614,0.943906,-0.057374,299.871145
102,0.407000,-0.943627,0.057441,300.947889,-0.943645,0.022633,300.950418,-0.008826,0.096426,301.491351,-0.008845,0.061618,301.493881,0.009121,-0.061539,299.317619,0.009102,-0.096347,299.320148,0.943922,-0.022554,299.861081,0.943903,-0.057362,299.863611
103,0.409000,-0.943618,0.057432,300.940345,-0.943637,0.022623,300.942872,-0.008811,0.096383,301.483800,-0.008830,0.061575,301.486328,0.009112,-0.061494,299.310061,0.009093,-0.096302,299.312589,0.943919,-0.022543,299.853516,0.943900,-0.057351,299.856044
104,0.411000,-0.943609,0.057422,300.932768,-0.943629,0.022614,300.935294,-0.008797,0.096339,301.476215,-0.008816,0.061531,301.478742,0.009104,-0.061448,299.302469,0.009084,-0.096257,299.304996,0.943916,-0.022531,299.845917,0.943896,-0.057339,299.848443
105,0.413000,-0.943600,0.057412,300.925158,-0.943620,0.022603,300.927683,-0.008782,0.096295,301.468598,-0.008802,0.061487,301.471123,0.009095,-0.061402,299.294845,0.009075,-0.096211,299.297370,0.943913,-0.022519,299.838285,0.943893,-0.057328,299.840810
106,0.415000,-0.943591,0.057402,300.917516,-0.943611,0.022593,300.920039,-0.008767,0.096250,301.460947,-0.008787,0.061442,301.463471,0.009086,-0.061355,299.287188,0.009065,-0.096164,299.289712,0.943910,-0.022507,299.830620,0.943890,-0.057316,299.833143
107,0.417000,-0.943582,0.057392,300.909840,-0.943603,0.022583,300.912363,-0.008751,0.096205,301.453264,-0.008772,0.061396,301.455786,0.009076,-0.061308,299.279498,0.009056,-0.096117,299.282020,0.943907,-0.022495,299.822922,0.943886,-0.057304,299.825444
108,0.419000,-0.943572,0.057381,300.902133,-0.943594,0.022573,300.904653,-0.008736,0.096159,301.445548,-0.008757,0.061350,301.448069,0.009067,-0.061260,299.271775,0.009046,-0.096069,299.274296,0.943904,-0.022483,299.815191,0.943883,-0.057292,299.817711
109,0.421000,-0.943563,0.057371,300.894392,-0.943585,0.022562,300.896911,-0.008720,0.096112,301.437800,-0.008742,0.061303,301.440319,0.009058,-0.061211,299.264019,0.009036,-0.096020,299.266538,0.943901,-0.022470,299.807427,0.943879,-0.057279,299.809946
110,0.423000,-0.943553,0.057360,300.886620,-0.943576,0.022551,300.889137,-0.008704,0.096065,301.430019,-0.008726,0.061255,301.432536,0.009048,-0.061162,299.256231,0.009026,-0.095971,299.258749,0.943898,-0.022457,299.799630,0.943875,-0.057267,299.802148
111,0.425000,-0.943544,0.057349,300.878814,-0.943566,0.022540,300.881330,-0.008688,0.096017,301.422205,-0.008710,0.061207,301.424721,0.009038,-0.061112,299.248410,0.009016,-0.095921,299.250926,0.943894,-0.022445,299.791801,0.943872,-0.057254,299.794316
112,0.427000,-0.943534,0.057339,300.870977,-0.943557,0.022529,300.873491,-0.008671,0.095968,301.414359,-0.008694,0.061159,301.416873,0.009029,-0.061061,299.240556,0.009006,-0.095870,299.243071,0.943891,-0.022432,299.783938,0.943868,-0.057241,299.786453
113,0.429000,-0.943524,0.057327,300.863107,-0.943547,0.022518,300.865619,-0.008655,0.095919,301.406480,-0.008678,0.061109,301.408993,0.009019,-0.061010,299.232670,0.008995,-0.095819,299.235183,0.943888,-0.022418,299.776043,0.943864,-0.057228,299.778556
114,0.431000,-0.943514,0.057316,300.855204,-0.943538,0.022507,300.857715,-0.008638,0.095869,301.398569,-0.008662,0.061059,301.401080,0.009009,-0.060957,299.224751,0.008985,-0.095767,299.227262,0.943884,-0.022405,299.768116,0.943860,-0.057215,299.770627
115,0.433000,-0.943503,0.057305,300.847270,-0.943528,0.022495,300.849779,-0.008621,0.095818,301.390625,-0.008645,0.061008,301.393135,0.008998,-0.060905,299.216800,0.008974,-0.095714,299.219310,0.943881,-0.022392,299.760156,0.943856,-0.057201,299.762665
116,0.435000,-0.943493,0.057293,300.839303,-0.943518,0.022484,300.841811,-0.008604,0.095767,301.382649,-0.008629,0.060957,301.385157,0.008988,-0.060851,299.208816,0.008963,-0.095661,299.211324,0.943878,-0.022378,299.752163,0.943853,-0.057188,299.754671
117,0.437000,-0.943483,0.057282,300.831304,-0.943508,0.022472,300.833810,-0.008586,0.095715,301.374641,-0.008612,0.060905,301.377147,0.008978,-0.060797,299.200801,0.008952,-0.095607,299.203307,0.943874,-0.022364,299.744138,0.943849,-0.057174,299.746644
118,0.439000,-0.943472,0.057270,300.823273,-0.943498,0.022460,300.825777,-0.008568,0.095662,301.366601,-0.008594,0.060852,301.369105,0.008967,-0.060742,299.192752,0.008941,-0.095552,299.195257,0.943870,-0.022350,299.736080,0.943845,-0.057160,299.738585
119,0.441000,-0.943461,0.057258,300.815210,-0.943487,0.022448,300.817713,-0.008550,0.095609,301.358529,-0.008577,0.060798,301.361031,0.008956,-0.060686,299.184672,0.008930,-0.095496,299.187174,0.943867,-0.022335,299.727991,0.943840,-0.057146,299.730493
120,0.443000,-0.943450,0.057246,300.807115,-0.943477,0.022435,300.809616,-0.008532,0.095555,301.350424,-0.008559,0.060744,301.352925,0.008945,-0.060630,299.176559,0.008918,-0.095440,299.179060,0.943863,-0.022321,299.719868,0.943836,-0.057131,299.722369
121,0.445000,-0.943439,0.057233,300.798988,-0.943467,0.022423,300.801487,-0.008514,0.095500,301.342288,-0.008541,0.060689,301.344787,0.008934,-0.060573,299.168415,0.008907,-0.095383,299.170914,0.943860,-0.022306,299.711714,0.943832,-0.057117,299.714213
122,0.447000,-0.943428,0.057221,300.790830,-0.943456,0.022411,300.793327,-0.008495,0.095444,301.334119,-0.008523,0.060634,301.336617,0.008923,-0.060515,299.160238,0.008895,-0.095325,299.162735,0.943856,-0.022292,299.703528,0.943828,-0.057102,299.706025
123,0.449000,-0.943417,0.057208,300.782639,-0.943445,0.022398,300.785135,-0.008476,0.095388,301.325919,-0.008505,0.060578,301.328414,0.008912,-0.060456,299.152029,0.008883,-0.095267,299.154524,0.943852,-0.022276,299.695309,0.943824,-0.057087,299.697804
124,0.451000,-0.943405,0.057196,300.774417,-0.943434,0.022385,300.776911,-0.008457,0.095331,301.317687,-0.008486,0.060521,301.320180,0.008900,-0.060397,299.143788,0.008871,-0.095208,299.146282,0.943848,-0.022261,299.687058,0.943819,-0.057072,299.689552
125,0.453000,-0.943393,0.057183,300.766163,-0.943423,0.022372,300.768655,-0.008438,0.095274,301.309423,-0.008467,0.060463,301.311915,0.008889,-0.060337,299.135516,0.008859,-0.095148,299.138007,0.943844,-0.022246,299.678775,0.943815,-0.057057,299.681267
126,0.455000,-0.943382,0.057170,300.757878,-0.943412,0.022359,300.760368,-0.008418,0.095215,301.301127,-0.008448,0.060404,301.303617,0.008877,-0.060276,299.127211,0.008847,-0.095087,299.129701,0.943840,-0.022230,299.670461,0.943810,-0.057041,299.672950
127,0.457000,-0.943370,0.057156,300.749561,-0.943400,0.022345,300.752049,-0.008398,0.095156,301.292800,-0.008429,0.060345,301.295288,0.008865,-0.060214,299.118875,0.008834,-0.095026,299.121363,0.943836,-0.022214,299.662114,0.943806,-0.057026,299.664602
128,0.459000,-0.943358,0.057143,300.741213,-0.943389,0.022332,300.743698,-0.008378,0.095097,301.284441,-0.008409,0.060285,301.286927,0.008853,-0.060152,299.110507,0.008822,-0.094963,299.112993,0.943832,-0.022198,299.653735,0.943801,-0.057010,299.656221
129,0.461000,-0.943345,0.057130,300.732833,-0.943377,0.022318,300.735317,-0.008358,0.095036,301.276051,-0.008389,0.060225,301.278534,0.008841,-0.060089,299.102107,0.008809,-0.094900,299.104591,0.943828,-0.022182,299.645325,0.943797,-0.056994,299.647809
130,0.463000,-0.943333,0.057116,300.724422,-0.943365,0.022304,300.726904,-0.008337,0.094975,301.267629,-0.008369,0.060163,301.270110,0.008828,-0.060025,299.093676,0.008796,-0.094836,299.096158,0.943824,-0.022166,299.636883,0.943792,-0.056977,299.639365
131,0.465000,-0.943320,0.057102,300.715979,-0.943353,0.022290,300.718459,-0.008316,0.094913,301.259175,-0.008349,0.060101,301.261655,0.008816,-0.059960,299.085214,0.008783,-0.094772,299.087693,0.943820,-0.022149,299.628409,0.943787,-0.056961,299.630889
132,0.467000,-0.943308,0.057088,300.707506,-0.943341,0.022276,300.709983,-0.008295,0.094850,301.250690,-0.008329,0.060038,301.253168,0.008803,-0.059895,299.076719,0.008770,-0.094707,299.079197,0.943816,-0.022132,299.619904,0.943782,-0.056944,299.622382
133,0.469000,-0.943295,0.057074,300.699001,-0.943329,0.022262,300.701476,-0.008274,0.094787,301.242174,-0.008308,0.059974,301.244650,0.008791,-0.059828,299.068194,0.008757,-0.094640,299.070669,0.943812,-0.022115,299.611367,0.943778,-0.056927,299.613843
134,0.471000,-0.943282,0.057059,300.690465,-0.943316,0.022247,300.692938,-0.008252,0.094722,301.233627,-0.008287,0.059910,301.236100,0.008778,-0.059761,299.059637,0.008743,-0.094573,299.062110,0.943807,-0.022098,299.602799,0.943773,-0.056910,299.605272
135,0.473000,-0.943269,0.057045,300.681898,-0.943304,0.022232,300.684369,-0.008230,0.094657,301.225048,-0.008266,0.059845,301.227519,0.008764,-0.059693,299.051048,0.008729,-0.094506,299.053520,0.943803,-0.022081,299.594199,0.943768,-0.056893,299.596670
136,0.475000,-0.943255,0.057030,300.673299,-0.943291,0.022217,300.675769,-0.008208,0.094591,301.216438,-0.008244,0.059779,301.218908,0.008751,-0.059624,299.042429,0.008715,-0.094437,299.044898,0.943798,-0.022063,299.585568,0.943763,-0.056876,299.588037
137,0.477000,-0.943242,0.057015,300.664670,-0.943278,0.022202,300.667137,-0.008186,0.094525,301.207798,-0.008222,0.059712,301.210265,0.008738,-0.059555,299.033778,0.008701,-0.094368,299.036245,0.943794,-0.022045,299.576905,0.943757,-0.056858,299.579372
138,0.479000,-0.943228,0.057000,300.656010,-0.943265,0.022187,300.658475,-0.008163,0.094457,301.199126,-0.008200,0.059644,301.201590,0.008724,-0.059484,299.025096,0.008687,-0.094297,299.027561,0.943789,-0.022027,299.568211,0.943752,-0.056840,299.570676
139,0.481000,-0.943215,0.056985,300.647320,-0.943252,0.022172,300.649782,-0.008140,0.094389,301.190423,-0.008178,0.059576,301.192885,0.008710,-0.059413,299.016383,0.008673,-0.094226,299.018846,0.943785,-0.022009,299.559486,0.943747,-0.056822,299.561949
140,0.483000,-0.943201,0.056969,300.638598,-0.943239,0.022156,300.641058,-0.008117,0.094320,301.181689,-0.008155,0.059507,301.184149,0.008697,-0.059341,299.007639,0.008658,-0.094154,299.010099,0.943780,-0.021990,299.550730,0.943742,-0.056803,299.553190
141,0.485000,-0.943186,0.056953,300.629846,-0.943225,0.022140,300.632304,-0.008094,0.094250,301.172924,-0.008133,0.059437,301.175382,0.008683,-0.059268,298.998864,0.008644,-0.094081,299.001322,0.943775,-0.021972,299.541942,0.943736,-0.056785,299.544400
142,0.487000,-0.943172,0.056938,300.621063,-0.943212,0.022124,300.623519,-0.008070,0.094179,301.164129,-0.008109,0.059366,301.166585,0.008668,-0.059194,298.990058,0.008629,-0.094008,298.992514,0.943771,-0.021953,299.533124,0.943731,-0.056766,299.535580
143,0.489000,-0.943158,0.056922,300.612250,-0.943198,0.022108,300.614703,-0.008046,0.094108,301.155303,-0.008086,0.059294,301.157756,0.008654,-0.059120,298.981221,0.008614,-0.093933,298.983675,0.943766,-0.021934,299.524275,0.943725,-0.056747,299.526728
144,0.491000,-0.943143,0.056905,300.603406,-0.943184,0.022092,300.605857,-0.008022,0.094036,301.146446,-0.008063,0.059222,301.148897,0.008639,-0.059044,298.972354,0.008598,-0.093858,298.974805,0.943761,-0.021914,299.515394,0.943720,-0.056728,299.517845
145,0.493000,-0.943128,0.056889,300.594531,-0.943170,0.022075,300.596980,-0.007997,0.093962,301.137559,-0.008039,0.059148,301.140007,0.008625,-0.058968,298.963456,0.008583,-0.093782,298.965904,0.943756,-0.021895,299.506483,0.943714,-0.056709,299.508932
146,0.495000,-0.943113,0.056873,300.585626,-0.943156,0.022058,300.588072,-0.007972,0.093888,301.128641,-0.008014,0.059074,301.131087,0.008610,-0.058891,298.954527,0.008567,-0.093705,298.956973,0.943751,-0.021875,299.497541,0.943709,-0.056689,299.499987
147,0.497000,-0.943098,0.056856,300.576691,-0.943141,0.022042,300.579135,-0.007947,0.093814,301.119692,-0.007990,0.058999,301.122136,0.008595,-0.058812,298.945567,0.008552,-0.093627,298.948011,0.943746,-0.021855,299.488568,0.943703,-0.056669,299.491012
148,0.499000,-0.943083,0.056839,300.567726,-0.943127,0.022024,300.570167,-0.007922,0.093738,301.110713,-0.007965,0.058923,301.113154,0.008579,-0.058733,298.936577,0.008536,-0.093548,298.939018,0.943741,-0.021834,299.479565,0.943697,-0.056649,299.482006
149,0.501000,-0.943068,0.056822,300.558730,-0.943112,0.022007,300.561169,-0.007896,0.093661,301.101704,-0.007940,0.058847,301.104143,0.008564,-0.058653,298.927556,0.008520,-0.093468,298.929995,0.943736,-0.021814,299.470531,0.943691,-0.056628,299.472969
150,0.503000,-0.943052,0.056805,300.549704,-0.943097,0.021990,300.552140,-0.007870,0.093584,301.092664,-0.007915,0.058769,301.095101,0.008549,-0.058573,298.918505,0.008503,-0.093387,298.920942,0.943730,-0.021793,299.461466,0.943685,-0.056608,299.463902
151,0.505000,-0.943036,0.056787,300.540648,-0.943082,0.021972,300.543082,-0.007844,0.093506,301.083595,-0.007890,0.058691,301.086028,0.008533,-0.058491,298.909424,0.008487,-0.093306,298.911858,0.943725,-0.021772,299.452371,0.943679,-0.056587,299.454804
152,0.507000,-0.943020,0.056769,300.531562,-0.943067,0.021954,300.533993,-0.007817,0.093427,301.074494,-0.007864,0.058612,301.076925,0.008517,-0.058408,298.900312,0.008470,-0.093223,298.902743,0.943720,-0.021751,299.443245,0.943673,-0.056566,299.445676
153,0.509000,-0.943004,0.056751,300.522446,-0.943051,0.021936,300.524874,-0.007790,0.093347,301.065364,-0.007838,0.058531,301.067793,0.008501,-0.058325,298.891171,0.008453,-0.093140,298.893599,0.943714,-0.021729,299.434089,0.943667,-0.056545,299.436517
154,0.511000,-0.942988,0.056733,300.513300,-0.943036,0.021918,300.515726,-0.007763,0.093266,301.056204,-0.007811,0.058450,301.058630,0.008485,-0.058240,298.881998,0.008436,-0.093056,298.884424,0.943709,-0.021708,299.424902,0.943661,-0.056523,299.427328
155,0.513000,-0.942971,0.056715,300.504124,-0.943020,0.021899,300.506548,-0.007736,0.093184,301.047014,-0.007785,0.058368,301.049437,0.008468,-0.058155,298.872796,0.008419,-0.092971,298.875219,0.943704,-0.021686,299.415685,0.943655,-0.056502,299.418108
156,0.515000,-0.942955,0.056697,300.494919,-0.943004,0.021881,300.497339,-0.007708,0.093101,301.037793,-0.007758,0.058286,301.040214,0.008451,-0.058068,298.863564,0.008402,-0.092884,298.865984,0.943698,-0.021664,299.406438,0.943648,-0.056480,299.408859
157,0.517000,-0.942938,0.056678,300.485684,-0.942988,0.021862,300.488101,-0.007680,0.093018,301.028543,-0.007731,0.058202,301.030961,0.008435,-0.057981,298.854301,0.008384,-0.092797,298.856719,0.943692,-0.021641,299.397161,0.943642,-0.056457,299.399579
158,0.519000,-0.942921,0.056659,300.476419,-0.942972,0.021843,300.478834,-0.007652,0.092933,301.019263,-0.007703,0.058117,301.021678,0.008418,-0.057893,298.845009,0.008366,-0.092709,298.847424,0.943687,-0.021618,299.387854,0.943635,-0.056435,299.390269
159,0.521000,-0.942903,0.056640,300.467124,-0.942955,0.021824,300.469536,-0.007623,0.092848,301.009954,-0.007675,0.058032,301.012366,0.008401,-0.057804,298.835687,0.008349,-0.092620,298.838099,0.943681,-0.021596,299.378516,0.943629,-0.056412,299.380928
160,0.523000,-0.942886,0.056621,300.457800,-0.942939,0.021804,300.460209,-0.007594,0.092762,301.000614,-0.007647,0.057945,301.003023,0.008383,-0.057713,298.826335,0.008330,-0.092530,298.828744,0.943675,-0.021572,299.369149,0.943622,-0.056389,299.371558
161,0.525000,-0.942868,0.056601,300.448447,-0.942922,0.021784,300.450853,-0.007565,0.092675,300.991245,-0.007619,0.057858,300.993651,0.008366,-0.057622,298.816953,0.008312,-0.092439,298.819360,0.943669,-0.021549,299.359752,0.943615,-0.056366,299.362158
162,0.527000,-0.942851,0.056582,300.439064,-0.942905,0.021765,300.441467,-0.007535,0.092586,300.981846,-0.007590,0.057769,300.984250,0.008348,-0.057530,298.807542,0.008293,-0.092347,298.809945,0.943663,-0.021525,299.350324,0.943609,-0.056342,299.352728
163,0.529000,-0.942833,0.056562,300.429651,-0.942888,0.021744,300.432052,-0.007506,0.092497,300.972418,-0.007561,0.057680,300.974819,0.008330,-0.057437,298.798101,0.008275,-0.092254,298.800501,0.943657,-0.021501,299.340867,0.943602,-0.056319,299.343268
164,0.531000,-0.942815,0.056542,300.420210,-0.942871,0.021724,300.422607,-0.007475,0.092407,300.962960,-0.007532,0.057590,300.965358,0.008312,-0.057343,298.788630,0.008256,-0.092161,298.791027,0.943651,-0.021477,299.331381,0.943595,-0.056295,299.333778
165,0.533000,-0.942796,0.056521,300.410739,-0.942853,0.021704,300.413133,-0.007445,0.092316,300.953473,-0.007502,0.057499,300.955868,0.008294,-0.057248,298.779130,0.008237,-0.092066,298.781524,0.943645,-0.021453,299.321864,0.943588,-0.056271,299.324259
166,0.535000,-0.942778,0.056501,300.401239,-0.942835,0.021683,300.403630,-0.007414,0.092225,300.943957,-0.007472,0.057407,300.946348,0.008275,-0.057152,298.769600,0.008217,-0.091970,298.771991,0.943639,-0.021428,299.312318,0.943581,-0.056246,299.314710
167,0.537000,-0.942759,0.056480,300.391710,-0.942818,0.021662,300.394098,-0.007383,0.092132,300.934411,-0.007442,0.057314,300.936800,0.008257,-0.057055,298.760041,0.008198,-0.091873,298.762429,0.943632,-0.021403,299.302742,0.943574,-0.056221,299.305131
168,0.539000,-0.942740,0.056459,300.382151,-0.942800,0.021641,300.384537,-0.007352,0.092038,300.924836,-0.007411,0.057220,300.927222,0.008238,-0.056957,298.750452,0.008178,-0.091775,298.752838,0.943626,-0.021378,299.293137,0.943567,-0.056196,299.295522
169,0.541000,-0.942721,0.056438,300.372564,-0.942781,0.021619,300.374947,-0.007320,0.091943,300.915232,-0.007380,0.057125,300.917614,0.008219,-0.056858,298.740834,0.008158,-0.091676,298.743217,0.943620,-0.021353,299.283502,0.943559,-0.056171,299.285885
170,0.543000,-0.942702,0.056417,300.362948,-0.942763,0.021598,300.365327,-0.007288,0.091847,300.905599,-0.007349,0.057029,300.907978,0.008199,-0.056757,298.731187,0.008138,-0.091576,298.733567,0.943613,-0.021327,299.273838,0.943552,-0.056146,299.276217
171,0.545000,-0.942682,0.056395,300.353303,-0.942744,0.021576,300.355679,-0.007255,0.091751,300.895937,-0.007318,0.056932,300.898313,0.008180,-0.056656,298.721511,0.008118,-0.091475,298.723887,0.943607,-0.021301,299.264145,0.943544,-0.056120,299.266521
172,0.547000,-0.942662,0.056373,300.343629,-0.942726,0.021554,300.346002,-0.007223,0.091653,300.886245,-0.007286,0.056834,300.888618,0.008160,-0.056554,298.711806,0.008097,-0.091373,298.714179,0.943600,-0.021274,299.254422,0.943537,-0.056094,299.256795
173,0.549000,-0.942642,0.056351,300.333927,-0.942707,0.021532,300.336296,-0.007190,0.091554,300.876525,-0.007254,0.056735,300.878895,0.008141,-0.056451,298.702072,0.008077,-0.091270,298.704441,0.943593,-0.021248,299.244670,0.943529,-0.056067,299.247040
174,0.551000,-0.942622,0.056329,300.324196,-0.942687,0.021509,300.326562,-0.007156,0.091454,300.866776,-0.007221,0.056635,300.869142,0.008121,-0.056346,298.692308,0.008056,-0.091166,298.694675,0.943587,-0.021221,299.234889,0.943522,-0.056041,299.237255
175,0.553000,-0.942602,0.056307,300.314436,-0.942668,0.021487,300.316799,-0.007123,0.091354,300.856998,-0.007189,0.056534,300.859361,0.008100,-0.056241,298.682516,0.008034,-0.091061,298.684879,0.943580,-0.021194,299.225079,0.943514,-0.056014,299.227442
176,0.555000,-0.942582,0.056284,300.304648,-0.942649,0.021464,300.307007,-0.007089,0.091252,300.847192,-0.007156,0.056432,300.849551,0.008080,-0.056135,298.672695,0.008013,-0.090955,298.675055,0.943573,-0.021167,299.215239,0.943506,-0.055987,299.217599
177,0.557000,-0.942561,0.056261,300.294831,-0.942629,0.021441,300.297187,-0.007054,0.091149,300.837357,-0.007122,0.056329,300.839713,0.008059,-0.056027,298.662845,0.007991,-0.090848,298.665202,0.943566,-0.021139,299.205371,0.943498,-0.055959,299.207727
178,0.559000,-0.942540,0.056238,300.284986,-0.942609,0.021417,300.287338,-0.007020,0.091045,300.827493,-0.007088,0.056225,300.829846,0.008039,-0.055919,298.652967,0.007970,-0.090739,298.655320,0.943559,-0.021111,299.195474,0.943490,-0.055932,299.197827
179,0.561000,-0.942519,0.056215,300.275112,-0.942589,0.021394,300.277461,-0.006984,0.090941,300.817600,-0.007054,0.056120,300.819950,0.008018,-0.055809,298.643060,0.007948,-0.090630,298.645409,0.943552,-0.021083,299.185548,0.943482,-0.055904,299.187897
180,0.563000,-0.942498,0.056191,300.265210,-0.942568,0.021370,300.267556,-0.006949,0.090835,300.807679,-0.007020,0.056014,300.810025,0.007996,-0.055698,298.633124,0.007925,-0.090519,298.635470,0.943545,-0.021055,299.175593,0.943474,-0.055875,299.177939
181,0.565000,-0.942476,0.056167,300.255280,-0.942548,0.021346,300.257622,-0.006913,0.090728,300.797730,-0.006985,0.055907,300.800073,0.007975,-0.055587,298.623159,0.007903,-0.090408,298.625502,0.943538,-0.021026,299.165609,0.943466,-0.055847,299.167952
182,0.567000,-0.942454,0.056143,300.245322,-0.942527,0.021322,300.247661,-0.006877,0.090620,300.787752,-0.006950,0.055799,300.790091,0.007953,-0.055474,298.613166,0.007880,-0.090295,298.615505,0.943530,-0.020997,299.155597,0.943457,-0.055818,299.157936
183,0.569000,-0.942432,0.056119,300.235335,-0.942506,0.021297,300.237671,-0.006841,0.090511,300.777746,-0.006915,0.055689,300.780082,0.007931,-0.055360,298.603145,0.007857,-0.090181,298.605480,0.943523,-0.020967,299.145556,0.943449,-0.055789,299.147891
184,0.571000,-0.942410,0.056094,300.225321,-0.942485,0.021272,300.227653,-0.006804,0.090401,300.767712,-0.006879,0.055579,300.770044,0.007909,-0.055244,298.593095,0.007834,-0.090066,298.595427,0.943515,-0.020938,299.135487,0.943440,-0.055760,299.137818
185,0.573000,-0.942388,0.056070,300.215279,-0.942464,0.021247,300.217607,-0.006767,0.090290,300.757650,-0.006843,0.055468,300.759978,0.007887,-0.055128,298.583017,0.007811,-0.089950,298.585345,0.943508,-0.020908,299.125389,0.943432,-0.055730,299.127717
186,0.575000,-0.942365,0.056045,300.205208,-0.942442,0.021222,300.207533,-0.006730,0.090178,300.747559,-0.006807,0.055355,300.749884,0.007865,-0.055011,298.572911,0.007788,-0.089833,298.575235,0.943500,-0.020878,299.115262,0.943423,-0.055700,299.117587
187,0.577000,-0.942342,0.056019,300.195110,-0.942420,0.021197,300.197431,-0.006692,0.090065,300.737441,-0.006770,0.055242,300.739761,0.007842,-0.054892,298.562777,0.007764,-0.089715,298.565097,0.943493,-0.020847,299.105107,0.943415,-0.055670,299.107428
188,0.579000,-0.942319,0.055994,300.184984,-0.942399,0.021171,300.187301,-0.006654,0.089950,300.727294,-0.006733,0.055127,300.729611,0.007819,-0.054773,298.552614,0.007740,-0.089596,298.554931,0.943485,-0.020816,299.094924,0.943406,-0.055639,299.097241
189,0.581000,-0.942296,0.055968,300.174830,-0.942376,0.021145,300.177144,-0.006615,0.089835,300.717120,-0.006695,0.055012,300.719433,0.007796,-0.054652,298.542424,0.007716,-0.089475,298.544737,0.943477,-0.020785,299.084713,0.943397,-0.055608,299.087026
190,0.583000,-0.942273,0.055942,300.164649,-0.942354,0.021119,300.166958,-0.006576,0.089718,300.706917,-0.006657,0.054895,300.709227,0.007772,-0.054530,298.532205,0.007691,-0.089353,298.534514,0.943469,-0.020754,299.074473,0.943388,-0.055577,299.076783
191,0.585000,-0.942249,0.055916,300.154440,-0.942332,0.021093,300.156746,-0.006537,0.089601,300.696687,-0.006619,0.054777,300.698993,0.007749,-0.054407,298.521958,0.007667,-0.089230,298.524264,0.943461,-0.020722,299.064206,0.943379,-0.055546,299.066511
192,0.587000,-0.942225,0.055890,300.144204,-0.942309,0.021066,300.146505,-0.006497,0.089482,300.686429,-0.006581,0.054658,300.688731,0.007725,-0.054283,298.511684,0.007642,-0.089106,298.513986,0.943453,-0.020690,299.053910,0.943370,-0.055514,299.056211
193,0.589000,-0.942201,0.055863,300.133940,-0.942286,0.021039,300.136237,-0.006457,0.089362,300.676144,-0.006542,0.054538,300.678441,0.007701,-0.054157,298.501382,0.007617,-0.088981,298.503679,0.943445,-0.020658,299.043586,0.943360,-0.055482,299.045884
194,0.591000,-0.942177,0.055836,300.123648,-0.942263,0.021012,300.125942,-0.006417,0.089242,300.665831,-0.006503,0.054417,300.668124,0.007677,-0.054031,298.491052,0.007591,-0.088855,298.493346,0.943437,-0.020625,299.033234,0.943351,-0.055450,299.035528
195,0.593000,-0.942152,0.055809,300.113330,-0.942239,0.020985,300.115619,-0.006376,0.089120,300.655490,-0.006463,0.054295,300.657780,0.007652,-0.053903,298.480694,0.007566,-0.088727,298.482984,0.943428,-0.020593,299.022855,0.943342,-0.055417,299.025144
196,0.595000,-0.942127,0.055782,300.102984,-0.942216,0.020957,300.105269,-0.006335,0.088996,300.645122,-0.006423,0.054171,300.647407,0.007628,-0.053774,298.470309,0.007540,-0.088599,298.472595,0.943420,-0.020559,299.012447,0.943332,-0.055384,299.014733
197,0.597000,-0.942102,0.055754,300.092610,-0.942192,0.020929,300.094892,-0.006294,0.088872,300.634726,-0.006383,0.054047,300.637007,0.007603,-0.053644,298.459896,0.007514,-0.088469,298.462178,0.943412,-0.020526,299.002012,0.943322,-0.055351,299.004293
198,0.599000,-0.942077,0.055726,300.082210,-0.942168,0.020901,300.084488,-0.006252,0.088747,300.624303,-0.006342,0.053921,300.626580,0.007578,-0.053512,298.449456,0.007487,-0.088338,298.451733,0.943403,-0.020492,298.991549,0.943313,-0.055317,298.993826
199,0.601000,-0.942052,0.055698,300.071783,-0.942143,0.020873,300.074056,-0.006210,0.088620,300.613853,-0.006301,0.053794,300.616126,0.007553,-0.053380,298.438988,0.007461,-0.088205,298.441261,0.943395,-0.020458,298.981058,0.943303,-0.055284,298.983331
200,0.603000,-0.942026,0.055670,300.061328,-0.942119,0.020844,300.063597,-0.006167,0.088492,300.603375,-0.006260,0.053666,300.605644,0.007527,-0.053246,298.428493,0.007434,-0.088072,298.430762,0.943386,-0.020423,298.970540,0.943293,-0.055249,298.972809
201,0.605000,-0.942000,0.055641,300.050847,-0.942094,0.020815,300.053112,-0.006124,0.088364,300.592870,-0.006218,0.053537,300.595135,0.007501,-0.053111,298.417971,0.007407,-0.087937,298.420236,0.943377,-0.020389,298.959994,0.943283,-0.055215,298.962259
202,0.607000,-0.941974,0.055612,300.040338,-0.942069,0.020786,300.042599,-0.006081,0.088233,300.582338,-0.006176,0.053407,300.584599,0.007475,-0.052975,298.407421,0.007380,-0.087801,298.409682,0.943368,-0.020354,298.949421,0.943273,-0.055180,298.951681
203,0.609000,-0.941948,0.055583,300.029803,-0.942044,0.020756,300.032059,-0.006037,0.088102,300.571779,-0.006134,0.053275,300.574035,0.007449,-0.052837,298.396844,0.007352,-0.087664,298.399100,0.943359,-0.020318,298.938820,0.943263,-0.055145,298.941076
204,0.611000,-0.941921,0.055554,300.019241,-0.942019,0.020727,300.021493,-0.005993,0.087970,300.561193,-0.006091,0.053143,300.563445,0.007422,-0.052698,298.386240,0.007325,-0.087526,298.388492,0.943350,-0.020282,298.928192,0.943253,-0.055110,298.930444
205,0.613000,-0.941894,0.055524,300.008653,-0.941993,0.020697,300.010900,-0.005949,0.087836,300.550580,-0.006048,0.053009,300.552828,0.007396,-0.052558,298.375609,0.007297,-0.087386,298.377857,0.943341,-0.020246,298.917537,0.943242,-0.055074,298.919784
206,0.615000,-0.941867,0.055494,299.998037,-0.941967,0.020667,300.000280,-0.005904,0.087702,300.539941,-0.006004,0.052874,300.542184,0.007369,-0.052417,298.364951,0.007268,-0.087245,298.367194,0.943332,-0.020210,298.906854,0.943232,-0.055038,298.909098
207,0.617000,-0.941840,0.055464,299.987396,-0.941941,0.020636,299.989634,-0.005858,0.087566,300.529274,-0.005960,0.052738,300.531513,0.007342,-0.052275,298.354266,0.007240,-0.087103,298.356505,0.943323,-0.020173,298.896145,0.943221,-0.055001,298.898383
208,0.619000,-0.941812,0.055434,299.976727,-0.941915,0.020605,299.978961,-0.005813,0.087429,300.518581,-0.005916,0.052600,300.520815,0.007314,-0.052131,298.343555,0.007211,-0.086959,298.345789,0.943314,-0.020136,298.885408,0.943211,-0.054964,298.887642
209,0.621000,-0.941785,0.055403,299.966032,-0.941889,0.020574,299.968262,-0.005767,0.087290,300.507861,-0.005871,0.052462,300.510090,0.007286,-0.051986,298.332816,0.007182,-0.086815,298.335045,0.943304,-0.020099,298.874644,0.943200,-0.054927,298.876874
210,0.623000,-0.941756,0.055372,299.955311,-0.941862,0.020543,299.957536,-0.005720,0.087151,300.497114,-0.005826,0.052322,300.499339,0.007259,-0.051840,298.322051,0.007153,-0.086669,298.324276,0.943295,-0.020061,298.863853,0.943189,-0.054890,298.866078
211,0.625000,-0.941728,0.055341,299.944564,-0.941835,0.020512,299.946784,-0.005673,0.087010,300.486341,-0.005780,0.052181,300.488561,0.007230,-0.051692,298.311258,0.007124,-0.086521,298.313479,0.943285,-0.020023,298.853036,0.943178,-0.054852,298.855256
212,0.627000,-0.941700,0.055309,299.933790,-0.941808,0.020480,299.936005,-0.005626,0.086868,300.475541,-0.005734,0.052039,300.477757,0.007202,-0.051543,298.300440,0.007094,-0.086373,298.302655,0.943275,-0.019985,298.842191,0.943167,-0.054814,298.844407
213,0.629000,-0.941671,0.055278,299.922990,-0.941780,0.020448,299.925201,-0.005579,0.086725,300.464715,-0.005688,0.051895,300.466926,0.007173,-0.051393,298.289595,0.007064,-0.086223,298.291806,0.943266,-0.019946,298.831320,0.943156,-0.054776,298.833531
214,0.631000,-0.941642,0.055246,299.912164,-0.941753,0.020416,299.914370,-0.005531,0.086580,300.453862,-0.005641,0.051750,300.456069,0.007145,-0.051242,298.278723,0.007034,-0.086072,298.280929,0.943256,-0.019907,298.820422,0.943145,-0.054737,298.822628
215,0.633000,-0.941613,0.055213,299.901311,-0.941725,0.020383,299.903513,-0.005482,0.086435,300.442984,-0.005594,0.051604,300.445185,0.007115,-0.051089,298.267825,0.007003,-0.085919,298.270026,0.943246,-0.019868,298.809497,0.943134,-0.054698,298.811698
216,0.635000,-0.941583,0.055181,299.890433,-0.941697,0.020350,299.892630,-0.005433,0.086288,300.432079,-0.005547,0.051457,300.434275,0.007086,-0.050935,298.256900,0.006973,-0.085766,298.259097,0.943236,-0.019828,298.798546,0.943122,-0.054659,298.800742
217,0.637000,-0.941553,0.055148,299.879529,-0.941668,0.020317,299.881721,-0.005384,0.086140,300.421147,-0.005499,0.051309,300.423339,0.007057,-0.050780,298.245949,0.006942,-0.085610,298.248141,0.943226,-0.019788,298.787568,0.943111,-0.054619,298.789759
218,0.639000,-0.941523,0.055115,299.868599,-0.941640,0.020284,299.870786,-0.005334,0.085990,300.410190,-0.005451,0.051159,300.412377,0.007027,-0.050623,298.234972,0.006910,-0.085454,298.237159,0.943216,-0.019747,298.776563,0.943099,-0.054579,298.778750
219,0.641000,-0.941493,0.055081,299.857643,-0.941611,0.020250,299.859825,-0.005284,0.085839,300.399206,-0.005402,0.051008,300.401388,0.006997,-0.050465,298.223969,0.006879,-0.085296,298.226151,0.943205,-0.019707,298.765532,0.943088,-0.054538,298.767714
220,0.643000,-0.941463,0.055048,299.846661,-0.941582,0.020216,299.848838,-0.005234,0.085688,300.388197,-0.005353,0.050856,300.390374,0.006966,-0.050305,298.212940,0.006847,-0.085137,298.215116,0.943195,-0.019666,298.754475,0.943076,-0.054497,298.756652
221,0.645000,-0.941432,0.055014,299.835654,-0.941553,0.020182,299.837826,-0.005183,0.085534,300.377162,-0.005304,0.050702,300.379334,0.006936,-0.050145,298.201884,0.006815,-0.084977,298.204056,0.943185,-0.019624,298.743392,0.943064,-0.054456,298.745564
222,0.647000,-0.941401,0.054980,299.824621,-0.941523,0.020147,299.826788,-0.005132,0.085380,300.366100,-0.005254,0.050547,300.368267,0.006905,-0.049982,298.190803,0.006783,-0.084815,298.192969,0.943174,-0.019582,298.732282,0.943052,-0.054415,298.734449
223,0.649000,-0.941370,0.054945,299.813563,-0.941493,0.020112,299.815724,-0.005080,0.085224,300.355013,-0.005204,0.050391,300.357175,0.006874,-0.049819,298.179695,0.006750,-0.084652,298.181857,0.943163,-0.019540,298.721146,0.943040,-0.054373,298.723308
224,0.651000,-0.941338,0.054910,299.802479,-0.941463,0.020077,299.804635,-0.005028,0.085067,300.343900,-0.005153,0.050234,300.346057,0.006842,-0.049654,298.168562,0.006717,-0.084487,298.170719,0.943153,-0.019498,298.709984,0.943028,-0.054331,298.712140
225,0.653000,-0.941306,0.054875,299.791369,-0.941433,0.020042,299.793521,-0.004975,0.084909,300.332762,-0.005102,0.050075,300.334913,0.006811,-0.049488,298.157403,0.006684,-0.084321,298.159554,0.943142,-0.019455,298.698796,0.943015,-0.054288,298.700947
226,0.655000,-0.941274,0.054840,299.780235,-0.941403,0.020006,299.782381,-0.004922,0.084749,300.321598,-0.005050,0.049915,300.323744,0.006779,-0.049320,298.146218,0.006651,-0.084154,298.148364,0.943131,-0.019411,298.687581,0.943003,-0.054245,298.689728
227,0.657000,-0.941242,0.054804,299.769075,-0.941372,0.019970,299.771215,-0.004869,0.084588,300.310408,-0.004999,0.049754,300.312549,0.006747,-0.049151,298.135008,0.006617,-0.083985,298.137149,0.943120,-0.019368,298.676341,0.942990,-0.054202,298.678482
228,0.659000,-0.941210,0.054768,299.757889,-0.941341,0.019934,299.760025,-0.004815,0.084426,300.299193,-0.004946,0.049591,300.301328,0.006714,-0.048981,298.123772,0.006583,-0.083815,298.125907,0.943109,-0.019324,298.665075,0.942978,-0.054158,298.667211
229,0.661000,-0.941177,0.054732,299.746679,-0.941310,0.019897,299.748809,-0.004761,0.084262,300.287952,-0.004894,0.049427,300.290082,0.006682,-0.048809,298.112510,0.006549,-0.083644,298.114640,0.943098,-0.019279,298.653784,0.942965,-0.054114,298.655914
230,0.663000,-0.941144,0.054696,299.735443,-0.941278,0.019861,299.737568,-0.004706,0.084097,300.276686,-0.004840,0.049262,300.278811,0.006649,-0.048636,298.101223,0.006515,-0.083471,298.103348,0.943087,-0.019235,298.642466,0.942952,-0.054070,298.644591
231,0.665000,-0.941110,0.054659,299.724182,-0.941246,0.019824,299.726302,-0.004651,0.083931,300.265395,-0.004787,0.049095,300.267514,0.006616,-0.048461,298.089910,0.006480,-0.083297,298.092030,0.943075,-0.019190,298.631123,0.942939,-0.054025,298.633242
232,0.667000,-0.941077,0.054622,299.712897,-0.941214,0.019786,299.715011,-0.004595,0.083763,300.254078,-0.004733,0.048927,300.256192,0.006582,-0.048285,298.078572,0.006445,-0.083121,298.080686,0.943064,-0.019144,298.619754,0.942926,-0.053980,298.621868
233,0.669000,-0.941043,0.054584,299.701586,-0.941182,0.019748,299.703694,-0.004539,0.083594,300.242737,-0.004679,0.048758,300.244845,0.006549,-0.048108,298.067209,0.006410,-0.082944,298.069317,0.943052,-0.019098,298.608360,0.942913,-0.053934,298.610468
234,0.671000,-0.941009,0.054547,299.690251,-0.941150,0.019710,299.692353,-0.004483,0.083424,300.231370,-0.004624,0.048587,300.233472,0.006515,-0.047929,298.055821,0.006374,-0.082765,298.057923,0.943040,-0.019052,298.596940,0.942900,-0.053888,298.599042
235,0.673000,-0.940974,0.054509,299.678891,-0.941117,0.019672,299.680988,-0.004426,0.083252,300.219978,-0.004569,0.048415,300.222075,0.006481,-0.047749,298.044407,0.006338,-0.082585,298.046504,0.943029,-0.019006,298.585494,0.942886,-0.053842,298.587591
236,0.675000,-0.940940,0.054471,299.667506,-0.941084,0.019634,299.669597,-0.004369,0.083079,300.208561,-0.004513,0.048242,300.210652,0.006446,-0.047567,298.032968,0.006302,-0.082404,298.035060,0.943017,-0.018959,298.574023,0.942873,-0.053796,298.576115
237,0.677000,-0.940905,0.054432,299.656096,-0.941050,0.019595,299.658182,-0.004311,0.082905,300.197119,-0.004457,0.048067,300.199204,0.006411,-0.047384,298.021504,0.006266,-0.082221,298.023590,0.943005,-0.018911,298.562527,0.942859,-0.053749,298.564613
238,0.679000,-0.940870,0.054393,299.644662,-0.941017,0.019556,299.646742,-0.004253,0.082729,300.185652,-0.004400,0.047891,300.187732,0.006376,-0.047199,298.010016,0.006229,-0.082037,298.012095,0.942993,-0.018864,298.551006,0.942846,-0.053701,298.553086
239,0.681000,-0.940834,0.054354,299.633203,-0.940983,0.019516,299.635277,-0.004194,0.082552,300.174160,-0.004343,0.047714,300.176234,0.006341,-0.047013,297.998502,0.006192,-0.081851,298.000576,0.942981,-0.018815,298.539459,0.942832,-0.053653,298.541533
240,0.683000,-0.940798,0.054315,299.621720,-0.940949,0.019476,299.623788,-0.004135,0.082373,300.162644,-0.004286,0.047535,300.164712,0.006305,-0.046825,297.986963,0.006155,-0.081664,297.989031,0.942969,-0.018767,298.527888,0.942818,-0.053605,298.529956
241,0.685000,-0.940762,0.054275,299.610212,-0.940915,0.019436,299.612274,-0.004076,0.082193,300.151103,-0.004228,0.047354,300.153165,0.006270,-0.046636,297.975400,0.006117,-0.081475,297.977462,0.942956,-0.018718,298.516291,0.942804,-0.053557,298.518353
242,0.687000,-0.940726,0.054235,299.598680,-0.940880,0.019396,299.600737,-0.004016,0.082012,300.139537,-0.004170,0.047173,300.141594,0.006234,-0.046446,297.963812,0.006079,-0.081285,297.965868,0.942944,-0.018669,298.504669,0.942790,-0.053508,298.506725
243,0.689000,-0.940689,0.054194,299.587124,-0.940845,0.019355,299.589174,-0.003955,0.081829,300.127947,-0.004111,0.046990,300.129997,0.006197,-0.046254,297.952199,0.006041,-0.081093,297.954249,0.942931,-0.018619,298.493022,0.942775,-0.053459,298.495072
244,0.691000,-0.940653,0.054154,299.575544,-0.940810,0.019314,299.577588,-0.003894,0.081645,300.116332,-0.004052,0.046805,300.118376,0.006161,-0.046060,297.940562,0.006003,-0.080900,297.942606,0.942919,-0.018569,298.481350,0.942761,-0.053409,298.483395
245,0.693000,-0.940615,0.054113,299.563939,-0.940775,0.019273,299.565977,-0.003833,0.081459,300.104693,-0.003993,0.046619,300.106731,0.006124,-0.045865,297.928900,0.005964,-0.080705,297.930938,0.942906,-0.018519,298.469654,0.942747,-0.053359,298.471692
246,0.695000,-0.940578,0.054072,299.552310,-0.940739,0.019231,299.554342,-0.003771,0.081272,300.093029,-0.003933,0.046432,300.095061,0.006086,-0.045669,297.917213,0.005925,-0.080509,297.919245,0.942893,-0.018468,298.457932,0.942732,-0.053308,298.459964
247,0.697000,-0.940540,0.054030,299.540657,-0.940703,0.019189,299.542683,-0.003709,0.081084,300.081342,-0.003872,0.046243,300.083367,0.006049,-0.045471,297.905502,0.005886,-0.080311,297.907528,0.942880,-0.018417,298.446186,0.942717,-0.053257,298.448212
248,0.699000,-0.940502,0.053988,299.528981,-0.940667,0.019147,299.531000,-0.003646,0.080894,300.069629,-0.003811,0.046053,300.071649,0.006011,-0.045271,297.893767,0.005846,-0.080112,297.895786,0.942867,-0.018365,298.434416,0.942702,-0.053206,298.436435
249,0.701000,-0.940464,0.053946,299.517280,-0.940631,0.019104,299.519293,-0.003583,0.080703,300.057893,-0.003750,0.045861,300.059906,0.005973,-0.045070,297.882007,0.005807,-0.079911,297.884021,0.942854,-0.018313,298.422620,0.942687,-0.053155,298.424634
250,0.703000,-0.940426,0.053903,299.505556,-0.940594,0.019062,299.507562,-0.003520,0.080510,300.046132,-0.003688,0.045668,300.048139,0.005935,-0.044867,297.870224,0.005766,-0.079709,297.872231,0.942841,-0.018261,298.410801,0.942672,-0.053102,298.412807
251,0.705000,-0.940387,0.053861,299.493807,-0.940557,0.019018,299.495808,-0.003456,0.080316,300.034348,-0.003626,0.045474,300.036348,0.005896,-0.044663,297.858416,0.005726,-0.079505,297.860416,0.942827,-0.018208,298.398956,0.942657,-0.053050,298.400957
252,0.707000,-0.940348,0.053817,299.482035,-0.940520,0.018975,299.484029,-0.003391,0.080120,300.022539,-0.003563,0.045278,300.024533,0.005857,-0.044457,297.846584,0.005685,-0.079300,297.848578,0.942814,-0.018155,298.387088,0.942642,-0.052997,298.389082
253,0.709000,-0.940308,0.053774,299.470240,-0.940482,0.018931,299.472227,-0.003326,0.079923,300.010707,-0.003500,0.045080,300.012694,0.005818,-0.044250,297.834727,0.005644,-0.079093,297.836715,0.942800,-0.018101,298.375194,0.942626,-0.052944,298.377182
254,0.711000,-0.940268,0.053730,299.458420,-0.940444,0.018887,299.460401,-0.003260,0.079725,299.998850,-0.003436,0.044881,300.000831,0.005779,-0.044041,297.822847,0.005603,-0.078884,297.824828,0.942787,-0.018047,298.363277,0.942611,-0.052890,298.365258
255,0.713000,-0.940228,0.053686,299.446578,-0.940406,0.018843,299.448552,-0.003195,0.079524,299.986970,-0.003372,0.044681,299.988944,0.005739,-0.043831,297.810943,0.005561,-0.078674,297.812918,0.942773,-0.017992,298.351335,0.942595,-0.052836,298.353310
256,0.715000,-0.940188,0.053642,299.434711,-0.940368,0.018798,299.436679,-0.003128,0.079323,299.975066,-0.003308,0.044479,299.977034,0.005699,-0.043619,297.799015,0.005519,-0.078463,297.800983,0.942759,-0.017937,298.339370,0.942579,-0.052782,298.341338
257,0.717000,-0.940148,0.053597,299.422822,-0.940329,0.018753,299.424783,-0.003061,0.079120,299.963138,-0.003243,0.044276,299.965099,0.005659,-0.043405,297.787064,0.005477,-0.078249,297.789025,0.942745,-0.017882,298.327380,0.942563,-0.052727,298.329341
258,0.719000,-0.940107,0.053552,299.410909,-0.940291,0.018707,299.412863,-0.002994,0.078915,299.951187,-0.003178,0.044071,299.953141,0.005618,-0.043190,297.775088,0.005434,-0.078035,297.777043,0.942731,-0.017826,298.315366,0.942547,-0.052671,298.317320
259,0.721000,-0.940066,0.053507,299.398973,-0.940251,0.018661,299.400920,-0.002926,0.078709,299.939212,-0.003112,0.043864,299.941159,0.005577,-0.042973,297.763089,0.005392,-0.077818,297.765037,0.942717,-0.017770,298.303328,0.942531,-0.052615,298.305276
260,0.723000,-0.940024,0.053461,299.387013,-0.940212,0.018615,299.388954,-0.002858,0.078502,299.927213,-0.003045,0.043656,299.929154,0.005536,-0.042755,297.751066,0.005348,-0.077600,297.753007,0.942703,-0.017714,298.291266,0.942515,-0.052559,298.293207
261,0.725000,-0.939982,0.053415,299.375031,-0.940172,0.018569,299.376965,-0.002789,0.078293,299.915191,-0.002979,0.043447,299.917125,0.005495,-0.042535,297.739020,0.005305,-0.077381,297.740954,0.942688,-0.017657,298.279180,0.942499,-0.052503,298.281114
262,0.727000,-0.939940,0.053368,299.363025,-0.940132,0.018522,299.364952,-0.002720,0.078082,299.903146,-0.002911,0.043236,299.905073,0.005453,-0.042313,297.726950,0.005261,-0.077159,297.728877,0.942674,-0.017599,298.267071,0.942482,-0.052446,298.268998
263,0.729000,-0.939898,0.053322,299.350996,-0.940092,0.018475,299.352916,-0.002650,0.077870,299.891077,-0.002843,0.043024,299.892997,0.005411,-0.042090,297.714857,0.005217,-0.076937,297.716777,0.942659,-0.017542,298.254938,0.942465,-0.052388,298.256858
264,0.731000,-0.939855,0.053275,299.338945,-0.940051,0.018428,299.340858,-0.002579,0.077657,299.878985,-0.002775,0.042810,299.880898,0.005368,-0.041865,297.702740,0.005173,-0.076712,297.704654,0.942644,-0.017483,298.242781,0.942449,-0.052330,298.244694
265,0.733000,-0.939812,0.053227,299.326870,-0.940010,0.018380,299.328776,-0.002509,0.077442,299.866870,-0.002707,0.042594,299.868776,0.005326,-0.041639,297.690601,0.005128,-0.076486,297.692507,0.942630,-0.017425,298.230600,0.942432,-0.052272,298.232506
266,0.735000,-0.939769,0.053180,299.314773,-0.939969,0.018332,299.316672,-0.002438,0.077225,299.854731,-0.002637,0.042377,299.856630,0.005283,-0.041411,297.678437,0.005083,-0.076258,297.680336,0.942615,-0.017366,298.218396,0.942415,-0.052213,298.220295
267,0.737000,-0.939726,0.053132,299.302653,-0.939928,0.018284,299.304544,-0.002366,0.077007,299.842570,-0.002568,0.042159,299.844461,0.005240,-0.041181,297.666251,0.005038,-0.076029,297.668143,0.942600,-0.017306,298.206168,0.942397,-0.052154,298.208060
268,0.739000,-0.939682,0.053083,299.290510,-0.939886,0.018235,299.292394,-0.002294,0.076787,299.830385,-0.002498,0.041938,299.832270,0.005196,-0.040950,297.654042,0.004992,-0.075798,297.655926,0.942584,-0.017246,298.193917,0.942380,-0.052094,298.195802
269,0.741000,-0.939638,0.053035,299.278344,-0.939844,0.018186,299.280222,-0.002221,0.076566,299.818177,-0.002427,0.041717,299.820055,0.005152,-0.040717,297.641809,0.004946,-0.075565,297.643687,0.942569,-0.017186,298.181643,0.942363,-0.052034,298.183520
270,0.743000,-0.939593,0.052986,299.266156,-0.939802,0.018136,299.268026,-0.002148,0.076343,299.805947,-0.002356,0.041493,299.807817,0.005108,-0.040482,297.629554,0.004900,-0.075331,297.631424,0.942554,-0.017125,298.169345,0.942345,-0.051974,298.171215
271,0.745000,-0.939549,0.052936,299.253946,-0.939759,0.018087,299.255808,-0.002074,0.076118,299.793694,-0.002285,0.041269,299.795556,0.005064,-0.040245,297.617275,0.004853,-0.075095,297.619138,0.942538,-0.017063,298.157024,0.942328,-0.051913,298.158886
272,0.747000,-0.939503,0.052887,299.241712,-0.939716,0.018037,299.243568,-0.002000,0.075892,299.781418,-0.002213,0.041042,299.783273,0.005019,-0.040007,297.604974,0.004806,-0.074857,297.606829,0.942523,-0.017002,298.144679,0.942310,-0.051852,298.146534
273,0.749000,-0.939458,0.052836,299.229457,-0.939673,0.017986,299.231305,-0.001925,0.075665,299.769119,-0.002140,0.040814,299.770966,0.004974,-0.039768,297.592650,0.004759,-0.074618,297.594498,0.942507,-0.016940,298.132312,0.942292,-0.051790,298.134160
274,0.751000,-0.939412,0.052786,299.217179,-0.939630,0.017935,299.219019,-0.001850,0.075435,299.756797,-0.002067,0.040585,299.758637,0.004928,-0.039526,297.580303,0.004711,-0.074377,297.582143,0.942491,-0.016877,298.119921,0.942274,-0.051728,298.121761
275,0.753000,-0.939366,0.052735,299.204879,-0.939586,0.017884,299.206712,-0.001774,0.075205,299.744453,-0.001994,0.040354,299.746286,0.004883,-0.039283,297.567934,0.004663,-0.074134,297.569766,0.942475,-0.016814,298.107508,0.942256,-0.051665,298.109340
276,0.755000,-0.939320,0.052684,299.192557,-0.939542,0.017833,299.194382,-0.001698,0.074972,299.732086,-0.001920,0.040121,299.733911,0.004837,-0.039038,297.555542,0.004615,-0.073890,297.557367,0.942459,-0.016750,298.095071,0.942237,-0.051602,298.096896
277,0.757000,-0.939273,0.052633,299.180212,-0.939497,0.017781,299.182030,-0.001621,0.074738,299.719697,-0.001845,0.039886,299.721514,0.004791,-0.038792,297.543127,0.004567,-0.073644,297.544944,0.942443,-0.016686,298.082612,0.942219,-0.051538,298.084429
278,0.759000,-0.939227,0.052581,299.167846,-0.939453,0.017729,299.169655,-0.001544,0.074503,299.707286,-0.001770,0.039650,299.709095,0.004744,-0.038544,297.530690,0.004518,-0.073396,297.532499,0.942426,-0.016622,298.070130,0.942200,-0.051474,298.071939
279,0.761000,-0.939179,0.052529,299.155457,-0.939408,0.017676,299.157259,-0.001466,0.074266,299.694852,-0.001695,0.039413,299.696653,0.004697,-0.038294,297.518230,0.004469,-0.073146,297.520032,0.942410,-0.016557,298.057625,0.942181,-0.051410,298.059426
280,0.763000,-0.939132,0.052476,299.143047,-0.939363,0.017623,299.144841,-0.001388,0.074027,299.682395,-0.001619,0.039174,299.684189,0.004650,-0.038042,297.505748,0.004419,-0.072895,297.507542,0.942393,-0.016492,298.045097,0.942163,-0.051345,298.046891
281,0.765000,-0.939084,0.052424,299.130615,-0.939317,0.017570,299.132400,-0.001310,0.073786,299.669917,-0.001543,0.038933,299.671703,0.004602,-0.037789,297.493244,0.004369,-0.072642,297.495030,0.942377,-0.016426,298.032546,0.942144,-0.051279,298.034332
282,0.767000,-0.939036,0.052370,299.118160,-0.939271,0.017517,299.119938,-0.001230,0.073544,299.657416,-0.001466,0.038690,299.659194,0.004555,-0.037533,297.480717,0.004319,-0.072387,297.482495,0.942360,-0.016360,298.019973,0.942124,-0.051214,298.021751
283,0.769000,-0.938987,0.052317,299.105684,-0.939225,0.017463,299.107454,-0.001151,0.073300,299.644893,-0.001388,0.038446,299.646663,0.004506,-0.037276,297.468169,0.004269,-0.072131,297.469939,0.942343,-0.016293,298.007378,0.942105,-0.051147,298.009148
284,0.771000,-0.938938,0.052263,299.093187,-0.939178,0.017408,299.094948,-0.001070,0.073055,299.632348,-0.001310,0.038200,299.634110,0.004458,-0.037018,297.455598,0.004218,-0.071872,297.457360,0.942326,-0.016226,297.994759,0.942086,-0.051080,297.996521
285,0.773000,-0.938889,0.052209,299.080667,-0.939132,0.017354,299.082421,-0.000989,0.072808,299.619781,-0.001232,0.037953,299.621535,0.004409,-0.036757,297.443005,0.004167,-0.071612,297.444759,0.942309,-0.016158,297.982119,0.942066,-0.051013,297.983873
286,0.775000,-0.938840,0.052154,299.068126,-0.939085,0.017299,299.069872,-0.000908,0.072559,299.607192,-0.001153,0.037704,299.608938,0.004360,-0.036495,297.430390,0.004115,-0.071351,297.432136,0.942292,-0.016090,297.969456,0.942047,-0.050945,297.971202
287,0.777000,-0.938790,0.052099,299.055564,-0.939037,0.017243,299.057301,-0.000826,0.072309,299.594581,-0.001074,0.037453,299.596319,0.004311,-0.036231,297.417753,0.004063,-0.071087,297.419491,0.942274,-0.016021,297.956771,0.942027,-0.050877,297.958508
288,0.779000,-0.938740,0.052044,299.042980,-0.938990,0.017188,299.044709,-0.000744,0.072057,299.581949,-0.000994,0.037201,299.583678,0.004261,-0.035966,297.405094,0.004011,-0.070822,297.406824,0.942257,-0.015952,297.944063,0.942007,-0.050809,297.945793
289,0.781000,-0.938689,0.051988,299.030374,-0.938942,0.017132,299.032095,-0.000661,0.071803,299.569294,-0.000913,0.036947,299.571015,0.004211,-0.035698,297.392414,0.003959,-0.070555,297.394135,0.942239,-0.015883,297.931334,0.941987,-0.050740,297.933055
290,0.783000,-0.938639,0.051932,299.017748,-0.938893,0.017075,299.019460,-0.000578,0.071548,299.556618,-0.000833,0.036691,299.558330,0.004161,-0.035429,297.379712,0.003906,-0.070286,297.381424,0.942221,-0.015813,297.918582,0.941966,-0.050670,297.920294
291,0.785000,-0.938587,0.051876,299.005100,-0.938845,0.017018,299.006803,-0.000494,0.071291,299.543920,-0.000751,0.036433,299.545624,0.004110,-0.035158,297.366988,0.003853,-0.070015,297.368691,0.942203,-0.015742,297.905808,0.941946,-0.050600,297.907512
292,0.787000,-0.938536,0.051819,298.992430,-0.938796,0.016961,298.994126,-0.000410,0.071032,299.531201,-0.000669,0.036174,299.532896,0.004059,-0.034885,297.354242,0.003799,-0.069743,297.355937,0.942185,-0.015672,297.893012,0.941926,-0.050529,297.894708
293,0.789000,-0.938484,0.051762,298.979740,-0.938747,0.016904,298.981427,-0.000325,0.070772,299.518460,-0.000587,0.035913,299.520147,0.004008,-0.034610,297.341475,0.003745,-0.069468,297.343161,0.942167,-0.015600,297.880194,0.941905,-0.050458,297.881881
294,0.791000,-0.938432,0.051704,298.967028,-0.938697,0.016846,298.968707,-0.000239,0.070510,299.505697,-0.000504,0.035651,299.507375,0.003956,-0.034333,297.328686,0.003691,-0.069192,297.330364,0.942149,-0.015528,297.867355,0.941884,-0.050387,297.869033
295,0.793000,-0.938380,0.051646,298.954296,-0.938647,0.016787,298.955965,-0.000153,0.070246,299.492913,-0.000421,0.035387,299.494583,0.003904,-0.034055,297.315876,0.003636,-0.068914,297.317545,0.942131,-0.015456,297.854493,0.941863,-0.050315,297.856163
296,0.795000,-0.938327,0.051588,298.941542,-0.938597,0.016729,298.943203,-0.000067,0.069980,299.480108,-0.000337,0.035121,299.481769,0.003852,-0.033775,297.303044,0.003582,-0.068634,297.304705,0.942112,-0.015383,297.841610,0.941842,-0.050242,297.843271
297,0.797000,-0.938274,0.051529,298.928768,-0.938547,0.016670,298.930420,0.000021,0.069713,299.467281,-0.000252,0.034853,299.468934,0.003799,-0.033493,297.290191,0.003526,-0.068353,297.291843,0.942093,-0.015310,297.828705,0.941821,-0.050169,297.830357
298,0.799000,-0.938221,0.051470,298.915973,-0.938496,0.016610,298.917616,0.000108,0.069444,299.454434,-0.000167,0.034584,299.456077,0.003746,-0.033209,297.277317,0.003471,-0.068069,297.278960,0.942075,-0.015236,297.815778,0.941799,-0.050096,297.817421
299,0.801000,-0.938167,0.051411,298.903156,-0.938445,0.016550,298.904791,0.000196,0.069173,299.441565,-0.000082,0.034312,299.443199,0.003693,-0.032923,297.264421,0.003415,-0.067784,297.266056,0.942056,-0.015161,297.802830,0.941778,-0.050022,297.804464
300,0.803000,-0.938113,0.051351,298.890320,-0.938393,0.016490,298.891945,0.000285,0.068901,299.428674,0.000004,0.034040,299.430300,0.003639,-0.032636,297.251505,0.003359,-0.067497,297.253130,0.942037,-0.015087,297.789860,0.941756,-0.049948,297.791485
301,0.805000,-0.938058,0.051291,298.877462,-0.938341,0.016430,298.879078,0.000374,0.068626,299.415763,0.000091,0.033765,299.417380,0.003585,-0.032346,297.238567,0.003302,-0.067208,297.240184,0.942018,-0.015011,297.776868,0.941734,-0.049873,297.778485
302,0.807000,-0.938004,0.051231,298.864584,-0.938289,0.016369,298.866191,0.000464,0.068350,299.402831,0.000178,0.033488,299.404438,0.003531,-0.032055,297.225609,0.003245,-0.066917,297.227216,0.941998,-0.014936,297.763856,0.941712,-0.049797,297.765463
303,0.809000,-0.937948,0.051170,298.851685,-0.938237,0.016308,298.853283,0.000554,0.068073,299.389878,0.000266,0.033210,299.391476,0.003476,-0.031762,297.212629,0.003188,-0.066624,297.214227,0.941979,-0.014859,297.750821,0.941690,-0.049721,297.752420
304,0.811000,-0.937893,0.051108,298.838766,-0.938184,0.016246,298.840355,0.000645,0.067793,299.376904,0.000354,0.032930,299.378493,0.003421,-0.031467,297.199628,0.003130,-0.066330,297.201217,0.941959,-0.014782,297.737766,0.941668,-0.049645,297.739355
305,0.813000,-0.937837,0.051047,298.825826,-0.938131,0.016184,298.827406,0.000736,0.067512,299.363909,0.000442,0.032649,299.365488,0.003366,-0.031170,297.186607,0.003072,-0.066033,297.188187,0.941940,-0.014705,297.724689,0.941646,-0.049568,297.726269
306,0.815000,-0.937781,0.050985,298.812866,-0.938078,0.016121,298.814437,0.000828,0.067229,299.350893,0.000531,0.032365,299.352463,0.003310,-0.030871,297.173565,0.003014,-0.065735,297.175135,0.941920,-0.014627,297.711591,0.941623,-0.049491,297.713162
307,0.817000,-0.937725,0.050922,298.799886,-0.938024,0.016058,298.801447,0.000921,0.066944,299.337857,0.000621,0.032080,299.339418,0.003255,-0.030571,297.160502,0.002955,-0.065434,297.162063,0.941900,-0.014549,297.698472,0.941600,-0.049413,297.700033
308,0.819000,-0.937668,0.050859,298.786886,-0.937970,0.015995,298.788437,0.001014,0.066657,299.324799,0.000711,0.031793,299.326351,0.003198,-0.030268,297.147418,0.002896,-0.065132,297.148970,0.941880,-0.014470,297.685332,0.941577,-0.049334,297.686884
309,0.821000,-0.937611,0.050796,298.773865,-0.937916,0.015932,298.775407,0.001107,0.066369,299.311722,0.000802,0.031504,299.313264,0.003142,-0.029964,297.134314,0.002836,-0.064828,297.135856,0.941860,-0.014391,297.672171,0.941554,-0.049256,297.673713
310,0.823000,-0.937553,0.050733,298.760824,-0.937861,0.015868,298.762357,0.001201,0.066079,299.298623,0.000893,0.031214,299.300156,0.003085,-0.029657,297.121189,0.002777,-0.064522,297.122722,0.941839,-0.014311,297.658989,0.941531,-0.049176,297.660521
311,0.825000,-0.937495,0.050669,298.747763,-0.937806,0.015803,298.749286,0.001296,0.065787,299.285505,0.000985,0.030921,299.287028,0.003027,-0.029349,297.108044,0.002716,-0.064214,297.109567,0.941819,-0.014231,297.645786,0.941508,-0.049096,297.647309
312,0.827000,-0.937437,0.050604,298.734682,-0.937751,0.015738,298.736195,0.001391,0.065493,299.272365,0.001077,0.030627,299.273879,0.002970,-0.029039,297.094878,0.002656,-0.063904,297.096392,0.941798,-0.014150,297.632562,0.941484,-0.049016,297.634075
313,0.829000,-0.937379,0.050539,298.721581,-0.937695,0.015673,298.723085,0.001487,0.065197,299.259206,0.001170,0.030331,299.260709,0.002912,-0.028726,297.081692,0.002595,-0.063593,297.083196,0.941778,-0.014069,297.619317,0.941461,-0.048935,297.620821
314,0.831000,-0.937320,0.050474,298.708460,-0.937640,0.015608,298.709954,0.001583,0.064900,299.246026,0.001264,0.030033,299.247520,0.002854,-0.028412,297.068486,0.002534,-0.063279,297.069980,0.941757,-0.013987,297.606052,0.941437,-0.048853,297.607546
315,0.833000,-0.937261,0.050409,298.695319,-0.937583,0.015542,298.696804,0.001680,0.064600,299.232826,0.001357,0.029734,299.234310,0.002795,-0.028096,297.055260,0.002472,-0.062963,297.056744,0.941736,-0.013904,297.592766,0.941413,-0.048771,297.594250
316,0.835000,-0.937201,0.050343,298.682159,-0.937527,0.015475,298.683633,0.001777,0.064299,299.219605,0.001452,0.029432,299.221079,0.002736,-0.027778,297.042013,0.002410,-0.062646,297.043487,0.941714,-0.013822,297.579459,0.941389,-0.048689,297.580933
317,0.837000,-0.937141,0.050276,298.668979,-0.937470,0.015409,298.670443,0.001875,0.063996,299.206365,0.001547,0.029129,299.207829,0.002677,-0.027458,297.028746,0.002348,-0.062326,297.030210,0.941693,-0.013738,297.566132,0.941365,-0.048606,297.567596
318,0.839000,-0.937081,0.050209,298.655779,-0.937412,0.015341,298.657233,0.001974,0.063692,299.193104,0.001642,0.028824,299.194558,0.002617,-0.027136,297.015459,0.002285,-0.062004,297.016913,0.941672,-0.013654,297.552784,0.941340,-0.048522,297.554238
319,0.841000,-0.937020,0.050142,298.642559,-0.937355,0.015274,298.644004,0.002073,0.063385,299.179823,0.001739,0.028516,299.181267,0.002557,-0.026812,297.002152,0.002222,-0.061681,297.003596,0.941650,-0.013570,297.539416,0.941316,-0.048438,297.540860
320,0.843000,-0.936959,0.050075,298.629320,-0.937297,0.015206,298.630754,0.002173,0.063076,299.166523,0.001835,0.028208,299.167957,0.002497,-0.026487,296.988825,0.002159,-0.061355,296.990259,0.941629,-0.013485,297.526027,0.941291,-0.048354,297.527461
321,0.845000,-0.936898,0.050007,298.616062,-0.937239,0.015137,298.617486,0.002273,0.062766,299.153202,0.001932,0.027897,299.154626,0.002436,-0.026159,296.975478,0.002095,-0.061028,296.976902,0.941607,-0.013399,297.512618,0.941266,-0.048269,297.514042
322,0.847000,-0.936836,0.049938,298.602784,-0.937180,0.015069,298.604198,0.002374,0.062454,299.139861,0.002030,0.027584,299.141275,0.002375,-0.025829,296.962112,0.002031,-0.060699,296.963525,0.941585,-0.013313,297.499189,0.941241,-0.048183,297.500603
323,0.849000,-0.936774,0.049869,298.589487,-0.937121,0.014999,298.590890,0.002475,0.062140,299.126501,0.002128,0.027270,299.127904,0.002313,-0.025497,296.948725,0.001967,-0.060367,296.950129,0.941563,-0.013227,297.485740,0.941216,-0.048097,297.487143
324,0.851000,-0.936712,0.049800,298.576170,-0.937062,0.014930,298.577563,0.002577,0.061824,299.113121,0.002227,0.026953,299.114514,0.002252,-0.025163,296.935319,0.001902,-0.060034,296.936712,0.941540,-0.013140,297.472270,0.941190,-0.048010,297.473663
325,0.853000,-0.936649,0.049731,298.562834,-0.937002,0.014860,298.564217,0.002679,0.061506,299.099721,0.002326,0.026635,299.101104,0.002190,-0.024827,296.921893,0.001837,-0.059698,296.923276,0.941518,-0.013052,297.458780,0.941165,-0.047923,297.460163
326,0.855000,-0.936586,0.049661,298.549479,-0.936942,0.014789,298.550851,0.002782,0.061186,299.086302,0.002426,0.026315,299.087674,0.002127,-0.024489,296.908448,0.001771,-0.059361,296.909820,0.941495,-0.012964,297.445271,0.941139,-0.047835,297.446643
327,0.857000,-0.936522,0.049590,298.536105,-0.936882,0.014718,298.537467,0.002886,0.060864,299.072863,0.002527,0.025993,299.074224,0.002064,-0.024150,296.894983,0.001705,-0.059021,296.896345,0.941473,-0.012875,297.431741,0.941113,-0.047747,297.433102
328,0.859000,-0.936459,0.049519,298.522712,-0.936821,0.014647,298.524063,0.002990,0.060541,299.059404,0.002627,0.025669,299.060755,0.002001,-0.023808,296.881499,0.001639,-0.058680,296.882850,0.941450,-0.012786,297.418191,0.941087,-0.047658,297.419542
329,0.861000,-0.936394,0.049448,298.509300,-0.936760,0.014575,298.510640,0.003095,0.060215,299.045926,0.002729,0.025343,299.047266,0.001938,-0.023464,296.867995,0.001572,-0.058336,296.869335,0.941427,-0.012696,297.404622,0.941061,-0.047569,297.405962
330,0.863000,-0.936330,0.049376,298.495869,-0.936699,0.014503,298.497198,0.003200,0.059888,299.032429,0.002831,0.025015,299.033758,0.001874,-0.023118,296.854472,0.001505,-0.057991,296.855801,0.941404,-0.012606,297.391032,0.941035,-0.047479,297.392362
331,0.865000,-0.936265,0.049304,298.482419,-0.936637,0.014431,298.483737,0.003306,0.059559,299.018912,0.002934,0.024686,299.020231,0.001810,-0.022770,296.840930,0.001437,-0.057643,296.842248,0.941380,-0.012515,297.377423,0.941008,-0.047388,297.378742
332,0.867000,-0.936200,0.049231,298.468950,-0.936575,0.014358,298.470257,0.003412,0.059227,299.005376,0.003037,0.024354,299.006684,0.001745,-0.022420,296.827368,0.001369,-0.057293,296.828676,0.941357,-0.012424,297.363795,0.940981,-0.047297,297.365102
333,0.869000,-0.936134,0.049158,298.455462,-0.936513,0.014284,298.456759,0.003519,0.058894,298.991821,0.003141,0.024020,298.993117,0.001680,-0.022068,296.813787,0.001301,-0.056942,296.815084,0.941333,-0.012332,297.350146,0.940955,-0.047206,297.351443
334,0.871000,-0.936068,0.049085,298.441955,-0.936450,0.014211,298.443241,0.003627,0.058559,298.978246,0.003245,0.023685,298.979532,0.001615,-0.021714,296.800187,0.001233,-0.056588,296.801473,0.941310,-0.012239,297.336478,0.940928,-0.047113,297.337764
335,0.873000,-0.936002,0.049011,298.428430,-0.936387,0.014136,298.429705,0.003735,0.058222,298.964652,0.003350,0.023347,298.965927,0.001549,-0.021357,296.786568,0.001164,-0.056232,296.787843,0.941286,-0.012146,297.322790,0.940900,-0.047021,297.324065
336,0.875000,-0.935935,0.048937,298.414887,-0.936324,0.014062,298.416150,0.003844,0.057883,298.951040,0.003455,0.023008,298.952303,0.001483,-0.020999,296.772930,0.001094,-0.055874,296.774194,0.941262,-0.012053,297.309083,0.940873,-0.046928,297.310347
337,0.877000,-0.935868,0.048862,298.401324,-0.936260,0.013987,298.402577,0.003953,0.057542,298.937408,0.003561,0.022667,298.938660,0.001417,-0.020639,296.759273,0.001025,-0.055514,296.760526,0.941238,-0.011959,297.295357,0.940845,-0.046834,297.296609
338,0.879000,-0.935800,0.048787,298.387744,-0.936196,0.013911,298.388985,0.004063,0.057199,298.923757,0.003667,0.022323,298.924998,0.001350,-0.020276,296.745598,0.000954,-0.055152,296.746839,0.941213,-0.011864,297.281611,0.940818,-0.046740,297.282852
339,0.881000,-0.935732,0.048711,298.374144,-0.936131,0.013835,298.375374,0.004174,0.056854,298.910087,0.003775,0.021978,298.911317,0.001283,-0.019912,296.731903,0.000884,-0.054788,296.733133,0.941189,-0.011769,297.267846,0.940790,-0.046645,297.269075
340,0.883000,-0.935664,0.048635,298.360527,-0.936067,0.013759,298.361745,0.004285,0.056507,298.896398,0.003882,0.021631,298.897617,0.001216,-0.019545,296.718189,0.000813,-0.054421,296.719408,0.941164,-0.011673,297.254061,0.940762,-0.046549,297.255279
341,0.885000,-0.935596,0.048559,298.346891,-0.936001,0.013682,298.348098,0.004396,0.056158,298.882691,0.003990,0.021282,298.883898,0.001148,-0.019176,296.704457,0.000742,-0.054053,296.705664,0.941139,-0.011577,297.240257,0.940734,-0.046453,297.241464
342,0.887000,-0.935527,0.048482,298.333237,-0.935936,0.013605,298.334432,0.004508,0.055808,298.868965,0.004099,0.020930,298.870160,0.001080,-0.018806,296.690707,0.000670,-0.053683,296.691902,0.941115,-0.011480,297.226435,0.940705,-0.046357,297.227630
343,0.889000,-0.935457,0.048404,298.319564,-0.935870,0.013527,298.320748,0.004621,0.055455,298.855220,0.004208,0.020577,298.856404,0.001011,-0.018433,296.676937,0.000598,-0.053310,296.678121,0.941089,-0.011382,297.212593,0.940677,-0.046260,297.213776
344,0.891000,-0.935387,0.048327,298.305874,-0.935804,0.013449,298.307046,0.004735,0.055100,298.841456,0.004318,0.020222,298.842628,0.000942,-0.018058,296.663149,0.000526,-0.052935,296.664321,0.941064,-0.011284,297.198732,0.940648,-0.046162,297.199904
345,0.893000,-0.935317,0.048248,298.292165,-0.935737,0.013370,298.293326,0.004849,0.054743,298.827674,0.004429,0.019865,298.828834,0.000873,-0.017680,296.649343,0.000453,-0.052559,296.650503,0.941039,-0.011186,297.184852,0.940619,-0.046064,297.186012
346,0.895000,-0.935247,0.048170,298.278438,-0.935670,0.013291,298.279587,0.004963,0.054384,298.813873,0.004540,0.019506,298.815022,0.000803,-0.017301,296.635518,0.000380,-0.052180,296.636667,0.941013,-0.011086,297.170953,0.940590,-0.045965,297.172101
347,0.897000,-0.935176,0.048090,298.264694,-0.935603,0.013212,298.265831,0.005078,0.054023,298.800054,0.004651,0.019144,298.801191,0.000733,-0.016920,296.621675,0.000306,-0.051798,296.622812,0.940988,-0.010987,297.157035,0.940560,-0.045866,297.158172
348,0.899000,-0.935105,0.048011,298.250931,-0.935536,0.013132,298.252056,0.005194,0.053660,298.786216,0.004763,0.018781,298.787341,0.000663,-0.016536,296.607813,0.000232,-0.051415,296.608938,0.940962,-0.010887,297.143099,0.940531,-0.045766,297.144223
349,0.901000,-0.935033,0.047931,298.237151,-0.935468,0.013051,298.238264,0.005310,0.053295,298.772360,0.004876,0.018416,298.773473,0.000592,-0.016150,296.593934,0.000158,-0.051030,296.595046,0.940936,-0.010786,297.129143,0.940501,-0.045665,297.130256
350,0.903000,-0.934961,0.047850,298.223352,-0.935399,0.012970,298.224453,0.005427,0.052928,298.758486,0.004989,0.018049,298.759587,0.000521,-0.015762,296.580036,0.000083,-0.050642,296.581136,0.940910,-0.010684,297.115169,0.940472,-0.045564,297.116270
351,0.905000,-0.934889,0.047769,298.209536,-0.935331,0.012889,298.210625,0.005545,0.052559,298.744593,0.005103,0.017679,298.745682,0.000450,-0.015372,296.566120,0.000008,-0.050253,296.567208,0.940883,-0.010582,297.101176,0.940442,-0.045463,297.102265
352,0.907000,-0.934816,0.047688,298.195703,-0.935262,0.012807,298.196779,0.005663,0.052188,298.730682,0.005217,0.017308,298.731759,0.000378,-0.014980,296.552185,-0.000068,-0.049861,296.553262,0.940857,-0.010480,297.087165,0.940411,-0.045360,297.088242
353,0.909000,-0.934743,0.047606,298.181851,-0.935192,0.012725,298.182916,0.005782,0.051815,298.716753,0.005332,0.016934,298.717818,0.000306,-0.014586,296.538233,-0.000143,-0.049467,296.539298,0.940830,-0.010377,297.073135,0.940381,-0.045258,297.074200
354,0.911000,-0.934669,0.047524,298.167982,-0.935122,0.012643,298.169034,0.005901,0.051440,298.702806,0.005448,0.016559,298.703858,0.000233,-0.014189,296.524263,-0.000220,-0.049071,296.525315,0.940803,-0.010273,297.059087,0.940350,-0.045154,297.060139
355,0.913000,-0.934596,0.047441,298.154096,-0.935052,0.012559,298.155136,0.006021,0.051063,298.688841,0.005564,0.016181,298.689880,0.000160,-0.013791,296.510275,-0.000296,-0.048672,296.511315,0.940776,-0.010169,297.045020,0.940320,-0.045050,297.046060
356,0.915000,-0.934521,0.047358,298.140192,-0.934982,0.012476,298.141219,0.006141,0.050684,298.674857,0.005681,0.015802,298.675885,0.000087,-0.013390,296.496269,-0.000374,-0.048272,296.497297,0.940749,-0.010064,297.030935,0.940289,-0.044946,297.031962
357,0.917000,-0.934447,0.047274,298.126270,-0.934911,0.012392,298.127285,0.006262,0.050302,298.660856,0.005798,0.015420,298.661871,0.000013,-0.012987,296.482246,-0.000451,-0.047869,296.483260,0.940722,-0.009958,297.016831,0.940258,-0.044841,297.017846
358,0.919000,-0.934372,0.047190,298.112332,-0.934840,0.012307,298.113334,0.006384,0.049919,298.646837,0.005916,0.015036,298.647839,-0.000061,-0.012581,296.468204,-0.000529,-0.047464,296.469206,0.940695,-0.009852,297.002710,0.940226,-0.044735,297.003712
359,0.921000,-0.934296,0.047105,298.098376,-0.934768,0.012222,298.099365,0.006506,0.049533,298.632800,0.006034,0.014650,298.633789,-0.000135,-0.012174,296.454145,-0.000607,-0.047057,296.455135,0.940667,-0.009746,296.988570,0.940195,-0.044629,296.989559
360,0.923000,-0.934220,0.047020,298.084402,-0.934696,0.012137,298.085379,0.006629,0.049145,298.618745,0.006153,0.014262,298.619722,-0.000210,-0.011764,296.440069,-0.000686,-0.046647,296.441045,0.940639,-0.009639,296.974411,0.940163,-0.044522,296.975388
361,0.925000,-0.934144,0.046934,298.070412,-0.934624,0.012051,298.071376,0.006752,0.048756,298.604672,0.006273,0.013872,298.605636,-0.000285,-0.011352,296.425974,-0.000765,-0.046236,296.426938,0.940611,-0.009531,296.960235,0.940131,-0.044414,296.961199
362,0.927000,-0.934067,0.046848,298.056404,-0.934551,0.011964,298.057355,0.006876,0.048364,298.590582,0.006393,0.013480,298.591533,-0.000361,-0.010938,296.411863,-0.000844,-0.045822,296.412814,0.940583,-0.009423,296.946041,0.940099,-0.044306,296.946992
363,0.929000,-0.933990,0.046761,298.042379,-0.934478,0.011877,298.043317,0.007001,0.047970,298.576474,0.006513,0.013086,298.577412,-0.000437,-0.010522,296.397733,-0.000924,-0.045406,296.398672,0.940555,-0.009314,296.931828,0.940067,-0.044198,296.932767
364,0.931000,-0.933913,0.046674,298.028337,-0.934405,0.011790,298.029263,0.007126,0.047574,298.562349,0.006635,0.012689,298.563274,-0.000513,-0.010103,296.383587,-0.001005,-0.044988,296.384512,0.940527,-0.009204,296.917598,0.940035,-0.044088,296.918523
365,0.933000,-0.933835,0.046587,298.014279,-0.934331,0.011702,298.015191,0.007252,0.047175,298.548206,0.006757,0.012291,298.549118,-0.000590,-0.009683,296.369423,-0.001085,-0.044567,296.370335,0.940498,-0.009094,296.903350,0.940002,-0.043979,296.904262
366,0.935000,-0.933757,0.046499,298.000203,-0.934257,0.011614,298.001102,0.007379,0.046775,298.534045,0.006879,0.011890,298.534944,-0.000667,-0.009259,296.355242,-0.001166,-0.044144,296.356141,0.940469,-0.008983,296.889084,0.939969,-0.043868,296.889983
367,0.937000,-0.933679,0.046410,297.986110,-0.934182,0.011525,297.986996,0.007506,0.046372,298.519867,0.007002,0.011487,298.520753,-0.000744,-0.008834,296.341043,-0.001248,-0.043719,296.341929,0.940440,-0.008872,296.874800,0.939936,-0.043757,296.875686
368,0.939000,-0.933600,0.046321,297.972001,-0.934107,0.011436,297.972873,0.007633,0.045968,298.505671,0.007126,0.011082,298.506544,-0.000822,-0.008407,296.326828,-0.001330,-0.043292,296.327700,0.940411,-0.008760,296.860498,0.939903,-0.043646,296.861371
369,0.941000,-0.933520,0.046232,297.957875,-0.934032,0.011346,297.958734,0.007762,0.045561,298.491459,0.007250,0.010675,298.492318,-0.000900,-0.007977,296.312595,-0.001412,-0.042863,296.313454,0.940382,-0.008648,296.846179,0.939870,-0.043533,296.847038
370,0.943000,-0.933441,0.046142,297.943732,-0.933957,0.011256,297.944578,0.007891,0.045152,298.477229,0.007374,0.010266,298.478074,-0.000979,-0.007545,296.298345,-0.001495,-0.042431,296.299191,0.940352,-0.008535,296.831842,0.939836,-0.043421,296.832688
371,0.945000,-0.933360,0.046051,297.929572,-0.933881,0.011165,297.930405,0.008020,0.044741,298.462981,0.007500,0.009855,298.463814,-0.001058,-0.007111,296.284079,-0.001578,-0.041997,296.284911,0.940323,-0.008421,296.817488,0.939803,-0.043307,296.818320
372,0.947000,-0.933280,0.045960,297.915396,-0.933804,0.011074,297.916215,0.008150,0.044327,298.448717,0.007626,0.009441,298.449536,-0.001137,-0.006674,296.269795,-0.001661,-0.041560,296.270614,0.940293,-0.008307,296.803116,0.939769,-0.043193,296.803934
373,0.949000,-0.933199,0.045869,297.901203,-0.933727,0.010982,297.902008,0.008281,0.043912,298.434435,0.007752,0.009025,298.435240,-0.001217,-0.006235,296.255494,-0.001745,-0.041122,296.256299,0.940263,-0.008192,296.788726,0.939735,-0.043079,296.789531
374,0.951000,-0.933118,0.045777,297.886994,-0.933650,0.010890,297.887786,0.008412,0.043494,298.420136,0.007879,0.008607,298.420928,-0.001297,-0.005794,296.241177,-0.001829,-0.040681,296.241968,0.940233,-0.008076,296.774319,0.939700,-0.042963,296.775111
375,0.953000,-0.933036,0.045684,297.872768,-0.933573,0.010797,297.873546,0.008544,0.043074,298.405821,0.008007,0.008187,298.406598,-0.001377,-0.005351,296.226843,-0.001914,-0.040238,296.227620,0.940203,-0.007960,296.759895,0.939666,-0.042848,296.760673
376,0.955000,-0.932954,0.045591,297.858526,-0.933495,0.010704,297.859290,0.008676,0.042652,298.391488,0.008135,0.007765,298.392252,-0.001458,-0.004905,296.212492,-0.001999,-0.039792,296.213256,0.940172,-0.007844,296.745453,0.939631,-0.042731,296.746217
377,0.957000,-0.932871,0.045497,297.844268,-0.933417,0.010610,297.845018,0.008810,0.042228,298.377138,0.008264,0.007340,298.377888,-0.001539,-0.004457,296.198124,-0.002085,-0.039345,296.198874,0.940142,-0.007726,296.730994,0.939596,-0.042614,296.731744
378,0.959000,-0.932788,0.045403,297.829993,-0.933338,0.010516,297.830729,0.008943,0.041801,298.362771,0.008393,0.006914,298.363508,-0.001621,-0.004007,296.183740,-0.002171,-0.038895,296.184476,0.940111,-0.007609,296.716518,0.939561,-0.042497,296.717254
379,0.961000,-0.932705,0.045309,297.815702,-0.933259,0.010421,297.816424,0.009078,0.041373,298.348388,0.008523,0.006485,298.349110,-0.001703,-0.003554,296.169339,-0.002257,-0.038442,296.170061,0.940080,-0.007490,296.702025,0.939526,-0.042378,296.702747
380,0.963000,-0.932621,0.045214,297.801395,-0.933180,0.010325,297.802103,0.009213,0.040942,298.333988,0.008654,0.006053,298.334696,-0.001785,-0.003099,296.154922,-0.002344,-0.037987,296.155630,0.940049,-0.007371,296.687515,0.939490,-0.042259,296.688222
381,0.965000,-0.932537,0.045118,297.787072,-0.933100,0.010230,297.787766,0.009348,0.040509,298.319571,0.008785,0.005620,298.320265,-0.001868,-0.002642,296.140488,-0.002431,-0.037530,296.141182,0.940017,-0.007251,296.672987,0.939454,-0.042140,296.673681
382,0.967000,-0.932453,0.045022,297.772733,-0.933020,0.010133,297.773412,0.009484,0.040073,298.305137,0.008917,0.005184,298.305817,-0.001951,-0.002182,296.126038,-0.002519,-0.037071,296.126718,0.939986,-0.007131,296.658443,0.939418,-0.042020,296.659122
383,0.969000,-0.932368,0.044925,297.758378,-0.932939,0.010036,297.759043,0.009621,0.039636,298.290687,0.009049,0.004747,298.291352,-0.002035,-0.001720,296.111572,-0.002607,-0.036609,296.112237,0.939954,-0.007010,296.643881,0.939382,-0.041899,296.644546
384,0.971000,-0.932282,0.044828,297.744006,-0.932859,0.009939,297.744657,0.009758,0.039196,298.276220,0.009182,0.004306,298.276871,-0.002119,-0.001256,296.097089,-0.002695,-0.036145,296.097740,0.939922,-0.006889,296.629303,0.939346,-0.041778,296.629954
385,0.973000,-0.932197,0.044730,297.729619,-0.932777,0.009841,297.730256,0.009896,0.038753,298.261737,0.009316,0.003864,298.262373,-0.002203,-0.000790,296.082590,-0.002784,-0.035679,296.083227,0.939890,-0.006767,296.614708,0.939309,-0.041656,296.615344
386,0.975000,-0.932110,0.044632,297.715216,-0.932696,0.009743,297.715838,0.010035,0.038309,298.247237,0.009450,0.003419,298.247858,-0.002288,-0.000321,296.068075,-0.002873,-0.035210,296.068697,0.939858,-0.006644,296.600096,0.939273,-0.041534,296.600718
387,0.977000,-0.932024,0.044533,297.700797,-0.932614,0.009644,297.701405,0.010174,0.037862,298.232720,0.009585,0.002973,298.233327,-0.002373,0.000150,296.053544,-0.002963,-0.034739,296.054151,0.939825,-0.006521,296.585467,0.939236,-0.041410,296.586074
388,0.979000,-0.931937,0.044434,297.686363,-0.932531,0.009544,297.686955,0.010314,0.037413,298.218187,0.009720,0.002523,298.218780,-0.002458,0.000624,296.038997,-0.003053,-0.034266,296.039589,0.939793,-0.006397,296.570822,0.939198,-0.041287,296.571414
389,0.981000,-0.931850,0.044334,297.671912,-0.932449,0.009444,297.672490,0.010455,0.036962,298.203638,0.009856,0.002072,298.204216,-0.002544,0.001100,296.024434,-0.003143,-0.033790,296.025011,0.939760,-0.006272,296.556160,0.939161,-0.041162,296.556737
390,0.983000,-0.931762,0.044234,297.657447,-0.932365,0.009344,297.658009,0.010596,0.036509,298.189073,0.009992,0.001618,298.189636,-0.002630,0.001578,296.009854,-0.003234,-0.033312,296.010417,0.939727,-0.006147,296.541481,0.939123,-0.041037,296.542044
391,0.985000,-0.931674,0.044133,297.642965,-0.932282,0.009242,297.643513,0.010737,0.036053,298.174491,0.010129,0.001162,298.175039,-0.002717,0.002059,295.995259,-0.003325,-0.032832,295.995807,0.939694,-0.006021,296.526786,0.939086,-0.040912,296.527334
392,0.987000,-0.931585,0.044031,297.628468,-0.932198,0.009141,297.629001,0.010880,0.035595,298.159893,0.010267,0.000704,298.160426,-0.002804,0.002542,295.980648,-0.003417,-0.032349,295.981182,0.939661,-0.005895,296.512074,0.939048,-0.040785,296.512607
393,0.989000,-0.931496,0.043929,297.613955,-0.932114,0.009039,297.614473,0.011023,0.035134,298.145279,0.010405,0.000244,298.145797,-0.002892,0.003027,295.966022,-0.003509,-0.031863,295.966540,0.939627,-0.005768,296.497346,0.939009,-0.040658,296.497864
394,0.991000,-0.931407,0.043827,297.599427,-0.932029,0.008936,297.599930,0.011166,0.034671,298.130649,0.010544,-0.000219,298.131152,-0.002979,0.003515,295.951379,-0.003602,-0.031376,295.951882,0.939593,-0.005640,296.482601,0.938971,-0.040531,296.483104
395,0.993000,-0.931317,0.043724,297.584884,-0.931944,0.008833,297.585372,0.011310,0.034206,298.116003,0.010683,-0.000685,298.116491,-0.003068,0.004005,295.936721,-0.003695,-0.030886,295.937209,0.939559,-0.005512,296.467840,0.938932,-0.040403,296.468328
396,0.995000,-0.931227,0.043620,297.570325,-0.931858,0.008729,297.570797,0.011455,0.033739,298.101341,0.010823,-0.001152,298.101813,-0.003156,0.004498,295.922047,-0.003788,-0.030393,295.922520,0.939525,-0.005383,296.453063,0.938894,-0.040274,296.453536
397,0.997000,-0.931136,0.043516,297.555751,-0.931772,0.008624,297.556208,0.011601,0.033269,298.086663,0.010964,-0.001622,298.087120,-0.003245,0.004993,295.907358,-0.003882,-0.029898,295.907815,0.939491,-0.005254,296.438270,0.938854,-0.040145,296.438727
398,0.999000,-0.931045,0.043411,297.541162,-0.931686,0.008519,297.541603,0.011747,0.032797,298.071969,0.011105,-0.002094,298.072410,-0.003335,0.005490,295.892653,-0.003976,-0.029401,295.893095,0.939457,-0.005123,296.423460,0.938815,-0.040015,296.423902
399,1.001000,-0.930953,0.043305,297.526557,-0.931600,0.008414,297.526983,0.011893,0.032323,298.057259,0.011247,-0.002569,298.057685,-0.003425,0.005990,295.877933,-0.004071,-0.028902,295.878359,0.939422,-0.004993,296.408634,0.938776,-0.039884,296.409060
400,1.003000,-0.930861,0.043199,297.511938,-0.931513,0.008308,297.512348,0.012040,0.031846,298.042533,0.011389,-0.003045,298.042943,-0.003515,0.006492,295.863197,-0.004166,-0.028400,295.863608,0.939387,-0.004861,296.393792,0.938736,-0.039753,296.394203
401,1.005000,-0.930769,0.043093,297.497303,-0.931425,0.008201,297.497698,0.012188,0.031367,298.027791,0.011532,-0.003525,298.028186,-0.003605,0.006996,295.848446,-0.004261,-0.027895,295.848841,0.939352,-0.004729,296.378935,0.938696,-0.039621,296.379330
402,1.007000,-0.930676,0.042986,297.482653,-0.931337,0.008094,297.483032,0.012337,0.030885,298.013034,0.011676,-0.004006,298.013413,-0.003696,0.007503,295.833680,-0.004357,-0.027388,295.834059,0.939317,-0.004597,296.364061,0.938656,-0.039489,296.364440
403,1.009000,-0.930583,0.042878,297.467988,-0.931249,0.007986,297.468352,0.012486,0.030402,297.998261,0.011820,-0.004490,297.998624,-0.003788,0.008013,295.818898,-0.004454,-0.026879,295.819262,0.939281,-0.004464,296.349171,0.938615,-0.039355,296.349534
404,1.011000,-0.930490,0.042770,297.453309,-0.931161,0.007878,297.453656,0.012636,0.029915,297.983472,0.011965,-0.004977,297.983820,-0.003879,0.008525,295.804101,-0.004550,-0.026367,295.804449,0.939246,-0.004330,296.334265,0.938575,-0.039222,296.334613
405,1.013000,-0.930396,0.042661,297.438614,-0.931072,0.007769,297.438946,0.012786,0.029427,297.968668,0.012110,-0.005465,297.969000,-0.003972,0.009039,295.789289,-0.004648,-0.025853,295.789621,0.939210,-0.004195,296.319344,0.938534,-0.039087,296.319675
406,1.015000,-0.930301,0.042551,297.423905,-0.930982,0.007659,297.424220,0.012937,0.028936,297.953848,0.012256,-0.005956,297.954164,-0.004064,0.009555,295.774462,-0.004745,-0.025336,295.774778,0.939174,-0.004060,296.304406,0.938493,-0.038952,296.304722
407,1.017000,-0.930207,0.042441,297.409181,-0.930893,0.007549,297.409480,0.013088,0.028442,297.939013,0.012402,-0.006450,297.939313,-0.004157,0.010075,295.759620,-0.004843,-0.024817,295.759920,0.939138,-0.003925,296.289453,0.938452,-0.038817,296.289753
408,1.019000,-0.930111,0.042331,297.394442,-0.930802,0.007439,297.394725,0.013241,0.027946,297.924163,0.012549,-0.006946,297.924446,-0.004251,0.010596,295.744763,-0.004942,-0.024296,295.745047,0.939101,-0.003788,296.274484,0.938410,-0.038680,296.274768
409,1.021000,-0.930016,0.042219,297.379688,-0.930712,0.007327,297.379955,0.013393,0.027448,297.909296,0.012697,-0.007444,297.909564,-0.004344,0.011120,295.729891,-0.005041,-0.023772,295.730158,0.939065,-0.003651,296.259500,0.938369,-0.038543,296.259767
410,1.023000,-0.929920,0.042108,297.364920,-0.930621,0.007216,297.365171,0.013547,0.026947,297.894415,0.012845,-0.007945,297.894666,-0.004438,0.011646,295.715004,-0.005140,-0.023246,295.715255,0.939028,-0.003514,296.244500,0.938327,-0.038406,296.244750
411,1.025000,-0.929823,0.041995,297.350137,-0.930530,0.007103,297.350371,0.013701,0.026444,297.879518,0.012994,-0.008448,297.879753,-0.004533,0.012175,295.700103,-0.005240,-0.022717,295.700337,0.938991,-0.003375,296.229484,0.938284,-0.038268,296.229718
412,1.027000,-0.929726,0.041882,297.335340,-0.930438,0.006990,297.335557,0.013856,0.025939,297.864606,0.013144,-0.008953,297.864824,-0.004628,0.012707,295.685186,-0.005340,-0.022185,295.685404,0.938954,-0.003237,296.214453,0.938242,-0.038129,296.214671
413,1.029000,-0.929629,0.041768,297.320528,-0.930346,0.006876,297.320729,0.014011,0.025431,297.849679,0.013294,-0.009461,297.849880,-0.004723,0.013240,295.670255,-0.005440,-0.021652,295.670456,0.938916,-0.003097,296.199406,0.938199,-0.037989,296.199608
414,1.031000,-0.929531,0.041654,297.305701,-0.930253,0.006762,297.305886,0.014167,0.024920,297.834737,0.013445,-0.009972,297.834921,-0.004819,0.013777,295.655309,-0.005541,-0.021115,295.655494,0.938879,-0.002957,296.184344,0.938157,-0.037849,296.184529
415,1.033000,-0.929433,0.041539,297.290861,-0.930161,0.006647,297.291029,0.014323,0.024408,297.819779,0.013596,-0.010484,297.819947,-0.004915,0.014315,295.640349,-0.005643,-0.020577,295.640517,0.938841,-0.002816,296.169267,0.938114,-0.037708,296.169435
416,1.035000,-0.929334,0.041424,297.276006,-0.930067,0.006532,297.276157,0.014481,0.023892,297.804806,0.013748,-0.011000,297.804958,-0.005012,0.014856,295.625374,-0.005745,-0.020035,295.625525,0.938803,-0.002675,296.154174,0.938070,-0.037567,296.154326
417,1.037000,-0.929235,0.041308,297.261136,-0.929974,0.006416,297.261271,0.014638,0.023375,297.789819,0.013900,-0.011517,297.789953,-0.005109,0.015400,295.610384,-0.005847,-0.019492,295.610519,0.938765,-0.002533,296.139066,0.938027,-0.037425,296.139201
418,1.039000,-0.929136,0.041191,297.246253,-0.929879,0.006299,297.246370,0.014797,0.022854,297.774816,0.014053,-0.012038,297.774933,-0.005206,0.015946,295.595380,-0.005950,-0.018946,295.595498,0.938727,-0.002391,296.123943,0.937983,-0.037282,296.124061
419,1.041000,-0.929036,0.041074,297.231355,-0.929785,0.006182,297.231455,0.014956,0.022332,297.759798,0.014207,-0.012560,297.759899,-0.005304,0.016495,295.580362,-0.006053,-0.018397,295.580462,0.938688,-0.002247,296.108805,0.937939,-0.037139,296.108905
420,1.043000,-0.928936,0.040956,297.216443,-0.929690,0.006064,297.216526,0.015115,0.021806,297.744766,0.014361,-0.013085,297.744849,-0.005402,0.017046,295.565329,-0.006156,-0.017846,295.565412,0.938649,-0.002103,296.093652,0.937895,-0.036995,296.093735
421,1.045000,-0.928835,0.040837,297.201517,-0.929595,0.005945,297.201583,0.015276,0.021279,297.729718,0.014516,-0.013613,297.729784,-0.005501,0.017599,295.550282,-0.006260,-0.017292,295.550348,0.938610,-0.001959,296.078483,0.937850,-0.036851,296.078549
422,1.047000,-0.928734,0.040718,297.186577,-0.929499,0.005826,297.186626,0.015437,0.020748,297.714656,0.014671,-0.014143,297.714705,-0.005600,0.018155,295.535221,-0.006365,-0.016736,295.535270,0.938571,-0.001814,296.063300,0.937806,-0.036706,296.063349
423,1.049000,-0.928632,0.040598,297.171623,-0.929403,0.005707,297.171655,0.015598,0.020216,297.699579,0.014827,-0.014676,297.699611,-0.005699,0.018714,295.520145,-0.006470,-0.016177,295.520177,0.938531,-0.001668,296.048101,0.937761,-0.036560,296.048133
424,1.051000,-0.928530,0.040477,297.156655,-0.929307,0.005586,297.156669,0.015760,0.019681,297.684487,0.014984,-0.015211,297.684502,-0.005799,0.019275,295.505056,-0.006575,-0.015616,295.505070,0.938492,-0.001522,296.032888,0.937715,-0.036413,296.032902
425,1.053000,-0.928428,0.040356,297.141673,-0.929210,0.005465,297.141670,0.015923,0.019143,297.669381,0.015141,-0.015748,297.669378,-0.005899,0.019839,295.489952,-0.006681,-0.015053,295.489948,0.938452,-0.001375,296.017660,0.937670,-0.036266,296.017656
426,1.055000,-0.928325,0.040235,297.126677,-0.929113,0.005343,297.126656,0.016086,0.018603,297.654260,0.015299,-0.016288,297.654239,-0.005999,0.020405,295.474834,-0.006787,-0.014487,295.474813,0.938412,-0.001227,296.002417,0.937624,-0.036118,296.002396
427,1.057000,-0.928222,0.040112,297.111668,-0.929015,0.005221,297.111629,0.016250,0.018060,297.639124,0.015457,-0.016831,297.639086,-0.006100,0.020973,295.459702,-0.006893,-0.013918,295.459664,0.938372,-0.001079,295.987159,0.937578,-0.035970,295.987120
428,1.059000,-0.928118,0.039989,297.096644,-0.928917,0.005098,297.096588,0.016415,0.017515,297.623974,0.015616,-0.017376,297.623918,-0.006202,0.021544,295.444556,-0.007001,-0.013347,295.444500,0.938331,-0.000930,295.971886,0.937532,-0.035821,295.971830
429,1.061000,-0.928014,0.039865,297.081607,-0.928818,0.004975,297.081533,0.016580,0.016967,297.608809,0.015776,-0.017924,297.608735,-0.006304,0.022118,295.429397,-0.007108,-0.012773,295.429323,0.938290,-0.000781,295.956599,0.937486,-0.035671,295.956525
430,1.063000,-0.927909,0.039741,297.066556,-0.928720,0.004850,297.066465,0.016746,0.016416,297.593630,0.015936,-0.018474,297.593538,-0.006406,0.022694,295.414223,-0.007216,-0.012197,295.414131,0.938250,-0.000631,295.941297,0.937439,-0.035521,295.941205
431,1.065000,-0.927804,0.039616,297.051492,-0.928620,0.004725,297.051382,0.016912,0.015863,297.578436,0.016096,-0.019027,297.578326,-0.006508,0.023272,295.399036,-0.007324,-0.011618,295.398926,0.938208,-0.000480,295.925980,0.937392,-0.035370,295.925870
432,1.067000,-0.927699,0.039490,297.036414,-0.928521,0.004600,297.036286,0.017079,0.015308,297.563228,0.016258,-0.019582,297.563100,-0.006611,0.023853,295.383835,-0.007433,-0.011037,295.383707,0.938167,-0.000329,295.910649,0.937345,-0.035219,295.910521
433,1.069000,-0.927593,0.039363,297.021323,-0.928421,0.004474,297.021177,0.017247,0.014750,297.548006,0.016420,-0.020140,297.547860,-0.006715,0.024437,295.368620,-0.007542,-0.010453,295.368474,0.938126,-0.000177,295.895304,0.937298,-0.035067,295.895158
434,1.071000,-0.927487,0.039236,297.006218,-0.928320,0.004347,297.006053,0.017416,0.014189,297.532769,0.016582,-0.020700,297.532605,-0.006818,0.025023,295.353392,-0.007652,-0.009867,295.353228,0.938084,-0.000024,295.879944,0.937250,-0.034914,295.879779
435,1.073000,-0.927380,0.039109,296.991099,-0.928219,0.004219,296.990917,0.017584,0.013626,297.517518,0.016745,-0.021263,297.517336,-0.006923,0.025612,295.338150,-0.007762,-0.009278,295.337968,0.938042,0.000129,295.864569,0.937203,-0.034760,295.864387
436,1.075000,-0.927273,0.038980,296.975967,-0.928118,0.004091,296.975767,0.017754,0.013060,297.502253,0.016909,-0.021829,297.502052,-0.007027,0.026203,295.322895,-0.007872,-0.008686,295.322694,0.938000,0.000283,295.849180,0.937154,-0.034606,295.848979
437,1.077000,-0.927165,0.038851,296.960822,-0.928016,0.003962,296.960603,0.017924,0.012492,297.486973,0.017073,-0.022397,297.486754,-0.007132,0.026796,295.307626,-0.007983,-0.008093,295.307407,0.937957,0.000437,295.833777,0.937106,-0.034452,295.833558
438,1.079000,-0.927057,0.038721,296.945664,-0.927914,0.003833,296.945426,0.018095,0.011921,297.471680,0.017238,-0.022968,297.471442,-0.007238,0.027393,295.292344,-0.008095,-0.007496,295.292106,0.937915,0.000592,295.818360,0.937058,-0.034296,295.818122
439,1.081000,-0.926949,0.038591,296.930492,-0.927812,0.003702,296.930236,0.018266,0.011347,297.456372,0.017404,-0.023541,297.456116,-0.007344,0.027991,295.277048,-0.008207,-0.006897,295.276792,0.937872,0.000748,295.802928,0.937009,-0.034140,295.802672
440,1.083000,-0.926840,0.038459,296.915307,-0.927709,0.003571,296.915032,0.018439,0.010771,297.441051,0.017570,-0.024117,297.440776,-0.007450,0.028593,295.261739,-0.008319,-0.006295,295.261464,0.937829,0.000904,295.787482,0.936960,-0.033984,295.787207
441,1.085000,-0.926731,0.038328,296.900109,-0.927606,0.003440,296.899816,0.018611,0.010192,297.425715,0.017736,-0.024695,297.425421,-0.007556,0.029196,295.246416,-0.008431,-0.005691,295.246123,0.937785,0.001061,295.772022,0.936910,-0.033826,295.771729
442,1.087000,-0.926621,0.038195,296.884898,-0.927502,0.003308,296.884586,0.018784,0.009611,297.410365,0.017903,-0.025276,297.410053,-0.007664,0.029803,295.231081,-0.008545,-0.005085,295.230768,0.937742,0.001219,295.756548,0.936861,-0.033669,295.756236
443,1.089000,-0.926511,0.038062,296.869674,-0.927398,0.003175,296.869342,0.018958,0.009027,297.395002,0.018071,-0.025860,297.394670,-0.007771,0.030412,295.215732,-0.008658,-0.004475,295.215401,0.937698,0.001377,295.741060,0.936811,-0.033510,295.740729
444,1.091000,-0.926400,0.037928,296.854437,-0.927293,0.003041,296.854086,0.019133,0.008440,297.379624,0.018240,-0.026446,297.379274,-0.007879,0.031023,295.200370,-0.008772,-0.003864,295.200020,0.937654,0.001536,295.725558,0.936761,-0.033351,295.725208
445,1.093000,-0.926289,0.037793,296.839186,-0.927188,0.002907,296.838817,0.019308,0.007851,297.364233,0.018409,-0.027035,297.363864,-0.007987,0.031637,295.184995,-0.008887,-0.003249,295.184626,0.937610,0.001695,295.710042,0.936710,-0.033191,295.709673
446,1.095000,-0.926177,0.037658,296.823923,-0.927083,0.002772,296.823535,0.019484,0.007259,297.348828,0.018578,-0.027627,297.348439,-0.008096,0.032254,295.169607,-0.009001,-0.002632,295.169219,0.937565,0.001855,295.694512,0.936660,-0.033031,295.694123
447,1.097000,-0.926065,0.037522,296.808647,-0.926977,0.002636,296.808239,0.019660,0.006665,297.333409,0.018748,-0.028221,297.333001,-0.008205,0.032873,295.154206,-0.009117,-0.002013,295.153798,0.937521,0.002016,295.678968,0.936609,-0.032870,295.678560
448,1.099000,-0.925953,0.037385,296.793358,-0.926871,0.002499,296.792931,0.019837,0.006067,297.317976,0.018919,-0.028818,297.317549,-0.008314,0.033494,295.138792,-0.009233,-0.001391,295.138365,0.937476,0.002177,295.663411,0.936558,-0.032708,295.662983
449,1.101000,-0.925840,0.037247,296.778057,-0.926765,0.002362,296.777610,0.020015,0.005468,297.302530,0.019090,-0.029417,297.302084,-0.008424,0.034119,295.123366,-0.009349,-0.000766,295.122919,0.937431,0.002339,295.647839,0.936506,-0.032546,295.647393
450,1.103000,-0.925727,0.037109,296.762742,-0.926658,0.002225,296.762276,0.020193,0.004865,297.287070,0.019262,-0.030019,297.286604,-0.008535,0.034745,295.107926,-0.009465,-0.000139,295.107460,0.937385,0.002501,295.632254,0.936454,-0.032383,295.631788
451,1.105000,-0.925613,0.036970,296.747415,-0.926550,0.002086,296.746929,0.020372,0.004260,297.271597,0.019435,-0.030624,297.271111,-0.008645,0.035375,295.092474,-0.009582,0.000491,295.091988,0.937340,0.002665,295.616655,0.936403,-0.032219,295.616170
452,1.107000,-0.925499,0.036830,296.732075,-0.926443,0.001947,296.731570,0.020551,0.003652,297.256110,0.019608,-0.031232,297.255604,-0.008756,0.036007,295.077008,-0.009700,0.001123,295.076503,0.937294,0.002828,295.601043,0.936350,-0.032055,295.600538
453,1.109000,-0.925385,0.036690,296.716723,-0.926335,0.001807,296.716198,0.020731,0.003042,297.240609,0.019781,-0.031842,297.240084,-0.008868,0.036641,295.061531,-0.009818,0.001758,295.061006,0.937248,0.002993,295.585417,0.936298,-0.031890,295.584892
454,1.111000,-0.925270,0.036549,296.701358,-0.926226,0.001666,296.700813,0.020912,0.002428,297.225095,0.019955,-0.032454,297.224550,-0.008980,0.037278,295.046040,-0.009936,0.002395,295.045495,0.937201,0.003158,295.569777,0.936245,-0.031725,295.569232
455,1.113000,-0.925154,0.036407,296.685980,-0.926117,0.001525,296.685416,0.021093,0.001812,297.209567,0.020130,-0.033070,297.209003,-0.009092,0.037918,295.030537,-0.010055,0.003035,295.029972,0.937155,0.003323,295.554124,0.936192,-0.031559,295.553559
456,1.115000,-0.925038,0.036264,296.670590,-0.926008,0.001383,296.670006,0.021275,0.001194,297.194026,0.020306,-0.033688,297.193442,-0.009205,0.038560,295.015021,-0.010174,0.003678,295.014437,0.937108,0.003489,295.538457,0.936139,-0.031392,295.537873
457,1.117000,-0.924922,0.036121,296.655188,-0.925898,0.001240,296.654583,0.021457,0.000573,297.178472,0.020482,-0.034309,297.177867,-0.009318,0.039204,294.999493,-0.010294,0.004323,294.998889,0.937061,0.003656,295.522777,0.936085,-0.031225,295.522173
458,1.119000,-0.924805,0.035977,296.639773,-0.925788,0.001096,296.639148,0.021641,-0.000051,297.162904,0.020658,-0.034932,297.162280,-0.009432,0.039852,294.983953,-0.010414,0.004971,294.983328,0.937014,0.003824,295.507084,0.936031,-0.031057,295.506459
459,1.121000,-0.924688,0.035832,296.624346,-0.925677,0.000952,296.623701,0.021824,-0.000678,297.147323,0.020835,-0.035558,297.146678,-0.009546,0.040502,294.968400,-0.010535,0.005622,294.967755,0.936966,0.003992,295.491377,0.935977,-0.030888,295.490732
460,1.123000,-0.924570,0.035686,296.608906,-0.925566,0.000807,296.608241,0.022009,-0.001307,297.131729,0.021013,-0.036187,297.131064,-0.009660,0.041154,294.952834,-0.010656,0.006275,294.952169,0.936919,0.004160,295.475657,0.935923,-0.030719,295.474992
461,1.125000,-0.924452,0.035540,296.593454,-0.925455,0.000661,296.592769,0.022194,-0.001939,297.116122,0.021191,-0.036818,297.115436,-0.009775,0.041809,294.937257,-0.010777,0.006930,294.936571,0.936871,0.004329,295.459924,0.935868,-0.030549,295.459239
462,1.127000,-0.924334,0.035393,296.577990,-0.925343,0.000515,296.577284,0.022379,-0.002574,297.100501,0.021370,-0.037453,297.099795,-0.009890,0.042467,294.921667,-0.010899,0.007588,294.920961,0.936823,0.004499,295.444178,0.935814,-0.030379,295.443472
463,1.129000,-0.924215,0.035245,296.562514,-0.925230,0.000367,296.561788,0.022565,-0.003212,297.084867,0.021549,-0.038089,297.084141,-0.010006,0.043127,294.906065,-0.011022,0.008249,294.905338,0.936774,0.004670,295.428418,0.935758,-0.030208,295.427692
464,1.131000,-0.924095,0.035097,296.547026,-0.925118,0.000220,296.546279,0.022752,-0.003852,297.069220,0.021729,-0.038729,297.068473,-0.010122,0.043789,294.890451,-0.011144,0.008912,294.889704,0.936725,0.004841,295.412645,0.935703,-0.030036,295.411898
465,1.133000,-0.923975,0.034947,296.531525,-0.925005,0.000071,296.530757,0.022939,-0.004495,297.053561,0.021910,-0.039371,297.052793,-0.010238,0.044455,294.874824,-0.011268,0.009578,294.874057,0.936677,0.005012,295.396860,0.935647,-0.029864,295.396092
466,1.135000,-0.923855,0.034797,296.516013,-0.924891,-0.000079,296.515224,0.023127,-0.005141,297.037888,0.022091,-0.040016,297.037099,-0.010355,0.045123,294.859186,-0.011391,0.010247,294.858397,0.936627,0.005185,295.381061,0.935591,-0.029691,295.380272
467,1.137000,-0.923734,0.034646,296.500488,-0.924777,-0.000229,296.499679,0.023316,-0.005789,297.022202,0.022273,-0.040664,297.021392,-0.010472,0.045793,294.843536,-0.011515,0.010918,294.842726,0.936578,0.005358,295.365249,0.935535,-0.029517,295.364439
468,1.139000,-0.923613,0.034495,296.484952,-0.924663,-0.000380,296.484121,0.023505,-0.006440,297.006503,0.022455,-0.041315,297.005672,-0.010590,0.046466,294.827873,-0.011640,0.011592,294.827043,0.936528,0.005531,295.349424,0.935478,-0.029343,295.348594
469,1.141000,-0.923491,0.034342,296.469404,-0.924548,-0.000531,296.468552,0.023695,-0.007094,296.990791,0.022638,-0.041968,296.989940,-0.010708,0.047142,294.812199,-0.011765,0.012268,294.811348,0.936478,0.005705,295.333587,0.935421,-0.029168,295.332735
470,1.143000,-0.923369,0.034189,296.453843,-0.924433,-0.000684,296.452971,0.023885,-0.007751,296.975066,0.022821,-0.042624,296.974194,-0.010827,0.047820,294.796513,-0.011890,0.012947,294.795640,0.936428,0.005880,295.317736,0.935364,-0.028993,295.316864
471,1.145000,-0.923247,0.034035,296.438271,-0.924318,-0.000837,296.437377,0.024076,-0.008411,296.959329,0.023005,-0.043283,296.958435,-0.010945,0.048501,294.780815,-0.012016,0.013629,294.779921,0.936378,0.006055,295.301873,0.935307,-0.028817,295.300979
472,1.147000,-0.923124,0.033880,296.422687,-0.924202,-0.000991,296.421772,0.024268,-0.009073,296.943579,0.023190,-0.043944,296.942664,-0.011065,0.049184,294.765105,-0.012143,0.014313,294.764190,0.936327,0.006231,295.285997,0.935249,-0.028640,295.285082
473,1.149000,-0.923000,0.033725,296.407092,-0.924085,-0.001146,296.406155,0.024460,-0.009738,296.927816,0.023375,-0.044608,296.926879,-0.011184,0.049870,294.749384,-0.012269,0.015000,294.748448,0.936276,0.006408,295.270108,0.935191,-0.028463,295.269171
474,1.151000,-0.922877,0.033569,296.391484,-0.923969,-0.001301,296.390526,0.024653,-0.010405,296.912040,0.023561,-0.045275,296.911082,-0.011305,0.050559,294.733651,-0.012397,0.015689,294.732693,0.936225,0.006585,295.254206,0.935133,-0.028285,295.253249
475,1.153000,-0.922752,0.033412,296.375865,-0.923852,-0.001457,296.374886,0.024846,-0.011076,296.896251,0.023747,-0.045945,296.895272,-0.011425,0.051250,294.717906,-0.012524,0.016381,294.716927,0.936174,0.006763,295.238292,0.935074,-0.028106,295.237313
476,1.155000,-0.922628,0.033254,296.360235,-0.923734,-0.001614,296.359234,0.025040,-0.011749,296.880450,0.023934,-0.046617,296.879449,-0.011546,0.051944,294.702150,-0.012652,0.017076,294.701149,0.936122,0.006941,295.222365,0.935015,-0.027927,295.221364
477,1.157000,-0.922502,0.033095,296.344592,-0.923616,-0.001772,296.343570,0.025235,-0.012425,296.864636,0.024121,-0.047292,296.863614,-0.011667,0.052641,294.686382,-0.012781,0.017773,294.685359,0.936070,0.007120,295.206426,0.934956,-0.027747,295.205403
478,1.159000,-0.922377,0.032936,296.328939,-0.923498,-0.001930,296.327894,0.025430,-0.013104,296.848810,0.024309,-0.047970,296.847766,-0.011789,0.053340,294.670603,-0.012910,0.018473,294.669558,0.936018,0.007300,295.190474,0.934897,-0.027567,295.189430
479,1.161000,-0.922251,0.032776,296.313273,-0.923379,-0.002090,296.312207,0.025626,-0.013786,296.832971,0.024498,-0.048651,296.831905,-0.011911,0.054041,294.654812,-0.013039,0.019176,294.653746,0.935965,0.007480,295.174510,0.934837,-0.027386,295.173444
480,1.163000,-0.922124,0.032615,296.297596,-0.923259,-0.002250,296.296508,0.025822,-0.014470,296.817120,0.024687,-0.049335,296.816032,-0.012034,0.054745,294.639010,-0.013169,0.019881,294.637921,0.935913,0.007660,295.158533,0.934777,-0.027204,295.157445
481,1.165000,-0.921997,0.032453,296.281908,-0.923140,-0.002410,296.280798,0.026019,-0.015157,296.801256,0.024877,-0.050021,296.800146,-0.012157,0.055452,294.623196,-0.013300,0.020589,294.622086,0.935860,0.007842,295.142544,0.934717,-0.027022,295.141434
482,1.167000,-0.921870,0.032291,296.266209,-0.923020,-0.002572,296.265076,0.026217,-0.015847,296.785380,0.025067,-0.050710,296.784247,-0.012280,0.056162,294.607371,-0.013430,0.021299,294.606239,0.935806,0.008024,295.126542,0.934656,-0.026839,295.125410
483,1.169000,-0.921742,0.032127,296.250498,-0.922899,-0.002734,296.249343,0.026415,-0.016540,296.769491,0.025258,-0.051402,296.768337,-0.012404,0.056874,294.591535,-0.013562,0.022012,294.590381,0.935753,0.008206,295.110529,0.934595,-0.026655,295.109374
484,1.171000,-0.921613,0.031963,296.234775,-0.922778,-0.002897,296.233599,0.026614,-0.017235,296.753590,0.025449,-0.052096,296.752413,-0.012528,0.057588,294.575688,-0.013693,0.022728,294.574511,0.935699,0.008390,295.094502,0.934534,-0.026471,295.093326
485,1.173000,-0.921485,0.031798,296.219042,-0.922657,-0.003061,296.217843,0.026813,-0.017934,296.737677,0.025641,-0.052793,296.736477,-0.012653,0.058306,294.559829,-0.013825,0.023446,294.558630,0.935645,0.008573,295.078464,0.934473,-0.026286,295.077265
486,1.175000,-0.921355,0.031633,296.203297,-0.922535,-0.003226,296.202076,0.027013,-0.018635,296.721751,0.025833,-0.053494,296.720529,-0.012778,0.059025,294.543960,-0.013958,0.024167,294.542738,0.935591,0.008758,295.062414,0.934411,-0.026101,295.061192
487,1.177000,-0.921226,0.031466,296.187541,-0.922413,-0.003391,296.186297,0.027214,-0.019339,296.705813,0.026026,-0.054196,296.704569,-0.012903,0.059748,294.528079,-0.014091,0.024890,294.526835,0.935536,0.008943,295.046351,0.934349,-0.025915,295.045107
488,1.179000,-0.921096,0.031299,296.171774,-0.922291,-0.003557,296.170508,0.027415,-0.020046,296.689863,0.026220,-0.054902,296.688596,-0.013029,0.060473,294.512188,-0.014224,0.025616,294.510921,0.935481,0.009128,295.030276,0.934286,-0.025728,295.029009
489,1.181000,-0.920965,0.031131,296.155996,-0.922168,-0.003724,296.154707,0.027616,-0.020755,296.673900,0.026414,-0.055611,296.672611,-0.013155,0.061201,294.496285,-0.014358,0.026345,294.494996,0.935426,0.009314,295.014189,0.934224,-0.025541,295.012900
490,1.183000,-0.920834,0.030962,296.140207,-0.922044,-0.003892,296.138895,0.027819,-0.021468,296.657926,0.026608,-0.056322,296.656614,-0.013282,0.061931,294.480371,-0.014492,0.027077,294.479059,0.935371,0.009501,294.998090,0.934161,-0.025353,294.996778
491,1.185000,-0.920703,0.030792,296.124407,-0.921921,-0.004061,296.123072,0.028022,-0.022183,296.641939,0.026804,-0.057036,296.640604,-0.013409,0.062664,294.464447,-0.014627,0.027811,294.463112,0.935315,0.009689,294.981979,0.934097,-0.025165,294.980644
492,1.187000,-0.920571,0.030622,296.108596,-0.921796,-0.004230,296.107238,0.028225,-0.022901,296.625940,0.026999,-0.057753,296.624583,-0.013537,0.063399,294.448512,-0.014762,0.028547,294.447154,0.935259,0.009877,294.965856,0.934034,-0.024975,294.964499
493,1.189000,-0.920438,0.030451,296.092773,-0.921672,-0.004400,296.091393,0.028429,-0.023622,296.609930,0.027196,-0.058472,296.608549,-0.013664,0.064137,294.432565,-0.014898,0.029287,294.431185,0.935203,0.010065,294.949722,0.933970,-0.024786,294.948341
494,1.191000,-0.920306,0.030279,296.076940,-0.921547,-0.004571,296.075536,0.028634,-0.024345,296.593907,0.027393,-0.059195,296.592503,-0.013793,0.064878,294.416609,-0.015034,0.030029,294.415205,0.935147,0.010254,294.933575,0.933905,-0.024595,294.932171
495,1.193000,-0.920172,0.030106,296.061096,-0.921421,-0.004743,296.059669,0.028839,-0.025072,296.577872,0.027590,-0.059920,296.576445,-0.013921,0.065622,294.400641,-0.015171,0.030773,294.399214,0.935090,0.010444,294.917417,0.933841,-0.024404,294.915989
496,1.195000,-0.920039,0.029932,296.045242,-0.921296,-0.004915,296.043791,0.029045,-0.025801,296.561825,0.027788,-0.060648,296.560375,-0.014051,0.066368,294.384663,-0.015307,0.031520,294.383212,0.935033,0.010635,294.901246,0.933776,-0.024213,294.899796
497,1.197000,-0.919904,0.029758,296.029376,-0.921169,-0.005088,296.027902,0.029251,-0.026533,296.545766,0.027986,-0.061379,296.544293,-0.014180,0.067116,294.368674,-0.015445,0.032270,294.367200,0.934976,0.010826,294.885064,0.933711,-0.024020,294.883591
498,1.199000,-0.919770,0.029582,296.013500,-0.921043,-0.005262,296.012003,0.029458,-0.027268,296.529696,0.028185,-0.062113,296.528199,-0.014310,0.067867,294.352675,-0.015583,0.033023,294.351177,0.934918,0.011017,294.868871,0.933645,-0.023827,294.867373
499,1.201000,-0.919635,0.029406,295.997613,-0.920916,-0.005437,295.996092,0.029666,-0.028006,296.513613,0.028385,-0.062849,296.512093,-0.014440,0.068621,294.336665,-0.015721,0.033778,294.335144,0.934860,0.011209,294.852665,0.933579,-0.023634,294.851144
500,1.203000,-0.919499,0.029229,295.981715,-0.920788,-0.005613,295.980171,0.029874,-0.028746,296.497519,0.028585,-0.063588,296.495975,-0.014571,0.069378,294.320644,-0.015860,0.034536,294.319100,0.934802,0.011402,294.836448,0.933513,-0.023440,294.834904
501,1.205000,-0.919363,0.029051,295.965807,-0.920660,-0.005789,295.964239,0.030082,-0.029490,296.481413,0.028786,-0.064330,296.479845,-0.014702,0.070137,294.304613,-0.015999,0.035296,294.303045,0.934744,0.011596,294.820219,0.933447,-0.023245,294.818652
502,1.207000,-0.919227,0.028873,295.949888,-0.920532,-0.005966,295.948296,0.030292,-0.030236,296.465295,0.028987,-0.065075,296.463704,-0.014834,0.070899,294.288572,-0.016139,0.036059,294.286980,0.934685,0.011790,294.803979,0.933380,-0.023050,294.802388
503,1.209000,-0.919090,0.028694,295.933959,-0.920403,-0.006144,295.932343,0.030502,-0.030985,296.449166,0.029189,-0.065823,296.447550,-0.014966,0.071663,294.272521,-0.016279,0.036825,294.270905,0.934626,0.011984,294.787728,0.933313,-0.022854,294.786112
504,1.211000,-0.918953,0.028513,295.918019,-0.920274,-0.006323,295.916379,0.030712,-0.031737,296.433024,0.029391,-0.066574,296.431385,-0.015098,0.072430,294.256459,-0.016419,0.037594,294.254819,0.934567,0.012180,294.771464,0.933246,-0.022657,294.769825
505,1.213000,-0.918815,0.028332,295.902068,-0.920144,-0.006503,295.900405,0.030923,-0.032492,296.416872,0.029594,-0.067327,296.415208,-0.015231,0.073200,294.240386,-0.016560,0.038365,294.238723,0.934507,0.012375,294.755190,0.933178,-0.022460,294.753526
506,1.215000,-0.918677,0.028151,295.886107,-0.920014,-0.006683,295.884420,0.031134,-0.033249,296.400707,0.029797,-0.068083,296.399020,-0.015364,0.073972,294.224304,-0.016701,0.039138,294.222617,0.934447,0.012572,294.738904,0.933110,-0.022262,294.737216
507,1.217000,-0.918538,0.027968,295.870136,-0.919884,-0.006864,295.868425,0.031347,-0.034010,296.384531,0.030001,-0.068842,296.382819,-0.015497,0.074747,294.208212,-0.016843,0.039915,294.206500,0.934387,0.012769,294.722606,0.933041,-0.022063,294.720895
508,1.219000,-0.918399,0.027785,295.854155,-0.919753,-0.007046,295.852419,0.031559,-0.034773,296.368343,0.030205,-0.069604,296.366607,-0.015631,0.075524,294.192109,-0.016986,0.040694,294.190373,0.934327,0.012967,294.706298,0.932973,-0.021864,294.704562
509,1.221000,-0.918259,0.027600,295.838163,-0.919622,-0.007229,295.836402,0.031773,-0.035539,296.352144,0.030410,-0.070368,296.350384,-0.015766,0.076304,294.175996,-0.017128,0.041475,294.174236,0.934266,0.013165,294.689978,0.932904,-0.021664,294.688217
510,1.223000,-0.918119,0.027415,295.822160,-0.919490,-0.007412,295.820376,0.031986,-0.036308,296.335933,0.030616,-0.071136,296.334149,-0.015901,0.077087,294.159873,-0.017271,0.042260,294.158089,0.934205,0.013364,294.673646,0.932834,-0.021464,294.671862
511,1.225000,-0.917979,0.027229,295.806148,-0.919358,-0.007596,295.804339,0.032201,-0.037080,296.319711,0.030821,-0.071906,296.317902,-0.016036,0.077873,294.143741,-0.017415,0.043047,294.141932,0.934144,0.013563,294.657304,0.932765,-0.021263,294.655495
512,1.227000,-0.917838,0.027043,295.790125,-0.919226,-0.007781,295.788292,0.032416,-0.037855,296.303478,0.031028,-0.072679,296.301644,-0.016171,0.078661,294.127598,-0.017559,0.043836,294.125764,0.934082,0.013763,294.640950,0.932695,-0.021061,294.639116
513,1.229000,-0.917697,0.026855,295.774092,-0.919093,-0.007967,295.772234,0.032631,-0.038632,296.287233,0.031235,-0.073455,296.285374,-0.016307,0.079451,294.111445,-0.017703,0.044629,294.109587,0.934020,0.013964,294.624585,0.932624,-0.020859,294.622727
514,1.231000,-0.917555,0.026667,295.758049,-0.918959,-0.008154,295.756166,0.032847,-0.039413,296.270976,0.031443,-0.074233,296.269093,-0.016444,0.080245,294.095283,-0.017848,0.045424,294.093400,0.933958,0.014165,294.608210,0.932554,-0.020656,294.606326
515,1.233000,-0.917412,0.026478,295.741996,-0.918826,-0.008341,295.740088,0.033064,-0.040196,296.254708,0.031651,-0.075015,296.252800,-0.016581,0.081041,294.079111,-0.017994,0.046221,294.077203,0.933896,0.014367,294.591823,0.932482,-0.020452,294.589915
516,1.235000,-0.917270,0.026288,295.725933,-0.918692,-0.008529,295.724000,0.033281,-0.040982,296.238429,0.031859,-0.075799,296.236496,-0.016718,0.081839,294.062929,-0.018140,0.047022,294.060996,0.933833,0.014570,294.575425,0.932411,-0.020248,294.573492
517,1.237000,-0.917127,0.026097,295.709860,-0.918557,-0.008718,295.707902,0.033499,-0.041771,296.222139,0.032068,-0.076586,296.220181,-0.016855,0.082640,294.046737,-0.018286,0.047825,294.044779,0.933770,0.014773,294.559016,0.932339,-0.020043,294.557058
518,1.239000,-0.916983,0.025906,295.693777,-0.918422,-0.008908,295.691794,0.033717,-0.042562,296.205837,0.032278,-0.077376,296.203854,-0.016993,0.083444,294.030535,-0.018432,0.048630,294.028552,0.933706,0.014977,294.542596,0.932267,-0.019837,294.540613
519,1.241000,-0.916839,0.025713,295.677684,-0.918287,-0.009099,295.675675,0.033936,-0.043357,296.189525,0.032488,-0.078169,296.187516,-0.017132,0.084251,294.014324,-0.018580,0.049439,294.012316,0.933643,0.015181,294.526165,0.932195,-0.019631,294.524157
520,1.243000,-0.916694,0.025520,295.661581,-0.918151,-0.009290,295.659547,0.034155,-0.044154,296.173201,0.032699,-0.078964,296.171167,-0.017271,0.085060,293.998104,-0.018727,0.050250,293.996070,0.933579,0.015386,294.509724,0.932122,-0.019424,294.507690
521,1.245000,-0.916549,0.025326,295.645468,-0.918015,-0.009482,295.643409,0.034375,-0.044954,296.156865,0.032910,-0.079763,296.154807,-0.017410,0.085872,293.981873,-0.018875,0.051063,293.979815,0.933515,0.015591,294.493271,0.932049,-0.019217,294.491212
522,1.247000,-0.916404,0.025131,295.629345,-0.917878,-0.009675,295.627261,0.034596,-0.045757,296.140519,0.033121,-0.080564,296.138435,-0.017549,0.086686,293.965634,-0.019023,0.051880,293.963549,0.933450,0.015798,294.476808,0.931976,-0.019009,294.474724
523,1.249000,-0.916258,0.024936,295.613212,-0.917741,-0.009869,295.611103,0.034817,-0.046563,296.124162,0.033333,-0.081368,296.122052,-0.017689,0.087503,293.949384,-0.019172,0.052699,293.947275,0.933385,0.016004,294.460334,0.931902,-0.018800,294.458224
524,1.251000,-0.916111,0.024739,295.597070,-0.917603,-0.010063,295.594935,0.035038,-0.047372,296.107793,0.033546,-0.082175,296.105658,-0.017830,0.088323,293.933126,-0.019322,0.053521,293.930990,0.933320,0.016212,294.443849,0.931828,-0.018591,294.441714
525,1.253000,-0.915965,0.024542,295.580918,-0.917466,-0.010259,295.578757,0.035260,-0.048184,296.091414,0.033759,-0.082984,296.089253,-0.017970,0.089146,293.916858,-0.019471,0.054345,293.914697,0.933254,0.016420,294.427354,0.931754,-0.018381,294.425193
526,1.255000,-0.915817,0.024344,295.564756,-0.917327,-0.010455,295.562569,0.035483,-0.048998,296.075023,0.033973,-0.083797,296.072837,-0.018112,0.089971,293.900580,-0.019622,0.055172,293.898393,0.933189,0.016629,294.410848,0.931679,-0.018170,294.408661
527,1.257000,-0.915670,0.024145,295.548585,-0.917189,-0.010652,295.546372,0.035706,-0.049815,296.058622,0.034187,-0.084612,296.056409,-0.018253,0.090798,293.884294,-0.019772,0.056002,293.882081,0.933123,0.016838,294.394331,0.931604,-0.017959,294.392118
528,1.259000,-0.915521,0.023945,295.532404,-0.917049,-0.010849,295.530165,0.035930,-0.050635,296.042210,0.034402,-0.085430,296.039971,-0.018395,0.091629,293.867998,-0.019923,0.056834,293.865759,0.933056,0.017048,294.377804,0.931528,-0.017747,294.375565
529,1.261000,-0.915373,0.023745,295.516213,-0.916910,-0.011047,295.513948,0.036154,-0.051458,296.025786,0.034617,-0.086251,296.023522,-0.018538,0.092462,293.851692,-0.020075,0.057669,293.849428,0.932989,0.017259,294.361266,0.931452,-0.017534,294.359001
530,1.263000,-0.915224,0.023544,295.500013,-0.916770,-0.011247,295.497722,0.036379,-0.052284,296.009352,0.034833,-0.087074,296.007061,-0.018680,0.093297,293.835378,-0.020227,0.058507,293.833087,0.932922,0.017470,294.344717,0.931376,-0.017321,294.342427
531,1.265000,-0.915074,0.023342,295.483803,-0.916630,-0.011447,295.481486,0.036604,-0.053113,295.992907,0.035049,-0.087901,295.990590,-0.018824,0.094136,293.819055,-0.020379,0.059348,293.816738,0.932855,0.017682,294.328159,0.931300,-0.017107,294.325842
532,1.267000,-0.914924,0.023139,295.467584,-0.916489,-0.011647,295.465241,0.036830,-0.053944,295.976451,0.035266,-0.088730,295.974108,-0.018967,0.094977,293.802722,-0.020532,0.060191,293.800379,0.932787,0.017894,294.311589,0.931223,-0.016892,294.309246
533,1.269000,-0.914774,0.022935,295.451355,-0.916348,-0.011849,295.448986,0.037057,-0.054778,295.959984,0.035483,-0.089562,295.957615,-0.019111,0.095820,293.786380,-0.020685,0.061037,293.784011,0.932719,0.018107,294.295010,0.931145,-0.016677,294.292640
534,1.271000,-0.914623,0.022731,295.435117,-0.916206,-0.012051,295.432721,0.037283,-0.055615,295.943507,0.035700,-0.090397,295.941111,-0.019255,0.096667,293.770030,-0.020839,0.061885,293.767634,0.932651,0.018321,294.278420,0.931068,-0.016461,294.276024
535,1.273000,-0.914471,0.022525,295.418869,-0.916064,-0.012254,295.416447,0.037511,-0.056455,295.927018,0.035918,-0.091235,295.924596,-0.019400,0.097516,293.753670,-0.020993,0.062736,293.751248,0.932582,0.018535,294.261819,0.930990,-0.016244,294.259397
536,1.275000,-0.914320,0.022319,295.402613,-0.915922,-0.012458,295.400164,0.037739,-0.057298,295.910519,0.036137,-0.092075,295.908071,-0.019545,0.098367,293.737302,-0.021147,0.063590,293.734853,0.932513,0.018750,294.245209,0.930911,-0.016027,294.242760
537,1.277000,-0.914167,0.022113,295.386346,-0.915779,-0.012662,295.383871,0.037967,-0.058143,295.894010,0.036356,-0.092918,295.891534,-0.019691,0.099222,293.720925,-0.021302,0.064447,293.718449,0.932444,0.018966,294.228588,0.930833,-0.015809,294.226113
538,1.279000,-0.914015,0.021905,295.370071,-0.915635,-0.012867,295.367569,0.038197,-0.058992,295.877489,0.036576,-0.093764,295.874987,-0.019837,0.100079,293.704538,-0.021458,0.065306,293.702036,0.932374,0.019182,294.211957,0.930754,-0.015590,294.209455
539,1.281000,-0.913861,0.021697,295.353786,-0.915492,-0.013073,295.351257,0.038426,-0.059843,295.860959,0.036796,-0.094613,295.858429,-0.019983,0.100938,293.688143,-0.021613,0.066168,293.685614,0.932304,0.019399,294.195316,0.930674,-0.015371,294.192787
540,1.283000,-0.913708,0.021487,295.337492,-0.915348,-0.013280,295.334936,0.038656,-0.060697,295.844417,0.037016,-0.095464,295.841861,-0.020130,0.101801,293.671740,-0.021770,0.067033,293.669184,0.932234,0.019617,294.178664,0.930594,-0.015151,294.176108
541,1.285000,-0.913554,0.021277,295.321189,-0.915203,-0.013488,295.318606,0.038887,-0.061554,295.827865,0.037237,-0.096319,295.825282,-0.020277,0.102666,293.655327,-0.021926,0.067901,293.652744,0.932164,0.019835,294.162003,0.930514,-0.014930,294.159420
542,1.287000,-0.913399,0.021067,295.304877,-0.915058,-0.013696,295.302267,0.039118,-0.062413,295.811302,0.037459,-0.097176,295.808692,-0.020424,0.103533,293.638906,-0.022083,0.068771,293.636296,0.932093,0.020054,294.145331,0.930434,-0.014709,294.142721
543,1.289000,-0.913244,0.020855,295.288556,-0.914913,-0.013905,295.285919,0.039350,-0.063276,295.794729,0.037681,-0.098036,295.792092,-0.020572,0.104404,293.622476,-0.022241,0.069644,293.619839,0.932021,0.020273,294.128650,0.930353,-0.014487,294.126012
544,1.291000,-0.913089,0.020643,295.272225,-0.914767,-0.014115,295.269561,0.039582,-0.064141,295.778145,0.037903,-0.098898,295.775481,-0.020721,0.105277,293.606038,-0.022399,0.070519,293.603374,0.931950,0.020493,294.111958,0.930272,-0.014264,294.109293
545,1.293000,-0.912933,0.020430,295.255886,-0.914621,-0.014325,295.253194,0.039814,-0.065009,295.761551,0.038126,-0.099764,295.758859,-0.020869,0.106153,293.589591,-0.022557,0.071397,293.586899,0.931878,0.020714,294.095256,0.930190,-0.014041,294.092565
546,1.295000,-0.912776,0.020216,295.239537,-0.914474,-0.014537,295.236818,0.040048,-0.065880,295.744946,0.038350,-0.100632,295.742227,-0.021018,0.107031,293.573136,-0.022716,0.072278,293.570417,0.931806,0.020936,294.078545,0.930108,-0.013817,294.075826
547,1.297000,-0.912620,0.020001,295.223180,-0.914327,-0.014749,295.220433,0.040281,-0.066753,295.728331,0.038574,-0.101503,295.725585,-0.021168,0.107912,293.556672,-0.022875,0.073162,293.553925,0.931733,0.021158,294.061823,0.930025,-0.013592,294.059077
548,1.299000,-0.912462,0.019786,295.206814,-0.914180,-0.014961,295.204040,0.040515,-0.067629,295.711706,0.038798,-0.102377,295.708932,-0.021317,0.108796,293.540200,-0.023035,0.074049,293.537426,0.931660,0.021381,294.045092,0.929943,-0.013367,294.042318
549,1.301000,-0.912305,0.019569,295.190438,-0.914032,-0.015175,295.187637,0.040750,-0.068509,295.695070,0.039023,-0.103253,295.692268,-0.021468,0.109682,293.523719,-0.023195,0.074938,293.520917,0.931587,0.021604,294.028351,0.929860,-0.013140,294.025549
550,1.303000,-0.912146,0.019353,295.174054,-0.913884,-0.015389,295.171225,0.040985,-0.069391,295.678424,0.039248,-0.104132,295.675594,-0.021618,0.110571,293.507230,-0.023356,0.075830,293.504401,0.931513,0.021828,294.011600,0.929776,-0.012913,294.008770
551,1.305000,-0.911988,0.019135,295.157661,-0.913735,-0.015604,295.154804,0.041221,-0.070275,295.661768,0.039474,-0.105014,295.658910,-0.021769,0.111463,293.490733,-0.023517,0.076724,293.487876,0.931439,0.022053,293.994839,0.929692,-0.012686,293.991982
552,1.307000,-0.911829,0.018916,295.141260,-0.913586,-0.015820,295.138374,0.041457,-0.071163,295.645101,0.039700,-0.105899,295.642216,-0.021921,0.112358,293.474227,-0.023678,0.077622,293.471342,0.931365,0.022279,293.978069,0.929608,-0.012458,293.975183
553,1.309000,-0.911669,0.018697,295.124849,-0.913436,-0.016036,295.121936,0.041694,-0.072053,295.628424,0.039926,-0.106786,295.625511,-0.022072,0.113255,293.457714,-0.023840,0.078522,293.454800,0.931291,0.022505,293.961288,0.929523,-0.012229,293.958375
554,1.311000,-0.911509,0.018477,295.108430,-0.913287,-0.016253,295.105489,0.041931,-0.072946,295.611737,0.040154,-0.107676,295.608795,-0.022224,0.114155,293.441192,-0.024002,0.079424,293.438250,0.931216,0.022732,293.944499,0.929438,-0.011999,293.941557
555,1.313000,-0.911348,0.018256,295.092002,-0.913136,-0.016471,295.089032,0.042169,-0.073842,295.595039,0.040381,-0.108569,295.592070,-0.022377,0.115057,293.424662,-0.024165,0.080330,293.421692,0.931140,0.022959,293.927699,0.929353,-0.011768,293.924730
556,1.315000,-0.911188,0.018035,295.075565,-0.912985,-0.016690,295.072568,0.042407,-0.074740,295.578332,0.040609,-0.109465,295.575334,-0.022530,0.115963,293.408123,-0.024328,0.081238,293.405126,0.931065,0.023187,293.910890,0.929267,-0.011537,293.907892
557,1.317000,-0.911026,0.017813,295.059120,-0.912834,-0.016909,295.056094,0.042646,-0.075642,295.561614,0.040837,-0.110363,295.558588,-0.022683,0.116871,293.391577,-0.024491,0.082149,293.388551,0.930989,0.023416,293.894071,0.929181,-0.011305,293.891046
558,1.319000,-0.910864,0.017590,295.042666,-0.912683,-0.017129,295.039612,0.042885,-0.076546,295.544886,0.041066,-0.111264,295.541832,-0.022837,0.117781,293.375023,-0.024655,0.083063,293.371969,0.930912,0.023646,293.877243,0.929094,-0.011073,293.874189
559,1.321000,-0.910702,0.017366,295.026203,-0.912531,-0.017349,295.023121,0.043124,-0.077452,295.528148,0.041296,-0.112168,295.525065,-0.022991,0.118695,293.358461,-0.024819,0.083979,293.355378,0.930836,0.023876,293.860406,0.929007,-0.010839,293.857323
560,1.323000,-0.910539,0.017142,295.009732,-0.912378,-0.017571,295.006621,0.043365,-0.078362,295.511400,0.041525,-0.113074,295.508289,-0.023145,0.119611,293.341891,-0.024984,0.084898,293.338779,0.930759,0.024107,293.843558,0.928920,-0.010605,293.840447
561,1.325000,-0.910376,0.016917,294.993253,-0.912225,-0.017793,294.990113,0.043605,-0.079274,295.494642,0.041756,-0.113983,295.491502,-0.023300,0.120530,293.325313,-0.025149,0.085820,293.322173,0.930681,0.024339,293.826702,0.928832,-0.010370,293.823562
562,1.327000,-0.910212,0.016691,294.976765,-0.912072,-0.018015,294.973596,0.043846,-0.080189,295.477874,0.041986,-0.114895,295.474705,-0.023455,0.121451,293.308727,-0.025315,0.086745,293.305558,0.930604,0.024571,293.809836,0.928744,-0.010135,293.806667
563,1.329000,-0.910048,0.016464,294.960268,-0.911919,-0.018239,294.957071,0.044088,-0.081107,295.461096,0.042217,-0.115809,295.457899,-0.023610,0.122375,293.292133,-0.025481,0.087672,293.288936,0.930526,0.024804,293.792961,0.928655,-0.009898,293.789763
564,1.331000,-0.909883,0.016237,294.943763,-0.911765,-0.018463,294.940537,0.044330,-0.082027,295.444308,0.042449,-0.116727,295.441082,-0.023766,0.123302,293.275532,-0.025647,0.088603,293.272305,0.930447,0.025038,293.776076,0.928566,-0.009661,293.772850
565,1.333000,-0.909718,0.016009,294.927250,-0.911610,-0.018687,294.923995,0.044573,-0.082950,295.427510,0.042681,-0.117646,295.424255,-0.023923,0.124232,293.258922,-0.025814,0.089536,293.255667,0.930368,0.025273,293.759182,0.928477,-0.009423,293.755927
566,1.335000,-0.909553,0.015780,294.910728,-0.911455,-0.018913,294.907444,0.044816,-0.083876,295.410702,0.042913,-0.118569,295.407418,-0.024079,0.125164,293.242305,-0.025981,0.090471,293.239021,0.930289,0.025508,293.742279,0.928387,-0.009185,293.738995
567,1.337000,-0.909387,0.015551,294.894198,-0.911300,-0.019139,294.890885,0.045059,-0.084804,295.393884,0.043146,-0.119494,295.390571,-0.024236,0.126099,293.225681,-0.026149,0.091410,293.222368,0.930210,0.025744,293.725366,0.928297,-0.008946,293.722053
568,1.339000,-0.909220,0.015321,294.877660,-0.911144,-0.019365,294.874318,0.045303,-0.085736,295.377056,0.043379,-0.120422,295.373714,-0.024394,0.127037,293.209049,-0.026317,0.092351,293.205706,0.930130,0.025981,293.708445,0.928206,-0.008705,293.705102
569,1.341000,-0.909054,0.015090,294.861114,-0.910988,-0.019593,294.857742,0.045547,-0.086669,295.360219,0.043613,-0.121352,295.356847,-0.024551,0.127978,293.192409,-0.026486,0.093295,293.189037,0.930050,0.026218,293.691514,0.928115,-0.008464,293.688142
570,1.343000,-0.908886,0.014859,294.844559,-0.910831,-0.019821,294.841158,0.045792,-0.087606,295.343372,0.043847,-0.122285,295.339971,-0.024709,0.128921,293.175761,-0.026655,0.094242,293.172361,0.929969,0.026457,293.674574,0.928024,-0.008223,293.671173
571,1.345000,-0.908718,0.014627,294.827996,-0.910674,-0.020049,294.824566,0.046038,-0.088545,295.326514,0.044082,-0.123221,295.323084,-0.024868,0.129867,293.159107,-0.026824,0.095191,293.155676,0.929888,0.026696,293.657625,0.927932,-0.007980,293.654195
572,1.347000,-0.908550,0.014394,294.811425,-0.910517,-0.020279,294.807965,0.046283,-0.089487,295.309647,0.044317,-0.124159,295.306188,-0.025027,0.130816,293.142444,-0.026994,0.096144,293.138985,0.929807,0.026935,293.640667,0.927840,-0.007737,293.637207
573,1.349000,-0.908381,0.014160,294.794846,-0.910359,-0.020509,294.791356,0.046530,-0.090432,295.292771,0.044552,-0.125100,295.289281,-0.025186,0.131767,293.125775,-0.027164,0.097099,293.122285,0.929725,0.027176,293.623700,0.927747,-0.007493,293.620210
574,1.351000,-0.908212,0.013926,294.778258,-0.910201,-0.020739,294.774739,0.046776,-0.091379,295.275884,0.044788,-0.126044,295.272365,-0.025345,0.132722,293.109098,-0.027334,0.098057,293.105578,0.929643,0.027417,293.606724,0.927654,-0.007248,293.603205
575,1.353000,-0.908042,0.013691,294.761663,-0.910042,-0.020970,294.758114,0.047024,-0.092329,295.258988,0.045024,-0.126990,295.255440,-0.025505,0.133679,293.092413,-0.027505,0.099017,293.088864,0.929561,0.027659,293.589738,0.927561,-0.007003,293.586190
576,1.355000,-0.907872,0.013456,294.745060,-0.909883,-0.021202,294.741481,0.047271,-0.093281,295.242083,0.045260,-0.127939,295.238504,-0.025666,0.134638,293.075721,-0.027676,0.099981,293.072143,0.929478,0.027902,293.572744,0.927467,-0.006756,293.569166
577,1.357000,-0.907702,0.013220,294.728448,-0.909724,-0.021434,294.724840,0.047519,-0.094236,295.225167,0.045497,-0.128890,295.221559,-0.025826,0.135601,293.059022,-0.027848,0.100947,293.055414,0.929395,0.028145,293.555741,0.927373,-0.006509,293.552133
578,1.359000,-0.907531,0.012983,294.711829,-0.909564,-0.021667,294.708190,0.047768,-0.095194,295.208242,0.045735,-0.129844,295.204604,-0.025987,0.136566,293.042316,-0.028020,0.101916,293.038678,0.929311,0.028389,293.538729,0.927278,-0.006261,293.535091
579,1.361000,-0.907359,0.012745,294.695201,-0.909403,-0.021901,294.691533,0.048017,-0.096154,295.191307,0.045973,-0.130801,295.187639,-0.026149,0.137534,293.025603,-0.028193,0.102888,293.021934,0.929227,0.028634,293.521709,0.927183,-0.006012,293.518040
580,1.363000,-0.907187,0.012507,294.678566,-0.909243,-0.022135,294.674867,0.048266,-0.097117,295.174363,0.046211,-0.131760,295.170665,-0.026310,0.138505,293.008882,-0.028366,0.103862,293.005183,0.929143,0.028880,293.504679,0.927088,-0.005762,293.500981
581,1.365000,-0.907015,0.012269,294.661923,-0.909082,-0.022370,294.658194,0.048516,-0.098083,295.157409,0.046449,-0.132721,295.153681,-0.026472,0.139478,292.992154,-0.028539,0.104840,292.988426,0.929059,0.029127,293.487641,0.926992,-0.005512,293.483912
582,1.367000,-0.906842,0.012030,294.645272,-0.908920,-0.022605,294.641513,0.048767,-0.099051,295.140446,0.046688,-0.133685,295.136687,-0.026635,0.140454,292.975420,-0.028713,0.105820,292.971661,0.928974,0.029374,293.470594,0.926896,-0.005260,293.466835
583,1.369000,-0.906669,0.011790,294.628613,-0.908758,-0.022841,294.624824,0.049017,-0.100021,295.123473,0.046928,-0.134652,295.119684,-0.026798,0.141433,292.958678,-0.028887,0.106803,292.954888,0.928888,0.029622,293.453538,0.926799,-0.005008,293.449749
584,1.371000,-0.906495,0.011549,294.611946,-0.908596,-0.023078,294.608127,0.049269,-0.100995,295.106491,0.047168,-0.135621,295.102671,-0.026961,0.142415,292.941929,-0.029062,0.107789,292.938109,0.928802,0.029871,293.436474,0.926702,-0.004755,293.432654
585,1.373000,-0.906321,0.011308,294.595272,-0.908433,-0.023315,294.591422,0.049520,-0.101971,295.089499,0.047408,-0.136593,295.085649,-0.027124,0.143400,292.925173,-0.029237,0.108777,292.921323,0.928716,0.030121,293.419400,0.926604,-0.004501,293.415550
586,1.375000,-0.906146,0.011066,294.578590,-0.908270,-0.023552,294.574709,0.049772,-0.102949,295.072498,0.047648,-0.137567,295.068617,-0.027288,0.144387,292.908410,-0.029412,0.109769,292.904530,0.928630,0.030372,293.402319,0.926506,-0.004247,293.398438
587,1.377000,-0.905971,0.010824,294.561900,-0.908106,-0.023790,294.557988,0.050025,-0.103930,295.055487,0.047889,-0.138544,295.051576,-0.027452,0.145377,292.891641,-0.029588,0.110763,292.887729,0.928543,0.030623,293.385228,0.926408,-0.003991,293.381317
588,1.379000,-0.905795,0.010581,294.545202,-0.907942,-0.024029,294.541260,0.050278,-0.104913,295.038467,0.048131,-0.139523,295.034525,-0.027617,0.146370,292.874864,-0.029764,0.111760,292.870922,0.928456,0.030876,293.368129,0.926309,-0.003735,293.364187
589,1.381000,-0.905619,0.010338,294.528497,-0.907777,-0.024268,294.524524,0.050531,-0.105899,295.021438,0.048372,-0.140505,295.017465,-0.027782,0.147366,292.858081,-0.029940,0.112760,292.854108,0.928368,0.031129,293.351022,0.926209,-0.003477,293.347049
590,1.383000,-0.905442,0.010094,294.511784,-0.907612,-0.024508,294.507780,0.050785,-0.106888,295.004399,0.048615,-0.141489,295.000395,-0.027947,0.148364,292.841291,-0.030117,0.113763,292.837287,0.928280,0.031383,293.333906,0.926110,-0.003219,293.329902
591,1.385000,-0.905265,0.009849,294.495064,-0.907447,-0.024748,294.491029,0.051039,-0.107879,294.987351,0.048857,-0.142476,294.983316,-0.028113,0.149365,292.824494,-0.030295,0.114768,292.820459,0.928192,0.031637,293.316781,0.926010,-0.002960,293.312746
592,1.387000,-0.905088,0.009604,294.478336,-0.907281,-0.024989,294.474270,0.051294,-0.108872,294.970294,0.049100,-0.143465,294.966228,-0.028279,0.150369,292.807691,-0.030472,0.115777,292.803625,0.928103,0.031893,293.299649,0.925909,-0.002700,293.295582
593,1.389000,-0.904910,0.009358,294.461601,-0.907115,-0.025230,294.457503,0.051549,-0.109869,294.953227,0.049343,-0.144457,294.949130,-0.028445,0.151376,292.790881,-0.030650,0.116788,292.786784,0.928014,0.032149,293.282507,0.925808,-0.002439,293.278410
594,1.391000,-0.904731,0.009112,294.444858,-0.906949,-0.025472,294.440729,0.051804,-0.110867,294.936151,0.049587,-0.145451,294.932023,-0.028611,0.152386,292.774064,-0.030829,0.117802,292.769936,0.927924,0.032407,293.265358,0.925706,-0.002177,293.261229
595,1.393000,-0.904552,0.008865,294.428107,-0.906782,-0.025714,294.423948,0.052060,-0.111868,294.919066,0.049831,-0.146447,294.914906,-0.028778,0.153398,292.757241,-0.031008,0.118819,292.753081,0.927834,0.032665,293.248200,0.925605,-0.001914,293.244040
596,1.395000,-0.904373,0.008618,294.411349,-0.906614,-0.025957,294.407158,0.052316,-0.112871,294.901971,0.050075,-0.147446,294.897780,-0.028946,0.154413,292.740411,-0.031187,0.119839,292.736220,0.927744,0.032924,293.231033,0.925502,-0.001651,293.226842
597,1.397000,-0.904193,0.008370,294.394584,-0.906446,-0.026200,294.390362,0.052573,-0.113877,294.884868,0.050320,-0.148448,294.880645,-0.029113,0.155432,292.723575,-0.031367,0.120861,292.719352,0.927653,0.033184,293.213859,0.925400,-0.001386,293.209636
598,1.399000,-0.904013,0.008122,294.377811,-0.906278,-0.026444,294.373558,0.052830,-0.114886,294.867755,0.050565,-0.149451,294.863501,-0.029281,0.156452,292.706732,-0.031547,0.121887,292.702478,0.927562,0.033445,293.196676,0.925296,-0.001121,293.192422
599,1.401000,-0.903832,0.007873,294.361031,-0.906109,-0.026688,294.356746,0.053088,-0.115896,294.850633,0.050810,-0.150457,294.846348,-0.029449,0.157476,292.689883,-0.031727,0.122915,292.685597,0.927470,0.033707,293.179484,0.925193,-0.000854,293.175199
600,1.403000,-0.903651,0.007624,294.344244,-0.905940,-0.026933,294.339927,0.053346,-0.116910,294.833502,0.051056,-0.151466,294.829185,-0.029618,0.158503,292.673027,-0.031908,0.123946,292.668710,0.927378,0.033969,293.162285,0.925089,-0.000587,293.157968
601,1.405000,-0.903469,0.007374,294.327450,-0.905771,-0.027178,294.323101,0.053604,-0.117925,294.816362,0.051302,-0.152477,294.812013,-0.029787,0.159532,292.656165,-0.032089,0.124981,292.651816,0.927286,0.034233,293.145078,0.924984,-0.000318,293.140729
602,1.407000,-0.903287,0.007124,294.310648,-0.905601,-0.027423,294.306267,0.053863,-0.118943,294.799213,0.051549,-0.153490,294.794832,-0.029956,0.160564,292.639297,-0.032270,0.126018,292.634916,0.927193,0.034497,293.127862,0.924879,-0.000049,293.123481
603,1.409000,-0.903104,0.006873,294.293838,-0.905430,-0.027669,294.289426,0.054122,-0.119964,294.782055,0.051796,-0.154505,294.777642,-0.030126,0.161599,292.622422,-0.032452,0.127057,292.618009,0.927100,0.034763,293.110638,0.924774,0.000221,293.106226
604,1.411000,-0.902921,0.006622,294.277022,-0.905260,-0.027915,294.272578,0.054381,-0.120986,294.764887,0.052043,-0.155523,294.760443,-0.030296,0.162637,292.605541,-0.032635,0.128100,292.601097,0.927007,0.035029,293.093406,0.924668,0.000492,293.088962
605,1.413000,-0.902737,0.006370,294.260199,-0.905088,-0.028162,294.255722,0.054641,-0.122011,294.747711,0.052290,-0.156543,294.743234,-0.030466,0.163678,292.588654,-0.032817,0.129146,292.584178,0.926913,0.035296,293.076166,0.924562,0.000765,293.071690
606,1.415000,-0.902553,0.006118,294.243368,-0.904917,-0.028409,294.238859,0.054902,-0.123039,294.730526,0.052538,-0.157566,294.726017,-0.030637,0.164721,292.571761,-0.033000,0.130194,292.567252,0.926818,0.035565,293.058919,0.924455,0.001038,293.054410
607,1.417000,-0.902369,0.005865,294.226530,-0.904745,-0.028656,294.221989,0.055162,-0.124069,294.713331,0.052786,-0.158590,294.708790,-0.030808,0.165767,292.554861,-0.033184,0.131246,292.550321,0.926724,0.035834,293.041663,0.924348,0.001312,293.037122
608,1.419000,-0.902184,0.005612,294.209685,-0.904572,-0.028904,294.205112,0.055423,-0.125101,294.696128,0.053035,-0.159617,294.691555,-0.030979,0.166817,292.537956,-0.033367,0.132300,292.533383,0.926628,0.036104,293.024399,0.924240,0.001587,293.019826
609,1.421000,-0.901998,0.005359,294.192833,-0.904399,-0.029152,294.188228,0.055685,-0.126135,294.678916,0.053284,-0.160646,294.674310,-0.031150,0.167869,292.521044,-0.033551,0.133357,292.516439,0.926533,0.036375,293.007127,0.924132,0.001863,293.002521
610,1.423000,-0.901812,0.005105,294.175974,-0.904226,-0.029401,294.171337,0.055947,-0.127172,294.661695,0.053533,-0.161678,294.657057,-0.031322,0.168924,292.504127,-0.033736,0.134418,292.499489,0.926437,0.036647,292.989847,0.924023,0.002141,292.985209
611,1.425000,-0.901626,0.004851,294.159108,-0.904052,-0.029650,294.154438,0.056209,-0.128211,294.644465,0.053783,-0.162712,294.639794,-0.031494,0.169982,292.487203,-0.033921,0.135481,292.482533,0.926341,0.036920,292.972560,0.923914,0.002419,292.967889
612,1.427000,-0.901439,0.004596,294.142235,-0.903878,-0.029899,294.137533,0.056472,-0.129252,294.627226,0.054033,-0.163748,294.622523,-0.031667,0.171042,292.470274,-0.034106,0.136547,292.465571,0.926244,0.037194,292.955264,0.923805,0.002698,292.950561
613,1.429000,-0.901252,0.004341,294.125355,-0.903703,-0.030149,294.120620,0.056735,-0.130296,294.609978,0.054283,-0.164786,294.605243,-0.031840,0.172106,292.453338,-0.034291,0.137616,292.448603,0.926147,0.037469,292.937961,0.923695,0.002979,292.933225
614,1.431000,-0.901064,0.004086,294.108469,-0.903528,-0.030399,294.103700,0.056998,-0.131341,294.592722,0.054533,-0.165826,294.587953,-0.032013,0.173172,292.436397,-0.034477,0.138688,292.431629,0.926049,0.037745,292.920650,0.923585,0.003260,292.915882
615,1.433000,-0.900876,0.003830,294.091575,-0.903353,-0.030649,294.086774,0.057262,-0.132389,294.575456,0.054784,-0.166869,294.570655,-0.032186,0.174242,292.419450,-0.034663,0.139762,292.414649,0.925951,0.038022,292.903331,0.923474,0.003542,292.898530
616,1.435000,-0.900687,0.003574,294.074674,-0.903177,-0.030899,294.069840,0.057526,-0.133440,294.558182,0.055035,-0.167913,294.553348,-0.032360,0.175314,292.402497,-0.034850,0.140840,292.397663,0.925853,0.038300,292.886005,0.923362,0.003826,292.881171
617,1.437000,-0.900498,0.003318,294.057767,-0.903001,-0.031150,294.052900,0.057790,-0.134492,294.540899,0.055287,-0.168960,294.536033,-0.032534,0.176389,292.385538,-0.035037,0.141921,292.380671,0.925754,0.038579,292.868670,0.923251,0.004111,292.863804
618,1.439000,-0.900308,0.003061,294.040852,-0.902824,-0.031401,294.035953,0.058055,-0.135547,294.523608,0.055539,-0.170009,294.518708,-0.032708,0.177467,292.368573,-0.035224,0.143004,292.363674,0.925655,0.038859,292.851328,0.923138,0.004396,292.846429
619,1.441000,-0.900118,0.002804,294.023931,-0.902647,-0.031653,294.018999,0.058320,-0.136604,294.506307,0.055791,-0.171060,294.501374,-0.032883,0.178548,292.351603,-0.035412,0.144091,292.346670,0.925555,0.039140,292.833979,0.923026,0.004683,292.829046
620,1.443000,-0.899927,0.002547,294.007004,-0.902469,-0.031904,294.002038,0.058586,-0.137663,294.488998,0.056043,-0.172114,294.484032,-0.033058,0.179632,292.334627,-0.035600,0.145181,292.329661,0.925455,0.039422,292.816622,0.922913,0.004971,292.811656
621,1.445000,-0.899736,0.002289,293.990069,-0.902291,-0.032156,293.985070,0.058852,-0.138724,294.471680,0.056296,-0.173169,294.466681,-0.033233,0.180719,292.317646,-0.035788,0.146273,292.312647,0.925355,0.039706,292.799257,0.922799,0.005260,292.794258
622,1.447000,-0.899544,0.002031,293.973128,-0.902113,-0.032408,293.968096,0.059118,-0.139787,294.454354,0.056549,-0.174227,294.449322,-0.033408,0.181808,292.300659,-0.035977,0.147369,292.295626,0.925254,0.039990,292.781885,0.922685,0.005550,292.776852
623,1.449000,-0.899352,0.001773,293.956180,-0.901934,-0.032660,293.951114,0.059385,-0.140852,294.437019,0.056803,-0.175286,294.431953,-0.033584,0.182901,292.283666,-0.036166,0.148467,292.278600,0.925152,0.040275,292.764505,0.922570,0.005842,292.759439
624,1.451000,-0.899159,0.001515,293.939225,-0.901755,-0.032913,293.934126,0.059652,-0.141920,294.419675,0.057056,-0.176348,294.414576,-0.033760,0.183996,292.266668,-0.036356,0.149569,292.261569,0.925051,0.040562,292.747117,0.922455,0.006134,292.742018
625,1.453000,-0.898966,0.001256,293.922264,-0.901575,-0.033166,293.917132,0.059919,-0.142989,294.402323,0.057310,-0.177411,294.397190,-0.033937,0.185095,292.249664,-0.036545,0.150673,292.244531,0.924949,0.040849,292.729723,0.922340,0.006428,292.724590
626,1.455000,-0.898773,0.000997,293.905296,-0.901395,-0.033419,293.900130,0.060187,-0.144061,294.384962,0.057565,-0.178477,294.379796,-0.034113,0.186196,292.232655,-0.036735,0.151781,292.227489,0.924846,0.041138,292.712320,0.922224,0.006722,292.707154
627,1.457000,-0.898579,0.000738,293.888322,-0.901214,-0.033672,293.883122,0.060455,-0.145135,294.367592,0.057819,-0.179544,294.362393,-0.034290,0.187301,292.215640,-0.036926,0.152891,292.210441,0.924743,0.041428,292.694911,0.922108,0.007018,292.689711
628,1.459000,-0.898384,0.000479,293.871341,-0.901033,-0.033925,293.866108,0.060723,-0.146211,294.350214,0.058074,-0.180614,294.344981,-0.034468,0.188408,292.198620,-0.037116,0.154005,292.193387,0.924640,0.041719,292.677494,0.921991,0.007315,292.672260
629,1.461000,-0.898189,0.000219,293.854354,-0.900852,-0.034178,293.849087,0.060992,-0.147288,294.332828,0.058329,-0.181686,294.327561,-0.034645,0.189518,292.181595,-0.037307,0.155121,292.176328,0.924536,0.042011,292.660069,0.921873,0.007614,292.654802
630,1.463000,-0.897994,-0.000041,293.837360,-0.900670,-0.034432,293.832059,0.061261,-0.148368,294.315433,0.058585,-0.182759,294.310132,-0.034823,0.190632,292.164564,-0.037499,0.156241,292.159263,0.924432,0.042304,292.642637,0.921756,0.007913,292.637337
631,1.465000,-0.897798,-0.000301,293.820359,-0.900487,-0.034686,293.815025,0.061530,-0.149450,294.298029,0.058841,-0.183835,294.292694,-0.035001,0.191748,292.147528,-0.037691,0.157363,292.142194,0.924327,0.042599,292.625198,0.921637,0.008214,292.619864
632,1.467000,-0.897601,-0.000561,293.803352,-0.900304,-0.034939,293.797984,0.061800,-0.150534,294.280617,0.059097,-0.184912,294.275249,-0.035179,0.192867,292.130487,-0.037883,0.158489,292.125119,0.924222,0.042894,292.607752,0.921519,0.008516,292.602383
633,1.469000,-0.897404,-0.000821,293.786339,-0.900121,-0.035193,293.780937,0.062070,-0.151619,294.263197,0.059353,-0.185992,294.257794,-0.035358,0.193989,292.113441,-0.038075,0.159617,292.108038,0.924116,0.043191,292.590298,0.921399,0.008819,292.584896
634,1.471000,-0.897207,-0.001082,293.769320,-0.899938,-0.035447,293.763883,0.062340,-0.152707,294.245768,0.059610,-0.187073,294.240331,-0.035537,0.195115,292.096389,-0.038268,0.160749,292.090953,0.924010,0.043489,292.572838,0.921280,0.009123,292.567401
635,1.473000,-0.897009,-0.001342,293.752294,-0.899754,-0.035701,293.746823,0.062611,-0.153797,294.228331,0.059866,-0.188156,294.222860,-0.035716,0.196243,292.079333,-0.038461,0.161884,292.073862,0.923904,0.043788,292.555370,0.921159,0.009429,292.549899
636,1.475000,-0.896810,-0.001603,293.735262,-0.899569,-0.035955,293.729756,0.062882,-0.154888,294.210885,0.060124,-0.189241,294.205380,-0.035895,0.197374,292.062271,-0.038654,0.163021,292.056766,0.923797,0.044088,292.537894,0.921039,0.009736,292.532389
637,1.477000,-0.896612,-0.001864,293.718223,-0.899384,-0.036210,293.712683,0.063153,-0.155982,294.193431,0.060381,-0.190328,294.187891,-0.036075,0.198508,292.045204,-0.038848,0.164162,292.039665,0.923690,0.044390,292.520412,0.920918,0.010044,292.514873
638,1.479000,-0.896412,-0.002125,293.701178,-0.899199,-0.036464,293.695604,0.063425,-0.157077,294.175969,0.060639,-0.191416,294.170395,-0.036255,0.199645,292.028132,-0.039041,0.165306,292.022558,0.923582,0.044693,292.502923,0.920796,0.010354,292.497349
639,1.481000,-0.896212,-0.002386,293.684127,-0.899013,-0.036718,293.678519,0.063697,-0.158174,294.158498,0.060897,-0.192507,294.152890,-0.036435,0.200786,292.011055,-0.039236,0.166453,292.005447,0.923474,0.044997,292.485426,0.920674,0.010665,292.479818
640,1.483000,-0.896012,-0.002647,293.667070,-0.898826,-0.036972,293.661427,0.063969,-0.159273,294.141019,0.061155,-0.193599,294.135376,-0.036616,0.201929,291.993974,-0.039430,0.167603,291.988331,0.923366,0.045302,292.467923,0.920551,0.010977,292.462280
641,1.485000,-0.895811,-0.002908,293.650006,-0.898640,-0.037227,293.644329,0.064242,-0.160374,294.123532,0.061413,-0.194693,294.117854,-0.036796,0.203075,291.976887,-0.039625,0.168756,291.971209,0.923257,0.045609,292.450412,0.920428,0.011290,292.444735
642,1.487000,-0.895610,-0.003169,293.632937,-0.898453,-0.037481,293.627225,0.064515,-0.161477,294.106036,0.061672,-0.195789,294.100324,-0.036977,0.204224,291.959795,-0.039820,0.169913,291.954083,0.923147,0.045917,292.432894,0.920304,0.011605,292.427182
643,1.489000,-0.895408,-0.003430,293.615861,-0.898265,-0.037735,293.610114,0.064788,-0.162581,294.088532,0.061931,-0.196886,294.082785,-0.037159,0.205377,291.942699,-0.040016,0.171072,291.936952,0.923038,0.046226,292.415370,0.920180,0.011921,292.409623
644,1.491000,-0.895206,-0.003692,293.598779,-0.898077,-0.037989,293.592997,0.065062,-0.163688,294.071020,0.062191,-0.197985,294.065239,-0.037340,0.206532,291.925597,-0.040212,0.172234,291.919816,0.922927,0.046536,292.397838,0.920056,0.012238,292.392057
645,1.493000,-0.895003,-0.003953,293.581691,-0.897888,-0.038244,293.575875,0.065336,-0.164796,294.053500,0.062450,-0.199086,294.047684,-0.037522,0.207691,291.908491,-0.040408,0.173400,291.902675,0.922817,0.046848,292.380300,0.919931,0.012557,292.374484
646,1.495000,-0.894799,-0.004214,293.564597,-0.897699,-0.038498,293.558746,0.065610,-0.165905,294.035971,0.062710,-0.200189,294.030120,-0.037704,0.208852,291.891380,-0.040604,0.174569,291.885529,0.922705,0.047161,292.362755,0.919805,0.012878,292.356903
647,1.497000,-0.894596,-0.004475,293.547497,-0.897510,-0.038752,293.541611,0.065884,-0.167017,294.018435,0.062970,-0.201293,294.012549,-0.037886,0.210017,291.874265,-0.040801,0.175741,291.868378,0.922594,0.047475,292.345202,0.919679,0.013199,292.339316
648,1.499000,-0.894391,-0.004736,293.530391,-0.897320,-0.039005,293.524470,0.066159,-0.168130,294.000890,0.063230,-0.202399,293.994969,-0.038069,0.211185,291.857144,-0.040998,0.176916,291.851223,0.922482,0.047791,292.327643,0.919553,0.013522,292.321722
649,1.501000,-0.894186,-0.004998,293.513279,-0.897130,-0.039259,293.507322,0.066434,-0.169245,293.983337,0.063491,-0.203506,293.977381,-0.038251,0.212355,291.840019,-0.041195,0.178094,291.834063,0.922369,0.048108,292.310078,0.919426,0.013847,292.304121
650,1.503000,-0.893981,-0.005259,293.496161,-0.896939,-0.039513,293.490169,0.066710,-0.170361,293.965776,0.063752,-0.204615,293.959784,-0.038434,0.213529,291.822890,-0.041392,0.179275,291.816898,0.922257,0.048427,292.292505,0.919298,0.014172,292.286514
651,1.505000,-0.893775,-0.005520,293.479037,-0.896748,-0.039766,293.473010,0.066985,-0.171479,293.948207,0.064013,-0.205726,293.942180,-0.038617,0.214706,291.805756,-0.041590,0.180459,291.799729,0.922143,0.048747,292.274926,0.919171,0.014500,292.268899
652,1.507000,-0.893569,-0.005780,293.461907,-0.896556,-0.040020,293.455845,0.067261,-0.172599,293.930629,0.064274,-0.206838,293.924568,-0.038801,0.215886,291.788617,-0.041788,0.181647,291.782555,0.922030,0.049068,292.257340,0.919042,0.014829,292.251278
653,1.509000,-0.893362,-0.006041,293.444771,-0.896364,-0.040273,293.438674,0.067538,-0.173720,293.913044,0.064535,-0.207952,293.906947,-0.038984,0.217070,291.771474,-0.041986,0.182838,291.765376,0.921915,0.049391,292.239747,0.918913,0.015159,292.233650
654,1.511000,-0.893155,-0.006302,293.427629,-0.896172,-0.040526,293.421497,0.067814,-0.174843,293.895451,0.064797,-0.209067,293.889318,-0.039168,0.218256,291.754326,-0.042185,0.184032,291.748193,0.921801,0.049715,292.222147,0.918784,0.015490,292.216015
655,1.513000,-0.892947,-0.006562,293.410482,-0.895979,-0.040779,293.404314,0.068091,-0.175968,293.877849,0.065059,-0.210184,293.871681,-0.039352,0.219445,291.737174,-0.042384,0.185229,291.731006,0.921686,0.050040,292.204541,0.918654,0.015824,292.198373
656,1.515000,-0.892738,-0.006823,293.393329,-0.895785,-0.041031,293.387125,0.068368,-0.177094,293.860240,0.065321,-0.211302,293.854036,-0.039536,0.220638,291.720017,-0.042583,0.186429,291.713814,0.921570,0.050367,292.186928,0.918523,0.016158,292.180725
657,1.517000,-0.892530,-0.007083,293.376170,-0.895591,-0.041284,293.369931,0.068646,-0.178221,293.842623,0.065584,-0.212422,293.836383,-0.039721,0.221834,291.702856,-0.042783,0.187633,291.696617,0.921454,0.050696,292.169309,0.918393,0.016495,292.163070
658,1.519000,-0.892320,-0.007343,293.359005,-0.895397,-0.041536,293.352730,0.068923,-0.179350,293.824997,0.065847,-0.213543,293.818722,-0.039906,0.223033,291.685691,-0.042982,0.188840,291.679416,0.921338,0.051026,292.151683,0.918261,0.016832,292.145408
659,1.521000,-0.892110,-0.007603,293.341835,-0.895202,-0.041788,293.335524,0.069201,-0.180481,293.807364,0.066109,-0.214666,293.801053,-0.040090,0.224235,291.668521,-0.043182,0.190050,291.662211,0.921221,0.051357,292.134051,0.918129,0.017172,292.127740
660,1.523000,-0.891900,-0.007862,293.324658,-0.895007,-0.042039,293.318312,0.069479,-0.181613,293.789723,0.066373,-0.215790,293.783376,-0.040276,0.225440,291.651347,-0.043382,0.191263,291.645001,0.921104,0.051690,292.116412,0.917997,0.017513,292.110065
661,1.525000,-0.891689,-0.008122,293.307477,-0.894811,-0.042291,293.301094,0.069758,-0.182746,293.772074,0.066636,-0.216915,293.765692,-0.040461,0.226649,291.634169,-0.043583,0.192479,291.627787,0.920986,0.052024,292.098766,0.917864,0.017855,292.092384
662,1.527000,-0.891477,-0.008381,293.290289,-0.894615,-0.042542,293.283871,0.070037,-0.183881,293.754417,0.066900,-0.218042,293.747999,-0.040646,0.227860,291.616987,-0.043783,0.193699,291.610569,0.920868,0.052360,292.081114,0.917731,0.018199,292.074696
663,1.529000,-0.891265,-0.008640,293.273096,-0.894418,-0.042792,293.266642,0.070316,-0.185017,293.736752,0.067163,-0.219170,293.730298,-0.040832,0.229075,291.599800,-0.043984,0.194922,291.593346,0.920749,0.052698,292.063456,0.917597,0.018545,292.057002
664,1.531000,-0.891053,-0.008898,293.255897,-0.894221,-0.043043,293.249407,0.070595,-0.186154,293.719079,0.067427,-0.220299,293.712589,-0.041018,0.230293,291.582610,-0.044186,0.196148,291.576119,0.920630,0.053037,292.045791,0.917462,0.018892,292.039301
665,1.533000,-0.890840,-0.009156,293.238693,-0.894023,-0.043293,293.232167,0.070875,-0.187293,293.701398,0.067692,-0.221430,293.694872,-0.041204,0.231514,291.565415,-0.044387,0.197378,291.558889,0.920511,0.053377,292.028120,0.917328,0.019241,292.021594
666,1.535000,-0.890626,-0.009414,293.221483,-0.893825,-0.043542,293.214921,0.071155,-0.188434,293.683710,0.067956,-0.222562,293.677148,-0.041390,0.232739,291.548216,-0.044589,0.198611,291.541653,0.920391,0.053719,292.010443,0.917192,0.019591,292.003880
667,1.537000,-0.890412,-0.009672,293.204268,-0.893626,-0.043791,293.197669,0.071435,-0.189575,293.666014,0.068221,-0.223695,293.659415,-0.041577,0.233966,291.531013,-0.044791,0.199847,291.524414,0.920270,0.054063,291.992759,0.917056,0.019944,291.986160
668,1.539000,-0.890198,-0.009929,293.187047,-0.893427,-0.044040,293.180412,0.071715,-0.190718,293.648310,0.068486,-0.224829,293.641675,-0.041763,0.235197,291.513806,-0.044993,0.201086,291.507171,0.920149,0.054408,291.975068,0.916920,0.020297,291.968434
669,1.541000,-0.889983,-0.010186,293.169821,-0.893228,-0.044288,293.163150,0.071996,-0.191862,293.630598,0.068751,-0.225964,293.623927,-0.041950,0.236431,291.496595,-0.045195,0.202329,291.489924,0.920028,0.054755,291.957372,0.916783,0.020653,291.950701
670,1.543000,-0.889767,-0.010442,293.152589,-0.893028,-0.044536,293.145881,0.072277,-0.193007,293.612878,0.069016,-0.227101,293.606171,-0.042137,0.237669,291.479380,-0.045398,0.203575,291.472672,0.919906,0.055104,291.939669,0.916646,0.021010,291.932962
671,1.545000,-0.889551,-0.010698,293.135351,-0.892827,-0.044783,293.128607,0.072558,-0.194154,293.595151,0.069281,-0.228239,293.588407,-0.042324,0.238909,291.462160,-0.045601,0.204824,291.455417,0.919784,0.055454,291.921960,0.916508,0.021369,291.915216
672,1.547000,-0.889334,-0.010954,293.118108,-0.892626,-0.045030,293.111328,0.072839,-0.195301,293.577415,0.069547,-0.229378,293.570635,-0.042511,0.240153,291.444937,-0.045804,0.206077,291.438157,0.919662,0.055806,291.904244,0.916370,0.021730,291.897464
673,1.549000,-0.889117,-0.011209,293.100860,-0.892425,-0.045277,293.094043,0.073121,-0.196450,293.559672,0.069813,-0.230517,293.552855,-0.042699,0.241401,291.427710,-0.046007,0.207333,291.420893,0.919539,0.056160,291.886522,0.916231,0.022092,291.879706
674,1.551000,-0.888899,-0.011464,293.083606,-0.892223,-0.045522,293.076752,0.073403,-0.197600,293.541921,0.070079,-0.231658,293.535067,-0.042887,0.242651,291.410479,-0.046210,0.208592,291.403626,0.919415,0.056515,291.868794,0.916091,0.022456,291.861941
675,1.553000,-0.888681,-0.011718,293.066346,-0.892020,-0.045768,293.059456,0.073685,-0.198751,293.524162,0.070345,-0.232800,293.517272,-0.043074,0.243905,291.393244,-0.046414,0.209855,291.386354,0.919291,0.056872,291.851060,0.915952,0.022822,291.844170
676,1.555000,-0.888462,-0.011972,293.049081,-0.891817,-0.046012,293.042155,0.073967,-0.199903,293.506395,0.070612,-0.233943,293.499469,-0.043262,0.245162,291.376005,-0.046618,0.211121,291.369078,0.919167,0.057231,291.833319,0.915811,0.023190,291.826392
677,1.557000,-0.888242,-0.012225,293.031811,-0.891614,-0.046257,293.024847,0.074250,-0.201056,293.488621,0.070878,-0.235087,293.481657,-0.043450,0.246422,291.358762,-0.046822,0.212390,291.351799,0.919042,0.057591,291.815572,0.915670,0.023559,291.808609
678,1.559000,-0.888022,-0.012478,293.014535,-0.891410,-0.046500,293.007535,0.074533,-0.202210,293.470839,0.071145,-0.236232,293.463838,-0.043639,0.247686,291.341515,-0.047026,0.213663,291.334515,0.918917,0.057953,291.797819,0.915529,0.023931,291.790819
679,1.561000,-0.887802,-0.012730,292.997254,-0.891206,-0.046743,292.990217,0.074816,-0.203365,293.453049,0.071412,-0.237378,293.446012,-0.043827,0.248952,291.324265,-0.047231,0.214939,291.317228,0.918791,0.058317,291.780060,0.915387,0.024304,291.773022
680,1.563000,-0.887581,-0.012981,292.979968,-0.891001,-0.046985,292.972894,0.075099,-0.204521,293.435252,0.071679,-0.238525,293.428177,-0.044015,0.250223,291.307011,-0.047435,0.216219,291.299937,0.918665,0.058683,291.762295,0.915245,0.024679,291.755220
681,1.565000,-0.887359,-0.013232,292.962677,-0.890796,-0.047227,292.955565,0.075383,-0.205678,293.417447,0.071947,-0.239673,293.410335,-0.044204,0.251496,291.289753,-0.047640,0.217502,291.282642,0.918538,0.059051,291.744523,0.915102,0.025056,291.737412
682,1.567000,-0.887137,-0.013483,292.945380,-0.890590,-0.047468,292.938232,0.075667,-0.206836,293.399634,0.072214,-0.240821,293.392486,-0.044393,0.252773,291.272492,-0.047845,0.218788,291.265344,0.918411,0.059420,291.726746,0.914959,0.025435,291.719598
683,1.569000,-0.886915,-0.013733,292.928078,-0.890383,-0.047708,292.920893,0.075951,-0.207995,293.381814,0.072482,-0.241971,293.374629,-0.044582,0.254054,291.255228,-0.048051,0.220078,291.248042,0.918284,0.059791,291.708963,0.914815,0.025815,291.701778
684,1.571000,-0.886691,-0.013982,292.910772,-0.890176,-0.047948,292.903549,0.076235,-0.209155,293.363987,0.072750,-0.243121,293.356764,-0.044771,0.255337,291.237959,-0.048256,0.221371,291.230737,0.918156,0.060164,291.691174,0.914671,0.026198,291.683952
685,1.573000,-0.886468,-0.014230,292.893460,-0.889969,-0.048187,292.886200,0.076520,-0.210316,293.346152,0.073018,-0.244272,293.338892,-0.044960,0.256625,291.220688,-0.048462,0.222668,291.213428,0.918027,0.060539,291.673380,0.914526,0.026583,291.666120
686,1.575000,-0.886243,-0.014478,292.876143,-0.889761,-0.048425,292.868846,0.076805,-0.211477,293.328309,0.073287,-0.245424,293.321012,-0.045149,0.257915,291.203413,-0.048667,0.223968,291.196116,0.917898,0.060916,291.655579,0.914380,0.026969,291.648282
687,1.577000,-0.886018,-0.014725,292.858821,-0.889553,-0.048662,292.851487,0.077090,-0.212640,293.310460,0.073555,-0.246577,293.303125,-0.045339,0.259209,291.186134,-0.048873,0.225272,291.178800,0.917769,0.061295,291.637773,0.914235,0.027358,291.630438
688,1.579000,-0.885793,-0.014972,292.841495,-0.889344,-0.048899,292.834123,0.077375,-0.213803,293.292602,0.073824,-0.247730,293.285231,-0.045528,0.260507,291.168853,-0.049079,0.226579,291.161481,0.917639,0.061675,291.619960,0.914088,0.027748,291.612589
689,1.581000,-0.885567,-0.015218,292.824163,-0.889135,-0.049135,292.816754,0.077660,-0.214967,293.274738,0.074093,-0.248884,293.267329,-0.045718,0.261807,291.151567,-0.049286,0.227890,291.144158,0.917509,0.062058,291.602142,0.913941,0.028141,291.594733
690,1.583000,-0.885340,-0.015463,292.806826,-0.888925,-0.049370,292.799380,0.077946,-0.216131,293.256866,0.074362,-0.250039,293.249419,-0.045908,0.263112,291.134279,-0.049492,0.229204,291.126833,0.917379,0.062443,291.584319,0.913794,0.028535,291.576872
691,1.585000,-0.885113,-0.015707,292.789484,-0.888714,-0.049604,292.782000,0.078232,-0.217297,293.238986,0.074631,-0.251194,293.231502,-0.046097,0.264419,291.116987,-0.049699,0.230522,291.109503,0.917247,0.062829,291.566489,0.913646,0.028932,291.559005
692,1.587000,-0.884885,-0.015950,292.772138,-0.888503,-0.049837,292.764616,0.078518,-0.218463,293.221100,0.074900,-0.252350,293.213578,-0.046287,0.265730,291.099693,-0.049905,0.231843,291.092171,0.917116,0.063218,291.548654,0.913498,0.029331,291.541133
693,1.589000,-0.884657,-0.016193,292.754787,-0.888292,-0.050070,292.747227,0.078804,-0.219630,293.203206,0.075170,-0.253507,293.195647,-0.046477,0.267045,291.082395,-0.050112,0.233168,291.074835,0.916984,0.063608,291.530814,0.913349,0.029731,291.523254
694,1.591000,-0.884428,-0.016435,292.737430,-0.888080,-0.050301,292.729834,0.079091,-0.220797,293.185304,0.075439,-0.254664,293.177708,-0.046667,0.268363,291.065093,-0.050319,0.234496,291.057496,0.916852,0.064001,291.512967,0.913200,0.030134,291.505370
695,1.593000,-0.884198,-0.016675,292.720069,-0.887867,-0.050532,292.712435,0.079378,-0.221965,293.167396,0.075709,-0.255821,293.159761,-0.046858,0.269685,291.047789,-0.050526,0.235828,291.040154,0.916719,0.064395,291.495115,0.913050,0.030539,291.487481
696,1.595000,-0.883968,-0.016916,292.702704,-0.887654,-0.050762,292.695031,0.079665,-0.223133,293.149480,0.075979,-0.256980,293.141808,-0.047048,0.271010,291.030482,-0.050734,0.237164,291.022809,0.916585,0.064792,291.477258,0.912900,0.030946,291.469585
697,1.597000,-0.883738,-0.017155,292.685333,-0.887441,-0.050990,292.677623,0.079952,-0.224302,293.131557,0.076249,-0.258138,293.123847,-0.047238,0.272339,291.013171,-0.050941,0.238503,291.005461,0.916452,0.065191,291.459395,0.912749,0.031355,291.451684
698,1.599000,-0.883507,-0.017393,292.667958,-0.887227,-0.051218,292.660210,0.080240,-0.225472,293.113626,0.076520,-0.259297,293.105878,-0.047429,0.273671,290.995857,-0.051149,0.239846,290.988109,0.916317,0.065592,291.441526,0.912597,0.031767,291.433778
699,1.601000,-0.883275,-0.017630,292.650578,-0.887012,-0.051445,292.642792,0.080527,-0.226642,293.095689,0.076790,-0.260457,293.087903,-0.047619,0.275007,290.978541,-0.051356,0.241192,290.970755,0.916183,0.065995,291.423652,0.912446,0.032180,291.415866
700,1.603000,-0.883042,-0.017867,292.633193,-0.886797,-0.051670,292.625369,0.080815,-0.227813,293.077744,0.077061,-0.261617,293.069920,-0.047810,0.276346,290.961221,-0.051564,0.242542,290.953397,0.916048,0.066400,291.405772,0.912293,0.032596,291.397948
701,1.605000,-0.882809,-0.018102,292.615804,-0.886581,-0.051895,292.607942,0.081103,-0.228984,293.059792,0.077331,-0.262777,293.051930,-0.048000,0.277689,290.943899,-0.051772,0.243896,290.936037,0.915912,0.066807,291.387887,0.912140,0.033014,291.380025
702,1.607000,-0.882576,-0.018336,292.598410,-0.886365,-0.052119,292.590510,0.081392,-0.230155,293.041833,0.077602,-0.263937,293.033933,-0.048191,0.279035,290.926574,-0.051980,0.245253,290.918674,0.915776,0.067217,291.369997,0.911987,0.033434,291.362097
703,1.609000,-0.882341,-0.018570,292.581011,-0.886148,-0.052341,292.573073,0.081680,-0.231327,293.023867,0.077874,-0.265098,293.015929,-0.048382,0.280385,290.909245,-0.052188,0.246614,290.901307,0.915640,0.067628,291.352101,0.911833,0.033857,291.344163
704,1.611000,-0.882107,-0.018802,292.563608,-0.885931,-0.052563,292.555632,0.081969,-0.232499,293.005893,0.078145,-0.266259,292.997917,-0.048572,0.281739,290.891914,-0.052396,0.247978,290.883938,0.915503,0.068042,291.334200,0.911679,0.034282,291.326223
705,1.613000,-0.881871,-0.019033,292.546200,-0.885713,-0.052783,292.538186,0.082258,-0.233671,292.987913,0.078416,-0.267421,292.979898,-0.048763,0.283096,290.874580,-0.052605,0.249346,290.866566,0.915366,0.068458,291.316293,0.911524,0.034709,291.308278
706,1.615000,-0.881635,-0.019264,292.528788,-0.885494,-0.053002,292.520735,0.082547,-0.234844,292.969925,0.078688,-0.268582,292.961872,-0.048954,0.284457,290.857244,-0.052813,0.250718,290.849191,0.915228,0.068876,291.298381,0.911369,0.035138,291.290328
707,1.617000,-0.881399,-0.019493,292.511371,-0.885275,-0.053220,292.503280,0.082836,-0.236017,292.951930,0.078959,-0.269744,292.943839,-0.049145,0.285821,290.839904,-0.053022,0.252094,290.831813,0.915090,0.069297,291.280464,0.911213,0.035570,291.272373
708,1.619000,-0.881161,-0.019721,292.493950,-0.885056,-0.053437,292.485821,0.083126,-0.237190,292.933929,0.079231,-0.270906,292.925799,-0.049336,0.287189,290.822562,-0.053230,0.253473,290.814433,0.914951,0.069720,291.262541,0.911057,0.036004,291.254412
709,1.621000,-0.880923,-0.019948,292.476524,-0.884836,-0.053652,292.468356,0.083416,-0.238364,292.915920,0.079503,-0.272068,292.907752,-0.049527,0.288561,290.805218,-0.053439,0.254856,290.797050,0.914812,0.070145,291.244613,0.910900,0.036440,291.236446
710,1.623000,-0.880685,-0.020173,292.459094,-0.884615,-0.053866,292.450888,0.083706,-0.239537,292.897904,0.079776,-0.273230,292.889698,-0.049718,0.289936,290.787870,-0.053648,0.256243,290.779664,0.914673,0.070572,291.226680,0.910743,0.036879,291.218474
711,1.625000,-0.880446,-0.020398,292.441659,-0.884394,-0.054079,292.433415,0.083996,-0.240711,292.879881,0.080048,-0.274393,292.871637,-0.049909,0.291315,290.770520,-0.053856,0.257634,290.762275,0.914533,0.071002,291.208742,0.910585,0.037320,291.200497
712,1.627000,-0.880206,-0.020621,292.424220,-0.884172,-0.054291,292.415937,0.084286,-0.241885,292.861852,0.080320,-0.275555,292.853569,-0.050099,0.292698,290.753167,-0.054065,0.259028,290.744884,0.914393,0.071434,291.190799,0.910427,0.037764,291.182516
713,1.629000,-0.879966,-0.020843,292.406777,-0.883949,-0.054502,292.398455,0.084577,-0.243059,292.843815,0.080593,-0.276717,292.835493,-0.050290,0.294085,290.735812,-0.054274,0.260426,290.727490,0.914252,0.071869,291.172850,0.910268,0.038210,291.164528
714,1.631000,-0.879725,-0.021064,292.389329,-0.883727,-0.054711,292.380969,0.084867,-0.244233,292.825771,0.080866,-0.277880,292.817411,-0.050481,0.295475,290.718454,-0.054483,0.261828,290.710094,0.914111,0.072306,291.154896,0.910109,0.038659,291.146536
715,1.633000,-0.879483,-0.021284,292.371877,-0.883503,-0.054918,292.363478,0.085158,-0.245407,292.807721,0.081138,-0.279042,292.799322,-0.050672,0.296869,290.701094,-0.054692,0.263234,290.692695,0.913969,0.072745,291.136938,0.909949,0.039110,291.128539
716,1.635000,-0.879241,-0.021502,292.354421,-0.883279,-0.055125,292.345983,0.085450,-0.246581,292.789663,0.081412,-0.280204,292.781226,-0.050863,0.298266,290.683731,-0.054901,0.264643,290.675294,0.913827,0.073187,291.118974,0.909789,0.039564,291.110536
717,1.637000,-0.878998,-0.021719,292.336960,-0.883054,-0.055330,292.328484,0.085741,-0.247755,292.771599,0.081685,-0.281366,292.763123,-0.051054,0.299668,290.666366,-0.055110,0.266056,290.657890,0.913685,0.073631,291.101005,0.909628,0.040020,291.092529
718,1.639000,-0.878754,-0.021934,292.319495,-0.882829,-0.055533,292.310980,0.086032,-0.248929,292.753528,0.081958,-0.282528,292.745012,-0.051245,0.301073,290.648999,-0.055320,0.267473,290.640484,0.913542,0.074078,291.083031,0.909467,0.040479,291.074516
719,1.641000,-0.878510,-0.022148,292.302026,-0.882603,-0.055735,292.293473,0.086324,-0.250103,292.735449,0.082231,-0.283690,292.726896,-0.051436,0.302482,290.631629,-0.055529,0.268894,290.623075,0.913398,0.074527,291.065052,0.909306,0.040940,291.056498
720,1.643000,-0.878265,-0.022361,292.284553,-0.882376,-0.055936,292.275960,0.086616,-0.251276,292.717365,0.082505,-0.284851,292.708772,-0.051627,0.303894,290.614257,-0.055738,0.270319,290.605664,0.913255,0.074979,291.047068,0.909144,0.041404,291.038475
721,1.645000,-0.878020,-0.022573,292.267076,-0.882149,-0.056135,292.258444,0.086908,-0.252450,292.699273,0.082779,-0.286013,292.690641,-0.051818,0.305311,290.596882,-0.055947,0.271748,290.588251,0.913110,0.075433,291.029079,0.908981,0.041871,291.020448
722,1.647000,-0.877774,-0.022782,292.249594,-0.881922,-0.056333,292.240924,0.087201,-0.253623,292.681174,0.083053,-0.287174,292.672504,-0.052008,0.306731,290.579505,-0.056156,0.273181,290.570835,0.912966,0.075890,291.011085,0.908818,0.042340,291.002415
723,1.649000,-0.877527,-0.022991,292.232108,-0.881693,-0.056529,292.223399,0.087493,-0.254796,292.663069,0.083327,-0.288334,292.654359,-0.052199,0.308155,290.562126,-0.056366,0.274617,290.553417,0.912821,0.076350,290.993087,0.908654,0.042812,290.984377
724,1.651000,-0.877279,-0.023198,292.214619,-0.881464,-0.056723,292.205870,0.087786,-0.255969,292.644957,0.083601,-0.289495,292.636208,-0.052390,0.309583,290.544745,-0.056575,0.276057,290.535996,0.912675,0.076812,290.975083,0.908490,0.043286,290.966335
725,1.653000,-0.877031,-0.023403,292.197125,-0.881235,-0.056916,292.188337,0.088079,-0.257142,292.626838,0.083875,-0.290655,292.618050,-0.052580,0.311015,290.527362,-0.056784,0.277502,290.518574,0.912530,0.077276,290.957075,0.908326,0.043763,290.948287
726,1.655000,-0.876782,-0.023607,292.179627,-0.881005,-0.057108,292.170800,0.088372,-0.258314,292.608712,0.084149,-0.291814,292.599886,-0.052771,0.312450,290.509976,-0.056993,0.278950,290.501149,0.912383,0.077744,290.939061,0.908161,0.044243,290.930235
727,1.657000,-0.876533,-0.023810,292.162125,-0.880774,-0.057297,292.153259,0.088665,-0.259486,292.590580,0.084424,-0.292973,292.581714,-0.052961,0.313890,290.492588,-0.057203,0.280402,290.483722,0.912237,0.078214,290.921043,0.907995,0.044726,290.912178
728,1.659000,-0.876282,-0.024011,292.144619,-0.880543,-0.057485,292.135714,0.088959,-0.260657,292.572441,0.084699,-0.294132,292.563536,-0.053152,0.315333,290.475198,-0.057412,0.281858,290.466293,0.912089,0.078686,290.903020,0.907829,0.045212,290.894116
729,1.661000,-0.876032,-0.024210,292.127109,-0.880311,-0.057672,292.118165,0.089252,-0.261828,292.554296,0.084973,-0.295290,292.545351,-0.053342,0.316780,290.457806,-0.057621,0.283319,290.448862,0.911942,0.079162,290.884993,0.907663,0.045700,290.876049
730,1.663000,-0.875780,-0.024407,292.109595,-0.880078,-0.057856,292.100612,0.089546,-0.262999,292.536143,0.085248,-0.296448,292.527160,-0.053532,0.318232,290.440413,-0.057830,0.284783,290.431429,0.911794,0.079640,290.866961,0.907496,0.046191,290.857977
731,1.665000,-0.875528,-0.024603,292.092078,-0.879845,-0.058039,292.083055,0.089840,-0.264169,292.517984,0.085524,-0.297605,292.508962,-0.053722,0.319687,290.423017,-0.058039,0.286251,290.413994,0.911646,0.080121,290.848924,0.907329,0.046685,290.839901
732,1.667000,-0.875275,-0.024798,292.074556,-0.879611,-0.058221,292.065494,0.090135,-0.265339,292.499819,0.085799,-0.298762,292.490757,-0.053912,0.321146,290.405619,-0.058248,0.287723,290.396557,0.911497,0.080605,290.830882,0.907161,0.047182,290.821820
733,1.669000,-0.875021,-0.024990,292.057030,-0.879376,-0.058400,292.047929,0.090429,-0.266508,292.481647,0.086074,-0.299918,292.472546,-0.054102,0.322609,290.388219,-0.058457,0.289199,290.379118,0.911348,0.081091,290.812835,0.906993,0.047681,290.803734
734,1.671000,-0.874767,-0.025181,292.039501,-0.879141,-0.058578,292.030360,0.090724,-0.267676,292.463468,0.086350,-0.301073,292.454328,-0.054292,0.324076,290.370817,-0.058666,0.290679,290.361677,0.911198,0.081580,290.794784,0.906824,0.048184,290.785644
735,1.673000,-0.874512,-0.025370,292.021968,-0.878905,-0.058753,292.012788,0.091019,-0.268844,292.445283,0.086625,-0.302227,292.436103,-0.054482,0.325547,290.353414,-0.058875,0.292164,290.344234,0.911048,0.082073,290.776729,0.906655,0.048689,290.767549
736,1.675000,-0.874256,-0.025557,292.004431,-0.878668,-0.058927,291.995211,0.091314,-0.270012,292.427091,0.086901,-0.303381,292.417872,-0.054672,0.327022,290.336008,-0.059084,0.293652,290.326789,0.910898,0.082568,290.758669,0.906485,0.049198,290.749449
737,1.677000,-0.873999,-0.025743,291.986890,-0.878431,-0.059099,291.977631,0.091609,-0.271178,292.408893,0.087177,-0.304534,292.399634,-0.054861,0.328501,290.318601,-0.059293,0.295144,290.309342,0.910747,0.083066,290.740604,0.906315,0.049709,290.731345
738,1.679000,-0.873742,-0.025927,291.969345,-0.878193,-0.059269,291.960047,0.091904,-0.272344,292.390688,0.087453,-0.305687,292.381390,-0.055050,0.329984,290.301192,-0.059502,0.296641,290.291894,0.910596,0.083566,290.722535,0.906145,0.050224,290.713236
739,1.681000,-0.873484,-0.026109,291.951797,-0.877955,-0.059438,291.942459,0.092200,-0.273509,292.372477,0.087729,-0.306838,292.363139,-0.055240,0.331471,290.283781,-0.059710,0.298142,290.274443,0.910444,0.084070,290.704461,0.905974,0.050741,290.695123
740,1.683000,-0.873226,-0.026289,291.934245,-0.877716,-0.059604,291.924868,0.092496,-0.274673,292.354259,0.088005,-0.307989,292.344882,-0.055429,0.332962,290.266369,-0.059919,0.299646,290.256991,0.910292,0.084577,290.686383,0.905802,0.051262,290.677005
741,1.685000,-0.872966,-0.026467,291.916689,-0.877476,-0.059768,291.907272,0.092792,-0.275837,292.336035,0.088282,-0.309138,292.326618,-0.055618,0.334457,290.248955,-0.060127,0.301155,290.239537,0.910140,0.085087,290.668300,0.905630,0.051785,290.658883
742,1.687000,-0.872706,-0.026643,291.899130,-0.877235,-0.059930,291.889673,0.093088,-0.276999,292.317804,0.088558,-0.310287,292.308348,-0.055806,0.335956,290.231539,-0.060336,0.302668,290.222082,0.909987,0.085599,290.650213,0.905458,0.052312,290.640756
743,1.689000,-0.872445,-0.026817,291.881567,-0.876994,-0.060091,291.872071,0.093384,-0.278161,292.299567,0.088835,-0.311435,292.290071,-0.055995,0.337459,290.214121,-0.060544,0.304185,290.204625,0.909834,0.086115,290.632121,0.905285,0.052841,290.622625
744,1.691000,-0.872184,-0.026989,291.864001,-0.876752,-0.060249,291.854465,0.093681,-0.279322,292.281324,0.089112,-0.312581,292.271788,-0.056183,0.338966,290.196702,-0.060752,0.305707,290.187166,0.909681,0.086634,290.614026,0.905112,0.053374,290.604489
745,1.693000,-0.871921,-0.027159,291.846431,-0.876510,-0.060405,291.836855,0.093977,-0.280482,292.263074,0.089389,-0.313727,292.253498,-0.056372,0.340478,290.179282,-0.060960,0.307232,290.169706,0.909527,0.087156,290.595925,0.904938,0.053910,290.586349
746,1.695000,-0.871658,-0.027328,291.828857,-0.876266,-0.060559,291.819241,0.094274,-0.281640,292.244818,0.089666,-0.314872,292.235203,-0.056560,0.341993,290.161859,-0.061168,0.308762,290.152244,0.909372,0.087681,290.577821,0.904764,0.054449,290.568205
747,1.697000,-0.871394,-0.027494,291.811280,-0.876022,-0.060711,291.801624,0.094571,-0.282798,292.226556,0.089943,-0.316015,292.216900,-0.056748,0.343513,290.144436,-0.061376,0.310296,290.134780,0.909218,0.088209,290.559712,0.904590,0.054992,290.550056
748,1.699000,-0.871129,-0.027658,291.793699,-0.875778,-0.060860,291.784004,0.094869,-0.283955,292.208287,0.090220,-0.317158,292.198592,-0.056935,0.345037,290.127010,-0.061584,0.311835,290.117315,0.909063,0.088740,290.541599,0.904415,0.055537,290.531903
749,1.701000,-0.870864,-0.027820,291.776115,-0.875532,-0.061008,291.766380,0.095166,-0.285111,292.190012,0.090498,-0.318299,292.180277,-0.057123,0.346565,290.109584,-0.061791,0.313377,290.099849,0.908907,0.089274,290.523481,0.904239,0.056086,290.513746
750,1.703000,-0.870598,-0.027980,291.758527,-0.875286,-0.061153,291.748752,0.095464,-0.286265,292.171731,0.090776,-0.319439,292.161956,-0.057310,0.348097,290.092156,-0.061998,0.314924,290.082381,0.908752,0.089812,290.505360,0.904063,0.056638,290.495585
751,1.705000,-0.870331,-0.028137,291.740936,-0.875039,-0.061296,291.731121,0.095762,-0.287419,292.153443,0.091053,-0.320577,292.143628,-0.057497,0.349634,290.074726,-0.062206,0.316475,290.064912,0.908595,0.090353,290.487234,0.903887,0.057194,290.477419
752,1.707000,-0.870063,-0.028293,291.723342,-0.874792,-0.061437,291.713487,0.096060,-0.288571,292.135150,0.091331,-0.321715,292.125295,-0.057684,0.351174,290.057296,-0.062413,0.318030,290.047441,0.908439,0.090897,290.469104,0.903710,0.057753,290.459249
753,1.709000,-0.869794,-0.028446,291.705744,-0.874543,-0.061576,291.695849,0.096358,-0.289722,292.116850,0.091609,-0.322851,292.106955,-0.057871,0.352719,290.039864,-0.062620,0.319590,290.029969,0.908282,0.091444,290.450970,0.903533,0.058315,290.441075
754,1.711000,-0.869525,-0.028597,291.688142,-0.874294,-0.061712,291.678208,0.096657,-0.290871,292.098543,0.091888,-0.323986,292.088609,-0.058057,0.354268,290.022430,-0.062826,0.321154,290.012495,0.908125,0.091995,290.432831,0.903356,0.058880,290.422897
755,1.713000,-0.869255,-0.028746,291.670538,-0.874044,-0.061846,291.660563,0.096955,-0.292019,292.080231,0.092166,-0.325119,292.070256,-0.058243,0.355822,290.004995,-0.063033,0.322722,289.995021,0.907967,0.092549,290.414689,0.903178,0.059449,290.404714
756,1.715000,-0.868984,-0.028893,291.652930,-0.873794,-0.061977,291.642915,0.097254,-0.293166,292.061913,0.092444,-0.326251,292.051898,-0.058429,0.357379,289.987560,-0.063239,0.324295,289.977545,0.907809,0.093106,290.396542,0.902999,0.060021,290.386528
757,1.717000,-0.868712,-0.029037,291.635319,-0.873543,-0.062106,291.625264,0.097553,-0.294312,292.043588,0.092723,-0.327381,292.033533,-0.058615,0.358941,289.970123,-0.063445,0.325872,289.960068,0.907651,0.093666,290.378392,0.902821,0.060597,290.368337
758,1.719000,-0.868440,-0.029179,291.617704,-0.873291,-0.062233,291.607610,0.097853,-0.295456,292.025257,0.093002,-0.328510,292.015163,-0.058800,0.360508,289.952684,-0.063651,0.327453,289.942589,0.907492,0.094231,290.360237,0.902641,0.061176,290.350142
759,1.721000,-0.868166,-0.029319,291.600087,-0.873038,-0.062357,291.589952,0.098152,-0.296599,292.006921,0.093281,-0.329638,291.996786,-0.058985,0.362078,289.935245,-0.063857,0.329039,289.925110,0.907333,0.094798,290.342079,0.902462,0.061759,290.331944
760,1.723000,-0.867892,-0.029456,291.582466,-0.872784,-0.062479,291.572291,0.098452,-0.297740,291.988578,0.093560,-0.330763,291.978403,-0.059170,0.363653,289.917804,-0.064062,0.330630,289.907629,0.907174,0.095369,290.323916,0.902282,0.062345,290.313741
761,1.725000,-0.867617,-0.029591,291.564842,-0.872530,-0.062599,291.554627,0.098752,-0.298880,291.970229,0.093839,-0.331888,291.960014,-0.059355,0.365232,289.900363,-0.064268,0.332224,289.890147,0.907014,0.095943,290.305750,0.902101,0.062935,290.295534
762,1.727000,-0.867341,-0.029723,291.547215,-0.872275,-0.062715,291.536959,0.099052,-0.300018,291.951874,0.094118,-0.333010,291.941618,-0.059539,0.366816,289.882920,-0.064473,0.333823,289.872665,0.906854,0.096521,290.287579,0.901921,0.063529,290.277324
763,1.729000,-0.867064,-0.029853,291.529584,-0.872019,-0.062830,291.519289,0.099352,-0.301154,291.933513,0.094398,-0.334131,291.923217,-0.059723,0.368404,289.865476,-0.064677,0.335427,289.855181,0.906694,0.097102,290.269405,0.901739,0.064126,290.259109
764,1.731000,-0.866787,-0.029980,291.511951,-0.871762,-0.062941,291.501615,0.099653,-0.302289,291.915146,0.094678,-0.335250,291.904810,-0.059907,0.369996,289.848032,-0.064882,0.337035,289.837696,0.906533,0.097687,290.251227,0.901558,0.064726,290.240891
765,1.733000,-0.866508,-0.030105,291.494314,-0.871505,-0.063050,291.483938,0.099954,-0.303422,291.896773,0.094957,-0.336368,291.886397,-0.060090,0.371593,289.830586,-0.065086,0.338648,289.820210,0.906372,0.098275,290.233044,0.901376,0.065330,290.222668
766,1.735000,-0.866229,-0.030227,291.476675,-0.871246,-0.063157,291.466258,0.100254,-0.304554,291.878394,0.095237,-0.337483,291.867978,-0.060273,0.373194,289.813139,-0.065290,0.340265,289.802723,0.906210,0.098867,290.214859,0.901193,0.065938,290.204442
767,1.737000,-0.865949,-0.030347,291.459032,-0.870987,-0.063260,291.448576,0.100556,-0.305684,291.860009,0.095518,-0.338597,291.849553,-0.060456,0.374799,289.795692,-0.065494,0.341886,289.785235,0.906049,0.099463,290.196669,0.901011,0.066550,290.186212
768,1.739000,-0.865668,-0.030464,291.441387,-0.870727,-0.063362,291.430890,0.100857,-0.306811,291.841618,0.095798,-0.339709,291.831122,-0.060638,0.376409,289.778243,-0.065697,0.343512,289.767747,0.905887,0.100062,290.178475,0.900828,0.067165,290.167978
769,1.741000,-0.865386,-0.030579,291.423738,-0.870467,-0.063460,291.413201,0.101159,-0.307938,291.823222,0.096078,-0.340819,291.812685,-0.060820,0.378024,289.760794,-0.065901,0.345143,289.750257,0.905724,0.100665,290.160278,0.900644,0.067784,290.149741
770,1.743000,-0.865103,-0.030691,291.406086,-0.870205,-0.063555,291.395509,0.101460,-0.309062,291.804819,0.096359,-0.341927,291.794242,-0.061002,0.379643,289.743344,-0.066104,0.346778,289.732767,0.905562,0.101272,290.142077,0.900460,0.068407,290.131500
771,1.745000,-0.864820,-0.030800,291.388432,-0.869943,-0.063648,291.377814,0.101762,-0.310184,291.786411,0.096640,-0.343033,291.775793,-0.061183,0.381266,289.725893,-0.066306,0.348418,289.715275,0.905399,0.101882,290.123873,0.900276,0.069033,290.113255
772,1.747000,-0.864535,-0.030906,291.370774,-0.869679,-0.063738,291.360116,0.102065,-0.311304,291.767997,0.096920,-0.344137,291.757339,-0.061364,0.382894,289.708442,-0.066509,0.350062,289.697783,0.905235,0.102496,290.105664,0.900091,0.069664,290.095006
773,1.749000,-0.864250,-0.031010,291.353114,-0.869415,-0.063825,291.342415,0.102367,-0.312423,291.749577,0.097202,-0.345239,291.738878,-0.061545,0.384527,289.690989,-0.066710,0.351711,289.680291,0.905072,0.103114,290.087452,0.899906,0.070298,290.076753
774,1.751000,-0.863963,-0.031111,291.335451,-0.869150,-0.063910,291.324712,0.102670,-0.313539,291.731151,0.097483,-0.346338,291.720412,-0.061725,0.386164,289.673536,-0.066912,0.353365,289.662797,0.904908,0.103735,290.069237,0.899721,0.070936,290.058497
775,1.753000,-0.863676,-0.031209,291.317785,-0.868885,-0.063991,291.307005,0.102973,-0.314654,291.712719,0.097764,-0.347436,291.701940,-0.061905,0.387805,289.656083,-0.067113,0.355023,289.645303,0.904744,0.104361,290.051017,0.899535,0.071578,290.040238
776,1.755000,-0.863388,-0.031304,291.300116,-0.868618,-0.064070,291.289296,0.103276,-0.315766,291.694282,0.098046,-0.348531,291.683462,-0.062084,0.389451,289.638628,-0.067314,0.356686,289.627808,0.904579,0.104990,290.032794,0.899349,0.072224,290.021975
777,1.757000,-0.863099,-0.031397,291.282444,-0.868350,-0.064146,291.271584,0.103579,-0.316876,291.675839,0.098328,-0.349625,291.664979,-0.062263,0.391102,289.621173,-0.067515,0.358353,289.610313,0.904414,0.105623,290.014568,0.899163,0.072874,290.003708
778,1.759000,-0.862809,-0.031486,291.264770,-0.868082,-0.064218,291.253869,0.103883,-0.317984,291.657390,0.098609,-0.350716,291.646490,-0.062442,0.392758,289.603718,-0.067715,0.360026,289.592817,0.904249,0.106260,289.996338,0.898976,0.073528,289.985437
779,1.761000,-0.862518,-0.031573,291.247093,-0.867813,-0.064288,291.236152,0.104187,-0.319090,291.638936,0.098892,-0.351804,291.627995,-0.062620,0.394417,289.586262,-0.067915,0.361703,289.575321,0.904084,0.106901,289.978105,0.898789,0.074186,289.967163
780,1.763000,-0.862226,-0.031657,291.229413,-0.867543,-0.064355,291.218431,0.104491,-0.320193,291.620476,0.099174,-0.352891,291.609494,-0.062798,0.396082,289.568805,-0.068115,0.363384,289.557823,0.903918,0.107546,289.959868,0.898602,0.074848,289.948886
781,1.765000,-0.861933,-0.031738,291.211731,-0.867272,-0.064418,291.200708,0.104795,-0.321294,291.602010,0.099456,-0.353975,291.590988,-0.062975,0.397751,289.551348,-0.068314,0.365071,289.540326,0.903753,0.108194,289.941628,0.898414,0.075514,289.930605
782,1.767000,-0.861639,-0.031815,291.194046,-0.867000,-0.064479,291.182983,0.105100,-0.322393,291.583539,0.099739,-0.355057,291.572476,-0.063152,0.399425,289.533891,-0.068513,0.366762,289.522828,0.903586,0.108847,289.923384,0.898226,0.076184,289.912321
783,1.769000,-0.861344,-0.031890,291.176358,-0.866727,-0.064536,291.165254,0.105404,-0.323490,291.565062,0.100022,-0.356136,291.553958,-0.063329,0.401104,289.516433,-0.068711,0.368458,289.505329,0.903420,0.109504,289.905137,0.898037,0.076858,289.894033
784,1.771000,-0.861049,-0.031962,291.158667,-0.866453,-0.064590,291.147523,0.105709,-0.324584,291.546579,0.100305,-0.357212,291.535435,-0.063505,0.402787,289.498974,-0.068909,0.370158,289.487830,0.903253,0.110165,289.886886,0.897849,0.077537,289.875742
785,1.773000,-0.860752,-0.032031,291.140974,-0.866178,-0.064642,291.129790,0.106015,-0.325676,291.528091,0.100588,-0.358287,291.516907,-0.063680,0.404475,289.481516,-0.069107,0.371864,289.470331,0.903086,0.110830,289.868632,0.897660,0.078219,289.857448
786,1.775000,-0.860454,-0.032096,291.123279,-0.865903,-0.064689,291.112054,0.106320,-0.326765,291.509598,0.100871,-0.359358,291.498372,-0.063855,0.406167,289.464056,-0.069304,0.373574,289.452831,0.902919,0.111499,289.850375,0.897470,0.078906,289.839150
787,1.777000,-0.860155,-0.032159,291.105581,-0.865626,-0.064734,291.094315,0.106626,-0.327852,291.491098,0.101155,-0.360427,291.479833,-0.064030,0.407865,289.446597,-0.069501,0.375289,289.435331,0.902751,0.112172,289.832115,0.897280,0.079597,289.820849
788,1.779000,-0.859856,-0.032218,291.087880,-0.865349,-0.064776,291.076574,0.106932,-0.328936,291.472594,0.101439,-0.361493,291.461287,-0.064204,0.409567,289.429137,-0.069697,0.377009,289.417831,0.902584,0.112849,289.813851,0.897091,0.080292,289.802545
789,1.781000,-0.859555,-0.032274,291.070177,-0.865070,-0.064814,291.058830,0.107238,-0.330017,291.454084,0.101723,-0.362557,291.442737,-0.064377,0.411274,289.411677,-0.069893,0.378734,289.400330,0.902416,0.113531,289.795584,0.896900,0.080991,289.784237
790,1.783000,-0.859253,-0.032327,291.052472,-0.864791,-0.064849,291.041084,0.107545,-0.331096,291.435568,0.102007,-0.363618,291.424181,-0.064550,0.412986,289.394217,-0.070088,0.380464,289.382830,0.902248,0.114217,289.777313,0.896710,0.081695,289.765926
791,1.785000,-0.858950,-0.032377,291.034764,-0.864511,-0.064881,291.023336,0.107852,-0.332172,291.417047,0.102291,-0.364676,291.405619,-0.064723,0.414702,289.376757,-0.070283,0.382198,289.365329,0.902079,0.114906,289.759040,0.896519,0.082403,289.747612
792,1.787000,-0.858647,-0.032423,291.017053,-0.864229,-0.064909,291.005585,0.108159,-0.333246,291.398521,0.102576,-0.365732,291.387052,-0.064895,0.416423,289.359296,-0.070478,0.383938,289.347827,0.901910,0.115601,289.740763,0.896328,0.083115,289.729295
793,1.789000,-0.858342,-0.032466,290.999341,-0.863947,-0.064934,290.987831,0.108466,-0.334317,291.379989,0.102861,-0.366784,291.368479,-0.065066,0.418150,289.341835,-0.070672,0.385682,289.330326,0.901741,0.116299,289.722484,0.896136,0.083832,289.710974
794,1.791000,-0.858036,-0.032506,290.981626,-0.863664,-0.064955,290.970076,0.108774,-0.335385,291.361452,0.103146,-0.367834,291.349902,-0.065237,0.419881,289.324375,-0.070865,0.387432,289.312825,0.901572,0.117002,289.704201,0.895944,0.084553,289.692651
795,1.793000,-0.857729,-0.032543,290.963908,-0.863379,-0.064973,290.952317,0.109082,-0.336450,291.342909,0.103431,-0.368881,291.331318,-0.065408,0.421616,289.306914,-0.071058,0.389186,289.295323,0.901403,0.117709,289.685915,0.895752,0.085279,289.674324
796,1.795000,-0.857421,-0.032576,290.946188,-0.863094,-0.064988,290.934557,0.109390,-0.337512,291.324361,0.103717,-0.369924,291.312730,-0.065577,0.423357,289.289453,-0.071251,0.390945,289.277821,0.901233,0.118421,289.667626,0.895560,0.086009,289.655994
797,1.797000,-0.857112,-0.032605,290.928466,-0.862808,-0.064999,290.916794,0.109698,-0.338572,291.305808,0.104002,-0.370965,291.294136,-0.065746,0.425103,289.271992,-0.071442,0.392709,289.260320,0.901064,0.119136,289.649333,0.895368,0.086743,289.637661
798,1.799000,-0.856802,-0.032632,290.910742,-0.862521,-0.065006,290.899029,0.110007,-0.339628,291.287250,0.104288,-0.372003,291.275537,-0.065915,0.426853,289.254531,-0.071634,0.394479,289.242818,0.900894,0.119857,289.631038,0.895175,0.087482,289.619326
799,1.801000,-0.856491,-0.032655,290.893016,-0.862232,-0.065010,290.881262,0.110316,-0.340682,291.268686,0.104574,-0.373038,291.256933,-0.066083,0.428609,289.237070,-0.071825,0.396253,289.225317,0.900724,0.120582,289.612740,0.894982,0.088226,289.600987
800,1.803000,-0.856178,-0.032674,290.875287,-0.861943,-0.065011,290.863493,0.110625,-0.341732,291.250117,0.104861,-0.374069,291.238323,-0.066250,0.430369,289.219609,-0.072015,0.398032,289.207815,0.900553,0.121311,289.594439,0.894789,0.088974,289.582645
801,1.805000,-0.855865,-0.032690,290.857556,-0.861653,-0.065008,290.845721,0.110935,-0.342780,291.231543,0.105147,-0.375098,291.219708,-0.066417,0.432135,289.202148,-0.072205,0.399817,289.190313,0.900383,0.122045,289.576135,0.894595,0.089727,289.564300
802,1.807000,-0.855550,-0.032702,290.839823,-0.861361,-0.065001,290.827947,0.111245,-0.343824,291.212963,0.105434,-0.376123,291.201088,-0.066583,0.433905,289.184687,-0.072394,0.401606,289.172812,0.900212,0.122783,289.557828,0.894401,0.090484,289.545953
803,1.809000,-0.855235,-0.032711,290.822088,-0.861069,-0.064990,290.810172,0.111555,-0.344865,291.194379,0.105721,-0.377145,291.182463,-0.066749,0.435680,289.167227,-0.072583,0.403400,289.155311,0.900041,0.123526,289.539518,0.894207,0.091246,289.527602
804,1.811000,-0.854918,-0.032716,290.804350,-0.860775,-0.064976,290.792394,0.111866,-0.345903,291.175789,0.106009,-0.378164,291.163832,-0.066914,0.437461,289.149767,-0.072771,0.405200,289.137810,0.899870,0.124273,289.521205,0.894013,0.092013,289.509249
805,1.813000,-0.854600,-0.032717,290.786611,-0.860480,-0.064958,290.774614,0.112176,-0.346938,291.157194,0.106296,-0.379179,291.145197,-0.067078,0.439246,289.132306,-0.072958,0.407005,289.120309,0.899699,0.125025,289.502890,0.893819,0.092784,289.490892
806,1.815000,-0.854281,-0.032715,290.768870,-0.860185,-0.064937,290.756831,0.112488,-0.347969,291.138594,0.106584,-0.380191,291.126556,-0.067242,0.441036,289.114847,-0.073145,0.408814,289.102808,0.899527,0.125782,289.484571,0.893624,0.093560,289.472533
807,1.817000,-0.853961,-0.032709,290.751126,-0.859888,-0.064911,290.739047,0.112799,-0.348997,291.119989,0.106872,-0.381200,291.107911,-0.067405,0.442832,289.097387,-0.073331,0.410629,289.085308,0.899356,0.126543,289.466250,0.893429,0.094341,289.454171
808,1.819000,-0.853640,-0.032699,290.733381,-0.859590,-0.064882,290.721261,0.113111,-0.350022,291.101379,0.107161,-0.382205,291.089260,-0.067567,0.444632,289.079927,-0.073517,0.412450,289.067808,0.899184,0.127309,289.447926,0.893234,0.095127,289.435807
809,1.821000,-0.853318,-0.032686,290.715633,-0.859291,-0.064849,290.703473,0.113423,-0.351044,291.082764,0.107449,-0.383207,291.070604,-0.067728,0.446438,289.062468,-0.073702,0.414275,289.050308,0.899012,0.128080,289.429600,0.893039,0.095917,289.417439
810,1.823000,-0.852994,-0.032669,290.697884,-0.858991,-0.064812,290.685683,0.113735,-0.352062,291.064144,0.107738,-0.384205,291.051943,-0.067889,0.448248,289.045010,-0.073886,0.416105,289.032809,0.898840,0.128856,289.411270,0.892843,0.096713,289.399069
811,1.825000,-0.852669,-0.032648,290.680133,-0.858690,-0.064771,290.667891,0.114048,-0.353076,291.045519,0.108027,-0.385200,291.033278,-0.068049,0.450064,289.027551,-0.074070,0.417941,289.015310,0.898668,0.129636,289.392938,0.892647,0.097513,289.380696
812,1.827000,-0.852343,-0.032623,290.662379,-0.858388,-0.064727,290.650097,0.114361,-0.354087,291.026889,0.108317,-0.386191,291.014607,-0.068209,0.451885,289.010094,-0.074253,0.419782,288.997811,0.898496,0.130421,289.374603,0.892452,0.098318,289.362321
813,1.829000,-0.852016,-0.032595,290.644624,-0.858084,-0.064678,290.632301,0.114675,-0.355095,291.008254,0.108607,-0.387178,290.995931,-0.068367,0.453711,288.992636,-0.074435,0.421628,288.980313,0.898323,0.131211,289.356266,0.892256,0.099128,289.343943
814,1.831000,-0.851688,-0.032562,290.626867,-0.857779,-0.064625,290.614504,0.114988,-0.356099,290.989614,0.108897,-0.388162,290.977250,-0.068525,0.455543,288.975179,-0.074617,0.423480,288.962815,0.898151,0.132006,289.337926,0.892059,0.099943,289.325562
815,1.833000,-0.851358,-0.032526,290.609108,-0.857474,-0.064569,290.596704,0.115303,-0.357099,290.970969,0.109187,-0.389142,290.958565,-0.068682,0.457379,288.957723,-0.074798,0.425336,288.945318,0.897978,0.132806,289.319583,0.891863,0.100763,289.307179
816,1.835000,-0.851027,-0.032486,290.591348,-0.857167,-0.064508,290.578903,0.115617,-0.358096,290.952320,0.109478,-0.390118,290.939875,-0.068839,0.459221,288.940267,-0.074978,0.427198,288.927821,0.897806,0.133611,289.301238,0.891666,0.101588,289.288793
817,1.837000,-0.850695,-0.032441,290.573586,-0.856859,-0.064444,290.561100,0.115932,-0.359089,290.933665,0.109769,-0.391091,290.921179,-0.068994,0.461068,288.922811,-0.075158,0.429066,288.910325,0.897633,0.134420,289.282891,0.891470,0.102418,289.270405
818,1.839000,-0.850362,-0.032393,290.555821,-0.856549,-0.064375,290.543295,0.116247,-0.360078,290.915006,0.110060,-0.392060,290.902479,-0.069149,0.462920,288.905356,-0.075336,0.430938,288.892830,0.897460,0.135235,289.264540,0.891273,0.103253,289.252014
819,1.841000,-0.850028,-0.032341,290.538056,-0.856239,-0.064302,290.525489,0.116563,-0.361064,290.896341,0.110351,-0.393024,290.883774,-0.069303,0.464777,288.887902,-0.075514,0.432816,288.875335,0.897287,0.136054,289.246188,0.891076,0.104093,289.233621
820,1.843000,-0.849692,-0.032285,290.520288,-0.855927,-0.064225,290.507680,0.116879,-0.362045,290.877672,0.110643,-0.393985,290.865065,-0.069457,0.466640,288.870448,-0.075692,0.434699,288.857841,0.897114,0.136879,289.227833,0.890879,0.104939,289.215225
821,1.845000,-0.849355,-0.032224,290.502519,-0.855614,-0.064144,290.489871,0.117195,-0.363023,290.858999,0.110935,-0.394942,290.846350,-0.069609,0.468508,288.852995,-0.075868,0.436588,288.840347,0.896941,0.137709,289.209475,0.890681,0.105789,289.196827
822,1.847000,-0.849017,-0.032160,290.484748,-0.855300,-0.064058,290.472059,0.117512,-0.363997,290.840320,0.111228,-0.395895,290.827631,-0.069761,0.470381,288.835543,-0.076044,0.438482,288.822854,0.896768,0.138543,289.191115,0.890484,0.106645,289.178426
823,1.849000,-0.848677,-0.032091,290.466976,-0.854985,-0.063968,290.454246,0.117829,-0.364967,290.821637,0.111521,-0.396844,290.808907,-0.069911,0.472259,288.818092,-0.076219,0.440382,288.805362,0.896594,0.139383,289.172753,0.890286,0.107506,289.160023
824,1.851000,-0.848336,-0.032018,290.449202,-0.854668,-0.063875,290.436431,0.118146,-0.365933,290.802949,0.111814,-0.397789,290.790179,-0.070061,0.474143,288.800641,-0.076393,0.442287,288.787870,0.896421,0.140228,289.154388,0.890089,0.108372,289.141618
825,1.853000,-0.847994,-0.031941,290.431426,-0.854350,-0.063776,290.418615,0.118464,-0.366895,290.784256,0.112108,-0.398730,290.771445,-0.070210,0.476032,288.783191,-0.076567,0.444197,288.770380,0.896248,0.141079,289.136021,0.889891,0.109243,289.123210
826,1.855000,-0.847650,-0.031860,290.413649,-0.854031,-0.063674,290.400797,0.118782,-0.367853,290.765559,0.112401,-0.399667,290.752707,-0.070358,0.477927,288.765742,-0.076739,0.446113,288.752890,0.896074,0.141934,289.117652,0.889693,0.110120,289.104800
827,1.857000,-0.847306,-0.031774,290.395870,-0.853711,-0.063567,290.382978,0.119101,-0.368807,290.746857,0.112696,-0.400599,290.733965,-0.070506,0.479827,288.748293,-0.076911,0.448034,288.735401,0.895901,0.142795,289.099280,0.889495,0.111002,289.086388
828,1.859000,-0.846959,-0.031685,290.378090,-0.853389,-0.063456,290.365157,0.119420,-0.369756,290.728151,0.112990,-0.401528,290.715218,-0.070652,0.481733,288.730846,-0.077082,0.449961,288.717913,0.895727,0.143661,289.080906,0.889297,0.111890,289.067974
829,1.861000,-0.846612,-0.031591,290.360308,-0.853066,-0.063340,290.347335,0.119739,-0.370702,290.709440,0.113285,-0.402452,290.696466,-0.070797,0.483643,288.713399,-0.077252,0.451894,288.700426,0.895554,0.144532,289.062530,0.889099,0.112782,289.049557
830,1.863000,-0.846263,-0.031492,290.342525,-0.852742,-0.063220,290.329511,0.120059,-0.371643,290.690724,0.113580,-0.403371,290.677710,-0.070942,0.485560,288.695953,-0.077421,0.453832,288.682939,0.895380,0.145409,289.044152,0.888901,0.113681,289.031138
831,1.865000,-0.845913,-0.031390,290.324741,-0.852417,-0.063096,290.311686,0.120380,-0.372580,290.672004,0.113876,-0.404287,290.658949,-0.071086,0.487481,288.678509,-0.077589,0.455775,288.665454,0.895207,0.146290,289.025772,0.888703,0.114584,289.012717
832,1.867000,-0.845561,-0.031283,290.306955,-0.852090,-0.062967,290.293860,0.120700,-0.373513,290.653279,0.114172,-0.405198,290.640184,-0.071228,0.489408,288.661065,-0.077757,0.457724,288.647970,0.895033,0.147178,289.007389,0.888505,0.115493,288.994294
833,1.869000,-0.845208,-0.031171,290.289167,-0.851762,-0.062834,290.276032,0.121022,-0.374442,290.634550,0.114468,-0.406104,290.621414,-0.071370,0.491341,288.643622,-0.077923,0.459678,288.630486,0.894860,0.148070,288.989005,0.888307,0.116408,288.975869
834,1.871000,-0.844854,-0.031055,290.271379,-0.851432,-0.062696,290.258203,0.121343,-0.375366,290.615816,0.114765,-0.407006,290.602640,-0.071511,0.493279,288.626180,-0.078089,0.461638,288.613004,0.894686,0.148969,288.970618,0.888108,0.117328,288.957442
835,1.873000,-0.844498,-0.030935,290.253589,-0.851101,-0.062553,290.240372,0.121665,-0.376285,290.597078,0.115062,-0.407904,290.583862,-0.071651,0.495223,288.608740,-0.078254,0.463604,288.595523,0.894513,0.149872,288.952229,0.887910,0.118254,288.939012
836,1.875000,-0.844141,-0.030810,290.235798,-0.850769,-0.062406,290.222540,0.121988,-0.377200,290.578336,0.115360,-0.408797,290.565079,-0.071789,0.497172,288.591300,-0.078417,0.465575,288.578043,0.894340,0.150781,288.933838,0.887711,0.119185,288.920581
837,1.877000,-0.843782,-0.030680,290.218005,-0.850436,-0.062254,290.204707,0.122311,-0.378111,290.559589,0.115658,-0.409685,290.546291,-0.071927,0.499126,288.573861,-0.078580,0.467552,288.560564,0.894166,0.151696,288.915445,0.887513,0.120122,288.902148
838,1.879000,-0.843422,-0.030546,290.200211,-0.850101,-0.062098,290.186873,0.122634,-0.379017,290.540838,0.115956,-0.410569,290.527500,-0.072064,0.501087,288.556424,-0.078742,0.469535,288.543086,0.893993,0.152616,288.897051,0.887315,0.121064,288.883712
839,1.881000,-0.843061,-0.030408,290.182416,-0.849764,-0.061937,290.169038,0.122958,-0.379919,290.522082,0.116255,-0.411448,290.508704,-0.072200,0.503052,288.538988,-0.078903,0.471523,288.525609,0.893820,0.153541,288.878654,0.887116,0.122012,288.865275
840,1.883000,-0.842698,-0.030265,290.164620,-0.849427,-0.061771,290.151201,0.123283,-0.380816,290.503322,0.116554,-0.412322,290.489903,-0.072335,0.505024,288.521553,-0.079063,0.473517,288.508134,0.893646,0.154473,288.860255,0.886918,0.122966,288.846836
841,1.885000,-0.842334,-0.030117,290.146823,-0.849087,-0.061601,290.133363,0.123608,-0.381708,290.484558,0.116854,-0.413192,290.471099,-0.072468,0.507000,288.504119,-0.079222,0.475517,288.490660,0.893473,0.155410,288.841855,0.886719,0.123926,288.828395
842,1.887000,-0.841968,-0.029965,290.129024,-0.848747,-0.061426,290.115524,0.123933,-0.382596,290.465790,0.117154,-0.414057,290.452290,-0.072601,0.508983,288.486687,-0.079380,0.477522,288.473187,0.893300,0.156352,288.823452,0.886521,0.124891,288.809952
843,1.889000,-0.841601,-0.029808,290.111225,-0.848405,-0.061246,290.097685,0.124259,-0.383478,290.447017,0.117454,-0.414917,290.433477,-0.072732,0.510971,288.469255,-0.079537,0.479533,288.455715,0.893127,0.157300,288.805048,0.886323,0.125862,288.791507
844,1.891000,-0.841232,-0.029646,290.093424,-0.848062,-0.061061,290.079843,0.124585,-0.384356,290.428240,0.117755,-0.415772,290.414660,-0.072863,0.512965,288.451825,-0.079693,0.481549,288.438245,0.892954,0.158254,288.786641,0.886124,0.126839,288.773061
845,1.893000,-0.840861,-0.029479,290.075623,-0.847717,-0.060872,290.062001,0.124912,-0.385230,290.409459,0.118057,-0.416622,290.395838,-0.072992,0.514964,288.434397,-0.079848,0.483572,288.420776,0.892781,0.159214,288.768233,0.885926,0.127821,288.754612
846,1.895000,-0.840490,-0.029308,290.057820,-0.847370,-0.060677,290.044158,0.125240,-0.386098,290.390674,0.118359,-0.417467,290.377013,-0.073121,0.516969,288.416969,-0.080001,0.485600,288.403308,0.892608,0.160179,288.749824,0.885728,0.128810,288.736162
847,1.897000,-0.840116,-0.029132,290.040016,-0.847023,-0.060478,290.026314,0.125567,-0.386962,290.371885,0.118661,-0.418308,290.358183,-0.073248,0.518980,288.399543,-0.080154,0.487634,288.385842,0.892436,0.161150,288.731412,0.885530,0.129804,288.717710
848,1.899000,-0.839741,-0.028951,290.022211,-0.846673,-0.060274,290.008469,0.125896,-0.387820,290.353091,0.118964,-0.419143,290.339349,-0.073374,0.520997,288.382119,-0.080306,0.489674,288.368377,0.892263,0.162127,288.712999,0.885331,0.130805,288.699257
849,1.901000,-0.839365,-0.028765,290.004406,-0.846323,-0.060065,289.990623,0.126225,-0.388674,290.334294,0.119267,-0.419973,290.320511,-0.073499,0.523019,288.364696,-0.080457,0.491719,288.350914,0.892091,0.163110,288.694584,0.885133,0.131811,288.680802
850,1.903000,-0.838987,-0.028575,289.986599,-0.845970,-0.059850,289.972776,0.126555,-0.389522,290.315492,0.119571,-0.420798,290.301669,-0.073623,0.525047,288.347274,-0.080606,0.493771,288.333452,0.891919,0.164099,288.676167,0.884935,0.132823,288.662345
851,1.905000,-0.838607,-0.028379,289.968791,-0.845616,-0.059631,289.954928,0.126885,-0.390366,290.296686,0.119875,-0.421618,290.282823,-0.073745,0.527080,288.329854,-0.080754,0.495828,288.315991,0.891747,0.165094,288.657749,0.884737,0.133841,288.643886
852,1.907000,-0.838226,-0.028179,289.950983,-0.845261,-0.059407,289.937080,0.127215,-0.391204,290.277877,0.120180,-0.422433,290.263973,-0.073867,0.529120,288.312436,-0.080902,0.497891,288.298532,0.891575,0.166094,288.639329,0.884540,0.134866,288.625426
853,1.909000,-0.837843,-0.027973,289.933174,-0.844904,-0.059178,289.919230,0.127547,-0.392037,290.259063,0.120486,-0.423242,290.245120,-0.073987,0.531165,288.295019,-0.081048,0.499960,288.281075,0.891403,0.167101,288.620908,0.884342,0.135896,288.606964
854,1.911000,-0.837459,-0.027763,289.915363,-0.844546,-0.058944,289.901380,0.127878,-0.392865,290.240245,0.120791,-0.424046,290.226262,-0.074106,0.533216,288.277603,-0.081193,0.502035,288.263620,0.891231,0.168113,288.602485,0.884144,0.136932,288.588501
855,1.913000,-0.837073,-0.027547,289.897553,-0.844186,-0.058704,289.883529,0.128211,-0.393688,290.221424,0.121098,-0.424845,290.207400,-0.074224,0.535273,288.260189,-0.081337,0.504116,288.246166,0.891060,0.169132,288.584060,0.883947,0.137975,288.570037
856,1.915000,-0.836685,-0.027327,289.879741,-0.843824,-0.058460,289.865677,0.128544,-0.394506,290.202598,0.121405,-0.425639,290.188534,-0.074340,0.537335,288.242777,-0.081479,0.506202,288.228713,0.890889,0.170156,288.565634,0.883750,0.139023,288.551570
857,1.917000,-0.836296,-0.027102,289.861928,-0.843461,-0.058210,289.847824,0.128877,-0.395318,290.183769,0.121712,-0.426427,290.169665,-0.074456,0.539403,288.225366,-0.081621,0.508295,288.211262,0.890718,0.171187,288.547207,0.883553,0.140078,288.533103
858,1.919000,-0.835905,-0.026871,289.844115,-0.843096,-0.057956,289.829971,0.129211,-0.396125,290.164935,0.122020,-0.427210,290.150791,-0.074570,0.541478,288.207957,-0.081761,0.510393,288.193813,0.890547,0.172224,288.528778,0.883356,0.141139,288.514634
859,1.921000,-0.835513,-0.026635,289.826301,-0.842730,-0.057696,289.812117,0.129546,-0.396927,290.146098,0.122329,-0.427987,290.131914,-0.074682,0.543558,288.190550,-0.081900,0.512498,288.176366,0.890376,0.173266,288.510347,0.883159,0.142206,288.496163
860,1.923000,-0.835118,-0.026395,289.808487,-0.842362,-0.057430,289.794263,0.129881,-0.397723,290.127257,0.122638,-0.428759,290.113033,-0.074794,0.545644,288.173145,-0.082038,0.514608,288.158921,0.890206,0.174315,288.491915,0.882962,0.143280,288.477691
861,1.925000,-0.834722,-0.026149,289.790671,-0.841992,-0.057160,289.776407,0.130217,-0.398514,290.108412,0.122947,-0.429525,290.094148,-0.074904,0.547736,288.155741,-0.082174,0.516724,288.141477,0.890036,0.175370,288.473482,0.882766,0.144359,288.459218
862,1.927000,-0.834325,-0.025898,289.772856,-0.841621,-0.056884,289.758551,0.130554,-0.399299,290.089564,0.123258,-0.430286,290.075260,-0.075013,0.549833,288.138339,-0.082310,0.518847,288.124035,0.889866,0.176432,288.455047,0.882569,0.145445,288.440743
863,1.929000,-0.833925,-0.025641,289.755039,-0.841248,-0.056603,289.740695,0.130891,-0.400079,290.070711,0.123568,-0.431041,290.056367,-0.075121,0.551937,288.120939,-0.082444,0.520975,288.106595,0.889696,0.177499,288.436611,0.882373,0.146538,288.422267
864,1.931000,-0.833524,-0.025380,289.737222,-0.840874,-0.056317,289.722838,0.131229,-0.400853,290.051855,0.123880,-0.431790,290.037472,-0.075227,0.554047,288.103541,-0.082576,0.523110,288.089157,0.889527,0.178573,288.418174,0.882177,0.147636,288.403790
865,1.933000,-0.833121,-0.025113,289.719404,-0.840497,-0.056025,289.704981,0.131568,-0.401622,290.032996,0.124192,-0.432534,290.018572,-0.075332,0.556162,288.086144,-0.082708,0.525250,288.071720,0.889357,0.179653,288.399736,0.881981,0.148741,288.385312
866,1.935000,-0.832717,-0.024841,289.701586,-0.840119,-0.055728,289.687122,0.131907,-0.402384,290.014132,0.124505,-0.433272,289.999669,-0.075435,0.558284,288.068750,-0.082838,0.527397,288.054286,0.889189,0.180740,288.381296,0.881786,0.149853,288.366832
867,1.937000,-0.832311,-0.024563,289.683768,-0.839740,-0.055425,289.669264,0.132247,-0.403142,289.995265,0.124818,-0.434004,289.980762,-0.075538,0.560411,288.051357,-0.082967,0.529549,288.036854,0.889020,0.181833,288.362855,0.881591,0.150971,288.348352
868,1.939000,-0.831903,-0.024280,289.665948,-0.839358,-0.055117,289.651405,0.132588,-0.403893,289.976395,0.125132,-0.434730,289.961851,-0.075638,0.562545,288.033966,-0.083094,0.531708,288.019423,0.888852,0.182932,288.344413,0.881396,0.152095,288.329870
869,1.941000,-0.831493,-0.023992,289.648129,-0.838975,-0.054804,289.633546,0.132929,-0.404639,289.957521,0.125446,-0.435451,289.942937,-0.075738,0.564684,288.016578,-0.083220,0.533873,288.001995,0.888684,0.184037,288.325970,0.881201,0.153226,288.311386
870,1.943000,-0.831081,-0.023699,289.630309,-0.838590,-0.054485,289.615686,0.133271,-0.405379,289.938643,0.125761,-0.436165,289.924020,-0.075836,0.566830,287.999191,-0.083345,0.536043,287.984568,0.888516,0.185149,288.307525,0.881007,0.154363,288.292902
871,1.945000,-0.830667,-0.023400,289.612488,-0.838204,-0.054160,289.597826,0.133613,-0.406113,289.919762,0.126077,-0.436874,289.905099,-0.075932,0.568981,287.981806,-0.083469,0.538220,287.967144,0.888349,0.186268,288.289080,0.880812,0.155507,288.274417
872,1.947000,-0.830252,-0.023095,289.594668,-0.837815,-0.053831,289.579965,0.133957,-0.406841,289.900877,0.126394,-0.437577,289.886174,-0.076027,0.571139,287.964424,-0.083591,0.540403,287.949722,0.888182,0.187393,288.270633,0.880618,0.156657,288.255931
873,1.949000,-0.829835,-0.022786,289.576846,-0.837425,-0.053495,289.562105,0.134301,-0.407564,289.881988,0.126711,-0.438273,289.867246,-0.076121,0.573302,287.947043,-0.083711,0.542593,287.932301,0.888015,0.188524,288.252185,0.880425,0.157815,288.237443
874,1.951000,-0.829416,-0.022470,289.559025,-0.837033,-0.053154,289.544243,0.134646,-0.408280,289.863097,0.127029,-0.438964,289.848315,-0.076213,0.575472,287.929665,-0.083830,0.544788,287.914883,0.887849,0.189662,288.233736,0.880231,0.158978,288.218955
875,1.953000,-0.828995,-0.022149,289.541203,-0.836639,-0.052807,289.526382,0.134991,-0.408990,289.844201,0.127347,-0.439648,289.829380,-0.076304,0.577648,287.912288,-0.083948,0.546990,287.897467,0.887683,0.190806,288.215287,0.880038,0.160149,288.200465
876,1.955000,-0.828572,-0.021823,289.523381,-0.836244,-0.052455,289.508520,0.135338,-0.409695,289.825303,0.127666,-0.440327,289.810442,-0.076393,0.579829,287.894914,-0.084064,0.549197,287.880054,0.887517,0.191958,288.196836,0.879846,0.161326,288.181975
877,1.957000,-0.828148,-0.021491,289.505559,-0.835846,-0.052097,289.490659,0.135685,-0.410393,289.806401,0.127986,-0.440999,289.791501,-0.076481,0.582017,287.877542,-0.084179,0.551411,287.862642,0.887352,0.193115,288.178384,0.879653,0.162509,288.163484
878,1.959000,-0.827721,-0.021153,289.487736,-0.835447,-0.051733,289.472797,0.136033,-0.411085,289.787495,0.128307,-0.441665,289.772556,-0.076567,0.584211,287.860172,-0.084293,0.553632,287.845233,0.887187,0.194280,288.159931,0.879461,0.163700,288.144992
879,1.961000,-0.827293,-0.020810,289.469914,-0.835046,-0.051364,289.454934,0.136381,-0.411771,289.768587,0.128628,-0.442325,289.753608,-0.076651,0.586412,287.842805,-0.084404,0.555858,287.827826,0.887023,0.195450,288.141478,0.879270,0.164897,288.126499
880,1.963000,-0.826863,-0.020461,289.452091,-0.834643,-0.050989,289.437072,0.136731,-0.412451,289.749675,0.128950,-0.442979,289.734656,-0.076734,0.588618,287.825439,-0.084515,0.558091,287.810421,0.886859,0.196628,288.123023,0.879078,0.166101,288.108005
881,1.965000,-0.826430,-0.020107,289.434268,-0.834238,-0.050608,289.419210,0.137081,-0.413125,289.730759,0.129273,-0.443626,289.715701,-0.076816,0.590830,287.808076,-0.084624,0.560330,287.793019,0.886695,0.197813,288.104568,0.878887,0.167312,288.089510
882,1.967000,-0.825996,-0.019747,289.416444,-0.833831,-0.050221,289.401347,0.137432,-0.413792,289.711841,0.129597,-0.444267,289.696744,-0.076896,0.593049,287.790716,-0.084731,0.562575,287.775618,0.886532,0.199004,288.086112,0.878697,0.168529,288.071015
883,1.969000,-0.825560,-0.019381,289.398621,-0.833422,-0.049829,289.383485,0.137784,-0.414454,289.692919,0.129921,-0.444901,289.677782,-0.076974,0.595274,287.773357,-0.084837,0.564826,287.758221,0.886369,0.200202,288.067655,0.878507,0.169754,288.052519
884,1.971000,-0.825122,-0.019010,289.380798,-0.833012,-0.049431,289.365622,0.138136,-0.415108,289.673994,0.130246,-0.445530,289.658818,-0.077051,0.597505,287.756001,-0.084941,0.567084,287.740825,0.886207,0.201406,288.049198,0.878317,0.170985,288.034022
885,1.973000,-0.824681,-0.018632,289.362974,-0.832599,-0.049027,289.347759,0.138490,-0.415757,289.655066,0.130572,-0.446151,289.639851,-0.077126,0.599742,287.738648,-0.085044,0.569348,287.723432,0.886045,0.202618,288.030739,0.878128,0.172223,288.015524
886,1.975000,-0.824239,-0.018249,289.345151,-0.832185,-0.048617,289.329897,0.138844,-0.416399,289.636135,0.130899,-0.446766,289.620880,-0.077199,0.601986,287.721296,-0.085145,0.571618,287.706042,0.885884,0.203836,288.012280,0.877939,0.173468,287.997026
887,1.977000,-0.823795,-0.017860,289.327327,-0.831768,-0.048201,289.312034,0.139199,-0.417034,289.617200,0.131226,-0.447375,289.601907,-0.077271,0.604236,287.703947,-0.085244,0.573895,287.688654,0.885723,0.205061,287.993820,0.877750,0.174721,287.978527
888,1.979000,-0.823349,-0.017465,289.309504,-0.831350,-0.047779,289.294171,0.139555,-0.417664,289.598263,0.131554,-0.447977,289.582930,-0.077341,0.606491,287.686601,-0.085342,0.576178,287.671269,0.885563,0.206293,287.975360,0.877562,0.175980,287.960027
889,1.981000,-0.822900,-0.017065,289.291681,-0.830929,-0.047351,289.276309,0.139912,-0.418286,289.579322,0.131883,-0.448573,289.563951,-0.077409,0.608754,287.669257,-0.085438,0.578467,287.653886,0.885403,0.207532,287.956899,0.877375,0.177246,287.941527
890,1.983000,-0.822450,-0.016658,289.273857,-0.830507,-0.046918,289.258447,0.140270,-0.418902,289.560378,0.132213,-0.449161,289.544968,-0.077476,0.611022,287.651916,-0.085532,0.580763,287.636505,0.885244,0.208778,287.938437,0.877187,0.178519,287.923026
891,1.985000,-0.821998,-0.016246,289.256034,-0.830082,-0.046478,289.240584,0.140628,-0.419512,289.541432,0.132544,-0.449744,289.525982,-0.077541,0.613297,287.634577,-0.085625,0.583065,287.619127,0.885085,0.210031,287.919975,0.877001,0.179799,287.904525
892,1.987000,-0.821543,-0.015828,289.238211,-0.829655,-0.046032,289.222722,0.140988,-0.420115,289.522482,0.132876,-0.450319,289.506994,-0.077604,0.615578,287.617240,-0.085716,0.585374,287.601752,0.884927,0.211291,287.901512,0.876815,0.181087,287.886023
893,1.989000,-0.821086,-0.015404,289.220388,-0.829227,-0.045581,289.204861,0.141348,-0.420711,289.503530,0.133208,-0.450888,289.488002,-0.077666,0.617865,287.599907,-0.085806,0.587688,287.584379,0.884769,0.212558,287.883048,0.876629,0.182381,287.867521
894,1.991000,-0.820628,-0.014974,289.202565,-0.828796,-0.045123,289.186999,0.141710,-0.421300,289.484574,0.133541,-0.451450,289.469008,-0.077725,0.620159,287.582575,-0.085894,0.590010,287.567009,0.884612,0.213832,287.864584,0.876444,0.183683,287.849018
895,1.993000,-0.820167,-0.014537,289.184742,-0.828363,-0.044659,289.169137,0.142072,-0.421883,289.465616,0.133876,-0.452005,289.450011,-0.077783,0.622459,287.565247,-0.085980,0.592337,287.549642,0.884456,0.215113,287.846120,0.876259,0.184992,287.830515
896,1.995000,-0.819704,-0.014095,289.166920,-0.827928,-0.044189,289.151276,0.142435,-0.422459,289.446654,0.134211,-0.452553,289.431010,-0.077839,0.624765,287.547921,-0.086064,0.594672,287.532277,0.884300,0.216402,287.827655,0.876075,0.186308,287.812011
897,1.997000,-0.819239,-0.013647,289.149098,-0.827491,-0.043713,289.133415,0.142800,-0.423028,289.427690,0.134547,-0.453094,289.412007,-0.077894,0.627078,287.530598,-0.086146,0.597012,287.514915,0.884145,0.217697,287.809190,0.875892,0.187631,287.793507
898,1.999000,-0.818771,-0.013193,289.131276,-0.827052,-0.043231,289.115555,0.143165,-0.423591,289.408723,0.134884,-0.453629,289.393002,-0.077946,0.629397,287.513277,-0.086227,0.599359,287.497556,0.883990,0.218999,287.790724,0.875709,0.188961,287.775003
899,2.001000,-0.818302,-0.012733,289.113454,-0.826611,-0.042743,289.097695,0.143531,-0.424146,289.389753,0.135222,-0.454156,289.373993,-0.077997,0.631723,287.495960,-0.086306,0.601713,287.480200,0.883836,0.220309,287.772258,0.875527,0.190299,287.756498
