Frame,Time,C5_pos_X,C6_pos_X,C7_pos_X,C8_pos_X,C5_pos_Y,C6_pos_Y,C7_pos_Y,C8_pos_Y,C5_pos_Z,C6_pos_Z,C7_pos_Z,C8_pos_Z
0,0.000000,1.036366,-0.000049,-0.000057,1.036358,-0.132361,-0.177508,-0.000003,0.045143,0.916435,0.313273,0.300000,0.903163
1,0.001200,1.036366,-0.000049,-0.000057,1.036358,-0.132361,-0.177508,-0.000003,0.045143,0.916435,0.313273,0.300000,0.903163
2,0.003600,1.036366,-0.000049,-0.000057,1.036358,-0.132361,-0.177508,-0.000003,0.045143,0.916393,0.313230,0.299958,0.903120
3,0.006000,1.036366,-0.000049,-0.000057,1.036358,-0.132361,-0.177508,-0.000003,0.045143,0.916294,0.313132,0.299859,0.903021
4,0.008400,1.036366,-0.000049,-0.000057,1.036358,-0.132361,-0.177508,-0.000003,0.045143,0.916139,0.312976,0.299703,0.902866
5,0.010800,1.036366,-0.000049,-0.000057,1.036358,-0.132361,-0.177508,-0.000003,0.045143,0.915927,0.312764,0.299491,0.902654
6,0.013200,1.036366,-0.000049,-0.000057,1.036358,-0.132361,-0.177508,-0.000003,0.045143,0.915659,0.312496,0.299223,0.902386
7,0.015600,1.036366,-0.000049,-0.000057,1.036358,-0.132361,-0.177508,-0.000003,0.045143,0.915334,0.312171,0.298898,0.902061
8,0.018000,1.036366,-0.000049,-0.000057,1.036358,-0.132361,-0.177508,-0.000003,0.045143,0.914953,0.311790,0.298517,0.901680
9,0.020400,1.036366,-0.000049,-0.000057,1.036358,-0.132361,-0.177508,-0.000003,0.045143,0.914515,0.311352,0.298080,0.901242
10,0.022800,1.036366,-0.000049,-0.000057,1.036358,-0.132361,-0.177508,-0.000003,0.045143,0.914021,0.310859,0.297586,0.900748
11,0.025200,1.036366,-0.000049,-0.000057,1.036358,-0.132361,-0.177508,-0.000003,0.045143,0.913471,0.310308,0.297036,0.900198
12,0.027600,1.036366,-0.000049,-0.000057,1.036358,-0.132361,-0.177508,-0.000003,0.045143,0.912864,0.309702,0.296429,0.899592
13,0.030000,1.036366,-0.000049,-0.000057,1.036358,-0.132361,-0.177508,-0.000003,0.045143,0.912202,0.309039,0.295766,0.898929
14,0.032400,1.036366,-0.000049,-0.000057,1.036358,-0.132361,-0.177508,-0.000003,0.045143,0.911483,0.308320,0.295047,0.898210
15,0.034800,1.036366,-0.000049,-0.000057,1.036358,-0.132361,-0.177508,-0.000003,0.045143,0.910708,0.307545,0.294272,0.897435
16,0.037200,1.036366,-0.000049,-0.000057,1.036358,-0.132361,-0.177508,-0.000003,0.045143,0.909877,0.306714,0.293441,0.896604
17,0.039600,1.036366,-0.000049,-0.000057,1.036358,-0.132361,-0.177508,-0.000003,0.045143,0.908990,0.305827,0.292554,0.895717
18,0.042000,1.036366,-0.000049,-0.000057,1.036358,-0.132361,-0.177508,-0.000003,0.045143,0.908047,0.304884,0.291611,0.894774
19,0.044400,1.036366,-0.000049,-0.000057,1.036358,-0.132361,-0.177508,-0.000003,0.045143,0.907048,0.303885,0.290612,0.893775
20,0.046800,1.036366,-0.000049,-0.000057,1.036358,-0.132361,-0.177507,-0.000003,0.045144,0.905993,0.302831,0.289558,0.892720
21,0.049200,1.036366,-0.000049,-0.000057,1.036358,-0.132361,-0.177507,-0.000003,0.045144,0.904883,0.301720,0.288447,0.891610
22,0.051600,1.036366,-0.000049,-0.000057,1.036358,-0.132361,-0.177507,-0.000003,0.045144,0.903717,0.300554,0.287281,0.890444
23,0.054000,1.036366,-0.000049,-0.000057,1.036358,-0.132361,-0.177507,-0.000003,0.045144,0.902495,0.299332,0.286060,0.889222
24,0.056400,1.036366,-0.000049,-0.000057,1.036358,-0.132361,-0.177507,-0.000003,0.045144,0.901218,0.298055,0.284782,0.887945
25,0.058800,1.036366,-0.000049,-0.000057,1.036358,-0.132361,-0.177507,-0.000003,0.045144,0.899885,0.296723,0.283450,0.886612
26,0.061200,1.036366,-0.000049,-0.000057,1.036358,-0.132361,-0.177507,-0.000002,0.045144,0.898497,0.295335,0.282062,0.885224
27,0.063600,1.036366,-0.000050,-0.000057,1.036358,-0.132361,-0.177507,-0.000002,0.045144,0.897054,0.293891,0.280619,0.883781
28,0.066000,1.036366,-0.000050,-0.000057,1.036358,-0.132361,-0.177507,-0.000002,0.045144,0.895555,0.292393,0.279120,0.882283
29,0.068400,1.036366,-0.000050,-0.000057,1.036358,-0.132361,-0.177506,-0.000002,0.045144,0.894002,0.290840,0.277567,0.880729
30,0.070800,1.036366,-0.000050,-0.000058,1.036358,-0.132361,-0.177506,-0.000002,0.045144,0.892393,0.289231,0.275959,0.879121
31,0.073200,1.036366,-0.000050,-0.000058,1.036358,-0.132361,-0.177506,-0.000002,0.045144,0.890730,0.287568,0.274295,0.877457
32,0.075600,1.036366,-0.000050,-0.000058,1.036358,-0.132361,-0.177506,-0.000001,0.045144,0.889012,0.285850,0.272577,0.875739
33,0.078000,1.036366,-0.000050,-0.000058,1.036358,-0.132360,-0.177506,-0.000001,0.045144,0.887239,0.284077,0.270804,0.873966
34,0.080400,1.036366,-0.000050,-0.000058,1.036358,-0.132360,-0.177505,-0.000001,0.045144,0.885411,0.282250,0.268977,0.872139
35,0.082800,1.036365,-0.000051,-0.000058,1.036358,-0.132360,-0.177505,-0.000000,0.045144,0.883529,0.280368,0.267095,0.870257
36,0.085200,1.036365,-0.000051,-0.000059,1.036358,-0.132360,-0.177505,-0.000000,0.045144,0.881593,0.278431,0.265159,0.868320
37,0.087600,1.036365,-0.000051,-0.000059,1.036358,-0.132360,-0.177504,0.000000,0.045144,0.879601,0.276441,0.263168,0.866329
38,0.090000,1.036365,-0.000052,-0.000060,1.036357,-0.132360,-0.177504,0.000001,0.045144,0.877555,0.274395,0.261122,0.864282
39,0.092400,1.036364,-0.000053,-0.000061,1.036357,-0.132360,-0.177503,0.000001,0.045145,0.875452,0.272294,0.259021,0.862180
40,0.094800,1.036364,-0.000054,-0.000062,1.036357,-0.132360,-0.177503,0.000002,0.045145,0.873295,0.270137,0.256865,0.860023
41,0.097200,1.036364,-0.000055,-0.000063,1.036357,-0.132360,-0.177503,0.000002,0.045145,0.871082,0.267927,0.254655,0.857810
42,0.099600,1.036365,-0.000056,-0.000063,1.036357,-0.132360,-0.177502,0.000002,0.045145,0.868816,0.265661,0.252389,0.855544
43,0.102000,1.036365,-0.000056,-0.000063,1.036357,-0.132360,-0.177502,0.000003,0.045144,0.866495,0.263342,0.250070,0.853223
44,0.104400,1.036366,-0.000056,-0.000063,1.036358,-0.132360,-0.177502,0.000003,0.045144,0.864120,0.260968,0.247696,0.850849
45,0.106800,1.036366,-0.000055,-0.000063,1.036359,-0.132360,-0.177501,0.000003,0.045144,0.861692,0.258540,0.245268,0.848420
46,0.109200,1.036366,-0.000055,-0.000063,1.036359,-0.132360,-0.177501,0.000004,0.045144,0.859211,0.256058,0.242787,0.845939
47,0.111600,1.036367,-0.000055,-0.000063,1.036359,-0.132360,-0.177500,0.000004,0.045144,0.856676,0.253524,0.240252,0.843404
48,0.114000,1.036366,-0.000055,-0.000063,1.036359,-0.132361,-0.177500,0.000005,0.045144,0.854088,0.250936,0.237664,0.840816
49,0.116400,1.036366,-0.000056,-0.000063,1.036359,-0.132361,-0.177499,0.000005,0.045144,0.851447,0.248295,0.235023,0.838175
50,0.118800,1.036366,-0.000056,-0.000063,1.036359,-0.132360,-0.177499,0.000006,0.045144,0.848753,0.245600,0.232329,0.835481
51,0.121200,1.036366,-0.000056,-0.000063,1.036358,-0.132360,-0.177498,0.000007,0.045144,0.846005,0.242853,0.229582,0.832734
52,0.123600,1.036365,-0.000056,-0.000064,1.036358,-0.132360,-0.177497,0.000008,0.045144,0.843205,0.240053,0.226781,0.829934
53,0.126000,1.036365,-0.000057,-0.000064,1.036358,-0.132360,-0.177496,0.000008,0.045144,0.840351,0.237199,0.223928,0.827080
54,0.128400,1.036365,-0.000057,-0.000064,1.036358,-0.132360,-0.177495,0.000009,0.045145,0.837445,0.234293,0.221022,0.824174
55,0.130800,1.036365,-0.000057,-0.000064,1.036358,-0.132360,-0.177494,0.000010,0.045145,0.834485,0.231333,0.218063,0.821215
56,0.133200,1.036365,-0.000057,-0.000064,1.036358,-0.132360,-0.177493,0.000011,0.045145,0.831473,0.228322,0.215051,0.818203
57,0.135600,1.036365,-0.000058,-0.000064,1.036358,-0.132360,-0.177492,0.000012,0.045145,0.828409,0.225257,0.211987,0.815138
58,0.138000,1.036365,-0.000058,-0.000065,1.036358,-0.132360,-0.177491,0.000013,0.045145,0.825292,0.222140,0.208870,0.812021
59,0.140400,1.036365,-0.000058,-0.000065,1.036358,-0.132360,-0.177490,0.000014,0.045145,0.822122,0.218971,0.205701,0.808852
60,0.142800,1.036365,-0.000059,-0.000065,1.036358,-0.132360,-0.177489,0.000015,0.045145,0.818900,0.215750,0.202480,0.805630
61,0.145200,1.036364,-0.000059,-0.000066,1.036358,-0.132360,-0.177488,0.000016,0.045145,0.815626,0.212476,0.199206,0.802356
62,0.147600,1.036364,-0.000060,-0.000067,1.036357,-0.132360,-0.177487,0.000018,0.045145,0.812299,0.209151,0.195881,0.799030
63,0.150000,1.036364,-0.000061,-0.000068,1.036357,-0.132359,-0.177486,0.000019,0.045145,0.808921,0.205773,0.192504,0.795652
64,0.152400,1.036363,-0.000062,-0.000068,1.036357,-0.132359,-0.177484,0.000020,0.045145,0.805491,0.202344,0.189075,0.792222
65,0.154800,1.036363,-0.000063,-0.000069,1.036357,-0.132359,-0.177483,0.000022,0.045146,0.802009,0.198863,0.185594,0.788740
66,0.157200,1.036363,-0.000063,-0.000070,1.036357,-0.132359,-0.177482,0.000023,0.045146,0.798476,0.195330,0.182061,0.785207
67,0.159600,1.036363,-0.000064,-0.000070,1.036356,-0.132359,-0.177480,0.000025,0.045146,0.794891,0.191746,0.178477,0.781623
68,0.162000,1.036362,-0.000064,-0.000070,1.036356,-0.132359,-0.177478,0.000026,0.045146,0.791255,0.188110,0.174842,0.777987
69,0.164400,1.036362,-0.000065,-0.000071,1.036356,-0.132358,-0.177477,0.000028,0.045146,0.787568,0.184424,0.171155,0.774300
70,0.166800,1.036362,-0.000066,-0.000071,1.036356,-0.132358,-0.177475,0.000030,0.045147,0.783829,0.180686,0.167418,0.770561
71,0.169200,1.036362,-0.000066,-0.000072,1.036356,-0.132358,-0.177473,0.000032,0.045147,0.780039,0.176896,0.163629,0.766772
72,0.171600,1.036361,-0.000067,-0.000073,1.036356,-0.132358,-0.177471,0.000034,0.045147,0.776198,0.173056,0.159789,0.762931
73,0.174000,1.036361,-0.000068,-0.000074,1.036356,-0.132358,-0.177469,0.000036,0.045147,0.772306,0.169165,0.155898,0.759039
74,0.176400,1.036361,-0.000069,-0.000074,1.036356,-0.132358,-0.177467,0.000038,0.045147,0.768363,0.165222,0.151956,0.755096
75,0.178800,1.036360,-0.000070,-0.000075,1.036355,-0.132358,-0.177465,0.000040,0.045147,0.764368,0.161229,0.147963,0.751102
76,0.181200,1.036360,-0.000071,-0.000076,1.036355,-0.132357,-0.177462,0.000043,0.045148,0.760323,0.157185,0.143919,0.747057
77,0.183600,1.036360,-0.000072,-0.000077,1.036355,-0.132357,-0.177460,0.000045,0.045148,0.756227,0.153090,0.139824,0.742961
78,0.186000,1.036359,-0.000073,-0.000078,1.036355,-0.132357,-0.177457,0.000048,0.045148,0.752080,0.148944,0.135679,0.738815
79,0.188400,1.036359,-0.000074,-0.000079,1.036355,-0.132357,-0.177455,0.000050,0.045148,0.747882,0.144748,0.131483,0.734618
80,0.190800,1.036359,-0.000075,-0.000080,1.036355,-0.132357,-0.177452,0.000053,0.045148,0.743634,0.140500,0.127236,0.730370
81,0.193200,1.036359,-0.000077,-0.000081,1.036355,-0.132357,-0.177449,0.000056,0.045148,0.739335,0.136203,0.122939,0.726071
82,0.195600,1.036359,-0.000078,-0.000081,1.036355,-0.132357,-0.177446,0.000059,0.045148,0.734985,0.131854,0.118591,0.721721
83,0.198000,1.036358,-0.000079,-0.000082,1.036355,-0.132357,-0.177443,0.000063,0.045148,0.730584,0.127455,0.114192,0.717321
84,0.200400,1.036358,-0.000080,-0.000083,1.036355,-0.132357,-0.177439,0.000066,0.045148,0.726133,0.123005,0.109743,0.712871
85,0.202800,1.036359,-0.000081,-0.000084,1.036356,-0.132357,-0.177436,0.000069,0.045148,0.721631,0.118504,0.105242,0.708369
86,0.205200,1.036359,-0.000081,-0.000084,1.036356,-0.132357,-0.177432,0.000073,0.045148,0.717078,0.113953,0.100691,0.703817
87,0.207600,1.036359,-0.000082,-0.000085,1.036357,-0.132357,-0.177428,0.000077,0.045148,0.712474,0.109351,0.096090,0.699213
88,0.210000,1.036359,-0.000083,-0.000085,1.036357,-0.132358,-0.177425,0.000081,0.045148,0.707819,0.104697,0.091437,0.694559
89,0.212400,1.036360,-0.000084,-0.000085,1.036358,-0.132358,-0.177421,0.000085,0.045147,0.703114,0.099993,0.086734,0.689854
90,0.214800,1.036361,-0.000084,-0.000085,1.036359,-0.132359,-0.177416,0.000089,0.045147,0.698357,0.095238,0.081979,0.685098
91,0.217200,1.036362,-0.000084,-0.000085,1.036361,-0.132360,-0.177412,0.000093,0.045146,0.693549,0.090432,0.077174,0.680291
92,0.219600,1.036363,-0.000085,-0.000085,1.036362,-0.132360,-0.177408,0.000098,0.045145,0.688690,0.085574,0.072317,0.675432
93,0.222000,1.036364,-0.000085,-0.000085,1.036364,-0.132361,-0.177403,0.000102,0.045144,0.683779,0.080666,0.067409,0.670522
94,0.224400,1.036365,-0.000085,-0.000085,1.036365,-0.132362,-0.177399,0.000107,0.045144,0.678817,0.075706,0.062451,0.665561
95,0.226800,1.036366,-0.000086,-0.000085,1.036367,-0.132363,-0.177395,0.000111,0.045142,0.673805,0.070697,0.057442,0.660550
96,0.229200,1.036367,-0.000087,-0.000085,1.036369,-0.132365,-0.177390,0.000115,0.045141,0.668743,0.065638,0.052383,0.655488
97,0.231600,1.036369,-0.000087,-0.000085,1.036371,-0.132366,-0.177387,0.000119,0.045140,0.663629,0.060527,0.047273,0.650375
98,0.234000,1.036372,-0.000086,-0.000083,1.036374,-0.132367,-0.177383,0.000123,0.045139,0.658465,0.055364,0.042111,0.645212
99,0.236400,1.036375,-0.000083,-0.000080,1.036378,-0.132369,-0.177379,0.000127,0.045137,0.653249,0.050150,0.036897,0.639996
100,0.238800,1.036379,-0.000080,-0.000077,1.036382,-0.132371,-0.177375,0.000131,0.045135,0.647981,0.044883,0.031631,0.634729
101,0.241200,1.036383,-0.000077,-0.000073,1.036387,-0.132373,-0.177372,0.000134,0.045133,0.642660,0.039564,0.026312,0.629409
102,0.243600,1.036388,-0.000074,-0.000069,1.036393,-0.132375,-0.177368,0.000138,0.045131,0.637286,0.034192,0.020941,0.624036
103,0.246000,1.036394,-0.000069,-0.000064,1.036399,-0.132378,-0.177365,0.000141,0.045128,0.631860,0.028768,0.015518,0.618610
104,0.248400,1.036400,-0.000065,-0.000059,1.036406,-0.132380,-0.177362,0.000144,0.045126,0.626381,0.023291,0.010042,0.613131
105,0.250800,1.036407,-0.000060,-0.000054,1.036413,-0.132383,-0.177359,0.000148,0.045124,0.620849,0.017763,0.004514,0.607600
106,0.253200,1.036413,-0.000056,-0.000049,1.036420,-0.132386,-0.177355,0.000151,0.045121,0.615266,0.012183,-0.001065,0.602018
107,0.255600,1.036419,-0.000053,-0.000045,1.036427,-0.132389,-0.177353,0.000154,0.045118,0.609632,0.006553,-0.006694,0.596385
108,0.258000,1.036404,-0.000090,-0.000086,1.036408,-0.132375,-0.177389,0.000117,0.045130,0.604570,0.001531,-0.011725,0.591313
109,0.260400,1.036382,-0.000135,-0.000142,1.036375,-0.132159,-0.177243,0.000263,0.045347,0.600331,-0.002661,-0.015920,0.587071
110,0.262800,1.036350,-0.000184,-0.000199,1.036335,-0.132217,-0.177507,-0.000005,0.045285,0.596857,-0.006092,-0.019399,0.583549
111,0.265200,1.036346,-0.000189,-0.000231,1.036305,-0.132146,-0.177762,-0.000264,0.045352,0.593770,-0.009151,-0.022508,0.580413
112,0.267600,1.036399,-0.000100,-0.000165,1.036333,-0.132100,-0.178018,-0.000523,0.045395,0.590898,-0.012064,-0.025469,0.577493
113,0.270000,1.036487,0.000025,-0.000041,1.036422,-0.132236,-0.178353,-0.000863,0.045255,0.588285,-0.014723,-0.028185,0.574823
114,0.272400,1.036591,0.000107,-0.000017,1.036466,-0.131981,-0.178681,-0.001196,0.045504,0.585663,-0.017264,-0.030797,0.572130
115,0.274800,1.036713,0.000210,0.000051,1.036553,-0.131900,-0.179029,-0.001549,0.045579,0.583310,-0.019551,-0.033151,0.569711
116,0.277200,1.036827,0.000316,0.000152,1.036662,-0.131958,-0.179330,-0.001855,0.045517,0.581204,-0.021624,-0.035287,0.567541
117,0.279600,1.036904,0.000367,0.000195,1.036732,-0.131991,-0.179631,-0.002162,0.045479,0.579331,-0.023431,-0.037163,0.565599
118,0.282000,1.036973,0.000416,0.000244,1.036802,-0.132060,-0.179920,-0.002456,0.045405,0.577708,-0.025001,-0.038798,0.563911
119,0.284400,1.037051,0.000472,0.000312,1.036892,-0.132205,-0.180208,-0.002748,0.045254,0.576260,-0.026400,-0.040260,0.562399
120,0.286800,1.037146,0.000517,0.000344,1.036972,-0.132204,-0.180529,-0.003075,0.045250,0.574984,-0.027566,-0.041499,0.561051
121,0.289200,1.037234,0.000546,0.000358,1.037046,-0.132166,-0.180792,-0.003344,0.045283,0.573972,-0.028452,-0.042452,0.559972
122,0.291600,1.037296,0.000545,0.000343,1.037093,-0.132104,-0.181007,-0.003564,0.045340,0.573288,-0.029006,-0.043065,0.559229
123,0.294000,1.037343,0.000529,0.000319,1.037133,-0.132067,-0.181200,-0.003761,0.045372,0.572837,-0.029329,-0.043445,0.558721
124,0.296400,1.037399,0.000531,0.000298,1.037166,-0.131919,-0.181383,-0.003949,0.045516,0.572624,-0.029421,-0.043598,0.558447
125,0.298800,1.037445,0.000526,0.000280,1.037198,-0.131818,-0.181560,-0.004130,0.045611,0.572606,-0.029329,-0.043567,0.558368
126,0.301200,1.037505,0.000558,0.000293,1.037239,-0.131650,-0.181705,-0.004281,0.045774,0.572832,-0.029030,-0.043329,0.558533
127,0.303600,1.037557,0.000594,0.000320,1.037283,-0.131536,-0.181823,-0.004403,0.045884,0.573265,-0.028547,-0.042901,0.558911
128,0.306000,1.037612,0.000646,0.000357,1.037322,-0.131362,-0.181970,-0.004555,0.046053,0.573943,-0.027839,-0.042259,0.559522
129,0.308400,1.037667,0.000708,0.000404,1.037363,-0.131173,-0.182052,-0.004642,0.046237,0.574759,-0.027011,-0.041488,0.560282
130,0.310800,1.037722,0.000761,0.000447,1.037408,-0.130999,-0.182125,-0.004719,0.046406,0.575673,-0.026072,-0.040604,0.561141
131,0.313200,1.037781,0.000805,0.000475,1.037450,-0.130783,-0.182201,-0.004800,0.046618,0.576660,-0.025036,-0.039626,0.562070
132,0.315600,1.037831,0.000828,0.000480,1.037483,-0.130559,-0.182254,-0.004858,0.046838,0.577681,-0.023943,-0.038586,0.563038
133,0.318000,1.037879,0.000850,0.000480,1.037509,-0.130290,-0.182276,-0.004884,0.047102,0.578765,-0.022790,-0.037482,0.564073
134,0.320400,1.037895,0.000839,0.000450,1.037506,-0.130039,-0.182304,-0.004916,0.047349,0.579915,-0.021569,-0.036312,0.565172
135,0.322800,1.037878,0.000790,0.000386,1.037475,-0.129794,-0.182285,-0.004901,0.047590,0.581100,-0.020309,-0.035094,0.566314
136,0.325200,1.037872,0.000772,0.000335,1.037434,-0.129425,-0.182268,-0.004888,0.047955,0.582347,-0.019012,-0.033844,0.567515
137,0.327600,1.037835,0.000717,0.000272,1.037389,-0.129196,-0.182249,-0.004873,0.048180,0.583613,-0.017696,-0.032578,0.568732
138,0.330000,1.037811,0.000696,0.000231,1.037346,-0.128893,-0.182212,-0.004840,0.048479,0.584869,-0.016420,-0.031347,0.569943
139,0.332400,1.037792,0.000690,0.000200,1.037302,-0.128563,-0.182192,-0.004823,0.048805,0.586108,-0.015177,-0.030151,0.571134
140,0.334800,1.037769,0.000691,0.000184,1.037262,-0.128292,-0.182190,-0.004826,0.049072,0.587332,-0.013969,-0.028993,0.572309
141,0.337200,1.037753,0.000712,0.000182,1.037223,-0.127982,-0.182179,-0.004819,0.049379,0.588550,-0.012789,-0.027860,0.573479
142,0.339600,1.037736,0.000733,0.000172,1.037175,-0.127618,-0.182158,-0.004802,0.049738,0.589728,-0.011645,-0.026763,0.574610
143,0.342000,1.037719,0.000743,0.000154,1.037130,-0.127271,-0.182143,-0.004792,0.050080,0.590841,-0.010549,-0.025715,0.575675
144,0.344400,1.037706,0.000750,0.000134,1.037091,-0.126936,-0.182115,-0.004767,0.050412,0.591896,-0.009499,-0.024710,0.576685
145,0.346800,1.037691,0.000741,0.000097,1.037047,-0.126588,-0.182094,-0.004750,0.050756,0.592890,-0.008487,-0.023745,0.577632
146,0.349200,1.037654,0.000698,0.000027,1.036983,-0.126251,-0.182074,-0.004734,0.051089,0.593831,-0.007507,-0.022812,0.578526
147,0.351600,1.037602,0.000639,-0.000060,1.036903,-0.125906,-0.182050,-0.004714,0.051429,0.594741,-0.006554,-0.021905,0.579390
148,0.354000,1.037537,0.000569,-0.000159,1.036810,-0.125562,-0.182023,-0.004692,0.051769,0.595632,-0.005624,-0.021021,0.580235
149,0.356400,1.037470,0.000500,-0.000253,1.036718,-0.125233,-0.181996,-0.004669,0.052094,0.596501,-0.004723,-0.020168,0.581057
150,0.358800,1.037399,0.000424,-0.000352,1.036623,-0.124908,-0.181968,-0.004645,0.052415,0.597323,-0.003864,-0.019356,0.581831
151,0.361200,1.037328,0.000351,-0.000451,1.036525,-0.124566,-0.181943,-0.004624,0.052753,0.598101,-0.003053,-0.018593,0.582561
152,0.363600,1.037261,0.000287,-0.000543,1.036431,-0.124225,-0.181924,-0.004610,0.053089,0.598844,-0.002285,-0.017874,0.583255
153,0.366000,1.037198,0.000226,-0.000629,1.036343,-0.123893,-0.181901,-0.004592,0.053417,0.599551,-0.001551,-0.017188,0.583914
154,0.368400,1.037143,0.000178,-0.000702,1.036264,-0.123549,-0.181862,-0.004557,0.053757,0.600235,-0.000849,-0.016533,0.584552
155,0.370800,1.037097,0.000141,-0.000765,1.036191,-0.123207,-0.181835,-0.004534,0.054095,0.600894,-0.000176,-0.015908,0.585162
156,0.373200,1.037047,0.000098,-0.000831,1.036118,-0.122881,-0.181810,-0.004513,0.054415,0.601516,0.000464,-0.015315,0.585737
157,0.375600,1.036997,0.000053,-0.000900,1.036044,-0.122549,-0.181774,-0.004481,0.054743,0.602103,0.001071,-0.014755,0.586277
158,0.378000,1.036945,0.000007,-0.000971,1.035968,-0.122209,-0.181738,-0.004450,0.055079,0.602653,0.001642,-0.014231,0.586780
159,0.380400,1.036904,-0.000032,-0.001035,1.035902,-0.121874,-0.181714,-0.004431,0.055409,0.603159,0.002175,-0.013747,0.587237
160,0.382800,1.036872,-0.000064,-0.001091,1.035845,-0.121544,-0.181688,-0.004409,0.055735,0.603625,0.002670,-0.013300,0.587655
161,0.385200,1.036842,-0.000086,-0.001137,1.035791,-0.121216,-0.181659,-0.004385,0.056059,0.604075,0.003137,-0.012879,0.588058
162,0.387600,1.036810,-0.000110,-0.001185,1.035735,-0.120893,-0.181640,-0.004369,0.056377,0.604497,0.003575,-0.012491,0.588431
163,0.390000,1.036779,-0.000127,-0.001225,1.035682,-0.120571,-0.181618,-0.004352,0.056695,0.604893,0.003979,-0.012135,0.588779
164,0.392400,1.036754,-0.000133,-0.001253,1.035633,-0.120254,-0.181596,-0.004335,0.057007,0.605281,0.004362,-0.011800,0.589119
165,0.394800,1.036733,-0.000132,-0.001275,1.035590,-0.119939,-0.181582,-0.004326,0.057318,0.605657,0.004732,-0.011480,0.589445
166,0.397200,1.036721,-0.000124,-0.001291,1.035554,-0.119617,-0.181574,-0.004322,0.057635,0.606016,0.005089,-0.011173,0.589754
167,0.399600,1.036719,-0.000103,-0.001297,1.035525,-0.119273,-0.181566,-0.004319,0.057974,0.606371,0.005439,-0.010875,0.590058
168,0.402000,1.036717,-0.000082,-0.001301,1.035497,-0.118940,-0.181562,-0.004320,0.058302,0.606714,0.005775,-0.010591,0.590348
169,0.404400,1.036717,-0.000064,-0.001310,1.035471,-0.118600,-0.181554,-0.004317,0.058637,0.607027,0.006092,-0.010326,0.590609
170,0.406800,1.036714,-0.000058,-0.001328,1.035443,-0.118269,-0.181545,-0.004314,0.058963,0.607307,0.006390,-0.010080,0.590837
171,0.409200,1.036708,-0.000057,-0.001354,1.035412,-0.117930,-0.181534,-0.004307,0.059297,0.607557,0.006664,-0.009859,0.591034
172,0.411600,1.036703,-0.000064,-0.001384,1.035383,-0.117602,-0.181519,-0.004297,0.059620,0.607767,0.006910,-0.009664,0.591192
173,0.414000,1.036698,-0.000081,-0.001425,1.035354,-0.117275,-0.181509,-0.004293,0.059942,0.607933,0.007130,-0.009498,0.591305
174,0.416400,1.036698,-0.000093,-0.001463,1.035329,-0.116946,-0.181505,-0.004294,0.060266,0.608069,0.007323,-0.009358,0.591388
175,0.418800,1.036698,-0.000107,-0.001501,1.035303,-0.116616,-0.181502,-0.004296,0.060590,0.608179,0.007491,-0.009244,0.591444
176,0.421200,1.036698,-0.000117,-0.001536,1.035279,-0.116289,-0.181496,-0.004295,0.060912,0.608266,0.007629,-0.009159,0.591478
177,0.423600,1.036703,-0.000112,-0.001556,1.035259,-0.115960,-0.181498,-0.004302,0.061236,0.608341,0.007742,-0.009101,0.591498
178,0.426000,1.036713,-0.000092,-0.001562,1.035243,-0.115628,-0.181504,-0.004314,0.061562,0.608409,0.007830,-0.009068,0.591511
179,0.428400,1.036731,-0.000060,-0.001554,1.035236,-0.115300,-0.181504,-0.004319,0.061884,0.608460,0.007891,-0.009061,0.591508
180,0.430800,1.036753,-0.000020,-0.001538,1.035235,-0.114979,-0.181505,-0.004325,0.062200,0.608489,0.007927,-0.009079,0.591483
181,0.433200,1.036777,0.000021,-0.001521,1.035235,-0.114659,-0.181513,-0.004340,0.062514,0.608494,0.007938,-0.009123,0.591433
182,0.435600,1.036798,0.000058,-0.001507,1.035233,-0.114340,-0.181524,-0.004355,0.062828,0.608472,0.007925,-0.009192,0.591354
183,0.438000,1.036820,0.000096,-0.001492,1.035232,-0.114026,-0.181535,-0.004373,0.063136,0.608420,0.007882,-0.009292,0.591246
184,0.440400,1.036842,0.000135,-0.001475,1.035233,-0.113723,-0.181551,-0.004394,0.063434,0.608344,0.007814,-0.009417,0.591113
185,0.442800,1.036865,0.000172,-0.001459,1.035234,-0.113424,-0.181567,-0.004416,0.063728,0.608237,0.007717,-0.009570,0.590950
186,0.445200,1.036885,0.000207,-0.001445,1.035234,-0.113126,-0.181586,-0.004440,0.064019,0.608104,0.007596,-0.009749,0.590760
187,0.447600,1.036906,0.000240,-0.001431,1.035235,-0.112836,-0.181609,-0.004470,0.064303,0.607946,0.007451,-0.009952,0.590544
188,0.450000,1.036928,0.000273,-0.001418,1.035238,-0.112549,-0.181630,-0.004497,0.064585,0.607760,0.007282,-0.010178,0.590299
189,0.452400,1.036952,0.000302,-0.001407,1.035243,-0.112264,-0.181657,-0.004529,0.064863,0.607544,0.007092,-0.010427,0.590025
190,0.454800,1.036977,0.000331,-0.001398,1.035248,-0.111977,-0.181688,-0.004567,0.065145,0.607304,0.006883,-0.010696,0.589725
191,0.457200,1.037003,0.000358,-0.001392,1.035254,-0.111696,-0.181732,-0.004617,0.065420,0.607046,0.006663,-0.010977,0.589406
192,0.459600,1.037028,0.000378,-0.001392,1.035258,-0.111405,-0.181758,-0.004649,0.065704,0.606763,0.006425,-0.011275,0.589064
193,0.462000,1.037051,0.000396,-0.001391,1.035265,-0.111141,-0.181800,-0.004697,0.065962,0.606496,0.006202,-0.011559,0.588735
194,0.464400,1.037075,0.000409,-0.001399,1.035267,-0.110848,-0.181843,-0.004746,0.066249,0.606205,0.005970,-0.011854,0.588382
195,0.466800,1.037103,0.000427,-0.001401,1.035275,-0.110565,-0.181891,-0.004802,0.066525,0.605912,0.005733,-0.012154,0.588025
196,0.469200,1.037131,0.000439,-0.001412,1.035280,-0.110272,-0.181945,-0.004862,0.066811,0.605605,0.005494,-0.012458,0.587653
197,0.471600,1.037160,0.000452,-0.001421,1.035287,-0.109985,-0.182006,-0.004930,0.067091,0.605303,0.005263,-0.012755,0.587286
198,0.474000,1.037190,0.000466,-0.001428,1.035296,-0.109707,-0.182073,-0.005004,0.067362,0.605004,0.005032,-0.013053,0.586920
199,0.476400,1.037217,0.000472,-0.001445,1.035300,-0.109410,-0.182127,-0.005065,0.067652,0.604700,0.004807,-0.013343,0.586549
200,0.478800,1.037246,0.000483,-0.001453,1.035310,-0.109139,-0.182199,-0.005144,0.067915,0.604415,0.004595,-0.013624,0.586196
201,0.481200,1.037273,0.000487,-0.001474,1.035313,-0.108837,-0.182268,-0.005220,0.068210,0.604129,0.004394,-0.013894,0.585841
202,0.483600,1.037299,0.000492,-0.001489,1.035318,-0.108552,-0.182326,-0.005286,0.068488,0.603864,0.004208,-0.014147,0.585509
203,0.486000,1.037324,0.000494,-0.001511,1.035320,-0.108251,-0.182392,-0.005360,0.068781,0.603608,0.004037,-0.014387,0.585184
204,0.488400,1.037351,0.000499,-0.001527,1.035325,-0.107959,-0.182457,-0.005432,0.069066,0.603373,0.003883,-0.014611,0.584879
205,0.490800,1.037380,0.000507,-0.001543,1.035330,-0.107659,-0.182529,-0.005512,0.069359,0.603151,0.003743,-0.014821,0.584587
206,0.493200,1.037409,0.000518,-0.001555,1.035336,-0.107365,-0.182605,-0.005595,0.069645,0.602951,0.003621,-0.015015,0.584315
207,0.495600,1.037435,0.000526,-0.001572,1.035337,-0.107052,-0.182678,-0.005676,0.069950,0.602765,0.003515,-0.015193,0.584057
208,0.498000,1.037460,0.000533,-0.001588,1.035338,-0.106743,-0.182747,-0.005753,0.070251,0.602597,0.003425,-0.015355,0.583817
209,0.500400,1.037484,0.000542,-0.001603,1.035339,-0.106435,-0.182820,-0.005834,0.070551,0.602446,0.003349,-0.015504,0.583593
210,0.502800,1.037508,0.000552,-0.001619,1.035337,-0.106111,-0.182896,-0.005918,0.070867,0.602311,0.003290,-0.015637,0.583385
211,0.505200,1.037532,0.000563,-0.001634,1.035335,-0.105786,-0.182968,-0.005999,0.071183,0.602193,0.003245,-0.015756,0.583193
212,0.507600,1.037553,0.000572,-0.001650,1.035331,-0.105461,-0.183038,-0.006076,0.071501,0.602088,0.003213,-0.015863,0.583013
213,0.510000,1.037575,0.000581,-0.001668,1.035326,-0.105127,-0.183106,-0.006153,0.071825,0.601995,0.003194,-0.015956,0.582846
214,0.512400,1.037596,0.000591,-0.001684,1.035322,-0.104793,-0.183173,-0.006229,0.072151,0.601917,0.003188,-0.016036,0.582693
215,0.514800,1.037618,0.000601,-0.001699,1.035317,-0.104457,-0.183240,-0.006304,0.072478,0.601851,0.003194,-0.016105,0.582552
216,0.517200,1.037639,0.000612,-0.001716,1.035312,-0.104114,-0.183307,-0.006380,0.072813,0.601796,0.003212,-0.016163,0.582421
217,0.519600,1.037660,0.000623,-0.001732,1.035305,-0.103767,-0.183374,-0.006455,0.073151,0.601753,0.003240,-0.016210,0.582302
218,0.522000,1.037681,0.000635,-0.001748,1.035299,-0.103417,-0.183441,-0.006531,0.073492,0.601720,0.003279,-0.016248,0.582192
219,0.524400,1.037703,0.000648,-0.001762,1.035292,-0.103064,-0.183507,-0.006607,0.073837,0.601698,0.003328,-0.016277,0.582093
220,0.526800,1.037724,0.000662,-0.001777,1.035285,-0.102706,-0.183574,-0.006682,0.074185,0.601684,0.003385,-0.016297,0.582002
221,0.529200,1.037746,0.000676,-0.001791,1.035278,-0.102346,-0.183640,-0.006757,0.074537,0.601679,0.003449,-0.016310,0.581919
222,0.531600,1.037767,0.000692,-0.001803,1.035272,-0.101983,-0.183705,-0.006831,0.074891,0.601682,0.003521,-0.016317,0.581844
223,0.534000,1.037789,0.000709,-0.001815,1.035265,-0.101616,-0.183768,-0.006904,0.075248,0.601692,0.003599,-0.016317,0.581777
224,0.536400,1.037811,0.000727,-0.001827,1.035258,-0.101246,-0.183831,-0.006976,0.075609,0.601709,0.003683,-0.016311,0.581715
225,0.538800,1.037833,0.000744,-0.001839,1.035250,-0.100873,-0.183893,-0.007047,0.075972,0.601731,0.003773,-0.016300,0.581658
226,0.541200,1.037854,0.000761,-0.001851,1.035242,-0.100498,-0.183954,-0.007118,0.076338,0.601758,0.003867,-0.016285,0.581606
227,0.543600,1.037876,0.000779,-0.001863,1.035234,-0.100122,-0.184015,-0.007188,0.076705,0.601789,0.003966,-0.016265,0.581557
228,0.546000,1.037898,0.000797,-0.001874,1.035226,-0.099743,-0.184076,-0.007259,0.077075,0.601823,0.004069,-0.016242,0.581512
229,0.548400,1.037920,0.000816,-0.001885,1.035218,-0.099359,-0.184136,-0.007329,0.077448,0.601861,0.004174,-0.016217,0.581469
230,0.550800,1.037942,0.000835,-0.001896,1.035210,-0.098974,-0.184196,-0.007399,0.077824,0.601900,0.004282,-0.016190,0.581428
231,0.553200,1.037964,0.000855,-0.001907,1.035202,-0.098586,-0.184256,-0.007468,0.078202,0.601940,0.004390,-0.016162,0.581387
232,0.555600,1.037986,0.000875,-0.001917,1.035194,-0.098196,-0.184315,-0.007537,0.078582,0.601981,0.004500,-0.016134,0.581347
233,0.558000,1.038009,0.000895,-0.001927,1.035186,-0.097803,-0.184373,-0.007605,0.078965,0.602023,0.004610,-0.016105,0.581307
234,0.560400,1.038031,0.000916,-0.001937,1.035178,-0.097407,-0.184431,-0.007673,0.079351,0.602064,0.004721,-0.016076,0.581267
235,0.562800,1.038054,0.000937,-0.001947,1.035170,-0.097009,-0.184489,-0.007741,0.079738,0.602105,0.004832,-0.016048,0.581225
236,0.565200,1.038077,0.000958,-0.001957,1.035162,-0.096610,-0.184546,-0.007809,0.080128,0.602145,0.004941,-0.016021,0.581183
237,0.567600,1.038099,0.000979,-0.001967,1.035153,-0.096208,-0.184604,-0.007877,0.080519,0.602183,0.005050,-0.015994,0.581138
238,0.570000,1.038122,0.001000,-0.001977,1.035145,-0.095804,-0.184661,-0.007945,0.080913,0.602220,0.005158,-0.015970,0.581092
239,0.572400,1.038145,0.001022,-0.001987,1.035136,-0.095397,-0.184719,-0.008013,0.081309,0.602255,0.005265,-0.015946,0.581043
240,0.574800,1.038168,0.001043,-0.001998,1.035127,-0.094988,-0.184777,-0.008082,0.081707,0.602287,0.005370,-0.015925,0.580991
241,0.577200,1.038191,0.001065,-0.002008,1.035119,-0.094577,-0.184836,-0.008151,0.082108,0.602317,0.005474,-0.015906,0.580937
242,0.579600,1.038215,0.001086,-0.002019,1.035110,-0.094163,-0.184894,-0.008221,0.082510,0.602345,0.005577,-0.015888,0.580880
243,0.582000,1.038238,0.001108,-0.002029,1.035101,-0.093747,-0.184953,-0.008291,0.082915,0.602371,0.005678,-0.015873,0.580821
244,0.584400,1.038262,0.001130,-0.002040,1.035092,-0.093329,-0.185013,-0.008361,0.083323,0.602394,0.005777,-0.015859,0.580758
245,0.586800,1.038286,0.001153,-0.002050,1.035083,-0.092908,-0.185072,-0.008431,0.083732,0.602415,0.005874,-0.015848,0.580693
246,0.589200,1.038310,0.001175,-0.002061,1.035074,-0.092485,-0.185132,-0.008503,0.084144,0.602433,0.005970,-0.015839,0.580624
247,0.591600,1.038334,0.001198,-0.002071,1.035065,-0.092060,-0.185192,-0.008574,0.084558,0.602448,0.006064,-0.015832,0.580552
248,0.594000,1.038359,0.001221,-0.002082,1.035056,-0.091632,-0.185253,-0.008647,0.084975,0.602461,0.006156,-0.015828,0.580477
249,0.596400,1.038384,0.001244,-0.002092,1.035047,-0.091202,-0.185314,-0.008720,0.085393,0.602471,0.006246,-0.015825,0.580399
250,0.598800,1.038409,0.001267,-0.002103,1.035039,-0.090769,-0.185376,-0.008793,0.085814,0.602478,0.006335,-0.015825,0.580318
251,0.601200,1.038434,0.001291,-0.002114,1.035030,-0.090335,-0.185439,-0.008868,0.086236,0.602483,0.006423,-0.015826,0.580234
252,0.603600,1.038460,0.001314,-0.002125,1.035021,-0.089898,-0.185502,-0.008943,0.086662,0.602485,0.006509,-0.015830,0.580147
253,0.606000,1.038486,0.001338,-0.002136,1.035012,-0.089458,-0.185566,-0.009019,0.087089,0.602486,0.006593,-0.015835,0.580057
254,0.608400,1.038512,0.001362,-0.002147,1.035003,-0.089016,-0.185630,-0.009095,0.087519,0.602484,0.006677,-0.015842,0.579965
255,0.610800,1.038538,0.001386,-0.002158,1.034994,-0.088571,-0.185696,-0.009173,0.087952,0.602480,0.006759,-0.015850,0.579870
256,0.613200,1.038565,0.001411,-0.002169,1.034985,-0.088123,-0.185761,-0.009251,0.088387,0.602474,0.006841,-0.015860,0.579772
257,0.615600,1.038592,0.001435,-0.002180,1.034976,-0.087674,-0.185827,-0.009330,0.088824,0.602466,0.006922,-0.015871,0.579673
258,0.618000,1.038619,0.001460,-0.002191,1.034968,-0.087222,-0.185894,-0.009409,0.089263,0.602457,0.007002,-0.015884,0.579571
259,0.620400,1.038646,0.001486,-0.002201,1.034959,-0.086767,-0.185961,-0.009489,0.089705,0.602446,0.007081,-0.015897,0.579467
260,0.622800,1.038674,0.001511,-0.002212,1.034950,-0.086310,-0.186029,-0.009570,0.090149,0.602433,0.007160,-0.015912,0.579361
261,0.625200,1.038702,0.001537,-0.002223,1.034942,-0.085850,-0.186098,-0.009652,0.090596,0.602419,0.007239,-0.015928,0.579253
262,0.627600,1.038730,0.001563,-0.002234,1.034933,-0.085388,-0.186167,-0.009734,0.091044,0.602404,0.007317,-0.015944,0.579143
263,0.630000,1.038758,0.001589,-0.002245,1.034924,-0.084924,-0.186236,-0.009817,0.091495,0.602388,0.007395,-0.015961,0.579031
264,0.632400,1.038787,0.001616,-0.002256,1.034916,-0.084457,-0.186307,-0.009901,0.091949,0.602370,0.007473,-0.015979,0.578918
265,0.634800,1.038816,0.001642,-0.002266,1.034907,-0.083988,-0.186378,-0.009985,0.092405,0.602351,0.007551,-0.015997,0.578802
266,0.637200,1.038845,0.001669,-0.002277,1.034899,-0.083515,-0.186449,-0.010071,0.092863,0.602331,0.007629,-0.016017,0.578685
267,0.639600,1.038875,0.001696,-0.002288,1.034890,-0.083041,-0.186521,-0.010157,0.093324,0.602309,0.007707,-0.016036,0.578566
268,0.642000,1.038905,0.001723,-0.002299,1.034882,-0.082564,-0.186594,-0.010244,0.093787,0.602287,0.007784,-0.016057,0.578446
269,0.644400,1.038934,0.001751,-0.002311,1.034873,-0.082084,-0.186667,-0.010331,0.094252,0.602263,0.007862,-0.016077,0.578324
270,0.646800,1.038964,0.001778,-0.002322,1.034864,-0.081601,-0.186741,-0.010420,0.094720,0.602238,0.007940,-0.016098,0.578200
271,0.649200,1.038995,0.001806,-0.002333,1.034856,-0.081116,-0.186816,-0.010509,0.095191,0.602212,0.008018,-0.016120,0.578074
272,0.651600,1.039025,0.001833,-0.002345,1.034847,-0.080629,-0.186891,-0.010598,0.095664,0.602185,0.008096,-0.016142,0.577947
273,0.654000,1.039056,0.001861,-0.002356,1.034838,-0.080138,-0.186967,-0.010689,0.096139,0.602157,0.008174,-0.016165,0.577818
274,0.656400,1.039086,0.001889,-0.002368,1.034829,-0.079645,-0.187043,-0.010780,0.096617,0.602128,0.008253,-0.016188,0.577687
275,0.658800,1.039117,0.001917,-0.002380,1.034820,-0.079150,-0.187120,-0.010872,0.097098,0.602097,0.008332,-0.016211,0.577555
276,0.661200,1.039149,0.001945,-0.002392,1.034811,-0.078651,-0.187197,-0.010965,0.097581,0.602066,0.008411,-0.016235,0.577421
277,0.663600,1.039180,0.001973,-0.002404,1.034802,-0.078150,-0.187276,-0.011059,0.098067,0.602034,0.008490,-0.016258,0.577285
278,0.666000,1.039211,0.002001,-0.002417,1.034793,-0.077646,-0.187354,-0.011153,0.098555,0.602000,0.008570,-0.016283,0.577148
279,0.668400,1.039243,0.002030,-0.002429,1.034784,-0.077139,-0.187434,-0.011248,0.099046,0.601966,0.008650,-0.016307,0.577009
280,0.670800,1.039275,0.002058,-0.002442,1.034775,-0.076630,-0.187514,-0.011344,0.099540,0.601930,0.008731,-0.016331,0.576869
281,0.673200,1.039307,0.002087,-0.002455,1.034765,-0.076117,-0.187594,-0.011441,0.100036,0.601894,0.008812,-0.016356,0.576727
282,0.675600,1.039339,0.002115,-0.002468,1.034756,-0.075602,-0.187675,-0.011538,0.100535,0.601857,0.008893,-0.016381,0.576583
283,0.678000,1.039371,0.002144,-0.002481,1.034746,-0.075083,-0.187757,-0.011637,0.101037,0.601819,0.008975,-0.016406,0.576438
284,0.680400,1.039404,0.002173,-0.002495,1.034737,-0.074562,-0.187840,-0.011736,0.101542,0.601780,0.009058,-0.016430,0.576292
285,0.682800,1.039437,0.002202,-0.002508,1.034727,-0.074037,-0.187922,-0.011835,0.102050,0.601740,0.009141,-0.016455,0.576144
286,0.685200,1.039470,0.002231,-0.002522,1.034717,-0.073510,-0.188006,-0.011936,0.102560,0.601699,0.009225,-0.016480,0.575994
287,0.687600,1.039503,0.002260,-0.002536,1.034707,-0.072980,-0.188090,-0.012037,0.103073,0.601658,0.009310,-0.016505,0.575843
288,0.690000,1.039536,0.002289,-0.002550,1.034697,-0.072446,-0.188175,-0.012140,0.103589,0.601616,0.009395,-0.016530,0.575691
289,0.692400,1.039569,0.002319,-0.002564,1.034687,-0.071910,-0.188261,-0.012243,0.104108,0.601573,0.009481,-0.016555,0.575537
290,0.694800,1.039603,0.002348,-0.002578,1.034677,-0.071371,-0.188346,-0.012346,0.104630,0.601530,0.009568,-0.016579,0.575383
291,0.697200,1.039637,0.002378,-0.002592,1.034667,-0.070828,-0.188433,-0.012451,0.105154,0.601485,0.009655,-0.016604,0.575226
292,0.699600,1.039671,0.002408,-0.002607,1.034657,-0.070282,-0.188520,-0.012556,0.105682,0.601440,0.009744,-0.016628,0.575068
293,0.702000,1.039705,0.002438,-0.002621,1.034646,-0.069733,-0.188608,-0.012662,0.106213,0.601394,0.009833,-0.016653,0.574909
294,0.704400,1.039740,0.002468,-0.002636,1.034636,-0.069180,-0.188697,-0.012769,0.106747,0.601348,0.009923,-0.016677,0.574748
295,0.706800,1.039775,0.002499,-0.002651,1.034625,-0.068625,-0.188786,-0.012877,0.107284,0.601300,0.010014,-0.016701,0.574586
296,0.709200,1.039810,0.002529,-0.002666,1.034615,-0.068066,-0.188875,-0.012986,0.107824,0.601252,0.010105,-0.016725,0.574422
297,0.711600,1.039845,0.002560,-0.002681,1.034604,-0.067504,-0.188966,-0.013095,0.108367,0.601203,0.010198,-0.016748,0.574257
298,0.714000,1.039880,0.002591,-0.002696,1.034593,-0.066938,-0.189056,-0.013205,0.108913,0.601153,0.010291,-0.016772,0.574090
299,0.716400,1.039916,0.002622,-0.002711,1.034583,-0.066370,-0.189148,-0.013316,0.109462,0.601102,0.010385,-0.016796,0.573922
300,0.718800,1.039952,0.002654,-0.002726,1.034572,-0.065798,-0.189240,-0.013428,0.110014,0.601051,0.010479,-0.016819,0.573752
301,0.721200,1.039988,0.002686,-0.002742,1.034561,-0.065222,-0.189332,-0.013540,0.110570,0.600998,0.010575,-0.016843,0.573580
302,0.723600,1.040025,0.002718,-0.002757,1.034550,-0.064643,-0.189426,-0.013654,0.111128,0.600945,0.010671,-0.016867,0.573408
303,0.726000,1.040061,0.002750,-0.002772,1.034539,-0.064061,-0.189519,-0.013768,0.111691,0.600891,0.010767,-0.016890,0.573233
304,0.728400,1.040098,0.002783,-0.002787,1.034528,-0.063475,-0.189614,-0.013883,0.112256,0.600836,0.010865,-0.016914,0.573057
305,0.730800,1.040135,0.002815,-0.002803,1.034517,-0.062886,-0.189709,-0.013999,0.112824,0.600780,0.010963,-0.016938,0.572879
306,0.733200,1.040172,0.002848,-0.002818,1.034506,-0.062293,-0.189805,-0.014116,0.113396,0.600723,0.011062,-0.016961,0.572699
307,0.735600,1.040210,0.002882,-0.002834,1.034495,-0.061697,-0.189901,-0.014233,0.113971,0.600665,0.011162,-0.016985,0.572518
308,0.738000,1.040248,0.002915,-0.002849,1.034483,-0.061096,-0.189998,-0.014352,0.114550,0.600606,0.011263,-0.017008,0.572335
309,0.740400,1.040286,0.002949,-0.002865,1.034472,-0.060493,-0.190096,-0.014471,0.115131,0.600546,0.011364,-0.017031,0.572151
310,0.742800,1.040324,0.002983,-0.002881,1.034460,-0.059886,-0.190194,-0.014592,0.115717,0.600486,0.011467,-0.017055,0.571965
311,0.745200,1.040362,0.003017,-0.002897,1.034448,-0.059275,-0.190293,-0.014713,0.116305,0.600424,0.011570,-0.017078,0.571777
312,0.747600,1.040401,0.003052,-0.002913,1.034436,-0.058660,-0.190392,-0.014835,0.116897,0.600362,0.011674,-0.017101,0.571587
313,0.750000,1.040439,0.003087,-0.002929,1.034424,-0.058042,-0.190493,-0.014958,0.117493,0.600299,0.011779,-0.017124,0.571396
314,0.752400,1.040478,0.003122,-0.002945,1.034412,-0.057420,-0.190595,-0.015083,0.118092,0.600234,0.011885,-0.017146,0.571203
315,0.754800,1.040518,0.003157,-0.002961,1.034399,-0.056794,-0.190698,-0.015209,0.118695,0.600169,0.011992,-0.017169,0.571008
316,0.757200,1.040557,0.003193,-0.002978,1.034387,-0.056164,-0.190802,-0.015337,0.119300,0.600103,0.012100,-0.017191,0.570812
317,0.759600,1.040597,0.003228,-0.002994,1.034374,-0.055531,-0.190907,-0.015466,0.119910,0.600036,0.012209,-0.017214,0.570614
318,0.762000,1.040636,0.003265,-0.003011,1.034361,-0.054895,-0.191014,-0.015597,0.120522,0.599968,0.012319,-0.017236,0.570413
319,0.764400,1.040676,0.003301,-0.003027,1.034348,-0.054254,-0.191122,-0.015729,0.121138,0.599899,0.012430,-0.017257,0.570211
320,0.766800,1.040717,0.003338,-0.003044,1.034335,-0.053610,-0.191231,-0.015863,0.121758,0.599829,0.012542,-0.017279,0.570007
321,0.769200,1.040757,0.003375,-0.003061,1.034321,-0.052962,-0.191342,-0.015999,0.122381,0.599758,0.012655,-0.017301,0.569801
322,0.771600,1.040798,0.003412,-0.003078,1.034308,-0.052310,-0.191454,-0.016136,0.123008,0.599685,0.012770,-0.017323,0.569593
323,0.774000,1.040839,0.003450,-0.003095,1.034294,-0.051655,-0.191568,-0.016276,0.123638,0.599612,0.012885,-0.017344,0.569383
324,0.776400,1.040880,0.003488,-0.003112,1.034280,-0.050995,-0.191684,-0.016417,0.124271,0.599537,0.013001,-0.017366,0.569170
325,0.778800,1.040922,0.003526,-0.003129,1.034266,-0.050332,-0.191801,-0.016560,0.124908,0.599461,0.013118,-0.017387,0.568956
326,0.781200,1.040963,0.003565,-0.003147,1.034252,-0.049665,-0.191919,-0.016705,0.125549,0.599384,0.013236,-0.017408,0.568739
327,0.783600,1.041005,0.003604,-0.003164,1.034237,-0.048994,-0.192039,-0.016852,0.126193,0.599305,0.013356,-0.017430,0.568520
328,0.786000,1.041047,0.003643,-0.003181,1.034223,-0.048319,-0.192161,-0.017001,0.126840,0.599225,0.013476,-0.017451,0.568299
329,0.788400,1.041090,0.003683,-0.003199,1.034208,-0.047641,-0.192284,-0.017152,0.127491,0.599144,0.013597,-0.017472,0.568075
330,0.790800,1.041132,0.003723,-0.003217,1.034193,-0.046958,-0.192409,-0.017305,0.128146,0.599062,0.013719,-0.017493,0.567849
331,0.793200,1.041175,0.003763,-0.003235,1.034177,-0.046272,-0.192536,-0.017459,0.128805,0.598978,0.013842,-0.017514,0.567621
332,0.795600,1.041218,0.003804,-0.003253,1.034162,-0.045581,-0.192664,-0.017616,0.129467,0.598892,0.013967,-0.017535,0.567390
333,0.798000,1.041261,0.003845,-0.003271,1.034146,-0.044887,-0.192794,-0.017774,0.130132,0.598805,0.014092,-0.017557,0.567157
334,0.800400,1.041305,0.003886,-0.003289,1.034130,-0.044188,-0.192925,-0.017935,0.130802,0.598717,0.014218,-0.017578,0.566921
335,0.802800,1.041349,0.003927,-0.003307,1.034115,-0.043486,-0.193059,-0.018098,0.131475,0.598627,0.014345,-0.017599,0.566683
336,0.805200,1.041393,0.003969,-0.003325,1.034098,-0.042780,-0.193193,-0.018262,0.132151,0.598535,0.014473,-0.017620,0.566442
337,0.807600,1.041437,0.004012,-0.003343,1.034082,-0.042069,-0.193330,-0.018429,0.132832,0.598442,0.014602,-0.017641,0.566198
338,0.810000,1.041482,0.004055,-0.003362,1.034066,-0.041354,-0.193468,-0.018598,0.133516,0.598347,0.014733,-0.017662,0.565952
339,0.812400,1.041527,0.004099,-0.003380,1.034049,-0.040636,-0.193612,-0.018773,0.134203,0.598251,0.014864,-0.017684,0.565703
340,0.814800,1.041573,0.004143,-0.003398,1.034032,-0.039915,-0.193766,-0.018958,0.134893,0.598152,0.014997,-0.017706,0.565449
341,0.817200,1.041619,0.004189,-0.003416,1.034014,-0.039190,-0.193924,-0.019148,0.135585,0.598052,0.015132,-0.017727,0.565193
342,0.819600,1.041665,0.004235,-0.003434,1.033997,-0.038462,-0.194086,-0.019343,0.136281,0.597951,0.015269,-0.017748,0.564934
343,0.822000,1.041712,0.004281,-0.003452,1.033979,-0.037730,-0.194253,-0.019543,0.136979,0.597848,0.015407,-0.017769,0.564672
344,0.824400,1.041760,0.004329,-0.003470,1.033961,-0.036995,-0.194424,-0.019748,0.137682,0.597744,0.015547,-0.017789,0.564408
345,0.826800,1.041807,0.004376,-0.003488,1.033943,-0.036256,-0.194598,-0.019955,0.138386,0.597639,0.015689,-0.017809,0.564140
346,0.829200,1.041855,0.004425,-0.003506,1.033924,-0.035513,-0.194775,-0.020167,0.139095,0.597531,0.015832,-0.017829,0.563870
347,0.831600,1.041903,0.004474,-0.003524,1.033906,-0.034767,-0.194955,-0.020381,0.139807,0.597423,0.015977,-0.017848,0.563598
348,0.834000,1.041952,0.004523,-0.003542,1.033887,-0.034015,-0.195138,-0.020600,0.140523,0.597313,0.016123,-0.017867,0.563322
349,0.836400,1.042001,0.004573,-0.003560,1.033868,-0.033260,-0.195324,-0.020821,0.141243,0.597201,0.016272,-0.017886,0.563044
350,0.838800,1.042050,0.004623,-0.003578,1.033848,-0.032500,-0.195512,-0.021046,0.141967,0.597088,0.016421,-0.017904,0.562762
351,0.841200,1.042099,0.004674,-0.003597,1.033828,-0.031736,-0.195703,-0.021273,0.142694,0.596973,0.016573,-0.017922,0.562478
352,0.843600,1.042148,0.004725,-0.003615,1.033808,-0.030968,-0.195895,-0.021503,0.143425,0.596857,0.016726,-0.017939,0.562192
353,0.846000,1.042198,0.004776,-0.003634,1.033788,-0.030195,-0.196090,-0.021735,0.144160,0.596739,0.016881,-0.017955,0.561903
354,0.848400,1.042248,0.004828,-0.003652,1.033768,-0.029417,-0.196287,-0.021970,0.144900,0.596620,0.017038,-0.017970,0.561611
355,0.850800,1.042298,0.004881,-0.003670,1.033747,-0.028635,-0.196486,-0.022207,0.145643,0.596500,0.017197,-0.017985,0.561317
356,0.853200,1.042349,0.004934,-0.003689,1.033726,-0.027849,-0.196686,-0.022447,0.146391,0.596378,0.017358,-0.017999,0.561021
357,0.855600,1.042400,0.004987,-0.003708,1.033705,-0.027057,-0.196888,-0.022688,0.147143,0.596255,0.017521,-0.018012,0.560721
358,0.858000,1.042451,0.005041,-0.003726,1.033684,-0.026261,-0.197092,-0.022931,0.147899,0.596130,0.017686,-0.018025,0.560420
359,0.860400,1.042502,0.005096,-0.003745,1.033662,-0.025460,-0.197297,-0.023177,0.148660,0.596004,0.017852,-0.018037,0.560115
360,0.862800,1.042554,0.005150,-0.003764,1.033640,-0.024654,-0.197504,-0.023425,0.149425,0.595876,0.018021,-0.018048,0.559808
361,0.865200,1.042606,0.005206,-0.003782,1.033618,-0.023843,-0.197713,-0.023675,0.150195,0.595747,0.018191,-0.018058,0.559498
362,0.867600,1.042658,0.005262,-0.003801,1.033595,-0.023027,-0.197923,-0.023927,0.150969,0.595617,0.018364,-0.018067,0.559186
363,0.870000,1.042710,0.005318,-0.003820,1.033572,-0.022206,-0.198135,-0.024181,0.151748,0.595484,0.018538,-0.018075,0.558871
364,0.872400,1.042762,0.005374,-0.003839,1.033549,-0.021380,-0.198348,-0.024437,0.152531,0.595351,0.018715,-0.018083,0.558553
365,0.874800,1.042815,0.005432,-0.003858,1.033525,-0.020548,-0.198563,-0.024695,0.153319,0.595215,0.018893,-0.018090,0.558232
366,0.877200,1.042868,0.005489,-0.003877,1.033502,-0.019712,-0.198778,-0.024955,0.154112,0.595078,0.019074,-0.018096,0.557908
367,0.879600,1.042921,0.005547,-0.003896,1.033477,-0.018871,-0.198996,-0.025216,0.154909,0.594939,0.019256,-0.018101,0.557582
368,0.882000,1.042974,0.005606,-0.003915,1.033453,-0.018024,-0.199214,-0.025480,0.155711,0.594798,0.019440,-0.018105,0.557253
369,0.884400,1.043027,0.005665,-0.003935,1.033428,-0.017171,-0.199434,-0.025745,0.156518,0.594656,0.019627,-0.018109,0.556921
370,0.886800,1.043081,0.005724,-0.003954,1.033403,-0.016313,-0.199655,-0.026012,0.157330,0.594512,0.019815,-0.018111,0.556585
371,0.889200,1.043135,0.005784,-0.003974,1.033377,-0.015450,-0.199878,-0.026281,0.158146,0.594366,0.020006,-0.018113,0.556247
372,0.891600,1.043189,0.005844,-0.003993,1.033352,-0.014582,-0.200102,-0.026552,0.158968,0.594218,0.020199,-0.018114,0.555906
373,0.894000,1.043243,0.005905,-0.004013,1.033325,-0.013707,-0.200327,-0.026825,0.159795,0.594068,0.020393,-0.018113,0.555562
374,0.896400,1.043298,0.005967,-0.004032,1.033299,-0.012828,-0.200553,-0.027100,0.160626,0.593917,0.020590,-0.018112,0.555214
375,0.898800,1.043352,0.006028,-0.004052,1.033272,-0.011942,-0.200781,-0.027376,0.161463,0.593763,0.020789,-0.018111,0.554863
376,0.901200,1.043407,0.006091,-0.004072,1.033244,-0.011051,-0.201010,-0.027655,0.162304,0.593607,0.020990,-0.018108,0.554509
377,0.903600,1.043462,0.006154,-0.004092,1.033217,-0.010155,-0.201240,-0.027935,0.163151,0.593450,0.021193,-0.018104,0.554152
378,0.906000,1.043518,0.006217,-0.004112,1.033188,-0.009252,-0.201472,-0.028217,0.164002,0.593290,0.021398,-0.018100,0.553791
379,0.908400,1.043573,0.006281,-0.004132,1.033160,-0.008344,-0.201704,-0.028501,0.164859,0.593127,0.021606,-0.018094,0.553427
380,0.910800,1.043629,0.006345,-0.004152,1.033131,-0.007430,-0.201938,-0.028787,0.165722,0.592963,0.021815,-0.018088,0.553060
381,0.913200,1.043684,0.006410,-0.004173,1.033102,-0.006510,-0.202173,-0.029074,0.166589,0.592796,0.022026,-0.018081,0.552688
382,0.915600,1.043740,0.006475,-0.004193,1.033072,-0.005585,-0.202410,-0.029363,0.167462,0.592626,0.022239,-0.018074,0.552313
383,0.918000,1.043796,0.006541,-0.004213,1.033042,-0.004653,-0.202647,-0.029654,0.168340,0.592454,0.022454,-0.018066,0.551934
384,0.920400,1.043853,0.006607,-0.004234,1.033011,-0.003715,-0.202886,-0.029947,0.169223,0.592280,0.022671,-0.018057,0.551552
385,0.922800,1.043909,0.006674,-0.004255,1.032980,-0.002772,-0.203125,-0.030242,0.170112,0.592103,0.022890,-0.018047,0.551165
386,0.925200,1.043966,0.006742,-0.004275,1.032949,-0.001822,-0.203366,-0.030538,0.171006,0.591923,0.023111,-0.018037,0.550775
387,0.927600,1.044022,0.006810,-0.004296,1.032917,-0.000866,-0.203608,-0.030836,0.171906,0.591740,0.023334,-0.018026,0.550381
388,0.930000,1.044079,0.006878,-0.004317,1.032884,0.000096,-0.203851,-0.031136,0.172811,0.591555,0.023559,-0.018014,0.549982
389,0.932400,1.044136,0.006947,-0.004338,1.032851,0.001064,-0.204095,-0.031438,0.173721,0.591366,0.023785,-0.018002,0.549579
390,0.934800,1.044193,0.007017,-0.004359,1.032818,0.002038,-0.204340,-0.031742,0.174637,0.591175,0.024014,-0.017989,0.549172
391,0.937200,1.044251,0.007087,-0.004380,1.032784,0.003019,-0.204587,-0.032047,0.175559,0.590981,0.024244,-0.017975,0.548761
392,0.939600,1.044308,0.007157,-0.004401,1.032750,0.004006,-0.204834,-0.032354,0.176486,0.590783,0.024477,-0.017961,0.548346
393,0.942000,1.044366,0.007229,-0.004423,1.032715,0.005000,-0.205083,-0.032663,0.177419,0.590583,0.024711,-0.017947,0.547925
394,0.944400,1.044424,0.007300,-0.004444,1.032679,0.005999,-0.205333,-0.032974,0.178358,0.590379,0.024946,-0.017932,0.547501
395,0.946800,1.044482,0.007373,-0.004465,1.032644,0.007006,-0.205584,-0.033287,0.179302,0.590172,0.025184,-0.017916,0.547071
396,0.949200,1.044540,0.007446,-0.004487,1.032607,0.008018,-0.205835,-0.033601,0.180253,0.589961,0.025424,-0.017900,0.546638
397,0.951600,1.044598,0.007519,-0.004508,1.032570,0.009038,-0.206088,-0.033917,0.181209,0.589747,0.025665,-0.017883,0.546199
398,0.954000,1.044656,0.007594,-0.004530,1.032533,0.010063,-0.206343,-0.034236,0.182170,0.589530,0.025908,-0.017866,0.545755
399,0.956400,1.044715,0.007668,-0.004551,1.032495,0.011096,-0.206598,-0.034556,0.183138,0.589309,0.026153,-0.017849,0.545307
400,0.958800,1.044773,0.007744,-0.004573,1.032457,0.012135,-0.206854,-0.034878,0.184111,0.589084,0.026400,-0.017831,0.544853
401,0.961200,1.044832,0.007820,-0.004595,1.032418,0.013181,-0.207112,-0.035202,0.185091,0.588856,0.026649,-0.017812,0.544395
402,0.963600,1.044891,0.007897,-0.004617,1.032378,0.014233,-0.207370,-0.035527,0.186076,0.588624,0.026899,-0.017793,0.543931
403,0.966000,1.044950,0.007974,-0.004638,1.032338,0.015292,-0.207630,-0.035855,0.187067,0.588388,0.027151,-0.017774,0.543462
404,0.968400,1.045009,0.008052,-0.004660,1.032297,0.016358,-0.207891,-0.036185,0.188064,0.588148,0.027405,-0.017754,0.542988
405,0.970800,1.045068,0.008131,-0.004682,1.032256,0.017431,-0.208153,-0.036516,0.189068,0.587904,0.027661,-0.017734,0.542508
406,0.973200,1.045128,0.008210,-0.004704,1.032214,0.018511,-0.208416,-0.036850,0.190077,0.587655,0.027918,-0.017714,0.542023
407,0.975600,1.045187,0.008290,-0.004726,1.032171,0.019598,-0.208680,-0.037185,0.191092,0.587403,0.028178,-0.017693,0.541533
408,0.978000,1.045247,0.008370,-0.004748,1.032128,0.020691,-0.208945,-0.037523,0.192114,0.587147,0.028439,-0.017672,0.541036
409,0.980400,1.045306,0.008452,-0.004770,1.032084,0.021792,-0.209212,-0.037862,0.193141,0.586886,0.028702,-0.017650,0.540534
410,0.982800,1.045366,0.008534,-0.004793,1.032040,0.022899,-0.209479,-0.038203,0.194175,0.586621,0.028966,-0.017628,0.540027
411,0.985200,1.045426,0.008616,-0.004815,1.031995,0.024014,-0.209748,-0.038547,0.195215,0.586351,0.029233,-0.017606,0.539513
412,0.987600,1.045486,0.008700,-0.004837,1.031949,0.025136,-0.210017,-0.038892,0.196261,0.586077,0.029501,-0.017583,0.538993
413,0.990000,1.045546,0.008784,-0.004859,1.031903,0.026265,-0.210288,-0.039240,0.197314,0.585799,0.029771,-0.017560,0.538468
414,0.992400,1.045606,0.008869,-0.004882,1.031856,0.027402,-0.210560,-0.039589,0.198373,0.585515,0.030043,-0.017537,0.537936
415,0.994800,1.045666,0.008954,-0.004904,1.031808,0.028545,-0.210833,-0.039940,0.199438,0.585227,0.030316,-0.017513,0.537398
416,0.997200,1.045726,0.009040,-0.004927,1.031759,0.029696,-0.211107,-0.040294,0.200509,0.584934,0.030592,-0.017489,0.536854
417,0.999600,1.045786,0.009127,-0.004949,1.031710,0.030854,-0.211383,-0.040650,0.201587,0.584637,0.030869,-0.017465,0.536303
418,1.002000,1.045847,0.009215,-0.004972,1.031660,0.032020,-0.211659,-0.041007,0.202671,0.584334,0.031148,-0.017440,0.535746
419,1.004400,1.045907,0.009303,-0.004994,1.031609,0.033193,-0.211936,-0.041367,0.203762,0.584026,0.031428,-0.017415,0.535183
420,1.006800,1.045967,0.009392,-0.005017,1.031558,0.034373,-0.212215,-0.041729,0.204859,0.583713,0.031711,-0.017389,0.534613
421,1.009200,1.046028,0.009482,-0.005040,1.031506,0.035561,-0.212494,-0.042093,0.205963,0.583395,0.031996,-0.017364,0.534036
422,1.011600,1.046088,0.009573,-0.005062,1.031453,0.036757,-0.212775,-0.042459,0.207073,0.583072,0.032282,-0.017337,0.533453
423,1.014000,1.046149,0.009664,-0.005085,1.031399,0.037960,-0.213057,-0.042827,0.208190,0.582743,0.032570,-0.017311,0.532862
424,1.016400,1.046209,0.009756,-0.005108,1.031345,0.039170,-0.213340,-0.043197,0.209313,0.582409,0.032860,-0.017284,0.532265
425,1.018800,1.046269,0.009849,-0.005131,1.031289,0.040389,-0.213624,-0.043569,0.210443,0.582069,0.033152,-0.017257,0.531660
426,1.021200,1.046330,0.009943,-0.005154,1.031233,0.041615,-0.213909,-0.043944,0.211580,0.581724,0.033445,-0.017230,0.531049
427,1.023600,1.046390,0.010037,-0.005177,1.031176,0.042849,-0.214195,-0.044320,0.212723,0.581373,0.033741,-0.017202,0.530430
428,1.026000,1.046451,0.010133,-0.005200,1.031118,0.044090,-0.214482,-0.044699,0.213873,0.581016,0.034038,-0.017174,0.529804
429,1.028400,1.046511,0.010229,-0.005223,1.031060,0.045340,-0.214770,-0.045080,0.215030,0.580654,0.034338,-0.017145,0.529171
430,1.030800,1.046572,0.010326,-0.005246,1.031000,0.046597,-0.215060,-0.045463,0.216194,0.580286,0.034639,-0.017116,0.528530
431,1.033200,1.046632,0.010423,-0.005269,1.030940,0.047863,-0.215350,-0.045849,0.217364,0.579911,0.034942,-0.017087,0.527882
432,1.035600,1.046692,0.010522,-0.005292,1.030878,0.049136,-0.215641,-0.046236,0.218541,0.579531,0.035247,-0.017057,0.527226
433,1.038000,1.046752,0.010621,-0.005315,1.030816,0.050417,-0.215934,-0.046626,0.219725,0.579144,0.035555,-0.017027,0.526562
434,1.040400,1.046812,0.010721,-0.005338,1.030753,0.051707,-0.216227,-0.047018,0.220916,0.578751,0.035864,-0.016997,0.525890
435,1.042800,1.046873,0.010822,-0.005362,1.030688,0.053004,-0.216521,-0.047412,0.222114,0.578352,0.036175,-0.016966,0.525211
436,1.045200,1.046933,0.010924,-0.005385,1.030623,0.054310,-0.216817,-0.047808,0.223319,0.577946,0.036488,-0.016935,0.524524
437,1.047600,1.046992,0.011027,-0.005408,1.030557,0.055624,-0.217113,-0.048206,0.224530,0.577534,0.036803,-0.016904,0.523828
438,1.050000,1.047052,0.011131,-0.005431,1.030490,0.056946,-0.217410,-0.048607,0.225749,0.577116,0.037120,-0.016871,0.523124
439,1.052400,1.047112,0.011235,-0.005455,1.030422,0.058276,-0.217709,-0.049010,0.226975,0.576690,0.037439,-0.016839,0.522412
440,1.054800,1.047172,0.011341,-0.005478,1.030353,0.059614,-0.218008,-0.049415,0.228208,0.576258,0.037760,-0.016806,0.521692
441,1.057200,1.047231,0.011447,-0.005502,1.030283,0.060961,-0.218308,-0.049822,0.229448,0.575819,0.038083,-0.016773,0.520963
442,1.059600,1.047290,0.011554,-0.005525,1.030211,0.062317,-0.218609,-0.050232,0.230695,0.575373,0.038408,-0.016739,0.520225
443,1.062000,1.047350,0.011662,-0.005548,1.030139,0.063681,-0.218911,-0.050643,0.231949,0.574920,0.038736,-0.016705,0.519479
444,1.064400,1.047409,0.011771,-0.005572,1.030065,0.065053,-0.219214,-0.051057,0.233210,0.574460,0.039065,-0.016670,0.518724
445,1.066800,1.047467,0.011881,-0.005595,1.029991,0.066434,-0.219518,-0.051473,0.234478,0.573992,0.039396,-0.016635,0.517961
446,1.069200,1.047526,0.011992,-0.005619,1.029915,0.067823,-0.219823,-0.051892,0.235754,0.573517,0.039730,-0.016600,0.517188
447,1.071600,1.047585,0.012104,-0.005642,1.029839,0.069221,-0.220128,-0.052312,0.237037,0.573035,0.040066,-0.016564,0.516406
448,1.074000,1.047643,0.012217,-0.005666,1.029761,0.070628,-0.220435,-0.052735,0.238327,0.572545,0.040403,-0.016527,0.515615
449,1.076400,1.047701,0.012330,-0.005689,1.029681,0.072043,-0.220742,-0.053160,0.239625,0.572048,0.040743,-0.016490,0.514815
450,1.078800,1.047759,0.012445,-0.005713,1.029601,0.073467,-0.221050,-0.053587,0.240930,0.571543,0.041086,-0.016452,0.514005
451,1.081200,1.047817,0.012561,-0.005736,1.029520,0.074900,-0.221358,-0.054016,0.242242,0.571030,0.041430,-0.016414,0.513186
452,1.083600,1.047874,0.012677,-0.005760,1.029437,0.076342,-0.221668,-0.054448,0.243561,0.570509,0.041776,-0.016376,0.512357
453,1.086000,1.047931,0.012795,-0.005784,1.029353,0.077792,-0.221978,-0.054882,0.244888,0.569980,0.042125,-0.016336,0.511519
454,1.088400,1.047988,0.012914,-0.005807,1.029267,0.079252,-0.222289,-0.055318,0.246223,0.569443,0.042476,-0.016297,0.510670
455,1.090800,1.048045,0.013033,-0.005831,1.029181,0.080720,-0.222600,-0.055756,0.247565,0.568897,0.042829,-0.016256,0.509812
456,1.093200,1.048101,0.013154,-0.005854,1.029093,0.082198,-0.222912,-0.056196,0.248914,0.568344,0.043184,-0.016215,0.508944
457,1.095600,1.048157,0.013276,-0.005878,1.029004,0.083684,-0.223225,-0.056638,0.250271,0.567781,0.043542,-0.016174,0.508065
458,1.098000,1.048213,0.013398,-0.005901,1.028913,0.085179,-0.223539,-0.057083,0.251635,0.567211,0.043902,-0.016132,0.507177
459,1.100400,1.048268,0.013522,-0.005925,1.028821,0.086684,-0.223853,-0.057530,0.253007,0.566631,0.044264,-0.016089,0.506278
460,1.102800,1.048323,0.013647,-0.005948,1.028728,0.088198,-0.224167,-0.057979,0.254386,0.566043,0.044629,-0.016046,0.505368
461,1.105200,1.048378,0.013773,-0.005972,1.028634,0.089721,-0.224483,-0.058430,0.255773,0.565446,0.044996,-0.016002,0.504448
462,1.107600,1.048433,0.013900,-0.005995,1.028537,0.091253,-0.224799,-0.058884,0.257168,0.564839,0.045365,-0.015958,0.503517
463,1.110000,1.048487,0.014028,-0.006019,1.028440,0.092794,-0.225115,-0.059339,0.258570,0.564224,0.045736,-0.015913,0.502575
464,1.112400,1.048540,0.014157,-0.006042,1.028341,0.094345,-0.225432,-0.059797,0.259980,0.563599,0.046110,-0.015867,0.501622
465,1.114800,1.048594,0.014288,-0.006065,1.028241,0.095905,-0.225749,-0.060257,0.261397,0.562965,0.046486,-0.015820,0.500658
466,1.117200,1.048646,0.014419,-0.006088,1.028139,0.097474,-0.226067,-0.060719,0.262822,0.562321,0.046864,-0.015773,0.499683
467,1.119600,1.048699,0.014552,-0.006112,1.028035,0.099053,-0.226385,-0.061183,0.264255,0.561668,0.047245,-0.015726,0.498697
468,1.122000,1.048751,0.014686,-0.006135,1.027930,0.100641,-0.226704,-0.061650,0.265695,0.561004,0.047629,-0.015677,0.497699
469,1.124400,1.048802,0.014820,-0.006158,1.027823,0.102239,-0.227023,-0.062118,0.267143,0.560331,0.048014,-0.015628,0.496689
470,1.126800,1.048853,0.014956,-0.006182,1.027715,0.103846,-0.227342,-0.062589,0.268599,0.559648,0.048402,-0.015578,0.495667
471,1.129200,1.048904,0.015094,-0.006205,1.027605,0.105462,-0.227662,-0.063062,0.270063,0.558955,0.048793,-0.015528,0.494634
472,1.131600,1.048953,0.015232,-0.006228,1.027494,0.107088,-0.227982,-0.063537,0.271534,0.558251,0.049186,-0.015476,0.493589
473,1.134000,1.049003,0.015372,-0.006251,1.027380,0.108724,-0.228303,-0.064014,0.273013,0.557537,0.049581,-0.015425,0.492531
474,1.136400,1.049052,0.015513,-0.006274,1.027265,0.110370,-0.228624,-0.064494,0.274500,0.556812,0.049979,-0.015372,0.491462
475,1.138800,1.049100,0.015655,-0.006297,1.027149,0.112025,-0.228944,-0.064975,0.275994,0.556077,0.050379,-0.015319,0.490379
476,1.141200,1.049148,0.015798,-0.006319,1.027030,0.113690,-0.229266,-0.065458,0.277497,0.555331,0.050782,-0.015264,0.489285
477,1.143600,1.049195,0.015943,-0.006342,1.026910,0.115365,-0.229587,-0.065944,0.279007,0.554573,0.051187,-0.015210,0.488177
478,1.146000,1.049242,0.016089,-0.006365,1.026788,0.117049,-0.229908,-0.066432,0.280525,0.553805,0.051594,-0.015154,0.487057
479,1.148400,1.049288,0.016236,-0.006387,1.026665,0.118743,-0.230230,-0.066922,0.282051,0.553025,0.052004,-0.015097,0.485923
480,1.150800,1.049333,0.016384,-0.006410,1.026539,0.120447,-0.230552,-0.067414,0.283585,0.552234,0.052417,-0.015040,0.484777
481,1.153200,1.049377,0.016534,-0.006432,1.026411,0.122160,-0.230874,-0.067908,0.285126,0.551431,0.052832,-0.014982,0.483617
482,1.155600,1.049421,0.016685,-0.006455,1.026282,0.123884,-0.231196,-0.068404,0.286675,0.550617,0.053250,-0.014923,0.482444
483,1.158000,1.049464,0.016837,-0.006477,1.026150,0.125617,-0.231518,-0.068903,0.288232,0.549790,0.053670,-0.014864,0.481257
484,1.160400,1.049507,0.016991,-0.006499,1.026017,0.127361,-0.231840,-0.069403,0.289797,0.548952,0.054092,-0.014803,0.480056
485,1.162800,1.049548,0.017146,-0.006521,1.025882,0.129114,-0.232161,-0.069905,0.291370,0.548101,0.054517,-0.014742,0.478841
486,1.165200,1.049589,0.017302,-0.006543,1.025744,0.130877,-0.232483,-0.070410,0.292950,0.547238,0.054945,-0.014680,0.477613
487,1.167600,1.049629,0.017460,-0.006565,1.025605,0.132650,-0.232805,-0.070917,0.294539,0.546363,0.055375,-0.014617,0.476370
488,1.170000,1.049669,0.017619,-0.006587,1.025463,0.134434,-0.233127,-0.071425,0.296135,0.545474,0.055808,-0.014553,0.475113
489,1.172400,1.049707,0.017779,-0.006608,1.025319,0.136227,-0.233448,-0.071936,0.297739,0.544573,0.056244,-0.014489,0.473841
490,1.174800,1.049745,0.017941,-0.006630,1.025174,0.138030,-0.233769,-0.072448,0.299350,0.543659,0.056682,-0.014423,0.472555
491,1.177200,1.049781,0.018104,-0.006651,1.025026,0.139843,-0.234090,-0.072963,0.300970,0.542732,0.057122,-0.014357,0.471253
492,1.179600,1.049817,0.018269,-0.006672,1.024875,0.141666,-0.234411,-0.073480,0.302597,0.541792,0.057565,-0.014289,0.469937
493,1.182000,1.049852,0.018435,-0.006694,1.024723,0.143499,-0.234732,-0.073999,0.304232,0.540838,0.058011,-0.014221,0.468606
494,1.184400,1.049886,0.018603,-0.006715,1.024568,0.145342,-0.235053,-0.074521,0.305875,0.539871,0.058460,-0.014151,0.467259
495,1.186800,1.049918,0.018772,-0.006735,1.024411,0.147196,-0.235375,-0.075046,0.307525,0.538889,0.058913,-0.014080,0.465897
496,1.189200,1.049950,0.018943,-0.006756,1.024251,0.149059,-0.235698,-0.075574,0.309182,0.537894,0.059368,-0.014008,0.464518
497,1.191600,1.049981,0.019116,-0.006777,1.024088,0.150931,-0.236022,-0.076106,0.310847,0.536885,0.059827,-0.013934,0.463124
498,1.194000,1.050011,0.019290,-0.006797,1.023924,0.152814,-0.236347,-0.076643,0.312519,0.535861,0.060289,-0.013858,0.461714
499,1.196400,1.050039,0.019466,-0.006817,1.023756,0.154706,-0.236674,-0.077183,0.314197,0.534823,0.060755,-0.013781,0.460286
500,1.198800,1.050066,0.019643,-0.006837,1.023586,0.156608,-0.237003,-0.077727,0.315883,0.533769,0.061224,-0.013703,0.458843
501,1.201200,1.050093,0.019823,-0.006857,1.023413,0.158519,-0.237333,-0.078276,0.317576,0.532701,0.061697,-0.013623,0.457382
502,1.203600,1.050118,0.020003,-0.006877,1.023237,0.160438,-0.237665,-0.078829,0.319274,0.531618,0.062173,-0.013541,0.455904
503,1.206000,1.050141,0.020186,-0.006896,1.023059,0.162368,-0.237999,-0.079387,0.320980,0.530519,0.062652,-0.013458,0.454408
504,1.208400,1.050164,0.020371,-0.006915,1.022878,0.164308,-0.238335,-0.079949,0.322693,0.529404,0.063136,-0.013373,0.452895
505,1.210800,1.050185,0.020557,-0.006934,1.022694,0.166256,-0.238672,-0.080516,0.324412,0.528273,0.063623,-0.013286,0.451364
506,1.213200,1.050205,0.020746,-0.006952,1.022507,0.168213,-0.239012,-0.081088,0.326137,0.527127,0.064113,-0.013198,0.449816
507,1.215600,1.050224,0.020936,-0.006970,1.022317,0.170181,-0.239353,-0.081665,0.327869,0.525964,0.064607,-0.013108,0.448248
508,1.218000,1.050241,0.021129,-0.006988,1.022124,0.172157,-0.239696,-0.082247,0.329607,0.524784,0.065105,-0.013016,0.446662
509,1.220400,1.050257,0.021324,-0.007005,1.021928,0.174143,-0.240042,-0.082834,0.331352,0.523587,0.065607,-0.012923,0.445057
510,1.222800,1.050272,0.021520,-0.007022,1.021730,0.176137,-0.240390,-0.083425,0.333102,0.522373,0.066112,-0.012828,0.443434
511,1.225200,1.050285,0.021719,-0.007039,1.021527,0.178142,-0.240740,-0.084022,0.334859,0.521142,0.066620,-0.012732,0.441790
512,1.227600,1.050296,0.021919,-0.007055,1.021322,0.180154,-0.241092,-0.084625,0.336622,0.519893,0.067132,-0.012633,0.440127
513,1.230000,1.050306,0.022122,-0.007070,1.021114,0.182177,-0.241447,-0.085233,0.338390,0.518626,0.067648,-0.012533,0.438444
514,1.232400,1.050315,0.022327,-0.007086,1.020902,0.184207,-0.241803,-0.085846,0.340164,0.517341,0.068167,-0.012432,0.436742
515,1.234800,1.050322,0.022534,-0.007101,1.020687,0.186246,-0.242162,-0.086464,0.341944,0.516037,0.068690,-0.012329,0.435018
516,1.237200,1.050327,0.022743,-0.007115,1.020468,0.188294,-0.242523,-0.087089,0.343728,0.514715,0.069216,-0.012224,0.433274
517,1.239600,1.050330,0.022954,-0.007129,1.020246,0.190351,-0.242886,-0.087717,0.345520,0.513374,0.069746,-0.012118,0.431510
518,1.242000,1.050332,0.023168,-0.007143,1.020021,0.192417,-0.243251,-0.088352,0.347316,0.512013,0.070280,-0.012010,0.429724
519,1.244400,1.050332,0.023384,-0.007156,1.019792,0.194491,-0.243617,-0.088991,0.349117,0.510633,0.070816,-0.011901,0.427917
520,1.246800,1.050330,0.023602,-0.007169,1.019559,0.196573,-0.243987,-0.089637,0.350923,0.509233,0.071356,-0.011789,0.426087
521,1.249200,1.050326,0.023822,-0.007181,1.019323,0.198666,-0.244358,-0.090287,0.352737,0.507813,0.071900,-0.011677,0.424236
522,1.251600,1.050320,0.024044,-0.007193,1.019083,0.200763,-0.244731,-0.090943,0.354551,0.506373,0.072446,-0.011563,0.422364
523,1.254000,1.050312,0.024269,-0.007204,1.018839,0.202873,-0.245105,-0.091604,0.356375,0.504912,0.072996,-0.011447,0.420468
524,1.256400,1.050303,0.024496,-0.007215,1.018592,0.204988,-0.245482,-0.092271,0.358200,0.503429,0.073550,-0.011330,0.418549
525,1.258800,1.050291,0.024725,-0.007225,1.018340,0.207113,-0.245861,-0.092943,0.360031,0.501926,0.074107,-0.011211,0.416608
526,1.261200,1.050277,0.024957,-0.007235,1.018085,0.209246,-0.246242,-0.093620,0.361867,0.500401,0.074667,-0.011091,0.414643
527,1.263600,1.050261,0.025191,-0.007244,1.017826,0.211387,-0.246624,-0.094303,0.363708,0.498855,0.075230,-0.010969,0.412655
528,1.266000,1.050243,0.025428,-0.007252,1.017563,0.213535,-0.247008,-0.094992,0.365551,0.497286,0.075796,-0.010847,0.410643
529,1.268400,1.050223,0.025667,-0.007260,1.017295,0.215692,-0.247395,-0.095686,0.367401,0.495695,0.076366,-0.010721,0.408607
530,1.270800,1.050200,0.025909,-0.007268,1.017024,0.217856,-0.247782,-0.096385,0.369254,0.494081,0.076938,-0.010596,0.406546
531,1.273200,1.050175,0.026152,-0.007275,1.016748,0.220028,-0.248171,-0.097089,0.371110,0.492444,0.077514,-0.010468,0.404462
532,1.275600,1.050148,0.026398,-0.007281,1.016469,0.222207,-0.248561,-0.097798,0.372970,0.490784,0.078093,-0.010339,0.402352
533,1.278000,1.050118,0.026647,-0.007286,1.016184,0.224395,-0.248953,-0.098513,0.374835,0.489101,0.078675,-0.010209,0.400217
534,1.280400,1.050086,0.026899,-0.007292,1.015896,0.226590,-0.249346,-0.099232,0.376703,0.487393,0.079259,-0.010077,0.398057
535,1.282800,1.050051,0.027152,-0.007296,1.015603,0.228790,-0.249740,-0.099957,0.378573,0.485662,0.079846,-0.009945,0.395871
536,1.285200,1.050014,0.027409,-0.007300,1.015305,0.231000,-0.250136,-0.100688,0.380448,0.483906,0.080437,-0.009810,0.393659
537,1.287600,1.049973,0.027668,-0.007303,1.015003,0.233218,-0.250532,-0.101422,0.382328,0.482125,0.081030,-0.009674,0.391420
538,1.290000,1.049931,0.027929,-0.007305,1.014696,0.235441,-0.250929,-0.102162,0.384208,0.480319,0.081626,-0.009537,0.389156
539,1.292400,1.049885,0.028194,-0.007307,1.014385,0.237671,-0.251329,-0.102908,0.386092,0.478488,0.082226,-0.009398,0.386864
540,1.294800,1.049837,0.028460,-0.007309,1.014069,0.239909,-0.251728,-0.103657,0.387979,0.476631,0.082827,-0.009259,0.384546
541,1.297200,1.049786,0.028729,-0.007309,1.013748,0.242151,-0.252129,-0.104413,0.389867,0.474749,0.083431,-0.009118,0.382200
542,1.299600,1.049732,0.029003,-0.007308,1.013422,0.244404,-0.252532,-0.105175,0.391761,0.472840,0.084040,-0.008974,0.379826
543,1.302000,1.049675,0.029277,-0.007307,1.013091,0.246661,-0.252932,-0.105938,0.393655,0.470905,0.084649,-0.008831,0.377426
544,1.304400,1.049615,0.029554,-0.007305,1.012755,0.248924,-0.253335,-0.106708,0.395551,0.468943,0.085261,-0.008685,0.374997
545,1.306800,1.049552,0.029835,-0.007303,1.012414,0.251198,-0.253736,-0.107481,0.397453,0.466954,0.085876,-0.008538,0.372539
546,1.309200,1.049485,0.030119,-0.007299,1.012067,0.253475,-0.254140,-0.108260,0.399355,0.464937,0.086494,-0.008390,0.370053
547,1.311600,1.049416,0.030405,-0.007294,1.011716,0.255757,-0.254544,-0.109044,0.401257,0.462894,0.087114,-0.008240,0.367539
548,1.314000,1.049343,0.030695,-0.007289,1.011359,0.258049,-0.254947,-0.109831,0.403164,0.460821,0.087737,-0.008089,0.364994
549,1.316400,1.049267,0.030986,-0.007283,1.010997,0.260343,-0.255350,-0.110624,0.405070,0.458720,0.088362,-0.007938,0.362420
550,1.318800,1.049187,0.031280,-0.007277,1.010629,0.262644,-0.255752,-0.111418,0.406978,0.456592,0.088989,-0.007785,0.359818
551,1.321200,1.049103,0.031578,-0.007270,1.010256,0.264953,-0.256153,-0.112216,0.408890,0.454433,0.089618,-0.007630,0.357185
552,1.323600,1.049017,0.031878,-0.007261,1.009877,0.267265,-0.256556,-0.113022,0.410799,0.452247,0.090251,-0.007473,0.354523
553,1.326000,1.048927,0.032183,-0.007251,1.009493,0.269584,-0.256958,-0.113830,0.412712,0.450030,0.090885,-0.007316,0.351829
554,1.328400,1.048833,0.032489,-0.007242,1.009102,0.271908,-0.257358,-0.114641,0.414625,0.447783,0.091521,-0.007157,0.349105
555,1.330800,1.048735,0.032797,-0.007231,1.008707,0.274235,-0.257757,-0.115456,0.416536,0.445508,0.092160,-0.006997,0.346351
556,1.333200,1.048633,0.033110,-0.007219,1.008304,0.276571,-0.258157,-0.116276,0.418452,0.443201,0.092802,-0.006834,0.343565
557,1.335600,1.048528,0.033426,-0.007206,1.007896,0.278912,-0.258554,-0.117098,0.420368,0.440863,0.093445,-0.006671,0.340747
558,1.338000,1.048419,0.033745,-0.007191,1.007483,0.281253,-0.258952,-0.117926,0.422279,0.438496,0.094090,-0.006507,0.337899
559,1.340400,1.048306,0.034067,-0.007176,1.007062,0.283605,-0.259345,-0.118753,0.424197,0.436095,0.094736,-0.006342,0.335017
560,1.342800,1.048188,0.034392,-0.007161,1.006636,0.285957,-0.259739,-0.119585,0.426110,0.433665,0.095385,-0.006175,0.332105
561,1.345200,1.048067,0.034722,-0.007142,1.006203,0.288316,-0.260132,-0.120422,0.428026,0.431202,0.096037,-0.006005,0.329159
562,1.347600,1.047941,0.035053,-0.007124,1.005765,0.290678,-0.260521,-0.121260,0.429939,0.428708,0.096689,-0.005836,0.326183
563,1.350000,1.047811,0.035387,-0.007105,1.005319,0.293045,-0.260907,-0.122098,0.431854,0.426180,0.097342,-0.005666,0.323172
564,1.352400,1.047677,0.035725,-0.007085,1.004867,0.295414,-0.261295,-0.122945,0.433764,0.423621,0.098001,-0.005492,0.320129
565,1.354800,1.047538,0.036066,-0.007063,1.004409,0.297788,-0.261677,-0.123790,0.435675,0.421029,0.098658,-0.005319,0.317052
566,1.357200,1.047395,0.036411,-0.007040,1.003944,0.300168,-0.262057,-0.124638,0.437587,0.418403,0.099318,-0.005143,0.313942
567,1.359600,1.047247,0.036759,-0.007016,1.003472,0.302549,-0.262434,-0.125488,0.439495,0.415744,0.099979,-0.004967,0.310799
568,1.362000,1.047094,0.037111,-0.006990,1.002993,0.304937,-0.262809,-0.126341,0.441405,0.413051,0.100643,-0.004788,0.307621
569,1.364400,1.046938,0.037467,-0.006963,1.002508,0.307325,-0.263181,-0.127195,0.443310,0.410324,0.101307,-0.004608,0.304409
570,1.366800,1.046776,0.037825,-0.006936,1.002016,0.309716,-0.263547,-0.128050,0.445214,0.407563,0.101971,-0.004428,0.301163
571,1.369200,1.046609,0.038187,-0.006906,1.001516,0.312110,-0.263914,-0.128910,0.447114,0.404768,0.102640,-0.004245,0.297883
572,1.371600,1.046437,0.038553,-0.006876,1.001009,0.314511,-0.264273,-0.129767,0.449017,0.401936,0.103308,-0.004062,0.294566
573,1.374000,1.046260,0.038922,-0.006844,1.000495,0.316911,-0.264629,-0.130626,0.450914,0.399071,0.103977,-0.003877,0.291216
574,1.376400,1.046078,0.039294,-0.006811,0.999973,0.319314,-0.264981,-0.131486,0.452809,0.396170,0.104648,-0.003691,0.287831
575,1.378800,1.045891,0.039672,-0.006775,0.999445,0.321719,-0.265332,-0.132350,0.454701,0.393233,0.105323,-0.003501,0.284410
576,1.381200,1.045699,0.040050,-0.006740,0.998909,0.324124,-0.265674,-0.133210,0.456587,0.390262,0.105994,-0.003313,0.280954
577,1.383600,1.045502,0.040434,-0.006702,0.998366,0.326534,-0.266012,-0.134073,0.458474,0.387253,0.106669,-0.003122,0.277462
578,1.386000,1.045298,0.040821,-0.006663,0.997814,0.328948,-0.266344,-0.134933,0.460359,0.384207,0.107343,-0.002931,0.273933
579,1.388400,1.045090,0.041213,-0.006622,0.997255,0.331360,-0.266674,-0.135798,0.462237,0.381126,0.108021,-0.002736,0.270369
580,1.390800,1.044876,0.041608,-0.006580,0.996688,0.333776,-0.266994,-0.136657,0.464114,0.378006,0.108695,-0.002543,0.266768
581,1.393200,1.044656,0.042007,-0.006536,0.996113,0.336192,-0.267312,-0.137520,0.465985,0.374851,0.109374,-0.002346,0.263131
582,1.395600,1.044430,0.042410,-0.006491,0.995529,0.338610,-0.267623,-0.138380,0.467853,0.371656,0.110052,-0.002149,0.259456
583,1.398000,1.044199,0.042815,-0.006444,0.994939,0.341025,-0.267928,-0.139241,0.469713,0.368427,0.110731,-0.001950,0.255746
584,1.400400,1.043960,0.043225,-0.006397,0.994338,0.343447,-0.268225,-0.140098,0.471574,0.365155,0.111411,-0.001749,0.251996
585,1.402800,1.043717,0.043637,-0.006348,0.993731,0.345866,-0.268512,-0.140950,0.473428,0.361850,0.112088,-0.001549,0.248213
586,1.405200,1.043468,0.044055,-0.006296,0.993117,0.348285,-0.268793,-0.141801,0.475276,0.358508,0.112768,-0.001346,0.244394
587,1.407600,1.043212,0.044477,-0.006242,0.992493,0.350710,-0.269066,-0.142651,0.477124,0.355124,0.113449,-0.001142,0.240534
588,1.410000,1.042951,0.044905,-0.006185,0.991861,0.353131,-0.269335,-0.143503,0.478963,0.351704,0.114131,-0.000934,0.236638
589,1.412400,1.042683,0.045338,-0.006125,0.991219,0.355555,-0.269597,-0.144353,0.480799,0.348241,0.114813,-0.000726,0.232701
590,1.414800,1.042408,0.045773,-0.006065,0.990571,0.357974,-0.269850,-0.145199,0.482625,0.344742,0.115496,-0.000517,0.228729
591,1.417200,1.042127,0.046213,-0.006003,0.989911,0.360397,-0.270095,-0.146042,0.484449,0.341200,0.116176,-0.000308,0.224716
592,1.419600,1.041839,0.046657,-0.005939,0.989243,0.362815,-0.270334,-0.146887,0.486263,0.337618,0.116859,-0.000095,0.220664
593,1.422000,1.041543,0.047105,-0.005873,0.988565,0.365235,-0.270563,-0.147726,0.488073,0.333995,0.117540,0.000117,0.216572
594,1.424400,1.041242,0.047555,-0.005806,0.987880,0.367649,-0.270784,-0.148561,0.489871,0.330335,0.118222,0.000331,0.212445
595,1.426800,1.040932,0.048011,-0.005738,0.987183,0.370065,-0.270993,-0.149390,0.491667,0.326633,0.118902,0.000546,0.208277
596,1.429200,1.040615,0.048471,-0.005666,0.986478,0.372480,-0.271195,-0.150219,0.493455,0.322890,0.119584,0.000765,0.204071
597,1.431600,1.040292,0.048936,-0.005593,0.985763,0.374895,-0.271384,-0.151040,0.495239,0.319106,0.120264,0.000984,0.199825
598,1.434000,1.039961,0.049404,-0.005519,0.985038,0.377306,-0.271562,-0.151855,0.497013,0.315283,0.120944,0.001203,0.195542
599,1.436400,1.039623,0.049878,-0.005440,0.984305,0.379715,-0.271732,-0.152669,0.498779,0.311419,0.121625,0.001426,0.191220
600,1.438800,1.039277,0.050357,-0.005360,0.983560,0.382123,-0.271891,-0.153476,0.500539,0.307511,0.122304,0.001649,0.186856
601,1.441200,1.038923,0.050839,-0.005279,0.982805,0.384532,-0.272035,-0.154274,0.502294,0.303560,0.122980,0.001872,0.182452
602,1.443600,1.038561,0.051326,-0.005195,0.982041,0.386935,-0.272172,-0.155071,0.504037,0.299568,0.123659,0.002100,0.178009
603,1.446000,1.038190,0.051813,-0.005112,0.981265,0.389334,-0.272292,-0.155855,0.505772,0.295534,0.124332,0.002324,0.173527
604,1.448400,1.037811,0.052309,-0.005025,0.980478,0.391734,-0.272405,-0.156639,0.507500,0.291456,0.125010,0.002555,0.169002
605,1.450800,1.037425,0.052807,-0.004937,0.979681,0.394128,-0.272502,-0.157412,0.509218,0.287336,0.125681,0.002783,0.164438
606,1.453200,1.037029,0.053310,-0.004846,0.978873,0.396523,-0.272584,-0.158175,0.510931,0.283173,0.126352,0.003013,0.159834
607,1.455600,1.036627,0.053819,-0.004752,0.978056,0.398910,-0.272656,-0.158935,0.512631,0.278970,0.127024,0.003246,0.155192
608,1.458000,1.036216,0.054330,-0.004657,0.977228,0.401291,-0.272713,-0.159684,0.514321,0.274724,0.127691,0.003478,0.150511
609,1.460400,1.035795,0.054849,-0.004558,0.976388,0.403676,-0.272757,-0.160427,0.516006,0.270432,0.128361,0.003716,0.145786
610,1.462800,1.035365,0.055369,-0.004461,0.975536,0.406052,-0.272784,-0.161156,0.517679,0.266097,0.129025,0.003949,0.141022
611,1.465200,1.034928,0.055899,-0.004355,0.974674,0.408425,-0.272803,-0.161886,0.519342,0.261719,0.129693,0.004191,0.136217
612,1.467600,1.034480,0.056428,-0.004252,0.973800,0.410791,-0.272801,-0.162598,0.520994,0.257298,0.130354,0.004429,0.131373
613,1.470000,1.034024,0.056963,-0.004146,0.972915,0.413152,-0.272787,-0.163305,0.522635,0.252833,0.131016,0.004670,0.126487
614,1.472400,1.033558,0.057503,-0.004037,0.972018,0.415507,-0.272758,-0.164001,0.524264,0.248324,0.131675,0.004913,0.121562
615,1.474800,1.033083,0.058050,-0.003925,0.971109,0.417860,-0.272713,-0.164688,0.525885,0.243770,0.132334,0.005158,0.116595
616,1.477200,1.032600,0.058598,-0.003812,0.970190,0.420200,-0.272653,-0.165364,0.527489,0.239176,0.132989,0.005403,0.111591
617,1.479600,1.032107,0.059155,-0.003694,0.969258,0.422537,-0.272578,-0.166031,0.529084,0.234537,0.133644,0.005652,0.106545
618,1.482000,1.031603,0.059714,-0.003575,0.968313,0.424871,-0.272482,-0.166683,0.530670,0.229851,0.134294,0.005900,0.101457
619,1.484400,1.031090,0.060276,-0.003455,0.967359,0.427190,-0.272372,-0.167326,0.532236,0.225127,0.134944,0.006151,0.096334
620,1.486800,1.030567,0.060846,-0.003331,0.966390,0.429508,-0.272245,-0.167957,0.533796,0.220354,0.135591,0.006403,0.091166
621,1.489200,1.030028,0.061418,-0.003209,0.965402,0.431826,-0.272098,-0.168577,0.535347,0.215551,0.136271,0.006692,0.085972
622,1.491600,1.029479,0.061995,-0.003083,0.964401,0.434138,-0.271932,-0.169184,0.536886,0.210715,0.136966,0.006997,0.080746
623,1.494000,1.028921,0.062582,-0.002951,0.963388,0.436443,-0.271753,-0.169786,0.538410,0.205840,0.137674,0.007320,0.075486
624,1.496400,1.028353,0.063179,-0.002812,0.962362,0.438742,-0.271560,-0.170381,0.539921,0.200928,0.138399,0.007663,0.070191
625,1.498800,1.027776,0.063788,-0.002664,0.961324,0.441036,-0.271352,-0.170969,0.541419,0.195980,0.139142,0.008026,0.064864
626,1.501200,1.027192,0.064412,-0.002505,0.960275,0.443318,-0.271135,-0.171555,0.542898,0.190992,0.139893,0.008401,0.059501
627,1.503600,1.026596,0.065045,-0.002339,0.959213,0.445588,-0.270908,-0.172139,0.544356,0.185967,0.140660,0.008796,0.054102
628,1.506000,1.025991,0.065687,-0.002166,0.958139,0.447843,-0.270667,-0.172718,0.545792,0.180907,0.141446,0.009212,0.048673
629,1.508400,1.025375,0.066340,-0.001986,0.957049,0.450093,-0.270411,-0.173289,0.547215,0.175806,0.142246,0.009646,0.043206
630,1.510800,1.024747,0.067002,-0.001800,0.955945,0.452332,-0.270137,-0.173849,0.548621,0.170666,0.143059,0.010097,0.037704
631,1.513200,1.024109,0.067672,-0.001608,0.954829,0.454556,-0.269848,-0.174400,0.550004,0.165488,0.143881,0.010561,0.032169
632,1.515600,1.023460,0.068349,-0.001411,0.953700,0.456768,-0.269538,-0.174937,0.551369,0.160269,0.144705,0.011033,0.026597
633,1.518000,1.022799,0.069037,-0.001206,0.952555,0.458973,-0.269209,-0.175463,0.552720,0.155006,0.145537,0.011517,0.020986
634,1.520400,1.022145,0.069787,-0.000946,0.951411,0.461151,-0.268920,-0.176052,0.554019,0.149781,0.146532,0.012158,0.015407
635,1.522800,1.022373,0.070727,-0.000121,0.951525,0.462360,-0.268646,-0.176599,0.554406,0.147256,0.148258,0.013380,0.012379
636,1.525200,1.022845,0.071658,0.000848,0.952035,0.463272,-0.268317,-0.177077,0.554513,0.145800,0.150250,0.014806,0.010356
637,1.527600,1.023477,0.072664,0.001968,0.952781,0.464037,-0.268014,-0.177589,0.554461,0.144898,0.152413,0.016363,0.008848
638,1.530000,1.024281,0.073762,0.003262,0.953780,0.464657,-0.267744,-0.178150,0.554250,0.144599,0.154795,0.018096,0.007899
639,1.532400,1.025085,0.074727,0.004479,0.954838,0.465257,-0.267316,-0.178525,0.554047,0.144624,0.157112,0.019760,0.007272
640,1.534800,1.025914,0.075652,0.005690,0.955951,0.465811,-0.266847,-0.178861,0.553798,0.144899,0.159526,0.021513,0.006886
641,1.537200,1.026841,0.076702,0.007049,0.957188,0.466390,-0.266385,-0.179226,0.553548,0.145392,0.162062,0.023369,0.006698
642,1.539600,1.027855,0.077794,0.008478,0.958539,0.466937,-0.265891,-0.179562,0.553267,0.146015,0.164594,0.025215,0.006637
643,1.542000,1.028914,0.078820,0.009873,0.959966,0.467347,-0.265392,-0.179890,0.552850,0.146751,0.167138,0.027068,0.006681
644,1.544400,1.030014,0.079814,0.011265,0.961465,0.467690,-0.264863,-0.180183,0.552369,0.147599,0.169647,0.028883,0.006836
645,1.546800,1.031112,0.080801,0.012657,0.962969,0.468046,-0.264311,-0.180463,0.551895,0.148496,0.172180,0.030724,0.007040
646,1.549200,1.032156,0.081761,0.014016,0.964412,0.468432,-0.263757,-0.180761,0.551428,0.149403,0.174838,0.032688,0.007254
647,1.551600,1.033132,0.082681,0.015327,0.965779,0.468881,-0.263170,-0.181047,0.551004,0.150347,0.177633,0.034793,0.007507
648,1.554000,1.034048,0.083503,0.016551,0.967096,0.469351,-0.262508,-0.181255,0.550604,0.151342,0.180435,0.036910,0.007817
649,1.556400,1.034934,0.084261,0.017719,0.968393,0.469836,-0.261784,-0.181399,0.550220,0.152353,0.183200,0.038996,0.008150
650,1.558800,1.035827,0.085023,0.018894,0.969698,0.470345,-0.261030,-0.181518,0.549857,0.153348,0.185942,0.041067,0.008473
651,1.561200,1.036744,0.085818,0.020104,0.971030,0.470915,-0.260224,-0.181584,0.549554,0.154338,0.188642,0.043103,0.008799
652,1.563600,1.037683,0.086641,0.021344,0.972386,0.471538,-0.259368,-0.181603,0.549303,0.155343,0.191327,0.045132,0.009148
653,1.566000,1.038634,0.087511,0.022626,0.973749,0.472219,-0.258494,-0.181617,0.549096,0.156341,0.194060,0.047214,0.009495
654,1.568400,1.039576,0.088408,0.023925,0.975092,0.472950,-0.257610,-0.181635,0.548925,0.157323,0.196850,0.049359,0.009831
655,1.570800,1.040500,0.089310,0.025222,0.976412,0.473717,-0.256711,-0.181645,0.548783,0.158292,0.199669,0.051541,0.010164
656,1.573200,1.041423,0.090226,0.026532,0.977729,0.474511,-0.255799,-0.181650,0.548660,0.159248,0.202500,0.053742,0.010490
657,1.575600,1.042365,0.091156,0.027861,0.979070,0.475313,-0.254870,-0.181643,0.548539,0.160225,0.205332,0.055947,0.010841
658,1.578000,1.043321,0.092103,0.029210,0.980428,0.476147,-0.253907,-0.181609,0.548445,0.161191,0.208147,0.058142,0.011186
659,1.580400,1.044278,0.093039,0.030553,0.981792,0.476996,-0.252910,-0.181545,0.548362,0.162178,0.210970,0.060350,0.011557
660,1.582800,1.045230,0.093949,0.031878,0.983159,0.477842,-0.251886,-0.181457,0.548270,0.163200,0.213808,0.062577,0.011968
661,1.585200,1.046170,0.094820,0.033172,0.984522,0.478685,-0.250827,-0.181337,0.548175,0.164247,0.216643,0.064806,0.012409
662,1.587600,1.047084,0.095636,0.034417,0.985865,0.479526,-0.249729,-0.181177,0.548078,0.165302,0.219453,0.067017,0.012866
663,1.590000,1.047963,0.096421,0.035625,0.987167,0.480406,-0.248592,-0.180980,0.548019,0.166266,0.222207,0.069183,0.013242
664,1.592400,1.048801,0.097132,0.036772,0.988440,0.481292,-0.247406,-0.180732,0.547966,0.167288,0.224955,0.071348,0.013681
665,1.594800,1.049603,0.097811,0.037881,0.989673,0.482230,-0.246166,-0.180433,0.547964,0.168254,0.227669,0.073489,0.014074
666,1.597200,1.050383,0.098457,0.038962,0.990888,0.483210,-0.244870,-0.180078,0.548001,0.169209,0.230350,0.075604,0.014463
667,1.599600,1.051145,0.099074,0.040018,0.992088,0.484234,-0.243512,-0.179660,0.548087,0.170144,0.232974,0.077671,0.014841
668,1.602000,1.051885,0.099664,0.041050,0.993271,0.485306,-0.242097,-0.179186,0.548217,0.171071,0.235566,0.079712,0.015217
669,1.604400,1.052613,0.100193,0.042046,0.994465,0.486404,-0.240602,-0.178631,0.548374,0.172058,0.238092,0.081687,0.015653
670,1.606800,1.053302,0.100674,0.042993,0.995621,0.487559,-0.239033,-0.178001,0.548591,0.172972,0.240530,0.083584,0.016026
671,1.609200,1.053968,0.101129,0.043919,0.996758,0.488744,-0.237428,-0.177343,0.548829,0.173875,0.242963,0.085481,0.016393
672,1.611600,1.054607,0.101547,0.044809,0.997869,0.489953,-0.235781,-0.176646,0.549088,0.174745,0.245363,0.087351,0.016733
673,1.614000,1.055213,0.101925,0.045657,0.998946,0.491189,-0.234093,-0.175910,0.549372,0.175564,0.247722,0.089189,0.017031
674,1.616400,1.055794,0.102275,0.046476,0.999994,0.492451,-0.232369,-0.175143,0.549677,0.176333,0.250073,0.091027,0.017287
675,1.618800,1.056349,0.102574,0.047247,1.001022,0.493718,-0.230605,-0.174338,0.549985,0.177102,0.252402,0.092850,0.017550
676,1.621200,1.056891,0.102844,0.047991,1.002038,0.495005,-0.228798,-0.173487,0.550316,0.177840,0.254673,0.094623,0.017790
677,1.623600,1.057415,0.103084,0.048709,1.003040,0.496313,-0.226953,-0.172599,0.550667,0.178567,0.256919,0.096379,0.018027
678,1.626000,1.057926,0.103289,0.049400,1.004036,0.497642,-0.225061,-0.171660,0.551043,0.179303,0.259117,0.098094,0.018281
679,1.628400,1.058419,0.103446,0.050055,1.005028,0.498989,-0.223116,-0.170665,0.551440,0.180088,0.261273,0.099772,0.018588
680,1.630800,1.058900,0.103591,0.050699,1.006009,0.500383,-0.221123,-0.169621,0.551885,0.180843,0.263383,0.101414,0.018874
681,1.633200,1.059359,0.103706,0.051317,1.006970,0.501813,-0.219083,-0.168534,0.552363,0.181584,0.265463,0.103031,0.019152
682,1.635600,1.059782,0.103772,0.051888,1.007898,0.503292,-0.216979,-0.167375,0.552896,0.182282,0.267455,0.104570,0.019397
683,1.638000,1.060175,0.103800,0.052424,1.008799,0.504798,-0.214835,-0.166180,0.553454,0.182975,0.269429,0.106098,0.019644
684,1.640400,1.060544,0.103808,0.052936,1.009672,0.506351,-0.212644,-0.164941,0.554054,0.183615,0.271376,0.107606,0.019846
685,1.642800,1.060884,0.103777,0.053410,1.010518,0.507927,-0.210413,-0.163665,0.554675,0.184243,0.273309,0.109109,0.020042
686,1.645200,1.061200,0.103716,0.053854,1.011338,0.509534,-0.208140,-0.162350,0.555324,0.184836,0.275221,0.110597,0.020212
687,1.647600,1.061486,0.103623,0.054264,1.012127,0.511173,-0.205825,-0.160997,0.556001,0.185387,0.277108,0.112068,0.020348
688,1.650000,1.061739,0.103469,0.054620,1.012890,0.512813,-0.203473,-0.159608,0.556677,0.185959,0.278984,0.113534,0.020509
689,1.652400,1.061962,0.103258,0.054926,1.013630,0.514456,-0.201083,-0.158182,0.557356,0.186554,0.280847,0.114993,0.020700
690,1.654800,1.062165,0.103024,0.055209,1.014350,0.516142,-0.198643,-0.156708,0.558077,0.187098,0.282655,0.116405,0.020848
691,1.657200,1.062348,0.102752,0.055461,1.015057,0.517853,-0.196157,-0.155187,0.558823,0.187647,0.284425,0.117785,0.021006
692,1.659600,1.062505,0.102428,0.055671,1.015747,0.519572,-0.193631,-0.153627,0.559576,0.188223,0.286172,0.119146,0.021198
693,1.662000,1.062639,0.102073,0.055852,1.016418,0.521325,-0.191060,-0.152024,0.560361,0.188776,0.287878,0.120475,0.021373
694,1.664400,1.062747,0.101655,0.055984,1.017075,0.523073,-0.188451,-0.150385,0.561138,0.189380,0.289572,0.121795,0.021603
695,1.666800,1.062832,0.101203,0.056084,1.017713,0.524853,-0.185793,-0.148697,0.561949,0.189958,0.291213,0.123070,0.021815
696,1.669200,1.062892,0.100709,0.056148,1.018331,0.526655,-0.183092,-0.146966,0.562781,0.190520,0.292809,0.124307,0.022017
697,1.671600,1.062930,0.100178,0.056179,1.018931,0.528476,-0.180352,-0.145199,0.563629,0.191078,0.294378,0.125521,0.022222
698,1.674000,1.062947,0.099615,0.056182,1.019514,0.530321,-0.177574,-0.143395,0.564500,0.191619,0.295905,0.126703,0.022417
699,1.676400,1.062943,0.099021,0.056157,1.020080,0.532192,-0.174757,-0.141554,0.565394,0.192141,0.297391,0.127850,0.022600
700,1.678800,1.062915,0.098385,0.056098,1.020628,0.534077,-0.171903,-0.139677,0.566304,0.192665,0.298840,0.128966,0.022791
701,1.681200,1.062869,0.097728,0.056017,1.021158,0.535997,-0.169009,-0.137761,0.567246,0.193149,0.300238,0.130039,0.022950
702,1.683600,1.062796,0.097015,0.055891,1.021673,0.537915,-0.166085,-0.135813,0.568187,0.193667,0.301600,0.131081,0.023148
703,1.686000,1.062704,0.096275,0.055741,1.022170,0.539865,-0.163120,-0.133825,0.569160,0.194150,0.302905,0.132075,0.023320
704,1.688400,1.062585,0.095486,0.055550,1.022649,0.541820,-0.160122,-0.131804,0.570139,0.194651,0.304176,0.133041,0.023516
705,1.690800,1.062444,0.094664,0.055328,1.023108,0.543801,-0.157085,-0.129744,0.571143,0.195122,0.305396,0.133964,0.023689
706,1.693200,1.062273,0.093789,0.055062,1.023547,0.545786,-0.154016,-0.127652,0.572151,0.195612,0.306582,0.134858,0.023888
707,1.695600,1.062078,0.092881,0.054765,1.023962,0.547799,-0.150908,-0.125521,0.573187,0.196070,0.307717,0.135709,0.024063
708,1.698000,1.061853,0.091919,0.054420,1.024354,0.549815,-0.147767,-0.123359,0.574224,0.196544,0.308828,0.136543,0.024260
709,1.700400,1.061600,0.090922,0.054042,1.024719,0.551859,-0.144587,-0.121159,0.575287,0.196987,0.309896,0.137342,0.024433
710,1.702800,1.061315,0.089870,0.053615,1.025060,0.553905,-0.141374,-0.118927,0.576353,0.197448,0.310935,0.138118,0.024631
711,1.705200,1.060999,0.088762,0.053141,1.025378,0.555956,-0.138129,-0.116664,0.577422,0.197930,0.311947,0.138874,0.024856
712,1.707600,1.060659,0.087636,0.052644,1.025667,0.558054,-0.134839,-0.114357,0.578536,0.198340,0.312907,0.139587,0.025020
713,1.710000,1.060282,0.086436,0.052086,1.025932,0.560138,-0.131520,-0.112022,0.579636,0.198811,0.313846,0.140284,0.025249
714,1.712400,1.059878,0.085208,0.051499,1.026168,0.562260,-0.128159,-0.109646,0.580773,0.199234,0.314735,0.140939,0.025438
715,1.714800,1.059438,0.083920,0.050858,1.026376,0.564384,-0.124765,-0.107238,0.581912,0.199673,0.315596,0.141574,0.025651
716,1.717200,1.058962,0.082573,0.050166,1.026555,0.566513,-0.121339,-0.104797,0.583055,0.200133,0.316428,0.142186,0.025892
717,1.719600,1.058460,0.081206,0.049449,1.026703,0.568690,-0.117866,-0.102312,0.584244,0.200520,0.317206,0.142754,0.026067
718,1.722000,1.057917,0.079762,0.048667,1.026822,0.570853,-0.114365,-0.099800,0.585418,0.200962,0.317963,0.143307,0.026306
719,1.724400,1.057345,0.078289,0.047854,1.026910,0.573054,-0.110821,-0.097245,0.586630,0.201356,0.318674,0.143822,0.026504
720,1.726800,1.056736,0.076755,0.046986,1.026966,0.575259,-0.107244,-0.094659,0.587844,0.201765,0.319359,0.144317,0.026724
721,1.729200,1.056089,0.075163,0.046067,1.026993,0.577471,-0.103633,-0.092040,0.589065,0.202194,0.320014,0.144791,0.026971
722,1.731600,1.055417,0.073554,0.045125,1.026988,0.579734,-0.099975,-0.089375,0.590334,0.202547,0.320618,0.145223,0.027152
723,1.734000,1.054703,0.071869,0.044119,1.026953,0.581985,-0.096289,-0.086684,0.591590,0.202957,0.321202,0.145641,0.027396
724,1.736400,1.053954,0.070135,0.043068,1.026887,0.584252,-0.092568,-0.083959,0.592861,0.203366,0.321751,0.146031,0.027647
725,1.738800,1.053176,0.068372,0.041985,1.026789,0.586559,-0.088801,-0.081190,0.594170,0.203722,0.322254,0.146385,0.027853
726,1.741200,1.052360,0.066549,0.040848,1.026660,0.588870,-0.085003,-0.078390,0.595483,0.204101,0.322726,0.146715,0.028090
727,1.743600,1.051506,0.064669,0.039663,1.026500,0.591192,-0.081171,-0.075556,0.596807,0.204493,0.323157,0.147011,0.028348
728,1.746000,1.050616,0.062739,0.038430,1.026306,0.593531,-0.077302,-0.072686,0.598147,0.204878,0.323549,0.147278,0.028606
729,1.748400,1.049697,0.060785,0.037168,1.026080,0.595917,-0.073385,-0.069771,0.599531,0.205202,0.323895,0.147506,0.028813
730,1.750800,1.048736,0.058759,0.035847,1.025825,0.598297,-0.069441,-0.066828,0.600910,0.205587,0.324208,0.147708,0.029087
731,1.753200,1.047745,0.056704,0.034496,1.025536,0.600718,-0.065454,-0.063841,0.602331,0.205917,0.324463,0.147861,0.029315
732,1.755600,1.046714,0.054589,0.033091,1.025215,0.603148,-0.061433,-0.060823,0.603758,0.206274,0.324689,0.147993,0.029578
733,1.758000,1.045649,0.052436,0.031649,1.024861,0.605611,-0.057370,-0.057762,0.605218,0.206603,0.324867,0.148085,0.029822
734,1.760400,1.044545,0.050228,0.030158,1.024475,0.608087,-0.053273,-0.054668,0.606692,0.206952,0.325005,0.148146,0.030092
735,1.762800,1.043406,0.047979,0.028628,1.024054,0.610597,-0.049133,-0.051533,0.608198,0.207273,0.325095,0.148166,0.030345
736,1.765200,1.042233,0.045696,0.027061,1.023599,0.613143,-0.044951,-0.048356,0.609739,0.207557,0.325136,0.148147,0.030567
737,1.767600,1.041016,0.043344,0.025439,1.023111,0.615695,-0.040738,-0.045147,0.611286,0.207895,0.325141,0.148099,0.030853
738,1.770000,1.039763,0.040954,0.023778,1.022588,0.618282,-0.036482,-0.041896,0.612868,0.208201,0.325092,0.148006,0.031114
739,1.772400,1.038466,0.038501,0.022062,1.022027,0.620882,-0.032190,-0.038610,0.614462,0.208537,0.325013,0.147890,0.031414
740,1.774800,1.037123,0.035987,0.020294,1.021430,0.623503,-0.027859,-0.035285,0.616077,0.208906,0.324895,0.147743,0.031754
741,1.777200,1.035720,0.033366,0.018454,1.020808,0.626109,-0.023505,-0.031936,0.617678,0.209478,0.324752,0.147578,0.032305
742,1.779600,1.034084,0.030340,0.016516,1.020260,0.628406,-0.019765,-0.028770,0.619401,0.211180,0.322407,0.145173,0.033946
743,1.782000,1.031812,0.026459,0.014580,1.019934,0.629927,-0.017842,-0.026324,0.621445,0.215704,0.313991,0.136591,0.038303
744,1.784400,1.029655,0.022977,0.012989,1.019667,0.631097,-0.016531,-0.024232,0.623396,0.219308,0.304028,0.126475,0.041756
745,1.786800,1.027341,0.019510,0.011353,1.019184,0.632177,-0.015291,-0.022117,0.625351,0.222225,0.293369,0.115687,0.044543
746,1.789200,1.024871,0.015914,0.009646,1.018604,0.633002,-0.014117,-0.019987,0.627132,0.225287,0.282220,0.104428,0.047494
747,1.791600,1.022267,0.012269,0.007883,1.017880,0.633718,-0.012855,-0.017834,0.628739,0.228350,0.271354,0.093477,0.050473
748,1.794000,1.019638,0.008824,0.006274,1.017087,0.634235,-0.011843,-0.015829,0.630249,0.230928,0.259893,0.081956,0.052991
749,1.796400,1.016972,0.005536,0.004741,1.016177,0.634614,-0.010961,-0.013876,0.631700,0.232919,0.248008,0.070034,0.054944
750,1.798800,1.015061,0.003507,0.003851,1.015405,0.635089,-0.010464,-0.012193,0.633360,0.231933,0.236249,0.058258,0.053942
751,1.801200,1.014475,0.003192,0.003728,1.015011,0.635889,-0.010103,-0.010889,0.635103,0.227143,0.226950,0.048953,0.049146
752,1.803600,1.014026,0.002907,0.003412,1.014531,0.636803,-0.009446,-0.009756,0.636492,0.223724,0.221982,0.043983,0.045725
753,1.806000,1.013617,0.002663,0.003112,1.014066,0.637751,-0.008751,-0.008804,0.637699,0.221298,0.218938,0.040939,0.043299
754,1.808400,1.013355,0.002461,0.002743,1.013638,0.638460,-0.008138,-0.008045,0.638553,0.218961,0.217020,0.039021,0.040962
755,1.810800,1.013036,0.002140,0.002504,1.013400,0.638991,-0.007602,-0.007456,0.639137,0.218919,0.216326,0.038326,0.040920
756,1.813200,1.012653,0.001740,0.002253,1.013165,0.639307,-0.007253,-0.006941,0.639618,0.219325,0.215283,0.037284,0.041326
757,1.815600,1.012402,0.001519,0.002148,1.013031,0.639624,-0.006973,-0.006512,0.640085,0.219700,0.214452,0.036454,0.041702
758,1.818000,1.012195,0.001305,0.002023,1.012913,0.639918,-0.006662,-0.006152,0.640428,0.220394,0.214465,0.036467,0.042397
759,1.820400,1.012065,0.001152,0.001843,1.012756,0.640199,-0.006347,-0.005869,0.640677,0.220771,0.215108,0.037110,0.042773
760,1.822800,1.012068,0.001180,0.001790,1.012677,0.640549,-0.006044,-0.005646,0.640947,0.221096,0.216186,0.038187,0.043097
761,1.825200,1.012068,0.001204,0.001792,1.012656,0.640817,-0.005816,-0.005511,0.641122,0.221862,0.217413,0.039414,0.043863
762,1.827600,1.012099,0.001264,0.001834,1.012669,0.641012,-0.005668,-0.005425,0.641255,0.222625,0.218505,0.040506,0.044626
763,1.830000,1.012170,0.001372,0.001911,1.012709,0.641185,-0.005555,-0.005375,0.641365,0.223331,0.219614,0.041615,0.045332
764,1.832400,1.012277,0.001518,0.002002,1.012761,0.641353,-0.005452,-0.005334,0.641471,0.223859,0.220685,0.042685,0.045860
765,1.834800,1.012368,0.001637,0.002048,1.012779,0.641502,-0.005349,-0.005297,0.641554,0.224290,0.221767,0.043768,0.046291
766,1.837200,1.012454,0.001746,0.002085,1.012792,0.641615,-0.005274,-0.005274,0.641616,0.224678,0.222754,0.044755,0.046679
767,1.839600,1.012548,0.001872,0.002159,1.012836,0.641694,-0.005246,-0.005269,0.641671,0.225078,0.223527,0.045527,0.047078
768,1.842000,1.012589,0.001940,0.002230,1.012879,0.641737,-0.005245,-0.005271,0.641712,0.225732,0.224178,0.046178,0.047732
769,1.844400,1.012624,0.001996,0.002274,1.012901,0.641766,-0.005250,-0.005273,0.641744,0.226258,0.224765,0.046765,0.048258
770,1.846800,1.012694,0.002090,0.002309,1.012914,0.641823,-0.005230,-0.005280,0.641773,0.226542,0.225475,0.047475,0.048542
771,1.849200,1.012767,0.002185,0.002339,1.012921,0.641858,-0.005231,-0.005290,0.641798,0.226614,0.225959,0.047959,0.048614
772,1.851600,1.012834,0.002277,0.002367,1.012925,0.641881,-0.005246,-0.005303,0.641824,0.226605,0.226299,0.048299,0.048605
773,1.854000,1.012896,0.002366,0.002396,1.012926,0.641894,-0.005276,-0.005320,0.641850,0.226508,0.226498,0.048498,0.048508
774,1.856400,1.012955,0.002449,0.002419,1.012925,0.641899,-0.005309,-0.005338,0.641870,0.226347,0.226622,0.048622,0.048347
775,1.858800,1.013006,0.002529,0.002447,1.012924,0.641912,-0.005339,-0.005356,0.641896,0.226175,0.226702,0.048702,0.048175
776,1.861200,1.013035,0.002581,0.002462,1.012916,0.641919,-0.005369,-0.005375,0.641912,0.226057,0.226757,0.048757,0.048057
777,1.863600,1.013042,0.002603,0.002469,1.012908,0.641910,-0.005403,-0.005397,0.641916,0.226031,0.226769,0.048770,0.048031
778,1.866000,1.013036,0.002610,0.002474,1.012901,0.641893,-0.005438,-0.005418,0.641913,0.226047,0.226744,0.048744,0.048047
779,1.868400,1.013028,0.002614,0.002482,1.012896,0.641874,-0.005477,-0.005444,0.641907,0.226056,0.226683,0.048683,0.048057
780,1.870800,1.013018,0.002613,0.002482,1.012887,0.641850,-0.005515,-0.005474,0.641892,0.226029,0.226620,0.048620,0.048030
781,1.873200,1.013016,0.002621,0.002487,1.012882,0.641826,-0.005554,-0.005502,0.641877,0.225960,0.226535,0.048535,0.047960
782,1.875600,1.013014,0.002627,0.002493,1.012880,0.641805,-0.005588,-0.005526,0.641868,0.225883,0.226416,0.048416,0.047883
783,1.878000,1.013011,0.002631,0.002496,1.012876,0.641778,-0.005626,-0.005551,0.641852,0.225778,0.226274,0.048274,0.047778
784,1.880400,1.013007,0.002632,0.002494,1.012869,0.641753,-0.005660,-0.005573,0.641839,0.225639,0.226104,0.048104,0.047639
785,1.882800,1.013004,0.002633,0.002494,1.012864,0.641723,-0.005697,-0.005597,0.641823,0.225496,0.225923,0.047923,0.047496
786,1.885200,1.012998,0.002630,0.002491,1.012859,0.641683,-0.005739,-0.005626,0.641797,0.225367,0.225745,0.047745,0.047367
787,1.887600,1.012988,0.002621,0.002485,1.012852,0.641644,-0.005779,-0.005651,0.641773,0.225255,0.225561,0.047561,0.047255
788,1.890000,1.012978,0.002611,0.002481,1.012849,0.641605,-0.005818,-0.005676,0.641748,0.225149,0.225366,0.047366,0.047149
789,1.892400,1.012967,0.002600,0.002478,1.012844,0.641569,-0.005856,-0.005701,0.641724,0.225044,0.225175,0.047175,0.047044
790,1.894800,1.012950,0.002585,0.002471,1.012836,0.641538,-0.005889,-0.005725,0.641702,0.224951,0.224999,0.047000,0.046951
791,1.897200,1.012932,0.002569,0.002466,1.012830,0.641509,-0.005920,-0.005747,0.641682,0.224879,0.224833,0.046833,0.046879
792,1.899600,1.012916,0.002554,0.002466,1.012828,0.641483,-0.005949,-0.005767,0.641666,0.224825,0.224665,0.046665,0.046825
793,1.902000,1.012900,0.002540,0.002468,1.012828,0.641460,-0.005975,-0.005782,0.641653,0.224785,0.224493,0.046493,0.046785
794,1.904400,1.012881,0.002522,0.002467,1.012826,0.641437,-0.006000,-0.005796,0.641641,0.224753,0.224323,0.046323,0.046753
795,1.906800,1.012857,0.002497,0.002459,1.012820,0.641411,-0.006024,-0.005807,0.641628,0.224738,0.224164,0.046164,0.046738
796,1.909200,1.012832,0.002470,0.002450,1.012812,0.641390,-0.006043,-0.005814,0.641619,0.224746,0.224026,0.046026,0.046746
797,1.911600,1.012806,0.002444,0.002442,1.012805,0.641375,-0.006056,-0.005816,0.641616,0.224780,0.223914,0.045914,0.046780
798,1.914000,1.012780,0.002416,0.002433,1.012798,0.641360,-0.006068,-0.005815,0.641613,0.224837,0.223817,0.045817,0.046837
799,1.916400,1.012751,0.002384,0.002423,1.012790,0.641344,-0.006079,-0.005813,0.641610,0.224917,0.223728,0.045728,0.046917
800,1.918800,1.012720,0.002350,0.002412,1.012782,0.641331,-0.006088,-0.005808,0.641611,0.225015,0.223643,0.045643,0.047015
801,1.921200,1.012688,0.002317,0.002402,1.012774,0.641320,-0.006096,-0.005800,0.641615,0.225128,0.223568,0.045568,0.047128
802,1.923600,1.012659,0.002285,0.002393,1.012767,0.641309,-0.006102,-0.005792,0.641619,0.225250,0.223507,0.045507,0.047250
803,1.926000,1.012632,0.002255,0.002385,1.012762,0.641300,-0.006106,-0.005783,0.641623,0.225383,0.223470,0.045470,0.047383
804,1.928400,1.012608,0.002228,0.002377,1.012757,0.641291,-0.006110,-0.005775,0.641626,0.225523,0.223458,0.045458,0.047523
805,1.930800,1.012587,0.002204,0.002369,1.012752,0.641283,-0.006113,-0.005769,0.641627,0.225660,0.223469,0.045470,0.047661
806,1.933200,1.012570,0.002184,0.002362,1.012747,0.641276,-0.006116,-0.005764,0.641628,0.225789,0.223500,0.045501,0.047789
807,1.935600,1.012557,0.002170,0.002356,1.012743,0.641271,-0.006119,-0.005761,0.641628,0.225911,0.223551,0.045552,0.047911
808,1.938000,1.012549,0.002162,0.002354,1.012742,0.641266,-0.006122,-0.005760,0.641628,0.226027,0.223618,0.045619,0.048027
809,1.940400,1.012545,0.002158,0.002354,1.012741,0.641261,-0.006128,-0.005765,0.641624,0.226135,0.223701,0.045701,0.048135
810,1.942800,1.012545,0.002158,0.002355,1.012742,0.641255,-0.006134,-0.005770,0.641618,0.226235,0.223793,0.045794,0.048236
811,1.945200,1.012546,0.002160,0.002357,1.012743,0.641250,-0.006141,-0.005778,0.641612,0.226329,0.223895,0.045895,0.048330
812,1.947600,1.012550,0.002165,0.002360,1.012745,0.641244,-0.006147,-0.005787,0.641604,0.226422,0.224003,0.046003,0.048422
813,1.950000,1.012556,0.002171,0.002364,1.012749,0.641236,-0.006156,-0.005799,0.641593,0.226513,0.224118,0.046118,0.048513
814,1.952400,1.012562,0.002178,0.002369,1.012753,0.641228,-0.006166,-0.005812,0.641581,0.226602,0.224234,0.046234,0.048602
815,1.954800,1.012569,0.002186,0.002373,1.012756,0.641220,-0.006175,-0.005826,0.641569,0.226684,0.224351,0.046352,0.048684
816,1.957200,1.012578,0.002197,0.002380,1.012762,0.641212,-0.006185,-0.005841,0.641557,0.226760,0.224467,0.046468,0.048760
817,1.959600,1.012588,0.002208,0.002387,1.012767,0.641206,-0.006194,-0.005855,0.641545,0.226827,0.224582,0.046582,0.048827
818,1.962000,1.012598,0.002220,0.002392,1.012771,0.641201,-0.006202,-0.005869,0.641534,0.226885,0.224693,0.046694,0.048885
819,1.964400,1.012609,0.002232,0.002398,1.012775,0.641196,-0.006210,-0.005882,0.641523,0.226933,0.224799,0.046800,0.048934
820,1.966800,1.012620,0.002245,0.002404,1.012779,0.641191,-0.006217,-0.005896,0.641513,0.226969,0.224898,0.046899,0.048969
821,1.969200,1.012631,0.002258,0.002409,1.012782,0.641187,-0.006224,-0.005908,0.641503,0.226995,0.224989,0.046990,0.048996
822,1.971600,1.012642,0.002270,0.002412,1.012784,0.641184,-0.006230,-0.005919,0.641495,0.227013,0.225072,0.047072,0.049013
823,1.974000,1.012650,0.002280,0.002415,1.012785,0.641182,-0.006235,-0.005929,0.641488,0.227024,0.225142,0.047142,0.049024
824,1.976400,1.012658,0.002289,0.002417,1.012786,0.641178,-0.006240,-0.005938,0.641481,0.227026,0.225197,0.047197,0.049026
825,1.978800,1.012665,0.002297,0.002418,1.012786,0.641175,-0.006245,-0.005946,0.641475,0.227018,0.225241,0.047241,0.049018
826,1.981200,1.012673,0.002306,0.002420,1.012787,0.641173,-0.006250,-0.005953,0.641469,0.227001,0.225273,0.047274,0.049002
827,1.983600,1.012679,0.002313,0.002421,1.012787,0.641171,-0.006253,-0.005959,0.641465,0.226977,0.225295,0.047295,0.048977
828,1.986000,1.012686,0.002321,0.002423,1.012788,0.641170,-0.006256,-0.005964,0.641462,0.226944,0.225306,0.047306,0.048944
829,1.988400,1.012692,0.002329,0.002424,1.012788,0.641171,-0.006257,-0.005968,0.641460,0.226902,0.225308,0.047308,0.048903
830,1.990800,1.012698,0.002336,0.002425,1.012787,0.641173,-0.006258,-0.005970,0.641460,0.226854,0.225302,0.047302,0.048855
831,1.993200,1.012703,0.002342,0.002426,1.012787,0.641174,-0.006258,-0.005972,0.641460,0.226801,0.225288,0.047288,0.048802
832,1.995600,1.012707,0.002347,0.002426,1.012786,0.641177,-0.006257,-0.005974,0.641460,0.226744,0.225266,0.047266,0.048745
833,1.998000,1.012711,0.002352,0.002426,1.012785,0.641179,-0.006257,-0.005974,0.641461,0.226685,0.225238,0.047238,0.048685
834,2.000400,1.012714,0.002356,0.002425,1.012784,0.641182,-0.006255,-0.005973,0.641463,0.226623,0.225204,0.047205,0.048623