# chassis, 1600, 1200, 120
# start time, 0.0
# C1, 1600, 1200, 120
# C2, 1600, -1200, 120
# C3, -1600, -1200, 120
# C4, -1600, 1200, 120
# C5, 1600, 1200, -120
# C6, 1600, -1200, -120
# C7, -1600, -1200, -120
# C8, -1600, 1200, -120
Frame,Time,C1_X,C1_Y,C1_Z,C2_X,C2_Y,C2_Z,C3_X,C3_Y,C3_Z,C4_X,C4_Y,C4_Z,C5_X,C5_Y,C5_Z,C6_X,C6_Y,C6_Z,C7_X,C7_Y,C7_Z,C8_X,C8_Y,C8_Z
0,0.000000,-0.800001,-0.599999,0.960000,-0.799999,0.600001,0.960000,0.800001,0.599999,0.960000,0.799999,-0.600001,0.960000,-0.800001,-0.599999,0.840000,-0.799999,0.600001,0.840000,0.800001,0.599999,0.840000,0.799999,-0.600001,0.840000
1,0.001000,-0.800001,-0.599999,0.959990,-0.799999,0.600001,0.959990,0.800001,0.599999,0.959990,0.799999,-0.600001,0.959990,-0.800001,-0.599999,0.839990,-0.799999,0.600001,0.839990,0.800001,0.599999,0.839990,0.799999,-0.600001,0.839990
2,0.003000,-0.800001,-0.599999,0.959941,-0.799999,0.600001,0.959941,0.800001,0.599999,0.959941,0.799999,-0.600001,0.959941,-0.800001,-0.599999,0.839941,-0.799999,0.600001,0.839941,0.800001,0.599999,0.839941,0.799999,-0.600001,0.839941
3,0.005000,-0.800001,-0.599999,0.959853,-0.799999,0.600001,0.959853,0.800001,0.599999,0.959853,0.799999,-0.600001,0.959853,-0.800001,-0.599999,0.839853,-0.799999,0.600001,0.839853,0.800001,0.599999,0.839853,0.799999,-0.600001,0.839853
4,0.007000,-0.800001,-0.599999,0.959725,-0.799999,0.600001,0.959725,0.800001,0.599999,0.959725,0.799999,-0.600001,0.959725,-0.800001,-0.599999,0.839725,-0.799999,0.600001,0.839725,0.800001,0.599999,0.839725,0.799999,-0.600001,0.839725
5,0.009000,-0.800001,-0.599999,0.959559,-0.799999,0.600001,0.959559,0.800001,0.599999,0.959559,0.799999,-0.600001,0.959559,-0.800001,-0.599999,0.839559,-0.799999,0.600001,0.839559,0.800001,0.599999,0.839559,0.799999,-0.600001,0.839559
6,0.011000,-0.800001,-0.599999,0.959353,-0.799999,0.600001,0.959353,0.800001,0.599999,0.959353,0.799999,-0.600001,0.959353,-0.800001,-0.599999,0.839353,-0.799999,0.600001,0.839353,0.800001,0.599999,0.839353,0.799999,-0.600001,0.839353
7,0.013000,-0.800001,-0.599999,0.959108,-0.799999,0.600001,0.959108,0.800001,0.599999,0.959108,0.799999,-0.600001,0.959108,-0.800001,-0.599999,0.839108,-0.799999,0.600001,0.839108,0.800001,0.599999,0.839108,0.799999,-0.600001,0.839108
8,0.015000,-0.800001,-0.599999,0.958823,-0.799999,0.600001,0.958823,0.800001,0.599999,0.958823,0.799999,-0.600001,0.958823,-0.800001,-0.599999,0.838823,-0.799999,0.600001,0.838823,0.800001,0.599999,0.838823,0.799999,-0.600001,0.838823
9,0.017000,-0.800001,-0.599999,0.958500,-0.799999,0.600001,0.958500,0.800001,0.599999,0.958500,0.799999,-0.600001,0.958500,-0.800001,-0.599999,0.838500,-0.799999,0.600001,0.838500,0.800001,0.599999,0.838500,0.799999,-0.600001,0.838500
10,0.019000,-0.800001,-0.599999,0.958137,-0.799999,0.600001,0.958137,0.800001,0.599999,0.958137,0.799999,-0.600001,0.958137,-0.800001,-0.599999,0.838137,-0.799999,0.600001,0.838137,0.800001,0.599999,0.838137,0.799999,-0.600001,0.838137
11,0.021000,-0.800001,-0.599999,0.957736,-0.799999,0.600001,0.957736,0.800001,0.599999,0.957736,0.799999,-0.600001,0.957736,-0.800001,-0.599999,0.837736,-0.799999,0.600001,0.837736,0.800001,0.599999,0.837736,0.799999,-0.600001,0.837736
12,0.023000,-0.800001,-0.599999,0.957295,-0.799999,0.600001,0.957295,0.800001,0.599999,0.957295,0.799999,-0.600001,0.957295,-0.800001,-0.599999,0.837295,-0.799999,0.600001,0.837295,0.800001,0.599999,0.837295,0.799999,-0.600001,0.837295
13,0.025000,-0.800001,-0.599999,0.956815,-0.799999,0.600001,0.956815,0.800001,0.599999,0.956815,0.799999,-0.600001,0.956815,-0.800001,-0.599999,0.836815,-0.799999,0.600001,0.836815,0.800001,0.599999,0.836815,0.799999,-0.600001,0.836815
14,0.027000,-0.800001,-0.599999,0.956297,-0.799999,0.600001,0.956297,0.800001,0.599999,0.956297,0.799999,-0.600001,0.956297,-0.800001,-0.599999,0.836297,-0.799999,0.600001,0.836297,0.800001,0.599999,0.836297,0.799999,-0.600001,0.836297
15,0.029000,-0.800001,-0.599999,0.955739,-0.799999,0.600001,0.955739,0.800001,0.599999,0.955739,0.799999,-0.600001,0.955739,-0.800001,-0.599999,0.835739,-0.799999,0.600001,0.835739,0.800001,0.599999,0.835739,0.799999,-0.600001,0.835739
16,0.031000,-0.800001,-0.599999,0.955143,-0.799999,0.600001,0.955143,0.800001,0.599999,0.955143,0.799999,-0.600001,0.955143,-0.800001,-0.599999,0.835143,-0.799999,0.600001,0.835143,0.800001,0.599999,0.835143,0.799999,-0.600001,0.835143
17,0.033000,-0.800001,-0.599999,0.954507,-0.799999,0.600001,0.954507,0.800001,0.599999,0.954507,0.799999,-0.600001,0.954507,-0.800001,-0.599999,0.834507,-0.799999,0.600001,0.834507,0.800001,0.599999,0.834507,0.799999,-0.600001,0.834507
18,0.035000,-0.800001,-0.599999,0.953833,-0.799999,0.600001,0.953833,0.800001,0.599999,0.953833,0.799999,-0.600001,0.953833,-0.800001,-0.599999,0.833833,-0.799999,0.600001,0.833833,0.800001,0.599999,0.833833,0.799999,-0.600001,0.833833
19,0.037000,-0.800001,-0.599999,0.953120,-0.799999,0.600001,0.953120,0.800001,0.599999,0.953120,0.799999,-0.600001,0.953120,-0.800001,-0.599999,0.833120,-0.799999,0.600001,0.833120,0.800001,0.599999,0.833120,0.799999,-0.600001,0.833120
20,0.039000,-0.800001,-0.599999,0.952368,-0.799999,0.600001,0.952369,0.800001,0.599999,0.952369,0.799999,-0.600001,0.952368,-0.800001,-0.599999,0.832368,-0.799999,0.600001,0.832369,0.800001,0.599999,0.832369,0.799999,-0.600001,0.832368
21,0.041000,-0.800001,-0.599999,0.951578,-0.799999,0.600001,0.951578,0.800001,0.599999,0.951578,0.799999,-0.600001,0.951578,-0.800001,-0.599999,0.831578,-0.799999,0.600001,0.831578,0.800001,0.599999,0.831578,0.799999,-0.600001,0.831578
22,0.043000,-0.800001,-0.599999,0.950749,-0.799999,0.600001,0.950749,0.800001,0.599999,0.950749,0.799999,-0.600001,0.950749,-0.800001,-0.599999,0.830749,-0.799999,0.600001,0.830749,0.800001,0.599999,0.830749,0.799999,-0.600001,0.830749
23,0.045000,-0.800001,-0.599999,0.949881,-0.799999,0.600001,0.949882,0.800001,0.599999,0.949882,0.799999,-0.600001,0.949881,-0.800001,-0.599999,0.829881,-0.799999,0.600001,0.829882,0.800001,0.599999,0.829882,0.799999,-0.600001,0.829881
24,0.047000,-0.800001,-0.599999,0.948975,-0.799999,0.600001,0.948976,0.800001,0.599999,0.948976,0.799999,-0.600001,0.948975,-0.800001,-0.599999,0.828975,-0.799999,0.600001,0.828976,0.800001,0.599999,0.828976,0.799999,-0.600001,0.828975
25,0.049000,-0.800001,-0.599999,0.948031,-0.799999,0.600001,0.948032,0.800001,0.599999,0.948032,0.799999,-0.600001,0.948031,-0.800001,-0.599999,0.828031,-0.799999,0.600001,0.828032,0.800001,0.599999,0.828032,0.799999,-0.600001,0.828031
26,0.051000,-0.800001,-0.599999,0.947048,-0.799999,0.600001,0.947049,0.800001,0.599999,0.947049,0.799999,-0.600001,0.947048,-0.800001,-0.599999,0.827048,-0.799999,0.600001,0.827049,0.800001,0.599999,0.827049,0.799999,-0.600001,0.827048
27,0.053000,-0.800001,-0.599999,0.946027,-0.799999,0.600001,0.946028,0.800001,0.599999,0.946028,0.799999,-0.600001,0.946027,-0.800001,-0.599999,0.826027,-0.799999,0.600001,0.826028,0.800001,0.599999,0.826028,0.799999,-0.600001,0.826027
28,0.055000,-0.800001,-0.599999,0.944967,-0.799999,0.600001,0.944969,0.800001,0.599999,0.944969,0.799999,-0.600001,0.944967,-0.800001,-0.599999,0.824967,-0.799999,0.600001,0.824969,0.800001,0.599999,0.824969,0.799999,-0.600001,0.824967
29,0.057000,-0.800001,-0.599999,0.943870,-0.799999,0.600001,0.943871,0.800001,0.599999,0.943871,0.799999,-0.600001,0.943870,-0.800001,-0.599999,0.823870,-0.799999,0.600001,0.823871,0.800001,0.599999,0.823871,0.799999,-0.600001,0.823870
30,0.059000,-0.800001,-0.599999,0.942734,-0.799999,0.600001,0.942736,0.800001,0.599999,0.942736,0.799999,-0.600001,0.942734,-0.800001,-0.599999,0.822734,-0.799999,0.600001,0.822736,0.800001,0.599999,0.822736,0.799999,-0.600001,0.822734
31,0.061000,-0.800001,-0.599999,0.941560,-0.799999,0.600001,0.941562,0.800001,0.599999,0.941562,0.799999,-0.600001,0.941560,-0.800001,-0.599998,0.821560,-0.799999,0.600002,0.821562,0.800001,0.599999,0.821562,0.799999,-0.600001,0.821560
32,0.063000,-0.800001,-0.599999,0.940348,-0.799999,0.600001,0.940351,0.800001,0.599998,0.940351,0.799999,-0.600002,0.940348,-0.800001,-0.599998,0.820348,-0.799999,0.600002,0.820351,0.800001,0.599999,0.820351,0.799999,-0.600001,0.820348
33,0.065000,-0.800001,-0.599999,0.939099,-0.799999,0.600001,0.939100,0.800001,0.599999,0.939100,0.799999,-0.600001,0.939099,-0.800001,-0.599999,0.819099,-0.799999,0.600001,0.819100,0.800001,0.599999,0.819100,0.799999,-0.600001,0.819099
34,0.067000,-0.800001,-0.599999,0.937808,-0.799999,0.600001,0.937810,0.800001,0.599999,0.937810,0.799999,-0.600001,0.937809,-0.800001,-0.599999,0.817808,-0.799999,0.600001,0.817810,0.800001,0.599999,0.817810,0.799999,-0.600001,0.817809
35,0.069000,-0.800001,-0.599999,0.936480,-0.799999,0.600001,0.936482,0.800001,0.599999,0.936482,0.799999,-0.600001,0.936480,-0.800001,-0.599998,0.816480,-0.799999,0.600002,0.816482,0.800001,0.599999,0.816482,0.799999,-0.600001,0.816480
36,0.071000,-0.800001,-0.599999,0.935112,-0.799999,0.600001,0.935115,0.800001,0.599998,0.935115,0.799999,-0.600002,0.935113,-0.800001,-0.599998,0.815112,-0.799999,0.600002,0.815115,0.800001,0.599999,0.815115,0.799999,-0.600001,0.815113
37,0.073000,-0.800001,-0.599999,0.933707,-0.799999,0.600001,0.933710,0.800001,0.599998,0.933710,0.799999,-0.600002,0.933707,-0.800001,-0.599998,0.813707,-0.799999,0.600002,0.813710,0.800001,0.599999,0.813710,0.799999,-0.600001,0.813707
38,0.075000,-0.800001,-0.599999,0.932263,-0.799999,0.600001,0.932267,0.800001,0.599998,0.932267,0.799999,-0.600002,0.932264,-0.800001,-0.599998,0.812263,-0.799999,0.600002,0.812267,0.800001,0.599999,0.812267,0.799999,-0.600001,0.812264
39,0.077000,-0.800001,-0.599999,0.930782,-0.799999,0.600001,0.930786,0.800001,0.599998,0.930787,0.799999,-0.600002,0.930782,-0.800001,-0.599998,0.810782,-0.799999,0.600002,0.810786,0.800001,0.599999,0.810787,0.799999,-0.600001,0.810782
40,0.079000,-0.800001,-0.599999,0.929263,-0.799999,0.600001,0.929268,0.800001,0.599998,0.929268,0.799999,-0.600002,0.929263,-0.800001,-0.599998,0.809263,-0.799999,0.600002,0.809268,0.800001,0.599999,0.809268,0.799999,-0.600001,0.809263
41,0.081000,-0.800001,-0.599999,0.927705,-0.799999,0.600001,0.927711,0.800001,0.599998,0.927711,0.799999,-0.600002,0.927706,-0.800001,-0.599998,0.807705,-0.799999,0.600002,0.807711,0.800001,0.599999,0.807711,0.799999,-0.600001,0.807706
42,0.083000,-0.800001,-0.599999,0.926110,-0.799999,0.600001,0.926117,0.800001,0.599998,0.926117,0.799999,-0.600002,0.926111,-0.800001,-0.599998,0.806110,-0.799999,0.600002,0.806117,0.800001,0.599999,0.806117,0.799999,-0.600001,0.806111
43,0.085000,-0.800001,-0.599999,0.924477,-0.799999,0.600001,0.924485,0.800001,0.599998,0.924485,0.799999,-0.600002,0.924478,-0.800001,-0.599998,0.804477,-0.799999,0.600002,0.804485,0.800001,0.599999,0.804485,0.799999,-0.600001,0.804478
44,0.087000,-0.800001,-0.599999,0.922807,-0.799999,0.600001,0.922815,0.800001,0.599998,0.922816,0.799999,-0.600002,0.922807,-0.800001,-0.599998,0.802807,-0.799999,0.600002,0.802815,0.800001,0.599999,0.802816,0.799999,-0.600001,0.802807
45,0.089000,-0.800001,-0.599999,0.921099,-0.799999,0.600001,0.921108,0.800001,0.599998,0.921108,0.799999,-0.600002,0.921099,-0.800001,-0.599998,0.801099,-0.799999,0.600002,0.801108,0.800001,0.599999,0.801108,0.799999,-0.600001,0.801099
46,0.091000,-0.800001,-0.599999,0.919353,-0.799999,0.600001,0.919363,0.800001,0.599998,0.919363,0.799999,-0.600002,0.919353,-0.800001,-0.599998,0.799353,-0.799999,0.600002,0.799363,0.800001,0.599999,0.799363,0.799999,-0.600001,0.799353
47,0.093000,-0.800001,-0.599999,0.917569,-0.799999,0.600001,0.917581,0.800001,0.599998,0.917581,0.799999,-0.600002,0.917570,-0.800001,-0.599998,0.797569,-0.799999,0.600002,0.797581,0.800001,0.599999,0.797581,0.799999,-0.600001,0.797570
48,0.095000,-0.800001,-0.599999,0.915748,-0.799999,0.600001,0.915761,0.800001,0.599998,0.915762,0.799999,-0.600002,0.915749,-0.800001,-0.599998,0.795748,-0.799999,0.600002,0.795761,0.800001,0.599999,0.795762,0.799999,-0.600001,0.795749
49,0.097000,-0.800001,-0.599999,0.913890,-0.799999,0.600001,0.913904,0.800001,0.599998,0.913904,0.799999,-0.600002,0.913891,-0.800001,-0.599998,0.793890,-0.799999,0.600002,0.793904,0.800001,0.599999,0.793904,0.799999,-0.600001,0.793891
50,0.099000,-0.800001,-0.599999,0.911994,-0.799999,0.600001,0.912009,0.800001,0.599998,0.912010,0.799999,-0.600002,0.911995,-0.800001,-0.599998,0.791994,-0.799999,0.600002,0.792009,0.800001,0.599999,0.792010,0.799999,-0.600001,0.791995
51,0.101000,-0.800001,-0.599999,0.910061,-0.799999,0.600001,0.910078,0.800001,0.599998,0.910078,0.799999,-0.600002,0.910061,-0.800001,-0.599998,0.790061,-0.799999,0.600002,0.790078,0.800001,0.600000,0.790078,0.799999,-0.600000,0.790061
52,0.103000,-0.800001,-0.599999,0.908090,-0.799999,0.600001,0.908109,0.800001,0.599998,0.908109,0.799999,-0.600002,0.908091,-0.800001,-0.599998,0.788090,-0.799999,0.600002,0.788109,0.800001,0.600000,0.788109,0.799999,-0.600000,0.788091
53,0.105000,-0.800001,-0.599999,0.906083,-0.799999,0.600001,0.906103,0.800001,0.599998,0.906103,0.799999,-0.600002,0.906083,-0.800001,-0.599997,0.786083,-0.799999,0.600003,0.786103,0.800001,0.600000,0.786103,0.799999,-0.600000,0.786083
54,0.107000,-0.800001,-0.600000,0.904037,-0.799999,0.600000,0.904059,0.800001,0.599998,0.904060,0.799999,-0.600002,0.904038,-0.800001,-0.599997,0.784037,-0.799999,0.600003,0.784059,0.800001,0.600000,0.784060,0.799999,-0.600000,0.784038
55,0.109000,-0.800001,-0.600000,0.901955,-0.799999,0.600000,0.901979,0.800001,0.599998,0.901979,0.799999,-0.600002,0.901955,-0.800001,-0.599997,0.781955,-0.799999,0.600003,0.781979,0.800001,0.600000,0.781979,0.799999,-0.600000,0.781955
56,0.111000,-0.800001,-0.600000,0.899836,-0.799999,0.600000,0.899861,0.800001,0.599997,0.899862,0.799999,-0.600003,0.899836,-0.800001,-0.599997,0.779836,-0.799999,0.600003,0.779861,0.800001,0.600000,0.779862,0.799999,-0.600000,0.779836
57,0.113000,-0.800001,-0.600000,0.897679,-0.799999,0.600000,0.897707,0.800001,0.599997,0.897707,0.799999,-0.600003,0.897680,-0.800001,-0.599997,0.777679,-0.799999,0.600003,0.777707,0.800001,0.600000,0.777707,0.799999,-0.600000,0.777680
58,0.115000,-0.800001,-0.600000,0.895486,-0.799999,0.600000,0.895516,0.800001,0.599997,0.895516,0.799999,-0.600003,0.895487,-0.800001,-0.599997,0.775486,-0.799999,0.600003,0.775516,0.800001,0.600000,0.775516,0.799999,-0.600000,0.775487
59,0.117000,-0.800001,-0.600000,0.893256,-0.799999,0.600000,0.893287,0.800001,0.599997,0.893288,0.799999,-0.600003,0.893256,-0.800001,-0.599997,0.773256,-0.799999,0.600003,0.773287,0.800001,0.600000,0.773288,0.799999,-0.600000,0.773256
60,0.119000,-0.800001,-0.600000,0.890988,-0.799999,0.600000,0.891022,0.800001,0.599997,0.891023,0.799999,-0.600003,0.890989,-0.800001,-0.599997,0.770988,-0.799999,0.600003,0.771022,0.800001,0.600000,0.771023,0.799999,-0.600000,0.770989
61,0.121000,-0.800001,-0.600000,0.888685,-0.799999,0.600000,0.888721,0.800001,0.599997,0.888722,0.799999,-0.600003,0.888686,-0.800001,-0.599997,0.768685,-0.799999,0.600003,0.768721,0.800001,0.600001,0.768722,0.799999,-0.599999,0.768686
62,0.123000,-0.800001,-0.600000,0.886345,-0.799999,0.600000,0.886384,0.800001,0.599997,0.886385,0.799999,-0.600003,0.886346,-0.800001,-0.599996,0.766345,-0.799999,0.600004,0.766384,0.800001,0.600001,0.766385,0.799999,-0.599999,0.766346
63,0.125000,-0.800001,-0.600000,0.883968,-0.799999,0.600000,0.884009,0.800001,0.599997,0.884010,0.799999,-0.600003,0.883969,-0.800001,-0.599996,0.763968,-0.799999,0.600004,0.764009,0.800001,0.600001,0.764010,0.799999,-0.599999,0.763969
64,0.127000,-0.800001,-0.600001,0.881554,-0.799999,0.599999,0.881598,0.800001,0.599997,0.881599,0.799999,-0.600003,0.881555,-0.800001,-0.599996,0.761554,-0.799999,0.600004,0.761598,0.800001,0.600001,0.761599,0.799999,-0.599999,0.761555
65,0.129000,-0.800001,-0.600001,0.879103,-0.799999,0.599999,0.879149,0.800001,0.599997,0.879151,0.799999,-0.600003,0.879105,-0.800001,-0.599996,0.759103,-0.799999,0.600004,0.759149,0.800001,0.600001,0.759151,0.799999,-0.599999,0.759105
66,0.131000,-0.800001,-0.600001,0.876615,-0.799999,0.599999,0.876664,0.800001,0.599996,0.876666,0.799999,-0.600004,0.876617,-0.800001,-0.599996,0.756615,-0.799999,0.600004,0.756664,0.800001,0.600001,0.756666,0.799999,-0.599999,0.756617
67,0.133000,-0.800001,-0.600001,0.874090,-0.799999,0.599999,0.874143,0.800001,0.599996,0.874144,0.799999,-0.600004,0.874092,-0.800001,-0.599996,0.754090,-0.799999,0.600004,0.754143,0.800001,0.600001,0.754144,0.799999,-0.599999,0.754092
68,0.135000,-0.800001,-0.600001,0.871529,-0.799999,0.599999,0.871584,0.800001,0.599996,0.871587,0.799999,-0.600004,0.871531,-0.800001,-0.599996,0.751529,-0.799999,0.600004,0.751584,0.800001,0.600002,0.751587,0.799999,-0.599998,0.751531
69,0.137000,-0.800001,-0.600001,0.868931,-0.799999,0.599999,0.868990,0.800001,0.599996,0.868992,0.799999,-0.600004,0.868933,-0.800001,-0.599995,0.748931,-0.799999,0.600005,0.748990,0.800001,0.600002,0.748992,0.799999,-0.599998,0.748933
70,0.139000,-0.800001,-0.600001,0.866297,-0.799999,0.599999,0.866359,0.800001,0.599996,0.866361,0.799999,-0.600004,0.866299,-0.800001,-0.599995,0.746297,-0.799999,0.600005,0.746359,0.800001,0.600002,0.746361,0.799999,-0.599998,0.746299
71,0.141000,-0.800001,-0.600002,0.863626,-0.799999,0.599998,0.863691,0.800001,0.599996,0.863694,0.799999,-0.600004,0.863629,-0.800001,-0.599995,0.743626,-0.799999,0.600005,0.743691,0.800001,0.600002,0.743694,0.799999,-0.599998,0.743629
72,0.143000,-0.800001,-0.600002,0.860918,-0.799999,0.599998,0.860988,0.800001,0.599996,0.860991,0.799999,-0.600004,0.860922,-0.800001,-0.599995,0.740918,-0.799999,0.600005,0.740988,0.800001,0.600002,0.740991,0.799999,-0.599998,0.740922
73,0.145000,-0.800001,-0.600002,0.858175,-0.799999,0.599998,0.858248,0.800001,0.599995,0.858252,0.799999,-0.600005,0.858179,-0.800001,-0.599995,0.738175,-0.799999,0.600005,0.738248,0.800001,0.600003,0.738252,0.799999,-0.599997,0.738179
74,0.147000,-0.800001,-0.600002,0.855396,-0.799999,0.599998,0.855473,0.800001,0.599995,0.855477,0.799999,-0.600005,0.855399,-0.800001,-0.599994,0.735396,-0.799999,0.600006,0.735473,0.800001,0.600003,0.735477,0.799999,-0.599997,0.735399
75,0.149000,-0.800001,-0.600002,0.852580,-0.799999,0.599998,0.852661,0.800001,0.599995,0.852665,0.799999,-0.600005,0.852584,-0.800001,-0.599994,0.732580,-0.799999,0.600006,0.732661,0.800001,0.600003,0.732665,0.799999,-0.599997,0.732584
76,0.151000,-0.800001,-0.600002,0.849728,-0.799999,0.599997,0.849814,0.800001,0.599995,0.849819,0.799999,-0.600005,0.849733,-0.800001,-0.599994,0.729728,-0.799999,0.600006,0.729814,0.800001,0.600003,0.729819,0.799999,-0.599997,0.729733
77,0.153000,-0.800001,-0.600003,0.846841,-0.799999,0.599997,0.846931,0.800001,0.599995,0.846936,0.799999,-0.600005,0.846846,-0.800001,-0.599994,0.726841,-0.799999,0.600006,0.726931,0.800001,0.600004,0.726936,0.799999,-0.599996,0.726846
78,0.155000,-0.800001,-0.600003,0.843918,-0.799999,0.599997,0.844013,0.800001,0.599994,0.844018,0.799999,-0.600006,0.843923,-0.800001,-0.599993,0.723918,-0.799999,0.600007,0.724013,0.800001,0.600004,0.724018,0.799999,-0.599996,0.723923
79,0.157000,-0.800001,-0.600003,0.840959,-0.799999,0.599997,0.841059,0.800001,0.599994,0.841064,0.799999,-0.600006,0.840965,-0.800001,-0.599993,0.720959,-0.799999,0.600007,0.721059,0.800001,0.600004,0.721064,0.799999,-0.599996,0.720965
80,0.159000,-0.800001,-0.600003,0.837966,-0.799999,0.599997,0.838070,0.800001,0.599994,0.838076,0.799999,-0.600006,0.837971,-0.800001,-0.599993,0.717966,-0.799999,0.600007,0.718070,0.800001,0.600004,0.718076,0.799999,-0.599996,0.717971
81,0.161000,-0.800001,-0.600004,0.834936,-0.799999,0.599996,0.835046,0.800001,0.599994,0.835052,0.799999,-0.600006,0.834942,-0.800001,-0.599993,0.714936,-0.799999,0.600007,0.715046,0.800001,0.600005,0.715052,0.799999,-0.599995,0.714942
82,0.163000,-0.800001,-0.600004,0.831871,-0.799999,0.599996,0.831986,0.800001,0.599993,0.831993,0.799999,-0.600007,0.831878,-0.800001,-0.599992,0.711871,-0.799999,0.600008,0.711986,0.800001,0.600005,0.711993,0.799999,-0.599995,0.711878
83,0.165000,-0.800001,-0.600004,0.828771,-0.799999,0.599996,0.828892,0.800001,0.599993,0.828899,0.799999,-0.600007,0.828778,-0.800001,-0.599992,0.708771,-0.799999,0.600008,0.708892,0.800001,0.600005,0.708899,0.799999,-0.599995,0.708778
84,0.167000,-0.800001,-0.600004,0.825636,-0.799999,0.599996,0.825763,0.800001,0.599993,0.825770,0.799999,-0.600007,0.825643,-0.800001,-0.599992,0.705636,-0.799999,0.600008,0.705763,0.800001,0.600006,0.705770,0.799999,-0.599994,0.705643
85,0.169000,-0.800001,-0.600005,0.822465,-0.799999,0.599995,0.822599,0.800001,0.599992,0.822607,0.799999,-0.600008,0.822473,-0.800001,-0.599991,0.702465,-0.799999,0.600009,0.702599,0.800001,0.600006,0.702607,0.799999,-0.599994,0.702473
86,0.171000,-0.800001,-0.600005,0.819260,-0.799999,0.599995,0.819401,0.800001,0.599992,0.819409,0.799999,-0.600008,0.819268,-0.800001,-0.599991,0.699260,-0.799999,0.600009,0.699401,0.800001,0.600006,0.699409,0.799999,-0.599994,0.699268
87,0.173000,-0.800001,-0.600005,0.816020,-0.799999,0.599995,0.816167,0.800001,0.599992,0.816176,0.799999,-0.600008,0.816028,-0.800001,-0.599991,0.696020,-0.799999,0.600009,0.696167,0.800001,0.600007,0.696176,0.799999,-0.599993,0.696028
88,0.175000,-0.800001,-0.600006,0.812744,-0.799999,0.599994,0.812900,0.800001,0.599991,0.812909,0.799999,-0.600009,0.812754,-0.800001,-0.599990,0.692744,-0.799999,0.600010,0.692900,0.800001,0.600007,0.692909,0.799999,-0.599993,0.692754
89,0.177000,-0.800001,-0.600006,0.809435,-0.799999,0.599994,0.809597,0.800001,0.599991,0.809607,0.799999,-0.600009,0.809444,-0.800001,-0.599990,0.689435,-0.799999,0.600010,0.689597,0.800001,0.600007,0.689607,0.799999,-0.599993,0.689444
90,0.179000,-0.800001,-0.600007,0.806090,-0.799999,0.599993,0.806260,0.800001,0.599991,0.806270,0.799999,-0.600009,0.806100,-0.800001,-0.599989,0.686090,-0.799999,0.600010,0.686260,0.800001,0.600008,0.686270,0.799999,-0.599992,0.686100
91,0.181000,-0.800001,-0.600007,0.802711,-0.799999,0.599993,0.802889,0.800001,0.599990,0.802900,0.799999,-0.600010,0.802722,-0.800001,-0.599989,0.682711,-0.799999,0.600011,0.682889,0.800001,0.600008,0.682900,0.799999,-0.599992,0.682722
92,0.183000,-0.800001,-0.600007,0.799297,-0.799999,0.599993,0.799484,0.800001,0.599990,0.799495,0.799999,-0.600010,0.799308,-0.800001,-0.599989,0.679297,-0.799999,0.600011,0.679484,0.800001,0.600009,0.679495,0.799999,-0.599991,0.679308
93,0.185000,-0.800001,-0.600008,0.795849,-0.799999,0.599992,0.796044,0.800001,0.599990,0.796055,0.799999,-0.600010,0.795861,-0.800001,-0.599988,0.675849,-0.799999,0.600012,0.676044,0.800001,0.600009,0.676055,0.799999,-0.599991,0.675861
94,0.187000,-0.800001,-0.600008,0.792367,-0.799999,0.599992,0.792570,0.800001,0.599989,0.792582,0.799999,-0.600011,0.792379,-0.800001,-0.599988,0.672367,-0.799999,0.600012,0.672570,0.800001,0.600009,0.672582,0.799999,-0.599991,0.672379
95,0.189000,-0.800001,-0.600009,0.788850,-0.799999,0.599991,0.789062,0.800001,0.599989,0.789074,0.799999,-0.600011,0.788862,-0.800001,-0.599987,0.668850,-0.799998,0.600013,0.669062,0.800002,0.600010,0.669074,0.799999,-0.599990,0.668862
96,0.191000,-0.800001,-0.600009,0.785298,-0.799999,0.599991,0.785519,0.800001,0.599988,0.785533,0.799999,-0.600012,0.785311,-0.800000,-0.599987,0.665298,-0.799998,0.600013,0.665519,0.800002,0.600010,0.665533,0.800000,-0.599990,0.665311
97,0.193000,-0.800002,-0.600009,0.781713,-0.799999,0.599991,0.781943,0.800001,0.599988,0.781957,0.799998,-0.600012,0.781727,-0.800000,-0.599986,0.661713,-0.799998,0.600014,0.661943,0.800002,0.600011,0.661957,0.800000,-0.599989,0.661727
98,0.195000,-0.800002,-0.600010,0.778093,-0.799999,0.599990,0.778333,0.800001,0.599987,0.778347,0.799998,-0.600013,0.778107,-0.800000,-0.599986,0.658093,-0.799998,0.600014,0.658333,0.800002,0.600011,0.658347,0.800000,-0.599989,0.658107
99,0.197000,-0.800002,-0.600010,0.774439,-0.800000,0.599990,0.774689,0.800000,0.599987,0.774704,0.799998,-0.600013,0.774454,-0.800000,-0.599985,0.654439,-0.799998,0.600015,0.654689,0.800002,0.600012,0.654704,0.800000,-0.599988,0.654454
100,0.199000,-0.800002,-0.600011,0.770752,-0.800000,0.599989,0.771011,0.800000,0.599986,0.771027,0.799998,-0.600014,0.770767,-0.800000,-0.599985,0.650752,-0.799998,0.600015,0.651011,0.800002,0.600012,0.651027,0.800000,-0.599988,0.650767
101,0.201000,-0.800002,-0.600011,0.767030,-0.800000,0.599989,0.767300,0.800000,0.599986,0.767316,0.799998,-0.600014,0.767046,-0.800000,-0.599984,0.647030,-0.799998,0.600016,0.647300,0.800002,0.600013,0.647316,0.800000,-0.599987,0.647046
102,0.203000,-0.800002,-0.600012,0.763274,-0.800000,0.599988,0.763555,0.800000,0.599985,0.763571,0.799998,-0.600015,0.763291,-0.800000,-0.599984,0.643274,-0.799998,0.600016,0.643555,0.800002,0.600013,0.643571,0.800000,-0.599987,0.643291
103,0.205000,-0.800002,-0.600012,0.759485,-0.800000,0.599988,0.759776,0.800000,0.599985,0.759794,0.799998,-0.600015,0.759502,-0.800000,-0.599983,0.639485,-0.799998,0.600017,0.639776,0.800002,0.600014,0.639794,0.800000,-0.599986,0.639502
104,0.207000,-0.800002,-0.600013,0.755662,-0.800000,0.599987,0.755964,0.800000,0.599984,0.755982,0.799998,-0.600016,0.755680,-0.800000,-0.599983,0.635662,-0.799998,0.600017,0.635964,0.800002,0.600015,0.635982,0.800000,-0.599985,0.635680
105,0.209000,-0.800002,-0.600014,0.751805,-0.800000,0.599986,0.752119,0.800000,0.599984,0.752137,0.799998,-0.600016,0.751824,-0.800000,-0.599982,0.631805,-0.799998,0.600018,0.632119,0.800002,0.600015,0.632137,0.800000,-0.599985,0.631824
106,0.211000,-0.800002,-0.600014,0.747915,-0.800000,0.599986,0.748240,0.800000,0.599983,0.748260,0.799998,-0.600017,0.747934,-0.800000,-0.599982,0.627915,-0.799998,0.600018,0.628240,0.800002,0.600016,0.628260,0.800000,-0.599984,0.627934
107,0.213000,-0.800002,-0.600015,0.743991,-0.800000,0.599985,0.744328,0.800000,0.599983,0.744349,0.799998,-0.600017,0.744011,-0.800000,-0.599981,0.623991,-0.799998,0.600019,0.624328,0.800002,0.600016,0.624349,0.800000,-0.599984,0.624011
108,0.215000,-0.800002,-0.600015,0.740034,-0.800000,0.599985,0.740384,0.800000,0.599982,0.740404,0.799998,-0.600018,0.740055,-0.800000,-0.599980,0.620034,-0.799998,0.600020,0.620384,0.800002,0.600017,0.620404,0.800000,-0.599983,0.620055
109,0.217000,-0.800002,-0.600016,0.736043,-0.800000,0.599984,0.736406,0.800000,0.599981,0.736427,0.799998,-0.600019,0.736065,-0.800000,-0.599980,0.616043,-0.799998,0.600020,0.616406,0.800002,0.600018,0.616427,0.800000,-0.599982,0.616065
110,0.219000,-0.800002,-0.600017,0.732019,-0.800000,0.599983,0.732395,0.800000,0.599981,0.732417,0.799998,-0.600019,0.732042,-0.800000,-0.599979,0.612019,-0.799998,0.600021,0.612395,0.800002,0.600018,0.612417,0.800000,-0.599982,0.612042
111,0.221000,-0.800002,-0.600017,0.727962,-0.800000,0.599983,0.728351,0.800000,0.599980,0.728375,0.799998,-0.600020,0.727986,-0.800000,-0.599978,0.607962,-0.799998,0.600022,0.608351,0.800002,0.600019,0.608375,0.800000,-0.599981,0.607986
112,0.223000,-0.800002,-0.600018,0.723872,-0.800000,0.599982,0.724275,0.800000,0.599979,0.724299,0.799998,-0.600021,0.723896,-0.800000,-0.599978,0.603872,-0.799998,0.600022,0.604275,0.800002,0.600019,0.604299,0.800000,-0.599980,0.603896
113,0.225000,-0.800002,-0.600019,0.719749,-0.800000,0.599981,0.720166,0.800000,0.599978,0.720191,0.799998,-0.600021,0.719774,-0.800000,-0.599977,0.599749,-0.799998,0.600023,0.600166,0.800002,0.600020,0.600191,0.800000,-0.599980,0.599774
114,0.227000,-0.800002,-0.600020,0.715593,-0.800000,0.599980,0.716024,0.800000,0.599978,0.716050,0.799998,-0.600022,0.715619,-0.800000,-0.599976,0.595593,-0.799998,0.600024,0.596024,0.800002,0.600021,0.596050,0.800000,-0.599979,0.595619
115,0.229000,-0.800002,-0.600020,0.711404,-0.800000,0.599980,0.711850,0.800000,0.599977,0.711877,0.799998,-0.600023,0.711431,-0.800000,-0.599976,0.591404,-0.799998,0.600024,0.591850,0.800002,0.600022,0.591877,0.800000,-0.599978,0.591431
116,0.231000,-0.800002,-0.600021,0.707182,-0.800000,0.599979,0.707644,0.800000,0.599976,0.707672,0.799998,-0.600024,0.707210,-0.800000,-0.599975,0.587182,-0.799998,0.600025,0.587644,0.800002,0.600022,0.587672,0.800000,-0.599978,0.587210
117,0.233000,-0.800002,-0.600022,0.702928,-0.800000,0.599978,0.703405,0.800000,0.599975,0.703434,0.799998,-0.600025,0.702957,-0.800000,-0.599974,0.582928,-0.799998,0.600026,0.583405,0.800002,0.600023,0.583434,0.800000,-0.599977,0.582957
118,0.235000,-0.800002,-0.600023,0.698641,-0.800000,0.599977,0.699134,0.800000,0.599975,0.699164,0.799998,-0.600025,0.698671,-0.800000,-0.599973,0.578641,-0.799998,0.600027,0.579134,0.800002,0.600024,0.579164,0.800000,-0.599976,0.578671
119,0.237000,-0.800002,-0.600024,0.694321,-0.800000,0.599976,0.694830,0.800000,0.599974,0.694861,0.799998,-0.600026,0.694352,-0.800000,-0.599973,0.574321,-0.799998,0.600027,0.574830,0.800002,0.600025,0.574861,0.800000,-0.599975,0.574352
120,0.239000,-0.800002,-0.600024,0.689969,-0.800000,0.599976,0.690495,0.800000,0.599973,0.690527,0.799998,-0.600027,0.690001,-0.800000,-0.599972,0.569969,-0.799998,0.600028,0.570495,0.800002,0.600025,0.570527,0.800000,-0.599974,0.570001
121,0.241000,-0.800002,-0.600025,0.685585,-0.800000,0.599975,0.686128,0.800000,0.599972,0.686161,0.799998,-0.600028,0.685618,-0.800000,-0.599971,0.565585,-0.799998,0.600029,0.566128,0.800002,0.600026,0.566161,0.800000,-0.599974,0.565618
122,0.243000,-0.800002,-0.600026,0.681168,-0.800000,0.599974,0.681728,0.800000,0.599971,0.681762,0.799998,-0.600029,0.681202,-0.800000,-0.599970,0.561168,-0.799998,0.600030,0.561728,0.800002,0.600027,0.561762,0.800000,-0.599973,0.561202
123,0.245000,-0.800002,-0.600027,0.676719,-0.800000,0.599973,0.677297,0.800000,0.599970,0.677332,0.799998,-0.600030,0.676754,-0.800000,-0.599969,0.556719,-0.799998,0.600031,0.557297,0.800002,0.600028,0.557332,0.800000,-0.599972,0.556754
124,0.247000,-0.800002,-0.600028,0.672238,-0.800000,0.599972,0.672834,0.800000,0.599969,0.672870,0.799998,-0.600031,0.672274,-0.800000,-0.599968,0.552238,-0.799998,0.600031,0.552834,0.800002,0.600029,0.552870,0.800000,-0.599971,0.552274
125,0.249000,-0.800002,-0.600029,0.667725,-0.800000,0.599971,0.668339,0.800000,0.599968,0.668377,0.799998,-0.600032,0.667762,-0.800000,-0.599968,0.547725,-0.799998,0.600032,0.548339,0.800002,0.600030,0.548377,0.800000,-0.599970,0.547762
126,0.251000,-0.800002,-0.600030,0.663179,-0.800000,0.599970,0.663813,0.800000,0.599967,0.663851,0.799998,-0.600033,0.663218,-0.800000,-0.599967,0.543179,-0.799998,0.600033,0.543813,0.800002,0.600030,0.543851,0.800000,-0.599969,0.543218
127,0.253000,-0.800002,-0.600031,0.658602,-0.800001,0.599969,0.659255,0.799999,0.599966,0.659295,0.799998,-0.600034,0.658642,-0.799999,-0.599966,0.538602,-0.799998,0.600034,0.539255,0.800002,0.600031,0.539295,0.800001,-0.599969,0.538642
128,0.255000,-0.800003,-0.600032,0.653993,-0.800001,0.599968,0.654665,0.799999,0.599965,0.654707,0.799997,-0.600035,0.654035,-0.799999,-0.599965,0.533993,-0.799997,0.600035,0.534665,0.800003,0.600032,0.534707,0.800001,-0.599968,0.534035
129,0.257000,-0.800003,-0.600033,0.649353,-0.800001,0.599967,0.650045,0.799999,0.599964,0.650087,0.799997,-0.600036,0.649395,-0.799999,-0.599964,0.529353,-0.799997,0.600036,0.530045,0.800003,0.600033,0.530087,0.800001,-0.599967,0.529395
130,0.259000,-0.800003,-0.600034,0.644680,-0.800001,0.599965,0.645393,0.799999,0.599963,0.645436,0.799997,-0.600037,0.644724,-0.799999,-0.599963,0.524680,-0.799997,0.600037,0.525393,0.800003,0.600034,0.525437,0.800001,-0.599966,0.524724
131,0.261000,-0.800003,-0.600035,0.639977,-0.800001,0.599964,0.640710,0.799999,0.599962,0.640755,0.799997,-0.600038,0.640022,-0.799999,-0.599962,0.519977,-0.799997,0.600038,0.520710,0.800003,0.600035,0.520755,0.800001,-0.599965,0.520022
132,0.263000,-0.800003,-0.600037,0.635241,-0.800001,0.599963,0.635995,0.799999,0.599960,0.636042,0.799997,-0.600039,0.635288,-0.799999,-0.599961,0.515241,-0.799997,0.600039,0.515995,0.800003,0.600036,0.516042,0.800001,-0.599964,0.515288
133,0.265000,-0.800003,-0.600038,0.630474,-0.800001,0.599962,0.631250,0.799999,0.599959,0.631298,0.799997,-0.600040,0.630522,-0.799999,-0.599960,0.510474,-0.799997,0.600040,0.511250,0.800003,0.600037,0.511298,0.800001,-0.599963,0.510522
134,0.267000,-0.800003,-0.600039,0.625676,-0.800001,0.599961,0.626474,0.799999,0.599958,0.626523,0.799997,-0.600042,0.625725,-0.799999,-0.599959,0.505676,-0.799997,0.600040,0.506474,0.800003,0.600038,0.506523,0.800001,-0.599962,0.505725
135,0.269000,-0.800003,-0.600040,0.620846,-0.800001,0.599959,0.621667,0.799999,0.599957,0.621717,0.799997,-0.600043,0.620897,-0.799999,-0.599958,0.500846,-0.799997,0.600041,0.501667,0.800003,0.600039,0.501717,0.800001,-0.599961,0.500897
136,0.271000,-0.800003,-0.600042,0.615986,-0.800001,0.599958,0.616829,0.799999,0.599956,0.616881,0.799997,-0.600044,0.616038,-0.799999,-0.599957,0.495986,-0.799997,0.600042,0.496829,0.800003,0.600040,0.496881,0.800001,-0.599960,0.496038
137,0.273000,-0.800003,-0.600043,0.611094,-0.800001,0.599957,0.611960,0.799999,0.599954,0.612014,0.799997,-0.600046,0.611147,-0.799999,-0.599956,0.491094,-0.799997,0.600043,0.491960,0.800003,0.600041,0.492014,0.800001,-0.599959,0.491147
138,0.275000,-0.800003,-0.600044,0.606171,-0.800001,0.599955,0.607061,0.799999,0.599953,0.607116,0.799997,-0.600047,0.606226,-0.799999,-0.599955,0.486171,-0.799997,0.600044,0.487061,0.800003,0.600042,0.487116,0.800001,-0.599958,0.486226
139,0.277000,-0.800003,-0.600046,0.601217,-0.800001,0.599954,0.602131,0.799999,0.599951,0.602188,0.799997,-0.600048,0.601274,-0.799999,-0.599954,0.481217,-0.799997,0.600046,0.482131,0.800003,0.600043,0.482188,0.800001,-0.599957,0.481274
140,0.279000,-0.800003,-0.600047,0.596232,-0.800001,0.599953,0.597171,0.799999,0.599950,0.597230,0.799997,-0.600050,0.596291,-0.799999,-0.599953,0.476232,-0.799997,0.600047,0.477171,0.800003,0.600044,0.477230,0.800001,-0.599956,0.476291
141,0.281000,-0.800003,-0.600048,0.591217,-0.800001,0.599951,0.592181,0.799999,0.599949,0.592241,0.799997,-0.600051,0.591277,-0.799999,-0.599952,0.471217,-0.799997,0.600048,0.472181,0.800003,0.600045,0.472241,0.800001,-0.599955,0.471277
142,0.283000,-0.800003,-0.600050,0.586170,-0.800001,0.599950,0.587160,0.799999,0.599947,0.587222,0.799997,-0.600052,0.586232,-0.799999,-0.599951,0.466170,-0.799997,0.600049,0.467160,0.800003,0.600046,0.467222,0.800001,-0.599954,0.466232
143,0.285000,-0.800003,-0.600051,0.581093,-0.800002,0.599948,0.582109,0.799998,0.599946,0.582172,0.799997,-0.600054,0.581157,-0.799999,-0.599950,0.461093,-0.799997,0.600050,0.462109,0.800003,0.600047,0.462172,0.800001,-0.599952,0.461157
144,0.287000,-0.800004,-0.600053,0.575986,-0.800002,0.599947,0.577028,0.799998,0.599944,0.577093,0.799996,-0.600055,0.576051,-0.799999,-0.599949,0.455986,-0.799997,0.600051,0.457028,0.800003,0.600048,0.457093,0.800001,-0.599951,0.456051
145,0.289000,-0.800004,-0.600054,0.570848,-0.800002,0.599945,0.571917,0.799998,0.599942,0.571984,0.799996,-0.600057,0.570915,-0.799999,-0.599948,0.450848,-0.799997,0.600052,0.451917,0.800003,0.600049,0.451984,0.800001,-0.599950,0.450915
146,0.291000,-0.800004,-0.600056,0.565680,-0.800002,0.599943,0.566776,0.799998,0.599941,0.566844,0.799996,-0.600059,0.565749,-0.799999,-0.599946,0.445680,-0.799997,0.600053,0.446776,0.800003,0.600050,0.446845,0.800001,-0.599949,0.445749
147,0.293000,-0.800004,-0.600058,0.560481,-0.800002,0.599942,0.561605,0.799998,0.599939,0.561675,0.799996,-0.600060,0.560552,-0.799998,-0.599945,0.440481,-0.799997,0.600054,0.441605,0.800003,0.600052,0.441675,0.800002,-0.599948,0.440552
148,0.295000,-0.800004,-0.600059,0.555252,-0.800002,0.599940,0.556404,0.799998,0.599938,0.556477,0.799996,-0.600062,0.555325,-0.799998,-0.599944,0.435252,-0.799996,0.600055,0.436404,0.800004,0.600053,0.436477,0.800002,-0.599947,0.435325
149,0.297000,-0.800004,-0.600061,0.549993,-0.800002,0.599938,0.551174,0.799998,0.599936,0.551248,0.799996,-0.600064,0.550068,-0.799998,-0.599943,0.429993,-0.799996,0.600056,0.431174,0.800004,0.600054,0.431248,0.800002,-0.599946,0.430068
150,0.299000,-0.800004,-0.600063,0.544705,-0.800002,0.599937,0.545914,0.799998,0.599934,0.545990,0.799996,-0.600065,0.544781,-0.799998,-0.599942,0.424705,-0.799996,0.600058,0.425914,0.800004,0.600055,0.425990,0.800002,-0.599944,0.424781
151,0.301000,-0.800004,-0.600065,0.539385,-0.800002,0.599935,0.540625,0.799998,0.599932,0.540703,0.799996,-0.600067,0.539464,-0.799998,-0.599941,0.419385,-0.799996,0.600059,0.420625,0.800004,0.600056,0.420703,0.800002,-0.599943,0.419464
152,0.303000,-0.800004,-0.600066,0.534037,-0.800002,0.599933,0.535306,0.799998,0.599930,0.535387,0.799996,-0.600069,0.534117,-0.799998,-0.599939,0.414037,-0.799996,0.600060,0.415306,0.800004,0.600057,0.415387,0.800002,-0.599942,0.414117
153,0.305000,-0.800004,-0.600068,0.528658,-0.800002,0.599931,0.529958,0.799998,0.599928,0.530040,0.799996,-0.600071,0.528740,-0.799998,-0.599938,0.408658,-0.799996,0.600061,0.409958,0.800004,0.600058,0.410040,0.800002,-0.599941,0.408740
154,0.307000,-0.800004,-0.600070,0.523250,-0.800002,0.599929,0.524581,0.799998,0.599927,0.524665,0.799996,-0.600073,0.523334,-0.799998,-0.599937,0.403250,-0.799996,0.600062,0.404581,0.800004,0.600060,0.404665,0.800002,-0.599940,0.403334
155,0.309000,-0.800004,-0.600072,0.517812,-0.800003,0.599927,0.519174,0.799997,0.599925,0.519261,0.799996,-0.600075,0.517899,-0.799998,-0.599936,0.397812,-0.799996,0.600063,0.399174,0.800004,0.600061,0.399261,0.800002,-0.599938,0.397899
156,0.311000,-0.800005,-0.600074,0.512345,-0.800003,0.599925,0.513739,0.799997,0.599923,0.513828,0.799995,-0.600077,0.512434,-0.799998,-0.599935,0.392345,-0.799996,0.600065,0.393739,0.800004,0.600062,0.393828,0.800002,-0.599937,0.392434
157,0.313000,-0.800005,-0.600076,0.506848,-0.800003,0.599923,0.508274,0.799997,0.599921,0.508365,0.799995,-0.600079,0.506939,-0.799998,-0.599933,0.386848,-0.799996,0.600066,0.388274,0.800004,0.600063,0.388365,0.800002,-0.599936,0.386939
158,0.315000,-0.800005,-0.600078,0.501322,-0.800003,0.599921,0.502781,0.799997,0.599919,0.502874,0.799995,-0.600081,0.501415,-0.799998,-0.599932,0.381322,-0.799996,0.600067,0.382781,0.800004,0.600064,0.382874,0.800002,-0.599935,0.381415
159,0.317000,-0.800005,-0.600080,0.495766,-0.800003,0.599919,0.497259,0.799997,0.599916,0.497354,0.799995,-0.600083,0.495862,-0.799998,-0.599931,0.375766,-0.799996,0.600068,0.377259,0.800004,0.600066,0.377354,0.800002,-0.599933,0.375862
160,0.319000,-0.800005,-0.600082,0.490182,-0.800003,0.599917,0.491708,0.799997,0.599914,0.491806,0.799995,-0.600085,0.490279,-0.799998,-0.599930,0.370182,-0.799996,0.600069,0.371708,0.800004,0.600067,0.371806,0.800002,-0.599932,0.370280
161,0.321000,-0.800005,-0.600084,0.484568,-0.800003,0.599915,0.486129,0.799997,0.599912,0.486229,0.799995,-0.600087,0.484668,-0.799998,-0.599928,0.364568,-0.799996,0.600071,0.366129,0.800004,0.600068,0.366229,0.800002,-0.599931,0.364668
162,0.323000,-0.800005,-0.600087,0.478925,-0.800003,0.599912,0.480521,0.799997,0.599910,0.480623,0.799995,-0.600089,0.479027,-0.799998,-0.599927,0.358925,-0.799996,0.600072,0.360521,0.800004,0.600069,0.360623,0.800002,-0.599930,0.359028
163,0.325000,-0.800005,-0.600089,0.473253,-0.800003,0.599910,0.474885,0.799997,0.599907,0.474990,0.799995,-0.600092,0.473358,-0.799997,-0.599926,0.353253,-0.799996,0.600073,0.354885,0.800004,0.600071,0.354990,0.800003,-0.599928,0.353358
164,0.327000,-0.800005,-0.600091,0.467552,-0.800004,0.599908,0.469220,0.799996,0.599905,0.469327,0.799995,-0.600094,0.467659,-0.799997,-0.599924,0.347552,-0.799996,0.600074,0.349220,0.800004,0.600072,0.349327,0.800003,-0.599927,0.347660
165,0.329000,-0.800006,-0.600094,0.461823,-0.800004,0.599905,0.463527,0.799996,0.599903,0.463637,0.799994,-0.600096,0.461932,-0.799997,-0.599923,0.341823,-0.799995,0.600076,0.343527,0.800005,0.600073,0.343637,0.800003,-0.599926,0.341932
166,0.331000,-0.800006,-0.600096,0.456064,-0.800004,0.599903,0.457806,0.799996,0.599900,0.457919,0.799994,-0.600099,0.456177,-0.799997,-0.599922,0.336064,-0.799995,0.600077,0.337806,0.800005,0.600074,0.337919,0.800003,-0.599924,0.336177
167,0.333000,-0.800006,-0.600099,0.450277,-0.800004,0.599900,0.452057,0.799996,0.599898,0.452172,0.799994,-0.600101,0.450392,-0.799997,-0.599921,0.330278,-0.799995,0.600078,0.332057,0.800005,0.600076,0.332172,0.800003,-0.599923,0.330393
168,0.335000,-0.800006,-0.600101,0.444462,-0.800004,0.599898,0.446280,0.799996,0.599895,0.446398,0.799994,-0.600104,0.444580,-0.799997,-0.599919,0.324462,-0.799995,0.600079,0.326280,0.800005,0.600077,0.326398,0.800003,-0.599922,0.324580
169,0.337000,-0.800006,-0.600104,0.438618,-0.800004,0.599895,0.440476,0.799996,0.599892,0.440596,0.799994,-0.600106,0.438739,-0.799997,-0.599918,0.318619,-0.799995,0.600081,0.320476,0.800005,0.600078,0.320596,0.800003,-0.599921,0.318739
170,0.339000,-0.800006,-0.600106,0.432746,-0.800004,0.599892,0.434643,0.799996,0.599890,0.434766,0.799994,-0.600109,0.432869,-0.799997,-0.599917,0.312746,-0.799995,0.600082,0.314643,0.800005,0.600079,0.314766,0.800003,-0.599919,0.312869
171,0.341000,-0.800006,-0.600109,0.426846,-0.800005,0.599889,0.428783,0.799995,0.599887,0.428909,0.799994,-0.600112,0.426972,-0.799997,-0.599915,0.306846,-0.799995,0.600083,0.308783,0.800005,0.600081,0.308909,0.800003,-0.599918,0.306972
172,0.343000,-0.800006,-0.600112,0.420918,-0.800005,0.599887,0.422895,0.799995,0.599884,0.423024,0.799994,-0.600114,0.421046,-0.799997,-0.599914,0.300918,-0.799995,0.600084,0.302895,0.800005,0.600082,0.303024,0.800003,-0.599917,0.301046
173,0.345000,-0.800007,-0.600115,0.414961,-0.800005,0.599884,0.416980,0.799995,0.599881,0.417111,0.799993,-0.600117,0.415093,-0.799997,-0.599913,0.294961,-0.799995,0.600086,0.296980,0.800005,0.600083,0.297112,0.800003,-0.599915,0.295093
174,0.347000,-0.800007,-0.600117,0.408977,-0.800005,0.599881,0.411038,0.799995,0.599878,0.411172,0.799993,-0.600120,0.409111,-0.799997,-0.599911,0.288977,-0.799995,0.600087,0.291038,0.800005,0.600084,0.291172,0.800003,-0.599914,0.289111
175,0.349000,-0.800007,-0.600120,0.402964,-0.800005,0.599878,0.405068,0.799995,0.599875,0.405205,0.799993,-0.600123,0.403101,-0.799997,-0.599910,0.282964,-0.799995,0.600088,0.285068,0.800005,0.600086,0.285205,0.800003,-0.599913,0.283102
176,0.351000,-0.800007,-0.600123,0.396924,-0.800005,0.599875,0.399071,0.799995,0.599872,0.399211,0.799993,-0.600126,0.397064,-0.799997,-0.599909,0.276924,-0.799995,0.600089,0.279071,0.800005,0.600087,0.279211,0.800003,-0.599911,0.277064
177,0.353000,-0.800007,-0.600126,0.390856,-0.800005,0.599872,0.393047,0.799995,0.599869,0.393190,0.799993,-0.600129,0.390999,-0.799996,-0.599907,0.270856,-0.799995,0.600091,0.273047,0.800005,0.600088,0.273190,0.800004,-0.599910,0.271000
178,0.355000,-0.800007,-0.600129,0.384761,-0.800006,0.599868,0.386996,0.799994,0.599866,0.387142,0.799993,-0.600132,0.384907,-0.799996,-0.599906,0.264761,-0.799995,0.600092,0.266996,0.800005,0.600089,0.267142,0.800004,-0.599909,0.264907
179,0.357000,-0.800008,-0.600133,0.378638,-0.800006,0.599865,0.380918,0.799994,0.599863,0.381067,0.799992,-0.600135,0.378787,-0.799996,-0.599905,0.258638,-0.799995,0.600093,0.260918,0.800005,0.600091,0.261068,0.800004,-0.599907,0.258788
180,0.359000,-0.800008,-0.600136,0.372488,-0.800006,0.599862,0.374813,0.799994,0.599859,0.374966,0.799992,-0.600138,0.372640,-0.799996,-0.599903,0.252488,-0.799995,0.600094,0.254813,0.800005,0.600092,0.254966,0.800004,-0.599906,0.252640
181,0.361000,-0.800008,-0.600139,0.366310,-0.800006,0.599859,0.368682,0.799994,0.599856,0.368837,0.799992,-0.600142,0.366466,-0.799996,-0.599902,0.246310,-0.799994,0.600096,0.248682,0.800006,0.600093,0.248838,0.800004,-0.599905,0.246466
182,0.363000,-0.800008,-0.600143,0.360105,-0.800006,0.599855,0.362524,0.799994,0.599852,0.362683,0.799992,-0.600145,0.360264,-0.799996,-0.599901,0.240105,-0.799994,0.600097,0.242524,0.800006,0.600094,0.242683,0.800004,-0.599903,0.240264
183,0.365000,-0.800008,-0.600146,0.353873,-0.800007,0.599851,0.356339,0.799993,0.599849,0.356501,0.799992,-0.600149,0.354035,-0.799996,-0.599899,0.233873,-0.799994,0.600098,0.236340,0.800006,0.600096,0.236502,0.800004,-0.599902,0.234035
184,0.367000,-0.800008,-0.600149,0.347614,-0.800007,0.599848,0.350128,0.799993,0.599845,0.350294,0.799992,-0.600152,0.347779,-0.799996,-0.599898,0.227614,-0.799994,0.600099,0.230129,0.800006,0.600097,0.230294,0.800004,-0.599901,0.227779
185,0.369000,-0.800009,-0.600153,0.341327,-0.800007,0.599844,0.343891,0.799993,0.599842,0.344060,0.799991,-0.600156,0.341496,-0.799996,-0.599897,0.221328,-0.799994,0.600101,0.223891,0.800006,0.600098,0.224060,0.800004,-0.599899,0.221497
186,0.371000,-0.800009,-0.600157,0.335014,-0.800007,0.599840,0.337628,0.799993,0.599838,0.337800,0.799991,-0.600159,0.335187,-0.799996,-0.599895,0.215015,-0.799994,0.600102,0.217628,0.800006,0.600099,0.217800,0.800004,-0.599898,0.215187
187,0.373000,-0.800009,-0.600160,0.328674,-0.800007,0.599837,0.331338,0.799993,0.599834,0.331514,0.799991,-0.600163,0.328850,-0.799996,-0.599894,0.208675,-0.799994,0.600103,0.211339,0.800006,0.600100,0.211514,0.800004,-0.599897,0.208850
188,0.375000,-0.800009,-0.600164,0.322308,-0.800008,0.599833,0.325023,0.799992,0.599830,0.325202,0.799991,-0.600167,0.322487,-0.799996,-0.599893,0.202308,-0.799994,0.600104,0.205023,0.800006,0.600101,0.205202,0.800004,-0.599895,0.202487
189,0.377000,-0.800009,-0.600168,0.315915,-0.800008,0.599829,0.318681,0.799992,0.599826,0.318864,0.799991,-0.600171,0.316097,-0.799996,-0.599892,0.195915,-0.799994,0.600105,0.198682,0.800006,0.600103,0.198865,0.800004,-0.599894,0.196098
190,0.379000,-0.800010,-0.600172,0.309495,-0.800008,0.599825,0.312314,0.799992,0.599822,0.312501,0.799990,-0.600175,0.309681,-0.799996,-0.599890,0.189495,-0.799994,0.600106,0.192314,0.800006,0.600104,0.192501,0.800004,-0.599893,0.189682
191,0.381000,-0.800010,-0.600176,0.303049,-0.800008,0.599820,0.305921,0.799992,0.599818,0.306111,0.799990,-0.600179,0.303239,-0.799996,-0.599889,0.183049,-0.799994,0.600108,0.185922,0.800006,0.600105,0.186112,0.800004,-0.599892,0.183239
192,0.383000,-0.800010,-0.600180,0.296576,-0.800008,0.599816,0.299503,0.799992,0.599813,0.299697,0.799990,-0.600183,0.296770,-0.799995,-0.599888,0.176576,-0.799994,0.600109,0.179503,0.800006,0.600106,0.179697,0.800005,-0.599890,0.176770
193,0.385000,-0.800010,-0.600185,0.290077,-0.800009,0.599812,0.293059,0.799991,0.599809,0.293256,0.799990,-0.600187,0.290275,-0.799995,-0.599886,0.170078,-0.799994,0.600110,0.173059,0.800006,0.600107,0.173257,0.800005,-0.599889,0.170275
194,0.387000,-0.800010,-0.600189,0.283552,-0.800009,0.599807,0.286589,0.799991,0.599805,0.286791,0.799990,-0.600192,0.283754,-0.799995,-0.599885,0.163553,-0.799994,0.600111,0.166589,0.800006,0.600108,0.166791,0.800005,-0.599888,0.163754
195,0.389000,-0.800011,-0.600193,0.277001,-0.800009,0.599803,0.280094,0.799991,0.599800,0.280300,0.799989,-0.600196,0.277207,-0.799995,-0.599884,0.157002,-0.799994,0.600112,0.160095,0.800006,0.600109,0.160300,0.800005,-0.599887,0.157207
196,0.391000,-0.800011,-0.600198,0.270424,-0.800009,0.599798,0.273574,0.799991,0.599795,0.273784,0.799989,-0.600200,0.270634,-0.799995,-0.599883,0.150425,-0.799994,0.600113,0.153575,0.800006,0.600110,0.153784,0.800005,-0.599885,0.150634
197,0.393000,-0.800011,-0.600202,0.263822,-0.800010,0.599793,0.267029,0.799990,0.599791,0.267243,0.799989,-0.600205,0.264035,-0.799995,-0.599882,0.143822,-0.799994,0.600114,0.147030,0.800006,0.600111,0.147243,0.800005,-0.599884,0.144036
198,0.395000,-0.800011,-0.600207,0.257193,-0.800010,0.599789,0.260459,0.799990,0.599786,0.260676,0.799989,-0.600210,0.257411,-0.799995,-0.599880,0.137194,-0.799994,0.600115,0.140459,0.800006,0.600112,0.140677,0.800005,-0.599883,0.137411
199,0.397000,-0.800012,-0.600212,0.250539,-0.800010,0.599784,0.253864,0.799990,0.599781,0.254086,0.799988,-0.600214,0.250761,-0.799995,-0.599879,0.130539,-0.799993,0.600116,0.133864,0.800007,0.600113,0.134086,0.800005,-0.599882,0.130761
200,0.399000,-0.800012,-0.600217,0.243859,-0.800010,0.599779,0.247244,0.799990,0.599776,0.247470,0.799988,-0.600219,0.244085,-0.799995,-0.599878,0.123860,-0.799993,0.600117,0.127245,0.800007,0.600114,0.127470,0.800005,-0.599881,0.124086
201,0.401000,-0.800012,-0.600222,0.237154,-0.800011,0.599773,0.240600,0.799989,0.599771,0.240830,0.799988,-0.600224,0.237384,-0.799995,-0.599877,0.117155,-0.799993,0.600118,0.120600,0.800007,0.600115,0.120830,0.800005,-0.599880,0.117385
202,0.403000,-0.800012,-0.600227,0.230424,-0.800011,0.599768,0.233931,0.799989,0.599766,0.234165,0.799988,-0.600229,0.230658,-0.799995,-0.599876,0.110424,-0.799993,0.600119,0.113932,0.800007,0.600116,0.114166,0.800005,-0.599879,0.110659
203,0.405000,-0.800013,-0.600232,0.223669,-0.800011,0.599763,0.227238,0.799989,0.599760,0.227476,0.799987,-0.600234,0.223907,-0.799995,-0.599875,0.103669,-0.799993,0.600120,0.107238,0.800007,0.600117,0.107477,0.800005,-0.599878,0.103908
204,0.407000,-0.800013,-0.600237,0.216888,-0.800011,0.599757,0.220521,0.799989,0.599755,0.220764,0.799987,-0.600240,0.217131,-0.799995,-0.599874,0.096889,-0.799993,0.600121,0.100521,0.800007,0.600118,0.100764,0.800005,-0.599876,0.097132
205,0.409000,-0.800013,-0.600242,0.210084,-0.800012,0.599752,0.213780,0.799988,0.599749,0.214027,0.799987,-0.600245,0.210331,-0.799995,-0.599873,0.090084,-0.799993,0.600122,0.093780,0.800007,0.600119,0.094028,0.800005,-0.599875,0.090332
206,0.411000,-0.800013,-0.600248,0.203255,-0.800012,0.599746,0.207016,0.799988,0.599744,0.207268,0.799987,-0.600251,0.203506,-0.799995,-0.599872,0.083255,-0.799993,0.600122,0.087016,0.800007,0.600120,0.087268,0.800005,-0.599874,0.083507
207,0.413000,-0.800014,-0.600253,0.196402,-0.800012,0.599740,0.200229,0.799988,0.599738,0.200485,0.799986,-0.600256,0.196658,-0.799995,-0.599871,0.076403,-0.799993,0.600123,0.080229,0.800007,0.600120,0.080486,0.800005,-0.599873,0.076659
208,0.415000,-0.800014,-0.600259,0.189527,-0.800013,0.599735,0.193420,0.799987,0.599732,0.193681,0.799986,-0.600262,0.189788,-0.799994,-0.599870,0.069527,-0.799993,0.600124,0.073420,0.800007,0.600121,0.073681,0.800005,-0.599873,0.069788
209,0.417000,-0.800014,-0.600265,0.182630,-0.800013,0.599729,0.186590,0.799987,0.599726,0.186856,0.799986,-0.600268,0.182896,-0.799994,-0.599869,0.062631,-0.799993,0.600125,0.066591,0.800007,0.600122,0.066857,0.800006,-0.599872,0.062896
210,0.419000,-0.800015,-0.600271,0.175715,-0.800013,0.599722,0.179743,0.799987,0.599720,0.180014,0.799985,-0.600274,0.175986,-0.799994,-0.599868,0.055716,-0.799993,0.600125,0.059744,0.800007,0.600123,0.060015,0.800006,-0.599871,0.055986
211,0.421000,-0.799999,-0.600080,0.171882,-0.799996,0.599918,0.174057,0.800004,0.599913,0.174126,0.800001,-0.600085,0.171951,-0.799994,-0.599863,0.051883,-0.799991,0.600135,0.054058,0.800009,0.600131,0.054126,0.800006,-0.599867,0.051951
212,0.423000,-0.799998,-0.599981,0.171713,-0.799994,0.600018,0.173306,0.800006,0.600013,0.173380,0.800002,-0.599986,0.171787,-0.799992,-0.599822,0.051713,-0.799989,0.600177,0.053306,0.800011,0.600172,0.053380,0.800008,-0.599827,0.051787
213,0.425000,-0.799996,-0.599854,0.171427,-0.799990,0.600146,0.172649,0.800010,0.600138,0.172693,0.800004,-0.599862,0.171471,-0.799993,-0.599731,0.051427,-0.799987,0.600268,0.052649,0.800013,0.600260,0.052693,0.800007,-0.599740,0.051471
214,0.427000,-0.799993,-0.599801,0.170728,-0.799986,0.600199,0.171726,0.800014,0.600190,0.171727,0.800007,-0.599809,0.170729,-0.799993,-0.599701,0.050728,-0.799986,0.600298,0.051726,0.800014,0.600290,0.051727,0.800007,-0.599709,0.050729
215,0.429000,-0.799994,-0.599724,0.170843,-0.799986,0.600276,0.171131,0.800014,0.600265,0.171132,0.800006,-0.599735,0.170844,-0.799994,-0.599695,0.050843,-0.799986,0.600305,0.051131,0.800014,0.600294,0.051132,0.800006,-0.599706,0.050844
216,0.431000,-0.799994,-0.599630,0.171494,-0.799983,0.600369,0.171069,0.800017,0.600355,0.171049,0.800006,-0.599645,0.171474,-0.799995,-0.599673,0.051494,-0.799984,0.600327,0.051069,0.800016,0.600313,0.051049,0.800005,-0.599687,0.051474
217,0.433000,-0.799996,-0.599529,0.172159,-0.799982,0.600470,0.171066,0.800018,0.600453,0.171077,0.800004,-0.599547,0.172170,-0.799995,-0.599638,0.052159,-0.799982,0.600361,0.051066,0.800018,0.600343,0.051077,0.800005,-0.599656,0.052170
218,0.435000,-0.799996,-0.599409,0.173069,-0.799979,0.600589,0.171114,0.800021,0.600567,0.171113,0.800004,-0.599432,0.173069,-0.799996,-0.599604,0.053069,-0.799979,0.600394,0.051114,0.800021,0.600371,0.051114,0.800004,-0.599627,0.053069
219,0.437000,-0.799995,-0.599237,0.174571,-0.799975,0.600759,0.171208,0.800025,0.600732,0.171181,0.800005,-0.599263,0.174544,-0.799998,-0.599573,0.054572,-0.799977,0.600422,0.051208,0.800023,0.600395,0.051181,0.800002,-0.599600,0.054545
220,0.439000,-0.799993,-0.599027,0.176764,-0.799972,0.600962,0.171655,0.800028,0.600933,0.171602,0.800007,-0.599056,0.176711,-0.799997,-0.599538,0.056765,-0.799976,0.600451,0.051656,0.800024,0.600422,0.051603,0.800003,-0.599567,0.056713
221,0.441000,-0.799988,-0.598822,0.179243,-0.799965,0.601158,0.172368,0.800035,0.601126,0.172262,0.800012,-0.598854,0.179137,-0.799996,-0.599510,0.059245,-0.799972,0.600471,0.052370,0.800028,0.600439,0.052264,0.800004,-0.599542,0.059139
222,0.443000,-0.799982,-0.598655,0.181558,-0.799952,0.601316,0.173232,0.800048,0.601275,0.173021,0.800018,-0.598697,0.181346,-0.799998,-0.599487,0.061560,-0.799967,0.600484,0.053235,0.800033,0.600442,0.053023,0.800002,-0.599529,0.061349
223,0.445000,-0.799977,-0.598497,0.183679,-0.799939,0.601465,0.174064,0.800061,0.601412,0.173759,0.800023,-0.598549,0.183374,-0.800000,-0.599458,0.063683,-0.799962,0.600503,0.054068,0.800038,0.600451,0.053762,0.800000,-0.599511,0.063377
224,0.447000,-0.799974,-0.598360,0.185694,-0.799929,0.601593,0.175004,0.800071,0.601529,0.174633,0.800026,-0.598423,0.185323,-0.800002,-0.599429,0.065699,-0.799957,0.600524,0.055009,0.800043,0.600460,0.054638,0.799998,-0.599492,0.065328
225,0.449000,-0.799971,-0.598281,0.187579,-0.799915,0.601666,0.176328,0.800085,0.601586,0.175864,0.800029,-0.598361,0.187116,-0.800006,-0.599406,0.067585,-0.799949,0.600541,0.056333,0.800050,0.600461,0.055870,0.799994,-0.599486,0.067121
226,0.451000,-0.799968,-0.598285,0.189233,-0.799902,0.601663,0.178037,0.800098,0.601570,0.177471,0.800032,-0.598377,0.188667,-0.800010,-0.599404,0.069238,-0.799945,0.600544,0.058042,0.800055,0.600451,0.057477,0.799990,-0.599497,0.068672
227,0.453000,-0.799956,-0.598352,0.190632,-0.799882,0.601602,0.180073,0.800118,0.601497,0.179418,0.800043,-0.598457,0.189977,-0.800006,-0.599408,0.070637,-0.799931,0.600546,0.060077,0.800069,0.600441,0.059423,0.799994,-0.599513,0.069982
228,0.455000,-0.799947,-0.598486,0.191590,-0.799863,0.601479,0.182551,0.800137,0.601362,0.181831,0.800053,-0.598604,0.190870,-0.800001,-0.599390,0.071593,-0.799917,0.600576,0.062555,0.800083,0.600458,0.061834,0.799999,-0.599508,0.070873
229,0.457000,-0.799944,-0.598664,0.192152,-0.799851,0.601317,0.185352,0.800149,0.601189,0.184581,0.800056,-0.598792,0.191381,-0.800002,-0.599344,0.072154,-0.799909,0.600637,0.065354,0.800091,0.600509,0.064583,0.799998,-0.599472,0.071383
230,0.459000,-0.799945,-0.598809,0.192617,-0.799844,0.601182,0.187937,0.800156,0.601045,0.187149,0.800055,-0.598946,0.191830,-0.800004,-0.599277,0.072618,-0.799903,0.600714,0.067938,0.800097,0.600577,0.067150,0.799996,-0.599414,0.071831
231,0.461000,-0.799944,-0.598896,0.193217,-0.799839,0.601100,0.190108,0.800161,0.600957,0.189298,0.800055,-0.599039,0.192407,-0.800005,-0.599206,0.073217,-0.799899,0.600789,0.070109,0.800100,0.600646,0.069299,0.799995,-0.599350,0.072407
232,0.463000,-0.799941,-0.598951,0.193796,-0.799831,0.601048,0.191982,0.800168,0.600901,0.191168,0.800059,-0.599098,0.192982,-0.800002,-0.599132,0.073796,-0.799893,0.600866,0.071982,0.800107,0.600720,0.071168,0.799998,-0.599279,0.072983
233,0.465000,-0.799933,-0.598930,0.194633,-0.799826,0.601069,0.193132,0.800173,0.600925,0.192286,0.800066,-0.599074,0.193787,-0.799997,-0.599080,0.074633,-0.799890,0.600919,0.073132,0.800110,0.600775,0.072286,0.800003,-0.599224,0.073787
234,0.467000,-0.799928,-0.598874,0.195462,-0.799822,0.601125,0.193847,0.800178,0.600983,0.192963,0.800072,-0.599016,0.194579,-0.799994,-0.599036,0.075462,-0.799888,0.600963,0.073847,0.800111,0.600821,0.072964,0.800006,-0.599178,0.074579
235,0.469000,-0.799921,-0.598813,0.196210,-0.799819,0.601185,0.194398,0.800181,0.601047,0.193460,0.800078,-0.598951,0.195273,-0.799992,-0.598995,0.076211,-0.799889,0.601004,0.074398,0.800111,0.600866,0.073460,0.800008,-0.599133,0.075273
236,0.471000,-0.799920,-0.598735,0.196931,-0.799817,0.601263,0.194743,0.800183,0.601124,0.193795,0.800080,-0.598874,0.195983,-0.799991,-0.598954,0.076932,-0.799888,0.601044,0.074744,0.800112,0.600905,0.073796,0.800009,-0.599093,0.075984
237,0.473000,-0.799914,-0.598653,0.197606,-0.799810,0.601345,0.194961,0.800189,0.601204,0.193994,0.800086,-0.598793,0.196640,-0.799987,-0.598917,0.077607,-0.799883,0.601080,0.074961,0.800117,0.600939,0.073994,0.800013,-0.599058,0.076640
238,0.475000,-0.799907,-0.598570,0.198298,-0.799808,0.601425,0.195103,0.800192,0.601290,0.194118,0.800092,-0.598706,0.197313,-0.799981,-0.598890,0.078299,-0.799882,0.601106,0.075104,0.800118,0.600970,0.074118,0.800018,-0.599025,0.077313
239,0.477000,-0.799902,-0.598481,0.198999,-0.799806,0.601513,0.195164,0.800194,0.601381,0.194156,0.800097,-0.598613,0.197991,-0.799978,-0.598864,0.079000,-0.799881,0.601129,0.075164,0.800118,0.600997,0.074156,0.800022,-0.598996,0.077992
240,0.479000,-0.799898,-0.598396,0.199585,-0.799800,0.601596,0.195230,0.800199,0.601461,0.194180,0.800101,-0.598531,0.198536,-0.799977,-0.598832,0.079586,-0.799879,0.601160,0.075231,0.800120,0.601026,0.074181,0.800023,-0.598966,0.078537
241,0.481000,-0.799895,-0.598322,0.200004,-0.799794,0.601668,0.195303,0.800205,0.601530,0.194211,0.800105,-0.598461,0.198912,-0.799977,-0.598793,0.080005,-0.799876,0.601198,0.075304,0.800123,0.601060,0.074212,0.800023,-0.598931,0.078913
242,0.483000,-0.799891,-0.598256,0.200282,-0.799789,0.601733,0.195335,0.800210,0.601593,0.194207,0.800108,-0.598397,0.199154,-0.799976,-0.598751,0.080283,-0.799874,0.601239,0.075336,0.800126,0.601098,0.074208,0.800023,-0.598892,0.079155
243,0.485000,-0.799888,-0.598203,0.200416,-0.799783,0.601786,0.195363,0.800217,0.601641,0.194187,0.800111,-0.598348,0.199240,-0.799977,-0.598708,0.080417,-0.799871,0.601281,0.075364,0.800128,0.601136,0.074188,0.800023,-0.598854,0.079241
244,0.487000,-0.799887,-0.598149,0.200446,-0.799775,0.601840,0.195295,0.800225,0.601685,0.194070,0.800112,-0.598304,0.199221,-0.799979,-0.598664,0.080447,-0.799867,0.601325,0.075297,0.800133,0.601170,0.074071,0.800020,-0.598819,0.079222
245,0.489000,-0.799887,-0.598120,0.200260,-0.799768,0.601870,0.195318,0.800231,0.601706,0.194056,0.800112,-0.598284,0.198998,-0.799982,-0.598614,0.080261,-0.799863,0.601376,0.075319,0.800136,0.601212,0.074057,0.800017,-0.598778,0.078999
246,0.491000,-0.799887,-0.598110,0.199884,-0.799762,0.601881,0.195330,0.800237,0.601709,0.194032,0.800112,-0.598282,0.198586,-0.799985,-0.598566,0.079885,-0.799859,0.601426,0.075331,0.800140,0.601254,0.074033,0.800015,-0.598738,0.078587
247,0.493000,-0.799886,-0.598113,0.199364,-0.799754,0.601880,0.195292,0.800246,0.601699,0.193950,0.800113,-0.598294,0.198021,-0.799987,-0.598520,0.079364,-0.799854,0.601473,0.075293,0.800145,0.601292,0.073950,0.800013,-0.598701,0.078022
248,0.495000,-0.799884,-0.598122,0.198755,-0.799744,0.601873,0.195216,0.800255,0.601683,0.193826,0.800116,-0.598312,0.197365,-0.799988,-0.598476,0.078755,-0.799848,0.601519,0.075217,0.800151,0.601329,0.073827,0.800011,-0.598666,0.077365
249,0.497000,-0.799881,-0.598129,0.198142,-0.799736,0.601868,0.195097,0.800263,0.601671,0.193665,0.800118,-0.598326,0.196710,-0.799988,-0.598433,0.078142,-0.799843,0.601563,0.075098,0.800156,0.601366,0.073666,0.800011,-0.598630,0.076711
250,0.499000,-0.799878,-0.598124,0.197601,-0.799729,0.601873,0.194890,0.800270,0.601671,0.193421,0.800121,-0.598326,0.196132,-0.799988,-0.598395,0.077602,-0.799839,0.601602,0.074891,0.800160,0.601400,0.073421,0.800011,-0.598597,0.076132
251,0.501000,-0.799875,-0.598105,0.197146,-0.799722,0.601893,0.194579,0.800277,0.601685,0.193066,0.800124,-0.598312,0.195634,-0.799988,-0.598361,0.077147,-0.799835,0.601636,0.074579,0.800164,0.601429,0.073067,0.800011,-0.598569,0.075634
252,0.503000,-0.799872,-0.598072,0.196740,-0.799714,0.601925,0.194173,0.800285,0.601711,0.192612,0.800127,-0.598286,0.195179,-0.799989,-0.598329,0.076741,-0.799831,0.601668,0.074173,0.800168,0.601455,0.072612,0.800010,-0.598543,0.075180
253,0.505000,-0.799868,-0.598029,0.196358,-0.799706,0.601968,0.193676,0.800293,0.601749,0.192069,0.800132,-0.598248,0.194751,-0.799988,-0.598297,0.076358,-0.799826,0.601700,0.073676,0.800173,0.601480,0.072069,0.800011,-0.598517,0.074752
254,0.507000,-0.799865,-0.597976,0.195998,-0.799699,0.602020,0.193090,0.800301,0.601795,0.191442,0.800134,-0.598202,0.194350,-0.799988,-0.598267,0.075998,-0.799822,0.601730,0.073090,0.800177,0.601504,0.071442,0.800011,-0.598493,0.074350
255,0.509000,-0.799863,-0.597916,0.195659,-0.799692,0.602080,0.192435,0.800308,0.601846,0.190741,0.800136,-0.598149,0.193965,-0.799990,-0.598238,0.075660,-0.799819,0.601758,0.072436,0.800180,0.601524,0.070742,0.800009,-0.598472,0.073966
256,0.511000,-0.799862,-0.597848,0.195329,-0.799684,0.602147,0.191729,0.800315,0.601905,0.189980,0.800137,-0.598090,0.193580,-0.799993,-0.598207,0.075329,-0.799815,0.601787,0.071730,0.800184,0.601545,0.069981,0.800006,-0.598450,0.073580
257,0.513000,-0.799858,-0.597775,0.194974,-0.799676,0.602219,0.190982,0.800323,0.601969,0.189178,0.800141,-0.598024,0.193170,-0.799994,-0.598174,0.074975,-0.799811,0.601819,0.070983,0.800188,0.601570,0.069179,0.800005,-0.598423,0.073170
258,0.515000,-0.799856,-0.597704,0.194563,-0.799667,0.602288,0.190219,0.800332,0.602030,0.188361,0.800143,-0.597963,0.192706,-0.799995,-0.598139,0.074564,-0.799806,0.601854,0.070220,0.800193,0.601595,0.068362,0.800004,-0.598397,0.072707
259,0.517000,-0.799853,-0.597640,0.194090,-0.799658,0.602352,0.189464,0.800341,0.602084,0.187550,0.800146,-0.597907,0.192176,-0.799996,-0.598102,0.074091,-0.799801,0.601889,0.069465,0.800197,0.601622,0.067551,0.800002,-0.598370,0.072177
260,0.519000,-0.799849,-0.597580,0.193569,-0.799649,0.602411,0.188721,0.800349,0.602136,0.186748,0.800150,-0.597854,0.191596,-0.799997,-0.598064,0.073570,-0.799797,0.601926,0.068722,0.800201,0.601651,0.066749,0.800001,-0.598339,0.071597
261,0.521000,-0.799846,-0.597522,0.193013,-0.799642,0.602467,0.187977,0.800357,0.602187,0.185947,0.800153,-0.597803,0.190982,-0.799998,-0.598026,0.073014,-0.799794,0.601964,0.067978,0.800204,0.601683,0.065948,0.800001,-0.598306,0.070984
262,0.523000,-0.799843,-0.597468,0.192417,-0.799634,0.602521,0.187227,0.800364,0.602233,0.185145,0.800155,-0.597755,0.190334,-0.800000,-0.597986,0.072418,-0.799791,0.602002,0.067229,0.800208,0.601715,0.065146,0.799999,-0.598274,0.070335
263,0.525000,-0.799857,-0.597436,0.191615,-0.799637,0.602553,0.186545,0.800362,0.602251,0.184591,0.800141,-0.597738,0.189662,-0.800004,-0.597943,0.071617,-0.799784,0.602046,0.066546,0.800215,0.601744,0.064592,0.799995,-0.598245,0.069663
264,0.527000,-0.799891,-0.597436,0.190610,-0.799653,0.602555,0.185989,0.800346,0.602232,0.184343,0.800108,-0.597759,0.188964,-0.800014,-0.597898,0.070610,-0.799777,0.602093,0.065990,0.800222,0.601770,0.064344,0.799985,-0.598221,0.068965
265,0.529000,-0.799923,-0.597433,0.189650,-0.799669,0.602559,0.185420,0.800330,0.602215,0.184040,0.800076,-0.597777,0.188270,-0.800027,-0.597856,0.069651,-0.799773,0.602136,0.065421,0.800226,0.601792,0.064041,0.799972,-0.598200,0.068271
266,0.531000,-0.799957,-0.597445,0.188649,-0.799690,0.602549,0.184902,0.800310,0.602189,0.183794,0.800043,-0.597805,0.187540,-0.800040,-0.597820,0.068649,-0.799773,0.602174,0.064903,0.800227,0.601814,0.063794,0.799959,-0.598180,0.067541
267,0.533000,-0.799978,-0.597483,0.187641,-0.799708,0.602513,0.184540,0.800292,0.602151,0.183597,0.800022,-0.597845,0.186697,-0.800049,-0.597793,0.067641,-0.799779,0.602203,0.064541,0.800221,0.601840,0.063597,0.799951,-0.598155,0.066698
268,0.535000,-0.799985,-0.597520,0.186716,-0.799725,0.602477,0.184174,0.800275,0.602129,0.183291,0.800015,-0.597869,0.185832,-0.800051,-0.597775,0.066716,-0.799791,0.602223,0.064175,0.800208,0.601875,0.063291,0.799949,-0.598123,0.065833
269,0.537000,-0.799988,-0.597560,0.185830,-0.799736,0.602439,0.183831,0.800264,0.602102,0.182972,0.800012,-0.597896,0.184971,-0.800052,-0.597759,0.065830,-0.799800,0.602239,0.063831,0.800199,0.601902,0.062972,0.799948,-0.598096,0.064972
270,0.539000,-0.799985,-0.597563,0.185302,-0.799741,0.602436,0.183371,0.800258,0.602109,0.182496,0.800015,-0.597889,0.184427,-0.800051,-0.597756,0.065302,-0.799807,0.602242,0.063371,0.800193,0.601916,0.062496,0.799949,-0.598082,0.064427
271,0.541000,-0.799997,-0.597563,0.184744,-0.799752,0.602436,0.182904,0.800248,0.602108,0.182185,0.800003,-0.597890,0.184026,-0.800051,-0.597747,0.064744,-0.799806,0.602252,0.062904,0.800194,0.601924,0.062186,0.799949,-0.598074,0.064026
272,0.543000,-0.800019,-0.597558,0.184217,-0.799771,0.602441,0.182414,0.800229,0.602110,0.181980,0.799981,-0.597889,0.183783,-0.800051,-0.597738,0.064217,-0.799803,0.602261,0.062414,0.800196,0.601930,0.061980,0.799949,-0.598069,0.063783
273,0.545000,-0.800036,-0.597568,0.183825,-0.799784,0.602431,0.182216,0.800216,0.602094,0.181982,0.799964,-0.597905,0.183591,-0.800054,-0.597729,0.063825,-0.799802,0.602270,0.062216,0.800198,0.601933,0.061982,0.799946,-0.598066,0.063591
274,0.547000,-0.800039,-0.597562,0.183731,-0.799778,0.602437,0.182170,0.800222,0.602089,0.181916,0.799961,-0.597910,0.183476,-0.800058,-0.597718,0.063731,-0.799797,0.602281,0.062170,0.800203,0.601933,0.061916,0.799942,-0.598066,0.063476
275,0.549000,-0.800039,-0.597557,0.183647,-0.799776,0.602442,0.182090,0.800224,0.602091,0.181832,0.799961,-0.597908,0.183389,-0.800058,-0.597713,0.063647,-0.799795,0.602286,0.062090,0.800205,0.601935,0.061832,0.799942,-0.598064,0.063389
276,0.551000,-0.800041,-0.597561,0.183516,-0.799777,0.602438,0.182011,0.800223,0.602086,0.181796,0.799959,-0.597913,0.183302,-0.800057,-0.597711,0.063516,-0.799793,0.602288,0.062011,0.800207,0.601935,0.061796,0.799943,-0.598064,0.063302
277,0.553000,-0.800046,-0.597562,0.183425,-0.799779,0.602437,0.181942,0.800221,0.602082,0.181786,0.799954,-0.597917,0.183269,-0.800057,-0.597710,0.063425,-0.799791,0.602289,0.061942,0.800209,0.601934,0.061786,0.799943,-0.598065,0.063269
278,0.555000,-0.800051,-0.597565,0.183350,-0.799785,0.602434,0.181886,0.800215,0.602079,0.181801,0.799949,-0.597920,0.183265,-0.800057,-0.597712,0.063351,-0.799791,0.602287,0.061887,0.800209,0.601932,0.061801,0.799942,-0.598067,0.063265
279,0.557000,-0.800054,-0.597573,0.183285,-0.799790,0.602426,0.181844,0.800210,0.602075,0.181809,0.799946,-0.597924,0.183250,-0.800056,-0.597717,0.063285,-0.799793,0.602282,0.061844,0.800207,0.601931,0.061809,0.799944,-0.598069,0.063250
280,0.559000,-0.800056,-0.597580,0.183249,-0.799793,0.602419,0.181806,0.800207,0.602068,0.181807,0.799944,-0.597931,0.183250,-0.800056,-0.597724,0.063249,-0.799793,0.602275,0.061807,0.800207,0.601924,0.061807,0.799944,-0.598075,0.063250
281,0.561000,-0.800059,-0.597587,0.183240,-0.799796,0.602412,0.181784,0.800204,0.602061,0.181821,0.799941,-0.597938,0.183277,-0.800056,-0.597733,0.063240,-0.799793,0.602266,0.061784,0.800207,0.601916,0.061821,0.799944,-0.598083,0.063277
282,0.563000,-0.800061,-0.597590,0.183284,-0.799799,0.602409,0.181786,0.800201,0.602060,0.181844,0.799939,-0.597939,0.183342,-0.800057,-0.597740,0.063284,-0.799795,0.602259,0.061786,0.800205,0.601910,0.061844,0.799943,-0.598089,0.063343
283,0.565000,-0.800061,-0.597591,0.183366,-0.799801,0.602408,0.181811,0.800199,0.602062,0.181869,0.799939,-0.597937,0.183424,-0.800057,-0.597746,0.063366,-0.799797,0.602253,0.061811,0.800203,0.601906,0.061869,0.799943,-0.598093,0.063424
284,0.567000,-0.800062,-0.597591,0.183449,-0.799803,0.602407,0.181843,0.800197,0.602063,0.181913,0.799938,-0.597936,0.183520,-0.800057,-0.597752,0.063449,-0.799798,0.602247,0.061843,0.800202,0.601902,0.061914,0.799943,-0.598097,0.063520
285,0.569000,-0.800064,-0.597594,0.183531,-0.799806,0.602405,0.181892,0.800194,0.602062,0.181981,0.799936,-0.597937,0.183620,-0.800057,-0.597758,0.063531,-0.799799,0.602241,0.061892,0.800201,0.601898,0.061981,0.799943,-0.598101,0.063620
286,0.571000,-0.800065,-0.597599,0.183610,-0.799808,0.602400,0.181971,0.800192,0.602057,0.182076,0.799935,-0.597942,0.183715,-0.800058,-0.597763,0.063611,-0.799800,0.602236,0.061971,0.800200,0.601893,0.062076,0.799942,-0.598105,0.063715
287,0.573000,-0.800067,-0.597603,0.183706,-0.799807,0.602396,0.182088,0.800193,0.602049,0.182183,0.799933,-0.597949,0.183801,-0.800060,-0.597765,0.063706,-0.799800,0.602234,0.062088,0.800200,0.601888,0.062183,0.799940,-0.598111,0.063801
288,0.575000,-0.800070,-0.597609,0.183793,-0.799806,0.602390,0.182230,0.800193,0.602039,0.182326,0.799930,-0.597960,0.183889,-0.800063,-0.597765,0.063793,-0.799799,0.602234,0.062230,0.800201,0.601883,0.062326,0.799937,-0.598116,0.063889
289,0.577000,-0.800073,-0.597616,0.183880,-0.799807,0.602383,0.182394,0.800193,0.602028,0.182488,0.799927,-0.597971,0.183974,-0.800066,-0.597765,0.063880,-0.799800,0.602234,0.062394,0.800200,0.601879,0.062488,0.799934,-0.598120,0.063974
290,0.579000,-0.800075,-0.597626,0.183956,-0.799808,0.602373,0.182569,0.800192,0.602017,0.182667,0.799925,-0.597982,0.184053,-0.800067,-0.597765,0.063956,-0.799800,0.602234,0.062569,0.800200,0.601878,0.062667,0.799933,-0.598121,0.064053
291,0.581000,-0.800075,-0.597639,0.184026,-0.799808,0.602360,0.182757,0.800192,0.602005,0.182849,0.799925,-0.597994,0.184118,-0.800068,-0.597766,0.064026,-0.799802,0.602233,0.062757,0.800198,0.601878,0.062849,0.799932,-0.598121,0.064119
292,0.583000,-0.800074,-0.597653,0.184100,-0.799809,0.602346,0.182950,0.800190,0.601993,0.183036,0.799925,-0.598006,0.184186,-0.800068,-0.597768,0.064100,-0.799803,0.602231,0.062950,0.800197,0.601878,0.063036,0.799932,-0.598121,0.064186
293,0.585000,-0.800073,-0.597664,0.184190,-0.799810,0.602336,0.183130,0.800190,0.601985,0.183201,0.799927,-0.598015,0.184261,-0.800068,-0.597770,0.064190,-0.799805,0.602230,0.063130,0.800195,0.601879,0.063201,0.799932,-0.598121,0.064261
294,0.587000,-0.800072,-0.597671,0.184286,-0.799810,0.602329,0.183290,0.800190,0.601979,0.183345,0.799928,-0.598020,0.184341,-0.800068,-0.597770,0.064286,-0.799806,0.602229,0.063290,0.800194,0.601880,0.063345,0.799932,-0.598120,0.064341
295,0.589000,-0.800071,-0.597676,0.184378,-0.799810,0.602324,0.183435,0.800190,0.601976,0.183471,0.799929,-0.598024,0.184415,-0.800068,-0.597770,0.064378,-0.799807,0.602230,0.063435,0.800193,0.601882,0.063471,0.799932,-0.598118,0.064415
296,0.591000,-0.800069,-0.597680,0.184466,-0.799810,0.602320,0.183566,0.800190,0.601973,0.183582,0.799931,-0.598026,0.184482,-0.800068,-0.597770,0.064466,-0.799808,0.602230,0.063566,0.800192,0.601883,0.063582,0.799932,-0.598116,0.064482
297,0.593000,-0.800069,-0.597682,0.184550,-0.799809,0.602317,0.183678,0.800191,0.601971,0.183681,0.799931,-0.598028,0.184553,-0.800069,-0.597770,0.064550,-0.799809,0.602230,0.063678,0.800191,0.601884,0.063681,0.799931,-0.598115,0.064553
298,0.595000,-0.800069,-0.597683,0.184633,-0.799809,0.602317,0.183776,0.800191,0.601971,0.183771,0.799931,-0.598029,0.184628,-0.800069,-0.597768,0.064633,-0.799810,0.602231,0.063776,0.800190,0.601885,0.063771,0.799931,-0.598114,0.064628
299,0.597000,-0.800069,-0.597681,0.184716,-0.799809,0.602318,0.183860,0.800191,0.601971,0.183850,0.799931,-0.598028,0.184705,-0.800070,-0.597767,0.064716,-0.799810,0.602233,0.063860,0.800190,0.601886,0.063850,0.799930,-0.598114,0.064705
300,0.599000,-0.800070,-0.597680,0.184792,-0.799809,0.602320,0.183938,0.800191,0.601972,0.183921,0.799930,-0.598028,0.184776,-0.800071,-0.597765,0.064792,-0.799810,0.602234,0.063938,0.800190,0.601887,0.063921,0.799929,-0.598113,0.064776
301,0.601000,-0.800070,-0.597679,0.184861,-0.799808,0.602321,0.184014,0.800192,0.601972,0.183989,0.799930,-0.598028,0.184836,-0.800072,-0.597764,0.064861,-0.799810,0.602236,0.064014,0.800190,0.601887,0.063989,0.799928,-0.598113,0.064836
302,0.603000,-0.800070,-0.597680,0.184913,-0.799808,0.602319,0.184094,0.800192,0.601970,0.184064,0.799930,-0.598030,0.184882,-0.800073,-0.597762,0.064913,-0.799810,0.602238,0.064094,0.800190,0.601888,0.064064,0.799927,-0.598112,0.064882
303,0.605000,-0.800070,-0.597685,0.184948,-0.799808,0.602315,0.184185,0.800192,0.601965,0.184145,0.799930,-0.598035,0.184908,-0.800073,-0.597761,0.064948,-0.799811,0.602239,0.064185,0.800189,0.601889,0.064145,0.799927,-0.598111,0.064908
304,0.607000,-0.800071,-0.597689,0.184975,-0.799808,0.602311,0.184269,0.800192,0.601960,0.184222,0.799929,-0.598039,0.184928,-0.800074,-0.597760,0.064975,-0.799811,0.602240,0.064269,0.800189,0.601890,0.064222,0.799926,-0.598110,0.064928
305,0.609000,-0.800071,-0.597694,0.184995,-0.799808,0.602306,0.184347,0.800192,0.601955,0.184293,0.799929,-0.598044,0.184941,-0.800075,-0.597759,0.064995,-0.799812,0.602241,0.064347,0.800188,0.601891,0.064293,0.799925,-0.598109,0.064941
306,0.611000,-0.800071,-0.597699,0.185007,-0.799808,0.602301,0.184415,0.800192,0.601951,0.184357,0.799929,-0.598049,0.184949,-0.800075,-0.597758,0.065007,-0.799813,0.602242,0.064415,0.800187,0.601891,0.064357,0.799925,-0.598108,0.064949
307,0.613000,-0.800071,-0.597702,0.185015,-0.799808,0.602297,0.184474,0.800192,0.601947,0.184411,0.799929,-0.598053,0.184951,-0.800076,-0.597756,0.065015,-0.799813,0.602243,0.064474,0.800187,0.601893,0.064411,0.799924,-0.598107,0.064951
308,0.615000,-0.800071,-0.597706,0.185018,-0.799809,0.602294,0.184522,0.800191,0.601944,0.184453,0.799929,-0.598056,0.184949,-0.800076,-0.597756,0.065018,-0.799814,0.602244,0.064522,0.800186,0.601894,0.064453,0.799924,-0.598106,0.064949
309,0.617000,-0.800071,-0.597710,0.185018,-0.799809,0.602290,0.184560,0.800191,0.601942,0.184484,0.799929,-0.598058,0.184941,-0.800076,-0.597755,0.065018,-0.799815,0.602245,0.064560,0.800185,0.601896,0.064484,0.799924,-0.598104,0.064941
310,0.619000,-0.800070,-0.597713,0.185011,-0.799809,0.602287,0.184590,0.800191,0.601939,0.184507,0.799929,-0.598061,0.184928,-0.800077,-0.597755,0.065011,-0.799816,0.602245,0.064590,0.800184,0.601897,0.064507,0.799923,-0.598103,0.064928
311,0.621000,-0.800070,-0.597716,0.185000,-0.799810,0.602284,0.184611,0.800190,0.601936,0.184523,0.799930,-0.598063,0.184912,-0.800077,-0.597755,0.065000,-0.799816,0.602245,0.064611,0.800184,0.601898,0.064523,0.799923,-0.598102,0.064912
312,0.623000,-0.800070,-0.597718,0.184983,-0.799810,0.602282,0.184622,0.800190,0.601934,0.184531,0.799930,-0.598065,0.184892,-0.800077,-0.597754,0.064983,-0.799817,0.602246,0.064622,0.800183,0.601898,0.064531,0.799923,-0.598102,0.064892
313,0.625000,-0.800070,-0.597720,0.184962,-0.799810,0.602280,0.184622,0.800190,0.601933,0.184528,0.799930,-0.598067,0.184869,-0.800077,-0.597754,0.064962,-0.799817,0.602246,0.064622,0.800183,0.601899,0.064528,0.799923,-0.598101,0.064869
314,0.627000,-0.800070,-0.597722,0.184936,-0.799811,0.602278,0.184610,0.800189,0.601932,0.184514,0.799930,-0.598068,0.184840,-0.800078,-0.597754,0.064936,-0.799818,0.602246,0.064610,0.800182,0.601899,0.064514,0.799922,-0.598101,0.064840
315,0.629000,-0.800071,-0.597723,0.184902,-0.799811,0.602277,0.184588,0.800189,0.601931,0.184490,0.799929,-0.598069,0.184805,-0.800078,-0.597754,0.064902,-0.799818,0.602246,0.064588,0.800182,0.601899,0.064490,0.799922,-0.598101,0.064805
316,0.631000,-0.800071,-0.597724,0.184862,-0.799811,0.602276,0.184555,0.800188,0.601930,0.184458,0.799929,-0.598070,0.184764,-0.800078,-0.597755,0.064862,-0.799819,0.602245,0.064555,0.800181,0.601899,0.064458,0.799922,-0.598100,0.064764
317,0.633000,-0.800071,-0.597725,0.184814,-0.799812,0.602275,0.184515,0.800188,0.601930,0.184420,0.799929,-0.598070,0.184718,-0.800078,-0.597755,0.064814,-0.799819,0.602245,0.064515,0.800181,0.601900,0.064420,0.799922,-0.598100,0.064718
318,0.635000,-0.800071,-0.597726,0.184759,-0.799813,0.602274,0.184473,0.800187,0.601929,0.184379,0.799929,-0.598071,0.184665,-0.800079,-0.597755,0.064759,-0.799820,0.602245,0.064473,0.800180,0.601900,0.064379,0.799921,-0.598100,0.064665
319,0.637000,-0.800072,-0.597728,0.184696,-0.799813,0.602272,0.184430,0.800187,0.601927,0.184337,0.799928,-0.598073,0.184602,-0.800079,-0.597755,0.064696,-0.799820,0.602245,0.064430,0.800180,0.601900,0.064337,0.799921,-0.598100,0.064602
320,0.639000,-0.800072,-0.597730,0.184630,-0.799813,0.602270,0.184381,0.800187,0.601926,0.184288,0.799928,-0.598074,0.184537,-0.800079,-0.597755,0.064630,-0.799820,0.602245,0.064381,0.800180,0.601901,0.064288,0.799921,-0.598099,0.064537
321,0.641000,-0.800072,-0.597731,0.184563,-0.799814,0.602269,0.184325,0.800186,0.601925,0.184232,0.799928,-0.598075,0.184470,-0.800079,-0.597755,0.064563,-0.799821,0.602245,0.064325,0.800179,0.601901,0.064232,0.799921,-0.598099,0.064470
322,0.643000,-0.800072,-0.597732,0.184493,-0.799814,0.602268,0.184263,0.800185,0.601925,0.184172,0.799928,-0.598075,0.184403,-0.800079,-0.597755,0.064493,-0.799821,0.602245,0.064263,0.800179,0.601902,0.064172,0.799921,-0.598098,0.064403
323,0.645000,-0.800072,-0.597732,0.184424,-0.799815,0.602268,0.184194,0.800185,0.601925,0.184107,0.799928,-0.598075,0.184336,-0.800079,-0.597755,0.064424,-0.799822,0.602245,0.064194,0.800178,0.601902,0.064107,0.799921,-0.598098,0.064336
324,0.647000,-0.800073,-0.597731,0.184355,-0.799816,0.602269,0.184121,0.800184,0.601926,0.184037,0.799927,-0.598074,0.184272,-0.800079,-0.597755,0.064355,-0.799822,0.602245,0.064121,0.800178,0.601902,0.064037,0.799921,-0.598097,0.064272
325,0.649000,-0.800073,-0.597730,0.184290,-0.799816,0.602270,0.184043,0.800184,0.601928,0.183965,0.799927,-0.598072,0.184212,-0.800079,-0.597755,0.064290,-0.799822,0.602245,0.064043,0.800178,0.601903,0.063965,0.799921,-0.598097,0.064212
326,0.651000,-0.800074,-0.597728,0.184227,-0.799817,0.602272,0.183963,0.800183,0.601930,0.183893,0.799926,-0.598070,0.184157,-0.800079,-0.597755,0.064227,-0.799822,0.602245,0.063963,0.800178,0.601903,0.063893,0.799921,-0.598097,0.064157
327,0.653000,-0.800074,-0.597726,0.184169,-0.799818,0.602274,0.183882,0.800182,0.601932,0.183820,0.799926,-0.598068,0.184107,-0.800079,-0.597755,0.064169,-0.799822,0.602245,0.063882,0.800178,0.601903,0.063820,0.799921,-0.598097,0.064107
328,0.655000,-0.800075,-0.597723,0.184116,-0.799819,0.602277,0.183801,0.800181,0.601935,0.183748,0.799925,-0.598065,0.184064,-0.800079,-0.597755,0.064116,-0.799823,0.602245,0.063801,0.800177,0.601903,0.063748,0.799921,-0.598097,0.064064
329,0.657000,-0.800076,-0.597721,0.184069,-0.799819,0.602279,0.183722,0.800181,0.601937,0.183679,0.799924,-0.598063,0.184026,-0.800079,-0.597755,0.064069,-0.799822,0.602245,0.063722,0.800178,0.601902,0.063679,0.799921,-0.598098,0.064026
330,0.659000,-0.800077,-0.597717,0.184028,-0.799819,0.602283,0.183645,0.800181,0.601940,0.183613,0.799923,-0.598060,0.183996,-0.800079,-0.597755,0.064028,-0.799822,0.602244,0.063645,0.800178,0.601901,0.063613,0.799921,-0.598099,0.063996
331,0.661000,-0.800078,-0.597713,0.183995,-0.799820,0.602287,0.183571,0.800180,0.601943,0.183550,0.799922,-0.598057,0.183974,-0.800079,-0.597755,0.063995,-0.799821,0.602245,0.063571,0.800179,0.601901,0.063550,0.799921,-0.598099,0.063974
332,0.663000,-0.800078,-0.597709,0.183971,-0.799820,0.602291,0.183502,0.800180,0.601946,0.183492,0.799922,-0.598054,0.183961,-0.800079,-0.597756,0.063971,-0.799821,0.602244,0.063502,0.800179,0.601899,0.063492,0.799921,-0.598100,0.063961
333,0.665000,-0.800079,-0.597705,0.183957,-0.799820,0.602295,0.183439,0.800180,0.601949,0.183439,0.799921,-0.598050,0.183957,-0.800079,-0.597757,0.063957,-0.799820,0.602243,0.063439,0.800180,0.601898,0.063439,0.799921,-0.598102,0.063957
334,0.667000,-0.800080,-0.597701,0.183952,-0.799821,0.602299,0.183382,0.800179,0.601953,0.183391,0.799920,-0.598046,0.183962,-0.800079,-0.597758,0.063952,-0.799820,0.602242,0.063382,0.800180,0.601896,0.063391,0.799921,-0.598104,0.063962
335,0.669000,-0.800080,-0.597696,0.183957,-0.799821,0.602303,0.183330,0.800179,0.601958,0.183348,0.799920,-0.598042,0.183975,-0.800079,-0.597759,0.063957,-0.799820,0.602241,0.063330,0.800180,0.601895,0.063348,0.799921,-0.598105,0.063975
336,0.671000,-0.800081,-0.597692,0.183971,-0.799821,0.602308,0.183286,0.800179,0.601962,0.183311,0.799919,-0.598038,0.183996,-0.800079,-0.597760,0.063971,-0.799819,0.602239,0.063286,0.800181,0.601893,0.063311,0.799921,-0.598107,0.063996
337,0.673000,-0.800081,-0.597687,0.183992,-0.799821,0.602313,0.183248,0.800179,0.601966,0.183279,0.799919,-0.598034,0.184024,-0.800079,-0.597761,0.063992,-0.799819,0.602238,0.063248,0.800181,0.601891,0.063279,0.799921,-0.598109,0.064024
338,0.675000,-0.800081,-0.597682,0.184022,-0.799821,0.602318,0.183216,0.800179,0.601970,0.183252,0.799919,-0.598029,0.184058,-0.800079,-0.597763,0.064022,-0.799818,0.602237,0.063216,0.800182,0.601890,0.063252,0.799921,-0.598110,0.064058
339,0.677000,-0.800081,-0.597677,0.184059,-0.799821,0.602322,0.183191,0.800179,0.601975,0.183230,0.799919,-0.598025,0.184098,-0.800078,-0.597764,0.064059,-0.799818,0.602236,0.063191,0.800182,0.601888,0.063230,0.799922,-0.598111,0.064098
340,0.679000,-0.800081,-0.597672,0.184100,-0.799820,0.602327,0.183172,0.800180,0.601980,0.183213,0.799919,-0.598020,0.184141,-0.800078,-0.597765,0.064101,-0.799817,0.602234,0.063172,0.800183,0.601887,0.063213,0.799922,-0.598113,0.064141
341,0.681000,-0.800080,-0.597668,0.184147,-0.799820,0.602332,0.183160,0.800180,0.601984,0.183201,0.799920,-0.598015,0.184188,-0.800077,-0.597767,0.064147,-0.799817,0.602233,0.063160,0.800183,0.601886,0.063201,0.799923,-0.598114,0.064188
342,0.683000,-0.800080,-0.597664,0.184197,-0.799819,0.602336,0.183155,0.800181,0.601989,0.183195,0.799920,-0.598011,0.184237,-0.800077,-0.597768,0.064197,-0.799816,0.602232,0.063155,0.800184,0.601885,0.063195,0.799923,-0.598115,0.064237
343,0.685000,-0.800079,-0.597660,0.184248,-0.799819,0.602340,0.183156,0.800181,0.601993,0.183195,0.799921,-0.598007,0.184287,-0.800076,-0.597769,0.064248,-0.799816,0.602231,0.063157,0.800184,0.601884,0.063195,0.799924,-0.598116,0.064287
344,0.687000,-0.800079,-0.597656,0.184301,-0.799818,0.602343,0.183164,0.800182,0.601996,0.183199,0.799921,-0.598003,0.184337,-0.800076,-0.597770,0.064301,-0.799816,0.602230,0.063164,0.800184,0.601883,0.063199,0.799924,-0.598117,0.064337
345,0.689000,-0.800078,-0.597653,0.184355,-0.799818,0.602347,0.183176,0.800182,0.602000,0.183209,0.799922,-0.598000,0.184387,-0.800075,-0.597771,0.064355,-0.799815,0.602229,0.063177,0.800185,0.601882,0.063209,0.799925,-0.598117,0.064387
346,0.691000,-0.800077,-0.597650,0.184408,-0.799817,0.602349,0.183194,0.800183,0.602003,0.183222,0.799923,-0.597997,0.184436,-0.800075,-0.597771,0.064408,-0.799815,0.602228,0.063194,0.800185,0.601881,0.063222,0.799925,-0.598118,0.064436
347,0.693000,-0.800076,-0.597647,0.184460,-0.799816,0.602352,0.183216,0.800184,0.602005,0.183240,0.799924,-0.597994,0.184483,-0.800074,-0.597772,0.064460,-0.799815,0.602228,0.063216,0.800185,0.601881,0.063240,0.799926,-0.598118,0.064483
348,0.695000,-0.800075,-0.597645,0.184511,-0.799816,0.602354,0.183242,0.800184,0.602008,0.183261,0.799925,-0.597992,0.184530,-0.800074,-0.597772,0.064511,-0.799814,0.602227,0.063243,0.800186,0.601881,0.063261,0.799926,-0.598119,0.064530
349,0.697000,-0.800075,-0.597644,0.184561,-0.799815,0.602356,0.183272,0.800185,0.602009,0.183286,0.799925,-0.597990,0.184575,-0.800074,-0.597773,0.064561,-0.799814,0.602227,0.063272,0.800186,0.601881,0.063286,0.799926,-0.598119,0.064575
350,0.699000,-0.800074,-0.597642,0.184608,-0.799814,0.602357,0.183303,0.800186,0.602011,0.183313,0.799926,-0.597988,0.184618,-0.800073,-0.597773,0.064608,-0.799814,0.602227,0.063303,0.800186,0.601881,0.063313,0.799927,-0.598119,0.064618
351,0.701000,-0.800073,-0.597641,0.184653,-0.799814,0.602358,0.183337,0.800186,0.602012,0.183342,0.799927,-0.597987,0.184659,-0.800073,-0.597773,0.064654,-0.799813,0.602226,0.063337,0.800187,0.601881,0.063342,0.799927,-0.598119,0.064659
352,0.703000,-0.800072,-0.597641,0.184696,-0.799813,0.602359,0.183371,0.800187,0.602013,0.183373,0.799928,-0.597986,0.184698,-0.800072,-0.597773,0.064696,-0.799813,0.602226,0.063371,0.800187,0.601881,0.063373,0.799928,-0.598119,0.064698
353,0.705000,-0.800071,-0.597640,0.184736,-0.799813,0.602359,0.183405,0.800187,0.602014,0.183404,0.799929,-0.597985,0.184735,-0.800071,-0.597773,0.064736,-0.799813,0.602226,0.063406,0.800187,0.601881,0.063404,0.799928,-0.598118,0.064735
354,0.707000,-0.800071,-0.597640,0.184773,-0.799812,0.602359,0.183440,0.800188,0.602015,0.183436,0.799929,-0.597985,0.184769,-0.800071,-0.597773,0.064773,-0.799813,0.602226,0.063440,0.800187,0.601881,0.063436,0.799929,-0.598118,0.064769
355,0.709000,-0.800070,-0.597640,0.184807,-0.799812,0.602359,0.183475,0.800188,0.602014,0.183468,0.799930,-0.597985,0.184800,-0.800071,-0.597774,0.064807,-0.799812,0.602226,0.063475,0.800188,0.601881,0.063468,0.799929,-0.598118,0.064800
356,0.711000,-0.800069,-0.597641,0.184837,-0.799811,0.602358,0.183509,0.800189,0.602014,0.183499,0.799931,-0.597985,0.184828,-0.800070,-0.597774,0.064837,-0.799812,0.602225,0.063509,0.800188,0.601881,0.063499,0.799930,-0.598118,0.064828
357,0.713000,-0.800069,-0.597642,0.184864,-0.799811,0.602357,0.183541,0.800189,0.602014,0.183530,0.799931,-0.597985,0.184853,-0.800070,-0.597774,0.064864,-0.799812,0.602225,0.063542,0.800188,0.601882,0.063530,0.799930,-0.598118,0.064853
358,0.715000,-0.800068,-0.597643,0.184887,-0.799810,0.602356,0.183573,0.800190,0.602013,0.183560,0.799932,-0.597987,0.184874,-0.800069,-0.597774,0.064887,-0.799811,0.602225,0.063573,0.800189,0.601881,0.063560,0.799931,-0.598118,0.064874
359,0.717000,-0.800067,-0.597644,0.184905,-0.799810,0.602355,0.183602,0.800190,0.602012,0.183588,0.799933,-0.597988,0.184891,-0.800068,-0.597775,0.064906,-0.799811,0.602224,0.063602,0.800189,0.601881,0.063588,0.799932,-0.598118,0.064892
360,0.719000,-0.800067,-0.597646,0.184920,-0.799810,0.602353,0.183630,0.800190,0.602011,0.183615,0.799933,-0.597989,0.184905,-0.800068,-0.597775,0.064920,-0.799811,0.602224,0.063630,0.800189,0.601881,0.063615,0.799932,-0.598118,0.064906
361,0.721000,-0.800067,-0.597648,0.184931,-0.799809,0.602352,0.183655,0.800191,0.602009,0.183639,0.799933,-0.597991,0.184915,-0.800068,-0.597775,0.064931,-0.799811,0.602224,0.063655,0.800189,0.601881,0.063639,0.799932,-0.598118,0.064915
362,0.723000,-0.800066,-0.597650,0.184938,-0.799809,0.602350,0.183677,0.800191,0.602007,0.183661,0.799934,-0.597993,0.184922,-0.800067,-0.597776,0.064938,-0.799810,0.602224,0.063677,0.800190,0.601881,0.063661,0.799932,-0.598119,0.064922
363,0.725000,-0.800066,-0.597651,0.184940,-0.799809,0.602348,0.183696,0.800191,0.602005,0.183680,0.799934,-0.597994,0.184924,-0.800067,-0.597776,0.064940,-0.799810,0.602223,0.063696,0.800190,0.601881,0.063680,0.799933,-0.598119,0.064924
364,0.727000,-0.800066,-0.597653,0.184939,-0.799808,0.602346,0.183712,0.800192,0.602003,0.183696,0.799934,-0.597996,0.184923,-0.800067,-0.597776,0.064939,-0.799810,0.602223,0.063712,0.800190,0.601880,0.063696,0.799933,-0.598119,0.064923
365,0.729000,-0.800065,-0.597655,0.184934,-0.799808,0.602344,0.183725,0.800192,0.602001,0.183709,0.799934,-0.597998,0.184918,-0.800067,-0.597776,0.064934,-0.799809,0.602223,0.063725,0.800191,0.601880,0.063709,0.799933,-0.598119,0.064918
366,0.731000,-0.800065,-0.597657,0.184925,-0.799808,0.602342,0.183735,0.800192,0.601999,0.183719,0.799935,-0.598000,0.184910,-0.800066,-0.597776,0.064925,-0.799809,0.602223,0.063735,0.800191,0.601880,0.063719,0.799933,-0.598120,0.064910
367,0.733000,-0.800065,-0.597659,0.184912,-0.799807,0.602341,0.183741,0.800193,0.601997,0.183726,0.799935,-0.598002,0.184898,-0.800066,-0.597776,0.064913,-0.799809,0.602224,0.063741,0.800191,0.601880,0.063726,0.799934,-0.598120,0.064898
368,0.735000,-0.800065,-0.597660,0.184896,-0.799807,0.602339,0.183743,0.800193,0.601995,0.183730,0.799935,-0.598004,0.184883,-0.800066,-0.597776,0.064896,-0.799808,0.602224,0.063743,0.800192,0.601880,0.063730,0.799934,-0.598120,0.064883
369,0.737000,-0.800065,-0.597662,0.184877,-0.799807,0.602337,0.183743,0.800193,0.601993,0.183731,0.799935,-0.598006,0.184864,-0.800066,-0.597776,0.064877,-0.799808,0.602224,0.063743,0.800192,0.601880,0.063731,0.799934,-0.598120,0.064865
370,0.739000,-0.800065,-0.597664,0.184854,-0.799807,0.602335,0.183739,0.800193,0.601991,0.183728,0.799935,-0.598008,0.184843,-0.800066,-0.597776,0.064854,-0.799808,0.602224,0.063739,0.800192,0.601880,0.063728,0.799934,-0.598120,0.064843
371,0.741000,-0.800065,-0.597666,0.184829,-0.799807,0.602334,0.183733,0.800193,0.601989,0.183723,0.799935,-0.598010,0.184819,-0.800065,-0.597775,0.064829,-0.799807,0.602224,0.063733,0.800193,0.601880,0.063723,0.799934,-0.598120,0.064819
372,0.743000,-0.800065,-0.597667,0.184801,-0.799806,0.602332,0.183723,0.800194,0.601988,0.183715,0.799935,-0.598012,0.184793,-0.800065,-0.597775,0.064801,-0.799807,0.602224,0.063723,0.800193,0.601880,0.063715,0.799935,-0.598119,0.064793
373,0.745000,-0.800065,-0.597669,0.184771,-0.799806,0.602331,0.183712,0.800194,0.601986,0.183705,0.799935,-0.598013,0.184764,-0.800065,-0.597775,0.064771,-0.799807,0.602225,0.063712,0.800193,0.601880,0.063705,0.799935,-0.598119,0.064765
374,0.747000,-0.800065,-0.597670,0.184739,-0.799806,0.602329,0.183698,0.800194,0.601985,0.183693,0.799935,-0.598015,0.184734,-0.800065,-0.597775,0.064739,-0.799807,0.602225,0.063698,0.800193,0.601880,0.063693,0.799935,-0.598119,0.064735
375,0.749000,-0.800065,-0.597672,0.184706,-0.799806,0.602328,0.183682,0.800194,0.601983,0.183679,0.799935,-0.598016,0.184703,-0.800065,-0.597774,0.064706,-0.799806,0.602225,0.063682,0.800194,0.601881,0.063679,0.799935,-0.598119,0.064703
376,0.751000,-0.800065,-0.597673,0.184673,-0.799806,0.602326,0.183664,0.800194,0.601982,0.183663,0.799935,-0.598018,0.184671,-0.800065,-0.597774,0.064673,-0.799806,0.602226,0.063665,0.800194,0.601881,0.063663,0.799935,-0.598119,0.064671
377,0.753000,-0.800065,-0.597674,0.184639,-0.799806,0.602325,0.183646,0.800194,0.601981,0.183646,0.799935,-0.598019,0.184639,-0.800065,-0.597773,0.064639,-0.799806,0.602226,0.063646,0.800194,0.601881,0.063646,0.799935,-0.598118,0.064639
378,0.755000,-0.800065,-0.597675,0.184605,-0.799806,0.602324,0.183627,0.800194,0.601979,0.183629,0.799935,-0.598020,0.184607,-0.800065,-0.597773,0.064605,-0.799806,0.602227,0.063627,0.800194,0.601882,0.063629,0.799935,-0.598118,0.064607
379,0.757000,-0.800065,-0.597676,0.184572,-0.799806,0.602324,0.183608,0.800194,0.601978,0.183611,0.799935,-0.598021,0.184575,-0.800064,-0.597772,0.064572,-0.799806,0.602227,0.063608,0.800194,0.601882,0.063611,0.799935,-0.598118,0.064575
380,0.759000,-0.800065,-0.597677,0.184540,-0.799806,0.602323,0.183588,0.800194,0.601978,0.183593,0.799935,-0.598022,0.184544,-0.800064,-0.597772,0.064540,-0.799805,0.602228,0.063588,0.800195,0.601882,0.063593,0.799936,-0.598117,0.064544
381,0.761000,-0.800065,-0.597677,0.184509,-0.799806,0.602322,0.183569,0.800194,0.601977,0.183575,0.799935,-0.598023,0.184515,-0.800064,-0.597771,0.064509,-0.799805,0.602228,0.063569,0.800195,0.601883,0.063575,0.799936,-0.598117,0.064515
382,0.763000,-0.800065,-0.597678,0.184481,-0.799806,0.602322,0.183551,0.800194,0.601976,0.183558,0.799935,-0.598023,0.184488,-0.800064,-0.597771,0.064481,-0.799805,0.602229,0.063551,0.800195,0.601883,0.063558,0.799936,-0.598116,0.064488
383,0.765000,-0.800065,-0.597678,0.184455,-0.799806,0.602322,0.183534,0.800194,0.601976,0.183542,0.799935,-0.598024,0.184463,-0.800064,-0.597770,0.064455,-0.799805,0.602230,0.063534,0.800195,0.601884,0.063542,0.799936,-0.598116,0.064463
384,0.767000,-0.800065,-0.597678,0.184431,-0.799806,0.602321,0.183518,0.800194,0.601976,0.183527,0.799935,-0.598024,0.184440,-0.800064,-0.597769,0.064431,-0.799805,0.602230,0.063518,0.800195,0.601884,0.063527,0.799936,-0.598115,0.064440
385,0.769000,-0.800065,-0.597678,0.184411,-0.799806,0.602322,0.183503,0.800194,0.601976,0.183513,0.799935,-0.598024,0.184420,-0.800064,-0.597769,0.064411,-0.799805,0.602231,0.063503,0.800195,0.601885,0.063513,0.799935,-0.598115,0.064420
386,0.771000,-0.800065,-0.597678,0.184394,-0.799806,0.602322,0.183491,0.800194,0.601976,0.183501,0.799935,-0.598024,0.184404,-0.800065,-0.597768,0.064394,-0.799805,0.602231,0.063491,0.800195,0.601885,0.063501,0.799935,-0.598114,0.064404
387,0.773000,-0.800065,-0.597678,0.184380,-0.799806,0.602322,0.183480,0.800194,0.601976,0.183490,0.799935,-0.598024,0.184390,-0.800065,-0.597768,0.064380,-0.799805,0.602232,0.063480,0.800195,0.601886,0.063490,0.799935,-0.598114,0.064390
388,0.775000,-0.800065,-0.597677,0.184369,-0.799806,0.602323,0.183471,0.800194,0.601976,0.183481,0.799935,-0.598023,0.184379,-0.800065,-0.597767,0.064369,-0.799805,0.602233,0.063471,0.800195,0.601886,0.063481,0.799935,-0.598113,0.064379
389,0.777000,-0.800065,-0.597677,0.184362,-0.799806,0.602323,0.183464,0.800194,0.601977,0.183474,0.799935,-0.598023,0.184372,-0.800065,-0.597766,0.064362,-0.799805,0.602233,0.063464,0.800195,0.601887,0.063474,0.799935,-0.598113,0.064372
390,0.779000,-0.800066,-0.597676,0.184358,-0.799806,0.602324,0.183460,0.800194,0.601977,0.183469,0.799934,-0.598022,0.184368,-0.800065,-0.597766,0.064358,-0.799805,0.602234,0.063460,0.800195,0.601888,0.063469,0.799935,-0.598112,0.064368
391,0.781000,-0.800066,-0.597675,0.184357,-0.799806,0.602324,0.183457,0.800194,0.601978,0.183466,0.799934,-0.598021,0.184366,-0.800065,-0.597765,0.064357,-0.799805,0.602234,0.063457,0.800195,0.601888,0.063466,0.799935,-0.598111,0.064367
392,0.783000,-0.800066,-0.597675,0.184360,-0.799806,0.602325,0.183457,0.800194,0.601979,0.183465,0.799934,-0.598021,0.184368,-0.800065,-0.597765,0.064360,-0.799805,0.602235,0.063457,0.800195,0.601889,0.063465,0.799935,-0.598111,0.064368
393,0.785000,-0.800066,-0.597674,0.184365,-0.799806,0.602326,0.183458,0.800194,0.601980,0.183466,0.799934,-0.598020,0.184373,-0.800065,-0.597765,0.064365,-0.799806,0.602235,0.063458,0.800194,0.601889,0.063466,0.799935,-0.598110,0.064373
394,0.787000,-0.800066,-0.597673,0.184373,-0.799806,0.602326,0.183462,0.800194,0.601981,0.183469,0.799934,-0.598019,0.184380,-0.800065,-0.597764,0.064373,-0.799806,0.602235,0.063462,0.800194,0.601890,0.063469,0.799935,-0.598110,0.064380
395,0.789000,-0.800066,-0.597672,0.184383,-0.799806,0.602327,0.183467,0.800194,0.601982,0.183473,0.799934,-0.598018,0.184389,-0.800065,-0.597764,0.064383,-0.799806,0.602236,0.063467,0.800194,0.601890,0.063473,0.799935,-0.598110,0.064389
396,0.791000,-0.800066,-0.597672,0.184396,-0.799807,0.602328,0.183474,0.800193,0.601983,0.183479,0.799934,-0.598017,0.184401,-0.800065,-0.597764,0.064396,-0.799806,0.602236,0.063474,0.800194,0.601890,0.063479,0.799935,-0.598109,0.064401
397,0.793000,-0.800066,-0.597671,0.184410,-0.799807,0.602328,0.183482,0.800193,0.601983,0.183487,0.799934,-0.598016,0.184414,-0.800065,-0.597764,0.064410,-0.799806,0.602236,0.063482,0.800193,0.601891,0.063487,0.799935,-0.598109,0.064414
398,0.795000,-0.800066,-0.597671,0.184425,-0.799807,0.602329,0.183491,0.800193,0.601984,0.183495,0.799934,-0.598016,0.184429,-0.800065,-0.597764,0.064425,-0.799807,0.602235,0.063492,0.800193,0.601891,0.063495,0.799935,-0.598109,0.064429
399,0.797000,-0.800066,-0.597671,0.184442,-0.799807,0.602329,0.183502,0.800193,0.601984,0.183505,0.799934,-0.598015,0.184445,-0.800065,-0.597765,0.064442,-0.799807,0.602235,0.063502,0.800193,0.601890,0.063505,0.799935,-0.598109,0.064445
400,0.799000,-0.800066,-0.597670,0.184459,-0.799807,0.602329,0.183513,0.800193,0.601985,0.183516,0.799934,-0.598015,0.184462,-0.800066,-0.597765,0.064459,-0.799807,0.602235,0.063513,0.800193,0.601890,0.063516,0.799934,-0.598109,0.064462
401,0.801000,-0.800066,-0.597670,0.184477,-0.799808,0.602329,0.183525,0.800192,0.601985,0.183527,0.799934,-0.598015,0.184479,-0.800066,-0.597765,0.064477,-0.799807,0.602234,0.063525,0.800193,0.601890,0.063527,0.799934,-0.598110,0.064479
402,0.803000,-0.800066,-0.597670,0.184495,-0.799808,0.602329,0.183538,0.800192,0.601985,0.183539,0.799934,-0.598015,0.184497,-0.800066,-0.597766,0.064495,-0.799808,0.602234,0.063538,0.800192,0.601889,0.063539,0.799934,-0.598110,0.064497
403,0.805000,-0.800066,-0.597670,0.184514,-0.799808,0.602329,0.183551,0.800192,0.601985,0.183552,0.799934,-0.598014,0.184515,-0.800066,-0.597767,0.064514,-0.799808,0.602233,0.063551,0.800192,0.601889,0.063552,0.799934,-0.598111,0.064515
404,0.807000,-0.800066,-0.597671,0.184532,-0.799808,0.602329,0.183564,0.800192,0.601985,0.183565,0.799934,-0.598015,0.184533,-0.800066,-0.597768,0.064532,-0.799808,0.602232,0.063564,0.800192,0.601888,0.063565,0.799934,-0.598111,0.064533
405,0.809000,-0.800066,-0.597671,0.184549,-0.799808,0.602328,0.183578,0.800192,0.601985,0.183578,0.799934,-0.598015,0.184550,-0.800066,-0.597768,0.064549,-0.799808,0.602231,0.063578,0.800192,0.601887,0.063578,0.799934,-0.598112,0.064550
406,0.811000,-0.800066,-0.597671,0.184566,-0.799809,0.602328,0.183591,0.800191,0.601984,0.183591,0.799934,-0.598015,0.184567,-0.800066,-0.597769,0.064566,-0.799809,0.602231,0.063591,0.800191,0.601887,0.063591,0.799934,-0.598113,0.064567
407,0.813000,-0.800067,-0.597672,0.184582,-0.799809,0.602328,0.183604,0.800191,0.601984,0.183604,0.799933,-0.598016,0.184583,-0.800067,-0.597770,0.064582,-0.799809,0.602230,0.063604,0.800191,0.601886,0.063604,0.799933,-0.598113,0.064583
408,0.815000,-0.800067,-0.597672,0.184597,-0.799809,0.602327,0.183616,0.800191,0.601984,0.183617,0.799933,-0.598016,0.184598,-0.800067,-0.597770,0.064597,-0.799809,0.602229,0.063616,0.800191,0.601885,0.063617,0.799933,-0.598114,0.064598
409,0.817000,-0.800067,-0.597673,0.184611,-0.799809,0.602327,0.183628,0.800191,0.601983,0.183629,0.799933,-0.598016,0.184612,-0.800067,-0.597771,0.064611,-0.799809,0.602229,0.063629,0.800191,0.601885,0.063629,0.799933,-0.598115,0.064612
410,0.819000,-0.800067,-0.597673,0.184624,-0.799809,0.602327,0.183640,0.800191,0.601983,0.183640,0.799933,-0.598017,0.184624,-0.800067,-0.597771,0.064624,-0.799809,0.602228,0.063640,0.800191,0.601884,0.063640,0.799933,-0.598115,0.064624
411,0.821000,-0.800067,-0.597673,0.184635,-0.799809,0.602326,0.183650,0.800190,0.601983,0.183651,0.799933,-0.598017,0.184636,-0.800067,-0.597772,0.064635,-0.799809,0.602228,0.063650,0.800191,0.601884,0.063651,0.799933,-0.598116,0.064636
412,0.823000,-0.800068,-0.597673,0.184645,-0.799810,0.602326,0.183660,0.800190,0.601982,0.183661,0.799932,-0.598017,0.184646,-0.800068,-0.597772,0.064645,-0.799810,0.602228,0.063660,0.800190,0.601884,0.063661,0.799932,-0.598116,0.064646
413,0.825000,-0.800068,-0.597674,0.184653,-0.799810,0.602326,0.183668,0.800190,0.601982,0.183669,0.799932,-0.598018,0.184654,-0.800068,-0.597772,0.064653,-0.799810,0.602227,0.063668,0.800190,0.601883,0.063669,0.799932,-0.598116,0.064654
414,0.827000,-0.800068,-0.597674,0.184660,-0.799810,0.602326,0.183675,0.800190,0.601982,0.183677,0.799932,-0.598018,0.184661,-0.800068,-0.597772,0.064660,-0.799810,0.602227,0.063675,0.800190,0.601883,0.063677,0.799932,-0.598116,0.064661
415,0.829000,-0.800068,-0.597674,0.184665,-0.799810,0.602325,0.183681,0.800190,0.601981,0.183683,0.799932,-0.598018,0.184666,-0.800068,-0.597772,0.064665,-0.799810,0.602227,0.063681,0.800190,0.601883,0.063683,0.799932,-0.598117,0.064666
416,0.831000,-0.800068,-0.597674,0.184668,-0.799810,0.602325,0.183686,0.800190,0.601981,0.183687,0.799931,-0.598019,0.184670,-0.800068,-0.597773,0.064668,-0.799810,0.602227,0.063686,0.800190,0.601883,0.063687,0.799932,-0.598117,0.064670
417,0.833000,-0.800069,-0.597675,0.184670,-0.799810,0.602325,0.183689,0.800190,0.601981,0.183691,0.799931,-0.598019,0.184672,-0.800069,-0.597773,0.064670,-0.799810,0.602227,0.063689,0.800190,0.601883,0.063691,0.799931,-0.598117,0.064672
418,0.835000,-0.800069,-0.597675,0.184670,-0.799811,0.602325,0.183690,0.800189,0.601981,0.183693,0.799931,-0.598019,0.184672,-0.800069,-0.597773,0.064670,-0.799810,0.602227,0.063690,0.800190,0.601883,0.063693,0.799931,-0.598117,0.064672
419,0.837000,-0.800069,-0.597675,0.184668,-0.799811,0.602325,0.183691,0.800189,0.601981,0.183694,0.799931,-0.598019,0.184671,-0.800069,-0.597772,0.064668,-0.799811,0.602227,0.063691,0.800189,0.601883,0.063694,0.799931,-0.598117,0.064671
420,0.839000,-0.800069,-0.597675,0.184665,-0.799811,0.602325,0.183690,0.800189,0.601980,0.183693,0.799931,-0.598019,0.184668,-0.800069,-0.597772,0.064665,-0.799811,0.602227,0.063690,0.800189,0.601883,0.063693,0.799931,-0.598117,0.064668
421,0.841000,-0.800069,-0.597675,0.184660,-0.799811,0.602325,0.183687,0.800189,0.601980,0.183691,0.799931,-0.598019,0.184664,-0.800069,-0.597772,0.064661,-0.799811,0.602227,0.063687,0.800189,0.601883,0.063691,0.799931,-0.598117,0.064664
422,0.843000,-0.800070,-0.597675,0.184655,-0.799811,0.602325,0.183683,0.800189,0.601980,0.183687,0.799930,-0.598019,0.184659,-0.800069,-0.597772,0.064655,-0.799811,0.602228,0.063683,0.800189,0.601883,0.063687,0.799931,-0.598117,0.064659
423,0.845000,-0.800070,-0.597675,0.184648,-0.799811,0.602325,0.183679,0.800189,0.601980,0.183683,0.799930,-0.598019,0.184652,-0.800069,-0.597772,0.064648,-0.799811,0.602228,0.063679,0.800189,0.601883,0.063683,0.799931,-0.598116,0.064652
424,0.847000,-0.800070,-0.597675,0.184639,-0.799811,0.602325,0.183673,0.800189,0.601980,0.183677,0.799930,-0.598019,0.184644,-0.800070,-0.597771,0.064640,-0.799811,0.602228,0.063673,0.800189,0.601883,0.063677,0.799930,-0.598116,0.064644
425,0.849000,-0.800070,-0.597674,0.184631,-0.799811,0.602325,0.183666,0.800189,0.601980,0.183670,0.799930,-0.598019,0.184635,-0.800070,-0.597771,0.064631,-0.799811,0.602229,0.063666,0.800189,0.601884,0.063670,0.799930,-0.598116,0.064635
426,0.851000,-0.800070,-0.597674,0.184621,-0.799811,0.602325,0.183658,0.800188,0.601980,0.183663,0.799930,-0.598019,0.184626,-0.800070,-0.597771,0.064621,-0.799811,0.602229,0.063658,0.800189,0.601884,0.063663,0.799930,-0.598115,0.064626
427,0.853000,-0.800070,-0.597674,0.184611,-0.799812,0.602325,0.183650,0.800188,0.601981,0.183655,0.799930,-0.598019,0.184616,-0.800070,-0.597770,0.064611,-0.799811,0.602229,0.063650,0.800189,0.601884,0.063655,0.799930,-0.598115,0.064616
428,0.855000,-0.800070,-0.597674,0.184600,-0.799812,0.602326,0.183640,0.800188,0.601981,0.183646,0.799930,-0.598019,0.184605,-0.800070,-0.597770,0.064600,-0.799811,0.602230,0.063641,0.800189,0.601885,0.063646,0.799930,-0.598115,0.064605
429,0.857000,-0.800070,-0.597674,0.184589,-0.799812,0.602326,0.183631,0.800188,0.601981,0.183636,0.799929,-0.598019,0.184594,-0.800070,-0.597769,0.064589,-0.799811,0.602230,0.063631,0.800189,0.601885,0.063636,0.799930,-0.598114,0.064594
430,0.859000,-0.800071,-0.597673,0.184578,-0.799812,0.602326,0.183621,0.800188,0.601981,0.183627,0.799929,-0.598018,0.184584,-0.800070,-0.597769,0.064578,-0.799811,0.602230,0.063621,0.800189,0.601886,0.063627,0.799930,-0.598114,0.064584
431,0.861000,-0.800071,-0.597673,0.184568,-0.799812,0.602327,0.183612,0.800188,0.601982,0.183617,0.799929,-0.598018,0.184573,-0.800070,-0.597769,0.064568,-0.799812,0.602231,0.063612,0.800188,0.601886,0.063617,0.799930,-0.598114,0.064573
432,0.863000,-0.800071,-0.597673,0.184557,-0.799812,0.602327,0.183602,0.800188,0.601982,0.183607,0.799929,-0.598018,0.184562,-0.800070,-0.597768,0.064557,-0.799812,0.602231,0.063602,0.800188,0.601886,0.063607,0.799930,-0.598113,0.064562
433,0.865000,-0.800071,-0.597673,0.184548,-0.799812,0.602327,0.183593,0.800188,0.601982,0.183598,0.799929,-0.598017,0.184553,-0.800070,-0.597768,0.064548,-0.799812,0.602231,0.063593,0.800188,0.601887,0.063598,0.799930,-0.598113,0.064553
434,0.867000,-0.800071,-0.597672,0.184538,-0.799812,0.602327,0.183584,0.800188,0.601983,0.183588,0.799929,-0.598017,0.184543,-0.800070,-0.597768,0.064538,-0.799812,0.602232,0.063584,0.800188,0.601887,0.063588,0.799930,-0.598112,0.064543
435,0.869000,-0.800071,-0.597672,0.184530,-0.799812,0.602327,0.183575,0.800188,0.601983,0.183580,0.799929,-0.598017,0.184534,-0.800070,-0.597768,0.064530,-0.799812,0.602232,0.063575,0.800188,0.601887,0.063580,0.799930,-0.598112,0.064535
436,0.871000,-0.800071,-0.597672,0.184522,-0.799812,0.602327,0.183567,0.800188,0.601983,0.183572,0.799929,-0.598016,0.184527,-0.800070,-0.597768,0.064522,-0.799812,0.602232,0.063567,0.800188,0.601888,0.063572,0.799930,-0.598112,0.064527
437,0.873000,-0.800070,-0.597672,0.184515,-0.799812,0.602328,0.183560,0.800188,0.601984,0.183564,0.799930,-0.598016,0.184520,-0.800070,-0.597768,0.064515,-0.799812,0.602232,0.063560,0.800188,0.601888,0.063564,0.799930,-0.598112,0.064520
438,0.875000,-0.800070,-0.597672,0.184510,-0.799812,0.602328,0.183554,0.800188,0.601984,0.183558,0.799930,-0.598016,0.184514,-0.800070,-0.597768,0.064510,-0.799812,0.602232,0.063554,0.800188,0.601888,0.063558,0.799930,-0.598112,0.064514
439,0.877000,-0.800070,-0.597672,0.184505,-0.799813,0.602328,0.183548,0.800187,0.601984,0.183552,0.799930,-0.598016,0.184509,-0.800070,-0.597768,0.064505,-0.799812,0.602232,0.063548,0.800188,0.601888,0.063552,0.799930,-0.598111,0.064509
440,0.879000,-0.800070,-0.597672,0.184501,-0.799813,0.602328,0.183544,0.800187,0.601984,0.183547,0.799930,-0.598016,0.184505,-0.800070,-0.597768,0.064501,-0.799812,0.602232,0.063544,0.800188,0.601888,0.063547,0.799930,-0.598111,0.064505
441,0.881000,-0.800070,-0.597672,0.184499,-0.799813,0.602328,0.183540,0.800187,0.601984,0.183544,0.799930,-0.598016,0.184503,-0.800070,-0.597768,0.064499,-0.799812,0.602232,0.063540,0.800188,0.601888,0.063544,0.799930,-0.598111,0.064503
442,0.883000,-0.800070,-0.597672,0.184497,-0.799813,0.602328,0.183537,0.800187,0.601984,0.183541,0.799930,-0.598016,0.184501,-0.800070,-0.597768,0.064497,-0.799812,0.602232,0.063537,0.800188,0.601888,0.063541,0.799930,-0.598112,0.064501
443,0.885000,-0.800070,-0.597672,0.184497,-0.799813,0.602328,0.183536,0.800187,0.601984,0.183539,0.799930,-0.598016,0.184501,-0.800070,-0.597768,0.064497,-0.799812,0.602232,0.063536,0.800188,0.601888,0.063539,0.799930,-0.598112,0.064501
444,0.887000,-0.800070,-0.597672,0.184498,-0.799813,0.602328,0.183535,0.800187,0.601984,0.183538,0.799930,-0.598016,0.184501,-0.800070,-0.597768,0.064498,-0.799812,0.602231,0.063535,0.800188,0.601888,0.063538,0.799930,-0.598112,0.064501
445,0.889000,-0.800070,-0.597672,0.184500,-0.799813,0.602328,0.183535,0.800187,0.601984,0.183538,0.799930,-0.598015,0.184503,-0.800070,-0.597768,0.064500,-0.799812,0.602231,0.063535,0.800188,0.601888,0.063538,0.799930,-0.598112,0.064503
446,0.891000,-0.800070,-0.597672,0.184502,-0.799813,0.602328,0.183536,0.800187,0.601984,0.183539,0.799930,-0.598015,0.184505,-0.800070,-0.597768,0.064502,-0.799812,0.602231,0.063536,0.800188,0.601888,0.063539,0.799930,-0.598112,0.064505
447,0.893000,-0.800070,-0.597672,0.184506,-0.799812,0.602328,0.183538,0.800187,0.601984,0.183541,0.799930,-0.598015,0.184509,-0.800070,-0.597769,0.064506,-0.799812,0.602231,0.063538,0.800188,0.601887,0.063541,0.799930,-0.598112,0.064509
448,0.895000,-0.800070,-0.597672,0.184510,-0.799812,0.602328,0.183540,0.800188,0.601984,0.183543,0.799930,-0.598015,0.184513,-0.800070,-0.597769,0.064510,-0.799812,0.602231,0.063540,0.800188,0.601887,0.063544,0.799930,-0.598112,0.064513
449,0.897000,-0.800070,-0.597672,0.184515,-0.799812,0.602328,0.183544,0.800188,0.601984,0.183547,0.799930,-0.598015,0.184518,-0.800070,-0.597769,0.064515,-0.799812,0.602231,0.063544,0.800188,0.601887,0.063547,0.799930,-0.598112,0.064518
450,0.899000,-0.800070,-0.597672,0.184520,-0.799812,0.602328,0.183547,0.800188,0.601984,0.183551,0.799930,-0.598015,0.184523,-0.800070,-0.597769,0.064520,-0.799812,0.602231,0.063547,0.800188,0.601887,0.063551,0.799930,-0.598113,0.064523
451,0.901000,-0.800070,-0.597672,0.184526,-0.799812,0.602328,0.183552,0.800188,0.601984,0.183555,0.799930,-0.598015,0.184529,-0.800070,-0.597769,0.064526,-0.799812,0.602231,0.063552,0.800188,0.601887,0.063555,0.799930,-0.598113,0.064529
452,0.903000,-0.800070,-0.597672,0.184532,-0.799812,0.602328,0.183557,0.800188,0.601984,0.183560,0.799930,-0.598015,0.184535,-0.800070,-0.597769,0.064532,-0.799812,0.602230,0.063557,0.800188,0.601887,0.063560,0.799930,-0.598113,0.064535
453,0.905000,-0.800070,-0.597672,0.184539,-0.799812,0.602328,0.183562,0.800188,0.601984,0.183565,0.799930,-0.598015,0.184542,-0.800070,-0.597769,0.064539,-0.799812,0.602230,0.063562,0.800188,0.601887,0.063565,0.799930,-0.598113,0.064542
454,0.907000,-0.800070,-0.597672,0.184545,-0.799812,0.602328,0.183568,0.800188,0.601984,0.183571,0.799930,-0.598015,0.184549,-0.800070,-0.597769,0.064545,-0.799812,0.602230,0.063568,0.800188,0.601887,0.063571,0.799930,-0.598113,0.064549
455,0.909000,-0.800070,-0.597672,0.184552,-0.799812,0.602328,0.183574,0.800188,0.601984,0.183577,0.799930,-0.598015,0.184555,-0.800070,-0.597769,0.064552,-0.799812,0.602230,0.063574,0.800188,0.601886,0.063577,0.799930,-0.598113,0.064555
456,0.911000,-0.800070,-0.597671,0.184559,-0.799812,0.602328,0.183580,0.800188,0.601984,0.183583,0.799930,-0.598015,0.184562,-0.800070,-0.597769,0.064559,-0.799812,0.602230,0.063580,0.800188,0.601886,0.063583,0.799930,-0.598113,0.064562
457,0.913000,-0.800070,-0.597671,0.184565,-0.799812,0.602328,0.183586,0.800188,0.601984,0.183589,0.799930,-0.598015,0.184569,-0.800070,-0.597769,0.064565,-0.799812,0.602230,0.063586,0.800188,0.601886,0.063589,0.799930,-0.598113,0.064569
458,0.915000,-0.800070,-0.597671,0.184571,-0.799812,0.602328,0.183592,0.800188,0.601984,0.183596,0.799930,-0.598015,0.184575,-0.800070,-0.597769,0.064571,-0.799812,0.602230,0.063592,0.800188,0.601886,0.063596,0.799930,-0.598113,0.064575
459,0.917000,-0.800070,-0.597672,0.184577,-0.799812,0.602328,0.183598,0.800188,0.601984,0.183602,0.799930,-0.598016,0.184581,-0.800070,-0.597769,0.064577,-0.799812,0.602230,0.063598,0.800188,0.601886,0.063602,0.799930,-0.598113,0.064581
460,0.919000,-0.800070,-0.597672,0.184583,-0.799812,0.602328,0.183604,0.800188,0.601984,0.183608,0.799930,-0.598016,0.184587,-0.800070,-0.597769,0.064583,-0.799812,0.602230,0.063604,0.800188,0.601886,0.063608,0.799930,-0.598113,0.064587
461,0.921000,-0.800070,-0.597672,0.184588,-0.799812,0.602328,0.183609,0.800188,0.601984,0.183613,0.799930,-0.598016,0.184592,-0.800069,-0.597770,0.064588,-0.799811,0.602230,0.063609,0.800188,0.601886,0.063613,0.799931,-0.598113,0.064592
462,0.923000,-0.800070,-0.597672,0.184593,-0.799812,0.602328,0.183615,0.800188,0.601984,0.183618,0.799930,-0.598016,0.184596,-0.800069,-0.597770,0.064593,-0.799811,0.602230,0.063615,0.800189,0.601886,0.063619,0.799931,-0.598114,0.064597
463,0.925000,-0.800070,-0.597672,0.184597,-0.799812,0.602328,0.183619,0.800188,0.601984,0.183623,0.799930,-0.598016,0.184601,-0.800069,-0.597770,0.064597,-0.799811,0.602230,0.063619,0.800189,0.601886,0.063623,0.799931,-0.598113,0.064601
464,0.927000,-0.800070,-0.597672,0.184600,-0.799812,0.602328,0.183624,0.800188,0.601984,0.183628,0.799930,-0.598016,0.184604,-0.800069,-0.597770,0.064600,-0.799811,0.602230,0.063624,0.800189,0.601886,0.063628,0.799931,-0.598114,0.064604
465,0.929000,-0.800069,-0.597672,0.184603,-0.799812,0.602328,0.183628,0.800188,0.601984,0.183632,0.799930,-0.598016,0.184607,-0.800069,-0.597770,0.064603,-0.799811,0.602230,0.063628,0.800189,0.601886,0.063632,0.799931,-0.598114,0.064607
466,0.931000,-0.800069,-0.597672,0.184605,-0.799812,0.602327,0.183631,0.800188,0.601984,0.183635,0.799931,-0.598016,0.184610,-0.800069,-0.597770,0.064605,-0.799811,0.602230,0.063631,0.800189,0.601886,0.063635,0.799931,-0.598113,0.064610
467,0.933000,-0.800069,-0.597672,0.184607,-0.799811,0.602327,0.183634,0.800189,0.601983,0.183638,0.799931,-0.598016,0.184611,-0.800069,-0.597770,0.064607,-0.799811,0.602230,0.063634,0.800189,0.601886,0.063638,0.799931,-0.598113,0.064611
468,0.935000,-0.800069,-0.597672,0.184608,-0.799811,0.602327,0.183636,0.800189,0.601983,0.183640,0.799931,-0.598016,0.184612,-0.800069,-0.597770,0.064608,-0.799811,0.602230,0.063636,0.800189,0.601886,0.063640,0.799931,-0.598113,0.064612
469,0.937000,-0.800069,-0.597673,0.184608,-0.799811,0.602327,0.183638,0.800189,0.601983,0.183642,0.799931,-0.598016,0.184612,-0.800069,-0.597770,0.064608,-0.799811,0.602230,0.063638,0.800189,0.601886,0.063642,0.799931,-0.598113,0.064613
470,0.939000,-0.800069,-0.597673,0.184608,-0.799811,0.602327,0.183639,0.800189,0.601983,0.183643,0.799931,-0.598016,0.184612,-0.800069,-0.597770,0.064608,-0.799811,0.602230,0.063639,0.800189,0.601886,0.063643,0.799931,-0.598113,0.064612
471,0.941000,-0.800069,-0.597673,0.184607,-0.799811,0.602327,0.183639,0.800189,0.601983,0.183643,0.799931,-0.598016,0.184611,-0.800069,-0.597770,0.064607,-0.799811,0.602230,0.063639,0.800189,0.601886,0.063644,0.799931,-0.598113,0.064611
472,0.943000,-0.800069,-0.597673,0.184605,-0.799811,0.602327,0.183639,0.800189,0.601983,0.183643,0.799931,-0.598017,0.184610,-0.800069,-0.597769,0.064605,-0.799811,0.602230,0.063639,0.800189,0.601886,0.063643,0.799931,-0.598113,0.064610
473,0.945000,-0.800069,-0.597673,0.184603,-0.799811,0.602327,0.183638,0.800189,0.601983,0.183643,0.799931,-0.598017,0.184608,-0.800069,-0.597769,0.064603,-0.799811,0.602230,0.063638,0.800189,0.601887,0.063643,0.799931,-0.598113,0.064608
474,0.947000,-0.800069,-0.597673,0.184601,-0.799811,0.602327,0.183637,0.800189,0.601983,0.183641,0.799931,-0.598017,0.184605,-0.800069,-0.597769,0.064601,-0.799811,0.602230,0.063637,0.800189,0.601887,0.063641,0.799931,-0.598113,0.064605
475,0.949000,-0.800069,-0.597673,0.184598,-0.799811,0.602327,0.183635,0.800189,0.601983,0.183639,0.799931,-0.598017,0.184602,-0.800068,-0.597769,0.064598,-0.799811,0.602230,0.063635,0.800189,0.601887,0.063640,0.799931,-0.598113,0.064602
476,0.951000,-0.800069,-0.597673,0.184594,-0.799811,0.602326,0.183633,0.800189,0.601983,0.183637,0.799931,-0.598017,0.184599,-0.800068,-0.597769,0.064594,-0.799811,0.602230,0.063633,0.800189,0.601887,0.063637,0.799932,-0.598113,0.064599
477,0.953000,-0.800069,-0.597673,0.184591,-0.799811,0.602326,0.183630,0.800189,0.601983,0.183635,0.799931,-0.598017,0.184595,-0.800068,-0.597769,0.064591,-0.799811,0.602230,0.063630,0.800189,0.601887,0.063635,0.799932,-0.598113,0.064595
478,0.955000,-0.800069,-0.597673,0.184587,-0.799811,0.602326,0.183627,0.800189,0.601983,0.183632,0.799931,-0.598017,0.184591,-0.800068,-0.597769,0.064587,-0.799811,0.602230,0.063627,0.800189,0.601887,0.063632,0.799932,-0.598113,0.064591
479,0.957000,-0.800069,-0.597673,0.184582,-0.799811,0.602326,0.183624,0.800189,0.601983,0.183628,0.799931,-0.598017,0.184587,-0.800068,-0.597769,0.064582,-0.799811,0.602230,0.063624,0.800189,0.601887,0.063628,0.799932,-0.598113,0.064587
480,0.959000,-0.800069,-0.597673,0.184578,-0.799811,0.602326,0.183621,0.800189,0.601983,0.183625,0.799931,-0.598017,0.184582,-0.800068,-0.597769,0.064578,-0.799811,0.602230,0.063621,0.800189,0.601887,0.063625,0.799932,-0.598113,0.064582
481,0.961000,-0.800068,-0.597673,0.184574,-0.799811,0.602326,0.183617,0.800189,0.601983,0.183621,0.799931,-0.598017,0.184578,-0.800068,-0.597769,0.064574,-0.799811,0.602230,0.063617,0.800189,0.601887,0.063621,0.799932,-0.598113,0.064578
482,0.963000,-0.800068,-0.597674,0.184570,-0.799811,0.602326,0.183613,0.800189,0.601983,0.183617,0.799932,-0.598017,0.184573,-0.800068,-0.597769,0.064570,-0.799811,0.602230,0.063613,0.800189,0.601887,0.063617,0.799932,-0.598113,0.064573
483,0.965000,-0.800068,-0.597674,0.184565,-0.799811,0.602326,0.183610,0.800189,0.601982,0.183613,0.799932,-0.598017,0.184569,-0.800068,-0.597769,0.064565,-0.799811,0.602230,0.063610,0.800189,0.601887,0.063613,0.799932,-0.598113,0.064569
484,0.967000,-0.800068,-0.597674,0.184561,-0.799811,0.602326,0.183606,0.800189,0.601983,0.183609,0.799932,-0.598017,0.184565,-0.800068,-0.597769,0.064561,-0.799810,0.602230,0.063606,0.800189,0.601887,0.063609,0.799932,-0.598113,0.064565
485,0.969000,-0.800068,-0.597674,0.184557,-0.799811,0.602326,0.183602,0.800189,0.601982,0.183606,0.799932,-0.598017,0.184561,-0.800068,-0.597769,0.064557,-0.799810,0.602230,0.063602,0.800190,0.601887,0.063606,0.799932,-0.598113,0.064561
486,0.971000,-0.800068,-0.597674,0.184554,-0.799811,0.602326,0.183598,0.800189,0.601982,0.183602,0.799932,-0.598017,0.184557,-0.800068,-0.597769,0.064554,-0.799810,0.602230,0.063598,0.800190,0.601887,0.063602,0.799932,-0.598113,0.064557
487,0.973000,-0.800068,-0.597674,0.184550,-0.799811,0.602326,0.183595,0.800189,0.601982,0.183598,0.799932,-0.598017,0.184554,-0.800068,-0.597769,0.064550,-0.799810,0.602230,0.063595,0.800190,0.601887,0.063598,0.799932,-0.598113,0.064554
488,0.975000,-0.800068,-0.597674,0.184547,-0.799811,0.602326,0.183592,0.800189,0.601982,0.183595,0.799932,-0.598017,0.184551,-0.800068,-0.597769,0.064548,-0.799810,0.602230,0.063592,0.800190,0.601887,0.063595,0.799932,-0.598113,0.064551
489,0.977000,-0.800068,-0.597674,0.184545,-0.799811,0.602326,0.183589,0.800189,0.601982,0.183592,0.799932,-0.598017,0.184548,-0.800068,-0.597769,0.064545,-0.799810,0.602230,0.063589,0.800190,0.601887,0.063592,0.799932,-0.598113,0.064548
490,0.979000,-0.800068,-0.597674,0.184543,-0.799811,0.602326,0.183586,0.800189,0.601982,0.183589,0.799932,-0.598017,0.184546,-0.800068,-0.597769,0.064543,-0.799810,0.602230,0.063586,0.800190,0.601887,0.063589,0.799932,-0.598113,0.064546
491,0.981000,-0.800068,-0.597674,0.184541,-0.799811,0.602326,0.183583,0.800189,0.601982,0.183587,0.799932,-0.598017,0.184544,-0.800068,-0.597769,0.064541,-0.799810,0.602230,0.063583,0.800190,0.601887,0.063587,0.799932,-0.598113,0.064544
492,0.983000,-0.800068,-0.597674,0.184540,-0.799810,0.602326,0.183581,0.800189,0.601982,0.183585,0.799932,-0.598017,0.184543,-0.800068,-0.597769,0.064540,-0.799810,0.602230,0.063581,0.800190,0.601887,0.063585,0.799932,-0.598113,0.064543
493,0.985000,-0.800068,-0.597674,0.184539,-0.799810,0.602326,0.183579,0.800189,0.601982,0.183583,0.799932,-0.598017,0.184542,-0.800068,-0.597770,0.064539,-0.799810,0.602230,0.063579,0.800190,0.601886,0.063583,0.799932,-0.598113,0.064542
494,0.987000,-0.800068,-0.597674,0.184538,-0.799810,0.602326,0.183578,0.800189,0.601982,0.183581,0.799932,-0.598017,0.184542,-0.800068,-0.597770,0.064538,-0.799810,0.602230,0.063578,0.800190,0.601886,0.063581,0.799932,-0.598113,0.064542
495,0.989000,-0.800068,-0.597673,0.184538,-0.799810,0.602326,0.183577,0.800190,0.601983,0.183580,0.799932,-0.598017,0.184542,-0.800068,-0.597770,0.064538,-0.799810,0.602230,0.063577,0.800190,0.601886,0.063580,0.799932,-0.598113,0.064542
496,0.991000,-0.800068,-0.597673,0.184539,-0.799810,0.602326,0.183576,0.800190,0.601983,0.183580,0.799932,-0.598017,0.184542,-0.800068,-0.597770,0.064539,-0.799810,0.602230,0.063576,0.800190,0.601886,0.063580,0.799932,-0.598113,0.064542
497,0.993000,-0.800068,-0.597673,0.184539,-0.799810,0.602326,0.183576,0.800190,0.601983,0.183580,0.799932,-0.598017,0.184543,-0.800068,-0.597770,0.064539,-0.799810,0.602230,0.063576,0.800190,0.601886,0.063580,0.799932,-0.598113,0.064543
498,0.995000,-0.800068,-0.597673,0.184541,-0.799810,0.602326,0.183576,0.800190,0.601983,0.183580,0.799932,-0.598017,0.184544,-0.800068,-0.597770,0.064541,-0.799810,0.602230,0.063576,0.800190,0.601886,0.063580,0.799932,-0.598113,0.064544
499,0.997000,-0.800068,-0.597673,0.184542,-0.799810,0.602327,0.183577,0.800190,0.601983,0.183580,0.799932,-0.598017,0.184546,-0.800068,-0.597770,0.064542,-0.799810,0.602230,0.063577,0.800190,0.601886,0.063580,0.799932,-0.598113,0.064546
500,0.999000,-0.800068,-0.597673,0.184544,-0.799810,0.602327,0.183577,0.800190,0.601983,0.183581,0.799932,-0.598017,0.184547,-0.800068,-0.597770,0.064544,-0.799810,0.602230,0.063577,0.800190,0.601886,0.063581,0.799932,-0.598113,0.064547
501,1.001000,-0.800068,-0.597673,0.184546,-0.799810,0.602327,0.183578,0.800190,0.601983,0.183582,0.799932,-0.598016,0.184549,-0.800068,-0.597770,0.064546,-0.799810,0.602230,0.063578,0.800190,0.601886,0.063582,0.799932,-0.598113,0.064550
502,1.003000,-0.800068,-0.597673,0.184548,-0.799810,0.602327,0.183579,0.800189,0.601983,0.183583,0.799932,-0.598016,0.184552,-0.800068,-0.597770,0.064548,-0.799810,0.602230,0.063579,0.800190,0.601886,0.063583,0.799932,-0.598113,0.064552
503,1.005000,-0.800068,-0.597673,0.184551,-0.799810,0.602327,0.183581,0.800189,0.601983,0.183585,0.799932,-0.598016,0.184554,-0.800068,-0.597770,0.064551,-0.799810,0.602230,0.063581,0.800190,0.601886,0.063585,0.799932,-0.598113,0.064554
504,1.007000,-0.800068,-0.597673,0.184553,-0.799811,0.602327,0.183582,0.800189,0.601984,0.183586,0.799932,-0.598016,0.184557,-0.800068,-0.597770,0.064553,-0.799810,0.602230,0.063583,0.800190,0.601886,0.063586,0.799932,-0.598113,0.064557
505,1.009000,-0.800068,-0.597672,0.184556,-0.799811,0.602327,0.183584,0.800189,0.601984,0.183588,0.799932,-0.598016,0.184560,-0.800068,-0.597770,0.064556,-0.799810,0.602230,0.063584,0.800190,0.601886,0.063588,0.799932,-0.598113,0.064560
506,1.011000,-0.800068,-0.597672,0.184559,-0.799811,0.602327,0.183586,0.800189,0.601984,0.183590,0.799932,-0.598016,0.184563,-0.800068,-0.597770,0.064559,-0.799810,0.602230,0.063586,0.800190,0.601886,0.063590,0.799932,-0.598113,0.064563
507,1.013000,-0.800068,-0.597672,0.184562,-0.799811,0.602327,0.183588,0.800189,0.601984,0.183592,0.799932,-0.598016,0.184566,-0.800068,-0.597770,0.064562,-0.799810,0.602230,0.063588,0.800190,0.601886,0.063592,0.799932,-0.598113,0.064566
508,1.015000,-0.800068,-0.597672,0.184565,-0.799811,0.602327,0.183590,0.800189,0.601984,0.183594,0.799932,-0.598016,0.184569,-0.800068,-0.597770,0.064565,-0.799810,0.602230,0.063590,0.800190,0.601886,0.063594,0.799932,-0.598113,0.064569
509,1.017000,-0.800068,-0.597672,0.184567,-0.799811,0.602327,0.183592,0.800189,0.601984,0.183597,0.799932,-0.598016,0.184571,-0.800068,-0.597770,0.064567,-0.799810,0.602230,0.063593,0.800190,0.601886,0.063597,0.799932,-0.598113,0.064571
510,1.019000,-0.800068,-0.597672,0.184570,-0.799811,0.602327,0.183595,0.800189,0.601984,0.183599,0.799932,-0.598016,0.184574,-0.800068,-0.597770,0.064570,-0.799810,0.602230,0.063595,0.800190,0.601886,0.063599,0.799932,-0.598113,0.064574
511,1.021000,-0.800068,-0.597672,0.184573,-0.799811,0.602327,0.183597,0.800189,0.601984,0.183601,0.799932,-0.598016,0.184577,-0.800068,-0.597770,0.064573,-0.799810,0.602230,0.063597,0.800190,0.601886,0.063601,0.799932,-0.598113,0.064577
512,1.023000,-0.800068,-0.597672,0.184575,-0.799811,0.602327,0.183599,0.800189,0.601984,0.183603,0.799932,-0.598016,0.184579,-0.800068,-0.597770,0.064575,-0.799810,0.602230,0.063599,0.800190,0.601886,0.063603,0.799932,-0.598113,0.064579
513,1.025000,-0.800068,-0.597672,0.184577,-0.799811,0.602327,0.183601,0.800189,0.601984,0.183605,0.799932,-0.598016,0.184581,-0.800068,-0.597770,0.064577,-0.799810,0.602230,0.063601,0.800190,0.601886,0.063605,0.799932,-0.598113,0.064581
514,1.027000,-0.800068,-0.597672,0.184579,-0.799811,0.602327,0.183603,0.800189,0.601984,0.183607,0.799932,-0.598016,0.184583,-0.800068,-0.597770,0.064579,-0.799810,0.602230,0.063603,0.800190,0.601886,0.063607,0.799932,-0.598113,0.064583
515,1.029000,-0.800068,-0.597672,0.184581,-0.799811,0.602327,0.183604,0.800189,0.601984,0.183609,0.799932,-0.598016,0.184585,-0.800068,-0.597770,0.064581,-0.799810,0.602229,0.063604,0.800190,0.601886,0.063609,0.799932,-0.598113,0.064585
516,1.031000,-0.800068,-0.597673,0.184582,-0.799811,0.602327,0.183606,0.800189,0.601984,0.183610,0.799932,-0.598016,0.184587,-0.800068,-0.597770,0.064583,-0.799810,0.602229,0.063606,0.800190,0.601886,0.063610,0.799932,-0.598114,0.064587
517,1.033000,-0.800068,-0.597673,0.184584,-0.799811,0.602327,0.183607,0.800189,0.601984,0.183612,0.799932,-0.598016,0.184588,-0.800068,-0.597770,0.064584,-0.799810,0.602229,0.063607,0.800189,0.601886,0.063612,0.799932,-0.598114,0.064588
518,1.035000,-0.800068,-0.597673,0.184585,-0.799811,0.602327,0.183608,0.800189,0.601984,0.183613,0.799932,-0.598016,0.184589,-0.800068,-0.597770,0.064585,-0.799810,0.602229,0.063609,0.800189,0.601886,0.063613,0.799932,-0.598114,0.064589
519,1.037000,-0.800068,-0.597673,0.184586,-0.799811,0.602327,0.183609,0.800189,0.601984,0.183614,0.799932,-0.598016,0.184590,-0.800068,-0.597770,0.064586,-0.799811,0.602229,0.063609,0.800189,0.601886,0.063614,0.799932,-0.598114,0.064590
520,1.039000,-0.800068,-0.597673,0.184586,-0.799811,0.602327,0.183610,0.800189,0.601983,0.183614,0.799932,-0.598016,0.184590,-0.800068,-0.597770,0.064586,-0.799811,0.602229,0.063610,0.800189,0.601886,0.063614,0.799932,-0.598114,0.064590
521,1.041000,-0.800068,-0.597673,0.184586,-0.799811,0.602327,0.183611,0.800189,0.601983,0.183615,0.799932,-0.598016,0.184590,-0.800068,-0.597770,0.064586,-0.799811,0.602229,0.063611,0.800189,0.601886,0.063615,0.799932,-0.598114,0.064590
522,1.043000,-0.800068,-0.597673,0.184586,-0.799811,0.602327,0.183611,0.800189,0.601983,0.183615,0.799932,-0.598016,0.184590,-0.800068,-0.597770,0.064586,-0.799811,0.602229,0.063611,0.800189,0.601886,0.063615,0.799932,-0.598114,0.064590
523,1.045000,-0.800068,-0.597673,0.184586,-0.799811,0.602327,0.183611,0.800189,0.601983,0.183615,0.799932,-0.598016,0.184590,-0.800068,-0.597770,0.064586,-0.799811,0.602229,0.063611,0.800189,0.601886,0.063615,0.799932,-0.598114,0.064590
524,1.047000,-0.800068,-0.597673,0.184585,-0.799811,0.602326,0.183611,0.800189,0.601983,0.183615,0.799932,-0.598016,0.184589,-0.800068,-0.597771,0.064585,-0.799811,0.602229,0.063611,0.800189,0.601886,0.063615,0.799932,-0.598114,0.064589
525,1.049000,-0.800068,-0.597673,0.184584,-0.799811,0.602326,0.183611,0.800189,0.601983,0.183615,0.799932,-0.598016,0.184589,-0.800068,-0.597771,0.064585,-0.799811,0.602229,0.063611,0.800189,0.601886,0.063615,0.799932,-0.598114,0.064589
526,1.051000,-0.800068,-0.597673,0.184583,-0.799811,0.602326,0.183610,0.800189,0.601983,0.183615,0.799932,-0.598017,0.184588,-0.800068,-0.597771,0.064584,-0.799811,0.602229,0.063611,0.800189,0.601886,0.063615,0.799932,-0.598114,0.064588
527,1.053000,-0.800068,-0.597673,0.184582,-0.799811,0.602326,0.183610,0.800189,0.601983,0.183614,0.799932,-0.598017,0.184586,-0.800068,-0.597771,0.064582,-0.799811,0.602229,0.063610,0.800189,0.601886,0.063614,0.799932,-0.598114,0.064586
528,1.055000,-0.800068,-0.597673,0.184581,-0.799811,0.602326,0.183609,0.800189,0.601983,0.183613,0.799932,-0.598017,0.184585,-0.800068,-0.597770,0.064581,-0.799811,0.602229,0.063609,0.800189,0.601886,0.063613,0.799932,-0.598114,0.064585
529,1.057000,-0.800068,-0.597673,0.184580,-0.799811,0.602326,0.183608,0.800189,0.601983,0.183612,0.799932,-0.598017,0.184583,-0.800068,-0.597770,0.064580,-0.799811,0.602229,0.063608,0.800189,0.601886,0.063612,0.799932,-0.598114,0.064584
530,1.059000,-0.800068,-0.597673,0.184578,-0.799811,0.602326,0.183607,0.800189,0.601983,0.183611,0.799932,-0.598017,0.184582,-0.800068,-0.597770,0.064578,-0.799811,0.602229,0.063607,0.800189,0.601886,0.063611,0.799932,-0.598114,0.064582
531,1.061000,-0.800068,-0.597673,0.184576,-0.799811,0.602326,0.183606,0.800189,0.601983,0.183610,0.799932,-0.598017,0.184580,-0.800068,-0.597770,0.064576,-0.799811,0.602229,0.063606,0.800189,0.601886,0.063610,0.799932,-0.598114,0.064580
532,1.063000,-0.800068,-0.597673,0.184575,-0.799811,0.602326,0.183605,0.800189,0.601983,0.183609,0.799932,-0.598017,0.184579,-0.800068,-0.597770,0.064575,-0.799811,0.602229,0.063605,0.800189,0.601886,0.063609,0.799932,-0.598114,0.064579
533,1.065000,-0.800068,-0.597674,0.184573,-0.799811,0.602326,0.183604,0.800189,0.601983,0.183608,0.799932,-0.598017,0.184577,-0.800068,-0.597770,0.064573,-0.799811,0.602229,0.063604,0.800189,0.601886,0.063608,0.799932,-0.598114,0.064577
534,1.067000,-0.800068,-0.597674,0.184571,-0.799811,0.602326,0.183603,0.800189,0.601983,0.183607,0.799932,-0.598017,0.184575,-0.800068,-0.597770,0.064571,-0.799811,0.602229,0.063603,0.800189,0.601886,0.063607,0.799932,-0.598114,0.064575
535,1.069000,-0.800068,-0.597674,0.184570,-0.799811,0.602326,0.183602,0.800189,0.601983,0.183605,0.799932,-0.598017,0.184573,-0.800068,-0.597770,0.064570,-0.799811,0.602229,0.063602,0.800189,0.601886,0.063605,0.799932,-0.598114,0.064573
536,1.071000,-0.800068,-0.597674,0.184568,-0.799811,0.602326,0.183600,0.800189,0.601983,0.183604,0.799932,-0.598017,0.184572,-0.800068,-0.597770,0.064568,-0.799811,0.602229,0.063600,0.800189,0.601886,0.063604,0.799932,-0.598113,0.064572
537,1.073000,-0.800068,-0.597674,0.184566,-0.799811,0.602326,0.183599,0.800189,0.601983,0.183603,0.799932,-0.598017,0.184570,-0.800068,-0.597770,0.064567,-0.799811,0.602229,0.063599,0.800189,0.601886,0.063603,0.799932,-0.598113,0.064570
538,1.075000,-0.800068,-0.597674,0.184565,-0.799811,0.602326,0.183598,0.800189,0.601983,0.183602,0.799932,-0.598017,0.184569,-0.800068,-0.597770,0.064565,-0.799811,0.602229,0.063598,0.800189,0.601886,0.063602,0.799932,-0.598113,0.064569
539,1.077000,-0.800068,-0.597674,0.184564,-0.799811,0.602326,0.183597,0.800189,0.601983,0.183601,0.799932,-0.598017,0.184567,-0.800068,-0.597770,0.064564,-0.799811,0.602229,0.063597,0.800189,0.601886,0.063601,0.799932,-0.598113,0.064567
540,1.079000,-0.800068,-0.597674,0.184562,-0.799811,0.602326,0.183596,0.800189,0.601983,0.183600,0.799931,-0.598017,0.184566,-0.800068,-0.597770,0.064562,-0.799811,0.602229,0.063596,0.800189,0.601886,0.063600,0.799932,-0.598113,0.064566
541,1.081000,-0.800068,-0.597674,0.184561,-0.799811,0.602326,0.183595,0.800189,0.601983,0.183599,0.799931,-0.598017,0.184565,-0.800068,-0.597770,0.064561,-0.799811,0.602229,0.063595,0.800189,0.601886,0.063599,0.799932,-0.598113,0.064565
542,1.083000,-0.800068,-0.597674,0.184560,-0.799811,0.602326,0.183594,0.800189,0.601983,0.183598,0.799931,-0.598017,0.184564,-0.800068,-0.597770,0.064560,-0.799811,0.602229,0.063594,0.800189,0.601886,0.063598,0.799932,-0.598113,0.064564
543,1.085000,-0.800068,-0.597674,0.184560,-0.799811,0.602326,0.183594,0.800189,0.601983,0.183597,0.799931,-0.598017,0.184563,-0.800068,-0.597771,0.064560,-0.799811,0.602229,0.063594,0.800189,0.601886,0.063597,0.799932,-0.598113,0.064563
544,1.087000,-0.800069,-0.597674,0.184559,-0.799811,0.602326,0.183593,0.800189,0.601983,0.183596,0.799931,-0.598017,0.184562,-0.800068,-0.597771,0.064559,-0.799811,0.602229,0.063593,0.800189,0.601886,0.063597,0.799932,-0.598114,0.064562
545,1.089000,-0.800069,-0.597674,0.184558,-0.799811,0.602326,0.183592,0.800189,0.601983,0.183596,0.799931,-0.598017,0.184562,-0.800068,-0.597771,0.064558,-0.799811,0.602229,0.063593,0.800189,0.601886,0.063596,0.799932,-0.598114,0.064562
546,1.091000,-0.800069,-0.597674,0.184558,-0.799811,0.602326,0.183592,0.800189,0.601983,0.183596,0.799931,-0.598017,0.184562,-0.800068,-0.597771,0.064558,-0.799811,0.602229,0.063592,0.800189,0.601886,0.063596,0.799932,-0.598114,0.064562
547,1.093000,-0.800069,-0.597674,0.184558,-0.799811,0.602326,0.183592,0.800189,0.601983,0.183596,0.799931,-0.598017,0.184562,-0.800068,-0.597771,0.064558,-0.799811,0.602229,0.063592,0.800189,0.601886,0.063596,0.799932,-0.598114,0.064562
548,1.095000,-0.800069,-0.597674,0.184558,-0.799811,0.602326,0.183592,0.800189,0.601983,0.183596,0.799931,-0.598017,0.184562,-0.800068,-0.597771,0.064558,-0.799811,0.602229,0.063592,0.800189,0.601886,0.063596,0.799932,-0.598114,0.064562
549,1.097000,-0.800069,-0.597674,0.184558,-0.799811,0.602326,0.183592,0.800189,0.601983,0.183596,0.799931,-0.598017,0.184562,-0.800068,-0.597771,0.064558,-0.799811,0.602229,0.063592,0.800189,0.601886,0.063596,0.799932,-0.598114,0.064562
550,1.099000,-0.800069,-0.597674,0.184558,-0.799811,0.602326,0.183592,0.800189,0.601983,0.183596,0.799931,-0.598017,0.184562,-0.800068,-0.597771,0.064558,-0.799811,0.602229,0.063592,0.800189,0.601886,0.063596,0.799932,-0.598114,0.064562
551,1.101000,-0.800069,-0.597674,0.184559,-0.799811,0.602326,0.183592,0.800189,0.601983,0.183596,0.799931,-0.598017,0.184563,-0.800068,-0.597771,0.064559,-0.799811,0.602229,0.063592,0.800189,0.601886,0.063596,0.799932,-0.598114,0.064563
552,1.103000,-0.800069,-0.597674,0.184559,-0.799811,0.602326,0.183593,0.800189,0.601983,0.183596,0.799931,-0.598017,0.184563,-0.800068,-0.597771,0.064559,-0.799811,0.602229,0.063593,0.800189,0.601886,0.063596,0.799932,-0.598114,0.064563
553,1.105000,-0.800069,-0.597674,0.184560,-0.799811,0.602326,0.183593,0.800189,0.601983,0.183597,0.799931,-0.598017,0.184564,-0.800068,-0.597771,0.064560,-0.799811,0.602229,0.063593,0.800189,0.601886,0.063597,0.799932,-0.598114,0.064564
554,1.107000,-0.800069,-0.597674,0.184561,-0.799811,0.602326,0.183593,0.800189,0.601983,0.183597,0.799931,-0.598017,0.184565,-0.800068,-0.597771,0.064561,-0.799811,0.602229,0.063593,0.800189,0.601886,0.063597,0.799932,-0.598114,0.064565
555,1.109000,-0.800069,-0.597674,0.184562,-0.799811,0.602326,0.183594,0.800189,0.601983,0.183598,0.799931,-0.598017,0.184566,-0.800068,-0.597771,0.064562,-0.799811,0.602229,0.063594,0.800189,0.601886,0.063598,0.799932,-0.598114,0.064566
556,1.111000,-0.800069,-0.597674,0.184563,-0.799811,0.602326,0.183594,0.800189,0.601983,0.183598,0.799931,-0.598017,0.184567,-0.800068,-0.597771,0.064563,-0.799811,0.602229,0.063594,0.800189,0.601886,0.063598,0.799932,-0.598114,0.064567
557,1.113000,-0.800069,-0.597674,0.184564,-0.799811,0.602326,0.183595,0.800189,0.601983,0.183599,0.799931,-0.598017,0.184568,-0.800068,-0.597771,0.064564,-0.799811,0.602229,0.063595,0.800189,0.601886,0.063599,0.799932,-0.598114,0.064568
558,1.115000,-0.800069,-0.597674,0.184565,-0.799811,0.602326,0.183596,0.800189,0.601983,0.183600,0.799931,-0.598017,0.184569,-0.800068,-0.597771,0.064565,-0.799811,0.602229,0.063596,0.800189,0.601886,0.063600,0.799932,-0.598114,0.064569
559,1.117000,-0.800069,-0.597674,0.184566,-0.799811,0.602326,0.183596,0.800189,0.601983,0.183600,0.799931,-0.598017,0.184570,-0.800068,-0.597771,0.064566,-0.799811,0.602229,0.063596,0.800189,0.601886,0.063600,0.799932,-0.598114,0.064570
560,1.119000,-0.800069,-0.597674,0.184567,-0.799811,0.602326,0.183597,0.800189,0.601983,0.183601,0.799931,-0.598017,0.184571,-0.800068,-0.597771,0.064567,-0.799811,0.602229,0.063597,0.800189,0.601886,0.063601,0.799932,-0.598114,0.064571
561,1.121000,-0.800069,-0.597674,0.184568,-0.799811,0.602326,0.183597,0.800189,0.601983,0.183601,0.799931,-0.598017,0.184572,-0.800068,-0.597771,0.064568,-0.799811,0.602229,0.063597,0.800189,0.601886,0.063601,0.799932,-0.598114,0.064572
562,1.123000,-0.800069,-0.597674,0.184569,-0.799811,0.602326,0.183598,0.800189,0.601983,0.183602,0.799931,-0.598017,0.184573,-0.800068,-0.597771,0.064569,-0.799811,0.602229,0.063598,0.800189,0.601886,0.063602,0.799932,-0.598114,0.064573
563,1.125000,-0.800069,-0.597674,0.184570,-0.799811,0.602326,0.183598,0.800189,0.601983,0.183603,0.799931,-0.598017,0.184574,-0.800068,-0.597771,0.064570,-0.799811,0.602229,0.063599,0.800189,0.601886,0.063603,0.799932,-0.598114,0.064574
564,1.127000,-0.800069,-0.597674,0.184571,-0.799811,0.602326,0.183599,0.800189,0.601983,0.183603,0.799931,-0.598017,0.184575,-0.800068,-0.597771,0.064571,-0.799811,0.602229,0.063599,0.800189,0.601886,0.063603,0.799932,-0.598114,0.064575
565,1.129000,-0.800069,-0.597674,0.184571,-0.799811,0.602326,0.183600,0.800189,0.601983,0.183604,0.799931,-0.598017,0.184576,-0.800068,-0.597771,0.064571,-0.799811,0.602229,0.063600,0.800189,0.601886,0.063604,0.799932,-0.598114,0.064576
566,1.131000,-0.800069,-0.597674,0.184572,-0.799811,0.602326,0.183600,0.800189,0.601983,0.183604,0.799931,-0.598017,0.184576,-0.800068,-0.597771,0.064572,-0.799811,0.602228,0.063600,0.800189,0.601886,0.063604,0.799932,-0.598114,0.064576
567,1.133000,-0.800069,-0.597674,0.184573,-0.799811,0.602326,0.183600,0.800189,0.601983,0.183605,0.799931,-0.598017,0.184577,-0.800068,-0.597771,0.064573,-0.799811,0.602228,0.063600,0.800189,0.601886,0.063605,0.799932,-0.598114,0.064577
568,1.135000,-0.800069,-0.597674,0.184573,-0.799811,0.602326,0.183601,0.800189,0.601983,0.183605,0.799931,-0.598017,0.184578,-0.800068,-0.597771,0.064574,-0.799811,0.602228,0.063601,0.800189,0.601885,0.063605,0.799932,-0.598114,0.064578
569,1.137000,-0.800069,-0.597674,0.184574,-0.799811,0.602326,0.183601,0.800189,0.601983,0.183605,0.799931,-0.598017,0.184578,-0.800068,-0.597771,0.064574,-0.799811,0.602228,0.063601,0.800189,0.601885,0.063605,0.799932,-0.598114,0.064578
570,1.139000,-0.800069,-0.597674,0.184574,-0.799811,0.602326,0.183601,0.800189,0.601983,0.183605,0.799931,-0.598017,0.184579,-0.800068,-0.597771,0.064575,-0.799811,0.602228,0.063601,0.800189,0.601885,0.063605,0.799932,-0.598114,0.064579
571,1.141000,-0.800069,-0.597674,0.184575,-0.799811,0.602326,0.183601,0.800189,0.601983,0.183605,0.799931,-0.598017,0.184579,-0.800068,-0.597771,0.064575,-0.799811,0.602228,0.063601,0.800189,0.601885,0.063606,0.799932,-0.598114,0.064579
572,1.143000,-0.800069,-0.597674,0.184575,-0.799811,0.602326,0.183601,0.800189,0.601983,0.183606,0.799931,-0.598017,0.184579,-0.800068,-0.597771,0.064575,-0.799811,0.602228,0.063601,0.800189,0.601885,0.063606,0.799932,-0.598114,0.064579
573,1.145000,-0.800069,-0.597674,0.184575,-0.799811,0.602326,0.183601,0.800189,0.601983,0.183605,0.799931,-0.598017,0.184579,-0.800068,-0.597771,0.064575,-0.799811,0.602228,0.063601,0.800189,0.601885,0.063606,0.799932,-0.598114,0.064579
574,1.147000,-0.800069,-0.597674,0.184575,-0.799811,0.602326,0.183601,0.800189,0.601983,0.183605,0.799931,-0.598017,0.184579,-0.800068,-0.597771,0.064575,-0.799811,0.602228,0.063601,0.800189,0.601885,0.063605,0.799932,-0.598114,0.064580
575,1.149000,-0.800069,-0.597674,0.184575,-0.799811,0.602326,0.183601,0.800189,0.601983,0.183605,0.799931,-0.598017,0.184579,-0.800068,-0.597771,0.064575,-0.799811,0.602228,0.063601,0.800189,0.601885,0.063605,0.799932,-0.598114,0.064579
576,1.151000,-0.800069,-0.597674,0.184575,-0.799811,0.602326,0.183601,0.800189,0.601983,0.183605,0.799931,-0.598017,0.184579,-0.800068,-0.597771,0.064575,-0.799811,0.602228,0.063601,0.800189,0.601885,0.063605,0.799932,-0.598114,0.064579
577,1.153000,-0.800069,-0.597674,0.184575,-0.799811,0.602326,0.183601,0.800189,0.601983,0.183605,0.799931,-0.598017,0.184579,-0.800068,-0.597771,0.064575,-0.799811,0.602228,0.063601,0.800189,0.601885,0.063605,0.799932,-0.598114,0.064579
578,1.155000,-0.800069,-0.597674,0.184575,-0.799811,0.602326,0.183601,0.800189,0.601983,0.183605,0.799931,-0.598017,0.184579,-0.800068,-0.597771,0.064575,-0.799811,0.602228,0.063601,0.800189,0.601885,0.063605,0.799932,-0.598114,0.064579
579,1.157000,-0.800069,-0.597674,0.184575,-0.799811,0.602326,0.183600,0.800189,0.601983,0.183604,0.799931,-0.598017,0.184579,-0.800068,-0.597771,0.064575,-0.799811,0.602228,0.063600,0.800189,0.601885,0.063604,0.799932,-0.598114,0.064579
580,1.159000,-0.800069,-0.597674,0.184574,-0.799811,0.602326,0.183600,0.800189,0.601983,0.183604,0.799931,-0.598017,0.184578,-0.800068,-0.597771,0.064574,-0.799811,0.602228,0.063600,0.800189,0.601885,0.063604,0.799932,-0.598114,0.064578
581,1.161000,-0.800069,-0.597674,0.184574,-0.799811,0.602326,0.183600,0.800189,0.601983,0.183604,0.799931,-0.598017,0.184578,-0.800068,-0.597771,0.064574,-0.799811,0.602228,0.063600,0.800189,0.601885,0.063604,0.799932,-0.598114,0.064578
582,1.163000,-0.800068,-0.597674,0.184573,-0.799811,0.602326,0.183600,0.800189,0.601983,0.183604,0.799931,-0.598017,0.184577,-0.800068,-0.597771,0.064573,-0.799811,0.602228,0.063600,0.800189,0.601885,0.063604,0.799932,-0.598114,0.064577
583,1.165000,-0.800068,-0.597674,0.184573,-0.799811,0.602326,0.183599,0.800189,0.601983,0.183603,0.799931,-0.598017,0.184577,-0.800068,-0.597771,0.064573,-0.799811,0.602228,0.063599,0.800189,0.601885,0.063603,0.799932,-0.598114,0.064577
584,1.167000,-0.800068,-0.597674,0.184572,-0.799811,0.602326,0.183599,0.800189,0.601983,0.183603,0.799931,-0.598017,0.184576,-0.800068,-0.597771,0.064572,-0.799811,0.602228,0.063599,0.800189,0.601885,0.063603,0.799932,-0.598114,0.064576
585,1.169000,-0.800068,-0.597674,0.184572,-0.799811,0.602326,0.183599,0.800189,0.601983,0.183603,0.799932,-0.598017,0.184576,-0.800068,-0.597771,0.064572,-0.799811,0.602228,0.063599,0.800189,0.601885,0.063603,0.799932,-0.598114,0.064576
586,1.171000,-0.800068,-0.597674,0.184571,-0.799811,0.602325,0.183599,0.800189,0.601983,0.183602,0.799932,-0.598017,0.184575,-0.800068,-0.597771,0.064571,-0.799811,0.602228,0.063599,0.800189,0.601885,0.063602,0.799932,-0.598114,0.064575
587,1.173000,-0.800068,-0.597674,0.184571,-0.799811,0.602325,0.183598,0.800189,0.601983,0.183602,0.799932,-0.598017,0.184575,-0.800068,-0.597771,0.064571,-0.799811,0.602228,0.063598,0.800189,0.601885,0.063602,0.799932,-0.598114,0.064575
588,1.175000,-0.800068,-0.597674,0.184570,-0.799811,0.602325,0.183598,0.800189,0.601983,0.183602,0.799932,-0.598017,0.184574,-0.800068,-0.597771,0.064570,-0.799811,0.602228,0.063598,0.800189,0.601885,0.063602,0.799932,-0.598114,0.064574
589,1.177000,-0.800068,-0.597674,0.184570,-0.799811,0.602325,0.183598,0.800189,0.601983,0.183602,0.799932,-0.598017,0.184574,-0.800068,-0.597771,0.064570,-0.799811,0.602228,0.063598,0.800189,0.601885,0.063602,0.799932,-0.598114,0.064574
590,1.179000,-0.800068,-0.597674,0.184569,-0.799811,0.602325,0.183598,0.800189,0.601983,0.183601,0.799932,-0.598017,0.184573,-0.800068,-0.597771,0.064569,-0.799811,0.602228,0.063598,0.800189,0.601885,0.063601,0.799932,-0.598114,0.064573
591,1.181000,-0.800068,-0.597674,0.184569,-0.799811,0.602325,0.183597,0.800189,0.601983,0.183601,0.799932,-0.598017,0.184573,-0.800068,-0.597771,0.064569,-0.799811,0.602228,0.063598,0.800189,0.601885,0.063601,0.799932,-0.598114,0.064573
592,1.183000,-0.800068,-0.597674,0.184569,-0.799811,0.602325,0.183597,0.800189,0.601983,0.183601,0.799932,-0.598017,0.184572,-0.800068,-0.597771,0.064569,-0.799811,0.602228,0.063597,0.800189,0.601885,0.063601,0.799932,-0.598114,0.064572
593,1.185000,-0.800068,-0.597674,0.184568,-0.799811,0.602325,0.183597,0.800189,0.601982,0.183601,0.799932,-0.598017,0.184572,-0.800068,-0.597771,0.064568,-0.799811,0.602228,0.063597,0.800189,0.601885,0.063601,0.799932,-0.598114,0.064572
594,1.187000,-0.800068,-0.597674,0.184568,-0.799811,0.602325,0.183597,0.800189,0.601982,0.183601,0.799932,-0.598017,0.184571,-0.800068,-0.597772,0.064568,-0.799811,0.602228,0.063597,0.800189,0.601885,0.063601,0.799932,-0.598114,0.064571
595,1.189000,-0.800068,-0.597674,0.184567,-0.799811,0.602325,0.183597,0.800189,0.601982,0.183601,0.799932,-0.598017,0.184571,-0.800068,-0.597772,0.064568,-0.799811,0.602228,0.063597,0.800189,0.601885,0.063601,0.799932,-0.598114,0.064571
596,1.191000,-0.800068,-0.597675,0.184567,-0.799811,0.602325,0.183597,0.800189,0.601982,0.183601,0.799932,-0.598017,0.184571,-0.800068,-0.597772,0.064567,-0.799811,0.602228,0.063597,0.800189,0.601885,0.063601,0.799932,-0.598114,0.064571
597,1.193000,-0.800068,-0.597675,0.184567,-0.799811,0.602325,0.183597,0.800189,0.601982,0.183601,0.799932,-0.598017,0.184571,-0.800068,-0.597772,0.064567,-0.799811,0.602228,0.063597,0.800189,0.601885,0.063601,0.799932,-0.598114,0.064571
598,1.195000,-0.800068,-0.597675,0.184567,-0.799811,0.602325,0.183597,0.800189,0.601982,0.183601,0.799932,-0.598017,0.184570,-0.800068,-0.597772,0.064567,-0.799811,0.602228,0.063597,0.800189,0.601885,0.063601,0.799932,-0.598114,0.064570
599,1.197000,-0.800068,-0.597675,0.184567,-0.799811,0.602325,0.183597,0.800189,0.601982,0.183601,0.799932,-0.598017,0.184570,-0.800068,-0.597772,0.064567,-0.799811,0.602228,0.063597,0.800189,0.601885,0.063601,0.799932,-0.598114,0.064570
600,1.199000,-0.800068,-0.597675,0.184567,-0.799811,0.602325,0.183597,0.800189,0.601982,0.183601,0.799932,-0.598017,0.184570,-0.800068,-0.597772,0.064567,-0.799811,0.602228,0.063597,0.800189,0.601885,0.063601,0.799932,-0.598114,0.064570
601,1.201000,-0.800068,-0.597675,0.184567,-0.799811,0.602325,0.183597,0.800189,0.601982,0.183601,0.799932,-0.598017,0.184570,-0.800068,-0.597772,0.064567,-0.799811,0.602228,0.063597,0.800189,0.601885,0.063601,0.799932,-0.598114,0.064570
602,1.203000,-0.800068,-0.597675,0.184567,-0.799811,0.602325,0.183598,0.800189,0.601982,0.183601,0.799932,-0.598017,0.184570,-0.800068,-0.597772,0.064567,-0.799811,0.602228,0.063598,0.800189,0.601885,0.063601,0.799932,-0.598114,0.064570
603,1.205000,-0.800068,-0.597675,0.184567,-0.799811,0.602325,0.183598,0.800189,0.601982,0.183601,0.799932,-0.598017,0.184570,-0.800068,-0.597772,0.064567,-0.799811,0.602228,0.063598,0.800189,0.601885,0.063601,0.799932,-0.598114,0.064570
604,1.207000,-0.800068,-0.597675,0.184567,-0.799811,0.602325,0.183598,0.800189,0.601982,0.183602,0.799932,-0.598017,0.184570,-0.800068,-0.597772,0.064567,-0.799811,0.602228,0.063598,0.800189,0.601885,0.063602,0.799932,-0.598114,0.064570
605,1.209000,-0.800068,-0.597675,0.184567,-0.799811,0.602325,0.183597,0.800189,0.601982,0.183600,0.799932,-0.598017,0.184570,-0.800068,-0.597772,0.064567,-0.799811,0.602228,0.063597,0.800189,0.601885,0.063600,0.799932,-0.598114,0.064570
606,1.211000,-0.800068,-0.597675,0.184567,-0.799811,0.602325,0.183597,0.800189,0.601982,0.183600,0.799932,-0.598017,0.184570,-0.800068,-0.597772,0.064567,-0.799811,0.602228,0.063597,0.800189,0.601885,0.063600,0.799932,-0.598114,0.064570
607,1.213000,-0.800068,-0.597675,0.184567,-0.799811,0.602325,0.183598,0.800189,0.601982,0.183601,0.799932,-0.598017,0.184570,-0.800068,-0.597772,0.064567,-0.799811,0.602228,0.063598,0.800189,0.601885,0.063601,0.799932,-0.598114,0.064570
608,1.215000,-0.800068,-0.597675,0.184567,-0.799811,0.602325,0.183598,0.800189,0.601982,0.183601,0.799932,-0.598017,0.184571,-0.800068,-0.597772,0.064567,-0.799811,0.602228,0.063598,0.800189,0.601885,0.063601,0.799932,-0.598114,0.064571
609,1.217000,-0.800068,-0.597675,0.184567,-0.799811,0.602325,0.183598,0.800189,0.601982,0.183601,0.799932,-0.598017,0.184571,-0.800068,-0.597772,0.064567,-0.799811,0.602228,0.063598,0.800189,0.601885,0.063602,0.799932,-0.598114,0.064571
610,1.219000,-0.800068,-0.597675,0.184568,-0.799811,0.602325,0.183598,0.800189,0.601982,0.183601,0.799932,-0.598017,0.184571,-0.800068,-0.597772,0.064568,-0.799811,0.602228,0.063598,0.800189,0.601885,0.063601,0.799932,-0.598114,0.064571
611,1.221000,-0.800068,-0.597675,0.184568,-0.799811,0.602325,0.183598,0.800189,0.601982,0.183601,0.799932,-0.598017,0.184572,-0.800068,-0.597772,0.064568,-0.799811,0.602228,0.063598,0.800189,0.601885,0.063601,0.799932,-0.598114,0.064572
612,1.223000,-0.800068,-0.597675,0.184568,-0.799811,0.602325,0.183598,0.800189,0.601982,0.183602,0.799932,-0.598017,0.184572,-0.800068,-0.597772,0.064569,-0.799811,0.602228,0.063598,0.800189,0.601885,0.063602,0.799932,-0.598114,0.064572
613,1.225000,-0.800068,-0.597675,0.184569,-0.799811,0.602325,0.183598,0.800189,0.601982,0.183602,0.799932,-0.598017,0.184572,-0.800068,-0.597772,0.064569,-0.799811,0.602228,0.063598,0.800189,0.601885,0.063602,0.799932,-0.598114,0.064572
614,1.227000,-0.800068,-0.597675,0.184569,-0.799811,0.602325,0.183598,0.800189,0.601982,0.183602,0.799932,-0.598017,0.184572,-0.800068,-0.597772,0.064569,-0.799811,0.602228,0.063598,0.800189,0.601885,0.063602,0.799932,-0.598114,0.064572
615,1.229000,-0.800068,-0.597675,0.184569,-0.799811,0.602325,0.183598,0.800189,0.601982,0.183602,0.799932,-0.598017,0.184573,-0.800068,-0.597772,0.064569,-0.799811,0.602228,0.063598,0.800189,0.601885,0.063602,0.799932,-0.598115,0.064573
616,1.231000,-0.800068,-0.597675,0.184569,-0.799811,0.602325,0.183598,0.800189,0.601982,0.183602,0.799932,-0.598017,0.184573,-0.800068,-0.597772,0.064570,-0.799811,0.602228,0.063598,0.800189,0.601885,0.063602,0.799932,-0.598115,0.064573
617,1.233000,-0.800068,-0.597675,0.184570,-0.799811,0.602325,0.183598,0.800189,0.601982,0.183602,0.799932,-0.598017,0.184573,-0.800068,-0.597772,0.064570,-0.799811,0.602228,0.063598,0.800189,0.601885,0.063602,0.799932,-0.598115,0.064573
618,1.235000,-0.800068,-0.597675,0.184570,-0.799811,0.602325,0.183598,0.800189,0.601982,0.183602,0.799932,-0.598017,0.184573,-0.800068,-0.597772,0.064570,-0.799811,0.602227,0.063598,0.800189,0.601885,0.063602,0.799932,-0.598115,0.064573
619,1.237000,-0.800068,-0.597675,0.184570,-0.799811,0.602325,0.183598,0.800189,0.601982,0.183602,0.799932,-0.598017,0.184574,-0.800068,-0.597772,0.064570,-0.799811,0.602227,0.063598,0.800189,0.601885,0.063602,0.799932,-0.598115,0.064574
620,1.239000,-0.800068,-0.597675,0.184570,-0.799811,0.602325,0.183598,0.800189,0.601982,0.183602,0.799932,-0.598017,0.184574,-0.800068,-0.597772,0.064570,-0.799811,0.602227,0.063598,0.800189,0.601885,0.063602,0.799932,-0.598115,0.064574
621,1.241000,-0.800068,-0.597675,0.184570,-0.799811,0.602325,0.183598,0.800189,0.601982,0.183602,0.799932,-0.598017,0.184574,-0.800068,-0.597772,0.064570,-0.799811,0.602227,0.063598,0.800189,0.601885,0.063602,0.799932,-0.598115,0.064574
622,1.243000,-0.800068,-0.597675,0.184571,-0.799811,0.602325,0.183598,0.800189,0.601982,0.183602,0.799932,-0.598018,0.184574,-0.800068,-0.597772,0.064571,-0.799811,0.602227,0.063598,0.800189,0.601885,0.063602,0.799932,-0.598115,0.064574
623,1.245000,-0.800068,-0.597675,0.184571,-0.799811,0.602325,0.183598,0.800189,0.601982,0.183602,0.799932,-0.598018,0.184574,-0.800068,-0.597772,0.064571,-0.799811,0.602227,0.063598,0.800189,0.601885,0.063602,0.799932,-0.598115,0.064574
624,1.247000,-0.800068,-0.597675,0.184571,-0.799811,0.602325,0.183598,0.800189,0.601982,0.183602,0.799932,-0.598018,0.184575,-0.800068,-0.597772,0.064571,-0.799811,0.602227,0.063598,0.800189,0.601885,0.063602,0.799932,-0.598115,0.064575
625,1.249000,-0.800068,-0.597675,0.184571,-0.799811,0.602325,0.183598,0.800189,0.601982,0.183602,0.799932,-0.598018,0.184575,-0.800068,-0.597772,0.064571,-0.799811,0.602227,0.063598,0.800189,0.601885,0.063602,0.799932,-0.598115,0.064575
626,1.251000,-0.800068,-0.597675,0.184571,-0.799811,0.602325,0.183598,0.800189,0.601982,0.183602,0.799932,-0.598018,0.184575,-0.800068,-0.597772,0.064571,-0.799811,0.602227,0.063598,0.800189,0.601885,0.063602,0.799932,-0.598115,0.064575
627,1.253000,-0.800068,-0.597675,0.184571,-0.799811,0.602325,0.183598,0.800189,0.601982,0.183602,0.799932,-0.598018,0.184575,-0.800068,-0.597772,0.064571,-0.799811,0.602227,0.063598,0.800189,0.601885,0.063602,0.799932,-0.598115,0.064575
628,1.255000,-0.800068,-0.597675,0.184571,-0.799811,0.602325,0.183598,0.800189,0.601982,0.183602,0.799932,-0.598018,0.184575,-0.800068,-0.597772,0.064571,-0.799811,0.602227,0.063598,0.800189,0.601885,0.063602,0.799932,-0.598115,0.064575
629,1.257000,-0.800068,-0.597675,0.184571,-0.799811,0.602325,0.183598,0.800189,0.601982,0.183602,0.799932,-0.598018,0.184575,-0.800068,-0.597772,0.064571,-0.799811,0.602227,0.063598,0.800189,0.601885,0.063602,0.799932,-0.598115,0.064575
630,1.259000,-0.800068,-0.597675,0.184571,-0.799811,0.602324,0.183598,0.800189,0.601982,0.183602,0.799932,-0.598018,0.184575,-0.800068,-0.597772,0.064571,-0.799811,0.602227,0.063598,0.800189,0.601885,0.063602,0.799932,-0.598115,0.064575
631,1.261000,-0.800068,-0.597675,0.184571,-0.799811,0.602324,0.183598,0.800189,0.601982,0.183602,0.799932,-0.598018,0.184575,-0.800068,-0.597772,0.064571,-0.799811,0.602227,0.063598,0.800189,0.601885,0.063602,0.799932,-0.598115,0.064575
632,1.263000,-0.800068,-0.597675,0.184571,-0.799811,0.602324,0.183598,0.800189,0.601982,0.183602,0.799932,-0.598018,0.184575,-0.800068,-0.597772,0.064571,-0.799811,0.602227,0.063598,0.800189,0.601885,0.063602,0.799932,-0.598115,0.064575
633,1.265000,-0.800068,-0.597675,0.184571,-0.799811,0.602324,0.183598,0.800189,0.601982,0.183602,0.799932,-0.598018,0.184575,-0.800068,-0.597772,0.064571,-0.799811,0.602227,0.063598,0.800189,0.601884,0.063602,0.799932,-0.598115,0.064575
634,1.267000,-0.800068,-0.597675,0.184571,-0.799811,0.602324,0.183598,0.800189,0.601982,0.183602,0.799932,-0.598018,0.184575,-0.800068,-0.597773,0.064571,-0.799811,0.602227,0.063598,0.800189,0.601884,0.063602,0.799932,-0.598115,0.064575
635,1.269000,-0.800068,-0.597675,0.184571,-0.799811,0.602324,0.183598,0.800189,0.601982,0.183601,0.799932,-0.598018,0.184575,-0.800068,-0.597773,0.064571,-0.799811,0.602227,0.063598,0.800189,0.601884,0.063602,0.799932,-0.598115,0.064575
636,1.271000,-0.800068,-0.597675,0.184571,-0.799811,0.602324,0.183598,0.800189,0.601982,0.183601,0.799932,-0.598018,0.184575,-0.800068,-0.597773,0.064571,-0.799811,0.602227,0.063598,0.800189,0.601884,0.063601,0.799932,-0.598115,0.064575
637,1.273000,-0.800068,-0.597675,0.184571,-0.799811,0.602324,0.183598,0.800189,0.601982,0.183601,0.799932,-0.598018,0.184575,-0.800068,-0.597773,0.064571,-0.799811,0.602227,0.063598,0.800189,0.601884,0.063601,0.799932,-0.598115,0.064575
638,1.275000,-0.800068,-0.597675,0.184571,-0.799811,0.602324,0.183597,0.800189,0.601982,0.183601,0.799932,-0.598018,0.184575,-0.800068,-0.597773,0.064571,-0.799811,0.602227,0.063598,0.800189,0.601884,0.063601,0.799932,-0.598115,0.064575
639,1.277000,-0.800068,-0.597675,0.184571,-0.799811,0.602324,0.183597,0.800189,0.601982,0.183601,0.799932,-0.598018,0.184575,-0.800068,-0.597773,0.064571,-0.799811,0.602227,0.063598,0.800189,0.601884,0.063601,0.799932,-0.598115,0.064575
640,1.279000,-0.800068,-0.597675,0.184571,-0.799811,0.602324,0.183597,0.800189,0.601982,0.183601,0.799932,-0.598018,0.184574,-0.800068,-0.597773,0.064571,-0.799811,0.602227,0.063598,0.800189,0.601884,0.063601,0.799932,-0.598115,0.064575
641,1.281000,-0.800068,-0.597675,0.184571,-0.799811,0.602324,0.183597,0.800189,0.601982,0.183601,0.799932,-0.598018,0.184574,-0.800068,-0.597773,0.064571,-0.799811,0.602227,0.063598,0.800189,0.601884,0.063601,0.799932,-0.598115,0.064574
642,1.283000,-0.800068,-0.597675,0.184570,-0.799811,0.602324,0.183597,0.800189,0.601982,0.183601,0.799932,-0.598018,0.184574,-0.800068,-0.597773,0.064571,-0.799811,0.602227,0.063598,0.800189,0.601884,0.063601,0.799932,-0.598115,0.064574
643,1.285000,-0.800068,-0.597675,0.184570,-0.799811,0.602324,0.183597,0.800189,0.601982,0.183601,0.799932,-0.598018,0.184574,-0.800068,-0.597773,0.064570,-0.799811,0.602227,0.063598,0.800189,0.601884,0.063601,0.799932,-0.598115,0.064574
644,1.287000,-0.800068,-0.597675,0.184570,-0.799811,0.602324,0.183597,0.800189,0.601982,0.183601,0.799932,-0.598018,0.184574,-0.800068,-0.597773,0.064570,-0.799811,0.602227,0.063598,0.800189,0.601884,0.063601,0.799932,-0.598115,0.064574
645,1.289000,-0.800068,-0.597675,0.184570,-0.799811,0.602324,0.183597,0.800189,0.601982,0.183601,0.799932,-0.598018,0.184574,-0.800068,-0.597773,0.064570,-0.799811,0.602227,0.063598,0.800189,0.601884,0.063601,0.799932,-0.598115,0.064574
646,1.291000,-0.800068,-0.597675,0.184570,-0.799811,0.602324,0.183597,0.800189,0.601982,0.183601,0.799932,-0.598018,0.184574,-0.800068,-0.597773,0.064570,-0.799811,0.602227,0.063598,0.800189,0.601884,0.063601,0.799932,-0.598115,0.064574
647,1.293000,-0.800068,-0.597675,0.184570,-0.799811,0.602324,0.183597,0.800189,0.601982,0.183601,0.799932,-0.598018,0.184574,-0.800068,-0.597773,0.064570,-0.799811,0.602227,0.063598,0.800189,0.601884,0.063601,0.799932,-0.598115,0.064574
648,1.295000,-0.800068,-0.597675,0.184570,-0.799811,0.602324,0.183597,0.800189,0.601982,0.183601,0.799932,-0.598018,0.184574,-0.800068,-0.597773,0.064570,-0.799811,0.602227,0.063597,0.800189,0.601884,0.063601,0.799932,-0.598115,0.064574
649,1.297000,-0.800068,-0.597675,0.184570,-0.799811,0.602324,0.183597,0.800189,0.601982,0.183601,0.799932,-0.598018,0.184574,-0.800068,-0.597773,0.064570,-0.799811,0.602227,0.063597,0.800189,0.601884,0.063601,0.799932,-0.598115,0.064574
650,1.299000,-0.800068,-0.597676,0.184570,-0.799811,0.602324,0.183597,0.800189,0.601982,0.183601,0.799932,-0.598018,0.184574,-0.800068,-0.597773,0.064570,-0.799811,0.602227,0.063597,0.800189,0.601884,0.063601,0.799932,-0.598115,0.064574
651,1.301000,-0.800068,-0.597676,0.184570,-0.799811,0.602324,0.183597,0.800189,0.601982,0.183601,0.799932,-0.598018,0.184574,-0.800068,-0.597773,0.064570,-0.799811,0.602227,0.063598,0.800189,0.601884,0.063601,0.799932,-0.598115,0.064574
652,1.303000,-0.800068,-0.597676,0.184570,-0.799811,0.602324,0.183598,0.800189,0.601982,0.183601,0.799932,-0.598018,0.184574,-0.800068,-0.597773,0.064570,-0.799811,0.602227,0.063598,0.800189,0.601884,0.063601,0.799932,-0.598115,0.064574
653,1.305000,-0.800068,-0.597676,0.184570,-0.799811,0.602324,0.183598,0.800189,0.601982,0.183601,0.799932,-0.598018,0.184573,-0.800068,-0.597773,0.064570,-0.799811,0.602227,0.063598,0.800189,0.601884,0.063601,0.799932,-0.598115,0.064573
654,1.307000,-0.800068,-0.597676,0.184570,-0.799811,0.602324,0.183598,0.800189,0.601982,0.183601,0.799932,-0.598018,0.184573,-0.800068,-0.597773,0.064570,-0.799811,0.602227,0.063598,0.800189,0.601884,0.063601,0.799932,-0.598115,0.064573
655,1.309000,-0.800068,-0.597676,0.184570,-0.799811,0.602324,0.183598,0.800189,0.601982,0.183601,0.799932,-0.598018,0.184573,-0.800068,-0.597773,0.064570,-0.799811,0.602227,0.063598,0.800189,0.601884,0.063602,0.799932,-0.598115,0.064573
656,1.311000,-0.800068,-0.597676,0.184570,-0.799811,0.602324,0.183598,0.800188,0.601982,0.183602,0.799932,-0.598018,0.184573,-0.800068,-0.597773,0.064570,-0.799811,0.602227,0.063598,0.800189,0.601884,0.063602,0.799932,-0.598115,0.064573
657,1.313000,-0.800068,-0.597676,0.184570,-0.799811,0.602324,0.183598,0.800188,0.601982,0.183602,0.799932,-0.598018,0.184573,-0.800068,-0.597773,0.064570,-0.799811,0.602227,0.063598,0.800189,0.601884,0.063602,0.799932,-0.598115,0.064573
658,1.315000,-0.800068,-0.597676,0.184570,-0.799812,0.602324,0.183598,0.800188,0.601982,0.183602,0.799932,-0.598018,0.184573,-0.800068,-0.597773,0.064570,-0.799811,0.602227,0.063598,0.800189,0.601884,0.063602,0.799932,-0.598115,0.064573
659,1.317000,-0.800068,-0.597676,0.184570,-0.799812,0.602324,0.183598,0.800188,0.601982,0.183602,0.799932,-0.598018,0.184573,-0.800068,-0.597773,0.064570,-0.799811,0.602227,0.063598,0.800189,0.601884,0.063602,0.799932,-0.598115,0.064574
660,1.319000,-0.800068,-0.597676,0.184570,-0.799812,0.602324,0.183598,0.800188,0.601982,0.183602,0.799932,-0.598018,0.184574,-0.800068,-0.597773,0.064570,-0.799811,0.602227,0.063598,0.800189,0.601884,0.063602,0.799932,-0.598115,0.064574
661,1.321000,-0.800068,-0.597676,0.184570,-0.799812,0.602324,0.183598,0.800188,0.601982,0.183602,0.799932,-0.598018,0.184574,-0.800068,-0.597773,0.064570,-0.799811,0.602227,0.063598,0.800189,0.601884,0.063602,0.799932,-0.598115,0.064574
662,1.323000,-0.800068,-0.597676,0.184570,-0.799812,0.602324,0.183598,0.800188,0.601982,0.183602,0.799932,-0.598018,0.184574,-0.800068,-0.597773,0.064570,-0.799811,0.602226,0.063598,0.800189,0.601884,0.063602,0.799932,-0.598115,0.064574
663,1.325000,-0.800068,-0.597676,0.184570,-0.799812,0.602324,0.183598,0.800188,0.601982,0.183602,0.799932,-0.598018,0.184574,-0.800068,-0.597773,0.064570,-0.799811,0.602226,0.063598,0.800189,0.601884,0.063602,0.799932,-0.598115,0.064574
664,1.327000,-0.800068,-0.597676,0.184570,-0.799812,0.602324,0.183598,0.800188,0.601982,0.183602,0.799932,-0.598018,0.184574,-0.800068,-0.597773,0.064570,-0.799811,0.602226,0.063598,0.800189,0.601884,0.063602,0.799932,-0.598115,0.064574
665,1.329000,-0.800068,-0.597676,0.184570,-0.799811,0.602324,0.183598,0.800188,0.601982,0.183602,0.799932,-0.598018,0.184574,-0.800068,-0.597773,0.064570,-0.799811,0.602226,0.063598,0.800189,0.601884,0.063602,0.799932,-0.598115,0.064574
666,1.331000,-0.800068,-0.597676,0.184570,-0.799811,0.602324,0.183598,0.800188,0.601982,0.183602,0.799932,-0.598018,0.184574,-0.800068,-0.597773,0.064570,-0.799811,0.602226,0.063598,0.800189,0.601884,0.063602,0.799932,-0.598115,0.064574
667,1.333000,-0.800068,-0.597676,0.184570,-0.799811,0.602324,0.183598,0.800188,0.601982,0.183602,0.799932,-0.598018,0.184574,-0.800068,-0.597773,0.064570,-0.799811,0.602226,0.063598,0.800189,0.601884,0.063602,0.799932,-0.598115,0.064574
668,1.335000,-0.800068,-0.597676,0.184570,-0.799811,0.602324,0.183598,0.800188,0.601982,0.183602,0.799932,-0.598018,0.184574,-0.800068,-0.597773,0.064570,-0.799811,0.602226,0.063598,0.800189,0.601884,0.063602,0.799932,-0.598115,0.064574
669,1.337000,-0.800068,-0.597676,0.184570,-0.799811,0.602324,0.183598,0.800188,0.601982,0.183602,0.799932,-0.598018,0.184574,-0.800068,-0.597773,0.064570,-0.799811,0.602226,0.063598,0.800189,0.601884,0.063602,0.799932,-0.598115,0.064574
670,1.339000,-0.800068,-0.597676,0.184570,-0.799811,0.602324,0.183598,0.800188,0.601982,0.183602,0.799932,-0.598018,0.184574,-0.800068,-0.597773,0.064570,-0.799811,0.602226,0.063598,0.800189,0.601884,0.063602,0.799932,-0.598115,0.064574
671,1.341000,-0.800068,-0.597676,0.184570,-0.799811,0.602324,0.183598,0.800188,0.601981,0.183602,0.799932,-0.598018,0.184574,-0.800068,-0.597773,0.064570,-0.799811,0.602226,0.063598,0.800189,0.601884,0.063602,0.799932,-0.598115,0.064574
672,1.343000,-0.800068,-0.597676,0.184570,-0.799811,0.602324,0.183598,0.800189,0.601981,0.183602,0.799932,-0.598018,0.184574,-0.800068,-0.597773,0.064570,-0.799811,0.602226,0.063598,0.800189,0.601884,0.063602,0.799932,-0.598115,0.064574
673,1.345000,-0.800068,-0.597676,0.184570,-0.799811,0.602324,0.183598,0.800189,0.601981,0.183602,0.799932,-0.598018,0.184574,-0.800068,-0.597773,0.064570,-0.799811,0.602226,0.063598,0.800189,0.601884,0.063602,0.799932,-0.598115,0.064574
674,1.347000,-0.800068,-0.597676,0.184570,-0.799811,0.602323,0.183598,0.800189,0.601981,0.183602,0.799932,-0.598018,0.184574,-0.800068,-0.597773,0.064570,-0.799811,0.602226,0.063598,0.800189,0.601884,0.063602,0.799932,-0.598116,0.064574
675,1.349000,-0.800068,-0.597676,0.184569,-0.799811,0.602323,0.183597,0.800189,0.601981,0.183601,0.799932,-0.598018,0.184573,-0.800068,-0.597773,0.064569,-0.799811,0.602226,0.063597,0.800189,0.601884,0.063601,0.799932,-0.598116,0.064573
676,1.351000,-0.800068,-0.597676,0.184570,-0.799811,0.602324,0.183596,0.800189,0.601981,0.183600,0.799932,-0.598018,0.184573,-0.800068,-0.597773,0.064570,-0.799811,0.602226,0.063596,0.800189,0.601884,0.063600,0.799932,-0.598116,0.064573
677,1.353000,-0.800068,-0.597676,0.184570,-0.799811,0.602324,0.183596,0.800189,0.601981,0.183600,0.799932,-0.598018,0.184574,-0.800068,-0.597773,0.064570,-0.799811,0.602226,0.063596,0.800189,0.601884,0.063600,0.799932,-0.598116,0.064574
678,1.355000,-0.800068,-0.597676,0.184570,-0.799811,0.602323,0.183597,0.800189,0.601981,0.183601,0.799932,-0.598018,0.184574,-0.800068,-0.597773,0.064570,-0.799811,0.602226,0.063597,0.800189,0.601884,0.063601,0.799932,-0.598116,0.064574
679,1.357000,-0.800068,-0.597676,0.184569,-0.799811,0.602323,0.183598,0.800188,0.601981,0.183602,0.799932,-0.598018,0.184573,-0.800068,-0.597773,0.064569,-0.799811,0.602226,0.063598,0.800189,0.601884,0.063602,0.799932,-0.598116,0.064573
680,1.359000,-0.800068,-0.597676,0.184570,-0.799811,0.602323,0.183598,0.800188,0.601981,0.183602,0.799932,-0.598018,0.184574,-0.800068,-0.597773,0.064570,-0.799811,0.602226,0.063598,0.800189,0.601884,0.063602,0.799932,-0.598116,0.064574
681,1.361000,-0.800068,-0.597676,0.184570,-0.799811,0.602323,0.183598,0.800188,0.601981,0.183602,0.799932,-0.598018,0.184574,-0.800068,-0.597773,0.064570,-0.799811,0.602226,0.063598,0.800189,0.601884,0.063602,0.799932,-0.598116,0.064574
682,1.363000,-0.800068,-0.597676,0.184571,-0.799811,0.602323,0.183597,0.800188,0.601981,0.183601,0.799932,-0.598018,0.184575,-0.800068,-0.597773,0.064571,-0.799811,0.602226,0.063597,0.800189,0.601884,0.063601,0.799932,-0.598116,0.064575
683,1.365000,-0.800068,-0.597676,0.184571,-0.799812,0.602324,0.183597,0.800188,0.601981,0.183601,0.799932,-0.598018,0.184575,-0.800068,-0.597773,0.064571,-0.799811,0.602226,0.063597,0.800189,0.601884,0.063601,0.799932,-0.598116,0.064575
684,1.367000,-0.800068,-0.597676,0.184571,-0.799812,0.602324,0.183597,0.800188,0.601981,0.183601,0.799932,-0.598018,0.184575,-0.800068,-0.597773,0.064571,-0.799811,0.602226,0.063597,0.800189,0.601884,0.063601,0.799932,-0.598116,0.064575
685,1.369000,-0.800068,-0.597676,0.184571,-0.799812,0.602323,0.183597,0.800188,0.601981,0.183601,0.799932,-0.598018,0.184575,-0.800068,-0.597774,0.064571,-0.799811,0.602226,0.063597,0.800189,0.601884,0.063601,0.799932,-0.598116,0.064575
686,1.371000,-0.800068,-0.597676,0.184570,-0.799812,0.602323,0.183597,0.800188,0.601981,0.183601,0.799932,-0.598018,0.184574,-0.800068,-0.597774,0.064570,-0.799811,0.602226,0.063597,0.800189,0.601884,0.063601,0.799932,-0.598116,0.064575
687,1.373000,-0.800068,-0.597676,0.184570,-0.799812,0.602323,0.183597,0.800188,0.601981,0.183601,0.799932,-0.598018,0.184574,-0.800068,-0.597774,0.064570,-0.799811,0.602226,0.063597,0.800189,0.601884,0.063601,0.799932,-0.598116,0.064575
688,1.375000,-0.800068,-0.597676,0.184571,-0.799812,0.602323,0.183597,0.800188,0.601981,0.183601,0.799932,-0.598018,0.184575,-0.800068,-0.597774,0.064571,-0.799811,0.602226,0.063597,0.800189,0.601884,0.063601,0.799932,-0.598116,0.064575
689,1.377000,-0.800068,-0.597676,0.184571,-0.799812,0.602323,0.183597,0.800188,0.601981,0.183601,0.799932,-0.598018,0.184575,-0.800068,-0.597774,0.064571,-0.799811,0.602226,0.063597,0.800189,0.601884,0.063601,0.799932,-0.598116,0.064575
690,1.379000,-0.800068,-0.597676,0.184571,-0.799812,0.602323,0.183597,0.800188,0.601981,0.183601,0.799932,-0.598018,0.184575,-0.800068,-0.597774,0.064571,-0.799811,0.602226,0.063597,0.800189,0.601884,0.063601,0.799932,-0.598116,0.064575
691,1.381000,-0.800068,-0.597676,0.184571,-0.799812,0.602323,0.183597,0.800188,0.601981,0.183601,0.799932,-0.598018,0.184575,-0.800068,-0.597774,0.064571,-0.799811,0.602226,0.063597,0.800189,0.601884,0.063601,0.799932,-0.598116,0.064575
692,1.383000,-0.800068,-0.597676,0.184570,-0.799812,0.602323,0.183597,0.800188,0.601981,0.183601,0.799932,-0.598018,0.184575,-0.800068,-0.597774,0.064570,-0.799811,0.602226,0.063597,0.800189,0.601884,0.063602,0.799932,-0.598116,0.064575
693,1.385000,-0.800068,-0.597676,0.184570,-0.799812,0.602323,0.183597,0.800188,0.601981,0.183601,0.799932,-0.598018,0.184574,-0.800068,-0.597774,0.064570,-0.799811,0.602226,0.063597,0.800189,0.601884,0.063602,0.799932,-0.598116,0.064574
694,1.387000,-0.800068,-0.597676,0.184571,-0.799812,0.602323,0.183597,0.800188,0.601981,0.183601,0.799932,-0.598018,0.184575,-0.800068,-0.597774,0.064571,-0.799811,0.602226,0.063597,0.800189,0.601884,0.063601,0.799932,-0.598116,0.064575
695,1.389000,-0.800068,-0.597676,0.184571,-0.799812,0.602323,0.183597,0.800188,0.601981,0.183601,0.799932,-0.598018,0.184575,-0.800068,-0.597774,0.064571,-0.799811,0.602226,0.063597,0.800189,0.601884,0.063601,0.799932,-0.598116,0.064575
696,1.391000,-0.800068,-0.597676,0.184571,-0.799812,0.602323,0.183597,0.800188,0.601981,0.183601,0.799932,-0.598018,0.184575,-0.800068,-0.597774,0.064571,-0.799811,0.602226,0.063597,0.800189,0.601884,0.063601,0.799932,-0.598116,0.064575
697,1.393000,-0.800068,-0.597676,0.184571,-0.799812,0.602323,0.183597,0.800188,0.601981,0.183601,0.799932,-0.598019,0.184575,-0.800068,-0.597774,0.064571,-0.799811,0.602226,0.063597,0.800189,0.601884,0.063601,0.799932,-0.598116,0.064575
698,1.395000,-0.800068,-0.597676,0.184571,-0.799812,0.602323,0.183597,0.800188,0.601981,0.183601,0.799932,-0.598019,0.184575,-0.800068,-0.597774,0.064571,-0.799811,0.602226,0.063597,0.800189,0.601884,0.063601,0.799932,-0.598116,0.064575
699,1.397000,-0.800068,-0.597676,0.184570,-0.799812,0.602323,0.183597,0.800188,0.601981,0.183601,0.799932,-0.598019,0.184575,-0.800068,-0.597774,0.064571,-0.799811,0.602226,0.063597,0.800189,0.601884,0.063601,0.799932,-0.598116,0.064575
700,1.399000,-0.800068,-0.597676,0.184570,-0.799812,0.602323,0.183597,0.800188,0.601981,0.183601,0.799932,-0.598019,0.184574,-0.800068,-0.597774,0.064570,-0.799811,0.602226,0.063597,0.800189,0.601884,0.063601,0.799932,-0.598116,0.064575
701,1.401000,-0.800068,-0.597676,0.184571,-0.799812,0.602323,0.183597,0.800188,0.601981,0.183601,0.799932,-0.598019,0.184575,-0.800068,-0.597774,0.064571,-0.799811,0.602226,0.063597,0.800189,0.601884,0.063601,0.799932,-0.598116,0.064575
702,1.403000,-0.800068,-0.597676,0.184571,-0.799812,0.602323,0.183597,0.800188,0.601981,0.183601,0.799932,-0.598019,0.184575,-0.800068,-0.597774,0.064571,-0.799811,0.602226,0.063597,0.800189,0.601884,0.063601,0.799932,-0.598116,0.064575
703,1.405000,-0.800068,-0.597676,0.184571,-0.799812,0.602323,0.183597,0.800188,0.601981,0.183601,0.799932,-0.598019,0.184575,-0.800068,-0.597774,0.064571,-0.799811,0.602226,0.063597,0.800189,0.601884,0.063601,0.799932,-0.598116,0.064575
704,1.407000,-0.800068,-0.597677,0.184571,-0.799812,0.602323,0.183597,0.800188,0.601981,0.183601,0.799932,-0.598019,0.184575,-0.800068,-0.597774,0.064571,-0.799811,0.602226,0.063597,0.800189,0.601883,0.063601,0.799932,-0.598116,0.064575
705,1.409000,-0.800068,-0.597677,0.184570,-0.799812,0.602323,0.183597,0.800188,0.601981,0.183601,0.799932,-0.598019,0.184575,-0.800068,-0.597774,0.064571,-0.799811,0.602226,0.063597,0.800189,0.601883,0.063601,0.799932,-0.598116,0.064575
706,1.411000,-0.800068,-0.597677,0.184570,-0.799812,0.602323,0.183597,0.800188,0.601981,0.183601,0.799932,-0.598019,0.184574,-0.800068,-0.597774,0.064570,-0.799811,0.602226,0.063597,0.800189,0.601883,0.063601,0.799932,-0.598116,0.064574
707,1.413000,-0.800068,-0.597677,0.184570,-0.799812,0.602323,0.183597,0.800188,0.601981,0.183601,0.799932,-0.598019,0.184574,-0.800068,-0.597774,0.064570,-0.799811,0.602226,0.063597,0.800189,0.601883,0.063601,0.799932,-0.598116,0.064575
708,1.415000,-0.800068,-0.597677,0.184571,-0.799812,0.602323,0.183597,0.800188,0.601981,0.183601,0.799932,-0.598019,0.184575,-0.800068,-0.597774,0.064571,-0.799811,0.602226,0.063597,0.800189,0.601883,0.063601,0.799932,-0.598116,0.064575
709,1.417000,-0.800068,-0.597677,0.184571,-0.799812,0.602323,0.183597,0.800188,0.601981,0.183601,0.799932,-0.598019,0.184575,-0.800068,-0.597774,0.064571,-0.799811,0.602226,0.063597,0.800189,0.601883,0.063601,0.799932,-0.598116,0.064575
710,1.419000,-0.800068,-0.597677,0.184571,-0.799812,0.602323,0.183597,0.800188,0.601981,0.183601,0.799932,-0.598019,0.184575,-0.800068,-0.597774,0.064571,-0.799811,0.602226,0.063597,0.800189,0.601883,0.063601,0.799932,-0.598116,0.064575
711,1.421000,-0.800068,-0.597677,0.184571,-0.799812,0.602323,0.183597,0.800188,0.601981,0.183601,0.799932,-0.598019,0.184575,-0.800068,-0.597774,0.064571,-0.799811,0.602226,0.063597,0.800189,0.601883,0.063601,0.799932,-0.598116,0.064575
712,1.423000,-0.800068,-0.597677,0.184570,-0.799812,0.602323,0.183597,0.800188,0.601981,0.183601,0.799932,-0.598019,0.184574,-0.800068,-0.597774,0.064571,-0.799811,0.602226,0.063597,0.800189,0.601883,0.063601,0.799932,-0.598116,0.064575
713,1.425000,-0.800068,-0.597677,0.184570,-0.799812,0.602323,0.183597,0.800188,0.601981,0.183601,0.799932,-0.598019,0.184574,-0.800068,-0.597774,0.064571,-0.799811,0.602225,0.063597,0.800189,0.601883,0.063601,0.799932,-0.598116,0.064574
714,1.427000,-0.800068,-0.597677,0.184570,-0.799812,0.602323,0.183597,0.800188,0.601981,0.183601,0.799932,-0.598019,0.184574,-0.800068,-0.597774,0.064571,-0.799811,0.602225,0.063597,0.800189,0.601883,0.063601,0.799932,-0.598116,0.064574
715,1.429000,-0.800068,-0.597677,0.184570,-0.799812,0.602323,0.183597,0.800188,0.601981,0.183601,0.799932,-0.598019,0.184574,-0.800068,-0.597774,0.064570,-0.799811,0.602225,0.063597,0.800189,0.601883,0.063601,0.799932,-0.598116,0.064575
716,1.431000,-0.800068,-0.597677,0.184570,-0.799812,0.602323,0.183597,0.800188,0.601981,0.183601,0.799932,-0.598019,0.184575,-0.800068,-0.597774,0.064570,-0.799811,0.602225,0.063597,0.800189,0.601883,0.063601,0.799932,-0.598116,0.064575
717,1.433000,-0.800068,-0.597677,0.184570,-0.799812,0.602323,0.183597,0.800188,0.601981,0.183601,0.799932,-0.598019,0.184575,-0.800068,-0.597774,0.064570,-0.799811,0.602225,0.063597,0.800189,0.601883,0.063601,0.799932,-0.598116,0.064575
718,1.435000,-0.800068,-0.597677,0.184570,-0.799812,0.602323,0.183597,0.800188,0.601981,0.183601,0.799932,-0.598019,0.184574,-0.800068,-0.597774,0.064570,-0.799811,0.602225,0.063597,0.800189,0.601883,0.063601,0.799932,-0.598116,0.064574
719,1.437000,-0.800068,-0.597677,0.184570,-0.799812,0.602323,0.183597,0.800188,0.601981,0.183601,0.799932,-0.598019,0.184574,-0.800068,-0.597774,0.064570,-0.799811,0.602225,0.063597,0.800189,0.601883,0.063601,0.799932,-0.598116,0.064575
720,1.439000,-0.800068,-0.597677,0.184570,-0.799812,0.602323,0.183597,0.800188,0.601981,0.183601,0.799932,-0.598019,0.184574,-0.800068,-0.597774,0.064570,-0.799811,0.602225,0.063597,0.800189,0.601883,0.063601,0.799932,-0.598116,0.064575
721,1.441000,-0.800068,-0.597677,0.184570,-0.799812,0.602323,0.183597,0.800188,0.601981,0.183601,0.799932,-0.598019,0.184575,-0.800068,-0.597774,0.064570,-0.799811,0.602225,0.063597,0.800189,0.601883,0.063601,0.799932,-0.598116,0.064575
722,1.443000,-0.800068,-0.597677,0.184570,-0.799812,0.602323,0.183597,0.800188,0.601981,0.183601,0.799932,-0.598019,0.184575,-0.800068,-0.597774,0.064570,-0.799811,0.602225,0.063597,0.800189,0.601883,0.063601,0.799932,-0.598116,0.064575
723,1.445000,-0.800068,-0.597677,0.184570,-0.799812,0.602323,0.183597,0.800188,0.601981,0.183601,0.799932,-0.598019,0.184575,-0.800068,-0.597774,0.064570,-0.799811,0.602225,0.063597,0.800189,0.601883,0.063601,0.799932,-0.598116,0.064575
724,1.447000,-0.800068,-0.597677,0.184570,-0.799812,0.602323,0.183597,0.800188,0.601981,0.183601,0.799932,-0.598019,0.184575,-0.800068,-0.597774,0.064570,-0.799811,0.602225,0.063597,0.800189,0.601883,0.063601,0.799932,-0.598116,0.064575
725,1.449000,-0.800068,-0.597677,0.184570,-0.799812,0.602323,0.183597,0.800188,0.601981,0.183601,0.799932,-0.598019,0.184575,-0.800068,-0.597774,0.064570,-0.799811,0.602225,0.063597,0.800189,0.601883,0.063601,0.799932,-0.598116,0.064575
726,1.451000,-0.800068,-0.597677,0.184570,-0.799812,0.602323,0.183597,0.800188,0.601981,0.183601,0.799932,-0.598019,0.184575,-0.800068,-0.597774,0.064570,-0.799811,0.602225,0.063597,0.800189,0.601883,0.063601,0.799932,-0.598116,0.064575
727,1.453000,-0.800068,-0.597677,0.184570,-0.799812,0.602323,0.183597,0.800188,0.601981,0.183601,0.799932,-0.598019,0.184575,-0.800068,-0.597774,0.064570,-0.799811,0.602225,0.063597,0.800189,0.601883,0.063601,0.799932,-0.598116,0.064575
728,1.455000,-0.800068,-0.597677,0.184570,-0.799812,0.602323,0.183597,0.800188,0.601981,0.183601,0.799932,-0.598019,0.184575,-0.800068,-0.597774,0.064570,-0.799811,0.602225,0.063597,0.800189,0.601883,0.063601,0.799932,-0.598116,0.064575
729,1.457000,-0.800068,-0.597677,0.184570,-0.799812,0.602323,0.183597,0.800188,0.601981,0.183601,0.799932,-0.598019,0.184575,-0.800068,-0.597774,0.064570,-0.799811,0.602225,0.063597,0.800189,0.601883,0.063601,0.799932,-0.598116,0.064575
730,1.459000,-0.800068,-0.597677,0.184570,-0.799812,0.602323,0.183597,0.800188,0.601981,0.183601,0.799932,-0.598019,0.184575,-0.800068,-0.597774,0.064570,-0.799811,0.602225,0.063597,0.800189,0.601883,0.063601,0.799932,-0.598116,0.064575
731,1.461000,-0.800068,-0.597677,0.184570,-0.799812,0.602323,0.183597,0.800188,0.601981,0.183601,0.799932,-0.598019,0.184575,-0.800068,-0.597774,0.064570,-0.799811,0.602225,0.063597,0.800189,0.601883,0.063601,0.799932,-0.598116,0.064575
732,1.463000,-0.800068,-0.597677,0.184570,-0.799812,0.602323,0.183597,0.800188,0.601981,0.183601,0.799932,-0.598019,0.184575,-0.800068,-0.597774,0.064571,-0.799811,0.602225,0.063597,0.800189,0.601883,0.063601,0.799932,-0.598116,0.064575
733,1.465000,-0.800068,-0.597677,0.184570,-0.799812,0.602322,0.183597,0.800188,0.601981,0.183601,0.799932,-0.598019,0.184575,-0.800068,-0.597774,0.064571,-0.799811,0.602225,0.063597,0.800189,0.601883,0.063601,0.799932,-0.598116,0.064575
734,1.467000,-0.800068,-0.597677,0.184571,-0.799812,0.602322,0.183597,0.800188,0.601981,0.183601,0.799932,-0.598019,0.184575,-0.800068,-0.597774,0.064571,-0.799811,0.602225,0.063597,0.800189,0.601883,0.063601,0.799932,-0.598116,0.064575
735,1.469000,-0.800068,-0.597677,0.184571,-0.799812,0.602322,0.183597,0.800188,0.601981,0.183601,0.799932,-0.598019,0.184575,-0.800068,-0.597775,0.064571,-0.799811,0.602225,0.063597,0.800189,0.601883,0.063601,0.799932,-0.598116,0.064575
736,1.471000,-0.800068,-0.597677,0.184571,-0.799812,0.602322,0.183597,0.800188,0.601981,0.183601,0.799932,-0.598019,0.184575,-0.800068,-0.597775,0.064571,-0.799811,0.602225,0.063597,0.800189,0.601883,0.063601,0.799932,-0.598116,0.064575
737,1.473000,-0.800068,-0.597677,0.184571,-0.799812,0.602322,0.183597,0.800188,0.601981,0.183601,0.799932,-0.598019,0.184575,-0.800068,-0.597775,0.064571,-0.799811,0.602225,0.063597,0.800189,0.601883,0.063601,0.799932,-0.598116,0.064575
738,1.475000,-0.800068,-0.597677,0.184571,-0.799812,0.602322,0.183597,0.800188,0.601981,0.183601,0.799932,-0.598019,0.184575,-0.800068,-0.597775,0.064571,-0.799811,0.602225,0.063597,0.800189,0.601883,0.063601,0.799932,-0.598116,0.064575
739,1.477000,-0.800068,-0.597677,0.184568,-0.799812,0.602322,0.183593,0.800188,0.601981,0.183600,0.799932,-0.598019,0.184574,-0.800068,-0.597775,0.064568,-0.799811,0.602225,0.063593,0.800189,0.601883,0.063600,0.799932,-0.598116,0.064574
740,1.479000,-0.800068,-0.597677,0.184569,-0.799812,0.602322,0.183594,0.800188,0.601981,0.183599,0.799932,-0.598019,0.184574,-0.800068,-0.597775,0.064569,-0.799811,0.602225,0.063594,0.800189,0.601883,0.063599,0.799932,-0.598116,0.064574
741,1.481000,-0.800068,-0.597677,0.184569,-0.799812,0.602322,0.183594,0.800188,0.601981,0.183599,0.799932,-0.598019,0.184575,-0.800068,-0.597775,0.064569,-0.799811,0.602225,0.063594,0.800189,0.601883,0.063600,0.799932,-0.598116,0.064575
742,1.483000,-0.800068,-0.597677,0.184570,-0.799812,0.602322,0.183594,0.800188,0.601981,0.183599,0.799932,-0.598019,0.184575,-0.800068,-0.597775,0.064570,-0.799811,0.602225,0.063594,0.800189,0.601883,0.063600,0.799932,-0.598116,0.064575
743,1.485000,-0.800068,-0.597677,0.184570,-0.799812,0.602322,0.183594,0.800188,0.601981,0.183599,0.799932,-0.598019,0.184575,-0.800068,-0.597775,0.064570,-0.799811,0.602225,0.063594,0.800189,0.601883,0.063599,0.799932,-0.598116,0.064575
744,1.487000,-0.800068,-0.597677,0.184570,-0.799812,0.602322,0.183594,0.800188,0.601981,0.183599,0.799932,-0.598019,0.184575,-0.800068,-0.597775,0.064570,-0.799811,0.602225,0.063594,0.800189,0.601883,0.063599,0.799932,-0.598117,0.064575
745,1.489000,-0.800068,-0.597677,0.184569,-0.799812,0.602322,0.183594,0.800188,0.601981,0.183599,0.799932,-0.598019,0.184575,-0.800068,-0.597775,0.064569,-0.799811,0.602225,0.063594,0.800189,0.601883,0.063599,0.799932,-0.598117,0.064575
746,1.491000,-0.800068,-0.597677,0.184569,-0.799812,0.602322,0.183594,0.800188,0.601981,0.183599,0.799932,-0.598019,0.184575,-0.800068,-0.597775,0.064569,-0.799811,0.602225,0.063594,0.800189,0.601883,0.063599,0.799932,-0.598116,0.064575
747,1.493000,-0.800068,-0.597677,0.184569,-0.799812,0.602322,0.183593,0.800188,0.601981,0.183599,0.799932,-0.598019,0.184575,-0.800068,-0.597775,0.064569,-0.799811,0.602225,0.063594,0.800189,0.601883,0.063599,0.799932,-0.598116,0.064575
748,1.495000,-0.800068,-0.597677,0.184569,-0.799812,0.602322,0.183593,0.800188,0.601981,0.183599,0.799932,-0.598019,0.184575,-0.800067,-0.597775,0.064569,-0.799811,0.602224,0.063593,0.800189,0.601883,0.063599,0.799932,-0.598116,0.064575
749,1.497000,-0.800068,-0.597678,0.184569,-0.799812,0.602322,0.183593,0.800188,0.601981,0.183599,0.799932,-0.598019,0.184575,-0.800067,-0.597775,0.064569,-0.799811,0.602224,0.063593,0.800188,0.601883,0.063599,0.799932,-0.598116,0.064575
750,1.499000,-0.800068,-0.597678,0.184569,-0.799812,0.602322,0.183593,0.800188,0.601981,0.183599,0.799932,-0.598019,0.184575,-0.800067,-0.597775,0.064569,-0.799812,0.602224,0.063593,0.800188,0.601883,0.063599,0.799933,-0.598116,0.064575
751,1.501000,-0.800068,-0.597678,0.184569,-0.799812,0.602322,0.183593,0.800188,0.601981,0.183599,0.799932,-0.598019,0.184575,-0.800067,-0.597775,0.064569,-0.799812,0.602224,0.063593,0.800188,0.601883,0.063599,0.799933,-0.598116,0.064575
752,1.503000,-0.800068,-0.597678,0.184569,-0.799812,0.602322,0.183593,0.800188,0.601981,0.183599,0.799932,-0.598019,0.184575,-0.800067,-0.597775,0.064569,-0.799812,0.602224,0.063593,0.800188,0.601883,0.063599,0.799933,-0.598116,0.064575
753,1.505000,-0.800068,-0.597678,0.184569,-0.799812,0.602322,0.183593,0.800188,0.601981,0.183599,0.799932,-0.598019,0.184575,-0.800067,-0.597775,0.064569,-0.799812,0.602224,0.063593,0.800188,0.601883,0.063599,0.799933,-0.598116,0.064575
754,1.507000,-0.800068,-0.597678,0.184569,-0.799812,0.602322,0.183593,0.800188,0.601981,0.183599,0.799932,-0.598019,0.184575,-0.800067,-0.597775,0.064569,-0.799812,0.602224,0.063593,0.800188,0.601883,0.063599,0.799933,-0.598117,0.064575
755,1.509000,-0.800068,-0.597678,0.184569,-0.799812,0.602322,0.183593,0.800188,0.601981,0.183599,0.799932,-0.598019,0.184575,-0.800067,-0.597775,0.064569,-0.799812,0.602224,0.063593,0.800188,0.601883,0.063599,0.799933,-0.598117,0.064575
756,1.511000,-0.800068,-0.597678,0.184569,-0.799812,0.602322,0.183593,0.800188,0.601981,0.183599,0.799932,-0.598019,0.184575,-0.800067,-0.597776,0.064569,-0.799812,0.602224,0.063593,0.800188,0.601883,0.063599,0.799933,-0.598117,0.064575
757,1.513000,-0.800068,-0.597678,0.184569,-0.799812,0.602322,0.183593,0.800188,0.601981,0.183599,0.799932,-0.598019,0.184575,-0.800067,-0.597776,0.064569,-0.799812,0.602224,0.063593,0.800188,0.601883,0.063599,0.799933,-0.598117,0.064575
758,1.515000,-0.800068,-0.597678,0.184569,-0.799812,0.602322,0.183593,0.800188,0.601981,0.183599,0.799932,-0.598019,0.184575,-0.800067,-0.597776,0.064569,-0.799812,0.602224,0.063593,0.800188,0.601883,0.063599,0.799933,-0.598117,0.064575
759,1.517000,-0.800068,-0.597678,0.184569,-0.799812,0.602322,0.183593,0.800188,0.601981,0.183599,0.799932,-0.598019,0.184575,-0.800067,-0.597776,0.064569,-0.799812,0.602224,0.063593,0.800188,0.601883,0.063599,0.799933,-0.598117,0.064575
760,1.519000,-0.800068,-0.597678,0.184569,-0.799812,0.602322,0.183593,0.800188,0.601981,0.183599,0.799932,-0.598019,0.184575,-0.800067,-0.597776,0.064570,-0.799812,0.602224,0.063593,0.800188,0.601883,0.063599,0.799933,-0.598117,0.064575
761,1.521000,-0.800068,-0.597678,0.184570,-0.799812,0.602322,0.183593,0.800188,0.601981,0.183599,0.799932,-0.598019,0.184575,-0.800067,-0.597776,0.064570,-0.799812,0.602224,0.063593,0.800188,0.601883,0.063599,0.799933,-0.598117,0.064575
762,1.523000,-0.800068,-0.597678,0.184570,-0.799812,0.602322,0.183593,0.800188,0.601980,0.183599,0.799932,-0.598019,0.184575,-0.800067,-0.597776,0.064570,-0.799812,0.602224,0.063593,0.800188,0.601883,0.063599,0.799933,-0.598117,0.064575
763,1.525000,-0.800068,-0.597678,0.184570,-0.799812,0.602322,0.183593,0.800188,0.601980,0.183599,0.799932,-0.598019,0.184575,-0.800067,-0.597776,0.064570,-0.799812,0.602224,0.063593,0.800188,0.601883,0.063599,0.799933,-0.598117,0.064575
764,1.527000,-0.800068,-0.597678,0.184570,-0.799812,0.602322,0.183593,0.800188,0.601980,0.183599,0.799932,-0.598019,0.184575,-0.800067,-0.597776,0.064570,-0.799812,0.602224,0.063593,0.800188,0.601883,0.063599,0.799932,-0.598117,0.064575
765,1.529000,-0.800068,-0.597678,0.184570,-0.799812,0.602322,0.183593,0.800188,0.601980,0.183599,0.799932,-0.598019,0.184575,-0.800068,-0.597776,0.064570,-0.799812,0.602224,0.063593,0.800188,0.601883,0.063599,0.799932,-0.598117,0.064575
766,1.531000,-0.800068,-0.597678,0.184570,-0.799812,0.602322,0.183593,0.800188,0.601980,0.183598,0.799932,-0.598019,0.184575,-0.800068,-0.597776,0.064570,-0.799812,0.602224,0.063593,0.800188,0.601883,0.063598,0.799932,-0.598117,0.064575
767,1.533000,-0.800068,-0.597678,0.184570,-0.799812,0.602322,0.183593,0.800188,0.601980,0.183598,0.799932,-0.598019,0.184575,-0.800068,-0.597776,0.064570,-0.799812,0.602224,0.063593,0.800188,0.601883,0.063598,0.799932,-0.598117,0.064575
768,1.535000,-0.800068,-0.597678,0.184570,-0.799812,0.602322,0.183593,0.800188,0.601980,0.183599,0.799932,-0.598019,0.184575,-0.800068,-0.597776,0.064570,-0.799812,0.602224,0.063593,0.800188,0.601883,0.063599,0.799932,-0.598117,0.064575
769,1.537000,-0.800068,-0.597678,0.184570,-0.799812,0.602322,0.183593,0.800188,0.601980,0.183599,0.799932,-0.598019,0.184575,-0.800068,-0.597776,0.064570,-0.799811,0.602224,0.063593,0.800188,0.601883,0.063599,0.799932,-0.598117,0.064576
770,1.539000,-0.800068,-0.597678,0.184570,-0.799812,0.602322,0.183594,0.800188,0.601980,0.183599,0.799932,-0.598019,0.184575,-0.800068,-0.597776,0.064570,-0.799811,0.602224,0.063594,0.800188,0.601883,0.063599,0.799932,-0.598117,0.064576
771,1.541000,-0.800068,-0.597678,0.184570,-0.799812,0.602322,0.183594,0.800188,0.601980,0.183599,0.799932,-0.598019,0.184575,-0.800068,-0.597776,0.064570,-0.799811,0.602224,0.063594,0.800188,0.601883,0.063599,0.799932,-0.598117,0.064575
772,1.543000,-0.800068,-0.597678,0.184571,-0.799812,0.602322,0.183594,0.800188,0.601980,0.183599,0.799932,-0.598019,0.184575,-0.800068,-0.597776,0.064571,-0.799812,0.602224,0.063594,0.800188,0.601883,0.063599,0.799932,-0.598117,0.064575
773,1.545000,-0.800068,-0.597678,0.184571,-0.799812,0.602322,0.183594,0.800188,0.601980,0.183599,0.799932,-0.598019,0.184576,-0.800068,-0.597776,0.064571,-0.799812,0.602224,0.063594,0.800188,0.601883,0.063599,0.799932,-0.598117,0.064576
774,1.547000,-0.800068,-0.597678,0.184571,-0.799812,0.602322,0.183594,0.800188,0.601980,0.183599,0.799932,-0.598019,0.184576,-0.800068,-0.597776,0.064571,-0.799812,0.602224,0.063594,0.800188,0.601883,0.063599,0.799932,-0.598117,0.064576
775,1.549000,-0.800068,-0.597678,0.184571,-0.799812,0.602322,0.183594,0.800188,0.601980,0.183599,0.799932,-0.598019,0.184576,-0.800068,-0.597776,0.064571,-0.799812,0.602224,0.063594,0.800188,0.601883,0.063599,0.799932,-0.598117,0.064576
776,1.551000,-0.800068,-0.597678,0.184571,-0.799812,0.602322,0.183594,0.800188,0.601980,0.183599,0.799932,-0.598019,0.184576,-0.800068,-0.597776,0.064571,-0.799812,0.602224,0.063594,0.800188,0.601883,0.063599,0.799932,-0.598117,0.064576
777,1.553000,-0.800068,-0.597678,0.184571,-0.799812,0.602322,0.183594,0.800188,0.601980,0.183599,0.799932,-0.598019,0.184576,-0.800068,-0.597776,0.064571,-0.799812,0.602224,0.063594,0.800188,0.601882,0.063599,0.799932,-0.598117,0.064576
778,1.555000,-0.800068,-0.597678,0.184571,-0.799812,0.602322,0.183594,0.800188,0.601980,0.183599,0.799932,-0.598019,0.184576,-0.800068,-0.597776,0.064571,-0.799812,0.602224,0.063594,0.800188,0.601882,0.063599,0.799932,-0.598117,0.064576
779,1.557000,-0.800068,-0.597678,0.184571,-0.799812,0.602322,0.183594,0.800188,0.601980,0.183599,0.799932,-0.598019,0.184576,-0.800068,-0.597776,0.064571,-0.799812,0.602224,0.063594,0.800188,0.601882,0.063599,0.799932,-0.598117,0.064576
780,1.559000,-0.800068,-0.597678,0.184571,-0.799812,0.602322,0.183594,0.800188,0.601980,0.183599,0.799932,-0.598019,0.184576,-0.800068,-0.597776,0.064571,-0.799812,0.602224,0.063594,0.800188,0.601882,0.063599,0.799932,-0.598117,0.064576
781,1.561000,-0.800068,-0.597678,0.184571,-0.799812,0.602322,0.183594,0.800188,0.601980,0.183599,0.799932,-0.598019,0.184576,-0.800068,-0.597776,0.064571,-0.799812,0.602224,0.063594,0.800188,0.601882,0.063599,0.799932,-0.598117,0.064576
782,1.563000,-0.800068,-0.597678,0.184571,-0.799812,0.602322,0.183594,0.800188,0.601980,0.183599,0.799932,-0.598020,0.184576,-0.800068,-0.597776,0.064571,-0.799812,0.602224,0.063594,0.800188,0.601882,0.063599,0.799932,-0.598117,0.064576
783,1.565000,-0.800068,-0.597678,0.184571,-0.799812,0.602322,0.183594,0.800188,0.601980,0.183599,0.799932,-0.598020,0.184576,-0.800068,-0.597776,0.064571,-0.799812,0.602224,0.063594,0.800188,0.601882,0.063599,0.799932,-0.598117,0.064576
784,1.567000,-0.800068,-0.597678,0.184571,-0.799812,0.602322,0.183594,0.800188,0.601980,0.183599,0.799932,-0.598020,0.184576,-0.800068,-0.597776,0.064571,-0.799812,0.602224,0.063594,0.800188,0.601882,0.063599,0.799932,-0.598117,0.064576
785,1.569000,-0.800068,-0.597678,0.184571,-0.799812,0.602321,0.183594,0.800188,0.601980,0.183599,0.799932,-0.598020,0.184576,-0.800068,-0.597776,0.064571,-0.799812,0.602224,0.063594,0.800188,0.601882,0.063599,0.799932,-0.598117,0.064576
786,1.571000,-0.800068,-0.597678,0.184571,-0.799812,0.602321,0.183594,0.800188,0.601980,0.183599,0.799932,-0.598020,0.184576,-0.800068,-0.597776,0.064571,-0.799812,0.602224,0.063594,0.800188,0.601882,0.063599,0.799932,-0.598117,0.064576
787,1.573000,-0.800068,-0.597678,0.184572,-0.799812,0.602322,0.183595,0.800188,0.601980,0.183598,0.799932,-0.598020,0.184575,-0.800068,-0.597776,0.064572,-0.799812,0.602224,0.063595,0.800188,0.601882,0.063598,0.799932,-0.598117,0.064575
788,1.575000,-0.800068,-0.597678,0.184570,-0.799812,0.602322,0.183592,0.800188,0.601980,0.183598,0.799932,-0.598020,0.184576,-0.800068,-0.597776,0.064570,-0.799812,0.602224,0.063592,0.800188,0.601882,0.063598,0.799932,-0.598117,0.064576
789,1.577000,-0.800068,-0.597678,0.184571,-0.799812,0.602322,0.183592,0.800188,0.601980,0.183597,0.799932,-0.598019,0.184577,-0.800068,-0.597776,0.064571,-0.799812,0.602224,0.063592,0.800188,0.601882,0.063597,0.799932,-0.598117,0.064577
790,1.579000,-0.800068,-0.597678,0.184571,-0.799812,0.602322,0.183592,0.800188,0.601980,0.183598,0.799932,-0.598020,0.184577,-0.800068,-0.597776,0.064572,-0.799812,0.602224,0.063592,0.800188,0.601882,0.063598,0.799932,-0.598117,0.064577
791,1.581000,-0.800068,-0.597678,0.184572,-0.799812,0.602322,0.183592,0.800188,0.601980,0.183598,0.799932,-0.598020,0.184578,-0.800068,-0.597776,0.064572,-0.799812,0.602224,0.063592,0.800188,0.601882,0.063598,0.799932,-0.598117,0.064578
792,1.583000,-0.800068,-0.597678,0.184572,-0.799812,0.602322,0.183592,0.800188,0.601980,0.183598,0.799932,-0.598020,0.184578,-0.800068,-0.597776,0.064572,-0.799812,0.602224,0.063592,0.800188,0.601882,0.063598,0.799932,-0.598117,0.064578
793,1.585000,-0.800068,-0.597678,0.184573,-0.799812,0.602322,0.183592,0.800188,0.601980,0.183598,0.799932,-0.598019,0.184578,-0.800068,-0.597776,0.064573,-0.799812,0.602224,0.063592,0.800188,0.601882,0.063598,0.799932,-0.598118,0.064578
794,1.587000,-0.800068,-0.597678,0.184573,-0.799812,0.602322,0.183592,0.800188,0.601980,0.183597,0.799932,-0.598019,0.184578,-0.800068,-0.597776,0.064573,-0.799812,0.602224,0.063592,0.800188,0.601882,0.063597,0.799932,-0.598118,0.064578
795,1.589000,-0.800068,-0.597678,0.184573,-0.799812,0.602322,0.183593,0.800188,0.601980,0.183597,0.799932,-0.598020,0.184578,-0.800068,-0.597776,0.064573,-0.799812,0.602224,0.063593,0.800188,0.601882,0.063597,0.799932,-0.598118,0.064578
796,1.591000,-0.800068,-0.597678,0.184572,-0.799812,0.602321,0.183593,0.800188,0.601980,0.183597,0.799932,-0.598020,0.184577,-0.800068,-0.597776,0.064572,-0.799812,0.602224,0.063593,0.800188,0.601882,0.063597,0.799932,-0.598118,0.064577
797,1.593000,-0.800068,-0.597678,0.184572,-0.799812,0.602321,0.183593,0.800188,0.601980,0.183598,0.799932,-0.598020,0.184576,-0.800068,-0.597776,0.064572,-0.799812,0.602224,0.063593,0.800188,0.601882,0.063598,0.799932,-0.598118,0.064576
798,1.595000,-0.800068,-0.597678,0.184571,-0.799812,0.602321,0.183594,0.800188,0.601980,0.183598,0.799932,-0.598020,0.184576,-0.800068,-0.597776,0.064571,-0.799812,0.602224,0.063594,0.800188,0.601882,0.063598,0.799932,-0.598118,0.064576
799,1.597000,-0.800068,-0.597678,0.184571,-0.799812,0.602321,0.183594,0.800188,0.601980,0.183599,0.799932,-0.598020,0.184576,-0.800068,-0.597776,0.064571,-0.799812,0.602223,0.063594,0.800188,0.601882,0.063599,0.799932,-0.598118,0.064576
800,1.599000,-0.800068,-0.597678,0.184571,-0.799812,0.602321,0.183594,0.800188,0.601980,0.183599,0.799932,-0.598020,0.184576,-0.800068,-0.597776,0.064571,-0.799812,0.602223,0.063594,0.800188,0.601882,0.063599,0.799932,-0.598118,0.064576
801,1.601000,-0.800068,-0.597678,0.184571,-0.799812,0.602321,0.183594,0.800188,0.601980,0.183599,0.799932,-0.598020,0.184576,-0.800068,-0.597776,0.064571,-0.799812,0.602223,0.063594,0.800188,0.601882,0.063599,0.799932,-0.598118,0.064576
802,1.603000,-0.800068,-0.597678,0.184571,-0.799812,0.602321,0.183594,0.800188,0.601980,0.183598,0.799932,-0.598020,0.184576,-0.800068,-0.597776,0.064572,-0.799812,0.602223,0.063594,0.800188,0.601882,0.063598,0.799932,-0.598118,0.064576
803,1.605000,-0.800068,-0.597678,0.184572,-0.799812,0.602321,0.183594,0.800188,0.601980,0.183598,0.799932,-0.598020,0.184576,-0.800068,-0.597776,0.064572,-0.799812,0.602223,0.063594,0.800188,0.601882,0.063598,0.799932,-0.598118,0.064576
804,1.607000,-0.800068,-0.597678,0.184572,-0.799812,0.602321,0.183594,0.800188,0.601980,0.183598,0.799932,-0.598020,0.184576,-0.800068,-0.597776,0.064572,-0.799812,0.602223,0.063594,0.800188,0.601882,0.063598,0.799932,-0.598118,0.064576
805,1.609000,-0.800068,-0.597678,0.184571,-0.799812,0.602321,0.183594,0.800188,0.601980,0.183598,0.799932,-0.598020,0.184576,-0.800068,-0.597776,0.064572,-0.799812,0.602223,0.063594,0.800188,0.601882,0.063598,0.799932,-0.598118,0.064576
806,1.611000,-0.800068,-0.597678,0.184571,-0.799812,0.602321,0.183594,0.800188,0.601980,0.183598,0.799932,-0.598020,0.184576,-0.800068,-0.597776,0.064571,-0.799812,0.602223,0.063594,0.800188,0.601882,0.063598,0.799932,-0.598118,0.064576
807,1.613000,-0.800068,-0.597678,0.184571,-0.799812,0.602321,0.183594,0.800188,0.601980,0.183598,0.799932,-0.598020,0.184576,-0.800068,-0.597776,0.064572,-0.799812,0.602223,0.063594,0.800188,0.601882,0.063598,0.799932,-0.598118,0.064576
808,1.615000,-0.800068,-0.597678,0.184572,-0.799812,0.602321,0.183594,0.800188,0.601980,0.183598,0.799932,-0.598020,0.184576,-0.800068,-0.597776,0.064572,-0.799812,0.602223,0.063594,0.800188,0.601882,0.063598,0.799932,-0.598118,0.064576
809,1.617000,-0.800068,-0.597678,0.184572,-0.799812,0.602321,0.183594,0.800188,0.601980,0.183598,0.799932,-0.598020,0.184576,-0.800068,-0.597776,0.064572,-0.799812,0.602223,0.063594,0.800188,0.601882,0.063598,0.799932,-0.598118,0.064576
810,1.619000,-0.800068,-0.597678,0.184571,-0.799812,0.602321,0.183594,0.800188,0.601980,0.183598,0.799932,-0.598020,0.184576,-0.800068,-0.597776,0.064572,-0.799812,0.602223,0.063594,0.800188,0.601882,0.063598,0.799932,-0.598118,0.064576
811,1.621000,-0.800068,-0.597679,0.184571,-0.799812,0.602321,0.183594,0.800188,0.601980,0.183599,0.799932,-0.598020,0.184576,-0.800068,-0.597776,0.064571,-0.799812,0.602223,0.063594,0.800188,0.601882,0.063599,0.799932,-0.598118,0.064576
812,1.623000,-0.800068,-0.597679,0.184571,-0.799812,0.602321,0.183595,0.800188,0.601979,0.183599,0.799932,-0.598020,0.184575,-0.800068,-0.597776,0.064571,-0.799812,0.602223,0.063595,0.800188,0.601882,0.063599,0.799932,-0.598118,0.064576
813,1.625000,-0.800068,-0.597679,0.184571,-0.799812,0.602321,0.183594,0.800188,0.601980,0.183599,0.799932,-0.598020,0.184576,-0.800068,-0.597776,0.064571,-0.799812,0.602223,0.063594,0.800188,0.601882,0.063599,0.799932,-0.598118,0.064576
814,1.627000,-0.800068,-0.597679,0.184571,-0.799812,0.602321,0.183594,0.800188,0.601980,0.183599,0.799932,-0.598020,0.184576,-0.800068,-0.597776,0.064571,-0.799812,0.602223,0.063594,0.800188,0.601882,0.063599,0.799932,-0.598118,0.064576
815,1.629000,-0.800068,-0.597679,0.184571,-0.799812,0.602321,0.183594,0.800188,0.601980,0.183599,0.799932,-0.598020,0.184576,-0.800068,-0.597776,0.064571,-0.799812,0.602223,0.063594,0.800188,0.601882,0.063599,0.799932,-0.598118,0.064576
816,1.631000,-0.800068,-0.597679,0.184571,-0.799812,0.602321,0.183594,0.800188,0.601980,0.183599,0.799932,-0.598020,0.184576,-0.800068,-0.597776,0.064571,-0.799812,0.602223,0.063594,0.800188,0.601882,0.063599,0.799932,-0.598118,0.064576
817,1.633000,-0.800068,-0.597679,0.184571,-0.799812,0.602321,0.183594,0.800188,0.601980,0.183599,0.799932,-0.598020,0.184576,-0.800068,-0.597776,0.064571,-0.799812,0.602223,0.063594,0.800188,0.601882,0.063599,0.799932,-0.598118,0.064576
818,1.635000,-0.800068,-0.597679,0.184571,-0.799812,0.602321,0.183594,0.800188,0.601980,0.183599,0.799932,-0.598020,0.184576,-0.800068,-0.597776,0.064571,-0.799812,0.602223,0.063595,0.800188,0.601882,0.063599,0.799932,-0.598118,0.064576
819,1.637000,-0.800068,-0.597679,0.184571,-0.799812,0.602321,0.183595,0.800188,0.601980,0.183599,0.799932,-0.598020,0.184576,-0.800068,-0.597776,0.064571,-0.799812,0.602223,0.063595,0.800188,0.601882,0.063599,0.799932,-0.598118,0.064576
820,1.639000,-0.800068,-0.597679,0.184571,-0.799812,0.602321,0.183595,0.800188,0.601979,0.183599,0.799932,-0.598020,0.184576,-0.800068,-0.597776,0.064571,-0.799812,0.602223,0.063595,0.800188,0.601882,0.063599,0.799932,-0.598118,0.064576
821,1.641000,-0.800068,-0.597679,0.184571,-0.799812,0.602321,0.183595,0.800188,0.601979,0.183599,0.799932,-0.598020,0.184576,-0.800068,-0.597776,0.064571,-0.799812,0.602223,0.063595,0.800188,0.601882,0.063599,0.799932,-0.598118,0.064576
822,1.643000,-0.800068,-0.597679,0.184571,-0.799812,0.602321,0.183595,0.800188,0.601979,0.183599,0.799932,-0.598020,0.184576,-0.800068,-0.597776,0.064571,-0.799812,0.602223,0.063595,0.800188,0.601882,0.063599,0.799932,-0.598118,0.064576
823,1.645000,-0.800068,-0.597679,0.184571,-0.799812,0.602321,0.183595,0.800188,0.601979,0.183599,0.799932,-0.598020,0.184576,-0.800068,-0.597776,0.064571,-0.799812,0.602223,0.063595,0.800188,0.601882,0.063599,0.799932,-0.598118,0.064576
824,1.647000,-0.800068,-0.597679,0.184572,-0.799812,0.602321,0.183594,0.800188,0.601979,0.183599,0.799932,-0.598020,0.184576,-0.800068,-0.597777,0.064572,-0.799812,0.602223,0.063594,0.800188,0.601882,0.063599,0.799932,-0.598118,0.064576
825,1.649000,-0.800068,-0.597679,0.184571,-0.799812,0.602321,0.183595,0.800188,0.601979,0.183599,0.799932,-0.598020,0.184576,-0.800068,-0.597777,0.064571,-0.799812,0.602223,0.063595,0.800188,0.601882,0.063599,0.799932,-0.598118,0.064576
826,1.651000,-0.800068,-0.597679,0.184572,-0.799812,0.602321,0.183595,0.800188,0.601979,0.183599,0.799932,-0.598020,0.184575,-0.800068,-0.597777,0.064572,-0.799812,0.602223,0.063595,0.800188,0.601882,0.063599,0.799932,-0.598118,0.064575
827,1.653000,-0.800068,-0.597679,0.184572,-0.799812,0.602321,0.183595,0.800188,0.601979,0.183599,0.799932,-0.598020,0.184576,-0.800068,-0.597777,0.064572,-0.799812,0.602223,0.063595,0.800188,0.601882,0.063599,0.799932,-0.598118,0.064576
828,1.655000,-0.800068,-0.597679,0.184572,-0.799812,0.602321,0.183595,0.800188,0.601980,0.183599,0.799932,-0.598020,0.184576,-0.800068,-0.597777,0.064572,-0.799812,0.602223,0.063595,0.800188,0.601882,0.063599,0.799932,-0.598118,0.064576
829,1.657000,-0.800068,-0.597679,0.184572,-0.799812,0.602321,0.183595,0.800188,0.601979,0.183599,0.799932,-0.598020,0.184576,-0.800068,-0.597777,0.064572,-0.799812,0.602223,0.063595,0.800188,0.601882,0.063599,0.799932,-0.598118,0.064576
830,1.659000,-0.800068,-0.597679,0.184572,-0.799812,0.602321,0.183595,0.800188,0.601979,0.183599,0.799932,-0.598020,0.184576,-0.800068,-0.597777,0.064572,-0.799812,0.602223,0.063595,0.800188,0.601882,0.063599,0.799932,-0.598118,0.064576
831,1.661000,-0.800068,-0.597679,0.184571,-0.799812,0.602321,0.183595,0.800188,0.601979,0.183599,0.799932,-0.598020,0.184576,-0.800068,-0.597777,0.064572,-0.799812,0.602223,0.063595,0.800188,0.601882,0.063599,0.799932,-0.598118,0.064576
832,1.663000,-0.800068,-0.597679,0.184572,-0.799812,0.602321,0.183595,0.800188,0.601979,0.183599,0.799932,-0.598020,0.184576,-0.800068,-0.597777,0.064572,-0.799812,0.602223,0.063595,0.800188,0.601882,0.063599,0.799932,-0.598118,0.064576
833,1.665000,-0.800068,-0.597679,0.184572,-0.799812,0.602321,0.183595,0.800188,0.601979,0.183599,0.799932,-0.598020,0.184576,-0.800068,-0.597777,0.064572,-0.799812,0.602223,0.063595,0.800188,0.601882,0.063599,0.799932,-0.598118,0.064576
834,1.667000,-0.800068,-0.597679,0.184572,-0.799812,0.602320,0.183595,0.800188,0.601980,0.183599,0.799932,-0.598020,0.184576,-0.800068,-0.597777,0.064572,-0.799812,0.602223,0.063595,0.800188,0.601882,0.063599,0.799932,-0.598118,0.064576
835,1.669000,-0.800068,-0.597679,0.184572,-0.799812,0.602320,0.183595,0.800188,0.601980,0.183599,0.799932,-0.598020,0.184576,-0.800068,-0.597777,0.064572,-0.799812,0.602223,0.063595,0.800188,0.601882,0.063599,0.799932,-0.598118,0.064576
836,1.671000,-0.800068,-0.597679,0.184572,-0.799812,0.602320,0.183595,0.800188,0.601980,0.183599,0.799932,-0.598020,0.184576,-0.800067,-0.597777,0.064572,-0.799812,0.602223,0.063595,0.800188,0.601882,0.063599,0.799932,-0.598118,0.064576
837,1.673000,-0.800068,-0.597679,0.184572,-0.799812,0.602320,0.183595,0.800188,0.601980,0.183599,0.799932,-0.598020,0.184576,-0.800067,-0.597777,0.064572,-0.799812,0.602223,0.063595,0.800188,0.601882,0.063599,0.799933,-0.598118,0.064576
838,1.675000,-0.800068,-0.597679,0.184572,-0.799812,0.602320,0.183595,0.800188,0.601980,0.183599,0.799932,-0.598020,0.184576,-0.800067,-0.597777,0.064572,-0.799812,0.602223,0.063595,0.800188,0.601882,0.063599,0.799933,-0.598118,0.064576
839,1.677000,-0.800068,-0.597679,0.184572,-0.799812,0.602320,0.183595,0.800188,0.601979,0.183599,0.799932,-0.598020,0.184576,-0.800067,-0.597777,0.064572,-0.799812,0.602223,0.063595,0.800188,0.601882,0.063599,0.799933,-0.598118,0.064576
840,1.679000,-0.800068,-0.597679,0.184572,-0.799812,0.602320,0.183595,0.800188,0.601979,0.183599,0.799932,-0.598020,0.184576,-0.800067,-0.597777,0.064572,-0.799812,0.602223,0.063595,0.800188,0.601882,0.063599,0.799933,-0.598118,0.064576
841,1.681000,-0.800068,-0.597679,0.184572,-0.799812,0.602320,0.183595,0.800188,0.601979,0.183599,0.799932,-0.598020,0.184576,-0.800067,-0.597777,0.064572,-0.799812,0.602223,0.063595,0.800188,0.601882,0.063599,0.799933,-0.598118,0.064576
842,1.683000,-0.800068,-0.597679,0.184572,-0.799812,0.602320,0.183595,0.800188,0.601979,0.183599,0.799932,-0.598020,0.184576,-0.800067,-0.597777,0.064572,-0.799812,0.602223,0.063595,0.800188,0.601882,0.063599,0.799933,-0.598118,0.064576
843,1.685000,-0.800068,-0.597679,0.184572,-0.799812,0.602320,0.183595,0.800188,0.601979,0.183599,0.799932,-0.598020,0.184576,-0.800067,-0.597777,0.064572,-0.799812,0.602223,0.063595,0.800188,0.601882,0.063599,0.799933,-0.598118,0.064576
844,1.687000,-0.800068,-0.597679,0.184572,-0.799812,0.602320,0.183595,0.800188,0.601979,0.183599,0.799932,-0.598020,0.184576,-0.800067,-0.597777,0.064572,-0.799812,0.602223,0.063595,0.800188,0.601882,0.063599,0.799932,-0.598118,0.064576
845,1.689000,-0.800068,-0.597679,0.184571,-0.799812,0.602320,0.183595,0.800188,0.601979,0.183599,0.799932,-0.598020,0.184576,-0.800067,-0.597777,0.064572,-0.799812,0.602222,0.063595,0.800188,0.601882,0.063599,0.799932,-0.598118,0.064576
846,1.691000,-0.800068,-0.597679,0.184571,-0.799812,0.602320,0.183595,0.800188,0.601979,0.183599,0.799932,-0.598020,0.184576,-0.800068,-0.597777,0.064572,-0.799812,0.602222,0.063595,0.800188,0.601882,0.063599,0.799932,-0.598118,0.064576
847,1.693000,-0.800068,-0.597680,0.184571,-0.799812,0.602320,0.183595,0.800188,0.601979,0.183599,0.799932,-0.598020,0.184576,-0.800068,-0.597777,0.064572,-0.799812,0.602222,0.063595,0.800188,0.601881,0.063599,0.799932,-0.598118,0.064576
848,1.695000,-0.800068,-0.597680,0.184571,-0.799812,0.602320,0.183595,0.800188,0.601979,0.183599,0.799932,-0.598021,0.184576,-0.800068,-0.597777,0.064571,-0.799812,0.602222,0.063595,0.800188,0.601881,0.063599,0.799932,-0.598118,0.064576
849,1.697000,-0.800068,-0.597680,0.184571,-0.799812,0.602320,0.183595,0.800188,0.601979,0.183599,0.799932,-0.598021,0.184576,-0.800068,-0.597777,0.064571,-0.799812,0.602222,0.063595,0.800188,0.601881,0.063599,0.799932,-0.598118,0.064576
850,1.699000,-0.800068,-0.597680,0.184571,-0.799812,0.602320,0.183595,0.800188,0.601979,0.183599,0.799932,-0.598021,0.184576,-0.800068,-0.597777,0.064571,-0.799812,0.602222,0.063595,0.800188,0.601881,0.063599,0.799932,-0.598118,0.064576
851,1.701000,-0.800068,-0.597680,0.184571,-0.799812,0.602320,0.183595,0.800188,0.601979,0.183599,0.799932,-0.598021,0.184576,-0.800068,-0.597777,0.064571,-0.799812,0.602222,0.063595,0.800188,0.601881,0.063599,0.799932,-0.598118,0.064576
852,1.703000,-0.800068,-0.597680,0.184571,-0.799812,0.602320,0.183595,0.800188,0.601979,0.183599,0.799932,-0.598021,0.184576,-0.800068,-0.597777,0.064571,-0.799812,0.602222,0.063595,0.800188,0.601881,0.063599,0.799932,-0.598118,0.064576
853,1.705000,-0.800068,-0.597680,0.184571,-0.799812,0.602320,0.183595,0.800188,0.601979,0.183599,0.799932,-0.598021,0.184576,-0.800068,-0.597777,0.064571,-0.799812,0.602222,0.063595,0.800188,0.601881,0.063599,0.799932,-0.598118,0.064576
854,1.707000,-0.800068,-0.597680,0.184571,-0.799812,0.602320,0.183595,0.800188,0.601979,0.183599,0.799932,-0.598021,0.184576,-0.800068,-0.597777,0.064571,-0.799812,0.602222,0.063595,0.800188,0.601881,0.063599,0.799932,-0.598118,0.064576
855,1.709000,-0.800068,-0.597680,0.184571,-0.799812,0.602320,0.183595,0.800188,0.601979,0.183597,0.799932,-0.598021,0.184574,-0.800068,-0.597777,0.064572,-0.799812,0.602222,0.063595,0.800188,0.601881,0.063597,0.799932,-0.598118,0.064574
856,1.711000,-0.800068,-0.597680,0.184571,-0.799812,0.602320,0.183595,0.800188,0.601979,0.183598,0.799932,-0.598021,0.184574,-0.800068,-0.597777,0.064571,-0.799812,0.602222,0.063595,0.800188,0.601881,0.063598,0.799932,-0.598119,0.064574
857,1.713000,-0.800068,-0.597680,0.184571,-0.799812,0.602320,0.183595,0.800188,0.601979,0.183598,0.799932,-0.598021,0.184574,-0.800068,-0.597777,0.064571,-0.799812,0.602222,0.063595,0.800188,0.601881,0.063598,0.799932,-0.598119,0.064574
858,1.715000,-0.800068,-0.597680,0.184571,-0.799812,0.602320,0.183595,0.800188,0.601979,0.183598,0.799932,-0.598021,0.184574,-0.800068,-0.597777,0.064571,-0.799812,0.602222,0.063595,0.800188,0.601881,0.063598,0.799932,-0.598119,0.064574
859,1.717000,-0.800068,-0.597680,0.184571,-0.799812,0.602320,0.183595,0.800188,0.601979,0.183598,0.799932,-0.598021,0.184574,-0.800068,-0.597777,0.064571,-0.799812,0.602222,0.063595,0.800188,0.601881,0.063598,0.799932,-0.598119,0.064574
860,1.719000,-0.800068,-0.597680,0.184571,-0.799812,0.602320,0.183595,0.800188,0.601979,0.183598,0.799932,-0.598021,0.184574,-0.800068,-0.597777,0.064571,-0.799812,0.602222,0.063595,0.800188,0.601881,0.063598,0.799932,-0.598119,0.064574
861,1.721000,-0.800068,-0.597680,0.184571,-0.799812,0.602320,0.183595,0.800188,0.601978,0.183598,0.799932,-0.598021,0.184574,-0.800068,-0.597777,0.064571,-0.799812,0.602222,0.063595,0.800188,0.601881,0.063598,0.799932,-0.598119,0.064574
862,1.723000,-0.800068,-0.597680,0.184571,-0.799812,0.602320,0.183595,0.800188,0.601978,0.183598,0.799932,-0.598021,0.184574,-0.800068,-0.597777,0.064571,-0.799812,0.602222,0.063595,0.800188,0.601881,0.063598,0.799932,-0.598119,0.064574
863,1.725000,-0.800068,-0.597680,0.184571,-0.799812,0.602320,0.183595,0.800188,0.601978,0.183597,0.799932,-0.598021,0.184574,-0.800068,-0.597777,0.064572,-0.799812,0.602222,0.063595,0.800188,0.601881,0.063598,0.799932,-0.598119,0.064574
864,1.727000,-0.800068,-0.597680,0.184572,-0.799812,0.602320,0.183595,0.800188,0.601978,0.183597,0.799932,-0.598021,0.184574,-0.800068,-0.597777,0.064572,-0.799812,0.602222,0.063595,0.800188,0.601881,0.063597,0.799932,-0.598119,0.064574
865,1.729000,-0.800068,-0.597680,0.184572,-0.799812,0.602320,0.183595,0.800188,0.601978,0.183597,0.799932,-0.598021,0.184574,-0.800068,-0.597778,0.064572,-0.799812,0.602222,0.063595,0.800188,0.601881,0.063597,0.799932,-0.598119,0.064574
866,1.731000,-0.800068,-0.597680,0.184572,-0.799812,0.602320,0.183595,0.800188,0.601978,0.183597,0.799932,-0.598021,0.184574,-0.800068,-0.597778,0.064572,-0.799812,0.602222,0.063595,0.800188,0.601881,0.063597,0.799932,-0.598119,0.064574
867,1.733000,-0.800068,-0.597680,0.184572,-0.799812,0.602320,0.183595,0.800188,0.601978,0.183597,0.799932,-0.598021,0.184574,-0.800068,-0.597778,0.064572,-0.799812,0.602222,0.063595,0.800188,0.601880,0.063597,0.799932,-0.598119,0.064574
868,1.735000,-0.800068,-0.597680,0.184572,-0.799812,0.602320,0.183595,0.800188,0.601978,0.183597,0.799932,-0.598021,0.184573,-0.800068,-0.597778,0.064572,-0.799812,0.602222,0.063595,0.800188,0.601880,0.063597,0.799932,-0.598119,0.064574
869,1.737000,-0.800068,-0.597680,0.184572,-0.799812,0.602320,0.183594,0.800188,0.601978,0.183596,0.799932,-0.598021,0.184574,-0.800068,-0.597778,0.064572,-0.799812,0.602222,0.063594,0.800188,0.601880,0.063596,0.799932,-0.598119,0.064574
870,1.739000,-0.800068,-0.597680,0.184572,-0.799812,0.602320,0.183594,0.800188,0.601978,0.183596,0.799932,-0.598021,0.184574,-0.800068,-0.597778,0.064572,-0.799812,0.602222,0.063594,0.800188,0.601880,0.063596,0.799932,-0.598119,0.064574
871,1.741000,-0.800068,-0.597680,0.184572,-0.799812,0.602320,0.183594,0.800188,0.601978,0.183596,0.799932,-0.598021,0.184574,-0.800068,-0.597778,0.064572,-0.799812,0.602222,0.063594,0.800188,0.601880,0.063596,0.799932,-0.598119,0.064574
872,1.743000,-0.800068,-0.597680,0.184572,-0.799812,0.602320,0.183594,0.800188,0.601978,0.183596,0.799932,-0.598021,0.184574,-0.800068,-0.597778,0.064572,-0.799812,0.602222,0.063594,0.800188,0.601880,0.063596,0.799932,-0.598119,0.064574
873,1.745000,-0.800068,-0.597680,0.184572,-0.799812,0.602320,0.183594,0.800188,0.601978,0.183596,0.799932,-0.598021,0.184575,-0.800068,-0.597778,0.064573,-0.799812,0.602222,0.063594,0.800188,0.601880,0.063596,0.799932,-0.598119,0.064575
874,1.747000,-0.800068,-0.597680,0.184573,-0.799812,0.602320,0.183594,0.800188,0.601978,0.183596,0.799932,-0.598021,0.184575,-0.800068,-0.597778,0.064573,-0.799812,0.602222,0.063594,0.800188,0.601881,0.063596,0.799932,-0.598119,0.064575
875,1.749000,-0.800068,-0.597680,0.184573,-0.799812,0.602320,0.183594,0.800188,0.601978,0.183596,0.799932,-0.598021,0.184575,-0.800068,-0.597778,0.064573,-0.799812,0.602222,0.063594,0.800188,0.601881,0.063596,0.799932,-0.598119,0.064575
876,1.751000,-0.800068,-0.597680,0.184572,-0.799812,0.602320,0.183594,0.800188,0.601978,0.183597,0.799932,-0.598021,0.184575,-0.800068,-0.597778,0.064572,-0.799812,0.602222,0.063594,0.800188,0.601881,0.063597,0.799932,-0.598119,0.064575
877,1.753000,-0.800068,-0.597680,0.184574,-0.799812,0.602320,0.183592,0.800188,0.601979,0.183591,0.799932,-0.598021,0.184573,-0.800068,-0.597778,0.064574,-0.799812,0.602222,0.063592,0.800188,0.601881,0.063591,0.799932,-0.598119,0.064573
878,1.755000,-0.800068,-0.597680,0.184573,-0.799812,0.602320,0.183593,0.800188,0.601979,0.183593,0.799932,-0.598021,0.184573,-0.800068,-0.597778,0.064573,-0.799812,0.602222,0.063593,0.800188,0.601881,0.063593,0.799932,-0.598119,0.064573
879,1.757000,-0.800068,-0.597680,0.184573,-0.799812,0.602320,0.183593,0.800188,0.601979,0.183594,0.799932,-0.598021,0.184574,-0.800068,-0.597778,0.064573,-0.799812,0.602222,0.063593,0.800188,0.601881,0.063594,0.799932,-0.598119,0.064574
880,1.759000,-0.800068,-0.597680,0.184573,-0.799812,0.602320,0.183593,0.800188,0.601979,0.183595,0.799932,-0.598021,0.184574,-0.800068,-0.597778,0.064573,-0.799812,0.602222,0.063594,0.800188,0.601881,0.063595,0.799932,-0.598119,0.064574
881,1.761000,-0.800068,-0.597680,0.184572,-0.799812,0.602320,0.183594,0.800188,0.601979,0.183596,0.799932,-0.598021,0.184574,-0.800068,-0.597778,0.064572,-0.799812,0.602222,0.063594,0.800188,0.601881,0.063596,0.799932,-0.598119,0.064574
882,1.763000,-0.800068,-0.597680,0.184572,-0.799812,0.602320,0.183594,0.800188,0.601979,0.183596,0.799932,-0.598021,0.184574,-0.800068,-0.597778,0.064572,-0.799812,0.602222,0.063594,0.800188,0.601881,0.063596,0.799932,-0.598119,0.064574
883,1.765000,-0.800068,-0.597680,0.184572,-0.799812,0.602320,0.183594,0.800188,0.601979,0.183596,0.799932,-0.598021,0.184575,-0.800068,-0.597778,0.064572,-0.799812,0.602222,0.063594,0.800188,0.601881,0.063596,0.799932,-0.598119,0.064575
884,1.767000,-0.800068,-0.597680,0.184573,-0.799812,0.602320,0.183594,0.800188,0.601979,0.183597,0.799932,-0.598021,0.184575,-0.800068,-0.597778,0.064573,-0.799812,0.602222,0.063594,0.800188,0.601881,0.063597,0.799932,-0.598119,0.064575
885,1.769000,-0.800068,-0.597680,0.184573,-0.799812,0.602320,0.183594,0.800188,0.601979,0.183597,0.799932,-0.598021,0.184575,-0.800068,-0.597778,0.064573,-0.799812,0.602222,0.063594,0.800188,0.601881,0.063597,0.799932,-0.598119,0.064575
886,1.771000,-0.800068,-0.597680,0.184572,-0.799812,0.602320,0.183594,0.800188,0.601979,0.183597,0.799932,-0.598021,0.184575,-0.800068,-0.597778,0.064572,-0.799812,0.602222,0.063594,0.800188,0.601881,0.063597,0.799932,-0.598119,0.064575
887,1.773000,-0.800068,-0.597680,0.184572,-0.799812,0.602320,0.183594,0.800188,0.601979,0.183597,0.799932,-0.598021,0.184575,-0.800068,-0.597778,0.064572,-0.799812,0.602222,0.063594,0.800188,0.601881,0.063597,0.799932,-0.598119,0.064575
888,1.775000,-0.800068,-0.597680,0.184572,-0.799812,0.602320,0.183594,0.800188,0.601979,0.183597,0.799932,-0.598021,0.184575,-0.800068,-0.597778,0.064572,-0.799812,0.602222,0.063594,0.800188,0.601881,0.063597,0.799932,-0.598119,0.064575
889,1.777000,-0.800068,-0.597680,0.184572,-0.799812,0.602320,0.183594,0.800188,0.601979,0.183597,0.799932,-0.598021,0.184575,-0.800068,-0.597778,0.064572,-0.799812,0.602222,0.063594,0.800188,0.601881,0.063597,0.799932,-0.598119,0.064575
890,1.779000,-0.800068,-0.597680,0.184572,-0.799812,0.602320,0.183594,0.800188,0.601979,0.183597,0.799932,-0.598021,0.184575,-0.800068,-0.597778,0.064572,-0.799812,0.602222,0.063594,0.800188,0.601881,0.063597,0.799932,-0.598119,0.064575
891,1.781000,-0.800068,-0.597680,0.184572,-0.799812,0.602320,0.183594,0.800188,0.601979,0.183597,0.799932,-0.598021,0.184575,-0.800068,-0.597778,0.064572,-0.799812,0.602222,0.063594,0.800188,0.601881,0.063597,0.799932,-0.598119,0.064575
892,1.783000,-0.800068,-0.597680,0.184572,-0.799812,0.602319,0.183594,0.800188,0.601979,0.183597,0.799932,-0.598021,0.184575,-0.800068,-0.597778,0.064572,-0.799812,0.602222,0.063594,0.800188,0.601881,0.063597,0.799932,-0.598119,0.064575
893,1.785000,-0.800068,-0.597680,0.184572,-0.799812,0.602319,0.183594,0.800188,0.601979,0.183597,0.799932,-0.598021,0.184575,-0.800068,-0.597778,0.064572,-0.799812,0.602222,0.063594,0.800188,0.601881,0.063597,0.799932,-0.598119,0.064575
894,1.787000,-0.800068,-0.597680,0.184572,-0.799812,0.602319,0.183594,0.800188,0.601979,0.183597,0.799932,-0.598021,0.184575,-0.800068,-0.597778,0.064572,-0.799812,0.602222,0.063594,0.800188,0.601881,0.063598,0.799932,-0.598119,0.064575
895,1.789000,-0.800068,-0.597680,0.184572,-0.799812,0.602319,0.183594,0.800188,0.601979,0.183598,0.799932,-0.598021,0.184575,-0.800068,-0.597778,0.064572,-0.799812,0.602222,0.063595,0.800188,0.601881,0.063598,0.799932,-0.598119,0.064575
896,1.791000,-0.800068,-0.597680,0.184572,-0.799812,0.602319,0.183594,0.800188,0.601979,0.183598,0.799932,-0.598021,0.184575,-0.800068,-0.597778,0.064572,-0.799812,0.602222,0.063594,0.800188,0.601881,0.063598,0.799932,-0.598119,0.064575
897,1.793000,-0.800068,-0.597680,0.184572,-0.799812,0.602319,0.183594,0.800188,0.601979,0.183597,0.799932,-0.598021,0.184575,-0.800068,-0.597778,0.064572,-0.799812,0.602222,0.063594,0.800188,0.601881,0.063597,0.799932,-0.598119,0.064575
898,1.795000,-0.800068,-0.597680,0.184572,-0.799812,0.602319,0.183594,0.800188,0.601979,0.183597,0.799932,-0.598021,0.184575,-0.800068,-0.597778,0.064572,-0.799812,0.602221,0.063594,0.800188,0.601881,0.063597,0.799932,-0.598119,0.064575
899,1.797000,-0.800068,-0.597680,0.184572,-0.799812,0.602319,0.183594,0.800188,0.601979,0.183597,0.799932,-0.598021,0.184575,-0.800068,-0.597778,0.064572,-0.799812,0.602221,0.063594,0.800188,0.601881,0.063598,0.799932,-0.598119,0.064575
900,1.799000,-0.800068,-0.597680,0.184572,-0.799812,0.602319,0.183594,0.800188,0.601978,0.183598,0.799932,-0.598021,0.184575,-0.800068,-0.597778,0.064572,-0.799812,0.602221,0.063595,0.800188,0.601881,0.063598,0.799932,-0.598119,0.064575
901,1.801000,-0.800068,-0.597680,0.184572,-0.799812,0.602319,0.183595,0.800188,0.601978,0.183598,0.799932,-0.598021,0.184575,-0.800068,-0.597778,0.064572,-0.799812,0.602221,0.063595,0.800188,0.601881,0.063598,0.799932,-0.598119,0.064575
902,1.803000,-0.800068,-0.597680,0.184572,-0.799812,0.602319,0.183595,0.800188,0.601978,0.183598,0.799932,-0.598021,0.184575,-0.800068,-0.597778,0.064572,-0.799812,0.602221,0.063595,0.800188,0.601881,0.063598,0.799932,-0.598119,0.064575
903,1.805000,-0.800068,-0.597680,0.184572,-0.799812,0.602319,0.183595,0.800188,0.601978,0.183598,0.799932,-0.598021,0.184575,-0.800068,-0.597778,0.064572,-0.799812,0.602221,0.063595,0.800188,0.601881,0.063598,0.799932,-0.598119,0.064575
904,1.807000,-0.800068,-0.597680,0.184572,-0.799812,0.602319,0.183594,0.800188,0.601978,0.183598,0.799932,-0.598021,0.184575,-0.800068,-0.597778,0.064572,-0.799812,0.602221,0.063595,0.800188,0.601881,0.063598,0.799932,-0.598119,0.064575
905,1.809000,-0.800068,-0.597681,0.184572,-0.799812,0.602319,0.183594,0.800188,0.601978,0.183598,0.799932,-0.598021,0.184575,-0.800068,-0.597778,0.064572,-0.799812,0.602221,0.063595,0.800188,0.601881,0.063598,0.799932,-0.598119,0.064575
906,1.811000,-0.800068,-0.597680,0.184573,-0.799812,0.602319,0.183594,0.800188,0.601978,0.183597,0.799932,-0.598021,0.184576,-0.800068,-0.597778,0.064573,-0.799812,0.602221,0.063594,0.800188,0.601880,0.063597,0.799932,-0.598119,0.064576
907,1.813000,-0.800068,-0.597680,0.184572,-0.799812,0.602319,0.183594,0.800188,0.601978,0.183597,0.799932,-0.598021,0.184575,-0.800068,-0.597778,0.064572,-0.799812,0.602221,0.063594,0.800188,0.601880,0.063597,0.799932,-0.598119,0.064575
908,1.815000,-0.800068,-0.597681,0.184572,-0.799812,0.602319,0.183594,0.800188,0.601978,0.183597,0.799932,-0.598021,0.184575,-0.800068,-0.597778,0.064572,-0.799812,0.602221,0.063594,0.800188,0.601880,0.063597,0.799932,-0.598119,0.064575
909,1.817000,-0.800068,-0.597681,0.184572,-0.799812,0.602319,0.183594,0.800188,0.601978,0.183597,0.799932,-0.598021,0.184575,-0.800068,-0.597778,0.064572,-0.799812,0.602221,0.063594,0.800188,0.601880,0.063597,0.799932,-0.598119,0.064575
910,1.819000,-0.800068,-0.597681,0.184572,-0.799812,0.602319,0.183594,0.800188,0.601978,0.183597,0.799932,-0.598021,0.184575,-0.800068,-0.597778,0.064572,-0.799812,0.602221,0.063594,0.800188,0.601880,0.063597,0.799932,-0.598119,0.064575
911,1.821000,-0.800068,-0.597681,0.184572,-0.799812,0.602319,0.183594,0.800188,0.601978,0.183597,0.799932,-0.598021,0.184575,-0.800068,-0.597778,0.064572,-0.799812,0.602221,0.063594,0.800188,0.601880,0.063597,0.799932,-0.598119,0.064575
912,1.823000,-0.800068,-0.597681,0.184572,-0.799812,0.602319,0.183594,0.800188,0.601978,0.183597,0.799932,-0.598021,0.184575,-0.800068,-0.597778,0.064572,-0.799812,0.602221,0.063594,0.800188,0.601880,0.063597,0.799932,-0.598119,0.064575
913,1.825000,-0.800068,-0.597681,0.184572,-0.799812,0.602319,0.183594,0.800188,0.601978,0.183597,0.799932,-0.598021,0.184575,-0.800068,-0.597778,0.064572,-0.799812,0.602221,0.063594,0.800188,0.601880,0.063597,0.799932,-0.598119,0.064575
914,1.827000,-0.800068,-0.597681,0.184572,-0.799812,0.602319,0.183594,0.800188,0.601978,0.183598,0.799932,-0.598021,0.184575,-0.800068,-0.597778,0.064572,-0.799812,0.602221,0.063594,0.800188,0.601880,0.063598,0.799932,-0.598119,0.064575
915,1.829000,-0.800068,-0.597681,0.184572,-0.799812,0.602319,0.183594,0.800188,0.601978,0.183598,0.799932,-0.598021,0.184575,-0.800068,-0.597778,0.064572,-0.799812,0.602221,0.063595,0.800188,0.601880,0.063598,0.799932,-0.598119,0.064575
916,1.831000,-0.800068,-0.597681,0.184572,-0.799812,0.602319,0.183595,0.800188,0.601978,0.183598,0.799932,-0.598022,0.184575,-0.800068,-0.597778,0.064572,-0.799812,0.602221,0.063595,0.800188,0.601880,0.063598,0.799932,-0.598119,0.064575
917,1.833000,-0.800068,-0.597681,0.184572,-0.799812,0.602319,0.183595,0.800188,0.601978,0.183598,0.799932,-0.598022,0.184575,-0.800068,-0.597778,0.064572,-0.799812,0.602221,0.063595,0.800188,0.601880,0.063598,0.799932,-0.598119,0.064575
918,1.835000,-0.800068,-0.597681,0.184572,-0.799812,0.602319,0.183595,0.800188,0.601978,0.183598,0.799932,-0.598022,0.184575,-0.800068,-0.597778,0.064572,-0.799812,0.602221,0.063595,0.800188,0.601880,0.063598,0.799932,-0.598119,0.064575
919,1.837000,-0.800068,-0.597681,0.184572,-0.799812,0.602319,0.183595,0.800188,0.601978,0.183598,0.799932,-0.598022,0.184575,-0.800068,-0.597778,0.064572,-0.799812,0.602221,0.063595,0.800188,0.601880,0.063598,0.799932,-0.598119,0.064575
920,1.839000,-0.800068,-0.597681,0.184572,-0.799812,0.602319,0.183595,0.800188,0.601978,0.183598,0.799932,-0.598022,0.184575,-0.800068,-0.597779,0.064572,-0.799812,0.602221,0.063595,0.800188,0.601880,0.063598,0.799932,-0.598119,0.064575
921,1.841000,-0.800068,-0.597681,0.184572,-0.799812,0.602319,0.183595,0.800188,0.601978,0.183598,0.799932,-0.598022,0.184575,-0.800068,-0.597779,0.064572,-0.799812,0.602221,0.063595,0.800188,0.601880,0.063598,0.799932,-0.598119,0.064575
922,1.843000,-0.800068,-0.597681,0.184572,-0.799812,0.602319,0.183595,0.800188,0.601978,0.183598,0.799932,-0.598022,0.184575,-0.800068,-0.597779,0.064572,-0.799812,0.602221,0.063595,0.800188,0.601880,0.063598,0.799932,-0.598119,0.064575
923,1.845000,-0.800068,-0.597681,0.184572,-0.799812,0.602319,0.183595,0.800188,0.601978,0.183598,0.799932,-0.598022,0.184575,-0.800068,-0.597779,0.064572,-0.799812,0.602221,0.063595,0.800188,0.601880,0.063598,0.799932,-0.598119,0.064575
924,1.847000,-0.800068,-0.597681,0.184573,-0.799812,0.602319,0.183594,0.800188,0.601978,0.183596,0.799932,-0.598021,0.184575,-0.800068,-0.597779,0.064573,-0.799812,0.602221,0.063594,0.800188,0.601880,0.063596,0.799932,-0.598119,0.064575
925,1.849000,-0.800068,-0.597681,0.184572,-0.799812,0.602319,0.183594,0.800188,0.601978,0.183597,0.799932,-0.598022,0.184574,-0.800068,-0.597779,0.064572,-0.799812,0.602221,0.063595,0.800188,0.601880,0.063597,0.799932,-0.598119,0.064574
926,1.851000,-0.800068,-0.597681,0.184572,-0.799812,0.602319,0.183595,0.800188,0.601978,0.183597,0.799932,-0.598022,0.184575,-0.800068,-0.597779,0.064572,-0.799812,0.602221,0.063595,0.800188,0.601880,0.063597,0.799932,-0.598119,0.064575
927,1.853000,-0.800068,-0.597681,0.184572,-0.799812,0.602319,0.183595,0.800188,0.601978,0.183598,0.799932,-0.598022,0.184575,-0.800068,-0.597779,0.064572,-0.799812,0.602221,0.063595,0.800188,0.601880,0.063598,0.799932,-0.598119,0.064575
928,1.855000,-0.800068,-0.597681,0.184572,-0.799812,0.602319,0.183595,0.800188,0.601978,0.183598,0.799932,-0.598022,0.184575,-0.800068,-0.597779,0.064572,-0.799812,0.602221,0.063595,0.800188,0.601880,0.063598,0.799932,-0.598119,0.064575
929,1.857000,-0.800068,-0.597681,0.184572,-0.799812,0.602319,0.183595,0.800188,0.601978,0.183598,0.799932,-0.598022,0.184575,-0.800068,-0.597779,0.064572,-0.799812,0.602221,0.063595,0.800188,0.601880,0.063598,0.799932,-0.598119,0.064575
930,1.859000,-0.800068,-0.597681,0.184572,-0.799812,0.602318,0.183595,0.800188,0.601978,0.183598,0.799932,-0.598022,0.184575,-0.800068,-0.597779,0.064572,-0.799812,0.602221,0.063595,0.800188,0.601880,0.063598,0.799932,-0.598120,0.064575
931,1.861000,-0.800068,-0.597681,0.184572,-0.799812,0.602318,0.183595,0.800188,0.601978,0.183598,0.799932,-0.598022,0.184575,-0.800068,-0.597779,0.064572,-0.799812,0.602221,0.063595,0.800188,0.601880,0.063598,0.799932,-0.598120,0.064575
932,1.863000,-0.800068,-0.597681,0.184572,-0.799812,0.602318,0.183595,0.800188,0.601978,0.183598,0.799932,-0.598022,0.184575,-0.800068,-0.597779,0.064572,-0.799812,0.602221,0.063595,0.800188,0.601880,0.063598,0.799932,-0.598120,0.064575
933,1.865000,-0.800068,-0.597681,0.184572,-0.799812,0.602318,0.183595,0.800188,0.601978,0.183598,0.799932,-0.598022,0.184575,-0.800068,-0.597779,0.064572,-0.799812,0.602221,0.063595,0.800188,0.601880,0.063598,0.799932,-0.598120,0.064575
934,1.867000,-0.800068,-0.597681,0.184572,-0.799812,0.602318,0.183595,0.800188,0.601978,0.183598,0.799932,-0.598022,0.184575,-0.800068,-0.597779,0.064572,-0.799812,0.602221,0.063595,0.800188,0.601880,0.063598,0.799932,-0.598120,0.064575
935,1.869000,-0.800068,-0.597681,0.184572,-0.799812,0.602318,0.183595,0.800188,0.601978,0.183598,0.799932,-0.598022,0.184575,-0.800068,-0.597779,0.064572,-0.799812,0.602221,0.063595,0.800188,0.601880,0.063598,0.799932,-0.598120,0.064575
936,1.871000,-0.800068,-0.597681,0.184572,-0.799812,0.602318,0.183595,0.800188,0.601978,0.183598,0.799932,-0.598022,0.184575,-0.800068,-0.597779,0.064572,-0.799812,0.602221,0.063595,0.800188,0.601880,0.063598,0.799932,-0.598120,0.064575
937,1.873000,-0.800068,-0.597681,0.184572,-0.799812,0.602318,0.183595,0.800188,0.601977,0.183598,0.799932,-0.598022,0.184575,-0.800068,-0.597779,0.064572,-0.799812,0.602221,0.063595,0.800188,0.601880,0.063598,0.799932,-0.598120,0.064575
938,1.875000,-0.800068,-0.597681,0.184572,-0.799812,0.602318,0.183595,0.800188,0.601978,0.183598,0.799932,-0.598022,0.184575,-0.800068,-0.597779,0.064572,-0.799812,0.602221,0.063595,0.800188,0.601880,0.063598,0.799932,-0.598120,0.064575
939,1.877000,-0.800068,-0.597681,0.184572,-0.799812,0.602318,0.183595,0.800188,0.601977,0.183598,0.799932,-0.598022,0.184575,-0.800068,-0.597779,0.064572,-0.799812,0.602221,0.063595,0.800188,0.601880,0.063598,0.799932,-0.598120,0.064575
940,1.879000,-0.800068,-0.597681,0.184572,-0.799812,0.602318,0.183595,0.800188,0.601977,0.183598,0.799932,-0.598022,0.184575,-0.800068,-0.597779,0.064572,-0.799812,0.602221,0.063595,0.800188,0.601880,0.063598,0.799932,-0.598120,0.064575
941,1.881000,-0.800068,-0.597681,0.184572,-0.799812,0.602318,0.183595,0.800188,0.601977,0.183598,0.799932,-0.598022,0.184575,-0.800068,-0.597779,0.064572,-0.799812,0.602221,0.063595,0.800188,0.601880,0.063598,0.799932,-0.598120,0.064575
942,1.883000,-0.800068,-0.597681,0.184572,-0.799812,0.602318,0.183595,0.800188,0.601977,0.183598,0.799932,-0.598022,0.184575,-0.800068,-0.597779,0.064572,-0.799812,0.602221,0.063595,0.800188,0.601880,0.063598,0.799932,-0.598120,0.064575
943,1.885000,-0.800068,-0.597681,0.184572,-0.799812,0.602318,0.183595,0.800188,0.601977,0.183598,0.799932,-0.598022,0.184575,-0.800068,-0.597779,0.064572,-0.799812,0.602221,0.063595,0.800188,0.601880,0.063598,0.799932,-0.598120,0.064575
944,1.887000,-0.800068,-0.597681,0.184572,-0.799812,0.602318,0.183595,0.800188,0.601977,0.183598,0.799932,-0.598022,0.184575,-0.800068,-0.597779,0.064572,-0.799812,0.602220,0.063595,0.800188,0.601880,0.063598,0.799932,-0.598120,0.064575
945,1.889000,-0.800068,-0.597681,0.184572,-0.799812,0.602318,0.183595,0.800188,0.601977,0.183598,0.799932,-0.598022,0.184575,-0.800068,-0.597779,0.064572,-0.799812,0.602220,0.063595,0.800188,0.601880,0.063598,0.799932,-0.598120,0.064575
946,1.891000,-0.800068,-0.597681,0.184572,-0.799812,0.602318,0.183595,0.800188,0.601977,0.183598,0.799932,-0.598022,0.184575,-0.800068,-0.597779,0.064572,-0.799812,0.602220,0.063595,0.800188,0.601880,0.063598,0.799932,-0.598120,0.064575
947,1.893000,-0.800068,-0.597681,0.184572,-0.799812,0.602318,0.183595,0.800188,0.601977,0.183598,0.799932,-0.598022,0.184575,-0.800068,-0.597779,0.064572,-0.799812,0.602220,0.063595,0.800188,0.601880,0.063598,0.799932,-0.598120,0.064575
948,1.895000,-0.800068,-0.597681,0.184572,-0.799812,0.602318,0.183595,0.800188,0.601977,0.183598,0.799932,-0.598022,0.184575,-0.800068,-0.597779,0.064572,-0.799812,0.602220,0.063595,0.800188,0.601880,0.063598,0.799932,-0.598120,0.064575
949,1.897000,-0.800068,-0.597681,0.184572,-0.799812,0.602318,0.183595,0.800188,0.601977,0.183598,0.799932,-0.598022,0.184575,-0.800068,-0.597779,0.064572,-0.799812,0.602220,0.063595,0.800188,0.601880,0.063598,0.799932,-0.598120,0.064575
950,1.899000,-0.800068,-0.597681,0.184572,-0.799812,0.602318,0.183595,0.800188,0.601977,0.183598,0.799932,-0.598022,0.184575,-0.800068,-0.597779,0.064572,-0.799812,0.602220,0.063595,0.800188,0.601880,0.063598,0.799932,-0.598120,0.064575
951,1.901000,-0.800068,-0.597681,0.184572,-0.799812,0.602318,0.183595,0.800188,0.601977,0.183598,0.799932,-0.598022,0.184575,-0.800068,-0.597779,0.064572,-0.799812,0.602220,0.063595,0.800188,0.601880,0.063598,0.799932,-0.598120,0.064575
952,1.903000,-0.800068,-0.597681,0.184572,-0.799812,0.602318,0.183595,0.800188,0.601977,0.183598,0.799932,-0.598022,0.184575,-0.800068,-0.597779,0.064572,-0.799812,0.602220,0.063595,0.800188,0.601880,0.063598,0.799932,-0.598120,0.064575
953,1.905000,-0.800068,-0.597681,0.184569,-0.799813,0.602319,0.183587,0.800187,0.601978,0.183596,0.799931,-0.598022,0.184578,-0.800068,-0.597779,0.064569,-0.799812,0.602221,0.063587,0.800188,0.601880,0.063596,0.799932,-0.598120,0.064578
954,1.907000,-0.800068,-0.597681,0.184570,-0.799813,0.602319,0.183589,0.800187,0.601978,0.183596,0.799932,-0.598022,0.184577,-0.800068,-0.597779,0.064570,-0.799812,0.602221,0.063589,0.800188,0.601880,0.063596,0.799932,-0.598120,0.064577
955,1.909000,-0.800068,-0.597681,0.184570,-0.799813,0.602318,0.183591,0.800187,0.601978,0.183597,0.799932,-0.598022,0.184576,-0.800068,-0.597779,0.064570,-0.799812,0.602220,0.063591,0.800188,0.601880,0.063597,0.799932,-0.598120,0.064576
956,1.911000,-0.800068,-0.597681,0.184570,-0.799812,0.602318,0.183592,0.800187,0.601977,0.183597,0.799932,-0.598022,0.184576,-0.800068,-0.597779,0.064570,-0.799812,0.602220,0.063592,0.800188,0.601880,0.063597,0.799932,-0.598120,0.064576
957,1.913000,-0.800068,-0.597682,0.184571,-0.799812,0.602318,0.183593,0.800188,0.601977,0.183598,0.799932,-0.598022,0.184575,-0.800068,-0.597779,0.064571,-0.799812,0.602220,0.063593,0.800188,0.601880,0.063598,0.799932,-0.598120,0.064575
958,1.915000,-0.800068,-0.597682,0.184570,-0.799812,0.602318,0.183594,0.800188,0.601977,0.183598,0.799932,-0.598022,0.184575,-0.800068,-0.597779,0.064571,-0.799812,0.602220,0.063594,0.800188,0.601880,0.063598,0.799932,-0.598120,0.064575
959,1.917000,-0.800068,-0.597682,0.184571,-0.799812,0.602318,0.183594,0.800188,0.601977,0.183598,0.799932,-0.598022,0.184575,-0.800068,-0.597779,0.064571,-0.799812,0.602220,0.063594,0.800188,0.601879,0.063598,0.799932,-0.598120,0.064575
960,1.919000,-0.800068,-0.597682,0.184571,-0.799812,0.602318,0.183594,0.800188,0.601977,0.183598,0.799932,-0.598022,0.184575,-0.800068,-0.597779,0.064571,-0.799812,0.602220,0.063594,0.800188,0.601879,0.063598,0.799932,-0.598120,0.064575
961,1.921000,-0.800068,-0.597682,0.184571,-0.799812,0.602318,0.183594,0.800188,0.601977,0.183598,0.799932,-0.598022,0.184576,-0.800068,-0.597780,0.064572,-0.799812,0.602220,0.063594,0.800188,0.601879,0.063598,0.799932,-0.598120,0.064576
962,1.923000,-0.800068,-0.597682,0.184572,-0.799812,0.602318,0.183594,0.800188,0.601977,0.183598,0.799932,-0.598022,0.184576,-0.800068,-0.597780,0.064572,-0.799812,0.602220,0.063594,0.800188,0.601879,0.063598,0.799932,-0.598120,0.064576
963,1.925000,-0.800068,-0.597682,0.184571,-0.799812,0.602318,0.183594,0.800187,0.601977,0.183598,0.799932,-0.598022,0.184575,-0.800068,-0.597780,0.064571,-0.799812,0.602220,0.063594,0.800188,0.601879,0.063598,0.799932,-0.598120,0.064575
964,1.927000,-0.800068,-0.597682,0.184571,-0.799812,0.602317,0.183594,0.800187,0.601977,0.183598,0.799932,-0.598022,0.184575,-0.800068,-0.597780,0.064571,-0.799812,0.602220,0.063594,0.800188,0.601879,0.063598,0.799932,-0.598120,0.064575
965,1.929000,-0.800068,-0.597682,0.184571,-0.799812,0.602317,0.183594,0.800187,0.601977,0.183599,0.799932,-0.598023,0.184575,-0.800067,-0.597780,0.064571,-0.799812,0.602220,0.063594,0.800188,0.601879,0.063599,0.799932,-0.598120,0.064575
966,1.931000,-0.800068,-0.597682,0.184571,-0.799813,0.602317,0.183594,0.800187,0.601977,0.183599,0.799932,-0.598023,0.184575,-0.800067,-0.597780,0.064571,-0.799812,0.602220,0.063594,0.800188,0.601879,0.063599,0.799933,-0.598120,0.064575
967,1.933000,-0.800068,-0.597682,0.184571,-0.799812,0.602317,0.183595,0.800187,0.601977,0.183598,0.799932,-0.598023,0.184575,-0.800067,-0.597780,0.064571,-0.799812,0.602220,0.063595,0.800188,0.601879,0.063599,0.799933,-0.598120,0.064575
968,1.935000,-0.800068,-0.597682,0.184571,-0.799812,0.602317,0.183594,0.800187,0.601977,0.183598,0.799932,-0.598022,0.184575,-0.800067,-0.597780,0.064571,-0.799812,0.602220,0.063594,0.800188,0.601879,0.063598,0.799933,-0.598120,0.064575
969,1.937000,-0.800068,-0.597682,0.184571,-0.799812,0.602317,0.183595,0.800187,0.601977,0.183599,0.799932,-0.598022,0.184575,-0.800067,-0.597780,0.064571,-0.799812,0.602220,0.063595,0.800188,0.601879,0.063599,0.799933,-0.598120,0.064575
970,1.939000,-0.800068,-0.597682,0.184571,-0.799812,0.602317,0.183595,0.800187,0.601977,0.183599,0.799932,-0.598023,0.184575,-0.800067,-0.597780,0.064571,-0.799812,0.602220,0.063595,0.800188,0.601879,0.063599,0.799933,-0.598120,0.064575
971,1.941000,-0.800068,-0.597682,0.184569,-0.799813,0.602317,0.183592,0.800187,0.601977,0.183598,0.799932,-0.598023,0.184575,-0.800067,-0.597780,0.064569,-0.799812,0.602220,0.063592,0.800188,0.601879,0.063598,0.799933,-0.598120,0.064575
972,1.943000,-0.800068,-0.597682,0.184569,-0.799813,0.602317,0.183593,0.800187,0.601977,0.183598,0.799932,-0.598023,0.184575,-0.800067,-0.597780,0.064569,-0.799812,0.602220,0.063593,0.800188,0.601879,0.063598,0.799933,-0.598120,0.064575
973,1.945000,-0.800068,-0.597682,0.184570,-0.799813,0.602317,0.183593,0.800187,0.601977,0.183598,0.799932,-0.598022,0.184575,-0.800067,-0.597780,0.064570,-0.799812,0.602220,0.063593,0.800188,0.601879,0.063598,0.799933,-0.598120,0.064575
974,1.947000,-0.800068,-0.597682,0.184569,-0.799813,0.602318,0.183592,0.800187,0.601977,0.183598,0.799932,-0.598022,0.184575,-0.800067,-0.597780,0.064569,-0.799812,0.602220,0.063592,0.800188,0.601879,0.063598,0.799932,-0.598120,0.064575
975,1.949000,-0.800068,-0.597682,0.184569,-0.799813,0.602318,0.183592,0.800187,0.601977,0.183598,0.799932,-0.598022,0.184576,-0.800068,-0.597780,0.064569,-0.799812,0.602220,0.063592,0.800188,0.601879,0.063598,0.799932,-0.598120,0.064576
976,1.951000,-0.800068,-0.597682,0.184569,-0.799813,0.602318,0.183592,0.800187,0.601977,0.183598,0.799932,-0.598022,0.184576,-0.800068,-0.597779,0.064569,-0.799812,0.602220,0.063592,0.800188,0.601879,0.063598,0.799932,-0.598120,0.064576
977,1.953000,-0.800068,-0.597682,0.184569,-0.799812,0.602318,0.183592,0.800187,0.601977,0.183598,0.799932,-0.598022,0.184576,-0.800068,-0.597779,0.064569,-0.799812,0.602220,0.063592,0.800188,0.601879,0.063598,0.799932,-0.598120,0.064576
978,1.955000,-0.800068,-0.597682,0.184569,-0.799812,0.602318,0.183591,0.800187,0.601977,0.183598,0.799932,-0.598022,0.184576,-0.800068,-0.597779,0.064569,-0.799812,0.602220,0.063591,0.800188,0.601879,0.063598,0.799932,-0.598120,0.064576
979,1.957000,-0.800068,-0.597681,0.184568,-0.799812,0.602318,0.183591,0.800187,0.601977,0.183598,0.799932,-0.598022,0.184576,-0.800068,-0.597779,0.064569,-0.799812,0.602220,0.063591,0.800188,0.601879,0.063598,0.799932,-0.598120,0.064576
980,1.959000,-0.800068,-0.597681,0.184568,-0.799812,0.602318,0.183591,0.800187,0.601977,0.183598,0.799932,-0.598022,0.184576,-0.800068,-0.597779,0.064568,-0.799812,0.602220,0.063591,0.800188,0.601879,0.063598,0.799932,-0.598120,0.064576
981,1.961000,-0.800068,-0.597681,0.184568,-0.799812,0.602318,0.183590,0.800187,0.601977,0.183598,0.799932,-0.598022,0.184576,-0.800068,-0.597779,0.064568,-0.799812,0.602221,0.063590,0.800188,0.601879,0.063598,0.799932,-0.598120,0.064576
982,1.963000,-0.800068,-0.597681,0.184568,-0.799812,0.602318,0.183590,0.800187,0.601977,0.183598,0.799932,-0.598022,0.184576,-0.800068,-0.597779,0.064568,-0.799812,0.602221,0.063590,0.800188,0.601879,0.063598,0.799932,-0.598120,0.064576
983,1.965000,-0.800068,-0.597681,0.184568,-0.799812,0.602318,0.183590,0.800187,0.601977,0.183598,0.799932,-0.598022,0.184576,-0.800068,-0.597779,0.064568,-0.799812,0.602221,0.063590,0.800188,0.601879,0.063598,0.799932,-0.598120,0.064576
984,1.967000,-0.800068,-0.597681,0.184568,-0.799812,0.602318,0.183590,0.800187,0.601977,0.183598,0.799932,-0.598022,0.184576,-0.800068,-0.597779,0.064568,-0.799812,0.602221,0.063590,0.800188,0.601879,0.063598,0.799932,-0.598120,0.064576
985,1.969000,-0.800068,-0.597681,0.184568,-0.799812,0.602318,0.183590,0.800187,0.601977,0.183598,0.799932,-0.598023,0.184576,-0.800068,-0.597779,0.064568,-0.799812,0.602220,0.063590,0.800188,0.601879,0.063598,0.799932,-0.598120,0.064576
986,1.971000,-0.800068,-0.597681,0.184568,-0.799812,0.602318,0.183590,0.800187,0.601977,0.183598,0.799932,-0.598023,0.184576,-0.800068,-0.597779,0.064568,-0.799812,0.602220,0.063590,0.800188,0.601879,0.063598,0.799932,-0.598120,0.064576
987,1.973000,-0.800068,-0.597681,0.184568,-0.799812,0.602318,0.183590,0.800187,0.601977,0.183598,0.799932,-0.598023,0.184576,-0.800068,-0.597779,0.064568,-0.799812,0.602220,0.063590,0.800188,0.601879,0.063598,0.799932,-0.598120,0.064577
988,1.975000,-0.800068,-0.597681,0.184568,-0.799813,0.602318,0.183590,0.800187,0.601977,0.183598,0.799932,-0.598023,0.184576,-0.800068,-0.597779,0.064568,-0.799812,0.602220,0.063590,0.800188,0.601879,0.063598,0.799932,-0.598121,0.064577
989,1.977000,-0.800068,-0.597682,0.184568,-0.799813,0.602318,0.183590,0.800187,0.601977,0.183598,0.799932,-0.598023,0.184576,-0.800068,-0.597779,0.064568,-0.799812,0.602220,0.063590,0.800188,0.601879,0.063598,0.799932,-0.598121,0.064577
990,1.979000,-0.800068,-0.597682,0.184568,-0.799813,0.602318,0.183590,0.800187,0.601977,0.183598,0.799932,-0.598023,0.184576,-0.800068,-0.597780,0.064568,-0.799812,0.602220,0.063590,0.800188,0.601879,0.063598,0.799932,-0.598121,0.064576
991,1.981000,-0.800068,-0.597682,0.184568,-0.799813,0.602318,0.183590,0.800187,0.601977,0.183598,0.799932,-0.598023,0.184576,-0.800068,-0.597780,0.064568,-0.799812,0.602220,0.063590,0.800188,0.601879,0.063598,0.799932,-0.598121,0.064576
992,1.983000,-0.800068,-0.597682,0.184569,-0.799813,0.602318,0.183590,0.800187,0.601977,0.183598,0.799932,-0.598023,0.184576,-0.800068,-0.597780,0.064569,-0.799812,0.602220,0.063590,0.800188,0.601879,0.063598,0.799932,-0.598121,0.064576
993,1.985000,-0.800068,-0.597682,0.184569,-0.799813,0.602318,0.183590,0.800187,0.601977,0.183598,0.799932,-0.598023,0.184576,-0.800068,-0.597780,0.064569,-0.799812,0.602220,0.063590,0.800188,0.601879,0.063598,0.799932,-0.598121,0.064576
994,1.987000,-0.800068,-0.597682,0.184569,-0.799813,0.602317,0.183590,0.800187,0.601977,0.183598,0.799932,-0.598023,0.184576,-0.800068,-0.597780,0.064569,-0.799812,0.602220,0.063590,0.800188,0.601879,0.063598,0.799932,-0.598121,0.064576
995,1.989000,-0.800068,-0.597682,0.184569,-0.799813,0.602317,0.183591,0.800187,0.601977,0.183598,0.799932,-0.598023,0.184576,-0.800068,-0.597780,0.064569,-0.799812,0.602220,0.063591,0.800188,0.601879,0.063598,0.799932,-0.598121,0.064576
996,1.991000,-0.800068,-0.597682,0.184569,-0.799813,0.602317,0.183591,0.800187,0.601977,0.183598,0.799932,-0.598023,0.184576,-0.800068,-0.597780,0.064569,-0.799812,0.602219,0.063591,0.800188,0.601879,0.063598,0.799932,-0.598121,0.064576
997,1.993000,-0.800068,-0.597682,0.184569,-0.799813,0.602317,0.183591,0.800187,0.601977,0.183598,0.799932,-0.598023,0.184576,-0.800068,-0.597780,0.064569,-0.799812,0.602219,0.063591,0.800188,0.601879,0.063598,0.799932,-0.598121,0.064576
998,1.995000,-0.800068,-0.597682,0.184569,-0.799813,0.602317,0.183591,0.800187,0.601977,0.183598,0.799932,-0.598023,0.184576,-0.800068,-0.597780,0.064569,-0.799812,0.602219,0.063591,0.800188,0.601879,0.063598,0.799932,-0.598121,0.064576
999,1.997000,-0.800068,-0.597683,0.184570,-0.799813,0.602317,0.183591,0.800187,0.601977,0.183598,0.799932,-0.598023,0.184576,-0.800067,-0.597780,0.064570,-0.799812,0.602219,0.063591,0.800188,0.601879,0.063598,0.799932,-0.598121,0.064576
1000,1.999000,-0.800068,-0.597683,0.184570,-0.799813,0.602317,0.183591,0.800187,0.601977,0.183598,0.799932,-0.598023,0.184576,-0.800067,-0.597780,0.064570,-0.799812,0.602219,0.063591,0.800188,0.601879,0.063598,0.799933,-0.598121,0.064576
1001,2.001000,-0.800068,-0.597683,0.184570,-0.799813,0.602317,0.183591,0.800187,0.601977,0.183598,0.799932,-0.598023,0.184576,-0.800067,-0.597780,0.064570,-0.799812,0.602219,0.063591,0.800188,0.601879,0.063598,0.799933,-0.598121,0.064576
