# chassis, 1600, 1200, 120
# start time, 1.2
# C1, 1600, 1200, 120
# C2, 1600, -1200, 120
# C3, -1600, -1200, 120
# C4, -1600, 1200, 120
# C5, 1600, 1200, -120
# C6, 1600, -1200, -120
# C7, -1600, -1200, -120
# C8, -1600, 1200, -120
Frame,Time,C1_X,C1_Y,C1_Z,C2_X,C2_Y,C2_Z,C3_X,C3_Y,C3_Z,C4_X,C4_Y,C4_Z,C5_X,C5_Y,C5_Z,C6_X,C6_Y,C6_Z,C7_X,C7_Y,C7_Z,C8_X,C8_Y,C8_Z
0,0.000000,0.921444,-0.088763,1.110644,-0.114972,-0.133910,0.507481,-0.921438,-0.030903,1.885524,0.114977,0.014244,2.488687,0.921438,0.030903,1.101696,-0.114977,-0.014244,0.498533,-0.921444,0.088763,1.876576,0.114972,0.133910,2.479739
1,0.001000,0.921444,-0.088763,1.110634,-0.114972,-0.133910,0.507472,-0.921438,-0.030903,1.885514,0.114977,0.014244,2.488677,0.921438,0.030903,1.101686,-0.114977,-0.014244,0.498524,-0.921444,0.088763,1.876566,0.114972,0.133910,2.479729
2,0.003000,0.921444,-0.088763,1.110585,-0.114972,-0.133910,0.507423,-0.921438,-0.030903,1.885465,0.114977,0.014244,2.488628,0.921438,0.030903,1.101637,-0.114977,-0.014244,0.498475,-0.921444,0.088763,1.876517,0.114972,0.133910,2.479680
3,0.005000,0.921444,-0.088763,1.110497,-0.114972,-0.133910,0.507334,-0.921438,-0.030903,1.885377,0.114977,0.014244,2.488539,0.921438,0.030903,1.101549,-0.114977,-0.014244,0.498386,-0.921444,0.088763,1.876429,0.114972,0.133910,2.479591
4,0.007000,0.921444,-0.088763,1.110369,-0.114972,-0.133910,0.507207,-0.921438,-0.030903,1.885249,0.114977,0.014244,2.488412,0.921438,0.030903,1.101421,-0.114977,-0.014244,0.498259,-0.921444,0.088763,1.876301,0.114972,0.133910,2.479464
5,0.009000,0.921444,-0.088763,1.110203,-0.114972,-0.133910,0.507040,-0.921438,-0.030903,1.885082,0.114977,0.014244,2.488245,0.921438,0.030903,1.101255,-0.114977,-0.014244,0.498092,-0.921444,0.088763,1.876135,0.114972,0.133910,2.479297
6,0.011000,0.921444,-0.088763,1.109997,-0.114972,-0.133910,0.506834,-0.921438,-0.030903,1.884876,0.114977,0.014244,2.488039,0.921438,0.030903,1.101049,-0.114977,-0.014244,0.497886,-0.921444,0.088763,1.875929,0.114972,0.133910,2.479091
7,0.013000,0.921444,-0.088763,1.109751,-0.114972,-0.133910,0.506589,-0.921438,-0.030903,1.884631,0.114977,0.014244,2.487794,0.921438,0.030903,1.100803,-0.114977,-0.014244,0.497641,-0.921444,0.088763,1.875683,0.114972,0.133910,2.478846
8,0.015000,0.921444,-0.088763,1.109467,-0.114972,-0.133910,0.506304,-0.921438,-0.030903,1.884347,0.114977,0.014244,2.487509,0.921438,0.030903,1.100519,-0.114977,-0.014244,0.497356,-0.921444,0.088763,1.875399,0.114972,0.133910,2.478561
9,0.017000,0.921444,-0.088763,1.109143,-0.114972,-0.133910,0.505981,-0.921438,-0.030903,1.884023,0.114977,0.014244,2.487186,0.921438,0.030903,1.100195,-0.114977,-0.014244,0.497033,-0.921444,0.088763,1.875075,0.114972,0.133910,2.478238
10,0.019000,0.921444,-0.088763,1.108780,-0.114972,-0.133910,0.505618,-0.921438,-0.030903,1.883660,0.114977,0.014244,2.486823,0.921438,0.030903,1.099832,-0.114977,-0.014244,0.496670,-0.921444,0.088763,1.874712,0.114972,0.133910,2.477875
11,0.021000,0.921444,-0.088763,1.108378,-0.114972,-0.133910,0.505216,-0.921438,-0.030903,1.883258,0.114977,0.014244,2.486421,0.921438,0.030903,1.099430,-0.114977,-0.014244,0.496268,-0.921444,0.088763,1.874310,0.114972,0.133910,2.477473
12,0.023000,0.921444,-0.088763,1.107937,-0.114972,-0.133910,0.504774,-0.921438,-0.030903,1.882817,0.114977,0.014244,2.485979,0.921438,0.030903,1.098989,-0.114977,-0.014244,0.495826,-0.921444,0.088763,1.873869,0.114972,0.133910,2.477031
13,0.025000,0.921444,-0.088763,1.107456,-0.114972,-0.133910,0.504294,-0.921438,-0.030903,1.882336,0.114977,0.014244,2.485499,0.921438,0.030903,1.098508,-0.114977,-0.014244,0.495346,-0.921444,0.088763,1.873388,0.114972,0.133910,2.476551
14,0.027000,0.921444,-0.088763,1.106937,-0.114972,-0.133910,0.503774,-0.921438,-0.030903,1.881816,0.114977,0.014244,2.484979,0.921438,0.030903,1.097989,-0.114977,-0.014244,0.494826,-0.921444,0.088763,1.872868,0.114972,0.133910,2.476031
15,0.029000,0.921444,-0.088763,1.106378,-0.114972,-0.133910,0.503215,-0.921438,-0.030903,1.881257,0.114977,0.014244,2.484420,0.921438,0.030903,1.097430,-0.114977,-0.014244,0.494267,-0.921444,0.088763,1.872309,0.114972,0.133910,2.475472
16,0.031000,0.921444,-0.088763,1.105779,-0.114972,-0.133910,0.502617,-0.921438,-0.030903,1.880659,0.114977,0.014244,2.483822,0.921438,0.030903,1.096831,-0.114977,-0.014244,0.493669,-0.921444,0.088763,1.871711,0.114972,0.133910,2.474874
17,0.033000,0.921444,-0.088763,1.105142,-0.114972,-0.133910,0.501979,-0.921438,-0.030903,1.880022,0.114977,0.014244,2.483185,0.921438,0.030903,1.096194,-0.114977,-0.014244,0.493031,-0.921444,0.088763,1.871074,0.114972,0.133910,2.474237
18,0.035000,0.921444,-0.088763,1.104465,-0.114972,-0.133910,0.501303,-0.921438,-0.030903,1.879345,0.114977,0.014244,2.482508,0.921438,0.030903,1.095517,-0.114977,-0.014244,0.492355,-0.921444,0.088763,1.870397,0.114972,0.133910,2.473560
19,0.037000,0.921444,-0.088763,1.103750,-0.114972,-0.133910,0.500587,-0.921438,-0.030903,1.878630,0.114977,0.014244,2.481792,0.921438,0.030903,1.094802,-0.114977,-0.014244,0.491639,-0.921444,0.088763,1.869682,0.114972,0.133910,2.472844
20,0.039000,0.921444,-0.088763,1.102995,-0.114972,-0.133910,0.499832,-0.921438,-0.030903,1.877875,0.114977,0.014244,2.481037,0.921438,0.030903,1.094047,-0.114977,-0.014244,0.490884,-0.921444,0.088763,1.868927,0.114972,0.133910,2.472089
21,0.041000,0.921444,-0.088763,1.102201,-0.114972,-0.133910,0.499038,-0.921438,-0.030903,1.877081,0.114977,0.014244,2.480243,0.921438,0.030903,1.093253,-0.114977,-0.014244,0.490090,-0.921444,0.088763,1.868133,0.114972,0.133910,2.471295
22,0.043000,0.921443,-0.088763,1.101367,-0.114972,-0.133910,0.498205,-0.921438,-0.030903,1.876247,0.114977,0.014244,2.479410,0.921438,0.030903,1.092420,-0.114977,-0.014244,0.489257,-0.921443,0.088763,1.867300,0.114972,0.133910,2.470462
23,0.045000,0.921443,-0.088763,1.100495,-0.114972,-0.133910,0.497332,-0.921438,-0.030903,1.875375,0.114977,0.014244,2.478538,0.921438,0.030903,1.091547,-0.114977,-0.014244,0.488385,-0.921443,0.088763,1.866427,0.114972,0.133910,2.469590
24,0.047000,0.921443,-0.088763,1.099584,-0.114972,-0.133910,0.496421,-0.921438,-0.030903,1.874464,0.114977,0.014244,2.477626,0.921438,0.030903,1.090636,-0.114977,-0.014244,0.487473,-0.921443,0.088763,1.865516,0.114972,0.133910,2.468678
25,0.049000,0.921443,-0.088763,1.098633,-0.114972,-0.133910,0.495470,-0.921438,-0.030903,1.873513,0.114977,0.014244,2.476675,0.921438,0.030903,1.089685,-0.114977,-0.014244,0.486522,-0.921443,0.088763,1.864565,0.114972,0.133910,2.467728
26,0.051000,0.921443,-0.088763,1.097643,-0.114972,-0.133910,0.494480,-0.921438,-0.030903,1.872523,0.114977,0.014244,2.475686,0.921438,0.030903,1.088695,-0.114977,-0.014244,0.485533,-0.921443,0.088763,1.863575,0.114972,0.133909,2.466738
27,0.053000,0.921443,-0.088763,1.096614,-0.114972,-0.133909,0.493451,-0.921438,-0.030903,1.871494,0.114977,0.014243,2.474657,0.921438,0.030903,1.087666,-0.114977,-0.014244,0.484504,-0.921443,0.088763,1.862546,0.114972,0.133909,2.465709
28,0.055000,0.921443,-0.088763,1.095546,-0.114972,-0.133909,0.492383,-0.921438,-0.030903,1.870426,0.114977,0.014243,2.473589,0.921438,0.030903,1.086598,-0.114977,-0.014243,0.483436,-0.921443,0.088763,1.861478,0.114972,0.133909,2.464641
29,0.057000,0.921443,-0.088763,1.094439,-0.114972,-0.133909,0.491276,-0.921438,-0.030903,1.869319,0.114977,0.014243,2.472482,0.921438,0.030903,1.085491,-0.114977,-0.014243,0.482328,-0.921443,0.088763,1.860371,0.114972,0.133909,2.463534
30,0.059000,0.921443,-0.088763,1.093292,-0.114972,-0.133909,0.490130,-0.921438,-0.030903,1.868173,0.114977,0.014243,2.471335,0.921438,0.030903,1.084345,-0.114977,-0.014243,0.481182,-0.921443,0.088763,1.859225,0.114972,0.133909,2.462387
31,0.061000,0.921443,-0.088763,1.092107,-0.114972,-0.133909,0.488945,-0.921438,-0.030903,1.866987,0.114977,0.014243,2.470150,0.921438,0.030903,1.083159,-0.114977,-0.014243,0.479997,-0.921443,0.088763,1.858040,0.114972,0.133909,2.461202
32,0.063000,0.921443,-0.088763,1.090883,-0.114972,-0.133909,0.487720,-0.921438,-0.030903,1.865763,0.114977,0.014243,2.468925,0.921438,0.030903,1.081935,-0.114977,-0.014243,0.478772,-0.921443,0.088763,1.856815,0.114972,0.133909,2.459978
33,0.065000,0.921443,-0.088763,1.089619,-0.114972,-0.133909,0.486457,-0.921438,-0.030903,1.864500,0.114977,0.014243,2.467662,0.921438,0.030903,1.080671,-0.114977,-0.014243,0.477509,-0.921443,0.088763,1.855552,0.114972,0.133909,2.458714
34,0.067000,0.921443,-0.088763,1.088316,-0.114972,-0.133909,0.485154,-0.921438,-0.030903,1.863197,0.114977,0.014243,2.466359,0.921438,0.030903,1.079369,-0.114977,-0.014243,0.476206,-0.921443,0.088763,1.854249,0.114972,0.133909,2.457412
35,0.069000,0.921443,-0.088763,1.086975,-0.114972,-0.133909,0.483812,-0.921438,-0.030903,1.861855,0.114977,0.014242,2.465018,0.921438,0.030903,1.078027,-0.114977,-0.014243,0.474865,-0.921443,0.088763,1.852908,0.114972,0.133908,2.456070
36,0.071000,0.921443,-0.088763,1.085594,-0.114972,-0.133908,0.482432,-0.921438,-0.030903,1.860475,0.114977,0.014242,2.463637,0.921438,0.030903,1.076646,-0.114977,-0.014242,0.473484,-0.921443,0.088763,1.851527,0.114972,0.133908,2.454689
37,0.073000,0.921443,-0.088763,1.084174,-0.114972,-0.133908,0.481012,-0.921438,-0.030903,1.859055,0.114977,0.014242,2.462217,0.921438,0.030903,1.075227,-0.114977,-0.014242,0.472064,-0.921443,0.088763,1.850107,0.114972,0.133908,2.453270
38,0.075000,0.921443,-0.088763,1.082716,-0.114972,-0.133908,0.479553,-0.921438,-0.030903,1.857597,0.114977,0.014242,2.460759,0.921438,0.030903,1.073768,-0.114977,-0.014242,0.470606,-0.921443,0.088763,1.848649,0.114972,0.133908,2.451811
39,0.077000,0.921443,-0.088763,1.081218,-0.114972,-0.133908,0.478056,-0.921438,-0.030903,1.856099,0.114978,0.014242,2.459261,0.921438,0.030903,1.072270,-0.114978,-0.014242,0.469108,-0.921443,0.088763,1.847151,0.114972,0.133907,2.450313
40,0.079000,0.921443,-0.088763,1.079681,-0.114972,-0.133907,0.476519,-0.921438,-0.030903,1.854562,0.114978,0.014241,2.457724,0.921438,0.030903,1.070733,-0.114978,-0.014242,0.467571,-0.921443,0.088763,1.845615,0.114972,0.133907,2.448777
41,0.081000,0.921443,-0.088763,1.078105,-0.114973,-0.133907,0.474943,-0.921438,-0.030903,1.852987,0.114978,0.014241,2.456149,0.921438,0.030903,1.069158,-0.114978,-0.014241,0.465996,-0.921443,0.088763,1.844039,0.114973,0.133907,2.447201
42,0.083000,0.921443,-0.088763,1.076491,-0.114973,-0.133907,0.473329,-0.921438,-0.030903,1.851372,0.114978,0.014241,2.454534,0.921438,0.030903,1.067543,-0.114978,-0.014241,0.464381,-0.921443,0.088763,1.842424,0.114973,0.133907,2.445586
43,0.085000,0.921443,-0.088763,1.074837,-0.114973,-0.133907,0.471675,-0.921438,-0.030903,1.849718,0.114978,0.014240,2.452880,0.921438,0.030903,1.065889,-0.114978,-0.014241,0.462727,-0.921443,0.088763,1.840771,0.114973,0.133906,2.443933
44,0.087000,0.921443,-0.088763,1.073144,-0.114973,-0.133906,0.469982,-0.921438,-0.030903,1.848026,0.114978,0.014240,2.451188,0.921438,0.030903,1.064197,-0.114978,-0.014240,0.461035,-0.921443,0.088763,1.839078,0.114973,0.133906,2.442240
45,0.089000,0.921443,-0.088763,1.071413,-0.114973,-0.133906,0.468251,-0.921438,-0.030903,1.846295,0.114978,0.014240,2.449456,0.921438,0.030903,1.062465,-0.114978,-0.014240,0.459303,-0.921443,0.088763,1.837347,0.114973,0.133906,2.440509
46,0.091000,0.921443,-0.088763,1.069642,-0.114973,-0.133906,0.466480,-0.921438,-0.030903,1.844524,0.114978,0.014239,2.447686,0.921438,0.030903,1.060695,-0.114978,-0.014240,0.457533,-0.921443,0.088763,1.835577,0.114973,0.133905,2.438739
47,0.093000,0.921443,-0.088763,1.067833,-0.114973,-0.133905,0.464671,-0.921438,-0.030903,1.842715,0.114978,0.014239,2.445877,0.921438,0.030903,1.058885,-0.114978,-0.014239,0.455724,-0.921443,0.088763,1.833768,0.114973,0.133905,2.436929
48,0.095000,0.921443,-0.088763,1.065985,-0.114973,-0.133905,0.462823,-0.921438,-0.030903,1.840867,0.114978,0.014238,2.444029,0.921438,0.030903,1.057037,-0.114978,-0.014239,0.453876,-0.921443,0.088763,1.831920,0.114973,0.133904,2.435081
49,0.097000,0.921443,-0.088763,1.064097,-0.114973,-0.133904,0.460936,-0.921438,-0.030903,1.838980,0.114978,0.014238,2.442142,0.921438,0.030903,1.055150,-0.114978,-0.014238,0.451989,-0.921443,0.088763,1.830033,0.114973,0.133904,2.433194
50,0.099000,0.921443,-0.088763,1.062171,-0.114973,-0.133904,0.459010,-0.921438,-0.030903,1.837054,0.114979,0.014237,2.440216,0.921438,0.030903,1.053224,-0.114978,-0.014238,0.450063,-0.921443,0.088763,1.828107,0.114974,0.133903,2.431268
51,0.101000,0.921443,-0.088763,1.060206,-0.114974,-0.133903,0.457045,-0.921438,-0.030903,1.835090,0.114979,0.014237,2.438251,0.921438,0.030903,1.051259,-0.114979,-0.014237,0.448098,-0.921443,0.088763,1.826142,0.114974,0.133903,2.429304
52,0.103000,0.921443,-0.088763,1.058203,-0.114974,-0.133903,0.455041,-0.921438,-0.030903,1.833086,0.114979,0.014236,2.436247,0.921438,0.030903,1.049256,-0.114979,-0.014237,0.446094,-0.921443,0.088763,1.824139,0.114974,0.133902,2.427300
53,0.105000,0.921443,-0.088763,1.056160,-0.114974,-0.133902,0.452999,-0.921438,-0.030903,1.831044,0.114979,0.014236,2.434205,0.921438,0.030903,1.047213,-0.114979,-0.014236,0.444052,-0.921443,0.088763,1.822097,0.114974,0.133902,2.425258
54,0.107000,0.921442,-0.088763,1.054079,-0.114974,-0.133902,0.450918,-0.921438,-0.030903,1.828963,0.114979,0.014235,2.432124,0.921438,0.030903,1.045132,-0.114979,-0.014236,0.441971,-0.921442,0.088763,1.820016,0.114974,0.133901,2.423177
55,0.109000,0.921442,-0.088763,1.051959,-0.114974,-0.133901,0.448798,-0.921438,-0.030903,1.826843,0.114979,0.014234,2.430004,0.921438,0.030903,1.043012,-0.114979,-0.014235,0.439851,-0.921442,0.088763,1.817896,0.114974,0.133900,2.421057
56,0.111000,0.921442,-0.088763,1.049800,-0.114975,-0.133901,0.446639,-0.921437,-0.030903,1.824684,0.114979,0.014234,2.427845,0.921438,0.030903,1.040853,-0.114979,-0.014235,0.437692,-0.921442,0.088763,1.815738,0.114975,0.133900,2.418898
57,0.113000,0.921442,-0.088764,1.047602,-0.114975,-0.133900,0.444441,-0.921437,-0.030904,1.822487,0.114980,0.014233,2.425648,0.921437,0.030903,1.038655,-0.114980,-0.014234,0.435495,-0.921442,0.088762,1.813540,0.114975,0.133899,2.416701
58,0.115000,0.921442,-0.088764,1.045366,-0.114975,-0.133899,0.442205,-0.921437,-0.030904,1.820251,0.114980,0.014232,2.423411,0.921437,0.030903,1.036419,-0.114980,-0.014233,0.433259,-0.921442,0.088762,1.811304,0.114975,0.133898,2.414465
59,0.117000,0.921442,-0.088764,1.043090,-0.114975,-0.133898,0.439930,-0.921437,-0.030904,1.817976,0.114980,0.014231,2.421136,0.921437,0.030902,1.034144,-0.114980,-0.014232,0.430984,-0.921442,0.088762,1.809030,0.114975,0.133897,2.412190
60,0.119000,0.921442,-0.088764,1.040777,-0.114975,-0.133898,0.437616,-0.921437,-0.030904,1.815663,0.114980,0.014230,2.418823,0.921437,0.030902,1.031830,-0.114980,-0.014231,0.428670,-0.921442,0.088762,1.806716,0.114975,0.133896,2.409876
61,0.121000,0.921442,-0.088764,1.038424,-0.114976,-0.133897,0.435264,-0.921437,-0.030904,1.813311,0.114980,0.014229,2.416471,0.921437,0.030902,1.029478,-0.114980,-0.014231,0.426318,-0.921442,0.088762,1.804364,0.114976,0.133895,2.407524
62,0.123000,0.921442,-0.088764,1.036033,-0.114976,-0.133896,0.432873,-0.921437,-0.030904,1.810920,0.114981,0.014228,2.414080,0.921437,0.030902,1.027087,-0.114981,-0.014230,0.423927,-0.921442,0.088762,1.801974,0.114976,0.133894,2.405133
63,0.125000,0.921442,-0.088764,1.033603,-0.114976,-0.133895,0.430443,-0.921437,-0.030904,1.808491,0.114981,0.014227,2.411650,0.921437,0.030902,1.024657,-0.114981,-0.014229,0.421497,-0.921442,0.088762,1.799544,0.114976,0.133893,2.402704
64,0.127000,0.921441,-0.088764,1.031134,-0.114976,-0.133894,0.427975,-0.921437,-0.030904,1.806023,0.114981,0.014226,2.409182,0.921437,0.030902,1.022188,-0.114981,-0.014228,0.419029,-0.921441,0.088762,1.797077,0.114977,0.133892,2.400236
65,0.129000,0.921441,-0.088764,1.028627,-0.114977,-0.133893,0.425468,-0.921437,-0.030904,1.803516,0.114981,0.014225,2.406675,0.921437,0.030902,1.019681,-0.114981,-0.014227,0.416522,-0.921441,0.088762,1.794570,0.114977,0.133891,2.397729
66,0.131000,0.921441,-0.088764,1.026082,-0.114977,-0.133892,0.422923,-0.921437,-0.030904,1.800971,0.114982,0.014224,2.404130,0.921437,0.030902,1.017136,-0.114982,-0.014226,0.413977,-0.921441,0.088762,1.792025,0.114977,0.133890,2.395184
67,0.133000,0.921441,-0.088764,1.023497,-0.114977,-0.133891,0.420339,-0.921437,-0.030904,1.798387,0.114982,0.014223,2.401546,0.921437,0.030902,1.014552,-0.114982,-0.014225,0.411393,-0.921441,0.088762,1.789442,0.114978,0.133889,2.392600
68,0.135000,0.921441,-0.088764,1.020874,-0.114978,-0.133890,0.417716,-0.921436,-0.030904,1.795765,0.114982,0.014221,2.398923,0.921437,0.030902,1.011929,-0.114982,-0.014223,0.408771,-0.921441,0.088762,1.786819,0.114978,0.133888,2.389978
69,0.137000,0.921441,-0.088764,1.018213,-0.114978,-0.133888,0.415055,-0.921436,-0.030904,1.793104,0.114983,0.014220,2.396262,0.921436,0.030902,1.009268,-0.114982,-0.014222,0.406110,-0.921441,0.088762,1.784159,0.114978,0.133886,2.387317
70,0.139000,0.921441,-0.088764,1.015513,-0.114979,-0.133887,0.412355,-0.921436,-0.030905,1.790405,0.114983,0.014219,2.393563,0.921436,0.030902,1.006568,-0.114983,-0.014221,0.403410,-0.921440,0.088762,1.781460,0.114979,0.133885,2.384617
71,0.141000,0.921440,-0.088764,1.012775,-0.114979,-0.133886,0.409617,-0.921436,-0.030905,1.787667,0.114983,0.014217,2.390825,0.921436,0.030902,1.003830,-0.114983,-0.014220,0.400672,-0.921440,0.088761,1.778722,0.114979,0.133883,2.381880
72,0.143000,0.921440,-0.088764,1.009998,-0.114979,-0.133884,0.406841,-0.921436,-0.030905,1.784891,0.114984,0.014216,2.388048,0.921436,0.030902,1.001053,-0.114983,-0.014218,0.397896,-0.921440,0.088761,1.775946,0.114980,0.133882,2.379103
73,0.145000,0.921440,-0.088764,1.007182,-0.114980,-0.133883,0.404026,-0.921436,-0.030905,1.782076,0.114984,0.014214,2.385233,0.921436,0.030902,0.998238,-0.114984,-0.014217,0.395081,-0.921440,0.088761,1.773132,0.114980,0.133880,2.376289
74,0.147000,0.921440,-0.088764,1.004329,-0.114980,-0.133881,0.401172,-0.921436,-0.030905,1.779224,0.114984,0.014212,2.382380,0.921436,0.030902,0.995384,-0.114984,-0.014215,0.392228,-0.921440,0.088761,1.770279,0.114980,0.133879,2.373436
75,0.149000,0.921440,-0.088764,1.001437,-0.114981,-0.133880,0.398280,-0.921436,-0.030905,1.776332,0.114985,0.014211,2.379488,0.921436,0.030902,0.992492,-0.114985,-0.014214,0.389336,-0.921439,0.088761,1.767388,0.114981,0.133877,2.370544
76,0.151000,0.921439,-0.088764,0.998506,-0.114981,-0.133878,0.395350,-0.921435,-0.030905,1.773402,0.114985,0.014209,2.376558,0.921436,0.030902,0.989562,-0.114985,-0.014212,0.386406,-0.921439,0.088761,1.764458,0.114981,0.133875,2.367614
77,0.153000,0.921439,-0.088764,0.995537,-0.114982,-0.133877,0.392382,-0.921435,-0.030905,1.770434,0.114986,0.014207,2.373590,0.921435,0.030902,0.986593,-0.114985,-0.014210,0.383438,-0.921439,0.088761,1.761490,0.114982,0.133873,2.364646
78,0.155000,0.921439,-0.088764,0.992530,-0.114982,-0.133875,0.389375,-0.921435,-0.030906,1.767428,0.114986,0.014205,2.370583,0.921435,0.030902,0.983586,-0.114986,-0.014209,0.380431,-0.921439,0.088761,1.758484,0.114982,0.133871,2.361639
79,0.157000,0.921439,-0.088764,0.989484,-0.114983,-0.133873,0.386329,-0.921435,-0.030906,1.764383,0.114987,0.014203,2.367538,0.921435,0.030902,0.980541,-0.114986,-0.014207,0.377386,-0.921439,0.088760,1.755440,0.114983,0.133869,2.358594
80,0.159000,0.921439,-0.088764,0.986400,-0.114983,-0.133871,0.383246,-0.921435,-0.030906,1.761300,0.114987,0.014201,2.364455,0.921435,0.030902,0.977457,-0.114987,-0.014205,0.374303,-0.921438,0.088760,1.752357,0.114984,0.133867,2.355511
81,0.161000,0.921438,-0.088764,0.983278,-0.114984,-0.133869,0.380124,-0.921435,-0.030906,1.758179,0.114988,0.014199,2.361333,0.921435,0.030902,0.974335,-0.114987,-0.014203,0.371181,-0.921438,0.088760,1.749236,0.114984,0.133865,2.352390
82,0.163000,0.921438,-0.088764,0.980117,-0.114985,-0.133867,0.376964,-0.921434,-0.030906,1.755020,0.114988,0.014197,2.358173,0.921435,0.030902,0.971175,-0.114988,-0.014201,0.368021,-0.921438,0.088760,1.746077,0.114985,0.133863,2.349230
83,0.165000,0.921438,-0.088764,0.976919,-0.114985,-0.133865,0.373766,-0.921434,-0.030906,1.751822,0.114989,0.014194,2.354975,0.921434,0.030902,0.967976,-0.114988,-0.014199,0.364823,-0.921437,0.088760,1.742880,0.114985,0.133861,2.346033
84,0.167000,0.921437,-0.088764,0.973682,-0.114986,-0.133863,0.370529,-0.921434,-0.030907,1.748586,0.114989,0.014192,2.351739,0.921434,0.030902,0.964739,-0.114989,-0.014196,0.361587,-0.921437,0.088760,1.739644,0.114986,0.133858,2.342797
85,0.169000,0.921437,-0.088764,0.970407,-0.114987,-0.133860,0.367255,-0.921434,-0.030907,1.745312,0.114990,0.014190,2.348464,0.921434,0.030902,0.961465,-0.114990,-0.014194,0.358313,-0.921437,0.088760,1.736370,0.114987,0.133856,2.339522
86,0.171000,0.921437,-0.088764,0.967093,-0.114987,-0.133858,0.363942,-0.921434,-0.030907,1.742000,0.114991,0.014187,2.345152,0.921434,0.030902,0.958152,-0.114990,-0.014192,0.355000,-0.921437,0.088759,1.733059,0.114988,0.133853,2.336210
87,0.173000,0.921437,-0.088764,0.963742,-0.114988,-0.133856,0.360591,-0.921433,-0.030907,1.738650,0.114991,0.014184,2.341801,0.921434,0.030902,0.954800,-0.114991,-0.014189,0.351650,-0.921436,0.088759,1.729709,0.114988,0.133851,2.332860
88,0.175000,0.921436,-0.088764,0.960352,-0.114989,-0.133853,0.357202,-0.921433,-0.030907,1.735262,0.114992,0.014182,2.338412,0.921433,0.030902,0.951411,-0.114991,-0.014187,0.348261,-0.921436,0.088759,1.726321,0.114989,0.133848,2.329471
89,0.177000,0.921436,-0.088764,0.956925,-0.114990,-0.133851,0.353775,-0.921433,-0.030908,1.731836,0.114992,0.014179,2.334986,0.921433,0.030902,0.947984,-0.114992,-0.014184,0.344834,-0.921436,0.088759,1.722895,0.114990,0.133845,2.326045
90,0.179000,0.921436,-0.088764,0.953459,-0.114990,-0.133848,0.350310,-0.921433,-0.030908,1.728372,0.114993,0.014176,2.331521,0.921433,0.030902,0.944519,-0.114993,-0.014181,0.341369,-0.921435,0.088759,1.719431,0.114991,0.133842,2.322580
91,0.181000,0.921435,-0.088764,0.949955,-0.114991,-0.133845,0.346807,-0.921432,-0.030908,1.724869,0.114994,0.014173,2.328018,0.921433,0.030902,0.941015,-0.114994,-0.014179,0.337867,-0.921435,0.088758,1.715929,0.114992,0.133839,2.319078
92,0.183000,0.921435,-0.088764,0.946414,-0.114992,-0.133842,0.343266,-0.921432,-0.030908,1.721329,0.114995,0.014170,2.324477,0.921433,0.030902,0.937474,-0.114994,-0.014176,0.334326,-0.921434,0.088758,1.712389,0.114992,0.133836,2.315537
93,0.185000,0.921434,-0.088764,0.942834,-0.114993,-0.133839,0.339687,-0.921432,-0.030909,1.717751,0.114995,0.014166,2.320898,0.921432,0.030902,0.933894,-0.114995,-0.014173,0.330747,-0.921434,0.088758,1.708812,0.114993,0.133833,2.311959
94,0.187000,0.921434,-0.088764,0.939216,-0.114994,-0.133836,0.336070,-0.921432,-0.030909,1.714135,0.114996,0.014163,2.317281,0.921432,0.030902,0.930277,-0.114996,-0.014170,0.327130,-0.921434,0.088758,1.705196,0.114994,0.133830,2.308342
95,0.189000,0.921434,-0.088764,0.935560,-0.114995,-0.133833,0.332415,-0.921431,-0.030909,1.710481,0.114997,0.014159,2.313627,0.921432,0.030902,0.926622,-0.114997,-0.014166,0.323476,-0.921433,0.088758,1.701542,0.114995,0.133826,2.304688
96,0.191000,0.921433,-0.088764,0.931867,-0.114996,-0.133830,0.328722,-0.921431,-0.030909,1.706789,0.114998,0.014156,2.309934,0.921431,0.030902,0.922929,-0.114997,-0.014163,0.319784,-0.921433,0.088757,1.697851,0.114996,0.133823,2.300996
97,0.193000,0.921433,-0.088765,0.928136,-0.114997,-0.133826,0.324991,-0.921431,-0.030910,1.703060,0.114999,0.014152,2.306204,0.921431,0.030902,0.919198,-0.114998,-0.014160,0.316053,-0.921432,0.088757,1.694122,0.114997,0.133819,2.297266
98,0.195000,0.921432,-0.088765,0.924366,-0.114998,-0.133823,0.321223,-0.921430,-0.030910,1.699292,0.115000,0.014148,2.302436,0.921431,0.030902,0.915429,-0.114999,-0.014156,0.312285,-0.921432,0.088757,1.690355,0.114998,0.133815,2.293498
99,0.197000,0.921432,-0.088765,0.920559,-0.114999,-0.133819,0.317416,-0.921430,-0.030910,1.695487,0.115001,0.014145,2.298630,0.921431,0.030902,0.911622,-0.115000,-0.014153,0.308479,-0.921431,0.088756,1.686550,0.114999,0.133811,2.289693
100,0.199000,0.921431,-0.088765,0.916714,-0.115000,-0.133816,0.313572,-0.921430,-0.030911,1.691644,0.115002,0.014141,2.294786,0.921430,0.030902,0.907778,-0.115001,-0.014149,0.304636,-0.921431,0.088756,1.682707,0.115001,0.133807,2.285850
101,0.201000,0.921431,-0.088765,0.912832,-0.115001,-0.133812,0.309691,-0.921429,-0.030911,1.687763,0.115003,0.014136,2.290905,0.921430,0.030902,0.903896,-0.115002,-0.014145,0.300754,-0.921430,0.088756,1.678827,0.115002,0.133803,2.281969
102,0.203000,0.921430,-0.088765,0.908912,-0.115002,-0.133808,0.305771,-0.921429,-0.030911,1.683845,0.115004,0.014132,2.286986,0.921430,0.030902,0.899976,-0.115003,-0.014141,0.296836,-0.921430,0.088756,1.674910,0.115003,0.133799,2.278050
103,0.205000,0.921430,-0.088765,0.904954,-0.115003,-0.133804,0.301814,-0.921429,-0.030912,1.679889,0.115004,0.014128,2.283029,0.921429,0.030902,0.896019,-0.115004,-0.014137,0.292879,-0.921429,0.088755,1.670954,0.115004,0.133795,2.274094
104,0.207000,0.921429,-0.088765,0.900959,-0.115005,-0.133800,0.297820,-0.921429,-0.030912,1.675896,0.115005,0.014123,2.279035,0.921429,0.030902,0.892024,-0.115005,-0.014133,0.288885,-0.921429,0.088755,1.666961,0.115005,0.133790,2.270100
105,0.209000,0.921429,-0.088765,0.896926,-0.115006,-0.133796,0.293788,-0.921428,-0.030912,1.671865,0.115006,0.014119,2.275003,0.921428,0.030902,0.887992,-0.115006,-0.014129,0.284853,-0.921429,0.088755,1.662931,0.115006,0.133786,2.266069
106,0.211000,0.921428,-0.088765,0.892855,-0.115007,-0.133791,0.289718,-0.921428,-0.030913,1.667797,0.115007,0.014114,2.270934,0.921428,0.030902,0.883922,-0.115007,-0.014124,0.280784,-0.921428,0.088754,1.658863,0.115007,0.133781,2.262000
107,0.213000,0.921427,-0.088765,0.888747,-0.115008,-0.133787,0.285610,-0.921428,-0.030913,1.663691,0.115008,0.014109,2.266827,0.921428,0.030902,0.879814,-0.115008,-0.014120,0.276677,-0.921428,0.088754,1.654758,0.115008,0.133776,2.257894
108,0.215000,0.921427,-0.088765,0.884601,-0.115010,-0.133782,0.281466,-0.921428,-0.030913,1.659547,0.115009,0.014104,2.262683,0.921427,0.030902,0.875669,-0.115009,-0.014115,0.272533,-0.921427,0.088754,1.650615,0.115009,0.133771,2.253750
109,0.217000,0.921426,-0.088765,0.880418,-0.115011,-0.133777,0.277283,-0.921427,-0.030914,1.655366,0.115010,0.014099,2.258501,0.921427,0.030902,0.871486,-0.115011,-0.014110,0.268351,-0.921427,0.088754,1.646434,0.115011,0.133766,2.249569
110,0.219000,0.921425,-0.088765,0.876197,-0.115013,-0.133772,0.273063,-0.921427,-0.030914,1.651148,0.115011,0.014094,2.254281,0.921426,0.030902,0.867266,-0.115012,-0.014105,0.264132,-0.921426,0.088753,1.642216,0.115012,0.133761,2.245350
111,0.221000,0.921425,-0.088765,0.871939,-0.115014,-0.133767,0.268806,-0.921427,-0.030914,1.646892,0.115012,0.014088,2.250025,0.921426,0.030902,0.863008,-0.115013,-0.014100,0.259876,-0.921426,0.088753,1.637961,0.115013,0.133755,2.241094
112,0.223000,0.921424,-0.088765,0.867643,-0.115016,-0.133762,0.264512,-0.921426,-0.030915,1.642599,0.115014,0.014082,2.245731,0.921425,0.030902,0.858713,-0.115015,-0.014095,0.255582,-0.921425,0.088752,1.633669,0.115015,0.133750,2.236800
113,0.225000,0.921423,-0.088765,0.863310,-0.115017,-0.133757,0.260180,-0.921426,-0.030915,1.638268,0.115015,0.014077,2.241399,0.921425,0.030903,0.854381,-0.115016,-0.014089,0.251250,-0.921424,0.088752,1.629339,0.115016,0.133744,2.232470
114,0.227000,0.921422,-0.088765,0.858940,-0.115019,-0.133751,0.255810,-0.921425,-0.030916,1.633901,0.115016,0.014071,2.237030,0.921424,0.030903,0.850011,-0.115017,-0.014084,0.246881,-0.921424,0.088752,1.624972,0.115018,0.133738,2.228101
115,0.229000,0.921422,-0.088765,0.854532,-0.115021,-0.133746,0.251404,-0.921425,-0.030916,1.629496,0.115017,0.014065,2.232624,0.921424,0.030903,0.845604,-0.115019,-0.014078,0.242476,-0.921423,0.088751,1.620568,0.115019,0.133732,2.223696
116,0.231000,0.921421,-0.088765,0.850087,-0.115023,-0.133740,0.246960,-0.921425,-0.030917,1.625054,0.115019,0.014059,2.228181,0.921423,0.030903,0.841159,-0.115020,-0.014072,0.238032,-0.921422,0.088751,1.616126,0.115021,0.133726,2.219253
117,0.233000,0.921420,-0.088765,0.845604,-0.115024,-0.133734,0.242479,-0.921424,-0.030917,1.620574,0.115020,0.014052,2.223700,0.921423,0.030903,0.836678,-0.115022,-0.014067,0.233552,-0.921422,0.088751,1.611648,0.115023,0.133720,2.214773
118,0.235000,0.921419,-0.088765,0.841085,-0.115026,-0.133728,0.237960,-0.921424,-0.030917,1.616058,0.115022,0.014046,2.219182,0.921422,0.030903,0.832159,-0.115023,-0.014060,0.229034,-0.921421,0.088750,1.607132,0.115024,0.133713,2.210256
119,0.237000,0.921418,-0.088765,0.836528,-0.115028,-0.133722,0.233405,-0.921423,-0.030918,1.611504,0.115023,0.014039,2.214627,0.921421,0.030903,0.827603,-0.115025,-0.014054,0.224480,-0.921420,0.088750,1.602579,0.115026,0.133707,2.205702
120,0.239000,0.921417,-0.088765,0.831934,-0.115030,-0.133716,0.228812,-0.921423,-0.030918,1.606914,0.115025,0.014032,2.210035,0.921421,0.030903,0.823010,-0.115027,-0.014048,0.219888,-0.921420,0.088749,1.597989,0.115028,0.133700,2.201111
121,0.241000,0.921416,-0.088765,0.827303,-0.115032,-0.133709,0.224183,-0.921422,-0.030919,1.602286,0.115026,0.014025,2.205406,0.921420,0.030903,0.818379,-0.115029,-0.014041,0.215259,-0.921419,0.088749,1.593362,0.115030,0.133693,2.196483
122,0.243000,0.921416,-0.088765,0.822635,-0.115034,-0.133702,0.219516,-0.921422,-0.030919,1.597621,0.115028,0.014018,2.200740,0.921419,0.030903,0.813712,-0.115030,-0.014035,0.210593,-0.921418,0.088748,1.588698,0.115032,0.133686,2.191817
123,0.245000,0.921415,-0.088765,0.817930,-0.115036,-0.133696,0.214812,-0.921421,-0.030920,1.592920,0.115029,0.014011,2.196037,0.921419,0.030903,0.809008,-0.115032,-0.014028,0.205890,-0.921417,0.088748,1.583997,0.115034,0.133678,2.187115
124,0.247000,0.921414,-0.088765,0.813187,-0.115039,-0.133688,0.210071,-0.921421,-0.030920,1.588181,0.115031,0.014003,2.191297,0.921418,0.030903,0.804266,-0.115034,-0.014021,0.201150,-0.921416,0.088748,1.579260,0.115036,0.133671,2.182376
125,0.249000,0.921413,-0.088765,0.808408,-0.115041,-0.133681,0.205294,-0.921420,-0.030921,1.583406,0.115033,0.013995,2.186520,0.921417,0.030903,0.799488,-0.115036,-0.014013,0.196373,-0.921415,0.088747,1.574485,0.115038,0.133663,2.177600
126,0.251000,0.921412,-0.088765,0.803592,-0.115043,-0.133674,0.200479,-0.921420,-0.030921,1.578593,0.115035,0.013987,2.181706,0.921417,0.030903,0.794672,-0.115038,-0.014006,0.191560,-0.921414,0.088747,1.569674,0.115040,0.133656,2.172787
127,0.253000,0.921411,-0.088765,0.798739,-0.115045,-0.133666,0.195628,-0.921419,-0.030922,1.573744,0.115037,0.013979,2.176855,0.921416,0.030903,0.789820,-0.115040,-0.013998,0.186709,-0.921413,0.088746,1.564826,0.115043,0.133648,2.167937
128,0.255000,0.921418,-0.088762,0.794028,-0.115038,-0.133657,0.190915,-0.921412,-0.030921,1.569032,0.115043,0.013974,2.172144,0.921424,0.030906,0.785110,-0.115032,-0.013989,0.181998,-0.921407,0.088747,1.560114,0.115049,0.133642,2.163226
129,0.257000,0.921425,-0.088778,0.789605,-0.115030,-0.133798,0.186501,-0.921406,-0.030945,1.564608,0.115049,0.014074,2.167712,0.921424,0.030889,0.780673,-0.115031,-0.014131,0.177569,-0.921407,0.088722,1.555676,0.115048,0.133741,2.158781
130,0.259000,0.921475,-0.088774,0.785469,-0.114950,-0.133913,0.182323,-0.921394,-0.030935,1.560381,0.115032,0.014204,2.163527,0.921470,0.030892,0.776523,-0.114956,-0.014247,0.173377,-0.921399,0.088731,1.551435,0.115026,0.133870,2.154581
131,0.261000,0.921550,-0.088775,0.781802,-0.114823,-0.134207,0.178588,-0.921387,-0.030972,1.556556,0.114985,0.014460,2.159771,0.921529,0.030889,0.772825,-0.114843,-0.014543,0.169611,-0.921408,0.088691,1.547579,0.114965,0.134124,2.150794
132,0.263000,0.921668,-0.088764,0.778632,-0.114619,-0.134512,0.175295,-0.921378,-0.030956,1.553125,0.114910,0.014792,2.156462,0.921634,0.030897,0.769618,-0.114653,-0.014851,0.166281,-0.921412,0.088705,1.544111,0.114875,0.134453,2.147448
133,0.265000,0.921792,-0.088741,0.775859,-0.114401,-0.134827,0.172385,-0.921375,-0.030914,1.550063,0.114818,0.015173,2.153536,0.921743,0.030917,0.766805,-0.114450,-0.015169,0.163331,-0.921423,0.088744,1.541009,0.114769,0.134831,2.144482
134,0.267000,0.921933,-0.088711,0.773494,-0.114145,-0.135169,0.169851,-0.921382,-0.030862,1.547345,0.114696,0.015596,2.150988,0.921869,0.030943,0.764396,-0.114209,-0.015514,0.160753,-0.921446,0.088793,1.538246,0.114632,0.135251,2.141889
135,0.269000,0.922052,-0.088661,0.771410,-0.113938,-0.135493,0.167646,-0.921374,-0.030807,1.544994,0.114616,0.016025,2.148758,0.921971,0.030990,0.762268,-0.114019,-0.015842,0.158504,-0.921455,0.088844,1.535853,0.114535,0.135676,2.139617
136,0.271000,0.922191,-0.088588,0.769673,-0.113697,-0.135807,0.165763,-0.921367,-0.030742,1.542945,0.114520,0.016477,2.146855,0.922092,0.031060,0.760488,-0.113795,-0.016159,0.156577,-0.921466,0.088906,1.533759,0.114421,0.136125,2.137669
137,0.273000,0.922300,-0.088501,0.768166,-0.113507,-0.136097,0.164147,-0.921360,-0.030659,1.541193,0.114447,0.016936,2.145212,0.922184,0.031143,0.758937,-0.113623,-0.016453,0.154918,-0.921476,0.088985,1.531964,0.114331,0.136581,2.135983
138,0.275000,0.922299,-0.088395,0.767268,-0.113508,-0.136418,0.163284,-0.921360,-0.030536,1.540297,0.114448,0.017487,2.144281,0.922163,0.031246,0.757989,-0.113644,-0.016777,0.154005,-0.921496,0.089105,1.531018,0.114312,0.137128,2.135002
139,0.277000,0.922213,-0.088271,0.766780,-0.113662,-0.136723,0.162947,-0.921359,-0.030377,1.540015,0.114516,0.018075,2.143848,0.922056,0.031365,0.757449,-0.113819,-0.017087,0.153616,-0.921516,0.089260,1.530684,0.114359,0.137712,2.134517
140,0.279000,0.922111,-0.088123,0.766576,-0.113843,-0.136955,0.162909,-0.921359,-0.030200,1.540051,0.114595,0.018632,2.143719,0.921936,0.031510,0.757200,-0.114018,-0.017322,0.153532,-0.921534,0.089433,1.530674,0.114419,0.138265,2.134342
141,0.281000,0.922028,-0.087958,0.766555,-0.113988,-0.137116,0.163019,-0.921363,-0.030010,1.540217,0.114653,0.019148,2.143753,0.921836,0.031672,0.757139,-0.114179,-0.017486,0.153604,-0.921554,0.089620,1.530802,0.114461,0.138778,2.134337
142,0.283000,0.921961,-0.087780,0.766647,-0.114101,-0.137231,0.163215,-0.921369,-0.029812,1.540451,0.114693,0.019638,2.143883,0.921756,0.031847,0.757196,-0.114306,-0.017603,0.153764,-0.921575,0.089815,1.531000,0.114487,0.139266,2.134432
143,0.285000,0.921905,-0.087595,0.766825,-0.114193,-0.137315,0.163478,-0.921379,-0.029607,1.540740,0.114719,0.020113,2.144087,0.921686,0.032030,0.757342,-0.114412,-0.017690,0.153994,-0.921597,0.090018,1.531256,0.114501,0.139737,2.134604
144,0.287000,0.921857,-0.087403,0.767073,-0.114268,-0.137374,0.163793,-0.921391,-0.029396,1.541071,0.114735,0.020575,2.144351,0.921627,0.032219,0.757560,-0.114499,-0.017752,0.154280,-0.921621,0.090226,1.531558,0.114504,0.140197,2.134838
145,0.289000,0.921817,-0.087206,0.767377,-0.114329,-0.137412,0.164151,-0.921405,-0.029181,1.541436,0.114741,0.021026,2.144662,0.921575,0.032414,0.757835,-0.114570,-0.017793,0.154609,-0.921646,0.090439,1.531894,0.114500,0.140646,2.135120
146,0.291000,0.921782,-0.087004,0.767726,-0.114378,-0.137434,0.164543,-0.921420,-0.028960,1.541829,0.114740,0.021470,2.145012,0.921531,0.032613,0.758157,-0.114630,-0.017817,0.154975,-0.921672,0.090657,1.532261,0.114489,0.141087,2.135443
147,0.293000,0.921753,-0.086798,0.768114,-0.114418,-0.137442,0.164967,-0.921436,-0.028737,1.542248,0.114734,0.021906,2.145395,0.921491,0.032817,0.758520,-0.114679,-0.017826,0.155372,-0.921698,0.090878,1.532654,0.114473,0.141521,2.135801
148,0.295000,0.921726,-0.086589,0.768534,-0.114451,-0.137435,0.165416,-0.921453,-0.028509,1.542690,0.114724,0.022337,2.145808,0.921455,0.033024,0.758915,-0.114722,-0.017822,0.155797,-0.921724,0.091104,1.533071,0.114453,0.141950,2.136189
149,0.297000,0.921703,-0.086376,0.768981,-0.114479,-0.137422,0.165887,-0.921470,-0.028281,1.543150,0.114711,0.022765,2.146244,0.921423,0.033235,0.759338,-0.114759,-0.017810,0.156245,-0.921750,0.091331,1.533507,0.114431,0.142376,2.136601
150,0.299000,0.921681,-0.086163,0.769450,-0.114503,-0.137401,0.166377,-0.921488,-0.028048,1.543627,0.114696,0.023190,2.146700,0.921392,0.033447,0.759783,-0.114792,-0.017791,0.156711,-0.921777,0.091561,1.533961,0.114408,0.142800,2.137033
151,0.301000,0.921660,-0.085946,0.769935,-0.114526,-0.137370,0.166881,-0.921506,-0.027812,1.544117,0.114680,0.023612,2.147171,0.921363,0.033662,0.760246,-0.114823,-0.017762,0.157192,-0.921803,0.091796,1.534429,0.114383,0.143220,2.137483
152,0.303000,0.921639,-0.085727,0.770433,-0.114548,-0.137337,0.167396,-0.921526,-0.027578,1.544618,0.114661,0.024033,2.147655,0.921333,0.033879,0.760722,-0.114854,-0.017731,0.157685,-0.921832,0.092028,1.534907,0.114355,0.143639,2.137943
153,0.305000,0.921613,-0.085507,0.770931,-0.114580,-0.137297,0.167920,-0.921544,-0.027338,1.545134,0.114649,0.024452,2.148145,0.921299,0.034098,0.761198,-0.114894,-0.017693,0.158187,-0.921857,0.092267,1.535401,0.114335,0.144057,2.138412
154,0.307000,0.921589,-0.085285,0.771438,-0.114608,-0.137256,0.168450,-0.921561,-0.027097,1.545654,0.114636,0.024874,2.148642,0.921268,0.034317,0.761683,-0.114929,-0.017654,0.158695,-0.921883,0.092506,1.535899,0.114314,0.144476,2.138887
155,0.309000,0.921568,-0.085064,0.771952,-0.114632,-0.137214,0.168984,-0.921579,-0.026855,1.546176,0.114621,0.025295,2.149144,0.921238,0.034537,0.762174,-0.114962,-0.017614,0.159206,-0.921908,0.092745,1.536399,0.114291,0.144896,2.139366
156,0.311000,0.921542,-0.084840,0.772460,-0.114664,-0.137168,0.169518,-0.921596,-0.026614,1.546703,0.114610,0.025715,2.149645,0.921204,0.034759,0.762661,-0.115002,-0.017569,0.159719,-0.921934,0.092985,1.536904,0.114272,0.145313,2.139846
157,0.313000,0.921518,-0.084615,0.772971,-0.114693,-0.137122,0.170053,-0.921613,-0.026372,1.547229,0.114598,0.026135,2.150147,0.921172,0.034982,0.763150,-0.115039,-0.017525,0.160232,-0.921959,0.093225,1.537408,0.114252,0.145732,2.140326
158,0.315000,0.921490,-0.084389,0.773473,-0.114729,-0.137073,0.170585,-0.921631,-0.026127,1.547756,0.114588,0.026557,2.150645,0.921135,0.035207,0.763631,-0.115083,-0.017478,0.160742,-0.921985,0.093468,1.537914,0.114234,0.146153,2.140803
159,0.317000,0.921465,-0.084163,0.773975,-0.114760,-0.137024,0.171114,-0.921645,-0.025880,1.548279,0.114580,0.026981,2.151140,0.921103,0.035431,0.764111,-0.115122,-0.017431,0.161250,-0.922007,0.093713,1.538415,0.114218,0.146574,2.141276
160,0.319000,0.921436,-0.083936,0.774467,-0.114799,-0.136973,0.171637,-0.921662,-0.025632,1.548799,0.114573,0.027405,2.151629,0.921066,0.035656,0.764581,-0.115169,-0.017381,0.161751,-0.922032,0.093959,1.538913,0.114203,0.146996,2.141743
161,0.321000,0.921411,-0.083708,0.774955,-0.114832,-0.136921,0.172153,-0.921677,-0.025385,1.549310,0.114566,0.027828,2.152112,0.921033,0.035881,0.765048,-0.115209,-0.017331,0.162246,-0.922055,0.094205,1.539403,0.114188,0.147417,2.142205
162,0.323000,0.921387,-0.083480,0.775438,-0.114862,-0.136874,0.172663,-0.921692,-0.025138,1.549813,0.114557,0.028256,2.152587,0.921001,0.036107,0.765509,-0.115248,-0.017286,0.162734,-0.922078,0.094450,1.539883,0.114171,0.147844,2.142658
163,0.325000,0.921359,-0.083250,0.775907,-0.114899,-0.136821,0.173163,-0.921707,-0.024890,1.550310,0.114551,0.028681,2.153053,0.920965,0.036336,0.765956,-0.115293,-0.017235,0.163213,-0.922102,0.094696,1.540359,0.114156,0.148267,2.143102
164,0.327000,0.921330,-0.083021,0.776364,-0.114939,-0.136765,0.173654,-0.921723,-0.024639,1.550798,0.114545,0.029105,2.153508,0.920928,0.036563,0.766392,-0.115341,-0.017181,0.163682,-0.922125,0.094945,1.540826,0.114143,0.148689,2.143536
165,0.329000,0.921305,-0.082791,0.776815,-0.114971,-0.136718,0.174135,-0.921737,-0.024392,1.551274,0.114540,0.029535,2.153954,0.920895,0.036791,0.766821,-0.115382,-0.017136,0.164141,-0.922147,0.095191,1.541280,0.114129,0.149117,2.143960
166,0.331000,0.921276,-0.082561,0.777251,-0.115010,-0.136664,0.174604,-0.921752,-0.024140,1.551741,0.114535,0.029963,2.154388,0.920858,0.037020,0.767235,-0.115428,-0.017084,0.164588,-0.922170,0.095440,1.541725,0.114116,0.149544,2.144372
167,0.333000,0.921252,-0.082329,0.777680,-0.115042,-0.136615,0.175062,-0.921765,-0.023892,1.552194,0.114529,0.030394,2.154811,0.920825,0.037250,0.767642,-0.115469,-0.017036,0.165024,-0.922192,0.095687,1.542156,0.114102,0.149972,2.144773
168,0.335000,0.921228,-0.082097,0.778098,-0.115073,-0.136564,0.175509,-0.921780,-0.023641,1.552634,0.114522,0.030826,2.155223,0.920793,0.037479,0.768038,-0.115508,-0.016987,0.165449,-0.922215,0.095936,1.542574,0.114086,0.150402,2.145163
169,0.337000,0.921200,-0.081867,0.778498,-0.115110,-0.136509,0.175941,-0.921795,-0.023387,1.553063,0.114516,0.031256,2.155620,0.920757,0.037708,0.768417,-0.115553,-0.016934,0.165860,-0.922238,0.096188,1.542981,0.114073,0.150831,2.145538
170,0.339000,0.921177,-0.081634,0.778890,-0.115141,-0.136463,0.176362,-0.921808,-0.023138,1.553477,0.114510,0.031691,2.156005,0.920726,0.037939,0.768785,-0.115592,-0.016890,0.166258,-0.922259,0.096435,1.543372,0.114058,0.151264,2.145900
171,0.341000,0.921150,-0.081401,0.779265,-0.115176,-0.136410,0.176769,-0.921822,-0.022884,1.553879,0.114504,0.032125,2.156375,0.920691,0.038170,0.769138,-0.115636,-0.016839,0.166642,-0.922282,0.096687,1.543753,0.114044,0.151696,2.146249
172,0.343000,0.921128,-0.081169,0.779630,-0.115205,-0.136362,0.177162,-0.921835,-0.022631,1.554265,0.114498,0.032562,2.156733,0.920660,0.038400,0.769481,-0.115673,-0.016793,0.167013,-0.922303,0.096938,1.544116,0.114030,0.152131,2.146584
173,0.345000,0.921107,-0.080935,0.779984,-0.115232,-0.136314,0.177542,-0.921849,-0.022380,1.554636,0.114489,0.032999,2.157078,0.920630,0.038632,0.769813,-0.115708,-0.016746,0.167371,-0.922326,0.097187,1.544464,0.114012,0.152566,2.146906
174,0.347000,0.921083,-0.080701,0.780321,-0.115262,-0.136262,0.177908,-0.921863,-0.022126,1.554995,0.114482,0.033435,2.157408,0.920598,0.038865,0.770127,-0.115747,-0.016697,0.167714,-0.922348,0.097439,1.544801,0.113998,0.153001,2.147214
175,0.349000,0.921062,-0.080468,0.780648,-0.115287,-0.136218,0.178260,-0.921877,-0.021873,1.555336,0.114473,0.033877,2.157724,0.920569,0.039096,0.770431,-0.115781,-0.016655,0.168043,-0.922370,0.097691,1.545120,0.113980,0.153441,2.147507
176,0.351000,0.921040,-0.080234,0.780958,-0.115316,-0.136168,0.178598,-0.921890,-0.021617,1.555666,0.114466,0.034318,2.158026,0.920538,0.039328,0.770718,-0.115818,-0.016607,0.168358,-0.922392,0.097944,1.545427,0.113965,0.153879,2.147786
177,0.353000,0.921020,-0.079999,0.781258,-0.115339,-0.136125,0.178922,-0.921904,-0.021364,1.555979,0.114456,0.034762,2.158314,0.920510,0.039560,0.770995,-0.115850,-0.016566,0.168660,-0.922414,0.098195,1.545716,0.113946,0.154321,2.148051
178,0.355000,0.920999,-0.079765,0.781541,-0.115366,-0.136079,0.179233,-0.921917,-0.021108,1.556279,0.114448,0.035206,2.158588,0.920480,0.039792,0.771256,-0.115885,-0.016521,0.168947,-0.922436,0.098449,1.545993,0.113929,0.154763,2.148302
179,0.357000,0.920981,-0.079529,0.781815,-0.115387,-0.136037,0.179530,-0.921931,-0.020854,1.556563,0.114437,0.035653,2.158849,0.920454,0.040026,0.771506,-0.115914,-0.016482,0.169220,-0.922458,0.098701,1.546254,0.113910,0.155208,2.148539
180,0.359000,0.920961,-0.079294,0.782072,-0.115413,-0.135991,0.179813,-0.921944,-0.020598,1.556835,0.114429,0.036100,2.159095,0.920424,0.040259,0.771740,-0.115949,-0.016438,0.169480,-0.922480,0.098956,1.546503,0.113893,0.155653,2.148762
181,0.361000,0.920943,-0.079058,0.782319,-0.115433,-0.135952,0.180083,-0.921956,-0.020343,1.557092,0.114420,0.036550,2.159328,0.920398,0.040493,0.771963,-0.115978,-0.016401,0.169727,-0.922501,0.099208,1.546736,0.113875,0.156101,2.148972
182,0.363000,0.920928,-0.078822,0.782556,-0.115449,-0.135911,0.180340,-0.921969,-0.020087,1.557333,0.114408,0.037001,2.159549,0.920374,0.040727,0.772176,-0.116003,-0.016362,0.169960,-0.922523,0.099461,1.546953,0.113854,0.156550,2.149169
183,0.365000,0.920913,-0.078586,0.782782,-0.115464,-0.135870,0.180585,-0.921983,-0.019830,1.557560,0.114394,0.037454,2.159757,0.920350,0.040961,0.772378,-0.116027,-0.016323,0.170181,-0.922546,0.099717,1.547156,0.113831,0.157001,2.149353
184,0.367000,0.920896,-0.078350,0.782990,-0.115484,-0.135832,0.180816,-0.921996,-0.019574,1.557777,0.114384,0.037909,2.159951,0.920324,0.041195,0.772562,-0.116055,-0.016288,0.170388,-0.922567,0.099971,1.547349,0.113812,0.157454,2.149523
185,0.369000,0.920882,-0.078112,0.783191,-0.115498,-0.135795,0.181036,-0.922009,-0.019316,1.557979,0.114371,0.038366,2.160134,0.920301,0.041430,0.772738,-0.116078,-0.016253,0.170584,-0.922589,0.100226,1.547527,0.113791,0.157909,2.149682
186,0.371000,0.920869,-0.077875,0.783380,-0.115510,-0.135757,0.181244,-0.922022,-0.019059,1.558168,0.114357,0.038824,2.160305,0.920279,0.041666,0.772904,-0.116099,-0.016217,0.170767,-0.922611,0.100481,1.547691,0.113768,0.158364,2.149828
187,0.373000,0.920852,-0.077637,0.783554,-0.115528,-0.135723,0.181439,-0.922035,-0.018801,1.558347,0.114345,0.039284,2.160462,0.920254,0.041901,0.773053,-0.116126,-0.016184,0.170938,-0.922634,0.100737,1.547846,0.113746,0.158822,2.149961
188,0.375000,0.920839,-0.077399,0.783720,-0.115540,-0.135688,0.181624,-0.922048,-0.018542,1.558513,0.114332,0.039747,2.160609,0.920231,0.042137,0.773194,-0.116148,-0.016152,0.171098,-0.922655,0.100994,1.547987,0.113724,0.159283,2.150083
189,0.377000,0.920828,-0.077160,0.783877,-0.115550,-0.135656,0.181798,-0.922061,-0.018283,1.558665,0.114317,0.040212,2.160745,0.920211,0.042373,0.773326,-0.116167,-0.016122,0.171247,-0.922678,0.101250,1.548114,0.113700,0.159746,2.150194
190,0.379000,0.920817,-0.076921,0.784025,-0.115558,-0.135624,0.181961,-0.922073,-0.018024,1.558807,0.114303,0.040679,2.160871,0.920191,0.042610,0.773448,-0.116184,-0.016093,0.171385,-0.922699,0.101507,1.548231,0.113676,0.160210,2.150294
191,0.381000,0.920808,-0.076681,0.784163,-0.115564,-0.135594,0.182115,-0.922085,-0.017764,1.558938,0.114287,0.041148,2.160986,0.920172,0.042848,0.773562,-0.116200,-0.016065,0.171513,-0.922721,0.101765,1.548336,0.113651,0.160677,2.150384
192,0.383000,0.920798,-0.076442,0.784292,-0.115570,-0.135564,0.182259,-0.922098,-0.017503,1.559057,0.114271,0.041619,2.161091,0.920153,0.043085,0.773665,-0.116215,-0.016037,0.171631,-0.922743,0.102024,1.548430,0.113626,0.161146,2.150464
193,0.385000,0.920789,-0.076201,0.784413,-0.115575,-0.135536,0.182393,-0.922110,-0.017243,1.559167,0.114254,0.042092,2.161187,0.920135,0.043323,0.773760,-0.116230,-0.016011,0.171740,-0.922765,0.102282,1.548514,0.113600,0.161616,2.150534
194,0.387000,0.920781,-0.075961,0.784525,-0.115579,-0.135508,0.182518,-0.922123,-0.016980,1.559268,0.114238,0.042567,2.161274,0.920117,0.043561,0.773845,-0.116243,-0.015986,0.171839,-0.922787,0.102542,1.548589,0.113573,0.162089,2.150595
195,0.389000,0.920773,-0.075719,0.784628,-0.115582,-0.135481,0.182635,-0.922135,-0.016718,1.559359,0.114221,0.043044,2.161352,0.920100,0.043801,0.773923,-0.116256,-0.015962,0.171930,-0.922809,0.102801,1.548654,0.113547,0.162563,2.150647
196,0.391000,0.920766,-0.075477,0.784725,-0.115585,-0.135456,0.182745,-0.922147,-0.016455,1.559442,0.114203,0.043523,2.161422,0.920082,0.044040,0.773993,-0.116268,-0.015938,0.172013,-0.922831,0.103062,1.548711,0.113520,0.163040,2.150691
197,0.393000,0.920759,-0.075234,0.784814,-0.115586,-0.135431,0.182846,-0.922159,-0.016192,1.559517,0.114186,0.044005,2.161484,0.920066,0.044280,0.774056,-0.116279,-0.015916,0.172088,-0.922853,0.103323,1.548759,0.113493,0.163519,2.150726
198,0.395000,0.920753,-0.074991,0.784896,-0.115587,-0.135407,0.182941,-0.922171,-0.015927,1.559584,0.114169,0.044489,2.161539,0.920050,0.044521,0.774111,-0.116290,-0.015895,0.172157,-0.922874,0.103585,1.548800,0.113465,0.164001,2.150754
199,0.397000,0.920747,-0.074747,0.784971,-0.115587,-0.135385,0.183029,-0.922183,-0.015663,1.559644,0.114151,0.044975,2.161587,0.920034,0.044763,0.774160,-0.116300,-0.015875,0.172218,-0.922896,0.103847,1.548833,0.113438,0.164485,2.150775
200,0.399000,0.920741,-0.074503,0.785041,-0.115587,-0.135363,0.183111,-0.922195,-0.015397,1.559698,0.114133,0.045464,2.161628,0.920018,0.045005,0.774203,-0.116310,-0.015856,0.172272,-0.922918,0.104111,1.548859,0.113410,0.164971,2.150790
201,0.401000,0.920736,-0.074257,0.785105,-0.115586,-0.135343,0.183187,-0.922207,-0.015131,1.559745,0.114115,0.045955,2.161663,0.920003,0.045248,0.774239,-0.116319,-0.015838,0.172321,-0.922940,0.104374,1.548879,0.113382,0.165460,2.150797
202,0.403000,0.920731,-0.074011,0.785163,-0.115584,-0.135324,0.183257,-0.922219,-0.014864,1.559785,0.114097,0.046449,2.161692,0.919987,0.045491,0.774270,-0.116328,-0.015822,0.172363,-0.922962,0.104638,1.548892,0.113353,0.165951,2.150799
203,0.405000,0.920726,-0.073764,0.785216,-0.115582,-0.135305,0.183321,-0.922230,-0.014596,1.559820,0.114079,0.046945,2.161715,0.919973,0.045735,0.774295,-0.116336,-0.015806,0.172401,-0.922984,0.104903,1.548899,0.113325,0.166444,2.150794
204,0.407000,0.920722,-0.073517,0.785264,-0.115579,-0.135287,0.183381,-0.922241,-0.014328,1.559849,0.114060,0.047443,2.161733,0.919959,0.045981,0.774316,-0.116343,-0.015790,0.172432,-0.923005,0.105169,1.548901,0.113297,0.166940,2.150784
205,0.409000,0.920719,-0.073268,0.785308,-0.115576,-0.135271,0.183436,-0.922252,-0.014058,1.559874,0.114042,0.047944,2.161746,0.919944,0.046226,0.774331,-0.116350,-0.015776,0.172460,-0.923026,0.105436,1.548897,0.113268,0.167439,2.150769
206,0.411000,0.920715,-0.073019,0.785347,-0.115572,-0.135255,0.183487,-0.922263,-0.013788,1.559894,0.114024,0.048447,2.161754,0.919931,0.046473,0.774342,-0.116357,-0.015763,0.172482,-0.923048,0.105704,1.548889,0.113239,0.167939,2.150749
207,0.413000,0.920712,-0.072769,0.785383,-0.115567,-0.135239,0.183534,-0.922274,-0.013517,1.559909,0.114006,0.048953,2.161758,0.919917,0.046720,0.774349,-0.116363,-0.015750,0.172501,-0.923069,0.105972,1.548876,0.113211,0.168442,2.150724
208,0.415000,0.920709,-0.072518,0.785414,-0.115563,-0.135225,0.183577,-0.922285,-0.013245,1.559921,0.113988,0.049461,2.161758,0.919903,0.046968,0.774352,-0.116369,-0.015738,0.172515,-0.923091,0.106241,1.548859,0.113182,0.168948,2.150696
209,0.417000,0.920707,-0.072266,0.785443,-0.115558,-0.135211,0.183617,-0.922295,-0.012973,1.559929,0.113969,0.049972,2.161754,0.919890,0.047218,0.774352,-0.116374,-0.015727,0.172527,-0.923112,0.106511,1.548838,0.113153,0.169456,2.150663
210,0.419000,0.920704,-0.072013,0.785468,-0.115552,-0.135197,0.183654,-0.922306,-0.012699,1.559933,0.113951,0.050485,2.161747,0.919877,0.047468,0.774348,-0.116380,-0.015716,0.172535,-0.923133,0.106782,1.548814,0.113124,0.169966,2.150627
211,0.421000,0.920702,-0.071759,0.785490,-0.115547,-0.135184,0.183689,-0.922316,-0.012424,1.559935,0.113933,0.051001,2.161737,0.919864,0.047719,0.774342,-0.116385,-0.015706,0.172540,-0.923154,0.107054,1.548786,0.113095,0.170479,2.150588
212,0.423000,0.920700,-0.071505,0.785510,-0.115541,-0.135172,0.183720,-0.922326,-0.012148,1.559934,0.113915,0.051519,2.161724,0.919851,0.047970,0.774332,-0.116390,-0.015697,0.172542,-0.923175,0.107327,1.548756,0.113066,0.170994,2.150546
213,0.425000,0.920698,-0.071249,0.785528,-0.115535,-0.135160,0.183750,-0.922336,-0.011872,1.559930,0.113897,0.052039,2.161708,0.919838,0.048223,0.774320,-0.116395,-0.015688,0.172543,-0.923196,0.107601,1.548723,0.113037,0.171512,2.150500
214,0.427000,0.920696,-0.070992,0.785543,-0.115529,-0.135149,0.183778,-0.922346,-0.011594,1.559925,0.113880,0.052562,2.161690,0.919825,0.048477,0.774306,-0.116400,-0.015679,0.172541,-0.923217,0.107876,1.548688,0.113009,0.172032,2.150453
215,0.429000,0.920695,-0.070735,0.785556,-0.115522,-0.135138,0.183804,-0.922355,-0.011315,1.559917,0.113862,0.053088,2.161670,0.919813,0.048732,0.774289,-0.116405,-0.015671,0.172537,-0.923237,0.108151,1.548651,0.112980,0.172555,2.150403
216,0.431000,0.920694,-0.070476,0.785568,-0.115516,-0.135127,0.183828,-0.922365,-0.011035,1.559908,0.113845,0.053616,2.161648,0.919800,0.048988,0.774271,-0.116409,-0.015664,0.172532,-0.923258,0.108428,1.548612,0.112951,0.173080,2.150351
217,0.433000,0.920692,-0.070216,0.785578,-0.115509,-0.135117,0.183851,-0.922374,-0.010754,1.559898,0.113828,0.054147,2.161624,0.919788,0.049245,0.774251,-0.116414,-0.015656,0.172525,-0.923279,0.108706,1.548571,0.112923,0.173607,2.150297
218,0.435000,0.920691,-0.069955,0.785586,-0.115502,-0.135107,0.183874,-0.922383,-0.010472,1.559886,0.113811,0.054680,2.161599,0.919775,0.049503,0.774229,-0.116418,-0.015649,0.172516,-0.923299,0.108985,1.548529,0.112895,0.174137,2.150241
219,0.437000,0.920690,-0.069693,0.785594,-0.115495,-0.135097,0.183895,-0.922392,-0.010189,1.559873,0.113794,0.055215,2.161572,0.919763,0.049762,0.774206,-0.116423,-0.015643,0.172507,-0.923319,0.109266,1.548485,0.112866,0.174670,2.150184
220,0.439000,0.920689,-0.069430,0.785600,-0.115488,-0.135088,0.183915,-0.922401,-0.009905,1.559859,0.113777,0.055753,2.161544,0.919750,0.050022,0.774182,-0.116427,-0.015636,0.172496,-0.923339,0.109547,1.548440,0.112838,0.175205,2.150126
221,0.441000,0.920688,-0.069166,0.785605,-0.115481,-0.135079,0.183934,-0.922409,-0.009619,1.559844,0.113760,0.056294,2.161515,0.919738,0.050283,0.774156,-0.116432,-0.015630,0.172485,-0.923360,0.109829,1.548395,0.112810,0.175743,2.150066
222,0.443000,0.920688,-0.068900,0.785610,-0.115474,-0.135070,0.183953,-0.922418,-0.009333,1.559828,0.113744,0.056837,2.161485,0.919726,0.050545,0.774130,-0.116436,-0.015625,0.172473,-0.923380,0.110113,1.548348,0.112782,0.176283,2.150005
223,0.445000,0.920687,-0.068634,0.785613,-0.115467,-0.135062,0.183972,-0.922426,-0.009045,1.559812,0.113728,0.057383,2.161453,0.919714,0.050809,0.774102,-0.116440,-0.015619,0.172460,-0.923399,0.110397,1.548301,0.112754,0.176826,2.149942
224,0.447000,0.920687,-0.068366,0.785616,-0.115459,-0.135054,0.183990,-0.922434,-0.008756,1.559795,0.113712,0.057931,2.161422,0.919701,0.051074,0.774074,-0.116445,-0.015614,0.172447,-0.923419,0.110683,1.548253,0.112727,0.177371,2.149879
225,0.449000,0.920686,-0.068097,0.785618,-0.115452,-0.135045,0.184007,-0.922442,-0.008466,1.559778,0.113696,0.058482,2.161389,0.919689,0.051340,0.774045,-0.116449,-0.015609,0.172434,-0.923439,0.110970,1.548204,0.112699,0.177919,2.149815
226,0.451000,0.920686,-0.067827,0.785620,-0.115444,-0.135037,0.184025,-0.922450,-0.008175,1.559760,0.113681,0.059036,2.161356,0.919677,0.051607,0.774015,-0.116453,-0.015604,0.172419,-0.923459,0.111259,1.548155,0.112672,0.178469,2.149750
227,0.453000,0.920686,-0.067555,0.785622,-0.115436,-0.135029,0.184042,-0.922457,-0.007882,1.559742,0.113665,0.059592,2.161322,0.919665,0.051875,0.773985,-0.116457,-0.015599,0.172405,-0.923478,0.111548,1.548105,0.112644,0.179022,2.149685
228,0.455000,0.920686,-0.067283,0.785623,-0.115429,-0.135022,0.184060,-0.922465,-0.007588,1.559724,0.113650,0.060151,2.161288,0.919653,0.052144,0.773954,-0.116462,-0.015595,0.172391,-0.923497,0.111839,1.548055,0.112617,0.179578,2.149619
229,0.457000,0.920686,-0.067009,0.785623,-0.115421,-0.135014,0.184077,-0.922472,-0.007293,1.559706,0.113635,0.060712,2.161253,0.919641,0.052415,0.773922,-0.116466,-0.015591,0.172376,-0.923517,0.112130,1.548005,0.112590,0.180136,2.149552
230,0.459000,0.920686,-0.066734,0.785624,-0.115413,-0.135007,0.184094,-0.922479,-0.006997,1.559688,0.113620,0.061276,2.161218,0.919629,0.052687,0.773891,-0.116470,-0.015586,0.172361,-0.923536,0.112424,1.547955,0.112563,0.180697,2.149484
231,0.461000,0.920686,-0.066457,0.785624,-0.115405,-0.134999,0.184112,-0.922486,-0.006699,1.559670,0.113605,0.061843,2.161182,0.919617,0.052960,0.773859,-0.116474,-0.015582,0.172346,-0.923555,0.112718,1.547904,0.112536,0.181260,2.149417
232,0.463000,0.920686,-0.066180,0.785624,-0.115397,-0.134992,0.184129,-0.922492,-0.006400,1.559652,0.113591,0.062412,2.161146,0.919605,0.053234,0.773826,-0.116479,-0.015578,0.172331,-0.923574,0.113013,1.547853,0.112509,0.181826,2.149348
233,0.465000,0.920687,-0.065901,0.785624,-0.115389,-0.134985,0.184147,-0.922499,-0.006100,1.559633,0.113577,0.062984,2.161110,0.919593,0.053510,0.773794,-0.116483,-0.015574,0.172317,-0.923593,0.113310,1.547803,0.112483,0.182394,2.149280
234,0.467000,0.920687,-0.065620,0.785624,-0.115381,-0.134977,0.184165,-0.922505,-0.005798,1.559615,0.113563,0.063559,2.161074,0.919581,0.053787,0.773761,-0.116487,-0.015570,0.172302,-0.923612,0.113609,1.547752,0.112456,0.182966,2.149211
235,0.469000,0.920688,-0.065339,0.785624,-0.115372,-0.134970,0.184184,-0.922511,-0.005496,1.559597,0.113549,0.064136,2.161038,0.919569,0.054065,0.773728,-0.116491,-0.015567,0.172287,-0.923630,0.113908,1.547701,0.112430,0.183539,2.149141
236,0.471000,0.920689,-0.065056,0.785624,-0.115364,-0.134963,0.184202,-0.922518,-0.005191,1.559580,0.113535,0.064716,2.161001,0.919557,0.054344,0.773694,-0.116495,-0.015563,0.172273,-0.923649,0.114209,1.547650,0.112404,0.184116,2.149071
237,0.473000,0.920689,-0.064772,0.785624,-0.115356,-0.134956,0.184221,-0.922523,-0.004886,1.559562,0.113522,0.065298,2.160964,0.919545,0.054625,0.773661,-0.116500,-0.015559,0.172258,-0.923667,0.114511,1.547599,0.112378,0.184695,2.149001
238,0.475000,0.920690,-0.064486,0.785623,-0.115347,-0.134949,0.184241,-0.922529,-0.004579,1.559545,0.113508,0.065884,2.160928,0.919534,0.054907,0.773627,-0.116504,-0.015555,0.172244,-0.923686,0.114814,1.547548,0.112352,0.185277,2.148931
239,0.477000,0.920691,-0.064199,0.785623,-0.115339,-0.134941,0.184260,-0.922535,-0.004271,1.559528,0.113495,0.066472,2.160891,0.919522,0.055191,0.773593,-0.116508,-0.015552,0.172230,-0.923704,0.115119,1.547497,0.112326,0.185861,2.148860
240,0.479000,0.920692,-0.063911,0.785623,-0.115330,-0.134934,0.184280,-0.922540,-0.003961,1.559511,0.113482,0.067062,2.160853,0.919510,0.055475,0.773559,-0.116512,-0.015548,0.172216,-0.923722,0.115425,1.547447,0.112300,0.186449,2.148790
241,0.481000,0.920693,-0.063621,0.785623,-0.115322,-0.134927,0.184300,-0.922545,-0.003650,1.559494,0.113470,0.067656,2.160816,0.919498,0.055761,0.773525,-0.116517,-0.015545,0.172203,-0.923740,0.115733,1.547396,0.112275,0.187038,2.148718
242,0.483000,0.920694,-0.063330,0.785623,-0.115313,-0.134920,0.184321,-0.922550,-0.003338,1.559477,0.113457,0.068252,2.160779,0.919486,0.056049,0.773491,-0.116521,-0.015541,0.172189,-0.923758,0.116041,1.547345,0.112249,0.187631,2.148647
243,0.485000,0.920696,-0.063038,0.785623,-0.115304,-0.134913,0.184342,-0.922555,-0.003024,1.559461,0.113445,0.068851,2.160741,0.919475,0.056338,0.773457,-0.116525,-0.015537,0.172176,-0.923776,0.116352,1.547295,0.112224,0.188227,2.148575
244,0.487000,0.920697,-0.062744,0.785623,-0.115296,-0.134906,0.184364,-0.922560,-0.002709,1.559445,0.113433,0.069453,2.160704,0.919463,0.056628,0.773422,-0.116530,-0.015534,0.172163,-0.923794,0.116663,1.547244,0.112199,0.188825,2.148503
245,0.489000,0.920698,-0.062449,0.785623,-0.115287,-0.134899,0.184385,-0.922564,-0.002392,1.559429,0.113421,0.070057,2.160666,0.919451,0.056919,0.773388,-0.116534,-0.015530,0.172150,-0.923811,0.116976,1.547194,0.112174,0.189426,2.148431
246,0.491000,0.920700,-0.062152,0.785623,-0.115278,-0.134891,0.184408,-0.922568,-0.002074,1.559414,0.113409,0.070665,2.160629,0.919440,0.057212,0.773353,-0.116538,-0.015527,0.172138,-0.923829,0.117290,1.547144,0.112149,0.190029,2.148359
247,0.493000,0.920701,-0.061854,0.785623,-0.115269,-0.134884,0.184430,-0.922573,-0.001755,1.559398,0.113398,0.071275,2.160591,0.919428,0.057506,0.773318,-0.116542,-0.015523,0.172126,-0.923846,0.117606,1.547094,0.112124,0.190636,2.148286
248,0.495000,0.920703,-0.061555,0.785623,-0.115260,-0.134877,0.184453,-0.922577,-0.001434,1.559383,0.113386,0.071888,2.160553,0.919416,0.057802,0.773283,-0.116547,-0.015520,0.172113,-0.923864,0.117923,1.547043,0.112099,0.191245,2.148213
249,0.497000,0.920705,-0.061254,0.785623,-0.115251,-0.134869,0.184477,-0.922580,-0.001111,1.559368,0.113375,0.072504,2.160515,0.919405,0.058099,0.773248,-0.116551,-0.015516,0.172102,-0.923881,0.118242,1.546993,0.112075,0.191857,2.148140
250,0.499000,0.920707,-0.060952,0.785623,-0.115241,-0.134862,0.184500,-0.922584,-0.000788,1.559354,0.113364,0.073123,2.160476,0.919393,0.058397,0.773213,-0.116555,-0.015513,0.172090,-0.923898,0.118562,1.546943,0.112050,0.192472,2.148066
251,0.501000,0.920709,-0.060648,0.785623,-0.115232,-0.134855,0.184524,-0.922588,-0.000462,1.559339,0.113353,0.073744,2.160438,0.919381,0.058697,0.773177,-0.116559,-0.015509,0.172078,-0.923915,0.118883,1.546893,0.112026,0.193090,2.147992
252,0.503000,0.920711,-0.060343,0.785623,-0.115223,-0.134847,0.184549,-0.922591,-0.000136,1.559325,0.113343,0.074369,2.160400,0.919370,0.058999,0.773142,-0.116564,-0.015506,0.172067,-0.923932,0.119206,1.546843,0.112002,0.193710,2.147918
253,0.505000,0.920713,-0.060036,0.785624,-0.115213,-0.134840,0.184573,-0.922594,0.000193,1.559311,0.113332,0.074996,2.160361,0.919358,0.059301,0.773106,-0.116568,-0.015502,0.172056,-0.923949,0.119530,1.546793,0.111978,0.194334,2.147843
254,0.507000,0.920715,-0.059728,0.785624,-0.115204,-0.134832,0.184599,-0.922597,0.000522,1.559297,0.113322,0.075627,2.160322,0.919347,0.059606,0.773070,-0.116572,-0.015499,0.172045,-0.923965,0.119856,1.546744,0.111954,0.194960,2.147769
255,0.509000,0.920717,-0.059419,0.785624,-0.115194,-0.134825,0.184624,-0.922600,0.000854,1.559283,0.113312,0.076260,2.160283,0.919335,0.059911,0.773034,-0.116577,-0.015495,0.172034,-0.923982,0.120183,1.546694,0.111930,0.195590,2.147693
256,0.511000,0.920720,-0.059107,0.785624,-0.115185,-0.134817,0.184650,-0.922602,0.001186,1.559270,0.113302,0.076896,2.160244,0.919324,0.060218,0.772998,-0.116581,-0.015491,0.172024,-0.923999,0.120512,1.546644,0.111906,0.196222,2.147618
257,0.513000,0.920722,-0.058795,0.785624,-0.115175,-0.134810,0.184676,-0.922605,0.001521,1.559256,0.113292,0.077535,2.160204,0.919312,0.060527,0.772961,-0.116585,-0.015488,0.172013,-0.924015,0.120842,1.546594,0.111882,0.196857,2.147542
258,0.515000,0.920725,-0.058481,0.785624,-0.115165,-0.134802,0.184702,-0.922607,0.001856,1.559243,0.113283,0.078177,2.160165,0.919301,0.060837,0.772925,-0.116589,-0.015484,0.172003,-0.924031,0.121174,1.546544,0.111859,0.197495,2.147465
259,0.517000,0.920728,-0.058165,0.785624,-0.115155,-0.134794,0.184729,-0.922609,0.002194,1.559230,0.113274,0.078823,2.160125,0.919289,0.061148,0.772888,-0.116594,-0.015481,0.171993,-0.924047,0.121507,1.546494,0.111835,0.198136,2.147389
260,0.519000,0.920730,-0.057848,0.785624,-0.115146,-0.134787,0.184756,-0.922611,0.002532,1.559217,0.113265,0.079471,2.160085,0.919278,0.061461,0.772851,-0.116598,-0.015477,0.171983,-0.924064,0.121842,1.546444,0.111812,0.198780,2.147312
261,0.521000,0.920733,-0.057529,0.785624,-0.115136,-0.134779,0.184784,-0.922613,0.002873,1.559204,0.113256,0.080122,2.160044,0.919266,0.061776,0.772813,-0.116602,-0.015474,0.171973,-0.924080,0.122178,1.546394,0.111789,0.199427,2.147234
262,0.523000,0.920736,-0.057209,0.785624,-0.115125,-0.134771,0.184811,-0.922615,0.003215,1.559192,0.113247,0.080776,2.160004,0.919255,0.062092,0.772776,-0.116606,-0.015470,0.171964,-0.924096,0.122516,1.546344,0.111766,0.200077,2.147156
263,0.525000,0.920739,-0.056888,0.785623,-0.115115,-0.134763,0.184839,-0.922616,0.003558,1.559179,0.113238,0.081434,2.159963,0.919244,0.062409,0.772738,-0.116611,-0.015466,0.171954,-0.924111,0.122855,1.546294,0.111743,0.200731,2.147078
264,0.527000,0.920742,-0.056564,0.785623,-0.115105,-0.134755,0.184868,-0.922617,0.003903,1.559167,0.113230,0.082094,2.159922,0.919232,0.062728,0.772700,-0.116615,-0.015463,0.171944,-0.924127,0.123196,1.546244,0.111720,0.201387,2.146999
265,0.529000,0.920745,-0.056239,0.785622,-0.115095,-0.134747,0.184896,-0.922618,0.004250,1.559154,0.113222,0.082758,2.159880,0.919221,0.063049,0.772661,-0.116619,-0.015459,0.171935,-0.924143,0.123538,1.546193,0.111697,0.202046,2.146919
266,0.531000,0.920749,-0.055913,0.785622,-0.115084,-0.134739,0.184925,-0.922619,0.004598,1.559142,0.113214,0.083424,2.159839,0.919209,0.063371,0.772623,-0.116623,-0.015455,0.171926,-0.924158,0.123882,1.546143,0.111675,0.202708,2.146840
267,0.533000,0.920752,-0.055585,0.785621,-0.115074,-0.134731,0.184954,-0.922620,0.004948,1.559130,0.113206,0.084094,2.159797,0.919198,0.063695,0.772584,-0.116628,-0.015452,0.171917,-0.924174,0.124227,1.546092,0.111652,0.203374,2.146759
268,0.535000,0.920755,-0.055255,0.785620,-0.115063,-0.134723,0.184983,-0.922621,0.005299,1.559118,0.113198,0.084767,2.159754,0.919187,0.064020,0.772544,-0.116632,-0.015448,0.171907,-0.924189,0.124574,1.546042,0.111630,0.204042,2.146678
269,0.537000,0.920759,-0.054924,0.785619,-0.115053,-0.134715,0.185013,-0.922621,0.005652,1.559105,0.113191,0.085443,2.159712,0.919175,0.064346,0.772504,-0.116636,-0.015445,0.171898,-0.924204,0.124923,1.545991,0.111607,0.204714,2.146597
270,0.539000,0.920762,-0.054592,0.785618,-0.115042,-0.134707,0.185043,-0.922621,0.006007,1.559093,0.113183,0.086123,2.159668,0.919164,0.064675,0.772464,-0.116640,-0.015441,0.171889,-0.924220,0.125273,1.545940,0.111585,0.205389,2.146515
271,0.541000,0.920766,-0.054257,0.785616,-0.115031,-0.134699,0.185073,-0.922621,0.006363,1.559081,0.113176,0.086805,2.159625,0.919153,0.065005,0.772424,-0.116645,-0.015437,0.171880,-0.924235,0.125625,1.545889,0.111563,0.206067,2.146433
272,0.543000,0.920770,-0.053921,0.785615,-0.115020,-0.134691,0.185103,-0.922621,0.006721,1.559069,0.113169,0.087491,2.159581,0.919141,0.065336,0.772383,-0.116649,-0.015434,0.171872,-0.924250,0.125978,1.545838,0.111541,0.206748,2.146350
273,0.545000,0.920774,-0.053584,0.785613,-0.115010,-0.134683,0.185133,-0.922621,0.007081,1.559057,0.113163,0.088180,2.159537,0.919130,0.065669,0.772342,-0.116653,-0.015430,0.171863,-0.924264,0.126333,1.545787,0.111519,0.207432,2.146266
274,0.547000,0.920778,-0.053244,0.785611,-0.114999,-0.134674,0.185164,-0.922620,0.007442,1.559046,0.113156,0.088872,2.159493,0.919119,0.066004,0.772301,-0.116657,-0.015426,0.171854,-0.924279,0.126690,1.545735,0.111497,0.208120,2.146182
275,0.549000,0.920782,-0.052903,0.785609,-0.114987,-0.134666,0.185195,-0.922620,0.007805,1.559034,0.113150,0.089567,2.159448,0.919108,0.066340,0.772259,-0.116662,-0.015423,0.171845,-0.924294,0.127048,1.545684,0.111475,0.208811,2.146098
276,0.551000,0.920786,-0.052561,0.785607,-0.114976,-0.134658,0.185226,-0.922619,0.008169,1.559022,0.113143,0.090266,2.159402,0.919096,0.066678,0.772217,-0.116666,-0.015419,0.171836,-0.924308,0.127408,1.545632,0.111454,0.209505,2.146012
277,0.553000,0.920790,-0.052217,0.785604,-0.114965,-0.134649,0.185258,-0.922618,0.008536,1.559010,0.113137,0.090968,2.159356,0.919085,0.067017,0.772174,-0.116670,-0.015415,0.171828,-0.924323,0.127770,1.545580,0.111432,0.210202,2.145926
278,0.555000,0.920795,-0.051871,0.785602,-0.114954,-0.134641,0.185289,-0.922617,0.008904,1.558998,0.113131,0.091674,2.159310,0.919074,0.067358,0.772131,-0.116674,-0.015412,0.171819,-0.924337,0.128133,1.545527,0.111411,0.210903,2.145840
279,0.557000,0.920799,-0.051523,0.785599,-0.114942,-0.134632,0.185321,-0.922615,0.009273,1.558986,0.113126,0.092382,2.159264,0.919063,0.067701,0.772088,-0.116678,-0.015408,0.171810,-0.924352,0.128498,1.545475,0.111389,0.211607,2.145753
280,0.559000,0.920803,-0.051174,0.785596,-0.114931,-0.134624,0.185353,-0.922614,0.009645,1.558974,0.113120,0.093094,2.159217,0.919051,0.068046,0.772044,-0.116683,-0.015404,0.171801,-0.924366,0.128864,1.545422,0.111368,0.212314,2.145665
281,0.561000,0.920808,-0.050823,0.785592,-0.114919,-0.134615,0.185385,-0.922612,0.010018,1.558962,0.113115,0.093810,2.159169,0.919040,0.068392,0.772000,-0.116687,-0.015401,0.171793,-0.924380,0.129232,1.545370,0.111347,0.213025,2.145577
282,0.563000,0.920813,-0.050470,0.785589,-0.114907,-0.134607,0.185418,-0.922610,0.010392,1.558950,0.113110,0.094529,2.159121,0.919029,0.068739,0.771955,-0.116691,-0.015397,0.171784,-0.924394,0.129602,1.545316,0.111326,0.213738,2.145487
283,0.565000,0.920818,-0.050116,0.785585,-0.114895,-0.134598,0.185450,-0.922608,0.010769,1.558938,0.113105,0.095251,2.159072,0.919018,0.069089,0.771910,-0.116695,-0.015393,0.171775,-0.924408,0.129974,1.545263,0.111305,0.214456,2.145398
284,0.567000,0.920822,-0.049760,0.785581,-0.114884,-0.134589,0.185483,-0.922606,0.011147,1.558926,0.113100,0.095977,2.159024,0.919007,0.069440,0.771864,-0.116699,-0.015390,0.171767,-0.924422,0.130347,1.545210,0.111284,0.215177,2.145307
285,0.569000,0.920827,-0.049402,0.785576,-0.114872,-0.134581,0.185516,-0.922603,0.011527,1.558914,0.113096,0.096706,2.158974,0.918995,0.069793,0.771818,-0.116703,-0.015386,0.171758,-0.924435,0.130722,1.545156,0.111264,0.215901,2.145216
286,0.571000,0.920832,-0.049042,0.785572,-0.114859,-0.134572,0.185549,-0.922601,0.011909,1.558901,0.113091,0.097439,2.158924,0.918984,0.070147,0.771772,-0.116708,-0.015382,0.171749,-0.924449,0.131099,1.545102,0.111243,0.216628,2.145124
287,0.573000,0.920838,-0.048681,0.785567,-0.114847,-0.134563,0.185582,-0.922598,0.012293,1.558889,0.113087,0.098175,2.158874,0.918973,0.070503,0.771725,-0.116712,-0.015379,0.171740,-0.924462,0.131477,1.545048,0.111222,0.217359,2.145032
288,0.575000,0.920843,-0.048318,0.785561,-0.114835,-0.134555,0.185616,-0.922595,0.012678,1.558877,0.113083,0.098915,2.158823,0.918962,0.070861,0.771677,-0.116716,-0.015375,0.171732,-0.924476,0.131857,1.544993,0.111202,0.218094,2.144939
289,0.577000,0.920848,-0.047953,0.785556,-0.114823,-0.134546,0.185649,-0.922592,0.013065,1.558865,0.113079,0.099658,2.158771,0.918951,0.071221,0.771629,-0.116720,-0.015372,0.171723,-0.924489,0.132239,1.544938,0.111182,0.218832,2.144845
290,0.579000,0.920853,-0.047586,0.785550,-0.114810,-0.134538,0.185683,-0.922588,0.013454,1.558852,0.113075,0.100405,2.158719,0.918939,0.071582,0.771581,-0.116724,-0.015369,0.171714,-0.924502,0.132623,1.544883,0.111161,0.219574,2.144750
291,0.581000,0.920859,-0.047218,0.785544,-0.114798,-0.134529,0.185717,-0.922585,0.013845,1.558840,0.113072,0.101156,2.158667,0.918928,0.071945,0.771532,-0.116728,-0.015366,0.171705,-0.924516,0.133008,1.544828,0.111141,0.220320,2.144654
292,0.583000,0.920865,-0.046848,0.785538,-0.114785,-0.134521,0.185752,-0.922581,0.014237,1.558827,0.113068,0.101911,2.158613,0.918917,0.072310,0.771483,-0.116732,-0.015363,0.171697,-0.924529,0.133395,1.544772,0.111121,0.221069,2.144558
293,0.585000,0.920870,-0.046476,0.785531,-0.114772,-0.134513,0.185786,-0.922577,0.014631,1.558815,0.113065,0.102669,2.158560,0.918906,0.072677,0.771433,-0.116737,-0.015360,0.171688,-0.924542,0.133784,1.544716,0.111101,0.221821,2.144461
294,0.587000,0.920876,-0.046102,0.785524,-0.114759,-0.134505,0.185821,-0.922573,0.015028,1.558802,0.113062,0.103431,2.158505,0.918895,0.073045,0.771382,-0.116741,-0.015358,0.171679,-0.924554,0.134175,1.544660,0.111081,0.222578,2.144363
295,0.589000,0.920882,-0.045727,0.785517,-0.114747,-0.134497,0.185856,-0.922569,0.015426,1.558789,0.113059,0.104196,2.158451,0.918883,0.073415,0.771331,-0.116745,-0.015356,0.171670,-0.924567,0.134567,1.544603,0.111061,0.223338,2.144265
296,0.591000,0.920888,-0.045349,0.785510,-0.114733,-0.134490,0.185891,-0.922564,0.015825,1.558776,0.113057,0.104966,2.158395,0.918872,0.073787,0.771280,-0.116749,-0.015354,0.171661,-0.924580,0.134962,1.544546,0.111041,0.224102,2.144165
297,0.593000,0.920894,-0.044970,0.785502,-0.114720,-0.134482,0.185926,-0.922560,0.016227,1.558763,0.113054,0.105739,2.158339,0.918861,0.074161,0.771227,-0.116753,-0.015352,0.171652,-0.924593,0.135358,1.544489,0.111022,0.224870,2.144065
298,0.595000,0.920900,-0.044589,0.785494,-0.114707,-0.134475,0.185962,-0.922555,0.016631,1.558750,0.113052,0.106516,2.158282,0.918850,0.074536,0.771175,-0.116757,-0.015350,0.171643,-0.924605,0.135756,1.544432,0.111002,0.225641,2.143964
299,0.597000,0.920906,-0.044206,0.785485,-0.114694,-0.134468,0.185997,-0.922550,0.017036,1.558737,0.113050,0.107297,2.158225,0.918839,0.074913,0.771122,-0.116761,-0.015348,0.171634,-0.924617,0.136155,1.544374,0.110983,0.226417,2.143862
300,0.599000,0.920912,-0.043821,0.785476,-0.114680,-0.134461,0.186033,-0.922545,0.017443,1.558724,0.113048,0.108082,2.158167,0.918827,0.075292,0.771068,-0.116766,-0.015347,0.171625,-0.924630,0.136557,1.544316,0.110963,0.227196,2.143759
301,0.601000,0.920919,-0.043435,0.785467,-0.114667,-0.134454,0.186069,-0.922539,0.017852,1.558711,0.113046,0.108871,2.158109,0.918816,0.075673,0.771013,-0.116770,-0.015346,0.171616,-0.924642,0.136960,1.544257,0.110944,0.227979,2.143655
302,0.603000,0.920925,-0.043046,0.785457,-0.114653,-0.134447,0.186105,-0.922534,0.018263,1.558697,0.113045,0.109664,2.158049,0.918805,0.076056,0.770958,-0.116774,-0.015345,0.171606,-0.924654,0.137365,1.544198,0.110924,0.228766,2.143550
303,0.605000,0.920932,-0.042656,0.785447,-0.114639,-0.134440,0.186142,-0.922528,0.018676,1.558684,0.113044,0.110461,2.157990,0.918794,0.076440,0.770903,-0.116778,-0.015344,0.171597,-0.924666,0.137772,1.544139,0.110905,0.229557,2.143445
304,0.607000,0.920939,-0.042264,0.785437,-0.114626,-0.134434,0.186178,-0.922522,0.019091,1.558670,0.113042,0.111262,2.157929,0.918782,0.076827,0.770847,-0.116782,-0.015344,0.171588,-0.924678,0.138181,1.544080,0.110886,0.230352,2.143338
305,0.609000,0.920945,-0.041869,0.785427,-0.114612,-0.134428,0.186215,-0.922516,0.019508,1.558656,0.113041,0.112066,2.157868,0.918771,0.077215,0.770790,-0.116786,-0.015344,0.171578,-0.924690,0.138592,1.544020,0.110867,0.231151,2.143231
306,0.611000,0.920952,-0.041473,0.785416,-0.114598,-0.134422,0.186252,-0.922509,0.019927,1.558642,0.113041,0.112875,2.157806,0.918760,0.077605,0.770733,-0.116790,-0.015344,0.171569,-0.924702,0.139005,1.543959,0.110848,0.231953,2.143123
307,0.613000,0.920959,-0.041075,0.785404,-0.114583,-0.134416,0.186289,-0.922503,0.020347,1.558628,0.113040,0.113688,2.157743,0.918748,0.077997,0.770675,-0.116794,-0.015344,0.171559,-0.924713,0.139419,1.543899,0.110829,0.232760,2.143014
308,0.615000,0.920966,-0.040675,0.785393,-0.114569,-0.134410,0.186327,-0.922496,0.020770,1.558614,0.113040,0.114505,2.157680,0.918737,0.078390,0.770616,-0.116798,-0.015344,0.171550,-0.924725,0.139836,1.543838,0.110810,0.233571,2.142904
309,0.617000,0.920973,-0.040274,0.785380,-0.114555,-0.134405,0.186364,-0.922489,0.021195,1.558600,0.113039,0.115326,2.157616,0.918726,0.078786,0.770557,-0.116803,-0.015345,0.171540,-0.924737,0.140254,1.543776,0.110792,0.234385,2.142793
310,0.619000,0.920981,-0.039870,0.785368,-0.114540,-0.134399,0.186402,-0.922482,0.021621,1.558586,0.113039,0.116151,2.157552,0.918714,0.079184,0.770497,-0.116807,-0.015346,0.171531,-0.924748,0.140675,1.543714,0.110773,0.235204,2.142681
311,0.621000,0.920988,-0.039464,0.785355,-0.114526,-0.134394,0.186440,-0.922474,0.022050,1.558571,0.113039,0.116980,2.157486,0.918703,0.079583,0.770436,-0.116811,-0.015347,0.171521,-0.924759,0.141097,1.543652,0.110754,0.236027,2.142568
312,0.623000,0.920995,-0.039056,0.785342,-0.114511,-0.134389,0.186478,-0.922467,0.022480,1.558556,0.113040,0.117813,2.157420,0.918692,0.079985,0.770375,-0.116815,-0.015348,0.171511,-0.924770,0.141521,1.543590,0.110736,0.236854,2.142454
313,0.625000,0.921003,-0.038646,0.785328,-0.114496,-0.134384,0.186516,-0.922459,0.022913,1.558541,0.113040,0.118651,2.157353,0.918680,0.080388,0.770313,-0.116819,-0.015350,0.171501,-0.924782,0.141947,1.543527,0.110718,0.237685,2.142339
314,0.627000,0.921010,-0.038235,0.785314,-0.114481,-0.134380,0.186554,-0.922451,0.023348,1.558526,0.113041,0.119493,2.157286,0.918669,0.080793,0.770251,-0.116823,-0.015352,0.171491,-0.924793,0.142376,1.543463,0.110699,0.238521,2.142223
315,0.629000,0.921018,-0.037821,0.785299,-0.114466,-0.134375,0.186593,-0.922443,0.023784,1.558511,0.113042,0.120339,2.157217,0.918657,0.081200,0.770188,-0.116827,-0.015354,0.171481,-0.924804,0.142806,1.543400,0.110681,0.239360,2.142106
316,0.631000,0.921026,-0.037405,0.785284,-0.114451,-0.134371,0.186632,-0.922434,0.024223,1.558496,0.113043,0.121189,2.157148,0.918646,0.081610,0.770124,-0.116831,-0.015356,0.171471,-0.924814,0.143238,1.543335,0.110663,0.240204,2.141988
317,0.633000,0.921034,-0.036987,0.785269,-0.114436,-0.134367,0.186671,-0.922426,0.024664,1.558480,0.113044,0.122043,2.157079,0.918634,0.082021,0.770059,-0.116835,-0.015359,0.171461,-0.924825,0.143672,1.543271,0.110645,0.241051,2.141869
318,0.635000,0.921042,-0.036567,0.785253,-0.114421,-0.134363,0.186710,-0.922417,0.025107,1.558465,0.113045,0.122902,2.157008,0.918623,0.082434,0.769994,-0.116839,-0.015361,0.171451,-0.924836,0.144108,1.543206,0.110626,0.241903,2.141749
319,0.637000,0.921050,-0.036145,0.785237,-0.114405,-0.134359,0.186749,-0.922408,0.025552,1.558449,0.113047,0.123765,2.156936,0.918611,0.082849,0.769928,-0.116843,-0.015364,0.171441,-0.924846,0.144546,1.543140,0.110609,0.242760,2.141628
320,0.639000,0.921058,-0.035721,0.785220,-0.114389,-0.134355,0.186789,-0.922399,0.025999,1.558433,0.113049,0.124632,2.156864,0.918600,0.083266,0.769862,-0.116848,-0.015367,0.171430,-0.924857,0.144986,1.543075,0.110591,0.243620,2.141506
321,0.641000,0.921066,-0.035295,0.785203,-0.114374,-0.134352,0.186829,-0.922389,0.026448,1.558417,0.113051,0.125504,2.156791,0.918588,0.083685,0.769794,-0.116852,-0.015371,0.171420,-0.924867,0.145428,1.543008,0.110573,0.244485,2.141383
322,0.643000,0.921075,-0.034867,0.785185,-0.114358,-0.134348,0.186868,-0.922380,0.026899,1.558400,0.113053,0.126380,2.156717,0.918577,0.084107,0.769726,-0.116856,-0.015375,0.171409,-0.924877,0.145873,1.542942,0.110555,0.245354,2.141258
323,0.645000,0.921083,-0.034437,0.785167,-0.114342,-0.134345,0.186909,-0.922370,0.027352,1.558384,0.113055,0.127261,2.156643,0.918565,0.084530,0.769658,-0.116860,-0.015379,0.171399,-0.924888,0.146319,1.542874,0.110537,0.246227,2.141133
324,0.647000,0.921091,-0.034005,0.785149,-0.114326,-0.134342,0.186949,-0.922360,0.027808,1.558367,0.113058,0.128145,2.156567,0.918554,0.084955,0.769588,-0.116864,-0.015383,0.171388,-0.924898,0.146767,1.542807,0.110520,0.247105,2.141007
325,0.649000,0.921100,-0.033570,0.785130,-0.114310,-0.134340,0.186989,-0.922350,0.028265,1.558350,0.113060,0.129035,2.156491,0.918542,0.085382,0.769518,-0.116868,-0.015387,0.171378,-0.924908,0.147218,1.542739,0.110502,0.247987,2.140879
326,0.651000,0.921109,-0.033134,0.785110,-0.114293,-0.134337,0.187030,-0.922339,0.028725,1.558333,0.113063,0.129929,2.156414,0.918530,0.085812,0.769447,-0.116872,-0.015392,0.171367,-0.924918,0.147670,1.542670,0.110485,0.248874,2.140751
327,0.653000,0.921117,-0.032695,0.785091,-0.114277,-0.134335,0.187071,-0.922328,0.029187,1.558316,0.113066,0.130827,2.156336,0.918518,0.086243,0.769376,-0.116876,-0.015397,0.171356,-0.924927,0.148125,1.542601,0.110467,0.249765,2.140621
328,0.655000,0.921126,-0.032254,0.785070,-0.114261,-0.134333,0.187112,-0.922318,0.029651,1.558299,0.113069,0.131730,2.156257,0.918507,0.086677,0.769303,-0.116880,-0.015402,0.171345,-0.924937,0.148582,1.542532,0.110450,0.250660,2.140490
329,0.657000,0.921135,-0.031811,0.785049,-0.114244,-0.134331,0.187153,-0.922306,0.030117,1.558281,0.113073,0.132637,2.156177,0.918495,0.087112,0.769230,-0.116884,-0.015407,0.171334,-0.924947,0.149041,1.542462,0.110432,0.251560,2.140358
330,0.659000,0.921144,-0.031366,0.785028,-0.114227,-0.134329,0.187195,-0.922295,0.030586,1.558263,0.113076,0.133549,2.156097,0.918483,0.087550,0.769156,-0.116888,-0.015413,0.171323,-0.924956,0.149502,1.542392,0.110415,0.252465,2.140225
331,0.661000,0.921153,-0.030918,0.785006,-0.114210,-0.134327,0.187236,-0.922284,0.031057,1.558245,0.113080,0.134465,2.156015,0.918471,0.087990,0.769081,-0.116892,-0.015419,0.171312,-0.924966,0.149965,1.542321,0.110398,0.253374,2.140090
332,0.663000,0.921163,-0.030469,0.784984,-0.114193,-0.134326,0.187278,-0.922272,0.031530,1.558227,0.113084,0.135386,2.155933,0.918460,0.088432,0.769006,-0.116896,-0.015425,0.171300,-0.924975,0.150430,1.542249,0.110381,0.254287,2.139955
333,0.665000,0.921172,-0.030017,0.784961,-0.114176,-0.134324,0.187320,-0.922260,0.032005,1.558209,0.113088,0.136312,2.155849,0.918448,0.088876,0.768930,-0.116900,-0.015431,0.171289,-0.924984,0.150898,1.542178,0.110364,0.255205,2.139818
334,0.667000,0.921181,-0.029563,0.784937,-0.114159,-0.134323,0.187362,-0.922248,0.032482,1.558190,0.113093,0.137242,2.155765,0.918436,0.089322,0.768853,-0.116904,-0.015438,0.171278,-0.924993,0.151368,1.542105,0.110347,0.256128,2.139680
335,0.669000,0.921191,-0.029107,0.784914,-0.114141,-0.134322,0.187405,-0.922235,0.032962,1.558171,0.113097,0.138177,2.155680,0.918424,0.089771,0.768775,-0.116908,-0.015445,0.171266,-0.925002,0.151839,1.542033,0.110330,0.257055,2.139541
336,0.671000,0.921200,-0.028648,0.784889,-0.114124,-0.134322,0.187447,-0.922223,0.033444,1.558152,0.113102,0.139117,2.155594,0.918412,0.090222,0.768696,-0.116913,-0.015452,0.171255,-0.925011,0.152314,1.541959,0.110313,0.257987,2.139401
337,0.673000,0.921210,-0.028187,0.784864,-0.114106,-0.134321,0.187490,-0.922210,0.033928,1.558133,0.113107,0.140062,2.155507,0.918400,0.090674,0.768617,-0.116917,-0.015459,0.171243,-0.925020,0.152790,1.541886,0.110296,0.258923,2.139259
338,0.675000,0.921220,-0.027724,0.784839,-0.114089,-0.134321,0.187533,-0.922197,0.034415,1.558113,0.113112,0.141011,2.155419,0.918388,0.091129,0.768536,-0.116921,-0.015467,0.171231,-0.925029,0.153268,1.541811,0.110280,0.259865,2.139117
339,0.677000,0.921230,-0.027259,0.784813,-0.114071,-0.134320,0.187577,-0.922183,0.034904,1.558094,0.113117,0.141965,2.155330,0.918376,0.091587,0.768455,-0.116925,-0.015475,0.171219,-0.925037,0.153749,1.541736,0.110263,0.260810,2.138972
340,0.679000,0.921240,-0.026791,0.784786,-0.114053,-0.134320,0.187620,-0.922170,0.035395,1.558074,0.113123,0.142924,2.155240,0.918364,0.092046,0.768373,-0.116929,-0.015483,0.171207,-0.925046,0.154232,1.541661,0.110247,0.261761,2.138827
341,0.681000,0.921250,-0.026322,0.784759,-0.114035,-0.134320,0.187664,-0.922156,0.035888,1.558054,0.113128,0.143887,2.155149,0.918352,0.092508,0.768291,-0.116933,-0.015491,0.171195,-0.925054,0.154718,1.541585,0.110230,0.262716,2.138681
342,0.683000,0.921260,-0.025849,0.784731,-0.114016,-0.134321,0.187707,-0.922142,0.036384,1.558033,0.113134,0.144856,2.155057,0.918339,0.092972,0.768207,-0.116937,-0.015500,0.171183,-0.925063,0.155205,1.541509,0.110214,0.263677,2.138533
343,0.685000,0.921270,-0.025375,0.784703,-0.113998,-0.134321,0.187752,-0.922128,0.036882,1.558012,0.113140,0.145829,2.154964,0.918327,0.093438,0.768123,-0.116941,-0.015509,0.171171,-0.925071,0.155695,1.541432,0.110197,0.264642,2.138384
344,0.687000,0.921280,-0.024898,0.784674,-0.113979,-0.134322,0.187796,-0.922114,0.037383,1.557992,0.113146,0.146807,2.154870,0.918315,0.093906,0.768037,-0.116945,-0.015518,0.171159,-0.925079,0.156187,1.541355,0.110181,0.265611,2.138233
345,0.689000,0.921291,-0.024419,0.784645,-0.113961,-0.134323,0.187840,-0.922099,0.037886,1.557970,0.113153,0.147790,2.154775,0.918303,0.094377,0.767951,-0.116949,-0.015527,0.171147,-0.925087,0.156682,1.541277,0.110165,0.266586,2.138081
346,0.691000,0.921301,-0.023937,0.784615,-0.113942,-0.134324,0.187885,-0.922084,0.038391,1.557949,0.113159,0.148778,2.154679,0.918290,0.094850,0.767864,-0.116953,-0.015537,0.171134,-0.925095,0.157178,1.541198,0.110148,0.267565,2.137928
347,0.693000,0.921312,-0.023453,0.784584,-0.113923,-0.134325,0.187930,-0.922069,0.038899,1.557927,0.113166,0.149771,2.154582,0.918278,0.095325,0.767776,-0.116957,-0.015547,0.171122,-0.925103,0.157677,1.541119,0.110132,0.268550,2.137774
348,0.695000,0.921322,-0.022967,0.784553,-0.113904,-0.134327,0.187975,-0.922054,0.039409,1.557906,0.113173,0.150769,2.154483,0.918266,0.095803,0.767687,-0.116961,-0.015557,0.171109,-0.925110,0.158179,1.541040,0.110116,0.269539,2.137618
349,0.697000,0.921333,-0.022478,0.784521,-0.113885,-0.134328,0.188020,-0.922038,0.039922,1.557883,0.113180,0.151773,2.154384,0.918253,0.096283,0.767597,-0.116965,-0.015568,0.171096,-0.925118,0.158683,1.540960,0.110100,0.270533,2.137461
350,0.699000,0.921344,-0.021987,0.784489,-0.113866,-0.134330,0.188066,-0.922022,0.040437,1.557861,0.113187,0.152781,2.154284,0.918241,0.096765,0.767507,-0.116969,-0.015578,0.171084,-0.925125,0.159189,1.540879,0.110084,0.271532,2.137302
351,0.701000,0.921355,-0.021493,0.784455,-0.113846,-0.134332,0.188111,-0.922006,0.040955,1.557838,0.113195,0.153794,2.154183,0.918228,0.097250,0.767415,-0.116973,-0.015589,0.171071,-0.925133,0.159697,1.540798,0.110068,0.272537,2.137142
352,0.703000,0.921366,-0.020997,0.784422,-0.113827,-0.134334,0.188157,-0.921990,0.041475,1.557815,0.113203,0.154812,2.154080,0.918215,0.097737,0.767322,-0.116977,-0.015601,0.171058,-0.925140,0.160208,1.540716,0.110052,0.273546,2.136981
353,0.705000,0.921377,-0.020498,0.784388,-0.113807,-0.134337,0.188203,-0.921973,0.041997,1.557792,0.113211,0.155836,2.153976,0.918203,0.098226,0.767229,-0.116981,-0.015612,0.171045,-0.925147,0.160722,1.540634,0.110037,0.274560,2.136818
354,0.707000,0.921388,-0.019997,0.784353,-0.113787,-0.134339,0.188250,-0.921956,0.042522,1.557769,0.113219,0.156864,2.153872,0.918190,0.098718,0.767134,-0.116985,-0.015624,0.171032,-0.925154,0.161238,1.540551,0.110021,0.275579,2.136653
355,0.709000,0.921399,-0.019494,0.784317,-0.113767,-0.134342,0.188296,-0.921939,0.043050,1.557745,0.113227,0.157898,2.153766,0.918177,0.099212,0.767039,-0.116989,-0.015636,0.171018,-0.925161,0.161756,1.540467,0.110005,0.276604,2.136488
356,0.711000,0.921411,-0.018988,0.784281,-0.113747,-0.134345,0.188343,-0.921922,0.043580,1.557721,0.113235,0.158937,2.153659,0.918165,0.099709,0.766943,-0.116993,-0.015648,0.171005,-0.925168,0.162276,1.540383,0.109989,0.277634,2.136321
357,0.713000,0.921422,-0.018479,0.784244,-0.113727,-0.134348,0.188390,-0.921905,0.044113,1.557697,0.113244,0.159981,2.153550,0.918152,0.100208,0.766845,-0.116997,-0.015661,0.170992,-0.925175,0.162800,1.540298,0.109974,0.278668,2.136152
358,0.715000,0.921434,-0.017968,0.784206,-0.113706,-0.134351,0.188438,-0.921887,0.044648,1.557672,0.113253,0.161031,2.153441,0.918139,0.100709,0.766747,-0.117001,-0.015674,0.170978,-0.925181,0.163325,1.540213,0.109958,0.279708,2.135982
359,0.717000,0.921445,-0.017455,0.784168,-0.113686,-0.134355,0.188485,-0.921869,0.045185,1.557647,0.113262,0.162086,2.153331,0.918126,0.101213,0.766648,-0.117005,-0.015687,0.170965,-0.925188,0.163853,1.540127,0.109943,0.280753,2.135810
360,0.719000,0.921457,-0.016939,0.784129,-0.113665,-0.134358,0.188533,-0.921851,0.045726,1.557622,0.113271,0.163146,2.153219,0.918113,0.101719,0.766548,-0.117009,-0.015700,0.170951,-0.925194,0.164384,1.540040,0.109928,0.281804,2.135637
361,0.721000,0.921469,-0.016420,0.784090,-0.113644,-0.134362,0.188581,-0.921832,0.046269,1.557597,0.113281,0.164211,2.153106,0.918100,0.102228,0.766446,-0.117013,-0.015714,0.170937,-0.925201,0.164917,1.539953,0.109912,0.282859,2.135462
362,0.723000,0.921480,-0.015899,0.784049,-0.113623,-0.134366,0.188629,-0.921813,0.046814,1.557571,0.113290,0.165282,2.152992,0.918087,0.102740,0.766344,-0.117017,-0.015728,0.170923,-0.925207,0.165452,1.539866,0.109897,0.283920,2.135286
363,0.725000,0.921492,-0.015375,0.784008,-0.113602,-0.134371,0.188677,-0.921794,0.047362,1.557545,0.113300,0.166358,2.152876,0.918074,0.103253,0.766241,-0.117021,-0.015742,0.170909,-0.925213,0.165990,1.539777,0.109882,0.284986,2.135108
364,0.727000,0.921504,-0.014848,0.783967,-0.113581,-0.134375,0.188726,-0.921775,0.047913,1.557518,0.113310,0.167440,2.152759,0.918061,0.103770,0.766137,-0.117025,-0.015757,0.170895,-0.925219,0.166531,1.539688,0.109866,0.286058,2.134929
365,0.729000,0.921517,-0.014319,0.783925,-0.113559,-0.134380,0.188775,-0.921756,0.048466,1.557491,0.113320,0.168527,2.152641,0.918047,0.104288,0.766031,-0.117028,-0.015772,0.170881,-0.925225,0.167074,1.539598,0.109851,0.287135,2.134748
366,0.731000,0.921529,-0.013788,0.783882,-0.113537,-0.134385,0.188824,-0.921736,0.049023,1.557464,0.113331,0.169620,2.152522,0.918034,0.104810,0.765925,-0.117032,-0.015787,0.170867,-0.925231,0.167620,1.539508,0.109836,0.288217,2.134566
367,0.733000,0.921542,-0.013253,0.783838,-0.113515,-0.134390,0.188873,-0.921716,0.049581,1.557437,0.113341,0.170718,2.152402,0.918021,0.105334,0.765818,-0.117036,-0.015803,0.170853,-0.925236,0.168168,1.539416,0.109820,0.289305,2.134382
368,0.735000,0.921554,-0.012717,0.783793,-0.113492,-0.134398,0.188922,-0.921695,0.050142,1.557407,0.113351,0.171823,2.152278,0.918008,0.105860,0.765708,-0.117039,-0.015822,0.170837,-0.925242,0.168718,1.539323,0.109805,0.290400,2.134194
369,0.737000,0.921567,-0.012177,0.783748,-0.113470,-0.134406,0.188971,-0.921675,0.050706,1.557378,0.113362,0.172934,2.152155,0.917995,0.106389,0.765599,-0.117042,-0.015840,0.170822,-0.925247,0.169271,1.539230,0.109790,0.291500,2.134006
370,0.739000,0.921580,-0.011635,0.783702,-0.113447,-0.134413,0.189021,-0.921654,0.051272,1.557350,0.113373,0.174050,2.152030,0.917982,0.106920,0.765488,-0.117045,-0.015858,0.170808,-0.925253,0.169827,1.539136,0.109774,0.292605,2.133817
371,0.741000,0.921593,-0.011090,0.783656,-0.113423,-0.134421,0.189072,-0.921633,0.051842,1.557320,0.113384,0.175172,2.151904,0.917968,0.107454,0.765377,-0.117048,-0.015876,0.170793,-0.925258,0.170386,1.539041,0.109759,0.293716,2.133626
372,0.743000,0.921607,-0.010543,0.783608,-0.113399,-0.134431,0.189122,-0.921612,0.052413,1.557289,0.113394,0.176301,2.151776,0.917955,0.107990,0.765264,-0.117051,-0.015898,0.170777,-0.925263,0.170946,1.538945,0.109743,0.294834,2.133431
373,0.745000,0.921620,-0.009993,0.783561,-0.113375,-0.134441,0.189173,-0.921590,0.052987,1.557259,0.113405,0.177436,2.151646,0.917942,0.108529,0.765150,-0.117053,-0.015919,0.170762,-0.925268,0.171510,1.538848,0.109727,0.295958,2.133236
374,0.747000,0.921634,-0.009440,0.783513,-0.113350,-0.134451,0.189224,-0.921568,0.053565,1.557228,0.113416,0.178576,2.151516,0.917929,0.109071,0.765036,-0.117056,-0.015940,0.170747,-0.925273,0.172076,1.538751,0.109711,0.297087,2.133040
375,0.749000,0.921648,-0.008884,0.783463,-0.113325,-0.134464,0.189275,-0.921546,0.054144,1.557196,0.113428,0.179724,2.151383,0.917916,0.109615,0.764919,-0.117058,-0.015964,0.170731,-0.925278,0.172644,1.538652,0.109695,0.298223,2.132840
376,0.751000,0.921662,-0.008326,0.783414,-0.113300,-0.134476,0.189327,-0.921524,0.054727,1.557164,0.113439,0.180877,2.151250,0.917903,0.110162,0.764803,-0.117060,-0.015988,0.170716,-0.925283,0.173215,1.538553,0.109679,0.299365,2.132639
377,0.753000,0.921677,-0.007765,0.783363,-0.113274,-0.134491,0.189379,-0.921501,0.055311,1.557131,0.113450,0.182038,2.151114,0.917890,0.110711,0.764684,-0.117061,-0.016015,0.170700,-0.925288,0.173788,1.538452,0.109663,0.300514,2.132436
378,0.755000,0.921691,-0.007202,0.783312,-0.113249,-0.134506,0.189432,-0.921478,0.055899,1.557098,0.113462,0.183204,2.150978,0.917877,0.111264,0.764565,-0.117063,-0.016041,0.170685,-0.925293,0.174365,1.538351,0.109647,0.301669,2.132231
379,0.757000,0.921706,-0.006635,0.783260,-0.113222,-0.134523,0.189485,-0.921455,0.056490,1.557064,0.113473,0.184377,2.150839,0.917864,0.111818,0.764444,-0.117065,-0.016070,0.170669,-0.925297,0.174943,1.538249,0.109631,0.302831,2.132024
380,0.759000,0.921721,-0.006066,0.783207,-0.113195,-0.134541,0.189538,-0.921431,0.057083,1.557030,0.113485,0.185557,2.150699,0.917850,0.112375,0.764322,-0.117066,-0.016099,0.170653,-0.925302,0.175524,1.538146,0.109615,0.303999,2.131815
381,0.761000,0.921736,-0.005495,0.783153,-0.113168,-0.134560,0.189592,-0.921407,0.057679,1.556996,0.113497,0.186744,2.150558,0.917837,0.112935,0.764199,-0.117067,-0.016130,0.170638,-0.925306,0.176108,1.538042,0.109598,0.305173,2.131604
382,0.763000,0.921751,-0.004920,0.783099,-0.113141,-0.134580,0.189646,-0.921383,0.058277,1.556961,0.113509,0.187937,2.150414,0.917824,0.113497,0.764075,-0.117068,-0.016163,0.170622,-0.925310,0.176695,1.537937,0.109582,0.306355,2.131390
383,0.765000,0.921766,-0.004343,0.783043,-0.113113,-0.134603,0.189700,-0.921359,0.058879,1.556925,0.113521,0.189138,2.150268,0.917810,0.114062,0.763949,-0.117069,-0.016198,0.170606,-0.925315,0.177284,1.537831,0.109565,0.307543,2.131174
384,0.767000,0.921782,-0.003763,0.782987,-0.113086,-0.134627,0.189755,-0.921334,0.059482,1.556889,0.113533,0.190346,2.150121,0.917797,0.114629,0.763821,-0.117070,-0.016234,0.170589,-0.925319,0.177875,1.537723,0.109548,0.308739,2.130956
385,0.769000,0.921797,-0.003181,0.782930,-0.113057,-0.134652,0.189810,-0.921309,0.060089,1.556852,0.113546,0.191561,2.149972,0.917783,0.115200,0.763693,-0.117071,-0.016272,0.170573,-0.925323,0.178469,1.537615,0.109532,0.309941,2.130735
386,0.771000,0.921813,-0.002595,0.782871,-0.113029,-0.134679,0.189865,-0.921284,0.060699,1.556815,0.113558,0.192782,2.149821,0.917770,0.115772,0.763563,-0.117072,-0.016311,0.170556,-0.925327,0.179066,1.537506,0.109515,0.311150,2.130512
387,0.773000,0.921829,-0.002007,0.782812,-0.113000,-0.134706,0.189921,-0.921258,0.061311,1.556777,0.113571,0.194011,2.149669,0.917756,0.116348,0.763431,-0.117073,-0.016352,0.170540,-0.925331,0.179666,1.537396,0.109498,0.312365,2.130287
388,0.775000,0.921845,-0.001416,0.782753,-0.112971,-0.134735,0.189977,-0.921232,0.061926,1.556739,0.113584,0.195246,2.149514,0.917743,0.116926,0.763298,-0.117073,-0.016394,0.170523,-0.925334,0.180268,1.537285,0.109481,0.313587,2.130060
389,0.777000,0.921861,-0.000822,0.782691,-0.112941,-0.134767,0.190034,-0.921205,0.062544,1.556700,0.113597,0.196489,2.149358,0.917729,0.117507,0.763164,-0.117074,-0.016438,0.170506,-0.925338,0.180872,1.537173,0.109464,0.314817,2.129830
390,0.779000,0.921878,-0.000225,0.782629,-0.112911,-0.134799,0.190091,-0.921179,0.063165,1.556661,0.113610,0.197739,2.149200,0.917715,0.118090,0.763028,-0.117074,-0.016483,0.170490,-0.925341,0.181480,1.537060,0.109447,0.316054,2.129598
391,0.781000,0.921894,0.000375,0.782567,-0.112881,-0.134832,0.190148,-0.921152,0.063789,1.556622,0.113624,0.198995,2.149040,0.917701,0.118676,0.762891,-0.117074,-0.016531,0.170473,-0.925345,0.182090,1.536946,0.109430,0.317297,2.129364
392,0.783000,0.921911,0.000977,0.782503,-0.112851,-0.134867,0.190206,-0.921124,0.064415,1.556581,0.113637,0.200260,2.148877,0.917687,0.119265,0.762752,-0.117075,-0.016579,0.170456,-0.925348,0.182703,1.536831,0.109413,0.318548,2.129127
393,0.785000,0.921927,0.001582,0.782437,-0.112820,-0.134905,0.190264,-0.921097,0.065044,1.556540,0.113651,0.201532,2.148713,0.917673,0.119857,0.762611,-0.117075,-0.016631,0.170438,-0.925351,0.183318,1.536714,0.109396,0.319806,2.128887
394,0.787000,0.921944,0.002191,0.782370,-0.112789,-0.134945,0.190322,-0.921069,0.065676,1.556498,0.113665,0.202811,2.148546,0.917658,0.120451,0.762468,-0.117075,-0.016684,0.170420,-0.925355,0.183936,1.536596,0.109379,0.321072,2.128644
395,0.789000,0.921961,0.002802,0.782304,-0.112758,-0.134984,0.190382,-0.921040,0.066311,1.556456,0.113679,0.204097,2.148378,0.917644,0.121048,0.762325,-0.117075,-0.016737,0.170403,-0.925358,0.184558,1.536478,0.109361,0.322343,2.128400
396,0.791000,0.921978,0.003416,0.782235,-0.112727,-0.135025,0.190441,-0.921012,0.066949,1.556414,0.113693,0.205390,2.148208,0.917629,0.121648,0.762180,-0.117075,-0.016793,0.170386,-0.925360,0.185182,1.536358,0.109344,0.323623,2.128153
397,0.793000,0.921995,0.004033,0.782166,-0.112695,-0.135068,0.190501,-0.920983,0.067590,1.556370,0.113707,0.206691,2.148036,0.917615,0.122251,0.762033,-0.117075,-0.016850,0.170368,-0.925363,0.185808,1.536238,0.109327,0.324909,2.127903
398,0.795000,0.922013,0.004653,0.782095,-0.112663,-0.135113,0.190561,-0.920953,0.068234,1.556327,0.113722,0.208000,2.147861,0.917600,0.122856,0.761885,-0.117075,-0.016909,0.170350,-0.925366,0.186438,1.536116,0.109309,0.326203,2.127651
399,0.797000,0.922030,0.005276,0.782024,-0.112630,-0.135158,0.190622,-0.920924,0.068881,1.556282,0.113737,0.209315,2.147685,0.917585,0.123465,0.761735,-0.117075,-0.016969,0.170333,-0.925368,0.187070,1.535993,0.109292,0.327504,2.127396
400,0.799000,0.922047,0.005902,0.781951,-0.112598,-0.135205,0.190683,-0.920894,0.069531,1.556238,0.113751,0.210638,2.147506,0.917570,0.124076,0.761583,-0.117075,-0.017031,0.170315,-0.925371,0.187705,1.535870,0.109274,0.328812,2.127139
401,0.801000,0.922065,0.006531,0.781878,-0.112565,-0.135253,0.190745,-0.920863,0.070184,1.556193,0.113766,0.211968,2.147326,0.917555,0.124690,0.761431,-0.117075,-0.017094,0.170297,-0.925373,0.188343,1.535746,0.109257,0.330127,2.126879
402,0.803000,0.922083,0.007163,0.781804,-0.112532,-0.135302,0.190807,-0.920833,0.070840,1.556147,0.113782,0.213306,2.147144,0.917540,0.125307,0.761276,-0.117074,-0.017158,0.170280,-0.925375,0.188984,1.535620,0.109239,0.331450,2.126617
403,0.805000,0.922101,0.007799,0.781728,-0.112498,-0.135352,0.190870,-0.920801,0.071500,1.556102,0.113797,0.214651,2.146960,0.917525,0.125928,0.761121,-0.117074,-0.017223,0.170263,-0.925377,0.189628,1.535494,0.109221,0.332779,2.126353
404,0.807000,0.922118,0.008437,0.781652,-0.112464,-0.135403,0.190934,-0.920770,0.072162,1.556056,0.113813,0.216003,2.146774,0.917509,0.126551,0.760964,-0.117074,-0.017290,0.170246,-0.925379,0.190276,1.535368,0.109204,0.334116,2.126086
405,0.809000,0.922136,0.009079,0.781575,-0.112430,-0.135455,0.190998,-0.920738,0.072828,1.556010,0.113829,0.217362,2.146587,0.917494,0.127177,0.760806,-0.117073,-0.017357,0.170229,-0.925381,0.190926,1.535240,0.109186,0.335460,2.125817
406,0.811000,0.922155,0.009724,0.781498,-0.112396,-0.135507,0.191063,-0.920706,0.073497,1.555963,0.113845,0.218729,2.146398,0.917478,0.127806,0.760646,-0.117073,-0.017425,0.170212,-0.925383,0.191579,1.535112,0.109168,0.336811,2.125547
407,0.813000,0.922173,0.010373,0.781419,-0.112362,-0.135560,0.191129,-0.920674,0.074169,1.555917,0.113861,0.220103,2.146207,0.917462,0.128439,0.760486,-0.117072,-0.017494,0.170196,-0.925384,0.192235,1.534984,0.109150,0.338169,2.125273
408,0.815000,0.922191,0.011025,0.781340,-0.112327,-0.135614,0.191196,-0.920641,0.074845,1.555870,0.113877,0.221484,2.146014,0.917446,0.129075,0.760324,-0.117071,-0.017564,0.170180,-0.925386,0.192895,1.534854,0.109132,0.339534,2.124998
409,0.817000,0.922209,0.011680,0.781260,-0.112292,-0.135669,0.191264,-0.920608,0.075524,1.555823,0.113894,0.222873,2.145820,0.917430,0.129713,0.760161,-0.117071,-0.017635,0.170165,-0.925387,0.193558,1.534724,0.109115,0.340906,2.124721
410,0.819000,0.922228,0.012338,0.781179,-0.112257,-0.135724,0.191332,-0.920574,0.076206,1.555777,0.113910,0.224269,2.145623,0.917414,0.130356,0.759997,-0.117070,-0.017707,0.170150,-0.925388,0.194224,1.534594,0.109097,0.342286,2.124441
411,0.821000,0.922246,0.013000,0.781098,-0.112221,-0.135780,0.191402,-0.920540,0.076892,1.555730,0.113927,0.225672,2.145426,0.917398,0.131001,0.759831,-0.117069,-0.017779,0.170135,-0.925389,0.194893,1.534463,0.109079,0.343673,2.124159
412,0.823000,0.922265,0.013665,0.781016,-0.112185,-0.135837,0.191472,-0.920506,0.077581,1.555683,0.113944,0.227083,2.145226,0.917382,0.131649,0.759665,-0.117069,-0.017852,0.170121,-0.925390,0.195565,1.534332,0.109061,0.345067,2.123875
413,0.825000,0.922284,0.014334,0.780933,-0.112149,-0.135894,0.191543,-0.920472,0.078274,1.555636,0.113961,0.228501,2.145025,0.917365,0.132301,0.759497,-0.117068,-0.017926,0.170108,-0.925390,0.196241,1.534200,0.109043,0.346469,2.123589
414,0.827000,0.922303,0.015006,0.780849,-0.112113,-0.135951,0.191616,-0.920437,0.078970,1.555588,0.113979,0.229927,2.144822,0.917349,0.132957,0.759328,-0.117067,-0.018001,0.170094,-0.925391,0.196920,1.534067,0.109025,0.347877,2.123301
415,0.829000,0.922321,0.015682,0.780765,-0.112076,-0.136009,0.191689,-0.920401,0.079669,1.555541,0.113996,0.231360,2.144618,0.917332,0.133615,0.759158,-0.117066,-0.018076,0.170082,-0.925391,0.197602,1.533934,0.109007,0.349294,2.123011
416,0.831000,0.922340,0.016361,0.780680,-0.112040,-0.136068,0.191763,-0.920366,0.080372,1.555494,0.114014,0.232801,2.144411,0.917315,0.134277,0.758987,-0.117065,-0.018152,0.170070,-0.925391,0.198288,1.533801,0.108989,0.350717,2.122718
417,0.833000,0.922359,0.017044,0.780595,-0.112002,-0.136127,0.191838,-0.920330,0.081079,1.555447,0.114032,0.234250,2.144203,0.917298,0.134942,0.758815,-0.117064,-0.018228,0.170058,-0.925391,0.198977,1.533667,0.108971,0.352148,2.122423
418,0.835000,0.922379,0.017731,0.780509,-0.111965,-0.136186,0.191914,-0.920293,0.081789,1.555400,0.114050,0.235706,2.143994,0.917281,0.135611,0.758641,-0.117063,-0.018305,0.170047,-0.925391,0.199670,1.533532,0.108953,0.353586,2.122127
419,0.837000,0.922398,0.018421,0.780421,-0.111927,-0.136246,0.191992,-0.920257,0.082503,1.555353,0.114069,0.237170,2.143782,0.917264,0.136283,0.758467,-0.117062,-0.018383,0.170037,-0.925391,0.200366,1.533398,0.108934,0.355032,2.121827
420,0.839000,0.922417,0.019114,0.780334,-0.111890,-0.136306,0.192070,-0.920219,0.083221,1.555305,0.114087,0.238641,2.143569,0.917246,0.136959,0.758291,-0.117060,-0.018461,0.170027,-0.925390,0.201065,1.533262,0.108916,0.356486,2.121526
421,0.841000,0.922436,0.019812,0.780245,-0.111851,-0.136367,0.192149,-0.920182,0.083942,1.555258,0.114106,0.240120,2.143354,0.917229,0.137638,0.758114,-0.117059,-0.018540,0.170017,-0.925390,0.201768,1.533126,0.108898,0.357947,2.121223
422,0.843000,0.922456,0.020513,0.780156,-0.111813,-0.136428,0.192229,-0.920144,0.084667,1.555211,0.114125,0.241607,2.143137,0.917211,0.138321,0.757935,-0.117058,-0.018620,0.170009,-0.925389,0.202475,1.532990,0.108880,0.359415,2.120917
423,0.845000,0.922475,0.021218,0.780066,-0.111774,-0.136489,0.192311,-0.920106,0.085395,1.555163,0.114144,0.243102,2.142919,0.917193,0.139007,0.757756,-0.117057,-0.018699,0.170000,-0.925388,0.203185,1.532853,0.108861,0.360891,2.120608
424,0.847000,0.922495,0.021926,0.779975,-0.111735,-0.136551,0.192393,-0.920067,0.086128,1.555116,0.114163,0.244604,2.142698,0.917175,0.139697,0.757575,-0.117055,-0.018780,0.169993,-0.925387,0.203898,1.532716,0.108843,0.362375,2.120298
425,0.849000,0.922515,0.022638,0.779884,-0.111696,-0.136613,0.192476,-0.920028,0.086864,1.555068,0.114182,0.246115,2.142476,0.917157,0.140390,0.757393,-0.117054,-0.018861,0.169985,-0.925386,0.204616,1.532578,0.108825,0.363867,2.119985
426,0.851000,0.922534,0.023354,0.779791,-0.111656,-0.136675,0.192560,-0.919989,0.087604,1.555021,0.114202,0.247633,2.142251,0.917139,0.141087,0.757210,-0.117052,-0.018942,0.169979,-0.925384,0.205336,1.532439,0.108806,0.365366,2.119670
427,0.853000,0.922554,0.024074,0.779698,-0.111617,-0.136738,0.192646,-0.919949,0.088348,1.554973,0.114222,0.249160,2.142025,0.917120,0.141788,0.757025,-0.117051,-0.019025,0.169973,-0.925383,0.206061,1.532300,0.108788,0.366873,2.119352
428,0.855000,0.922574,0.024798,0.779604,-0.111577,-0.136801,0.192732,-0.919909,0.089095,1.554925,0.114242,0.250694,2.141797,0.917102,0.142492,0.756839,-0.117049,-0.019107,0.169967,-0.925381,0.206789,1.532160,0.108769,0.368388,2.119032
429,0.857000,0.922594,0.025526,0.779509,-0.111536,-0.136865,0.192819,-0.919868,0.089846,1.554877,0.114262,0.252237,2.141566,0.917083,0.143200,0.756651,-0.117047,-0.019191,0.169962,-0.925379,0.207520,1.532020,0.108751,0.369911,2.118709
430,0.859000,0.922614,0.026257,0.779413,-0.111496,-0.136930,0.192908,-0.919827,0.090602,1.554829,0.114282,0.253788,2.141334,0.917064,0.143911,0.756463,-0.117046,-0.019275,0.169958,-0.925377,0.208256,1.531879,0.108732,0.371443,2.118384
431,0.861000,0.922634,0.026992,0.779316,-0.111455,-0.136995,0.192997,-0.919786,0.091361,1.554781,0.114303,0.255348,2.141099,0.917045,0.144626,0.756272,-0.117044,-0.019361,0.169954,-0.925375,0.208995,1.531737,0.108714,0.372982,2.118056
432,0.863000,0.922654,0.027732,0.779218,-0.111413,-0.137061,0.193088,-0.919744,0.092124,1.554733,0.114323,0.256917,2.140862,0.917025,0.145345,0.756080,-0.117042,-0.019448,0.169951,-0.925373,0.209737,1.531595,0.108695,0.374530,2.117725
433,0.865000,0.922674,0.028475,0.779119,-0.111372,-0.137128,0.193180,-0.919702,0.092891,1.554684,0.114344,0.258494,2.140623,0.917006,0.146068,0.755887,-0.117040,-0.019535,0.169948,-0.925370,0.210484,1.531452,0.108676,0.376087,2.117391
434,0.867000,0.922695,0.029222,0.779019,-0.111330,-0.137197,0.193273,-0.919659,0.093661,1.554635,0.114365,0.260079,2.140382,0.916986,0.146794,0.755692,-0.117038,-0.019624,0.169946,-0.925367,0.211234,1.531308,0.108657,0.377652,2.117055
435,0.869000,0.922715,0.029972,0.778918,-0.111287,-0.137266,0.193366,-0.919616,0.094436,1.554586,0.114386,0.261674,2.140138,0.916966,0.147524,0.755495,-0.117036,-0.019714,0.169944,-0.925364,0.211987,1.531164,0.108638,0.379226,2.116715
436,0.871000,0.922735,0.030727,0.778816,-0.111245,-0.137336,0.193461,-0.919572,0.095215,1.554537,0.114408,0.263278,2.139891,0.916946,0.148257,0.755297,-0.117034,-0.019806,0.169943,-0.925361,0.212745,1.531018,0.108619,0.380808,2.116372
437,0.873000,0.922756,0.031486,0.778713,-0.111202,-0.137407,0.193558,-0.919528,0.095997,1.554488,0.114429,0.264891,2.139643,0.916926,0.148995,0.755097,-0.117032,-0.019899,0.169942,-0.925358,0.213506,1.530872,0.108600,0.382400,2.116027
438,0.875000,0.922776,0.032249,0.778608,-0.111159,-0.137480,0.193655,-0.919484,0.096784,1.554438,0.114451,0.266513,2.139391,0.916906,0.149736,0.754895,-0.117029,-0.019993,0.169942,-0.925355,0.214271,1.530725,0.108580,0.384000,2.115678
439,0.877000,0.922797,0.033015,0.778502,-0.111115,-0.137554,0.193753,-0.919439,0.097575,1.554388,0.114473,0.268144,2.139137,0.916885,0.150481,0.754691,-0.117027,-0.020089,0.169942,-0.925351,0.215040,1.530577,0.108561,0.385609,2.115326
440,0.879000,0.922818,0.033786,0.778396,-0.111071,-0.137629,0.193852,-0.919394,0.098369,1.554337,0.114495,0.269784,2.138880,0.916864,0.151229,0.754486,-0.117025,-0.020186,0.169943,-0.925347,0.215812,1.530428,0.108541,0.387227,2.114971
441,0.881000,0.922838,0.034561,0.778287,-0.111027,-0.137705,0.193953,-0.919348,0.099168,1.554286,0.114517,0.271434,2.138621,0.916843,0.151982,0.754278,-0.117022,-0.020285,0.169944,-0.925344,0.216589,1.530277,0.108522,0.388855,2.114612
442,0.883000,0.922859,0.035340,0.778178,-0.110982,-0.137783,0.194054,-0.919302,0.099971,1.554235,0.114539,0.273094,2.138359,0.916822,0.152738,0.754069,-0.117020,-0.020385,0.169945,-0.925340,0.217369,1.530126,0.108502,0.390492,2.114250
443,0.885000,0.922880,0.036122,0.778067,-0.110937,-0.137863,0.194157,-0.919255,0.100778,1.554183,0.114562,0.274763,2.138094,0.916800,0.153498,0.753858,-0.117017,-0.020487,0.169948,-0.925335,0.218153,1.529974,0.108482,0.392138,2.113884
444,0.887000,0.922901,0.036909,0.777954,-0.110892,-0.137943,0.194260,-0.919208,0.101588,1.554131,0.114585,0.276441,2.137825,0.916778,0.154262,0.753644,-0.117014,-0.020591,0.169950,-0.925331,0.218941,1.529821,0.108462,0.393793,2.113515
445,0.889000,0.922922,0.037700,0.777841,-0.110846,-0.138025,0.194365,-0.919161,0.102404,1.554078,0.114607,0.278129,2.137554,0.916756,0.155029,0.753429,-0.117012,-0.020697,0.169953,-0.925326,0.219732,1.529667,0.108442,0.395458,2.113142
446,0.891000,0.922943,0.038495,0.777725,-0.110800,-0.138109,0.194470,-0.919112,0.103223,1.554025,0.114630,0.279827,2.137280,0.916734,0.155801,0.753211,-0.117009,-0.020804,0.169956,-0.925322,0.220528,1.529511,0.108421,0.397133,2.112766
447,0.893000,0.922964,0.039295,0.777608,-0.110753,-0.138194,0.194577,-0.919064,0.104046,1.553971,0.114654,0.281535,2.137003,0.916712,0.156576,0.752991,-0.117006,-0.020913,0.169960,-0.925317,0.221327,1.529354,0.108401,0.398817,2.112386
448,0.895000,0.922985,0.040098,0.777490,-0.110706,-0.138281,0.194684,-0.919015,0.104874,1.553917,0.114677,0.283253,2.136722,0.916689,0.157355,0.752769,-0.117003,-0.021024,0.169964,-0.925312,0.222131,1.529196,0.108380,0.400510,2.112001
449,0.897000,0.923007,0.040906,0.777370,-0.110659,-0.138370,0.194793,-0.918965,0.105705,1.553862,0.114700,0.284981,2.136438,0.916666,0.158138,0.752544,-0.117000,-0.021137,0.169968,-0.925306,0.222938,1.529037,0.108359,0.402214,2.111613
450,0.899000,0.923028,0.041717,0.777248,-0.110611,-0.138460,0.194902,-0.918915,0.106541,1.553806,0.114724,0.286719,2.136151,0.916642,0.158925,0.752318,-0.116997,-0.021252,0.169972,-0.925301,0.223749,1.528876,0.108339,0.403927,2.111221
451,0.901000,0.923049,0.042533,0.777124,-0.110563,-0.138552,0.195013,-0.918865,0.107382,1.553750,0.114748,0.288467,2.135861,0.916619,0.159716,0.752088,-0.116994,-0.021369,0.169977,-0.925295,0.224565,1.528714,0.108317,0.405650,2.110825
452,0.903000,0.923071,0.043353,0.776999,-0.110515,-0.138645,0.195124,-0.918814,0.108226,1.553692,0.114772,0.290225,2.135567,0.916595,0.160511,0.751857,-0.116990,-0.021488,0.169982,-0.925289,0.225384,1.528550,0.108296,0.407383,2.110425
453,0.905000,0.923092,0.044178,0.776871,-0.110466,-0.138741,0.195237,-0.918762,0.109075,1.553635,0.114796,0.291994,2.135269,0.916571,0.161310,0.751622,-0.116987,-0.021608,0.169988,-0.925283,0.226207,1.528386,0.108275,0.409126,2.110020
454,0.907000,0.923114,0.045007,0.776742,-0.110417,-0.138837,0.195350,-0.918710,0.109928,1.553576,0.114820,0.293772,2.134968,0.916547,0.162113,0.751386,-0.116983,-0.021731,0.169993,-0.925277,0.227035,1.528219,0.108253,0.410879,2.109611
455,0.909000,0.923135,0.045840,0.776611,-0.110367,-0.138936,0.195464,-0.918658,0.110786,1.553516,0.114844,0.295562,2.134663,0.916522,0.162920,0.751146,-0.116980,-0.021856,0.169999,-0.925271,0.227866,1.528051,0.108231,0.412642,2.109198
456,0.911000,0.923157,0.046677,0.776478,-0.110317,-0.139037,0.195580,-0.918605,0.111648,1.553456,0.114869,0.297361,2.134355,0.916497,0.163731,0.750904,-0.116976,-0.021983,0.170005,-0.925264,0.228702,1.527882,0.108209,0.414415,2.108780
457,0.913000,0.923178,0.047519,0.776343,-0.110266,-0.139139,0.195696,-0.918551,0.112514,1.553395,0.114894,0.299171,2.134042,0.916472,0.164546,0.750659,-0.116973,-0.022112,0.170012,-0.925257,0.229541,1.527711,0.108187,0.416199,2.108358
458,0.915000,0.923200,0.048365,0.776206,-0.110215,-0.139243,0.195813,-0.918497,0.113385,1.553332,0.114918,0.300992,2.133726,0.916446,0.165365,0.750412,-0.116969,-0.022243,0.170018,-0.925250,0.230385,1.527538,0.108165,0.417992,2.107932
459,0.917000,0.923222,0.049215,0.776067,-0.110164,-0.139349,0.195931,-0.918442,0.114260,1.553269,0.114943,0.302824,2.133406,0.916421,0.166188,0.750161,-0.116965,-0.022376,0.170025,-0.925243,0.231232,1.527364,0.108142,0.419797,2.107500
460,0.919000,0.923243,0.050070,0.775926,-0.110112,-0.139457,0.196049,-0.918387,0.115139,1.553205,0.114968,0.304666,2.133081,0.916394,0.167015,0.749908,-0.116961,-0.022512,0.170032,-0.925236,0.232084,1.527188,0.108119,0.421611,2.107064
461,0.921000,0.923265,0.050929,0.775782,-0.110060,-0.139567,0.196169,-0.918331,0.116023,1.553140,0.114994,0.306519,2.132753,0.916368,0.167846,0.749652,-0.116957,-0.022649,0.170039,-0.925228,0.232941,1.527010,0.108096,0.423436,2.106623
462,0.923000,0.923287,0.051793,0.775636,-0.110007,-0.139678,0.196289,-0.918275,0.116912,1.553074,0.115019,0.308383,2.132421,0.916341,0.168682,0.749393,-0.116953,-0.022789,0.170046,-0.925221,0.233801,1.526831,0.108073,0.425272,2.106177
463,0.925000,0.923309,0.052661,0.775488,-0.109954,-0.139792,0.196411,-0.918218,0.117805,1.553007,0.115044,0.310258,2.132084,0.916314,0.169521,0.749131,-0.116948,-0.022931,0.170053,-0.925213,0.234665,1.526649,0.108050,0.427118,2.105727
464,0.927000,0.923331,0.053533,0.775338,-0.109900,-0.139907,0.196533,-0.918161,0.118703,1.552938,0.115070,0.312143,2.131743,0.916287,0.170365,0.748866,-0.116944,-0.023076,0.170061,-0.925204,0.235534,1.526466,0.108026,0.428975,2.105271
465,0.929000,0.923352,0.054411,0.775185,-0.109846,-0.140025,0.196656,-0.918103,0.119605,1.552869,0.115096,0.314040,2.131398,0.916259,0.171213,0.748597,-0.116939,-0.023222,0.170068,-0.925196,0.236407,1.526281,0.108002,0.430842,2.104810
466,0.931000,0.923374,0.055292,0.775030,-0.109792,-0.140144,0.196780,-0.918044,0.120512,1.552798,0.115122,0.315948,2.131048,0.916231,0.172065,0.748326,-0.116935,-0.023371,0.170076,-0.925188,0.237284,1.526094,0.107978,0.432721,2.104344
467,0.933000,0.923396,0.056178,0.774872,-0.109737,-0.140265,0.196904,-0.917985,0.121423,1.552726,0.115148,0.317867,2.130694,0.916203,0.172921,0.748051,-0.116930,-0.023523,0.170084,-0.925179,0.238166,1.525906,0.107954,0.434610,2.103873
468,0.935000,0.923418,0.057069,0.774712,-0.109681,-0.140389,0.197030,-0.917926,0.122339,1.552653,0.115174,0.319797,2.130335,0.916174,0.173782,0.747773,-0.116925,-0.023676,0.170091,-0.925170,0.239052,1.525715,0.107930,0.436510,2.103397
469,0.937000,0.923440,0.057965,0.774549,-0.109625,-0.140514,0.197156,-0.917865,0.123260,1.552579,0.115200,0.321739,2.129972,0.916145,0.174647,0.747492,-0.116920,-0.023832,0.170099,-0.925161,0.239942,1.525522,0.107905,0.438421,2.102915
470,0.939000,0.923462,0.058865,0.774384,-0.109569,-0.140641,0.197284,-0.917805,0.124186,1.552504,0.115226,0.323692,2.129604,0.916115,0.175516,0.747207,-0.116915,-0.023990,0.170107,-0.925151,0.240837,1.525327,0.107880,0.440343,2.102427
471,0.941000,0.923484,0.059770,0.774216,-0.109512,-0.140771,0.197412,-0.917743,0.125116,1.552427,0.115253,0.325657,2.129231,0.916086,0.176389,0.746919,-0.116910,-0.024151,0.170115,-0.925141,0.241736,1.525130,0.107855,0.442276,2.101935
472,0.943000,0.923506,0.060679,0.774045,-0.109455,-0.140902,0.197540,-0.917681,0.126051,1.552349,0.115279,0.327633,2.128853,0.916055,0.177267,0.746628,-0.116905,-0.024314,0.170123,-0.925132,0.242639,1.524932,0.107829,0.444221,2.101436
473,0.945000,0.923528,0.061593,0.773871,-0.109397,-0.141036,0.197670,-0.917619,0.126991,1.552269,0.115306,0.329620,2.128471,0.916025,0.178149,0.746333,-0.116900,-0.024480,0.170131,-0.925121,0.243547,1.524731,0.107803,0.446176,2.100932
474,0.947000,0.923550,0.062512,0.773695,-0.109339,-0.141171,0.197800,-0.917556,0.127936,1.552188,0.115333,0.331619,2.128083,0.915994,0.179036,0.746034,-0.116894,-0.024647,0.170139,-0.925111,0.244460,1.524527,0.107777,0.448143,2.100422
475,0.949000,0.923571,0.063436,0.773516,-0.109280,-0.141309,0.197932,-0.917492,0.128886,1.552106,0.115360,0.333630,2.127691,0.915963,0.179927,0.745732,-0.116889,-0.024818,0.170147,-0.925101,0.245377,1.524322,0.107751,0.450121,2.099906
476,0.951000,0.923593,0.064364,0.773334,-0.109221,-0.141448,0.198064,-0.917427,0.129840,1.552023,0.115387,0.335653,2.127293,0.915931,0.180822,0.745426,-0.116883,-0.024991,0.170156,-0.925090,0.246298,1.524114,0.107724,0.452110,2.099385
477,0.953000,0.923615,0.065297,0.773149,-0.109161,-0.141590,0.198196,-0.917362,0.130800,1.551937,0.115414,0.337687,2.126890,0.915899,0.181722,0.745116,-0.116877,-0.025166,0.170164,-0.925079,0.247224,1.523905,0.107698,0.454111,2.098857
478,0.955000,0.923637,0.066235,0.772961,-0.109101,-0.141734,0.198330,-0.917297,0.131764,1.551851,0.115441,0.339733,2.126482,0.915866,0.182626,0.744803,-0.116872,-0.025344,0.170172,-0.925067,0.248154,1.523692,0.107671,0.456124,2.098324
479,0.957000,0.923659,0.067178,0.772770,-0.109040,-0.141880,0.198464,-0.917231,0.132733,1.551763,0.115469,0.341792,2.126069,0.915833,0.183534,0.744486,-0.116866,-0.025524,0.170180,-0.925056,0.249089,1.523478,0.107643,0.458148,2.097784
480,0.959000,0.923681,0.068126,0.772576,-0.108979,-0.142028,0.198600,-0.917164,0.133708,1.551673,0.115496,0.343862,2.125650,0.915800,0.184447,0.744165,-0.116859,-0.025707,0.170188,-0.925044,0.250029,1.523261,0.107615,0.460183,2.097238
481,0.961000,0.923702,0.069079,0.772379,-0.108917,-0.142179,0.198736,-0.917096,0.134687,1.551582,0.115524,0.345944,2.125225,0.915766,0.185365,0.743840,-0.116853,-0.025892,0.170196,-0.925032,0.250973,1.523042,0.107588,0.462231,2.096686
482,0.963000,0.923724,0.070036,0.772179,-0.108855,-0.142331,0.198872,-0.917028,0.135672,1.551489,0.115551,0.348039,2.124795,0.915732,0.186287,0.743511,-0.116847,-0.026080,0.170204,-0.925020,0.251922,1.522821,0.107559,0.464290,2.096127
483,0.965000,0.923746,0.070999,0.771976,-0.108792,-0.142486,0.199010,-0.916959,0.136661,1.551394,0.115579,0.350146,2.124360,0.915698,0.187214,0.743178,-0.116840,-0.026271,0.170213,-0.925007,0.252876,1.522597,0.107531,0.466361,2.095562
484,0.967000,0.923768,0.071966,0.771769,-0.108729,-0.142642,0.199148,-0.916890,0.137656,1.551298,0.115607,0.352265,2.123919,0.915663,0.188145,0.742841,-0.116834,-0.026464,0.170221,-0.924995,0.253834,1.522370,0.107502,0.468443,2.094991
485,0.969000,0.923789,0.072939,0.771559,-0.108665,-0.142801,0.199288,-0.916819,0.138656,1.551201,0.115635,0.354396,2.123472,0.915627,0.189081,0.742500,-0.116827,-0.026659,0.170229,-0.924982,0.254798,1.522142,0.107473,0.470538,2.094413
486,0.971000,0.923811,0.073917,0.771346,-0.108601,-0.142962,0.199428,-0.916749,0.139661,1.551101,0.115663,0.356540,2.123019,0.915591,0.190022,0.742155,-0.116820,-0.026858,0.170237,-0.924968,0.255765,1.521910,0.107443,0.472644,2.093828
487,0.973000,0.923832,0.074899,0.771129,-0.108536,-0.143126,0.199568,-0.916677,0.140671,1.551000,0.115691,0.358696,2.122560,0.915555,0.190967,0.741805,-0.116813,-0.027058,0.170245,-0.924955,0.256738,1.521676,0.107413,0.474763,2.093237
488,0.975000,0.923854,0.075887,0.770909,-0.108470,-0.143291,0.199710,-0.916605,0.141686,1.550897,0.115719,0.360865,2.122095,0.915518,0.191916,0.741451,-0.116806,-0.027262,0.170253,-0.924941,0.257715,1.521440,0.107383,0.476894,2.092638
489,0.977000,0.923875,0.076880,0.770685,-0.108404,-0.143459,0.199852,-0.916532,0.142707,1.550792,0.115747,0.363046,2.121625,0.915481,0.192871,0.741093,-0.116799,-0.027468,0.170261,-0.924927,0.258698,1.521201,0.107353,0.479037,2.092033
490,0.979000,0.923897,0.077878,0.770457,-0.108338,-0.143629,0.199995,-0.916459,0.143733,1.550686,0.115776,0.365240,2.121148,0.915443,0.193830,0.740731,-0.116791,-0.027677,0.170269,-0.924912,0.259685,1.520959,0.107322,0.481192,2.091421
491,0.981000,0.923918,0.078881,0.770227,-0.108271,-0.143801,0.200139,-0.916384,0.144764,1.550577,0.115804,0.367447,2.120664,0.915405,0.194794,0.740364,-0.116784,-0.027888,0.170276,-0.924898,0.260677,1.520714,0.107291,0.483359,2.090801
492,0.983000,0.923939,0.079890,0.769992,-0.108203,-0.143975,0.200284,-0.916310,0.145801,1.550467,0.115833,0.369666,2.120175,0.915366,0.195763,0.739992,-0.116776,-0.028102,0.170284,-0.924883,0.261674,1.520467,0.107259,0.485539,2.090175
493,0.985000,0.923960,0.080903,0.769754,-0.108135,-0.144152,0.200430,-0.916234,0.146843,1.550355,0.115861,0.371899,2.119679,0.915327,0.196736,0.739616,-0.116768,-0.028319,0.170292,-0.924867,0.262676,1.520217,0.107228,0.487731,2.089541
494,0.987000,0.923981,0.081922,0.769512,-0.108066,-0.144331,0.200576,-0.916158,0.147891,1.550241,0.115890,0.374144,2.119176,0.915287,0.197714,0.739236,-0.116761,-0.028539,0.170300,-0.924852,0.263683,1.519964,0.107195,0.489936,2.088900
495,0.989000,0.924002,0.082946,0.769266,-0.107997,-0.144512,0.200723,-0.916080,0.148944,1.550125,0.115918,0.376402,2.118667,0.915247,0.198697,0.738850,-0.116752,-0.028761,0.170307,-0.924836,0.264695,1.519709,0.107163,0.492153,2.088252
496,0.991000,0.924023,0.083976,0.769016,-0.107927,-0.144695,0.200871,-0.916003,0.150002,1.550007,0.115947,0.378673,2.118152,0.915206,0.199685,0.738460,-0.116744,-0.028986,0.170315,-0.924820,0.265711,1.519451,0.107130,0.494383,2.087596
497,0.993000,0.924044,0.085011,0.768763,-0.107856,-0.144881,0.201020,-0.915924,0.151067,1.549887,0.115976,0.380958,2.117629,0.915164,0.200678,0.738065,-0.116736,-0.029214,0.170323,-0.924804,0.266733,1.519189,0.107097,0.496625,2.086932
498,0.995000,0.924064,0.086051,0.768505,-0.107785,-0.145069,0.201169,-0.915845,0.152136,1.549765,0.116005,0.383256,2.117100,0.915122,0.201675,0.737666,-0.116727,-0.029444,0.170330,-0.924787,0.267760,1.518925,0.107063,0.498880,2.086261
499,0.997000,0.924085,0.087096,0.768243,-0.107714,-0.145259,0.201320,-0.915765,0.153211,1.549640,0.116034,0.385566,2.116564,0.915080,0.202677,0.737261,-0.116719,-0.029678,0.170337,-0.924770,0.268793,1.518658,0.107029,0.501148,2.085582
500,0.999000,0.924105,0.088147,0.767978,-0.107641,-0.145451,0.201471,-0.915684,0.154292,1.549514,0.116063,0.387891,2.116021,0.915037,0.203685,0.736852,-0.116710,-0.029914,0.170345,-0.924752,0.269830,1.518388,0.106994,0.503428,2.084895
501,1.001000,0.924126,0.089204,0.767708,-0.107569,-0.145646,0.201623,-0.915603,0.155379,1.549386,0.116092,0.390228,2.115471,0.914994,0.204697,0.736437,-0.116701,-0.030152,0.170352,-0.924735,0.270872,1.518115,0.106960,0.505722,2.084200
502,1.003000,0.924146,0.090265,0.767434,-0.107495,-0.145843,0.201776,-0.915520,0.156471,1.549255,0.116121,0.392579,2.114914,0.914949,0.205714,0.736018,-0.116692,-0.030394,0.170359,-0.924717,0.271920,1.517839,0.106924,0.508028,2.083497
503,1.005000,0.924166,0.091333,0.767156,-0.107421,-0.146042,0.201929,-0.915437,0.157569,1.549123,0.116150,0.394944,2.114349,0.914905,0.206736,0.735593,-0.116682,-0.030638,0.170366,-0.924698,0.272973,1.517560,0.106889,0.510347,2.082787
504,1.007000,0.924186,0.092406,0.766873,-0.107346,-0.146244,0.202084,-0.915353,0.158673,1.548988,0.116179,0.397322,2.113777,0.914860,0.207764,0.735163,-0.116673,-0.030885,0.170374,-0.924680,0.274031,1.517278,0.106853,0.512680,2.082067
505,1.009000,0.924206,0.093484,0.766586,-0.107271,-0.146447,0.202239,-0.915269,0.159782,1.548851,0.116208,0.399713,2.113198,0.914814,0.208796,0.734728,-0.116663,-0.031135,0.170381,-0.924661,0.275094,1.516992,0.106816,0.515025,2.081340
506,1.011000,0.924226,0.094568,0.766295,-0.107195,-0.146653,0.202395,-0.915183,0.160897,1.548711,0.116238,0.402119,2.112611,0.914767,0.209833,0.734287,-0.116654,-0.031388,0.170388,-0.924642,0.276163,1.516704,0.106779,0.517384,2.080604
507,1.013000,0.924245,0.095657,0.765999,-0.107119,-0.146862,0.202552,-0.915097,0.162019,1.548570,0.116267,0.404538,2.112017,0.914720,0.210875,0.733842,-0.116644,-0.031644,0.170394,-0.924622,0.277237,1.516412,0.106742,0.519756,2.079860
508,1.015000,0.924264,0.096753,0.765699,-0.107042,-0.147073,0.202710,-0.915010,0.163146,1.548426,0.116296,0.406971,2.111415,0.914673,0.211923,0.733390,-0.116634,-0.031902,0.170401,-0.924602,0.278316,1.516117,0.106704,0.522141,2.079107
509,1.017000,0.924284,0.097853,0.765394,-0.106964,-0.147286,0.202868,-0.914922,0.164279,1.548279,0.116325,0.409418,2.110805,0.914624,0.212975,0.732934,-0.116623,-0.032164,0.170408,-0.924582,0.279401,1.515819,0.106666,0.524540,2.078345
510,1.019000,0.924303,0.098960,0.765084,-0.106886,-0.147501,0.203027,-0.914834,0.165418,1.548130,0.116355,0.411879,2.110187,0.914575,0.214033,0.732471,-0.116613,-0.032428,0.170415,-0.924561,0.280491,1.515518,0.106627,0.526952,2.077574
511,1.021000,0.924322,0.100072,0.764770,-0.106807,-0.147718,0.203188,-0.914744,0.166563,1.547979,0.116384,0.414353,2.109561,0.914526,0.215096,0.732003,-0.116602,-0.032695,0.170421,-0.924540,0.281586,1.515213,0.106588,0.529377,2.076795
512,1.023000,0.924340,0.101190,0.764451,-0.106727,-0.147938,0.203349,-0.914654,0.167714,1.547826,0.116413,0.416842,2.108928,0.914476,0.216164,0.731530,-0.116592,-0.032965,0.170428,-0.924518,0.282687,1.514905,0.106549,0.531816,2.076007
513,1.025000,0.924359,0.102314,0.764127,-0.106647,-0.148160,0.203510,-0.914562,0.168871,1.547669,0.116443,0.419345,2.108286,0.914425,0.217237,0.731050,-0.116581,-0.033238,0.170434,-0.924497,0.283794,1.514593,0.106509,0.534268,2.075209
514,1.027000,0.924377,0.103443,0.763798,-0.106566,-0.148385,0.203673,-0.914470,0.170034,1.547511,0.116472,0.421862,2.107635,0.914373,0.218315,0.730565,-0.116570,-0.033513,0.170440,-0.924474,0.284906,1.514278,0.106468,0.536734,2.074403
515,1.029000,0.924395,0.104579,0.763464,-0.106484,-0.148612,0.203837,-0.914378,0.171204,1.547349,0.116502,0.424394,2.106977,0.914321,0.219398,0.730074,-0.116558,-0.033792,0.170447,-0.924452,0.286023,1.513959,0.106427,0.539214,2.073587
516,1.031000,0.924413,0.105720,0.763125,-0.106402,-0.148841,0.204001,-0.914284,0.172379,1.547185,0.116531,0.426940,2.106310,0.914268,0.220487,0.729577,-0.116547,-0.034073,0.170453,-0.924429,0.287147,1.513637,0.106386,0.541707,2.072761
517,1.033000,0.924431,0.106867,0.762781,-0.106319,-0.149072,0.204166,-0.914189,0.173561,1.547019,0.116560,0.429500,2.105634,0.914214,0.221581,0.729074,-0.116535,-0.034357,0.170459,-0.924405,0.288276,1.513311,0.106344,0.544214,2.071926
518,1.035000,0.924448,0.108020,0.762432,-0.106235,-0.149306,0.204332,-0.914094,0.174749,1.546850,0.116590,0.432074,2.104950,0.914160,0.222681,0.728565,-0.116523,-0.034645,0.170465,-0.924382,0.289410,1.512982,0.106302,0.546735,2.071082
519,1.037000,0.924465,0.109178,0.762078,-0.106151,-0.149542,0.204499,-0.913997,0.175943,1.546678,0.116619,0.434663,2.104256,0.914105,0.223785,0.728049,-0.116511,-0.034935,0.170471,-0.924358,0.290550,1.512649,0.106259,0.549270,2.070228
520,1.039000,0.924482,0.110343,0.761718,-0.106066,-0.149780,0.204667,-0.913900,0.177144,1.546503,0.116648,0.437267,2.103554,0.914049,0.224895,0.727528,-0.116499,-0.035228,0.170476,-0.924333,0.291696,1.512313,0.106215,0.551819,2.069364
521,1.041000,0.924499,0.111514,0.761353,-0.105980,-0.150020,0.204835,-0.913802,0.178351,1.546326,0.116678,0.439885,2.102843,0.913993,0.226011,0.727000,-0.116487,-0.035524,0.170482,-0.924308,0.292847,1.511972,0.106171,0.554382,2.068490
522,1.043000,0.924516,0.112691,0.760982,-0.105894,-0.150263,0.205005,-0.913703,0.179564,1.546146,0.116707,0.442518,2.102123,0.913936,0.227131,0.726465,-0.116474,-0.035823,0.170488,-0.924283,0.294005,1.511628,0.106127,0.556959,2.067606
523,1.045000,0.924532,0.113874,0.760607,-0.105807,-0.150508,0.205175,-0.913603,0.180784,1.545962,0.116736,0.445166,2.101394,0.913878,0.228257,0.725925,-0.116461,-0.036124,0.170493,-0.924257,0.295168,1.511281,0.106082,0.559550,2.066712
524,1.047000,0.924548,0.115062,0.760225,-0.105719,-0.150756,0.205346,-0.913502,0.182010,1.545776,0.116765,0.447828,2.100655,0.913819,0.229389,0.725377,-0.116448,-0.036429,0.170498,-0.924231,0.296337,1.510929,0.106036,0.562155,2.065808
525,1.049000,0.924564,0.116257,0.759838,-0.105631,-0.151005,0.205518,-0.913400,0.183243,1.545588,0.116795,0.450506,2.099907,0.913759,0.230526,0.724824,-0.116435,-0.036737,0.170504,-0.924204,0.297512,1.510573,0.105990,0.564774,2.064893
526,1.051000,0.924579,0.117458,0.759445,-0.105541,-0.151257,0.205691,-0.913297,0.184482,1.545396,0.116824,0.453198,2.099150,0.913699,0.231668,0.724263,-0.116421,-0.037047,0.170509,-0.924177,0.298692,1.510214,0.105943,0.567408,2.063968
527,1.053000,0.924594,0.118665,0.759046,-0.105451,-0.151511,0.205864,-0.913193,0.185728,1.545201,0.116853,0.455905,2.098383,0.913638,0.232816,0.723696,-0.116408,-0.037361,0.170514,-0.924150,0.299879,1.509851,0.105896,0.570055,2.063032
528,1.055000,0.924609,0.119879,0.758641,-0.105361,-0.151767,0.206039,-0.913088,0.186981,1.545003,0.116882,0.458627,2.097606,0.913576,0.233969,0.723122,-0.116394,-0.037677,0.170519,-0.924122,0.301071,1.509483,0.105849,0.572718,2.062086
529,1.057000,0.924624,0.121098,0.758231,-0.105269,-0.152026,0.206214,-0.912983,0.188240,1.544802,0.116911,0.461365,2.096819,0.913513,0.235128,0.722541,-0.116380,-0.037996,0.170524,-0.924093,0.302270,1.509112,0.105800,0.575394,2.061129
530,1.059000,0.924638,0.122324,0.757814,-0.105177,-0.152287,0.206390,-0.912876,0.189506,1.544598,0.116940,0.464117,2.096022,0.913450,0.236292,0.721953,-0.116366,-0.038319,0.170528,-0.924064,0.303474,1.508736,0.105751,0.578085,2.060161
531,1.061000,0.924652,0.123556,0.757392,-0.105084,-0.152550,0.206567,-0.912768,0.190779,1.544391,0.116968,0.466885,2.095215,0.913386,0.237462,0.721358,-0.116351,-0.038644,0.170533,-0.924035,0.304685,1.508357,0.105702,0.580791,2.059181
532,1.063000,0.924666,0.124794,0.756963,-0.104991,-0.152815,0.206745,-0.912659,0.192058,1.544180,0.116997,0.469668,2.094398,0.913320,0.238638,0.720756,-0.116336,-0.038972,0.170537,-0.924005,0.305902,1.507973,0.105652,0.583511,2.058191
533,1.065000,0.924679,0.126039,0.756528,-0.104896,-0.153083,0.206923,-0.912550,0.193344,1.543967,0.117026,0.472466,2.093571,0.913254,0.239819,0.720146,-0.116321,-0.039303,0.170542,-0.923975,0.307124,1.507585,0.105601,0.586246,2.057189
534,1.067000,0.924692,0.127290,0.756087,-0.104801,-0.153353,0.207103,-0.912439,0.194637,1.543750,0.117055,0.475280,2.092733,0.913187,0.241005,0.719530,-0.116306,-0.039637,0.170546,-0.923944,0.308353,1.507193,0.105550,0.588995,2.056176
535,1.069000,0.924705,0.128547,0.755639,-0.104705,-0.153625,0.207283,-0.912327,0.195937,1.543529,0.117083,0.478109,2.091885,0.913120,0.242197,0.718906,-0.116291,-0.039974,0.170550,-0.923913,0.309588,1.506796,0.105498,0.591759,2.055152
536,1.071000,0.924717,0.129810,0.755184,-0.104609,-0.153899,0.207464,-0.912214,0.197244,1.543306,0.117112,0.480953,2.091026,0.913051,0.243395,0.718274,-0.116275,-0.040314,0.170554,-0.923881,0.310829,1.506395,0.105445,0.594538,2.054115
537,1.073000,0.924729,0.131080,0.754724,-0.104511,-0.154175,0.207646,-0.912101,0.198558,1.543079,0.117140,0.483813,2.090156,0.912981,0.244599,0.717635,-0.116259,-0.040657,0.170558,-0.923848,0.312076,1.505990,0.105392,0.597332,2.053067
538,1.075000,0.924741,0.132357,0.754256,-0.104413,-0.154454,0.207829,-0.911986,0.199879,1.542848,0.117168,0.486689,2.089275,0.912911,0.245808,0.716988,-0.116243,-0.041002,0.170562,-0.923816,0.313330,1.505580,0.105338,0.600140,2.052007
539,1.077000,0.924752,0.133640,0.753782,-0.104314,-0.154734,0.208013,-0.911870,0.201207,1.542614,0.117196,0.489580,2.088383,0.912839,0.247023,0.716334,-0.116227,-0.041351,0.170565,-0.923782,0.314590,1.505166,0.105284,0.602964,2.050935
540,1.079000,0.924763,0.134929,0.753301,-0.104214,-0.155017,0.208197,-0.911753,0.202542,1.542376,0.117224,0.492487,2.087480,0.912767,0.248243,0.715672,-0.116210,-0.041702,0.170569,-0.923748,0.315856,1.504748,0.105229,0.605802,2.049851
541,1.081000,0.924773,0.136224,0.752813,-0.104114,-0.155302,0.208383,-0.911635,0.203884,1.542135,0.117252,0.495410,2.086566,0.912693,0.249469,0.715002,-0.116193,-0.042057,0.170572,-0.923714,0.317129,1.504324,0.105173,0.608655,2.048755
542,1.083000,0.924783,0.137527,0.752318,-0.104012,-0.155589,0.208569,-0.911515,0.205233,1.541891,0.117280,0.498349,2.085640,0.912619,0.250701,0.714324,-0.116176,-0.042414,0.170575,-0.923679,0.318408,1.503897,0.105116,0.611523,2.047646
543,1.085000,0.924792,0.138836,0.751816,-0.103910,-0.155878,0.208756,-0.911395,0.206589,1.541642,0.117308,0.501303,2.084702,0.912544,0.251939,0.713638,-0.116159,-0.042775,0.170578,-0.923644,0.319693,1.503464,0.105059,0.614407,2.046524
544,1.087000,0.924802,0.140151,0.751307,-0.103807,-0.156169,0.208944,-0.911274,0.207953,1.541390,0.117335,0.504274,2.083753,0.912468,0.253183,0.712944,-0.116141,-0.043138,0.170581,-0.923608,0.320985,1.503027,0.105001,0.617305,2.045390
545,1.089000,0.924810,0.141473,0.750791,-0.103704,-0.156463,0.209132,-0.911151,0.209324,1.541134,0.117363,0.507260,2.082792,0.912390,0.254432,0.712242,-0.116124,-0.043504,0.170583,-0.923571,0.322283,1.502585,0.104943,0.620219,2.044243
546,1.091000,0.924818,0.142801,0.750267,-0.103599,-0.156758,0.209322,-0.911027,0.210702,1.540874,0.117390,0.510262,2.081820,0.912312,0.255687,0.711531,-0.116105,-0.043873,0.170586,-0.923534,0.323588,1.502138,0.104884,0.623147,2.043084
547,1.093000,0.924826,0.144137,0.749736,-0.103493,-0.157056,0.209512,-0.910902,0.212088,1.540611,0.117417,0.513280,2.080835,0.912233,0.256948,0.710812,-0.116087,-0.044245,0.170588,-0.923496,0.324899,1.501687,0.104824,0.626091,2.041911
548,1.095000,0.924833,0.145479,0.749197,-0.103387,-0.157355,0.209703,-0.910776,0.213481,1.540343,0.117444,0.516315,2.079837,0.912152,0.258214,0.710084,-0.116068,-0.044619,0.170590,-0.923458,0.326217,1.501230,0.104763,0.629051,2.040725
549,1.097000,0.924840,0.146827,0.748651,-0.103280,-0.157657,0.209895,-0.910649,0.214881,1.540072,0.117471,0.519365,2.078828,0.912071,0.259487,0.709348,-0.116050,-0.044997,0.170592,-0.923419,0.327541,1.500769,0.104702,0.632025,2.039525
550,1.099000,0.924847,0.148182,0.748097,-0.103172,-0.157960,0.210088,-0.910521,0.216289,1.539797,0.117498,0.522432,2.077806,0.911988,0.260765,0.708604,-0.116030,-0.045378,0.170594,-0.923379,0.328872,1.500303,0.104640,0.635015,2.038312
551,1.101000,0.924852,0.149544,0.747536,-0.103063,-0.158266,0.210281,-0.910391,0.217705,1.539517,0.117524,0.525515,2.076771,0.911905,0.262049,0.707850,-0.116011,-0.045761,0.170596,-0.923339,0.330210,1.499831,0.104577,0.638020,2.037086
552,1.103000,0.924858,0.150913,0.746966,-0.102954,-0.158574,0.210476,-0.910261,0.219128,1.539233,0.117551,0.528615,2.075724,0.911820,0.263339,0.707088,-0.115991,-0.046147,0.170597,-0.923298,0.331555,1.499355,0.104513,0.641041,2.035845
553,1.105000,0.924862,0.152288,0.746389,-0.102843,-0.158883,0.210671,-0.910129,0.220559,1.538946,0.117577,0.531730,2.074663,0.911734,0.264636,0.706316,-0.115971,-0.046536,0.170598,-0.923257,0.332906,1.498873,0.104449,0.644077,2.034591
554,1.107000,0.924867,0.153671,0.745803,-0.102732,-0.159195,0.210867,-0.909996,0.221997,1.538654,0.117603,0.534862,2.073590,0.911647,0.265937,0.705536,-0.115951,-0.046928,0.170600,-0.923215,0.334263,1.498387,0.104384,0.647129,2.033323
555,1.109000,0.924870,0.155060,0.745209,-0.102620,-0.159508,0.211064,-0.909861,0.223443,1.538358,0.117628,0.538011,2.072503,0.911559,0.267245,0.704746,-0.115930,-0.047323,0.170600,-0.923172,0.335628,1.497894,0.104318,0.650196,2.032040
556,1.111000,0.924873,0.156456,0.744607,-0.102506,-0.159823,0.211261,-0.909726,0.224896,1.538057,0.117654,0.541176,2.071404,0.911470,0.268559,0.703947,-0.115909,-0.047720,0.170601,-0.923129,0.337000,1.497397,0.104251,0.653279,2.030744
557,1.113000,0.924876,0.157859,0.743997,-0.102392,-0.160141,0.211459,-0.909589,0.226358,1.537752,0.117679,0.544357,2.070290,0.911380,0.269879,0.703139,-0.115888,-0.048120,0.170602,-0.923085,0.338378,1.496895,0.104183,0.656377,2.029432
558,1.115000,0.924878,0.159268,0.743378,-0.102278,-0.160460,0.211658,-0.909451,0.227827,1.537443,0.117705,0.547555,2.069163,0.911288,0.271204,0.702322,-0.115867,-0.048524,0.170602,-0.923040,0.339763,1.496386,0.104115,0.659491,2.028106
559,1.117000,0.924879,0.160685,0.742751,-0.102162,-0.160780,0.211858,-0.909311,0.229304,1.537129,0.117730,0.550769,2.068022,0.911196,0.272536,0.701495,-0.115845,-0.048929,0.170602,-0.922995,0.341155,1.495873,0.104046,0.662620,2.026766
560,1.119000,0.924880,0.162108,0.742115,-0.102045,-0.161103,0.212059,-0.909171,0.230789,1.536811,0.117754,0.554000,2.066868,0.911102,0.273873,0.700658,-0.115823,-0.049338,0.170602,-0.922949,0.342554,1.495354,0.103976,0.665766,2.025410
561,1.121000,0.924880,0.163538,0.741471,-0.101927,-0.161428,0.212260,-0.909029,0.232282,1.536488,0.117779,0.557248,2.065699,0.911007,0.275217,0.699812,-0.115801,-0.049749,0.170601,-0.922902,0.343960,1.494829,0.103905,0.668927,2.024040
562,1.123000,0.924880,0.164976,0.740817,-0.101809,-0.161754,0.212462,-0.908885,0.233783,1.536161,0.117803,0.560513,2.064516,0.910910,0.276566,0.698955,-0.115778,-0.050164,0.170601,-0.922855,0.345373,1.494299,0.103834,0.672103,2.022654
563,1.125000,0.924878,0.166420,0.740155,-0.101689,-0.162082,0.212665,-0.908741,0.235292,1.535829,0.117827,0.563794,2.063318,0.910813,0.277922,0.698089,-0.115755,-0.050580,0.170600,-0.922806,0.346793,1.493763,0.103761,0.675296,2.021253
564,1.127000,0.924877,0.167871,0.739483,-0.101569,-0.162412,0.212869,-0.908595,0.236809,1.535492,0.117851,0.567092,2.062106,0.910714,0.279283,0.697213,-0.115732,-0.051000,0.170599,-0.922758,0.348221,1.493222,0.103688,0.678504,2.019836
565,1.129000,0.924874,0.169330,0.738802,-0.101448,-0.162743,0.213073,-0.908447,0.238334,1.535151,0.117874,0.570407,2.060880,0.910613,0.280651,0.696326,-0.115708,-0.051422,0.170597,-0.922708,0.349655,1.492675,0.103614,0.681728,2.018404
566,1.131000,0.924871,0.170795,0.738112,-0.101325,-0.163077,0.213278,-0.908299,0.239867,1.534804,0.117898,0.573739,2.059638,0.910512,0.282025,0.695430,-0.115684,-0.051847,0.170596,-0.922658,0.351096,1.492122,0.103539,0.684968,2.016956
567,1.133000,0.924867,0.172268,0.737413,-0.101202,-0.163412,0.213484,-0.908149,0.241408,1.534453,0.117921,0.577087,2.058382,0.910409,0.283404,0.694523,-0.115660,-0.052275,0.170594,-0.922607,0.352545,1.491563,0.103463,0.688224,2.015491
568,1.135000,0.924862,0.173747,0.736704,-0.101078,-0.163748,0.213691,-0.907997,0.242958,1.534097,0.117943,0.580453,2.057110,0.910305,0.284790,0.693605,-0.115636,-0.052705,0.170592,-0.922555,0.354001,1.490998,0.103386,0.691496,2.014011
569,1.137000,0.924857,0.175234,0.735986,-0.100953,-0.164086,0.213898,-0.907844,0.244515,1.533736,0.117966,0.583835,2.055823,0.910200,0.286182,0.692677,-0.115611,-0.053138,0.170589,-0.922502,0.355464,1.490427,0.103308,0.694783,2.012515
570,1.139000,0.924851,0.176727,0.735258,-0.100827,-0.164426,0.214106,-0.907690,0.246082,1.533369,0.117988,0.587234,2.054521,0.910093,0.287579,0.691738,-0.115585,-0.053573,0.170587,-0.922449,0.356934,1.489850,0.103230,0.698087,2.011002
571,1.141000,0.924844,0.178228,0.734520,-0.100700,-0.164767,0.214315,-0.907535,0.247656,1.532998,0.118010,0.590651,2.053203,0.909985,0.288983,0.690789,-0.115560,-0.054011,0.170584,-0.922394,0.358411,1.489267,0.103150,0.701406,2.009472
572,1.143000,0.924837,0.179736,0.733772,-0.100572,-0.165110,0.214524,-0.907377,0.249239,1.532621,0.118031,0.594085,2.051869,0.909875,0.290393,0.689828,-0.115534,-0.054452,0.170581,-0.922339,0.359896,1.488678,0.103069,0.704742,2.007926
573,1.145000,0.924828,0.181251,0.733014,-0.100443,-0.165454,0.214734,-0.907219,0.250830,1.532240,0.118053,0.597535,2.050520,0.909764,0.291809,0.688857,-0.115508,-0.054895,0.170577,-0.922284,0.361389,1.488082,0.102988,0.708093,2.006362
574,1.147000,0.924819,0.182773,0.732246,-0.100313,-0.165800,0.214945,-0.907059,0.252430,1.531853,0.118073,0.601002,2.049154,0.909651,0.293231,0.687875,-0.115481,-0.055341,0.170573,-0.922227,0.362888,1.487481,0.102906,0.711461,2.004782
575,1.149000,0.924809,0.184302,0.731468,-0.100182,-0.166147,0.215157,-0.906897,0.254038,1.531460,0.118094,0.604487,2.047772,0.909537,0.294659,0.686881,-0.115454,-0.055790,0.170569,-0.922169,0.364395,1.486873,0.102822,0.714844,2.003184
576,1.151000,0.924799,0.185839,0.730680,-0.100050,-0.166495,0.215369,-0.906734,0.255655,1.531062,0.118114,0.607989,2.046373,0.909422,0.296094,0.685876,-0.115427,-0.056240,0.170565,-0.922111,0.365910,1.486258,0.102738,0.718244,2.001569
577,1.153000,0.924787,0.187382,0.729881,-0.099917,-0.166845,0.215581,-0.906570,0.257280,1.530659,0.118134,0.611508,2.044958,0.909305,0.297534,0.684859,-0.115399,-0.056694,0.170560,-0.922052,0.367432,1.485638,0.102652,0.721660,1.999937
578,1.155000,0.924775,0.188933,0.729071,-0.099783,-0.167196,0.215795,-0.906404,0.258914,1.530250,0.118154,0.615044,2.043526,0.909187,0.298981,0.683831,-0.115371,-0.057149,0.170555,-0.921992,0.368962,1.485010,0.102566,0.725091,1.998287
579,1.157000,0.924761,0.190491,0.728251,-0.099648,-0.167549,0.216009,-0.906236,0.260557,1.529836,0.118173,0.618598,2.042078,0.909067,0.300433,0.682792,-0.115343,-0.057607,0.170550,-0.921931,0.370499,1.484376,0.102479,0.728539,1.996618
580,1.159000,0.924747,0.192057,0.727420,-0.099512,-0.167903,0.216224,-0.906067,0.262209,1.529415,0.118192,0.622168,2.040612,0.908946,0.301892,0.681740,-0.115314,-0.058068,0.170544,-0.921869,0.372044,1.483736,0.102390,0.732003,1.994932
581,1.161000,0.924732,0.193630,0.726578,-0.099375,-0.168258,0.216439,-0.905897,0.263869,1.528990,0.118211,0.625756,2.039129,0.908823,0.303356,0.680677,-0.115285,-0.058531,0.170538,-0.921806,0.373596,1.483089,0.102301,0.735483,1.993228
582,1.163000,0.924716,0.195210,0.725725,-0.099237,-0.168614,0.216655,-0.905725,0.265538,1.528558,0.118229,0.629362,2.037628,0.908698,0.304827,0.679602,-0.115255,-0.058996,0.170532,-0.921743,0.375156,1.482435,0.102211,0.738980,1.991505
583,1.165000,0.924699,0.196797,0.724860,-0.099098,-0.168972,0.216871,-0.905551,0.267216,1.528121,0.118246,0.632984,2.036110,0.908572,0.306304,0.678514,-0.115225,-0.059464,0.170525,-0.921678,0.376724,1.481774,0.102119,0.742492,1.989763
584,1.167000,0.924681,0.198391,0.723985,-0.098958,-0.169330,0.217088,-0.905375,0.268903,1.527677,0.118264,0.636624,2.034574,0.908444,0.307787,0.677414,-0.115195,-0.059934,0.170518,-0.921612,0.378299,1.481107,0.102027,0.746020,1.988003
585,1.169000,0.924662,0.199993,0.723098,-0.098817,-0.169690,0.217306,-0.905198,0.270598,1.527228,0.118281,0.640281,2.033020,0.908315,0.309277,0.676302,-0.115164,-0.060406,0.170510,-0.921546,0.379882,1.480432,0.101933,0.749565,1.986224
586,1.171000,0.924642,0.201602,0.722200,-0.098675,-0.170051,0.217524,-0.905020,0.272303,1.526773,0.118297,0.643956,2.031448,0.908184,0.310772,0.675178,-0.115133,-0.060881,0.170503,-0.921478,0.381473,1.479751,0.101839,0.753125,1.984426
587,1.173000,0.924622,0.203218,0.721289,-0.098531,-0.170412,0.217743,-0.904839,0.274017,1.526311,0.118313,0.647647,2.029857,0.908051,0.312273,0.674041,-0.115102,-0.061357,0.170495,-0.921410,0.383072,1.479062,0.101743,0.756702,1.982608
588,1.175000,0.924600,0.204842,0.720367,-0.098387,-0.170775,0.217963,-0.904657,0.275740,1.525843,0.118329,0.651357,2.028248,0.907917,0.313780,0.672891,-0.115070,-0.061836,0.170486,-0.921341,0.384679,1.478367,0.101646,0.760295,1.980771
589,1.177000,0.924577,0.206473,0.719434,-0.098241,-0.171139,0.218183,-0.904474,0.277472,1.525370,0.118344,0.655083,2.026621,0.907780,0.315294,0.671728,-0.115038,-0.062317,0.170477,-0.921270,0.386293,1.477664,0.101548,0.763905,1.978915
590,1.179000,0.924553,0.208111,0.718488,-0.098095,-0.171503,0.218403,-0.904288,0.279213,1.524890,0.118359,0.658827,2.024974,0.907643,0.316814,0.670552,-0.115005,-0.062801,0.170468,-0.921199,0.387916,1.476954,0.101449,0.767530,1.977039
591,1.181000,0.924528,0.209757,0.717530,-0.097947,-0.171869,0.218624,-0.904101,0.280963,1.524403,0.118374,0.662589,2.023309,0.907503,0.318339,0.669364,-0.114972,-0.063286,0.170458,-0.921126,0.389546,1.476237,0.101349,0.771171,1.975143
592,1.183000,0.924502,0.211410,0.716560,-0.097798,-0.172235,0.218846,-0.903913,0.282723,1.523910,0.118388,0.666368,2.021624,0.907362,0.319871,0.668162,-0.114938,-0.063773,0.170448,-0.921053,0.391184,1.475512,0.101248,0.774829,1.973226
593,1.185000,0.924475,0.213070,0.715577,-0.097649,-0.172602,0.219068,-0.903722,0.284492,1.523411,0.118401,0.670164,2.019920,0.907219,0.321409,0.666947,-0.114905,-0.064263,0.170437,-0.920978,0.392831,1.474780,0.101145,0.778503,1.971290
594,1.187000,0.924446,0.214738,0.714582,-0.097497,-0.172970,0.219290,-0.903530,0.286270,1.522905,0.118414,0.673978,2.018196,0.907074,0.322953,0.665718,-0.114870,-0.064755,0.170426,-0.920902,0.394485,1.474041,0.101041,0.782193,1.969332
595,1.189000,0.924417,0.216413,0.713574,-0.097345,-0.173338,0.219513,-0.903336,0.288058,1.522392,0.118427,0.677809,2.016453,0.906927,0.324503,0.664476,-0.114835,-0.065248,0.170415,-0.920826,0.396148,1.473294,0.100937,0.785899,1.967354
596,1.191000,0.924387,0.218090,0.712537,-0.097193,-0.173706,0.219717,-0.903140,0.289850,1.521855,0.118439,0.681645,2.014675,0.906779,0.326054,0.663204,-0.114800,-0.065742,0.170384,-0.920748,0.397814,1.472522,0.100831,0.789610,1.965342
597,1.193000,0.924354,0.219777,0.711499,-0.097038,-0.174086,0.219941,-0.902942,0.291653,1.521326,0.118450,0.685517,2.012884,0.906627,0.327613,0.661929,-0.114765,-0.066250,0.170371,-0.920669,0.399489,1.471756,0.100723,0.793353,1.963314
598,1.195000,0.924321,0.221473,0.710452,-0.096881,-0.174472,0.220172,-0.902742,0.293467,1.520796,0.118460,0.689412,2.011075,0.906474,0.329179,0.660643,-0.114728,-0.066766,0.170364,-0.920589,0.401173,1.470987,0.100613,0.797118,1.961266
599,1.197000,0.924287,0.223175,0.709392,-0.096723,-0.174859,0.220405,-0.902540,0.295291,1.520258,0.118470,0.693325,2.009245,0.906319,0.330750,0.659343,-0.114691,-0.067285,0.170357,-0.920508,0.402866,1.470209,0.100502,0.800900,1.959196
600,1.199000,0.924252,0.224884,0.708318,-0.096562,-0.175248,0.220637,-0.902336,0.297124,1.519712,0.118478,0.697256,2.007393,0.906162,0.332327,0.658030,-0.114652,-0.067806,0.170349,-0.920425,0.404566,1.469423,0.100389,0.804698,1.957104
601,1.201000,0.924216,0.226601,0.707232,-0.096400,-0.175638,0.220871,-0.902130,0.298967,1.519159,0.118486,0.701206,2.005519,0.906004,0.333909,0.656702,-0.114612,-0.068330,0.170341,-0.920342,0.406275,1.468628,0.100274,0.808514,1.954989
602,1.203000,0.924179,0.228322,0.706123,-0.096237,-0.176029,0.221094,-0.901922,0.300816,1.518588,0.118493,0.705167,2.003617,0.905844,0.335494,0.655350,-0.114572,-0.068856,0.170322,-0.920257,0.407989,1.467816,0.100158,0.812339,1.952844
603,1.205000,0.924140,0.230050,0.705000,-0.096073,-0.176424,0.221320,-0.901713,0.302675,1.518011,0.118500,0.709148,2.001691,0.905681,0.337085,0.653984,-0.114532,-0.069388,0.170304,-0.920172,0.409710,1.466996,0.100041,0.816184,1.950675
604,1.207000,0.924099,0.231787,0.703871,-0.095906,-0.176827,0.221560,-0.901501,0.304544,1.517437,0.118505,0.713158,1.999748,0.905515,0.338684,0.652609,-0.114490,-0.069930,0.170299,-0.920085,0.411441,1.466176,0.099921,0.820055,1.948487
605,1.209000,0.924058,0.233532,0.702730,-0.095736,-0.177234,0.221803,-0.901286,0.306424,1.516857,0.118509,0.717190,1.997784,0.905349,0.340288,0.651222,-0.114446,-0.070478,0.170296,-0.919996,0.413181,1.465350,0.099799,0.823946,1.946276
606,1.211000,0.924017,0.235283,0.701575,-0.095565,-0.177644,0.222049,-0.901070,0.308314,1.516269,0.118511,0.721241,1.995796,0.905180,0.341897,0.649820,-0.114401,-0.071030,0.170294,-0.919907,0.414928,1.464514,0.099675,0.827855,1.944040
607,1.213000,0.923974,0.237038,0.700397,-0.095391,-0.178056,0.222284,-0.900851,0.310209,1.515663,0.118513,0.725304,1.993776,0.905010,0.343508,0.648393,-0.114355,-0.071586,0.170280,-0.919816,0.416680,1.463659,0.099549,0.831774,1.941772
608,1.215000,0.923929,0.238800,0.699203,-0.095217,-0.178471,0.222519,-0.900632,0.312115,1.515049,0.118514,0.729386,1.991733,0.904836,0.345125,0.646950,-0.114309,-0.072146,0.170266,-0.919724,0.418440,1.462795,0.099421,0.835711,1.939479
609,1.217000,0.923883,0.240571,0.698003,-0.095038,-0.178894,0.222768,-0.900409,0.314031,1.514435,0.118513,0.733496,1.989670,0.904661,0.346749,0.645498,-0.114260,-0.072716,0.170264,-0.919631,0.420209,1.461930,0.099291,0.839674,1.937165
610,1.219000,0.923837,0.242349,0.696790,-0.094857,-0.179323,0.223023,-0.900183,0.315957,1.513816,0.118510,0.737630,1.987583,0.904484,0.348378,0.644032,-0.114209,-0.073295,0.170265,-0.919536,0.421986,1.461058,0.099158,0.843659,1.934825
611,1.221000,0.923790,0.244130,0.695553,-0.094673,-0.179755,0.223267,-0.899956,0.317890,1.513178,0.118507,0.741776,1.985464,0.904306,0.350009,0.642542,-0.114157,-0.073877,0.170256,-0.919440,0.423768,1.460166,0.099023,0.847654,1.932452
612,1.223000,0.923740,0.245918,0.694299,-0.094489,-0.180190,0.223512,-0.899727,0.319832,1.512530,0.118502,0.745940,1.983318,0.904124,0.351644,0.641033,-0.114105,-0.074464,0.170246,-0.919343,0.425558,1.459264,0.098886,0.851666,1.930052
613,1.225000,0.923691,0.247716,0.693038,-0.094299,-0.180634,0.223770,-0.899495,0.321784,1.511883,0.118495,0.750135,1.981151,0.903941,0.353287,0.639515,-0.114049,-0.075063,0.170247,-0.919245,0.427356,1.458360,0.098745,0.855706,1.927628
614,1.227000,0.923640,0.249520,0.691764,-0.094107,-0.181085,0.224034,-0.899261,0.323747,1.511229,0.118486,0.754353,1.978959,0.903756,0.354935,0.637983,-0.113991,-0.075671,0.170253,-0.919145,0.429162,1.457448,0.098602,0.859767,1.925178
615,1.229000,0.923588,0.251325,0.690458,-0.093913,-0.181536,0.224278,-0.899025,0.325714,1.510548,0.118476,0.758575,1.976728,0.903569,0.356582,0.636419,-0.113932,-0.076279,0.170239,-0.919044,0.430971,1.456509,0.098457,0.863832,1.922689
616,1.231000,0.923535,0.253140,0.689146,-0.093715,-0.181997,0.224540,-0.898786,0.327694,1.509871,0.118463,0.762831,1.974477,0.903379,0.358237,0.634846,-0.113870,-0.076900,0.170240,-0.918942,0.432790,1.455571,0.098308,0.867927,1.920177
617,1.233000,0.923480,0.254962,0.687822,-0.093513,-0.182467,0.224811,-0.898544,0.329683,1.509189,0.118449,0.767112,1.972201,0.903187,0.359896,0.633260,-0.113807,-0.077533,0.170249,-0.918838,0.434617,1.454627,0.098156,0.872046,1.917638
618,1.235000,0.923425,0.256785,0.686467,-0.093310,-0.182936,0.225062,-0.898301,0.331677,1.508481,0.118435,0.771399,1.969885,0.902994,0.361555,0.631642,-0.113742,-0.078166,0.170237,-0.918732,0.436447,1.453656,0.098003,0.876169,1.915061
619,1.237000,0.923368,0.258618,0.685104,-0.093103,-0.183418,0.225332,-0.898054,0.333683,1.507775,0.118417,0.775719,1.967548,0.902797,0.363222,0.630015,-0.113674,-0.078814,0.170242,-0.918625,0.438287,1.452686,0.097846,0.880323,1.912458
620,1.239000,0.923310,0.260454,0.683720,-0.092893,-0.183904,0.225597,-0.897805,0.335697,1.507054,0.118398,0.780055,1.965177,0.902599,0.364889,0.628365,-0.113604,-0.079469,0.170241,-0.918516,0.440132,1.451698,0.097687,0.884490,1.909821
621,1.241000,0.923250,0.262296,0.682318,-0.092680,-0.184397,0.225863,-0.897555,0.337719,1.506321,0.118376,0.784412,1.962776,0.902397,0.366561,0.626696,-0.113533,-0.080131,0.170241,-0.918408,0.441984,1.450699,0.097523,0.888677,1.907154
622,1.243000,0.923190,0.264147,0.680907,-0.092462,-0.184901,0.226146,-0.897300,0.339752,1.505588,0.118352,0.788800,1.960350,0.902194,0.368239,0.625014,-0.113458,-0.080809,0.170253,-0.918296,0.443845,1.449696,0.097356,0.892893,1.904457
623,1.245000,0.923128,0.265997,0.679462,-0.092244,-0.185405,0.226408,-0.897044,0.341791,1.504829,0.118327,0.793193,1.957883,0.901988,0.369915,0.623300,-0.113383,-0.081487,0.170246,-0.918183,0.445709,1.448668,0.097188,0.897111,1.901721
624,1.247000,0.923065,0.267857,0.678010,-0.092019,-0.185924,0.226691,-0.896784,0.343842,1.504072,0.118300,0.797622,1.955391,0.901780,0.371597,0.621576,-0.113304,-0.082183,0.170257,-0.918069,0.447583,1.447638,0.097015,0.901363,1.898957
625,1.249000,0.923001,0.269720,0.676535,-0.091790,-0.186448,0.226969,-0.896521,0.345899,1.503298,0.118270,0.802066,1.952864,0.901570,0.373281,0.619828,-0.113221,-0.082886,0.170262,-0.917952,0.449460,1.446591,0.096839,0.905628,1.896157
626,1.251000,0.922935,0.271589,0.675042,-0.091559,-0.186978,0.227248,-0.896257,0.347965,1.502512,0.118237,0.806531,1.950305,0.901357,0.374969,0.618060,-0.113137,-0.083597,0.170267,-0.917835,0.451345,1.445531,0.096659,0.909911,1.893324
627,1.253000,0.922868,0.273461,0.673527,-0.091324,-0.187516,0.227528,-0.895990,0.350039,1.501713,0.118202,0.811016,1.947712,0.901142,0.376658,0.616270,-0.113050,-0.084319,0.170271,-0.917716,0.453236,1.444456,0.096476,0.914213,1.890455
628,1.255000,0.922800,0.275339,0.671994,-0.091085,-0.188062,0.227812,-0.895719,0.352123,1.500905,0.118166,0.815524,1.945086,0.900924,0.378350,0.614459,-0.112961,-0.085051,0.170277,-0.917595,0.455133,1.443370,0.096290,0.918534,1.887552
629,1.257000,0.922730,0.277222,0.670439,-0.090842,-0.188616,0.228096,-0.895446,0.354213,1.500083,0.118126,0.820051,1.942425,0.900704,0.380044,0.612626,-0.112868,-0.085793,0.170283,-0.917472,0.457036,1.442270,0.096100,0.922874,1.884612
630,1.259000,0.922658,0.279110,0.668866,-0.090595,-0.189178,0.228384,-0.895170,0.356313,1.499250,0.118083,0.824601,1.939731,0.900480,0.381742,0.610772,-0.112774,-0.086546,0.170291,-0.917349,0.458945,1.441156,0.095905,0.927232,1.881637
631,1.261000,0.922586,0.281001,0.667271,-0.090344,-0.189748,0.228673,-0.894892,0.358421,1.498403,0.118039,0.829171,1.937000,0.900255,0.383440,0.608896,-0.112675,-0.087310,0.170298,-0.917223,0.460860,1.440028,0.095707,0.931609,1.878625
632,1.263000,0.922511,0.282897,0.665654,-0.090090,-0.190327,0.228965,-0.894610,0.360539,1.497545,0.117992,0.833762,1.934235,0.900026,0.385140,0.606997,-0.112576,-0.088083,0.170307,-0.917095,0.462782,1.438888,0.095507,0.936005,1.875577
633,1.265000,0.922436,0.284795,0.664010,-0.089832,-0.190907,0.229244,-0.894326,0.362661,1.496664,0.117943,0.838363,1.931430,0.899796,0.386841,0.605069,-0.112472,-0.088861,0.170303,-0.916966,0.464707,1.437723,0.095303,0.940409,1.872489
634,1.267000,0.922360,0.286701,0.662357,-0.089567,-0.191506,0.229549,-0.894037,0.364796,1.495786,0.117889,0.843003,1.928594,0.899563,0.388546,0.603129,-0.112364,-0.089661,0.170321,-0.916834,0.466641,1.436558,0.095092,0.944848,1.869366
635,1.269000,0.922282,0.288608,0.660671,-0.089300,-0.192104,0.229836,-0.893747,0.366936,1.494881,0.117834,0.847647,1.925716,0.899327,0.390250,0.601158,-0.112254,-0.090462,0.170322,-0.916701,0.468578,1.435367,0.094880,0.949290,1.866203
636,1.271000,0.922202,0.290518,0.658966,-0.089028,-0.192712,0.230128,-0.893454,0.369085,1.493964,0.117776,0.852316,1.922803,0.899089,0.391956,0.599164,-0.112140,-0.091275,0.170326,-0.916566,0.470522,1.434162,0.094663,0.953753,1.863001
637,1.273000,0.922121,0.292435,0.657241,-0.088751,-0.193331,0.230426,-0.893157,0.371242,1.493038,0.117715,0.857008,1.919852,0.898848,0.393664,0.597149,-0.112024,-0.092102,0.170335,-0.916430,0.472471,1.432947,0.094442,0.958237,1.859761
638,1.275000,0.922036,0.294350,0.655485,-0.088473,-0.193952,0.230713,-0.892859,0.373406,1.492089,0.117651,0.861708,1.916860,0.898603,0.395370,0.595103,-0.111907,-0.092933,0.170331,-0.916292,0.474426,1.431707,0.094217,0.962728,1.856479
639,1.277000,0.921952,0.296272,0.653710,-0.088187,-0.194586,0.231008,-0.892556,0.375577,1.491129,0.117584,0.866435,1.913831,0.898357,0.397079,0.593037,-0.111783,-0.093779,0.170334,-0.916152,0.476384,1.430455,0.093988,0.967242,1.853158
640,1.279000,0.921867,0.298199,0.651915,-0.087896,-0.195228,0.231310,-0.892249,0.377759,1.490159,0.117514,0.871186,1.910765,0.898108,0.398790,0.590948,-0.111655,-0.094637,0.170343,-0.916009,0.478350,1.429192,0.093754,0.971777,1.849798
641,1.281000,0.921780,0.300126,0.650091,-0.087601,-0.195873,0.231600,-0.891940,0.379946,1.489165,0.117441,0.875945,1.907656,0.897857,0.400500,0.588830,-0.111525,-0.095500,0.170339,-0.915864,0.480319,1.427905,0.093517,0.976319,1.846395
642,1.283000,0.921692,0.302058,0.648246,-0.087301,-0.196530,0.231899,-0.891628,0.382142,1.488161,0.117364,0.880731,1.904508,0.897602,0.402210,0.586689,-0.111390,-0.096378,0.170342,-0.915717,0.482295,1.426605,0.093275,0.980883,1.842952
643,1.285000,0.921601,0.303991,0.646371,-0.086997,-0.197189,0.232186,-0.891313,0.384344,1.487134,0.117284,0.885524,1.901318,0.897346,0.403920,0.584518,-0.111252,-0.097260,0.170334,-0.915569,0.484273,1.425281,0.093029,0.985453,1.839466
644,1.287000,0.921509,0.305929,0.644477,-0.086687,-0.197862,0.232487,-0.890994,0.386555,1.486101,0.117202,0.890347,1.898090,0.897085,0.405633,0.582326,-0.111111,-0.098158,0.170337,-0.915418,0.486259,1.423950,0.092778,0.990050,1.835939
645,1.289000,0.921414,0.307867,0.642552,-0.086376,-0.198537,0.232778,-0.890674,0.388774,1.485044,0.117116,0.895178,1.894818,0.896821,0.407342,0.580103,-0.110969,-0.099062,0.170329,-0.915267,0.488249,1.422595,0.092523,0.994653,1.832369
646,1.291000,0.921319,0.309806,0.640600,-0.086058,-0.199217,0.233062,-0.890350,0.390999,1.483965,0.117027,0.900022,1.891504,0.896556,0.409050,0.577852,-0.110821,-0.099973,0.170314,-0.915112,0.490244,1.421217,0.092264,0.999267,1.828755
647,1.293000,0.921222,0.311751,0.638629,-0.085733,-0.199911,0.233360,-0.890021,0.393233,1.482880,0.116934,0.904895,1.888149,0.896288,0.410761,0.575580,-0.110667,-0.100901,0.170310,-0.914955,0.492243,1.419830,0.092000,1.003905,1.825100
648,1.295000,0.921124,0.313697,0.636628,-0.085404,-0.200607,0.233647,-0.889690,0.395473,1.481771,0.116838,0.909777,1.884752,0.896017,0.412471,0.573277,-0.110510,-0.101833,0.170296,-0.914796,0.494247,1.418420,0.091731,1.008551,1.821401
649,1.297000,0.921023,0.315649,0.634607,-0.085068,-0.201317,0.233949,-0.889354,0.397723,1.480655,0.116737,0.914688,1.881313,0.895743,0.414183,0.570952,-0.110349,-0.102783,0.170294,-0.914635,0.496257,1.417000,0.091456,1.013222,1.817658
650,1.299000,0.920922,0.317600,0.632556,-0.084728,-0.202029,0.234241,-0.889016,0.399979,1.479515,0.116634,0.919608,1.877830,0.895466,0.415891,0.568597,-0.110184,-0.103737,0.170282,-0.914472,0.498271,1.415556,0.091178,1.017900,1.813871
651,1.301000,0.920818,0.319551,0.630475,-0.084384,-0.202746,0.234526,-0.888675,0.402242,1.478353,0.116527,0.924539,1.874302,0.895186,0.417598,0.566212,-0.110015,-0.104699,0.170263,-0.914306,0.500289,1.414090,0.090895,1.022586,1.810038
652,1.303000,0.920712,0.321503,0.628364,-0.084036,-0.203467,0.234806,-0.888331,0.404512,1.477172,0.116417,0.929482,1.870730,0.894904,0.419303,0.563796,-0.109844,-0.105667,0.170238,-0.914139,0.502312,1.412603,0.090609,1.027282,1.806161
653,1.305000,0.920605,0.323458,0.626226,-0.083682,-0.204195,0.235085,-0.887982,0.406786,1.475972,0.116304,0.934439,1.867113,0.894619,0.421008,0.561351,-0.109668,-0.106645,0.170210,-0.913969,0.504337,1.411098,0.090318,1.031989,1.802239
654,1.307000,0.920496,0.325417,0.624069,-0.083319,-0.204938,0.235380,-0.887630,0.409073,1.474765,0.116185,0.939428,1.863454,0.894330,0.422713,0.558887,-0.109485,-0.107642,0.170198,-0.913796,0.506369,1.409582,0.090019,1.036724,1.798271
655,1.309000,0.920385,0.327376,0.621881,-0.082953,-0.205682,0.235665,-0.887275,0.411366,1.473534,0.116063,0.944424,1.859749,0.894039,0.424416,0.556390,-0.109299,-0.108642,0.170174,-0.913621,0.508406,1.408043,0.089717,1.041464,1.794258
656,1.311000,0.920272,0.329336,0.619663,-0.082581,-0.206431,0.235945,-0.886917,0.413665,1.472281,0.115937,0.949432,1.855999,0.893744,0.426117,0.553863,-0.109109,-0.109649,0.170145,-0.913445,0.510447,1.406481,0.089409,1.046213,1.790199
657,1.313000,0.920158,0.331297,0.617416,-0.082204,-0.207184,0.236222,-0.886554,0.415971,1.471009,0.115808,0.954452,1.852203,0.893448,0.427817,0.551306,-0.108914,-0.110664,0.170112,-0.913265,0.512491,1.404899,0.089097,1.050971,1.786093
658,1.315000,0.920041,0.333258,0.615139,-0.081823,-0.207942,0.236495,-0.886189,0.418284,1.469717,0.115675,0.959484,1.848361,0.893147,0.429514,0.548719,-0.108717,-0.111686,0.170075,-0.913083,0.514540,1.403297,0.088781,1.055740,1.781941
659,1.317000,0.919923,0.335221,0.612834,-0.081435,-0.208706,0.236768,-0.885820,0.420604,1.468406,0.115538,0.964532,1.844472,0.892844,0.431209,0.546103,-0.108514,-0.112718,0.170037,-0.912899,0.516593,1.401675,0.088459,1.060520,1.777742
660,1.319000,0.919803,0.337185,0.610501,-0.081041,-0.209475,0.237038,-0.885447,0.422931,1.467076,0.115396,0.969592,1.840538,0.892538,0.432904,0.543459,-0.108305,-0.113757,0.169996,-0.912712,0.518649,1.400033,0.088132,1.065310,1.773496
661,1.321000,0.919681,0.339150,0.608138,-0.080640,-0.210251,0.237308,-0.885070,0.425266,1.465726,0.115252,0.974667,1.836557,0.892230,0.434595,0.540784,-0.108092,-0.114806,0.169953,-0.912522,0.520711,1.398372,0.087800,1.070112,1.769202
662,1.323000,0.919557,0.341116,0.605747,-0.080235,-0.211030,0.237575,-0.884690,0.427608,1.464357,0.115102,0.979754,1.832528,0.891918,0.436285,0.538079,-0.107874,-0.115861,0.169908,-0.912330,0.522777,1.396689,0.087462,1.074923,1.764861
663,1.325000,0.919431,0.343081,0.603326,-0.079824,-0.211816,0.237841,-0.884307,0.429957,1.462968,0.114948,0.984854,1.828452,0.891602,0.437971,0.535344,-0.107653,-0.116926,0.169860,-0.912135,0.524847,1.394987,0.087119,1.079744,1.760471
664,1.327000,0.919303,0.345048,0.600875,-0.079406,-0.212606,0.238106,-0.883919,0.432313,1.461559,0.114790,0.989968,1.824329,0.891284,0.439656,0.532580,-0.107425,-0.117998,0.169810,-0.911938,0.526921,1.393264,0.086771,1.084575,1.756033
665,1.329000,0.919173,0.347016,0.598396,-0.078982,-0.213401,0.238368,-0.883528,0.434676,1.460130,0.114627,0.995093,1.820158,0.890962,0.441339,0.529785,-0.107193,-0.119078,0.169758,-0.911738,0.528999,1.391520,0.086417,1.089416,1.751548
666,1.331000,0.919041,0.348984,0.595886,-0.078551,-0.214201,0.238631,-0.883132,0.437047,1.458682,0.114460,1.000232,1.815938,0.890638,0.443018,0.526961,-0.106955,-0.120167,0.169705,-0.911535,0.531082,1.389756,0.086057,1.094267,1.747012
667,1.333000,0.918907,0.350952,0.593347,-0.078115,-0.215005,0.238890,-0.882733,0.439425,1.457213,0.114289,1.005382,1.811670,0.890310,0.444696,0.524105,-0.106712,-0.121262,0.169649,-0.911330,0.533169,1.387972,0.085692,1.099126,1.742428
668,1.335000,0.918771,0.352920,0.590778,-0.077672,-0.215815,0.239150,-0.882330,0.441810,1.455725,0.114113,1.010545,1.807352,0.889979,0.446369,0.521220,-0.106464,-0.122366,0.169592,-0.911122,0.535260,1.386167,0.085321,1.103995,1.737795
669,1.337000,0.918632,0.354887,0.588176,-0.077224,-0.216628,0.239406,-0.881923,0.444204,1.454215,0.113934,1.015718,1.802986,0.889645,0.448039,0.518302,-0.106212,-0.123476,0.169532,-0.910911,0.537356,1.384341,0.084946,1.108870,1.733111
670,1.339000,0.918494,0.356854,0.585539,-0.076769,-0.217434,0.239641,-0.881512,0.446599,1.452674,0.113751,1.020886,1.798572,0.889310,0.449707,0.515349,-0.105953,-0.124581,0.169451,-0.910696,0.539451,1.382484,0.084567,1.113739,1.728382
671,1.341000,0.918352,0.358820,0.582874,-0.076308,-0.218250,0.239884,-0.881098,0.449003,1.451118,0.113562,1.026072,1.794108,0.888970,0.451370,0.512367,-0.105690,-0.125700,0.169377,-0.910479,0.541553,1.380611,0.084181,1.118623,1.723601
672,1.343000,0.918207,0.360786,0.580179,-0.075842,-0.219071,0.240129,-0.880679,0.451416,1.449544,0.113369,1.031273,1.789594,0.888626,0.453030,0.509355,-0.105422,-0.126827,0.169305,-0.910260,0.543660,1.378720,0.083788,1.123517,1.718770
673,1.345000,0.918060,0.362753,0.577455,-0.075368,-0.219896,0.240374,-0.880257,0.453836,1.447950,0.113171,1.036485,1.785030,0.888279,0.454687,0.506313,-0.105148,-0.127961,0.169233,-0.910037,0.545771,1.376808,0.083390,1.128419,1.713888
674,1.347000,0.917912,0.364716,0.574693,-0.074889,-0.220712,0.240597,-0.879832,0.456262,1.446322,0.112969,1.041690,1.780419,0.887931,0.456340,0.503234,-0.104870,-0.129088,0.169138,-0.909812,0.547885,1.374864,0.082989,1.133313,1.708960
675,1.349000,0.917761,0.366681,0.571903,-0.074403,-0.221538,0.240828,-0.879401,0.458695,1.444681,0.112763,1.046913,1.775755,0.887578,0.457989,0.500127,-0.104585,-0.130229,0.169052,-0.909584,0.550003,1.372905,0.082580,1.138222,1.703979
676,1.351000,0.917608,0.368645,0.569082,-0.073909,-0.222369,0.241062,-0.878966,0.461136,1.443021,0.112551,1.052150,1.771041,0.887222,0.459635,0.496988,-0.104295,-0.131379,0.168968,-0.909352,0.552126,1.370926,0.082165,1.143140,1.698947
677,1.353000,0.917452,0.370606,0.566226,-0.073411,-0.223195,0.241280,-0.878528,0.463583,1.441331,0.112335,1.057385,1.766277,0.886863,0.461276,0.493814,-0.104000,-0.132526,0.168869,-0.909117,0.554253,1.368920,0.081746,1.148054,1.693865
678,1.355000,0.917294,0.372569,0.563341,-0.072904,-0.224030,0.241507,-0.878085,0.466038,1.439627,0.112114,1.062636,1.761461,0.886500,0.462913,0.490611,-0.103699,-0.133685,0.168777,-0.908879,0.556382,1.366897,0.081320,1.152980,1.688731
679,1.357000,0.917133,0.374530,0.560425,-0.072391,-0.224869,0.241736,-0.877638,0.468502,1.437903,0.111887,1.067900,1.756592,0.886133,0.464546,0.487377,-0.103392,-0.134853,0.168688,-0.908638,0.558518,1.364854,0.080886,1.157916,1.683544
680,1.359000,0.916972,0.376487,0.557472,-0.071873,-0.225698,0.241941,-0.877188,0.470970,1.436145,0.111657,1.073155,1.751676,0.885765,0.466174,0.484107,-0.103080,-0.136011,0.168576,-0.908395,0.560656,1.362779,0.080450,1.162841,1.678311
681,1.361000,0.916807,0.378446,0.554491,-0.071345,-0.226536,0.242158,-0.876732,0.473447,1.434373,0.111420,1.078429,1.746706,0.885392,0.467798,0.480808,-0.102760,-0.137184,0.168475,-0.908147,0.562799,1.360689,0.080005,1.167781,1.673022
682,1.363000,0.916641,0.380403,0.551473,-0.070812,-0.227368,0.242360,-0.876272,0.475929,1.432573,0.111181,1.083700,1.741686,0.885017,0.469419,0.477473,-0.102435,-0.138352,0.168359,-0.907896,0.564945,1.358572,0.079557,1.172716,1.667686
683,1.365000,0.916472,0.382358,0.548427,-0.070270,-0.228210,0.242573,-0.875808,0.478420,1.430758,0.110934,1.088988,1.736612,0.884638,0.471034,0.474109,-0.102104,-0.139535,0.168254,-0.907642,0.567095,1.356439,0.079100,1.177664,1.662293
684,1.367000,0.916300,0.384310,0.545344,-0.069724,-0.229043,0.242766,-0.875340,0.480916,1.428911,0.110684,1.094269,1.731489,0.884256,0.472643,0.470709,-0.101768,-0.140709,0.168130,-0.907385,0.569249,1.354276,0.078640,1.182602,1.656854
685,1.369000,0.916126,0.386263,0.542231,-0.069169,-0.229882,0.242968,-0.874867,0.483422,1.427049,0.110428,1.099567,1.726312,0.883870,0.474249,0.467278,-0.101425,-0.141895,0.168015,-0.907123,0.571409,1.352096,0.078172,1.187553,1.651360
686,1.371000,0.915950,0.388211,0.539083,-0.068608,-0.230719,0.243159,-0.874390,0.485933,1.425159,0.110168,1.104862,1.721083,0.883482,0.475848,0.463813,-0.101077,-0.143082,0.167889,-0.906859,0.573570,1.349890,0.077700,1.192500,1.645814
687,1.373000,0.915771,0.390159,0.535904,-0.068039,-0.231560,0.243357,-0.873908,0.488453,1.423253,0.109902,1.110173,1.715800,0.883088,0.477444,0.460318,-0.100721,-0.144276,0.167770,-0.906590,0.575738,1.347667,0.077219,1.197457,1.640214
688,1.375000,0.915591,0.392104,0.532689,-0.067463,-0.232393,0.243537,-0.873422,0.490978,1.421315,0.109631,1.115476,1.710468,0.882693,0.479033,0.456787,-0.100360,-0.145464,0.167635,-0.906319,0.577907,1.345413,0.076734,1.202405,1.634566
689,1.377000,0.915407,0.394048,0.529444,-0.066877,-0.233234,0.243727,-0.872931,0.493512,1.419362,0.109354,1.120795,1.705079,0.882294,0.480618,0.453225,-0.099990,-0.146665,0.167508,-0.906044,0.580082,1.343143,0.076240,1.207364,1.628860
690,1.379000,0.915220,0.395989,0.526161,-0.066289,-0.234064,0.243900,-0.872437,0.496054,1.417379,0.109073,1.126107,1.699641,0.881891,0.482197,0.449628,-0.099619,-0.147856,0.167366,-0.905766,0.582262,1.340846,0.075744,1.212315,1.623107
691,1.381000,0.915032,0.397925,0.522844,-0.065694,-0.234891,0.244060,-0.871938,0.498599,1.415368,0.108788,1.131415,1.694152,0.881486,0.483769,0.445996,-0.099240,-0.149047,0.167213,-0.905484,0.584443,1.338521,0.075242,1.217259,1.617304
692,1.383000,0.914841,0.399862,0.519498,-0.065087,-0.235727,0.244239,-0.871433,0.501155,1.413346,0.108495,1.136744,1.688605,0.881076,0.485337,0.442336,-0.098852,-0.150252,0.167077,-0.905198,0.586630,1.336184,0.074730,1.222219,1.611442
693,1.385000,0.914648,0.401796,0.516115,-0.064475,-0.236554,0.244402,-0.870924,0.503717,1.411294,0.108198,1.142067,1.683008,0.880664,0.486900,0.438639,-0.098459,-0.151451,0.166926,-0.904908,0.588820,1.333818,0.074214,1.227171,1.605532
694,1.387000,0.914452,0.403725,0.512697,-0.063857,-0.237375,0.244551,-0.870412,0.506285,1.409213,0.107897,1.147385,1.677359,0.880249,0.488454,0.434908,-0.098060,-0.152646,0.166763,-0.904615,0.591015,1.331425,0.073694,1.232115,1.599571
695,1.389000,0.914253,0.405654,0.509249,-0.063228,-0.238206,0.244719,-0.869893,0.508864,1.407121,0.107588,1.152724,1.671651,0.879828,0.490005,0.431148,-0.097653,-0.153855,0.166617,-0.904318,0.593214,1.329019,0.073163,1.237074,1.593550
696,1.391000,0.914051,0.407579,0.505765,-0.062593,-0.239030,0.244874,-0.869370,0.511449,1.405000,0.107274,1.158057,1.665892,0.879404,0.491548,0.427352,-0.097240,-0.155060,0.166460,-0.904017,0.595418,1.326586,0.072627,1.242027,1.587478
697,1.393000,0.913847,0.409499,0.502245,-0.061952,-0.239844,0.245013,-0.868843,0.514040,1.402850,0.106957,1.163384,1.660082,0.878978,0.493085,0.423521,-0.096821,-0.156259,0.166289,-0.903712,0.597626,1.324125,0.072087,1.246970,1.581358
698,1.395000,0.913640,0.411420,0.498695,-0.061300,-0.240665,0.245167,-0.868309,0.516642,1.400685,0.106631,1.168727,1.654214,0.878547,0.494617,0.419660,-0.096393,-0.157468,0.166131,-0.903402,0.599839,1.321650,0.071538,1.251924,1.575178
699,1.397000,0.913432,0.413336,0.495110,-0.060639,-0.241481,0.245309,-0.867771,0.519248,1.398492,0.106300,1.174065,1.648292,0.878114,0.496142,0.415764,-0.095958,-0.158675,0.165964,-0.903089,0.602055,1.319147,0.070982,1.256871,1.568947
700,1.399000,0.913221,0.415247,0.491487,-0.059975,-0.242286,0.245436,-0.867229,0.521862,1.396270,0.105966,1.179395,1.642321,0.877677,0.497660,0.411833,-0.095518,-0.159873,0.165782,-0.902772,0.604275,1.316616,0.070423,1.261808,1.562667
701,1.401000,0.913004,0.417156,0.487833,-0.059301,-0.243096,0.245575,-0.866682,0.524486,1.394032,0.105624,1.184738,1.636290,0.877234,0.499171,0.407870,-0.095071,-0.161081,0.165613,-0.902452,0.606501,1.314070,0.069854,1.266754,1.556327
702,1.403000,0.912789,0.419058,0.484138,-0.058624,-0.243885,0.245677,-0.866132,0.527112,1.391754,0.105281,1.190056,1.630216,0.876793,0.500675,0.403870,-0.094620,-0.162268,0.165409,-0.902127,0.608729,1.311486,0.069285,1.271673,1.549948
703,1.405000,0.912568,0.420960,0.480415,-0.057933,-0.244687,0.245805,-0.865573,0.529750,1.389469,0.104929,1.195397,1.624078,0.876344,0.502173,0.399840,-0.094157,-0.163474,0.165231,-0.901797,0.610963,1.308894,0.068705,1.276610,1.543504
704,1.407000,0.912344,0.422858,0.476654,-0.057238,-0.245476,0.245919,-0.865011,0.532395,1.387154,0.104572,1.200730,1.617890,0.875892,0.503665,0.395775,-0.093691,-0.164670,0.165039,-0.901463,0.613202,1.306275,0.068119,1.281537,1.537010
705,1.409000,0.912119,0.424750,0.472858,-0.056535,-0.246259,0.246020,-0.864444,0.535046,1.384811,0.104210,1.206056,1.611649,0.875438,0.505148,0.391675,-0.093216,-0.165862,0.164837,-0.901126,0.615444,1.303628,0.067528,1.286453,1.530466
706,1.411000,0.911890,0.426641,0.469033,-0.055818,-0.247050,0.246144,-0.863869,0.537709,1.382456,0.103839,1.211401,1.605345,0.874977,0.506624,0.387546,-0.092731,-0.167067,0.164656,-0.900783,0.617692,1.300969,0.066926,1.291384,1.523858
707,1.413000,0.911659,0.428528,0.465171,-0.055095,-0.247831,0.246252,-0.863291,0.540379,1.380071,0.103463,1.216738,1.598990,0.874514,0.508094,0.383381,-0.092240,-0.168265,0.164463,-0.900435,0.619945,1.298281,0.066319,1.296304,1.517200
708,1.415000,0.911425,0.430409,0.461272,-0.054366,-0.248601,0.246347,-0.862708,0.543056,1.377657,0.103083,1.222066,1.592582,0.874049,0.509555,0.379182,-0.091742,-0.169455,0.164257,-0.900085,0.622202,1.295567,0.065706,1.301213,1.510491
709,1.417000,0.911189,0.432286,0.457337,-0.053630,-0.249361,0.246430,-0.862121,0.545739,1.375216,0.102698,1.227386,1.586123,0.873580,0.511010,0.374947,-0.091239,-0.170637,0.164040,-0.899729,0.624463,1.292826,0.065089,1.306111,1.503733
710,1.419000,0.910950,0.434156,0.453366,-0.052887,-0.250115,0.246504,-0.861528,0.548429,1.372748,0.102308,1.232700,1.579611,0.873108,0.512456,0.370679,-0.090729,-0.171815,0.163816,-0.899370,0.626728,1.290061,0.064467,1.311000,1.496923
711,1.421000,0.910706,0.436026,0.449366,-0.052129,-0.250876,0.246603,-0.860927,0.551131,1.370271,0.101909,1.238033,1.573034,0.872629,0.513895,0.366381,-0.090206,-0.173007,0.163617,-0.899004,0.629000,1.287285,0.063831,1.315902,1.490049
712,1.423000,0.910462,0.437887,0.445325,-0.051371,-0.251612,0.246659,-0.860325,0.553837,1.367751,0.101508,1.243336,1.566416,0.872151,0.515325,0.362045,-0.089682,-0.174174,0.163379,-0.898636,0.631275,1.284471,0.063197,1.320774,1.483136
713,1.425000,0.910212,0.439747,0.441251,-0.050600,-0.252354,0.246737,-0.859714,0.556554,1.365219,0.101099,1.248655,1.559734,0.871665,0.516749,0.357677,-0.089148,-0.175352,0.163162,-0.898261,0.633557,1.281644,0.062551,1.325657,1.476159
714,1.427000,0.909961,0.441601,0.437144,-0.049820,-0.253089,0.246809,-0.859098,0.559280,1.362662,0.100683,1.253969,1.552997,0.871176,0.518164,0.353276,-0.088605,-0.176526,0.162941,-0.897882,0.635843,1.278794,0.061899,1.330532,1.469129
715,1.429000,0.909707,0.443449,0.433001,-0.049033,-0.253812,0.246869,-0.858477,0.562013,1.360076,0.100263,1.259274,1.546208,0.870685,0.519570,0.348841,-0.088055,-0.177690,0.162709,-0.897499,0.638135,1.275916,0.061241,1.335395,1.462048
716,1.431000,0.909449,0.445293,0.428821,-0.048239,-0.254525,0.246920,-0.857851,0.564754,1.357465,0.099837,1.264572,1.539366,0.870190,0.520970,0.344372,-0.087498,-0.178848,0.162470,-0.897111,0.640431,1.273015,0.060577,1.340249,1.454916
717,1.433000,0.909189,0.447131,0.424606,-0.047437,-0.255230,0.246962,-0.857220,0.567503,1.354826,0.099405,1.269863,1.532469,0.869691,0.522360,0.339868,-0.086935,-0.180001,0.162224,-0.896718,0.642732,1.270088,0.059908,1.345092,1.447731
718,1.435000,0.908924,0.448966,0.420360,-0.046619,-0.255941,0.247030,-0.856580,0.570264,1.352176,0.098963,1.275171,1.525507,0.869186,0.523741,0.335334,-0.086358,-0.181166,0.162004,-0.896319,0.645040,1.267150,0.059225,1.349946,1.440480
719,1.437000,0.908659,0.450792,0.416074,-0.045801,-0.256625,0.247054,-0.855939,0.573029,1.349484,0.098521,1.280446,1.518504,0.868681,0.525114,0.330763,-0.085779,-0.182303,0.161743,-0.895917,0.647351,1.264173,0.058543,1.354768,1.433193
720,1.439000,0.908388,0.452616,0.411755,-0.044969,-0.257312,0.247099,-0.855288,0.575806,1.346779,0.098069,1.285735,1.511435,0.868169,0.526479,0.326160,-0.085189,-0.183449,0.161504,-0.895508,0.649670,1.261184,0.057850,1.359598,1.425840
721,1.441000,0.908117,0.454431,0.407397,-0.044134,-0.257976,0.247107,-0.854635,0.578586,1.344035,0.097616,1.290994,1.504325,0.867657,0.527835,0.321521,-0.084595,-0.184572,0.161230,-0.895096,0.651990,1.258158,0.057156,1.364398,1.418449
722,1.443000,0.907842,0.456243,0.403009,-0.043282,-0.258648,0.247143,-0.853972,0.581379,1.341280,0.097152,1.296270,1.497146,0.867138,0.529182,0.316851,-0.083986,-0.185709,0.160985,-0.894676,0.654318,1.255123,0.056448,1.369209,1.410989
723,1.445000,0.907562,0.458049,0.398584,-0.042426,-0.259304,0.247164,-0.853305,0.584182,1.338497,0.096683,1.301534,1.489917,0.866615,0.530520,0.312147,-0.083373,-0.186833,0.160728,-0.894252,0.656653,1.252061,0.055736,1.374005,1.403480
724,1.447000,0.907280,0.459848,0.394122,-0.041562,-0.259948,0.247174,-0.852633,0.586991,1.335686,0.096208,1.306787,1.482634,0.866089,0.531849,0.307409,-0.082752,-0.187947,0.160461,-0.893824,0.658992,1.248972,0.055018,1.378788,1.395920
725,1.449000,0.906995,0.461642,0.389627,-0.040686,-0.260584,0.247183,-0.851954,0.589810,1.332851,0.095727,1.312035,1.475295,0.865560,0.533169,0.302638,-0.082122,-0.189057,0.160194,-0.893389,0.661336,1.245862,0.054292,1.383562,1.388306
726,1.451000,0.906707,0.463429,0.385095,-0.039804,-0.261207,0.247181,-0.851270,0.592637,1.329989,0.095241,1.317273,1.467903,0.865027,0.534479,0.297833,-0.081484,-0.190157,0.159919,-0.892950,0.663687,1.242727,0.053561,1.388323,1.380641
727,1.453000,0.906415,0.465211,0.380527,-0.038914,-0.261817,0.247170,-0.850580,0.595474,1.327101,0.094749,1.322502,1.460458,0.864489,0.535781,0.292994,-0.080840,-0.191247,0.159637,-0.892505,0.666044,1.239568,0.052823,1.393072,1.372925
728,1.455000,0.906120,0.466985,0.375923,-0.038014,-0.262417,0.247151,-0.849883,0.598318,1.324186,0.094251,1.327720,1.452958,0.863948,0.537073,0.288122,-0.080186,-0.192329,0.159350,-0.892055,0.668406,1.236384,0.052079,1.397808,1.365156
729,1.457000,0.905823,0.468754,0.371286,-0.037103,-0.263009,0.247134,-0.849180,0.601171,1.321250,0.093746,1.332934,1.445402,0.863403,0.538356,0.283217,-0.079523,-0.193407,0.159065,-0.891599,0.670773,1.233181,0.051327,1.402536,1.357333
730,1.459000,0.905522,0.470516,0.366613,-0.036185,-0.263587,0.247108,-0.848471,0.604035,1.318286,0.093235,1.338138,1.437791,0.862855,0.539629,0.278279,-0.078852,-0.194474,0.158773,-0.891138,0.673148,1.229952,0.050568,1.407251,1.349457
731,1.461000,0.905215,0.472272,0.361909,-0.035251,-0.264168,0.247107,-0.847753,0.606913,1.315310,0.092713,1.343353,1.430112,0.862298,0.540890,0.273310,-0.078168,-0.195550,0.158508,-0.890670,0.675531,1.226711,0.049796,1.411971,1.341513
732,1.463000,0.904908,0.474020,0.357164,-0.034316,-0.264720,0.247060,-0.847033,0.609794,1.312290,0.092190,1.348534,1.422394,0.861743,0.542143,0.268304,-0.077481,-0.196597,0.158201,-0.890199,0.677917,1.223431,0.049025,1.416657,1.333535
733,1.465000,0.904595,0.475764,0.352386,-0.033365,-0.265270,0.247034,-0.846304,0.612689,1.309258,0.091657,1.353722,1.414610,0.861180,0.543387,0.263267,-0.076781,-0.197647,0.157915,-0.889719,0.680312,1.220139,0.048241,1.421345,1.325491
734,1.467000,0.904282,0.477497,0.347570,-0.032412,-0.265795,0.246971,-0.845571,0.615587,1.306186,0.091123,1.358879,1.406786,0.860617,0.544620,0.258195,-0.076077,-0.198672,0.157596,-0.889236,0.682710,1.216811,0.047458,1.426002,1.317411
735,1.469000,0.903963,0.479226,0.342724,-0.031441,-0.266324,0.246941,-0.844828,0.618502,1.303106,0.090576,1.364052,1.398889,0.860046,0.545842,0.253094,-0.075358,-0.199709,0.157310,-0.888745,0.685117,1.213475,0.046659,1.430668,1.309258
736,1.471000,0.903642,0.480945,0.337838,-0.030469,-0.266825,0.246867,-0.844083,0.621420,1.299984,0.090029,1.369190,1.390955,0.859474,0.547054,0.247956,-0.074637,-0.200716,0.156985,-0.888250,0.687529,1.210102,0.045861,1.435299,1.301073
737,1.473000,0.903316,0.482659,0.332921,-0.029480,-0.267328,0.246826,-0.843326,0.624354,1.296853,0.089470,1.374341,1.382948,0.858895,0.548254,0.242788,-0.073901,-0.201733,0.156692,-0.887747,0.689950,1.206720,0.045048,1.439936,1.292815
738,1.475000,0.902988,0.484364,0.327964,-0.028489,-0.267801,0.246739,-0.842567,0.627292,1.293680,0.088910,1.379457,1.374905,0.858315,0.549447,0.237584,-0.073162,-0.202719,0.156359,-0.887240,0.692375,1.203300,0.044237,1.444540,1.284525
739,1.477000,0.902656,0.486063,0.322976,-0.027480,-0.268275,0.246679,-0.841798,0.630244,1.290494,0.088338,1.384582,1.366791,0.857729,0.550627,0.232350,-0.072408,-0.203711,0.156053,-0.886725,0.694808,1.199868,0.043411,1.449146,1.276165
740,1.479000,0.902322,0.487753,0.317948,-0.026471,-0.268720,0.246578,-0.841026,0.633201,1.287269,0.087766,1.389674,1.358639,0.857141,0.551798,0.227080,-0.071651,-0.204675,0.155710,-0.886207,0.697246,1.196401,0.042586,1.453719,1.267771
741,1.481000,0.901981,0.489436,0.312890,-0.025443,-0.269166,0.246508,-0.840243,0.636174,1.284034,0.087181,1.394776,1.350416,0.856546,0.552956,0.221781,-0.070879,-0.205646,0.155399,-0.885679,0.699694,1.192925,0.041745,1.458296,1.259307
742,1.483000,0.901640,0.491110,0.307793,-0.024414,-0.269583,0.246395,-0.839458,0.639151,1.280758,0.086596,1.399844,1.342155,0.855950,0.554105,0.216447,-0.070104,-0.206588,0.155050,-0.885148,0.702146,1.189412,0.040906,1.462839,1.250809
743,1.485000,0.901293,0.492778,0.302664,-0.023367,-0.269999,0.246313,-0.838661,0.642145,1.277471,0.085998,1.404922,1.333822,0.855347,0.555241,0.211082,-0.069313,-0.207536,0.154731,-0.884608,0.704608,1.185889,0.040052,1.467385,1.242241
744,1.487000,0.900942,0.494436,0.297500,-0.022311,-0.270399,0.246220,-0.837859,0.645149,1.274156,0.085395,1.409985,1.325437,0.854739,0.556366,0.205685,-0.068514,-0.208470,0.154405,-0.884062,0.707078,1.182341,0.039191,1.471914,1.233621
745,1.489000,0.900589,0.496086,0.292301,-0.021247,-0.270782,0.246113,-0.837050,0.648162,1.270812,0.084785,1.415030,1.316999,0.854128,0.557479,0.200255,-0.067707,-0.209389,0.154068,-0.883511,0.709555,1.178766,0.038325,1.476422,1.224954
746,1.491000,0.900232,0.497728,0.287067,-0.020172,-0.271148,0.246001,-0.836235,0.651186,1.267442,0.084169,1.420062,1.308508,0.853514,0.558581,0.194794,-0.066890,-0.210295,0.153727,-0.882953,0.712039,1.175169,0.037451,1.480915,1.216235
747,1.493000,0.899865,0.499358,0.281807,-0.019074,-0.271528,0.245957,-0.835405,0.654237,1.264074,0.083534,1.425123,1.299925,0.852886,0.559662,0.189306,-0.066053,-0.211224,0.153455,-0.882384,0.714540,1.171573,0.036555,1.485426,1.207424
748,1.495000,0.899491,0.500976,0.276521,-0.017959,-0.271909,0.245956,-0.834568,0.657315,1.260694,0.082883,1.430199,1.291260,0.852249,0.560722,0.183792,-0.065201,-0.212163,0.153227,-0.881810,0.717061,1.167965,0.035640,1.489945,1.198531
749,1.497000,0.899118,0.502582,0.271201,-0.016837,-0.272266,0.245927,-0.833728,0.660401,1.257273,0.082226,1.435249,1.282547,0.851614,0.561769,0.178248,-0.064341,-0.213078,0.152974,-0.881233,0.719588,1.164320,0.034722,1.494436,1.189594
750,1.499000,0.898735,0.504175,0.265859,-0.015686,-0.272640,0.245984,-0.832874,0.663520,1.253857,0.081546,1.440335,1.273732,0.850964,0.562791,0.172681,-0.063456,-0.214023,0.152806,-0.880644,0.722137,1.160679,0.033776,1.498951,1.180554
751,1.501000,0.898346,0.505755,0.260491,-0.014515,-0.273012,0.246082,-0.832011,0.666665,1.250427,0.080850,1.445432,1.264836,0.850307,0.563793,0.167089,-0.062553,-0.214974,0.152680,-0.880049,0.724703,1.157025,0.032812,1.503469,1.171434
752,1.503000,0.897957,0.507324,0.255081,-0.013347,-0.273346,0.246119,-0.831145,0.669810,1.246950,0.080158,1.450480,1.255913,0.849653,0.564786,0.161460,-0.061651,-0.215884,0.152498,-0.879449,0.727272,1.153330,0.031854,1.507942,1.162292
753,1.505000,0.897562,0.508883,0.249641,-0.012162,-0.273671,0.246179,-0.830268,0.672971,1.243462,0.079456,1.455525,1.246923,0.848990,0.565763,0.155803,-0.060733,-0.216791,0.152342,-0.878840,0.729851,1.149624,0.030884,1.512405,1.153086
754,1.507000,0.897321,0.510328,0.244631,-0.010930,-0.273941,0.246290,-0.829614,0.676267,1.239699,0.078637,1.460536,1.238040,0.848528,0.566635,0.150562,-0.059722,-0.217634,0.152222,-0.878406,0.732574,1.145631,0.029844,1.516843,1.143971
755,1.509000,0.898020,0.511249,0.242527,-0.009301,-0.274084,0.247022,-0.830496,0.680321,1.234317,0.076826,1.465653,1.229822,0.849293,0.567005,0.148098,-0.058029,-0.218327,0.152593,-0.879224,0.736078,1.139888,0.028098,1.521410,1.135393
756,1.511000,0.899170,0.511864,0.241460,-0.007415,-0.274303,0.248080,-0.831802,0.684610,1.228321,0.074783,1.470778,1.221700,0.850609,0.567065,0.146620,-0.055976,-0.219103,0.153240,-0.880363,0.739811,1.133480,0.026222,1.525979,1.126860
757,1.513000,0.900450,0.512371,0.240814,-0.005530,-0.274478,0.249190,-0.833332,0.689011,1.222038,0.072648,1.475859,1.213663,0.852103,0.567024,0.145548,-0.053877,-0.219825,0.153924,-0.881679,0.743664,1.126772,0.024301,1.530512,1.118397
758,1.515000,0.901764,0.512835,0.240328,-0.003674,-0.274617,0.250313,-0.834951,0.693453,1.215620,0.070487,1.480906,1.205635,0.853652,0.566943,0.144633,-0.051786,-0.220509,0.154618,-0.883064,0.747561,1.119925,0.022374,1.535013,1.109940
759,1.517000,0.903076,0.513305,0.239848,-0.001838,-0.274729,0.251423,-0.836578,0.697888,1.209142,0.068336,1.485921,1.197567,0.855203,0.566867,0.143726,-0.049711,-0.221167,0.155302,-0.884452,0.751450,1.113021,0.020462,1.539483,1.101445
760,1.519000,0.904386,0.513780,0.239376,-0.000020,-0.274811,0.252518,-0.838212,0.702315,1.202602,0.066194,1.490906,1.189460,0.856757,0.566796,0.142832,-0.047650,-0.221795,0.155974,-0.885842,0.755330,1.106058,0.018565,1.543922,1.092915
761,1.521000,0.905685,0.514274,0.238877,0.001780,-0.274864,0.253592,-0.839835,0.706724,1.196019,0.064070,1.495862,1.181304,0.858301,0.566741,0.141913,-0.045604,-0.222396,0.156629,-0.887219,0.759192,1.099056,0.016686,1.548329,1.084341
762,1.523000,0.906998,0.514758,0.238437,0.003559,-0.274885,0.254651,-0.841490,0.711138,1.189343,0.061949,1.500781,1.173130,0.859870,0.566679,0.141056,-0.043569,-0.222963,0.157270,-0.888619,0.763059,1.091962,0.014820,1.552702,1.075749
763,1.525000,0.908296,0.515264,0.237955,0.005324,-0.274879,0.255687,-0.843126,0.715528,1.182632,0.059846,1.505672,1.164899,0.861423,0.566637,0.140161,-0.041550,-0.223507,0.157893,-0.890000,0.766901,1.084837,0.012972,1.557044,1.067105
764,1.527000,0.909582,0.515791,0.237437,0.007074,-0.274846,0.256700,-0.844746,0.719896,1.175880,0.057763,1.510533,1.156617,0.862963,0.566614,0.139234,-0.039545,-0.224024,0.158498,-0.891364,0.770719,1.077678,0.011144,1.561356,1.058414
765,1.529000,0.910879,0.516311,0.236968,0.008803,-0.274782,0.257698,-0.846391,0.724266,1.169040,0.055685,1.515360,1.148311,0.864525,0.566585,0.138359,-0.037551,-0.224509,0.159088,-0.892745,0.774540,1.070431,0.009331,1.565633,1.049701
766,1.531000,0.912159,0.516855,0.236453,0.010517,-0.274692,0.258672,-0.848015,0.728612,1.162167,0.053627,1.520160,1.139948,0.866069,0.566578,0.137441,-0.035573,-0.224970,0.159660,-0.894106,0.778334,1.063155,0.007536,1.569882,1.040936
767,1.533000,0.913426,0.517421,0.235899,0.012216,-0.274575,0.259622,-0.849622,0.732935,1.155256,0.051588,1.524931,1.131533,0.867599,0.566590,0.136490,-0.033612,-0.225406,0.160213,-0.895449,0.782104,1.055846,0.005761,1.574100,1.032124
768,1.535000,0.914702,0.517982,0.235393,0.013893,-0.274426,0.260556,-0.851253,0.737261,1.148257,0.049556,1.529668,1.123094,0.869147,0.566599,0.135588,-0.031662,-0.225809,0.160750,-0.896808,0.785878,1.048451,0.004001,1.578286,1.023288
769,1.537000,0.915961,0.518566,0.234839,0.015554,-0.274250,0.261466,-0.852863,0.741563,1.141225,0.047544,1.534380,1.114597,0.870677,0.566630,0.134643,-0.029730,-0.226187,0.161270,-0.898147,0.789627,1.041028,0.002260,1.582444,1.014401
770,1.539000,0.917206,0.519171,0.234248,0.017197,-0.274047,0.262352,-0.854456,0.745845,1.134156,0.045553,1.539063,1.106052,0.872193,0.566679,0.133665,-0.027815,-0.226538,0.161770,-0.899468,0.793354,1.033573,0.000541,1.586571,1.005469
771,1.541000,0.918449,0.519780,0.233668,0.018818,-0.273814,0.263217,-0.856054,0.750120,1.127022,0.043577,1.543713,1.097473,0.873714,0.566733,0.132702,-0.025917,-0.226860,0.162251,-0.900790,0.797073,1.026056,-0.001159,1.590667,0.996507
772,1.543000,0.919687,0.520400,0.233085,0.020420,-0.273551,0.264061,-0.857652,0.754383,1.119831,0.041616,1.548334,1.088855,0.875232,0.566798,0.131739,-0.024035,-0.227153,0.162715,-0.902107,0.800781,1.018485,-0.002839,1.594732,0.987509
773,1.545000,0.920910,0.521040,0.232460,0.022004,-0.273262,0.264879,-0.859230,0.758624,1.112605,0.039676,1.552927,1.080185,0.876735,0.566881,0.130739,-0.022172,-0.227421,0.163158,-0.903405,0.804465,1.010884,-0.004499,1.598768,0.978464
774,1.547000,0.922131,0.521686,0.231844,0.023566,-0.272944,0.265675,-0.860812,0.762856,1.105315,0.037754,1.557486,1.071484,0.878241,0.566970,0.129751,-0.020325,-0.227659,0.163582,-0.904702,0.808141,1.003222,-0.006137,1.602770,0.969391
775,1.549000,0.923345,0.522344,0.231222,0.025108,-0.272596,0.266449,-0.862392,0.767076,1.097970,0.035845,1.562016,1.062743,0.879743,0.567071,0.128761,-0.018494,-0.227869,0.163988,-0.905994,0.811803,0.995508,-0.007757,1.606743,0.960281
776,1.551000,0.924544,0.523024,0.230558,0.026635,-0.272223,0.267198,-0.863951,0.771271,1.090593,0.033958,1.566517,1.053953,0.881229,0.567193,0.127733,-0.016680,-0.228054,0.164373,-0.907266,0.815439,0.987768,-0.009357,1.610686,0.951128
777,1.553000,0.925740,0.523709,0.229902,0.028140,-0.271821,0.267925,-0.865513,0.775455,1.083153,0.032087,1.570985,1.045130,0.882718,0.567319,0.126717,-0.014882,-0.228211,0.164739,-0.908535,0.819066,0.979967,-0.010935,1.614596,0.941945
778,1.555000,0.926930,0.524406,0.229243,0.029626,-0.271392,0.268629,-0.867073,0.779626,1.075656,0.030231,1.575424,1.036270,0.884203,0.567458,0.125700,-0.013100,-0.228340,0.165087,-0.909800,0.822678,0.972114,-0.012496,1.618476,0.932727
779,1.557000,0.928105,0.525126,0.228540,0.031096,-0.270935,0.269307,-0.868613,0.783772,1.068128,0.028396,1.579834,1.027361,0.885673,0.567618,0.124646,-0.011336,-0.228444,0.165413,-0.911045,0.826264,0.964234,-0.014036,1.622326,0.923467
780,1.559000,0.929285,0.525842,0.227883,0.032542,-0.270450,0.269966,-0.870171,0.787918,1.060513,0.026571,1.584210,1.018430,0.887157,0.567775,0.123639,-0.009585,-0.228517,0.165722,-0.912299,0.829851,0.956269,-0.015556,1.626143,0.914186
781,1.561000,0.930448,0.526582,0.227176,0.033973,-0.269939,0.270598,-0.871707,0.792038,1.052870,0.024768,1.588559,1.009448,0.888623,0.567955,0.122587,-0.007853,-0.228567,0.166009,-0.913533,0.833410,0.948280,-0.017057,1.629932,0.904859
782,1.563000,0.931607,0.527331,0.226475,0.035382,-0.269400,0.271206,-0.873243,0.796145,1.045165,0.022982,1.592876,1.000434,0.890088,0.568143,0.121543,-0.006136,-0.228588,0.166275,-0.914762,0.836958,0.940234,-0.018537,1.633689,0.895503
783,1.565000,0.932758,0.528092,0.225766,0.036773,-0.268834,0.271792,-0.874775,0.800238,1.037407,0.021211,1.597164,0.991381,0.891549,0.568344,0.120497,-0.004436,-0.228582,0.166522,-0.915984,0.840490,0.932138,-0.019998,1.637416,0.886112
784,1.567000,0.933894,0.528876,0.225014,0.038146,-0.268241,0.272349,-0.876286,0.804307,1.029617,0.019462,1.601424,0.982282,0.892994,0.568566,0.119411,-0.002754,-0.228551,0.166746,-0.917186,0.843997,0.924015,-0.021438,1.641114,0.876680
785,1.569000,0.935026,0.529666,0.224273,0.039497,-0.267620,0.272882,-0.877799,0.808365,1.021764,0.017730,1.605651,0.973154,0.894440,0.568794,0.118340,-0.001089,-0.228492,0.166950,-0.918385,0.847494,0.915831,-0.022856,1.644780,0.867222
786,1.571000,0.936151,0.530469,0.223528,0.040829,-0.266972,0.273393,-0.879308,0.812409,1.013855,0.016014,1.609850,0.963990,0.895883,0.569036,0.117268,0.000560,-0.228405,0.167133,-0.919577,0.850976,0.907596,-0.024255,1.648416,0.857731
787,1.573000,0.937260,0.531293,0.222739,0.042144,-0.266298,0.273874,-0.880797,0.816429,1.005916,0.014320,1.614020,0.954780,0.897308,0.569297,0.116158,0.002191,-0.228293,0.167293,-0.920749,0.854433,0.899335,-0.025632,1.652024,0.848199
788,1.575000,0.938374,0.532115,0.222005,0.043433,-0.265595,0.274337,-0.882306,0.820447,0.997885,0.012636,1.618157,0.945552,0.898748,0.569558,0.115104,0.003807,-0.228152,0.167436,-0.921932,0.857890,0.890984,-0.026990,1.655600,0.838651
789,1.577000,0.939471,0.532960,0.221218,0.044706,-0.264867,0.274771,-0.883790,0.824440,0.989828,0.010975,1.622267,0.936274,0.900169,0.569840,0.114002,0.005404,-0.227987,0.167555,-0.923091,0.861320,0.882612,-0.028327,1.659148,0.829059
790,1.579000,0.940561,0.533814,0.220435,0.045957,-0.264112,0.275180,-0.885271,0.828420,0.981711,0.009333,1.626346,0.926966,0.901588,0.570132,0.112908,0.006984,-0.227794,0.167653,-0.924245,0.864738,0.874184,-0.029640,1.662664,0.819439
791,1.581000,0.941643,0.534682,0.219645,0.047188,-0.263330,0.275565,-0.886748,0.832385,0.973542,0.007707,1.630397,0.917622,0.903001,0.570437,0.111810,0.008547,-0.227575,0.167730,-0.925389,0.868140,0.865707,-0.030935,1.666153,0.809787
792,1.583000,0.942708,0.535572,0.218812,0.048402,-0.262522,0.275921,-0.888203,0.836325,0.965343,0.006103,1.634420,0.908234,0.904397,0.570764,0.110674,0.010091,-0.227331,0.167783,-0.926514,0.871517,0.857206,-0.032208,1.669612,0.800096
793,1.585000,0.943777,0.536461,0.218033,0.049590,-0.261686,0.276257,-0.889677,0.840263,0.957054,0.004510,1.638411,0.898830,0.905806,0.571091,0.109594,0.011619,-0.227057,0.167818,-0.927648,0.874893,0.848615,-0.033461,1.673041,0.790391
794,1.587000,0.944828,0.537374,0.217201,0.050762,-0.260826,0.276563,-0.891125,0.844175,0.948740,0.002941,1.642375,0.889377,0.907195,0.571440,0.108466,0.013129,-0.226760,0.167828,-0.928758,0.878241,0.840005,-0.034692,1.676441,0.780643
795,1.589000,0.945872,0.538296,0.216373,0.051912,-0.259938,0.276843,-0.892570,0.848073,0.940366,0.001390,1.646308,0.879896,0.908582,0.571799,0.107346,0.014621,-0.226435,0.167816,-0.929861,0.881577,0.831339,-0.035901,1.679811,0.770869
796,1.591000,0.946907,0.539232,0.215539,0.053041,-0.259025,0.277099,-0.894009,0.851956,0.931941,-0.000143,1.650213,0.870380,0.909962,0.572172,0.106223,0.016096,-0.226085,0.167783,-0.930955,0.884896,0.822625,-0.037089,1.683153,0.761064
797,1.593000,0.947925,0.540191,0.214660,0.054153,-0.258085,0.277324,-0.895427,0.855815,0.923487,-0.001655,1.654091,0.860823,0.911324,0.572567,0.105060,0.017552,-0.225709,0.167724,-0.932028,0.888191,0.813887,-0.038256,1.686467,0.751223
798,1.595000,0.948944,0.541150,0.213836,0.055238,-0.257118,0.277529,-0.896860,0.859669,0.914943,-0.003153,1.657937,0.851249,0.912697,0.572964,0.103954,0.018990,-0.225304,0.167647,-0.933108,0.891483,0.805061,-0.039401,1.689751,0.741367
799,1.597000,0.949946,0.542132,0.212957,0.056307,-0.256126,0.277703,-0.898268,0.863498,0.906375,-0.004629,1.661756,0.841629,0.914050,0.573382,0.102799,0.020411,-0.224876,0.167545,-0.934164,0.894748,0.796216,-0.040525,1.693007,0.731471
800,1.599000,0.950940,0.543125,0.212084,0.057353,-0.255109,0.277851,-0.899672,0.867312,0.897749,-0.006085,1.665546,0.831982,0.915400,0.573812,0.101652,0.021813,-0.224422,0.167419,-0.935212,0.897999,0.787317,-0.041625,1.696233,0.721550
801,1.601000,0.951924,0.544132,0.211204,0.058378,-0.254065,0.277973,-0.901069,0.871111,0.889070,-0.007524,1.669308,0.822301,0.916742,0.574256,0.100502,0.023197,-0.223941,0.167271,-0.936250,0.901235,0.778369,-0.042705,1.699432,0.711600
802,1.603000,0.952890,0.545161,0.210278,0.059386,-0.252996,0.278064,-0.902444,0.874885,0.880366,-0.008939,1.673042,0.812580,0.918066,0.574721,0.099312,0.024562,-0.223436,0.167098,-0.937268,0.904445,0.769400,-0.043763,1.702602,0.701614
803,1.605000,0.953857,0.546192,0.209408,0.060366,-0.251900,0.278133,-0.903833,0.878654,0.871570,-0.010342,1.676746,0.802845,0.919400,0.575190,0.098180,0.025909,-0.222902,0.166904,-0.938290,0.907652,0.760341,-0.044799,1.705744,0.691617
804,1.607000,0.954805,0.547247,0.208484,0.061330,-0.250780,0.278171,-0.905197,0.882397,0.862753,-0.011722,1.680424,0.793065,0.920713,0.575681,0.096998,0.027238,-0.222345,0.166685,-0.939289,0.910832,0.751266,-0.045814,1.708858,0.681579
805,1.609000,0.955750,0.548305,0.207599,0.062268,-0.249634,0.278186,-0.906567,0.886132,0.853854,-0.013085,1.684072,0.783266,0.922030,0.576178,0.095858,0.028548,-0.221761,0.166445,-0.940287,0.914005,0.742113,-0.046805,1.711944,0.671525
806,1.611000,0.956677,0.549388,0.206660,0.063189,-0.248463,0.278170,-0.907914,0.889842,0.844934,-0.014426,1.687693,0.773424,0.923327,0.576697,0.094669,0.029839,-0.221154,0.166179,-0.941263,0.917152,0.732943,-0.047775,1.715002,0.661433
807,1.613000,0.957594,0.550482,0.205730,0.064087,-0.247266,0.278127,-0.909256,0.893537,0.835955,-0.015749,1.691285,0.763558,0.924619,0.577230,0.093492,0.031112,-0.220519,0.165890,-0.942231,0.920284,0.723718,-0.048723,1.718033,0.651320
808,1.615000,0.958501,0.551591,0.204794,0.064963,-0.246045,0.278057,-0.910590,0.897215,0.826924,-0.017052,1.694850,0.753660,0.925903,0.577776,0.092313,0.032366,-0.219860,0.165577,-0.943187,0.923400,0.714444,-0.049649,1.721036,0.641180
809,1.617000,0.959390,0.552721,0.203811,0.065822,-0.244799,0.277955,-0.911900,0.900868,0.817868,-0.018332,1.698388,0.743724,0.927169,0.578344,0.091093,0.033601,-0.219177,0.165237,-0.944121,0.926491,0.705150,-0.050553,1.724011,0.631006
810,1.619000,0.960276,0.553856,0.202880,0.066652,-0.243527,0.277829,-0.913221,0.904514,0.808724,-0.019597,1.701897,0.733775,0.928440,0.578917,0.089927,0.034817,-0.218466,0.164876,-0.945057,0.929576,0.695771,-0.051433,1.726958,0.620821
811,1.621000,0.961144,0.555014,0.201895,0.067466,-0.242231,0.277672,-0.914517,0.908136,0.799560,-0.020840,1.705380,0.723783,0.929691,0.579513,0.088712,0.036014,-0.217731,0.164488,-0.945970,0.932635,0.686376,-0.052292,1.729879,0.610599
812,1.623000,0.962006,0.556178,0.200951,0.068253,-0.240909,0.277490,-0.915818,0.911747,0.790314,-0.022066,1.708834,0.713774,0.930944,0.580117,0.087539,0.037191,-0.216971,0.164079,-0.946880,0.935685,0.676903,-0.053127,1.732773,0.600363
813,1.625000,0.962849,0.557366,0.199952,0.069024,-0.239564,0.277277,-0.917094,0.915333,0.781049,-0.023268,1.712262,0.703724,0.932176,0.580743,0.086318,0.038350,-0.216187,0.163643,-0.947767,0.938710,0.667415,-0.053942,1.735639,0.590090
814,1.627000,0.963681,0.558569,0.198954,0.069771,-0.238193,0.277032,-0.918362,0.918901,0.771730,-0.024452,1.715663,0.693652,0.933400,0.581385,0.085101,0.039490,-0.215376,0.163180,-0.948644,0.941718,0.657877,-0.054734,1.738479,0.579799
815,1.629000,0.964501,0.559785,0.197950,0.070497,-0.236798,0.276762,-0.919620,0.922453,0.762360,-0.025616,1.719036,0.683549,0.934615,0.582041,0.083883,0.040610,-0.214542,0.162694,-0.949507,0.944709,0.648293,-0.055502,1.741292,0.569481
816,1.631000,0.965309,0.561015,0.196946,0.071199,-0.235379,0.276462,-0.920869,0.925987,0.752938,-0.026759,1.722382,0.673422,0.935821,0.582711,0.082666,0.041711,-0.213683,0.162183,-0.950357,0.947683,0.638659,-0.056247,1.744078,0.559142
817,1.633000,0.966103,0.562263,0.195929,0.071880,-0.233936,0.276134,-0.922106,0.929503,0.743468,-0.027883,1.725702,0.663264,0.937016,0.583399,0.081443,0.042792,-0.212799,0.161647,-0.951194,0.950640,0.628982,-0.056970,1.746838,0.548777
818,1.635000,0.966885,0.563525,0.194912,0.072538,-0.232468,0.275776,-0.923334,0.933002,0.733945,-0.028987,1.728994,0.653082,0.938201,0.584102,0.080222,0.043854,-0.211891,0.161086,-0.952018,0.953579,0.619255,-0.057671,1.749571,0.538391
819,1.637000,0.967653,0.564803,0.193884,0.073175,-0.230976,0.275390,-0.924550,0.936482,0.724375,-0.030071,1.732261,0.642870,0.939375,0.584821,0.078994,0.044897,-0.210958,0.160500,-0.952828,0.956500,0.609486,-0.058349,1.752279,0.527980
820,1.639000,0.968409,0.566097,0.192854,0.073789,-0.229460,0.274974,-0.925756,0.939943,0.714754,-0.031136,1.735500,0.632634,0.940540,0.585556,0.077768,0.045920,-0.210001,0.159888,-0.953625,0.959403,0.599669,-0.059004,1.754960,0.517548
821,1.641000,0.969150,0.567407,0.191811,0.074381,-0.227921,0.274528,-0.926948,0.943386,0.705086,-0.032179,1.738714,0.622369,0.941692,0.586308,0.076534,0.046923,-0.209019,0.159251,-0.954406,0.962288,0.589809,-0.059637,1.757615,0.507092
822,1.643000,0.969878,0.568731,0.190766,0.074950,-0.226358,0.274053,-0.928130,0.946811,0.695368,-0.033202,1.741900,0.612080,0.942834,0.587075,0.075301,0.047906,-0.208014,0.158588,-0.955173,0.965155,0.579903,-0.060245,1.760244,0.496615
823,1.645000,0.970591,0.570074,0.189707,0.075497,-0.224771,0.273548,-0.929298,0.950217,0.685604,-0.034205,1.745062,0.601763,0.943964,0.587861,0.074058,0.048870,-0.206984,0.157899,-0.955925,0.968003,0.569955,-0.060832,1.762848,0.486114
824,1.647000,0.971290,0.571433,0.188647,0.076022,-0.223160,0.273013,-0.930456,0.953604,0.675790,-0.035188,1.748197,0.591424,0.945082,0.588663,0.072818,0.049814,-0.205930,0.157184,-0.956664,0.970834,0.559961,-0.061396,1.765427,0.475595
825,1.649000,0.971974,0.572809,0.187574,0.076525,-0.221525,0.272448,-0.931600,0.956972,0.665930,-0.036151,1.751306,0.581056,0.946188,0.589483,0.071569,0.050739,-0.204852,0.156443,-0.957386,0.973646,0.549926,-0.061937,1.767980,0.465052
826,1.651000,0.972644,0.574201,0.186496,0.077005,-0.219868,0.271852,-0.932732,0.960321,0.656022,-0.037093,1.754390,0.570666,0.947282,0.590319,0.070320,0.051643,-0.203749,0.155676,-0.958094,0.976439,0.539845,-0.062455,1.770508,0.454490
827,1.653000,0.973298,0.575610,0.185405,0.077463,-0.218187,0.271226,-0.933849,0.963651,0.646069,-0.038014,1.757448,0.560249,0.948362,0.591173,0.069061,0.052527,-0.202624,0.154881,-0.958785,0.979214,0.529725,-0.062950,1.773011,0.443904
828,1.655000,0.973938,0.577036,0.184311,0.077898,-0.216482,0.270569,-0.934955,0.966962,0.636067,-0.038915,1.760480,0.549809,0.949431,0.592045,0.067803,0.053391,-0.201474,0.154060,-0.959462,0.981970,0.519559,-0.063422,1.775489,0.433301
829,1.657000,0.974562,0.578479,0.183204,0.078311,-0.214755,0.269881,-0.936047,0.970253,0.626020,-0.039795,1.763487,0.539343,0.950487,0.592934,0.066536,0.054235,-0.200300,0.153213,-0.960123,0.984708,0.509352,-0.063871,1.777942,0.422675
830,1.659000,0.975171,0.579938,0.182095,0.078700,-0.213004,0.269162,-0.937126,0.973526,0.615923,-0.040655,1.766469,0.528856,0.951529,0.593839,0.065271,0.055058,-0.199103,0.152339,-0.960768,0.987427,0.499099,-0.064297,1.780370,0.412032
831,1.661000,0.975764,0.581416,0.180974,0.079067,-0.211231,0.268413,-0.938191,0.976779,0.605782,-0.041494,1.769426,0.518343,0.952559,0.594764,0.063998,0.055861,-0.197883,0.151437,-0.961397,0.990127,0.488806,-0.064700,1.782774,0.401367
832,1.663000,0.976342,0.582910,0.179847,0.079411,-0.209435,0.267632,-0.939242,0.980013,0.595593,-0.042312,1.772357,0.507808,0.953575,0.595706,0.062723,0.056644,-0.196639,0.150508,-0.962010,0.992809,0.478470,-0.065079,1.785153,0.390684
833,1.665000,0.976903,0.584422,0.178705,0.079734,-0.207616,0.266820,-0.940279,0.983227,0.585362,-0.043110,1.775264,0.497247,0.954576,0.596666,0.061438,0.057407,-0.195371,0.149553,-0.962605,0.995471,0.468095,-0.065436,1.787509,0.379980
834,1.667000,0.977450,0.585947,0.177593,0.080028,-0.205774,0.265980,-0.941310,0.986425,0.575058,-0.043889,1.778146,0.486672,0.955570,0.597641,0.060186,0.058148,-0.194080,0.148573,-0.963190,0.998119,0.457651,-0.065769,1.789840,0.369264
835,1.669000,0.977977,0.587496,0.176424,0.080307,-0.203910,0.265105,-0.942315,0.989598,0.564743,-0.044644,1.781004,0.476062,0.956541,0.598639,0.058881,0.058871,-0.192767,0.147562,-0.963751,1.000741,0.447200,-0.066080,1.792147,0.358519
836,1.671000,0.978491,0.589058,0.175290,0.080557,-0.202023,0.264201,-0.943316,0.992756,0.554351,-0.045382,1.783837,0.465441,0.957506,0.599652,0.057615,0.059572,-0.191429,0.146526,-0.964301,1.003350,0.436676,-0.066367,1.794431,0.347766
837,1.673000,0.978987,0.590638,0.174142,0.080784,-0.200115,0.263265,-0.944300,0.995894,0.543919,-0.046097,1.786646,0.454796,0.958454,0.600683,0.056339,0.060252,-0.190069,0.145462,-0.964832,1.005939,0.426116,-0.066630,1.796691,0.336993
838,1.675000,0.979466,0.592237,0.172974,0.080991,-0.198184,0.262297,-0.945266,0.999010,0.533448,-0.046792,1.789431,0.444125,0.959387,0.601734,0.055047,0.060912,-0.188687,0.144371,-0.965345,1.008507,0.415522,-0.066870,1.798928,0.326198
839,1.677000,0.979927,0.593854,0.171801,0.081174,-0.196230,0.261297,-0.946218,1.002107,0.522931,-0.047465,1.792191,0.433435,0.960305,0.602803,0.053755,0.061551,-0.187281,0.143251,-0.965841,1.011057,0.404885,-0.067088,1.801141,0.315389
840,1.679000,0.980371,0.595489,0.170613,0.081334,-0.194255,0.260265,-0.947154,1.005184,0.512373,-0.048117,1.794928,0.422721,0.961206,0.603892,0.052452,0.062170,-0.185852,0.142103,-0.966318,1.013587,0.394211,-0.067282,1.803331,0.304560
841,1.681000,0.980798,0.597136,0.169453,0.081465,-0.192260,0.259204,-0.948081,1.008244,0.501743,-0.048748,1.797640,0.411993,0.962098,0.604993,0.051180,0.062765,-0.184402,0.140931,-0.966781,1.016102,0.383470,-0.067448,1.805497,0.293720
842,1.683000,0.981206,0.598808,0.168237,0.081581,-0.190241,0.258107,-0.948981,1.011280,0.491104,-0.049356,1.800329,0.401234,0.962967,0.606120,0.049857,0.063342,-0.182929,0.139726,-0.967220,1.018592,0.372723,-0.067595,1.807641,0.282854
843,1.685000,0.981598,0.600492,0.167056,0.081667,-0.188202,0.256980,-0.949875,1.014300,0.480388,-0.049943,1.802994,0.390464,0.963827,0.607260,0.048573,0.063896,-0.181434,0.138497,-0.967645,1.021068,0.361904,-0.067714,1.809762,0.271980
844,1.687000,0.981971,0.602193,0.165863,0.081729,-0.186142,0.255822,-0.950750,1.017300,0.469631,-0.050508,1.805635,0.379672,0.964670,0.608418,0.047280,0.064428,-0.179917,0.137239,-0.968051,1.023525,0.351048,-0.067809,1.811860,0.261089
845,1.689000,0.982325,0.603913,0.164650,0.081769,-0.184061,0.254631,-0.951607,1.020279,0.458836,-0.051051,1.808253,0.368856,0.965496,0.609595,0.045972,0.064939,-0.178378,0.135952,-0.968437,1.025961,0.340158,-0.067880,1.813935,0.250178
846,1.691000,0.982661,0.605651,0.163431,0.081786,-0.181958,0.253406,-0.952446,1.023238,0.447997,-0.051571,1.810847,0.358022,0.966305,0.610791,0.044662,0.065430,-0.176818,0.134637,-0.968803,1.028379,0.329228,-0.067927,1.815987,0.239253
847,1.693000,0.982979,0.607406,0.162197,0.081779,-0.179835,0.252148,-0.953268,1.026177,0.437118,-0.052068,1.813418,0.347166,0.967097,0.612006,0.043341,0.065898,-0.175235,0.133293,-0.969149,1.030776,0.318262,-0.067950,1.818017,0.228310
848,1.695000,0.983277,0.609173,0.160992,0.081742,-0.177692,0.250862,-0.954078,1.029099,0.426167,-0.052542,1.815965,0.336297,0.967877,0.613233,0.042053,0.066342,-0.173632,0.131924,-0.969477,1.033159,0.307229,-0.067942,1.820025,0.217358
849,1.697000,0.983556,0.610965,0.159728,0.081690,-0.175527,0.249538,-0.954861,1.031997,0.415209,-0.052995,1.818490,0.325399,0.968634,0.614486,0.040712,0.066768,-0.172007,0.130522,-0.969783,1.035517,0.296192,-0.067916,1.822010,0.206382
850,1.699000,0.983816,0.612768,0.158502,0.081605,-0.173344,0.248185,-0.955634,1.034879,0.404174,-0.053423,1.820991,0.314491,0.969380,0.615750,0.039411,0.067169,-0.170362,0.129094,-0.970070,1.037861,0.285083,-0.067859,1.823973,0.195400
851,1.701000,0.984057,0.614589,0.157261,0.081497,-0.171140,0.246799,-0.956387,1.037741,0.393101,-0.053827,1.823469,0.303563,0.970107,0.617033,0.038100,0.067548,-0.168695,0.127638,-0.970336,1.040186,0.273939,-0.067777,1.825914,0.184401
852,1.703000,0.984277,0.616428,0.156001,0.081367,-0.168916,0.245379,-0.957119,1.040582,0.381991,-0.054209,1.825925,0.292612,0.970816,0.618336,0.036773,0.067905,-0.167007,0.126152,-0.970581,1.042490,0.262763,-0.067671,1.827833,0.173385
853,1.705000,0.984478,0.618284,0.154734,0.081212,-0.166671,0.243926,-0.957833,1.043402,0.370837,-0.054567,1.828358,0.281645,0.971507,0.619656,0.035445,0.068240,-0.165299,0.124637,-0.970805,1.044775,0.251548,-0.067538,1.829730,0.162356
854,1.707000,0.984659,0.620158,0.153452,0.081033,-0.164407,0.242438,-0.958527,1.046203,0.359644,-0.054901,1.830768,0.270658,0.972179,0.620995,0.034106,0.068553,-0.163570,0.123092,-0.971007,1.047041,0.240298,-0.067381,1.831606,0.151312
855,1.709000,0.984819,0.622042,0.152201,0.080823,-0.162126,0.240922,-0.959206,1.048987,0.348380,-0.055209,1.833155,0.259659,0.972837,0.622346,0.032801,0.068840,-0.161822,0.121522,-0.971188,1.049291,0.228980,-0.067191,1.833459,0.140259
856,1.711000,0.984959,0.623952,0.150889,0.080597,-0.159822,0.239367,-0.959858,1.051747,0.337111,-0.055496,1.835520,0.248633,0.973471,0.623723,0.031440,0.069109,-0.160051,0.119919,-0.971346,1.051518,0.217662,-0.066984,1.835292,0.129184
857,1.713000,0.985078,0.625871,0.149615,0.080338,-0.157502,0.237783,-0.960496,1.054490,0.325766,-0.055756,1.837862,0.237598,0.974091,0.625110,0.030121,0.069352,-0.158262,0.118289,-0.971482,1.053729,0.206272,-0.066743,1.837102,0.118105
858,1.715000,0.985175,0.627807,0.148327,0.080054,-0.155162,0.236164,-0.961113,1.057213,0.314383,-0.055992,1.840182,0.226545,0.974692,0.626516,0.028793,0.069571,-0.156453,0.116630,-0.971596,1.055922,0.194848,-0.066475,1.838891,0.107011
859,1.717000,0.985252,0.629762,0.147019,0.079748,-0.152803,0.234512,-0.961707,1.059915,0.302964,-0.056204,1.842480,0.215471,0.975272,0.627941,0.027449,0.069768,-0.154624,0.114942,-0.971687,1.058094,0.183393,-0.066183,1.840659,0.095900
860,1.719000,0.985307,0.631734,0.145707,0.079416,-0.150425,0.232825,-0.962282,1.062598,0.291502,-0.056391,1.844756,0.204383,0.975834,0.629384,0.026104,0.069943,-0.152774,0.113223,-0.971755,1.060248,0.171899,-0.065864,1.842407,0.084780
861,1.721000,0.985340,0.633724,0.144379,0.079060,-0.148027,0.231105,-0.962834,1.065259,0.280001,-0.056554,1.847011,0.193276,0.976375,0.630846,0.024749,0.070095,-0.150905,0.111475,-0.971800,1.062382,0.160371,-0.065520,1.844133,0.073646
862,1.723000,0.985350,0.635724,0.143086,0.078670,-0.145614,0.229355,-0.963369,1.067904,0.268428,-0.056689,1.849242,0.182160,0.976899,0.632320,0.023433,0.070219,-0.149018,0.109701,-0.971821,1.064500,0.148775,-0.065140,1.845838,0.062506
863,1.725000,0.985340,0.637750,0.141731,0.078266,-0.143179,0.227566,-0.963878,1.070525,0.256853,-0.056804,1.851454,0.171018,0.977399,0.633819,0.022058,0.070325,-0.147109,0.107893,-0.971819,1.066595,0.137180,-0.064745,1.847523,0.051345
864,1.727000,0.985300,0.639768,0.140531,0.077802,-0.140735,0.225756,-0.964380,1.073136,0.245118,-0.056882,1.853638,0.159893,0.977890,0.635315,0.020843,0.070392,-0.145188,0.106068,-0.971790,1.068683,0.125430,-0.064292,1.849185,0.040205
865,1.729000,0.985235,0.641791,0.139409,0.077296,-0.138276,0.223924,-0.964863,1.075732,0.233270,-0.056925,1.855799,0.148756,0.978367,0.636816,0.019709,0.070428,-0.143251,0.104224,-0.971732,1.070758,0.113570,-0.063793,1.850824,0.029056
866,1.731000,0.985145,0.643824,0.138330,0.076755,-0.135802,0.222067,-0.965325,1.078310,0.221337,-0.056935,1.857936,0.137601,0.978826,0.638328,0.018623,0.070437,-0.141297,0.102359,-0.971643,1.072815,0.101630,-0.063253,1.852441,0.017893
867,1.733000,0.984923,0.645555,0.139196,0.075966,-0.134353,0.213625,-0.966116,1.079749,0.209347,-0.057160,1.859658,0.134918,0.979484,0.640465,0.019427,0.070527,-0.139444,0.093857,-0.971556,1.074659,0.089578,-0.062599,1.854568,0.015149
868,1.735000,0.984642,0.647195,0.141067,0.075171,-0.133258,0.202346,-0.966943,1.080819,0.198390,-0.057472,1.861272,0.137111,0.980185,0.642979,0.021224,0.070714,-0.137474,0.082503,-0.971400,1.076603,0.078547,-0.061929,1.857056,0.017268
869,1.737000,0.984299,0.648744,0.142998,0.074409,-0.132167,0.190719,-0.967733,1.081887,0.187234,-0.057843,1.862798,0.139512,0.980848,0.645438,0.023093,0.070958,-0.135474,0.070815,-0.971184,1.078581,0.067329,-0.061294,1.859492,0.019607
870,1.739000,0.983898,0.650222,0.144917,0.073701,-0.131049,0.178928,-0.968473,1.082979,0.176017,-0.058276,1.864250,0.142006,0.981459,0.647841,0.024965,0.071262,-0.133430,0.058977,-0.970912,1.080598,0.056066,-0.060715,1.861869,0.022055
871,1.741000,0.983443,0.651644,0.146831,0.073055,-0.129882,0.167093,-0.969157,1.084115,0.164800,-0.058769,1.865641,0.144538,0.982018,0.650194,0.026848,0.071630,-0.131332,0.047110,-0.970582,1.082665,0.044817,-0.060194,1.864191,0.024555
872,1.743000,0.982940,0.653020,0.148770,0.072478,-0.128656,0.155322,-0.969778,1.085304,0.153656,-0.059317,1.866980,0.147104,0.982524,0.652498,0.028772,0.072063,-0.129178,0.035324,-0.970194,1.084782,0.033658,-0.059732,1.866458,0.027106
873,1.745000,0.982390,0.654356,0.150627,0.071975,-0.127369,0.143502,-0.970338,1.086543,0.142463,-0.059924,1.868268,0.149588,0.982981,0.654761,0.030629,0.072567,-0.126964,0.023504,-0.969747,1.086948,0.022465,-0.059332,1.868673,0.029590
874,1.747000,0.981907,0.655734,0.151303,0.071662,-0.126018,0.133466,-0.970785,1.087781,0.133084,-0.060539,1.869532,0.150921,0.983279,0.656874,0.031316,0.073033,-0.124877,0.013479,-0.969413,1.088921,0.013097,-0.059167,1.870673,0.030935
875,1.749000,0.982454,0.657680,0.145210,0.072488,-0.124553,0.136714,-0.970520,1.088761,0.137473,-0.060554,1.870995,0.145969,0.983062,0.658277,0.025213,0.073096,-0.123956,0.016717,-0.969913,1.089358,0.017476,-0.059947,1.871592,0.025972
876,1.751000,0.982903,0.659624,0.140210,0.073286,-0.123062,0.139673,-0.970295,1.089759,0.141347,-0.060679,1.872445,0.141885,0.982862,0.659754,0.020210,0.073245,-0.122932,0.019673,-0.970336,1.089889,0.021347,-0.060720,1.872575,0.021885
877,1.753000,0.983007,0.661018,0.140727,0.073548,-0.121851,0.141965,-0.970277,1.090762,0.141616,-0.060818,1.873630,0.140378,0.982930,0.660917,0.020728,0.073471,-0.121951,0.021965,-0.970354,1.090661,0.021616,-0.060895,1.873530,0.020378
878,1.755000,0.983118,0.662204,0.140849,0.073790,-0.120816,0.142601,-0.970237,1.091622,0.142393,-0.060909,1.874642,0.140640,0.982996,0.662077,0.020849,0.073668,-0.120942,0.022601,-0.970360,1.091496,0.022393,-0.061032,1.874516,0.020641
879,1.757000,0.983221,0.663352,0.141116,0.074000,-0.119790,0.143384,-0.970192,1.092507,0.143215,-0.060971,1.875649,0.140947,0.983057,0.663195,0.021116,0.073836,-0.119948,0.023384,-0.970356,1.092349,0.023216,-0.061135,1.875492,0.020947
880,1.759000,0.983330,0.664513,0.141433,0.074219,-0.118755,0.144248,-0.970142,1.093397,0.144021,-0.061030,1.876664,0.141206,0.983128,0.664316,0.021434,0.074017,-0.118952,0.024248,-0.970344,1.093200,0.024021,-0.061232,1.876468,0.021206
881,1.761000,0.983439,0.665670,0.141746,0.074437,-0.117723,0.145073,-0.970092,1.094284,0.144765,-0.061090,1.877677,0.141439,0.983202,0.665436,0.021746,0.074200,-0.117957,0.025073,-0.970329,1.094049,0.024766,-0.061327,1.877442,0.021439
882,1.763000,0.983545,0.666821,0.142036,0.074652,-0.116695,0.145837,-0.970043,1.095168,0.145450,-0.061150,1.878685,0.141649,0.983276,0.666551,0.022037,0.074383,-0.116965,0.025838,-0.970312,1.094898,0.025451,-0.061419,1.878414,0.021650
883,1.765000,0.983650,0.667969,0.142298,0.074864,-0.115671,0.146547,-0.969996,1.096050,0.146081,-0.061210,1.879689,0.141832,0.983351,0.667665,0.022298,0.074565,-0.115974,0.026547,-0.970295,1.095746,0.026082,-0.061509,1.879386,0.021833
884,1.767000,0.983753,0.669113,0.142526,0.075075,-0.114648,0.147205,-0.969949,1.096931,0.146664,-0.061271,1.880692,0.141985,0.983425,0.668777,0.022527,0.074747,-0.114984,0.027206,-0.970277,1.096595,0.026665,-0.061599,1.880356,0.021986
885,1.769000,0.983856,0.670256,0.142721,0.075285,-0.113626,0.147817,-0.969903,1.097812,0.147201,-0.061332,1.881694,0.142105,0.983500,0.669888,0.022722,0.074929,-0.113994,0.027818,-0.970259,1.097444,0.027202,-0.061687,1.881326,0.022106
886,1.771000,0.983959,0.671398,0.142879,0.075494,-0.112606,0.148383,-0.969858,1.098691,0.147693,-0.061393,1.882695,0.142190,0.983576,0.670999,0.022881,0.075111,-0.113004,0.028384,-0.970240,1.098293,0.027695,-0.061776,1.882296,0.022191
887,1.773000,0.984061,0.672539,0.143001,0.075702,-0.111586,0.148906,-0.969812,1.099571,0.148143,-0.061454,1.883695,0.142239,0.983651,0.672110,0.023003,0.075293,-0.112015,0.028907,-0.970221,1.099142,0.028145,-0.061863,1.883266,0.022240
888,1.775000,0.984162,0.673679,0.143086,0.075911,-0.110566,0.149386,-0.969766,1.100450,0.148551,-0.061515,1.884694,0.142251,0.983726,0.673220,0.023088,0.075475,-0.111025,0.029387,-0.970202,1.099991,0.028553,-0.061951,1.884235,0.022253
889,1.777000,0.984264,0.674819,0.143134,0.076119,-0.109546,0.149824,-0.969721,1.101328,0.148917,-0.061576,1.885694,0.142227,0.983802,0.674330,0.023135,0.075658,-0.110035,0.029826,-0.970182,1.100840,0.028919,-0.062038,1.885205,0.022229
890,1.779000,0.984366,0.675958,0.143143,0.076328,-0.108527,0.150221,-0.969675,1.102207,0.149242,-0.061637,1.886692,0.142164,0.983878,0.675440,0.023145,0.075840,-0.109046,0.030223,-0.970163,1.101689,0.029245,-0.062125,1.886174,0.022166
891,1.781000,0.984467,0.677097,0.143114,0.076536,-0.107508,0.150577,-0.969629,1.103085,0.149527,-0.061698,1.887691,0.142064,0.983954,0.676550,0.023116,0.076023,-0.108056,0.030579,-0.970143,1.102538,0.029530,-0.062212,1.887143,0.022066
892,1.783000,0.984568,0.678236,0.143046,0.076744,-0.106489,0.150892,-0.969584,1.103964,0.149772,-0.061760,1.888689,0.141926,0.984030,0.677660,0.023049,0.076206,-0.107066,0.030895,-0.970122,1.103387,0.029774,-0.062298,1.888112,0.021928
893,1.785000,0.984670,0.679375,0.142940,0.076952,-0.105470,0.151167,-0.969538,1.104842,0.149975,-0.061821,1.889687,0.141749,0.984106,0.678770,0.022943,0.076389,-0.106076,0.031170,-0.970102,1.104236,0.029978,-0.062385,1.889082,0.021751
894,1.787000,0.984770,0.680514,0.142796,0.077160,-0.104451,0.151401,-0.969493,1.105721,0.150137,-0.061883,1.890686,0.141533,0.984182,0.679879,0.022799,0.076572,-0.105086,0.031404,-0.970082,1.105086,0.030140,-0.062472,1.890051,0.021536
895,1.789000,0.984871,0.681653,0.142613,0.077368,-0.103432,0.151595,-0.969448,1.106599,0.150260,-0.061945,1.891683,0.141278,0.984257,0.680989,0.022617,0.076755,-0.104095,0.031598,-0.970061,1.105935,0.030263,-0.062559,1.891020,0.021282
896,1.791000,0.984972,0.682791,0.142392,0.077576,-0.102413,0.151749,-0.969402,1.107477,0.150343,-0.062007,1.892681,0.140986,0.984333,0.682099,0.022396,0.076938,-0.103105,0.031753,-0.970041,1.106785,0.030346,-0.062645,1.891989,0.020989
897,1.793000,0.985073,0.683930,0.142132,0.077784,-0.101394,0.151864,-0.969357,1.108356,0.150386,-0.062068,1.893679,0.140654,0.984409,0.683209,0.022136,0.077121,-0.102115,0.031868,-0.970020,1.107635,0.030390,-0.062732,1.892958,0.020658
898,1.795000,0.985172,0.685060,0.141862,0.077992,-0.100385,0.151863,-0.969314,1.109222,0.150394,-0.062134,1.894667,0.140393,0.984488,0.684322,0.021866,0.077308,-0.101123,0.031868,-0.969998,1.108484,0.030398,-0.062818,1.893929,0.020397
899,1.797000,0.985269,0.686174,0.141607,0.078202,-0.099402,0.151637,-0.969277,1.110055,0.150391,-0.062210,1.895631,0.140361,0.984572,0.685446,0.021611,0.077505,-0.100129,0.031641,-0.969974,1.109328,0.030395,-0.062907,1.894904,0.020365
900,1.799000,0.985367,0.687275,0.141320,0.078419,-0.098439,0.151216,-0.969242,1.110861,0.150382,-0.062294,1.896576,0.140487,0.984660,0.686580,0.021324,0.077712,-0.099134,0.031220,-0.969949,1.110166,0.030387,-0.063001,1.895881,0.020491
901,1.801000,0.985468,0.688389,0.140931,0.078637,-0.097460,0.150851,-0.969202,1.111685,0.150342,-0.062371,1.897535,0.140422,0.984743,0.687711,0.020935,0.077912,-0.098139,0.030855,-0.969926,1.111007,0.030346,-0.063096,1.896857,0.020426
902,1.803000,0.985567,0.689502,0.140514,0.078853,-0.096482,0.150447,-0.969162,1.112511,0.150261,-0.062448,1.898495,0.140328,0.984826,0.688841,0.020518,0.078112,-0.097143,0.030451,-0.969904,1.111850,0.030265,-0.063190,1.897834,0.020332
903,1.805000,0.985647,0.690560,0.140342,0.079029,-0.095540,0.149839,-0.969137,1.113322,0.149994,-0.062519,1.899423,0.140497,0.984922,0.689947,0.020346,0.078304,-0.096154,0.029843,-0.969862,1.112709,0.029998,-0.063244,1.898809,0.020501
904,1.807000,0.985702,0.691566,0.140461,0.079144,-0.094611,0.149253,-0.969119,1.114166,0.149411,-0.062561,1.900344,0.140618,0.985030,0.690999,0.020464,0.078472,-0.095178,0.029256,-0.969791,1.113599,0.029414,-0.063233,1.899776,0.020622
905,1.809000,0.985758,0.692572,0.140529,0.079256,-0.093678,0.148647,-0.969100,1.115020,0.148773,-0.062598,1.901269,0.140655,0.985138,0.692047,0.020532,0.078636,-0.094202,0.028650,-0.969720,1.114495,0.028776,-0.063218,1.900745,0.020658
906,1.811000,0.985808,0.693566,0.140625,0.079355,-0.092747,0.148017,-0.969082,1.115880,0.148050,-0.062629,1.902193,0.140658,0.985248,0.693084,0.020627,0.078795,-0.093230,0.028019,-0.969642,1.115398,0.028053,-0.063189,1.901711,0.020661
907,1.813000,0.985860,0.694562,0.140669,0.079458,-0.091816,0.147350,-0.969063,1.116739,0.147316,-0.062660,1.903117,0.140634,0.985357,0.694122,0.020671,0.078955,-0.092256,0.027352,-0.969565,1.116299,0.027318,-0.063163,1.902677,0.020636
908,1.815000,0.985912,0.695557,0.140675,0.079561,-0.090886,0.146647,-0.969043,1.117596,0.146557,-0.062692,1.904039,0.140585,0.985466,0.695160,0.020676,0.079115,-0.091283,0.026648,-0.969489,1.117200,0.026558,-0.063138,1.903643,0.020586
909,1.817000,0.985958,0.696529,0.140741,0.079657,-0.089978,0.145764,-0.969028,1.118435,0.145739,-0.062726,1.904941,0.140717,0.985580,0.696198,0.020742,0.079279,-0.090308,0.025765,-0.969406,1.118104,0.025740,-0.063104,1.904611,0.020718
910,1.819000,0.986006,0.697506,0.140734,0.079756,-0.089065,0.144867,-0.969011,1.119276,0.144893,-0.062761,1.905847,0.140760,0.985693,0.697236,0.020735,0.079442,-0.089334,0.024867,-0.969324,1.119007,0.024893,-0.063074,1.905577,0.020761
911,1.821000,0.986044,0.698465,0.140807,0.079834,-0.088156,0.143957,-0.968998,1.120128,0.143918,-0.062788,1.906749,0.140769,0.985809,0.698257,0.020808,0.079598,-0.088365,0.023957,-0.969234,1.119920,0.023918,-0.063024,1.906541,0.020769
912,1.823000,0.986076,0.699407,0.140926,0.079898,-0.087255,0.142994,-0.968987,1.120984,0.142847,-0.062809,1.907646,0.140778,0.985927,0.699263,0.020926,0.079749,-0.087399,0.022994,-0.969135,1.120840,0.022847,-0.062958,1.907502,0.020778
913,1.825000,0.986106,0.700339,0.141032,0.079964,-0.086367,0.141875,-0.968978,1.121822,0.141750,-0.062836,1.908528,0.140907,0.986048,0.700276,0.021032,0.079906,-0.086429,0.021875,-0.969035,1.121760,0.021750,-0.062894,1.908466,0.020907
914,1.827000,0.986135,0.701259,0.141113,0.080032,-0.085493,0.140630,-0.968970,1.122644,0.140639,-0.062868,1.909396,0.141121,0.986171,0.701291,0.021113,0.080068,-0.085460,0.020630,-0.968934,1.122676,0.020639,-0.062832,1.909428,0.021121
915,1.829000,0.986225,0.702144,0.141004,0.080203,-0.084701,0.140871,-0.968923,1.123328,0.140743,-0.062901,1.910173,0.140876,0.986241,0.702145,0.021004,0.080220,-0.084699,0.020871,-0.968906,1.123330,0.020743,-0.062884,1.910174,0.020876
916,1.831000,0.986309,0.702990,0.141015,0.080373,-0.083954,0.140976,-0.968885,1.123961,0.140820,-0.062949,1.910904,0.140859,0.986320,0.702983,0.021015,0.080383,-0.083960,0.020976,-0.968874,1.123955,0.020820,-0.062938,1.910898,0.020859
917,1.833000,0.986397,0.703823,0.140987,0.080558,-0.083233,0.140964,-0.968849,1.124552,0.140977,-0.063010,1.911608,0.140999,0.986398,0.703825,0.020987,0.080559,-0.083231,0.020964,-0.968848,1.124554,0.020977,-0.063009,1.911610,0.020999
918,1.835000,0.986485,0.704651,0.140930,0.080742,-0.082514,0.140989,-0.968812,1.125143,0.141110,-0.063068,1.912308,0.141051,0.986475,0.704654,0.020930,0.080732,-0.082511,0.020989,-0.968822,1.125146,0.021110,-0.063079,1.912311,0.021051
919,1.837000,0.986572,0.705472,0.140866,0.080923,-0.081802,0.141006,-0.968775,1.125731,0.141207,-0.063125,1.913004,0.141066,0.986552,0.705474,0.020866,0.080902,-0.081799,0.021006,-0.968795,1.125733,0.021207,-0.063146,1.913006,0.021066
920,1.839000,0.986650,0.706270,0.140886,0.081084,-0.081099,0.141007,-0.968741,1.126323,0.141198,-0.063175,1.913692,0.141077,0.986632,0.706273,0.020886,0.081066,-0.081096,0.021007,-0.968760,1.126326,0.021198,-0.063193,1.913695,0.021077
921,1.841000,0.986722,0.707052,0.140956,0.081230,-0.080402,0.141003,-0.968709,1.126921,0.141095,-0.063217,1.914375,0.141048,0.986714,0.707054,0.020956,0.081222,-0.080400,0.021003,-0.968717,1.126923,0.021095,-0.063225,1.914377,0.021048
922,1.843000,0.986790,0.707826,0.141034,0.081367,-0.079707,0.140982,-0.968677,1.127525,0.140916,-0.063253,1.915057,0.140967,0.986798,0.707826,0.021034,0.081374,-0.079707,0.020982,-0.968670,1.127524,0.020916,-0.063246,1.915057,0.020967
923,1.845000,0.986873,0.708605,0.140966,0.081537,-0.079028,0.140923,-0.968641,1.128087,0.140916,-0.063305,1.915720,0.140959,0.986877,0.708608,0.020966,0.081540,-0.079026,0.020923,-0.968637,1.128089,0.020916,-0.063301,1.915723,0.020959
924,1.847000,0.986955,0.709364,0.140942,0.081705,-0.078369,0.140961,-0.968605,1.128632,0.140951,-0.063355,1.916364,0.140932,0.986954,0.709362,0.020942,0.081704,-0.078370,0.020961,-0.968606,1.128630,0.020951,-0.063356,1.916362,0.020932
925,1.849000,0.987029,0.710098,0.141000,0.081856,-0.077724,0.140916,-0.968573,1.129173,0.140881,-0.063401,1.916995,0.140965,0.987037,0.710102,0.021000,0.081864,-0.077720,0.020916,-0.968565,1.129176,0.020881,-0.063393,1.916998,0.020965
926,1.851000,0.987112,0.710836,0.140956,0.082027,-0.077086,0.140947,-0.968536,1.129694,0.140925,-0.063451,1.917616,0.140935,0.987114,0.710836,0.020956,0.082029,-0.077086,0.020947,-0.968534,1.129694,0.020925,-0.063449,1.917616,0.020935
927,1.853000,0.987189,0.711554,0.140976,0.082186,-0.076462,0.140941,-0.968502,1.130209,0.140899,-0.063499,1.918225,0.140934,0.987194,0.711554,0.020976,0.082191,-0.076462,0.020941,-0.968497,1.130209,0.020899,-0.063494,1.918225,0.020934
928,1.855000,0.987272,0.712266,0.140936,0.082356,-0.075850,0.140943,-0.968465,1.130706,0.140938,-0.063549,1.918821,0.140931,0.987272,0.712265,0.020936,0.082355,-0.075850,0.020943,-0.968466,1.130705,0.020938,-0.063549,1.918820,0.020931
929,1.857000,0.987349,0.712957,0.140963,0.082516,-0.075254,0.140935,-0.968432,1.131190,0.140928,-0.063599,1.919401,0.140957,0.987352,0.712958,0.020963,0.082518,-0.075253,0.020935,-0.968430,1.131192,0.020928,-0.063596,1.919403,0.020957
930,1.859000,0.987428,0.713638,0.140969,0.082677,-0.074667,0.140958,-0.968397,1.131668,0.140929,-0.063645,1.919973,0.140940,0.987430,0.713637,0.020969,0.082679,-0.074668,0.020958,-0.968394,1.131667,0.020929,-0.063643,1.919972,0.020940
931,1.861000,0.987511,0.714320,0.140910,0.082850,-0.074088,0.140925,-0.968361,1.132127,0.140959,-0.063700,1.920536,0.140944,0.987508,0.714321,0.020910,0.082847,-0.074087,0.020925,-0.968364,1.132128,0.020959,-0.063702,1.920537,0.020944
932,1.863000,0.987589,0.714982,0.140912,0.083009,-0.073520,0.140934,-0.968327,1.132586,0.140941,-0.063747,1.921088,0.140919,0.987587,0.714981,0.020912,0.083007,-0.073521,0.020934,-0.968329,1.132585,0.020941,-0.063749,1.921087,0.020919
933,1.865000,0.987664,0.715624,0.140953,0.083164,-0.072969,0.140924,-0.968294,1.133031,0.140897,-0.063794,1.921625,0.140927,0.987667,0.715625,0.020953,0.083167,-0.072968,0.020924,-0.968290,1.133032,0.020897,-0.063790,1.921625,0.020927
934,1.867000,0.987743,0.716264,0.140942,0.083325,-0.072424,0.140950,-0.968258,1.133467,0.140889,-0.063840,1.922154,0.140880,0.987745,0.716260,0.020942,0.083328,-0.072428,0.020950,-0.968256,1.133463,0.020889,-0.063838,1.922150,0.020880
935,1.869000,0.987824,0.716888,0.140921,0.083496,-0.071903,0.140858,-0.968225,1.133867,0.140926,-0.063897,1.922658,0.140989,0.987826,0.716896,0.020921,0.083498,-0.071895,0.020858,-0.968224,1.133875,0.020926,-0.063896,1.922666,0.020989
936,1.871000,0.987903,0.717505,0.140918,0.083655,-0.071377,0.140967,-0.968188,1.134287,0.140910,-0.063940,1.923169,0.140861,0.987902,0.717499,0.020918,0.083654,-0.071384,0.020967,-0.968189,1.134281,0.020910,-0.063941,1.923163,0.020861
937,1.873000,0.987983,0.718103,0.140911,0.083823,-0.070881,0.140857,-0.968155,1.134665,0.140931,-0.063995,1.923649,0.140984,0.987983,0.718111,0.020911,0.083824,-0.070873,0.020857,-0.968155,1.134673,0.020931,-0.063995,1.923657,0.020984
938,1.875000,0.988062,0.718691,0.140929,0.083981,-0.070384,0.140995,-0.968118,1.135056,0.140933,-0.064038,1.924131,0.140867,0.988060,0.718683,0.020929,0.083980,-0.070392,0.020995,-0.968120,1.135049,0.020933,-0.064040,1.924123,0.020867
939,1.877000,0.988140,0.719268,0.140921,0.084147,-0.069906,0.140888,-0.968086,1.135418,0.140926,-0.064092,1.924592,0.140959,0.988141,0.719272,0.020921,0.084147,-0.069902,0.020888,-0.968085,1.135422,0.020926,-0.064092,1.924597,0.020959
940,1.879000,0.988218,0.719835,0.140931,0.084305,-0.069431,0.140955,-0.968050,1.135787,0.140905,-0.064137,1.925053,0.140881,0.988219,0.719831,0.020931,0.084306,-0.069435,0.020955,-0.968049,1.135783,0.020905,-0.064136,1.925049,0.020881
941,1.881000,0.988295,0.720382,0.140953,0.084466,-0.068980,0.140868,-0.968017,1.136125,0.140896,-0.064188,1.925487,0.140981,0.988300,0.720390,0.020953,0.084471,-0.068973,0.020868,-0.968012,1.136132,0.020896,-0.064183,1.925495,0.020981
942,1.883000,0.988377,0.720933,0.140921,0.084630,-0.068524,0.140978,-0.967979,1.136471,0.140906,-0.064233,1.925928,0.140849,0.988376,0.720925,0.020921,0.084630,-0.068532,0.020978,-0.967980,1.136463,0.020906,-0.064234,1.925920,0.020849
943,1.885000,0.988456,0.721467,0.140896,0.084798,-0.068092,0.140861,-0.967947,1.136785,0.140903,-0.064289,1.926344,0.140937,0.988456,0.721471,0.020896,0.084798,-0.068087,0.020861,-0.967946,1.136790,0.020903,-0.064288,1.926349,0.020937
944,1.887000,0.988532,0.721976,0.140949,0.084953,-0.067672,0.140956,-0.967911,1.137100,0.140896,-0.064332,1.926749,0.140889,0.988535,0.721972,0.020949,0.084955,-0.067676,0.020956,-0.967909,1.137097,0.020896,-0.064330,1.926745,0.020889
945,1.889000,0.988616,0.722494,0.140877,0.085127,-0.067258,0.140907,-0.967876,1.137394,0.140932,-0.064387,1.927146,0.140902,0.988612,0.722493,0.020877,0.085124,-0.067258,0.020907,-0.967879,1.137393,0.020932,-0.064390,1.927145,0.020902
946,1.891000,0.988690,0.722977,0.140943,0.085280,-0.066865,0.140915,-0.967842,1.137683,0.140898,-0.064432,1.927524,0.140927,0.988693,0.722978,0.020943,0.085283,-0.066864,0.020915,-0.967839,1.137683,0.020898,-0.064429,1.927525,0.020927
947,1.893000,0.988771,0.723469,0.140901,0.085445,-0.066469,0.140933,-0.967806,1.137965,0.140896,-0.064480,1.927903,0.140865,0.988770,0.723465,0.020901,0.085444,-0.066473,0.020933,-0.967807,1.137961,0.020896,-0.064481,1.927899,0.020865
948,1.895000,0.988849,0.723932,0.140933,0.085606,-0.066102,0.140936,-0.967772,1.138222,0.140911,-0.064530,1.928255,0.140908,0.988850,0.723930,0.020933,0.085607,-0.066103,0.020936,-0.967771,1.138220,0.020911,-0.064529,1.928254,0.020908
949,1.897000,0.988928,0.724392,0.140923,0.085771,-0.065739,0.140927,-0.967737,1.138471,0.140921,-0.064579,1.928602,0.140918,0.988928,0.724391,0.020923,0.085771,-0.065739,0.020927,-0.967737,1.138471,0.020921,-0.064579,1.928601,0.020918
950,1.899000,0.989005,0.724837,0.140941,0.085929,-0.065387,0.140942,-0.967703,1.138715,0.140905,-0.064627,1.928938,0.140903,0.989007,0.724835,0.020941,0.085931,-0.065389,0.020942,-0.967701,1.138712,0.020905,-0.064625,1.928936,0.020903
951,1.901000,0.989085,0.725271,0.140940,0.086093,-0.065049,0.140944,-0.967668,1.138939,0.140920,-0.064676,1.929260,0.140917,0.989085,0.725270,0.020940,0.086094,-0.065051,0.020944,-0.967667,1.138938,0.020920,-0.064675,1.929258,0.020917
952,1.903000,0.989166,0.725706,0.140881,0.086263,-0.064716,0.140876,-0.967632,1.139155,0.140925,-0.064730,1.929576,0.140931,0.989164,0.725709,0.020881,0.086261,-0.064713,0.020876,-0.967634,1.139158,0.020925,-0.064732,1.929580,0.020931
953,1.905000,0.989241,0.726109,0.140937,0.086416,-0.064402,0.140913,-0.967598,1.139364,0.140895,-0.064774,1.929875,0.140919,0.989244,0.726110,0.020937,0.086419,-0.064401,0.020913,-0.967596,1.139365,0.020895,-0.064771,1.929876,0.020919
954,1.907000,0.989323,0.726524,0.140863,0.086588,-0.064088,0.140876,-0.967562,1.139559,0.140909,-0.064826,1.930172,0.140895,0.989321,0.726525,0.020863,0.086585,-0.064087,0.020876,-0.967565,1.139560,0.020909,-0.064829,1.930173,0.020895
955,1.909000,0.989398,0.726899,0.140939,0.086739,-0.063802,0.140917,-0.967529,1.139742,0.140880,-0.064871,1.930443,0.140901,0.989401,0.726898,0.020939,0.086743,-0.063803,0.020917,-0.967525,1.139741,0.020880,-0.064867,1.930442,0.020901
956,1.911000,0.989481,0.727288,0.140864,0.086914,-0.063517,0.140876,-0.967493,1.139907,0.140919,-0.064925,1.930711,0.140907,0.989478,0.727290,0.020864,0.086911,-0.063515,0.020876,-0.967496,1.139908,0.020919,-0.064928,1.930713,0.020907
957,1.913000,0.989556,0.727642,0.140925,0.087068,-0.063253,0.140921,-0.967459,1.140064,0.140905,-0.064971,1.930959,0.140910,0.989558,0.727641,0.020925,0.087070,-0.063254,0.020921,-0.967457,1.140064,0.020905,-0.064969,1.930959,0.020910
958,1.915000,0.989637,0.728004,0.140885,0.087235,-0.062990,0.140885,-0.967423,1.140213,0.140898,-0.065021,1.931207,0.140897,0.989636,0.728004,0.020885,0.087234,-0.062989,0.020885,-0.967424,1.140214,0.020898,-0.065022,1.931207,0.020897
959,1.917000,0.989712,0.728333,0.140942,0.087390,-0.062751,0.140914,-0.967389,1.140346,0.140887,-0.065067,1.931430,0.140915,0.989716,0.728334,0.020942,0.087393,-0.062750,0.020914,-0.967386,1.140346,0.020887,-0.065063,1.931430,0.020915
960,1.919000,0.989794,0.728674,0.140879,0.087560,-0.062511,0.140871,-0.967353,1.140467,0.140905,-0.065120,1.931653,0.140913,0.989793,0.728677,0.020879,0.087559,-0.062509,0.020871,-0.967355,1.140470,0.020905,-0.065121,1.931655,0.020913
961,1.921000,0.989870,0.728984,0.140914,0.087717,-0.062293,0.140912,-0.967319,1.140578,0.140907,-0.065166,1.931855,0.140909,0.989871,0.728984,0.020914,0.087718,-0.062293,0.020912,-0.967319,1.140578,0.020907,-0.065165,1.931855,0.020909
962,1.923000,0.989945,0.729290,0.140929,0.087871,-0.062077,0.140910,-0.967285,1.140689,0.140860,-0.065211,1.932056,0.140879,0.989949,0.729289,0.020929,0.087875,-0.062078,0.020910,-0.967281,1.140688,0.020860,-0.065207,1.932054,0.020879
963,1.925000,0.990026,0.729586,0.140893,0.088038,-0.061880,0.140907,-0.967250,1.140771,0.140917,-0.065261,1.932236,0.140903,0.990024,0.729585,0.020893,0.088036,-0.061880,0.020907,-0.967251,1.140771,0.020917,-0.065263,1.932236,0.020903
964,1.927000,0.990099,0.729862,0.140918,0.088189,-0.061692,0.140905,-0.967216,1.140855,0.140895,-0.065306,1.932409,0.140907,0.990101,0.729862,0.020918,0.088190,-0.061692,0.020905,-0.967215,1.140855,0.020895,-0.065304,1.932409,0.020907
965,1.929000,0.990175,0.730131,0.140912,0.088345,-0.061514,0.140914,-0.967182,1.140927,0.140897,-0.065352,1.932572,0.140895,0.990176,0.730130,0.020912,0.088345,-0.061515,0.020914,-0.967181,1.140926,0.020897,-0.065351,1.932571,0.020895
966,1.931000,0.990251,0.730390,0.140892,0.088501,-0.061347,0.140880,-0.967148,1.140986,0.140894,-0.065399,1.932723,0.140905,0.990251,0.730392,0.020892,0.088501,-0.061345,0.020880,-0.967148,1.140988,0.020894,-0.065398,1.932725,0.020905
967,1.933000,0.990323,0.730629,0.140908,0.088648,-0.061193,0.140918,-0.967115,1.141040,0.140899,-0.065440,1.932862,0.140889,0.990323,0.730627,0.020908,0.088648,-0.061195,0.020918,-0.967115,1.141038,0.020899,-0.065440,1.932860,0.020889
968,1.935000,0.990393,0.730856,0.140921,0.088792,-0.061050,0.140895,-0.967083,1.141084,0.140885,-0.065483,1.932991,0.140911,0.990396,0.730857,0.020921,0.088795,-0.061049,0.020895,-0.967081,1.141085,0.020885,-0.065480,1.932992,0.020911
969,1.937000,0.990464,0.731079,0.140890,0.088938,-0.060913,0.140897,-0.967051,1.141122,0.140899,-0.065525,1.933113,0.140891,0.990464,0.731078,0.020890,0.088938,-0.060913,0.020897,-0.967051,1.141121,0.020899,-0.065525,1.933113,0.020891
970,1.939000,0.990531,0.731278,0.140900,0.089073,-0.060792,0.140905,-0.967020,1.141151,0.140902,-0.065563,1.933221,0.140897,0.990530,0.731278,0.020900,0.089073,-0.060792,0.020905,-0.967020,1.141151,0.020902,-0.065563,1.933221,0.020897
971,1.941000,0.990594,0.731466,0.140912,0.089202,-0.060678,0.140894,-0.966990,1.141178,0.140886,-0.065598,1.933322,0.140903,0.990596,0.731466,0.020912,0.089203,-0.060678,0.020894,-0.966989,1.141179,0.020886,-0.065596,1.933323,0.020903
972,1.943000,0.990657,0.731640,0.140894,0.089326,-0.060574,0.140891,-0.966959,1.141201,0.140899,-0.065628,1.933415,0.140902,0.990657,0.731640,0.020894,0.089325,-0.060573,0.020891,-0.966959,1.141202,0.020899,-0.065628,1.933415,0.020902
973,1.945000,0.990715,0.731799,0.140899,0.089441,-0.060479,0.140884,-0.966930,1.141220,0.140886,-0.065656,1.933498,0.140901,0.990716,0.731801,0.020899,0.089442,-0.060478,0.020884,-0.966929,1.141221,0.020886,-0.065655,1.933499,0.020901
974,1.947000,0.990771,0.731946,0.140883,0.089551,-0.060394,0.140886,-0.966902,1.141233,0.140904,-0.065682,1.933572,0.140901,0.990770,0.731947,0.020883,0.089550,-0.060393,0.020886,-0.966903,1.141233,0.020904,-0.065683,1.933573,0.020901
975,1.949000,0.990821,0.732073,0.140894,0.089648,-0.060319,0.140889,-0.966876,1.141245,0.140899,-0.065703,1.933638,0.140904,0.990821,0.732074,0.020894,0.089648,-0.060319,0.020889,-0.966876,1.141246,0.020899,-0.065703,1.933639,0.020904
976,1.951000,0.990869,0.732191,0.140891,0.089739,-0.060252,0.140905,-0.966851,1.141255,0.140898,-0.065721,1.933697,0.140884,0.990868,0.732190,0.020891,0.089738,-0.060253,0.020905,-0.966851,1.141254,0.020898,-0.065722,1.933696,0.020884
977,1.953000,0.990912,0.732290,0.140898,0.089821,-0.060196,0.140895,-0.966827,1.141259,0.140900,-0.065736,1.933745,0.140902,0.990912,0.732291,0.020898,0.089821,-0.060195,0.020895,-0.966827,1.141260,0.020900,-0.065736,1.933746,0.020902
978,1.955000,0.990951,0.732378,0.140901,0.089891,-0.060145,0.140896,-0.966805,1.141268,0.140887,-0.065745,1.933791,0.140891,0.990952,0.732377,0.020901,0.089892,-0.060145,0.020896,-0.966804,1.141268,0.020887,-0.065745,1.933790,0.020891
979,1.957000,0.990985,0.732449,0.140900,0.089951,-0.060103,0.140901,-0.966785,1.141274,0.140896,-0.065751,1.933826,0.140895,0.990985,0.732448,0.020900,0.089952,-0.060104,0.020901,-0.966785,1.141274,0.020896,-0.065751,1.933826,0.020895
980,1.959000,0.991014,0.732507,0.140895,0.090002,-0.060070,0.140898,-0.966767,1.141279,0.140899,-0.065756,1.933856,0.140896,0.991013,0.732507,0.020895,0.090002,-0.060070,0.020898,-0.966767,1.141279,0.020899,-0.065756,1.933856,0.020896
981,1.961000,0.991037,0.732552,0.140899,0.090042,-0.060044,0.140897,-0.966753,1.141282,0.140898,-0.065758,1.933878,0.140899,0.991037,0.732552,0.020899,0.090042,-0.060044,0.020897,-0.966753,1.141282,0.020898,-0.065758,1.933878,0.020899
982,1.963000,0.991055,0.732587,0.140896,0.090074,-0.060024,0.140895,-0.966741,1.141284,0.140897,-0.065760,1.933895,0.140898,0.991055,0.732587,0.020896,0.090074,-0.060024,0.020895,-0.966741,1.141284,0.020897,-0.065760,1.933896,0.020898
983,1.965000,0.991067,0.732609,0.140899,0.090094,-0.060011,0.140899,-0.966733,1.141286,0.140897,-0.065761,1.933907,0.140898,0.991067,0.732609,0.020899,0.090095,-0.060011,0.020899,-0.966733,1.141286,0.020897,-0.065760,1.933907,0.020898
984,1.967000,0.991075,0.732623,0.140898,0.090107,-0.060004,0.140899,-0.966728,1.141287,0.140897,-0.065760,1.933913,0.140897,0.991075,0.732623,0.020898,0.090107,-0.060004,0.020899,-0.966728,1.141287,0.020897,-0.065760,1.933913,0.020897
985,1.969000,0.991078,0.732627,0.140898,0.090112,-0.060001,0.140898,-0.966726,1.141288,0.140897,-0.065759,1.933916,0.140897,0.991078,0.732627,0.020898,0.090112,-0.060001,0.020898,-0.966726,1.141288,0.020897,-0.065759,1.933916,0.020897
986,1.971000,0.991080,0.732628,0.140898,0.090113,-0.060000,0.140898,-0.966725,1.141288,0.140897,-0.065758,1.933917,0.140897,0.991080,0.732628,0.020898,0.090114,-0.060000,0.020898,-0.966724,1.141288,0.020897,-0.065758,1.933916,0.020897
987,1.973000,0.991080,0.732628,0.140898,0.090114,-0.060000,0.140898,-0.966724,1.141288,0.140896,-0.065758,1.933917,0.140897,0.991080,0.732628,0.020898,0.090114,-0.060000,0.020898,-0.966724,1.141288,0.020896,-0.065758,1.933916,0.020897
988,1.975000,0.991081,0.732628,0.140898,0.090114,-0.060001,0.140897,-0.966724,1.141288,0.140896,-0.065758,1.933916,0.140897,0.991081,0.732628,0.020898,0.090115,-0.060001,0.020897,-0.966724,1.141288,0.020896,-0.065757,1.933916,0.020897
989,1.977000,0.991081,0.732627,0.140898,0.090115,-0.060001,0.140897,-0.966724,1.141287,0.140896,-0.065757,1.933916,0.140896,0.991081,0.732627,0.020898,0.090115,-0.060001,0.020897,-0.966723,1.141287,0.020896,-0.065757,1.933916,0.020896
990,1.979000,0.991081,0.732627,0.140898,0.090115,-0.060002,0.140897,-0.966724,1.141286,0.140896,-0.065757,1.933915,0.140896,0.991081,0.732627,0.020898,0.090115,-0.060002,0.020897,-0.966723,1.141286,0.020896,-0.065757,1.933915,0.020896
991,1.981000,0.991081,0.732626,0.140898,0.090114,-0.060003,0.140897,-0.966724,1.141286,0.140896,-0.065757,1.933914,0.140896,0.991081,0.732626,0.020898,0.090115,-0.060003,0.020897,-0.966723,1.141286,0.020896,-0.065757,1.933914,0.020896
992,1.983000,0.991081,0.732625,0.140897,0.090114,-0.060003,0.140897,-0.966724,1.141285,0.140896,-0.065757,1.933913,0.140896,0.991081,0.732625,0.020897,0.090114,-0.060003,0.020897,-0.966723,1.141285,0.020896,-0.065757,1.933913,0.020896
993,1.985000,0.991080,0.732624,0.140897,0.090114,-0.060004,0.140897,-0.966724,1.141284,0.140896,-0.065757,1.933913,0.140896,0.991081,0.732624,0.020897,0.090114,-0.060004,0.020897,-0.966724,1.141284,0.020896,-0.065757,1.933913,0.020896
994,1.987000,0.991080,0.732624,0.140897,0.090114,-0.060005,0.140897,-0.966724,1.141284,0.140896,-0.065757,1.933912,0.140896,0.991080,0.732624,0.020897,0.090114,-0.060005,0.020897,-0.966724,1.141284,0.020896,-0.065757,1.933912,0.020896
995,1.989000,0.991080,0.732623,0.140897,0.090114,-0.060005,0.140897,-0.966724,1.141283,0.140896,-0.065757,1.933911,0.140896,0.991080,0.732623,0.020897,0.090114,-0.060005,0.020897,-0.966724,1.141283,0.020896,-0.065757,1.933911,0.020896
996,1.991000,0.991080,0.732622,0.140897,0.090114,-0.060006,0.140897,-0.966724,1.141283,0.140896,-0.065757,1.933911,0.140896,0.991080,0.732622,0.020897,0.090114,-0.060006,0.020897,-0.966724,1.141282,0.020896,-0.065757,1.933911,0.020896
997,1.993000,0.991080,0.732622,0.140897,0.090114,-0.060007,0.140897,-0.966724,1.141282,0.140896,-0.065757,1.933910,0.140896,0.991080,0.732621,0.020897,0.090114,-0.060007,0.020897,-0.966724,1.141282,0.020896,-0.065757,1.933910,0.020896
998,1.995000,0.991080,0.732621,0.140897,0.090114,-0.060007,0.140897,-0.966724,1.141281,0.140896,-0.065757,1.933910,0.140896,0.991080,0.732621,0.020897,0.090114,-0.060007,0.020897,-0.966724,1.141281,0.020896,-0.065757,1.933910,0.020896
999,1.997000,0.991080,0.732620,0.140897,0.090114,-0.060008,0.140896,-0.966724,1.141281,0.140896,-0.065757,1.933909,0.140896,0.991080,0.732620,0.020897,0.090114,-0.060008,0.020896,-0.966724,1.141281,0.020896,-0.065757,1.933909,0.020896
1000,1.999000,0.991080,0.732620,0.140897,0.090114,-0.060008,0.140896,-0.966724,1.141280,0.140895,-0.065757,1.933908,0.140896,0.991080,0.732620,0.020897,0.090114,-0.060008,0.020896,-0.966724,1.141280,0.020895,-0.065757,1.933908,0.020896
1001,2.001000,0.991080,0.732619,0.140897,0.090113,-0.060009,0.140896,-0.966724,1.141280,0.140895,-0.065757,1.933908,0.140896,0.991080,0.732619,0.020897,0.090114,-0.060009,0.020896,-0.966724,1.141280,0.020895,-0.065757,1.933908,0.020896
