# chassis, 1600, 1200, 120
# start time, 0.0
# C1, 1600, 1200, 120
# C2, 1600, -1200, 120
# C3, -1600, -1200, 120
# C4, -1600, 1200, 120
# C5, 1600, 1200, -120
# C6, 1600, -1200, -120
# C7, -1600, -1200, -120
# C8, -1600, 1200, -120
Frame,Time,C1_X,C1_Y,C1_Z,C2_X,C2_Y,C2_Z,C3_X,C3_Y,C3_Z,C4_X,C4_Y,C4_Z,C5_X,C5_Y,C5_Z,C6_X,C6_Y,C6_Z,C7_X,C7_Y,C7_Z,C8_X,C8_Y,C8_Z
0,0.000000,0.114886,-0.133984,0.507482,-0.921475,-0.088829,1.110736,-0.114886,0.014319,2.488696,0.921475,-0.030836,1.885442,0.114886,-0.014319,0.498524,-0.921475,0.030836,1.101778,-0.114886,0.133984,2.479738,0.921475,0.088829,1.876484
1,0.001000,0.114886,-0.133984,0.507472,-0.921475,-0.088829,1.110726,-0.114886,0.014319,2.488686,0.921475,-0.030836,1.885432,0.114886,-0.014319,0.498514,-0.921475,0.030836,1.101768,-0.114886,0.133984,2.479729,0.921475,0.088829,1.876475
2,0.003000,0.114886,-0.133984,0.507423,-0.921475,-0.088829,1.110677,-0.114886,0.014319,2.488637,0.921475,-0.030836,1.885383,0.114886,-0.014319,0.498465,-0.921475,0.030836,1.101719,-0.114886,0.133984,2.479680,0.921475,0.088829,1.876426
3,0.005000,0.114886,-0.133984,0.507334,-0.921475,-0.088829,1.110588,-0.114886,0.014319,2.488549,0.921475,-0.030836,1.885295,0.114886,-0.014319,0.498377,-0.921475,0.030836,1.101631,-0.114886,0.133984,2.479591,0.921475,0.088829,1.876337
4,0.007000,0.114886,-0.133984,0.507207,-0.921475,-0.088829,1.110461,-0.114886,0.014319,2.488421,0.921475,-0.030836,1.885167,0.114886,-0.014319,0.498249,-0.921475,0.030836,1.101503,-0.114886,0.133984,2.479464,0.921475,0.088829,1.876210
5,0.009000,0.114886,-0.133984,0.507040,-0.921475,-0.088829,1.110294,-0.114886,0.014319,2.488255,0.921475,-0.030836,1.885001,0.114886,-0.014319,0.498083,-0.921475,0.030836,1.101337,-0.114886,0.133984,2.479297,0.921475,0.088829,1.876043
6,0.011000,0.114886,-0.133984,0.506834,-0.921475,-0.088829,1.110088,-0.114886,0.014319,2.488049,0.921475,-0.030836,1.884795,0.114886,-0.014319,0.497877,-0.921475,0.030836,1.101131,-0.114886,0.133984,2.479091,0.921475,0.088829,1.875837
7,0.013000,0.114886,-0.133984,0.506589,-0.921475,-0.088829,1.109843,-0.114886,0.014319,2.487803,0.921475,-0.030836,1.884549,0.114886,-0.014319,0.497632,-0.921475,0.030836,1.100886,-0.114886,0.133984,2.478846,0.921475,0.088829,1.875592
8,0.015000,0.114886,-0.133984,0.506305,-0.921475,-0.088829,1.109559,-0.114886,0.014319,2.487519,0.921475,-0.030836,1.884265,0.114886,-0.014319,0.497347,-0.921475,0.030836,1.100601,-0.114886,0.133984,2.478562,0.921475,0.088829,1.875308
9,0.017000,0.114886,-0.133984,0.505981,-0.921475,-0.088829,1.109235,-0.114886,0.014319,2.487196,0.921475,-0.030836,1.883942,0.114886,-0.014319,0.497024,-0.921475,0.030836,1.100278,-0.114886,0.133984,2.478238,0.921475,0.088829,1.874984
10,0.019000,0.114886,-0.133984,0.505618,-0.921475,-0.088829,1.108873,-0.114886,0.014319,2.486833,0.921475,-0.030836,1.883579,0.114886,-0.014319,0.496661,-0.921475,0.030836,1.099915,-0.114886,0.133984,2.477875,0.921475,0.088829,1.874621
11,0.021000,0.114886,-0.133984,0.505217,-0.921475,-0.088829,1.108471,-0.114886,0.014319,2.486431,0.921475,-0.030836,1.883177,0.114886,-0.014319,0.496259,-0.921475,0.030836,1.099513,-0.114886,0.133984,2.477474,0.921475,0.088829,1.874220
12,0.023000,0.114886,-0.133984,0.504776,-0.921475,-0.088829,1.108030,-0.114886,0.014319,2.485990,0.921475,-0.030836,1.882736,0.114886,-0.014319,0.495818,-0.921475,0.030836,1.099072,-0.114886,0.133984,2.477033,0.921475,0.088829,1.873779
13,0.025000,0.114886,-0.133984,0.504296,-0.921475,-0.088829,1.107550,-0.114886,0.014319,2.485510,0.921475,-0.030836,1.882256,0.114886,-0.014319,0.495338,-0.921475,0.030836,1.098592,-0.114886,0.133984,2.476553,0.921475,0.088829,1.873299
14,0.027000,0.114886,-0.133984,0.503777,-0.921475,-0.088829,1.107031,-0.114886,0.014319,2.484991,0.921475,-0.030836,1.881737,0.114886,-0.014319,0.494819,-0.921475,0.030836,1.098073,-0.114886,0.133984,2.476034,0.921475,0.088829,1.872780
15,0.029000,0.114886,-0.133984,0.503219,-0.921475,-0.088829,1.106473,-0.114886,0.014319,2.484433,0.921475,-0.030836,1.881179,0.114886,-0.014319,0.494261,-0.921475,0.030836,1.097515,-0.114886,0.133984,2.475476,0.921475,0.088829,1.872221
16,0.031000,0.114886,-0.133984,0.502621,-0.921475,-0.088829,1.105876,-0.114886,0.014319,2.483836,0.921475,-0.030836,1.880582,0.114886,-0.014319,0.493664,-0.921475,0.030836,1.096918,-0.114886,0.133984,2.474878,0.921475,0.088829,1.871624
17,0.033000,0.114886,-0.133984,0.501985,-0.921475,-0.088829,1.105239,-0.114886,0.014319,2.483200,0.921475,-0.030836,1.879946,0.114886,-0.014319,0.493028,-0.921475,0.030836,1.096282,-0.114886,0.133984,2.474242,0.921475,0.088829,1.870988
18,0.035000,0.114886,-0.133984,0.501310,-0.921475,-0.088829,1.104564,-0.114886,0.014319,2.482525,0.921475,-0.030836,1.879271,0.114886,-0.014319,0.492353,-0.921475,0.030836,1.095607,-0.114886,0.133984,2.473567,0.921475,0.088829,1.870313
19,0.037000,0.114886,-0.133984,0.500596,-0.921475,-0.088829,1.103850,-0.114886,0.014319,2.481811,0.921475,-0.030836,1.878557,0.114886,-0.014319,0.491639,-0.921475,0.030836,1.094893,-0.114886,0.133984,2.472853,0.921475,0.088829,1.869599
20,0.039000,0.114886,-0.133984,0.499843,-0.921475,-0.088829,1.103098,-0.114886,0.014319,2.481058,0.921475,-0.030836,1.877804,0.114886,-0.014319,0.490886,-0.921475,0.030836,1.094140,-0.114886,0.133984,2.472101,0.921475,0.088829,1.868846
21,0.041000,0.114886,-0.133984,0.499052,-0.921475,-0.088829,1.102306,-0.114886,0.014319,2.480266,0.921475,-0.030836,1.877012,0.114886,-0.014319,0.490094,-0.921475,0.030836,1.093348,-0.114886,0.133984,2.471309,0.921475,0.088829,1.868055
22,0.043000,0.114886,-0.133984,0.498221,-0.921475,-0.088829,1.101475,-0.114886,0.014319,2.479436,0.921475,-0.030836,1.876182,0.114886,-0.014319,0.489264,-0.921475,0.030836,1.092518,-0.114886,0.133984,2.470478,0.921475,0.088829,1.867224
23,0.045000,0.114886,-0.133984,0.497352,-0.921475,-0.088829,1.100606,-0.114886,0.014319,2.478567,0.921475,-0.030836,1.875312,0.114886,-0.014318,0.488395,-0.921475,0.030836,1.091649,-0.114886,0.133984,2.469609,0.921475,0.088829,1.866355
24,0.047000,0.114886,-0.133984,0.496444,-0.921475,-0.088829,1.099698,-0.114886,0.014318,2.477659,0.921475,-0.030836,1.874404,0.114886,-0.014318,0.487487,-0.921475,0.030836,1.090741,-0.114886,0.133984,2.468701,0.921475,0.088829,1.865447
25,0.049000,0.114886,-0.133984,0.495497,-0.921475,-0.088829,1.098752,-0.114886,0.014318,2.476712,0.921475,-0.030836,1.873458,0.114886,-0.014318,0.486540,-0.921475,0.030836,1.089794,-0.114886,0.133984,2.467754,0.921475,0.088829,1.864500
26,0.051000,0.114886,-0.133984,0.494512,-0.921475,-0.088829,1.097766,-0.114886,0.014318,2.475727,0.921475,-0.030836,1.872472,0.114886,-0.014318,0.485555,-0.921476,0.030836,1.088809,-0.114886,0.133984,2.466769,0.921475,0.088829,1.863515
27,0.053000,0.114886,-0.133983,0.493488,-0.921475,-0.088829,1.096742,-0.114886,0.014318,2.474703,0.921475,-0.030836,1.871448,0.114886,-0.014318,0.484531,-0.921476,0.030836,1.087785,-0.114886,0.133984,2.465745,0.921475,0.088829,1.862491
28,0.055000,0.114886,-0.133983,0.492426,-0.921475,-0.088829,1.095680,-0.114886,0.014318,2.473640,0.921475,-0.030836,1.870386,0.114886,-0.014318,0.483468,-0.921476,0.030836,1.086723,-0.114886,0.133983,2.464683,0.921475,0.088829,1.861428
29,0.057000,0.114886,-0.133983,0.491325,-0.921475,-0.088829,1.094579,-0.114886,0.014318,2.472539,0.921475,-0.030836,1.869285,0.114886,-0.014318,0.482367,-0.921476,0.030836,1.085622,-0.114886,0.133983,2.463582,0.921475,0.088829,1.860327
30,0.059000,0.114886,-0.133983,0.490185,-0.921475,-0.088829,1.093440,-0.114886,0.014318,2.471400,0.921475,-0.030836,1.868145,0.114886,-0.014318,0.481228,-0.921476,0.030836,1.084482,-0.114886,0.133983,2.462442,0.921475,0.088829,1.859188
31,0.061000,0.114886,-0.133983,0.489007,-0.921475,-0.088829,1.092262,-0.114886,0.014318,2.470222,0.921475,-0.030836,1.866967,0.114886,-0.014318,0.480050,-0.921476,0.030836,1.083304,-0.114886,0.133983,2.461264,0.921475,0.088829,1.858010
32,0.063000,0.114886,-0.133983,0.487791,-0.921475,-0.088829,1.091046,-0.114886,0.014318,2.469006,0.921476,-0.030836,1.865751,0.114886,-0.014318,0.478834,-0.921476,0.030836,1.082088,-0.114886,0.133983,2.460048,0.921475,0.088829,1.856794
33,0.065000,0.114886,-0.133983,0.486536,-0.921476,-0.088829,1.089791,-0.114886,0.014318,2.467751,0.921476,-0.030836,1.864496,0.114886,-0.014318,0.477579,-0.921476,0.030836,1.080834,-0.114886,0.133983,2.458794,0.921475,0.088829,1.855539
34,0.067000,0.114886,-0.133983,0.485243,-0.921476,-0.088829,1.088498,-0.114886,0.014318,2.466458,0.921476,-0.030836,1.863203,0.114886,-0.014317,0.476286,-0.921476,0.030836,1.079541,-0.114886,0.133983,2.457501,0.921475,0.088829,1.854246
35,0.069000,0.114886,-0.133982,0.483912,-0.921476,-0.088829,1.087167,-0.114886,0.014318,2.465127,0.921476,-0.030836,1.861872,0.114885,-0.014317,0.474955,-0.921476,0.030836,1.078210,-0.114886,0.133983,2.456170,0.921475,0.088829,1.852915
36,0.071000,0.114886,-0.133982,0.482543,-0.921476,-0.088829,1.085798,-0.114886,0.014317,2.463758,0.921476,-0.030836,1.860503,0.114885,-0.014317,0.473586,-0.921476,0.030836,1.076841,-0.114886,0.133983,2.454801,0.921475,0.088829,1.851546
37,0.073000,0.114885,-0.133982,0.481136,-0.921476,-0.088829,1.084391,-0.114885,0.014317,2.462351,0.921476,-0.030836,1.859095,0.114885,-0.014317,0.472178,-0.921476,0.030837,1.075434,-0.114886,0.133983,2.453393,0.921475,0.088829,1.850138
38,0.075000,0.114885,-0.133982,0.479690,-0.921476,-0.088829,1.082946,-0.114885,0.014317,2.460905,0.921476,-0.030836,1.857650,0.114885,-0.014317,0.470733,-0.921476,0.030837,1.073988,-0.114886,0.133982,2.451948,0.921475,0.088829,1.848693
39,0.077000,0.114885,-0.133982,0.478207,-0.921476,-0.088829,1.081462,-0.114885,0.014317,2.459422,0.921476,-0.030836,1.856166,0.114885,-0.014316,0.469249,-0.921476,0.030837,1.072505,-0.114885,0.133982,2.450465,0.921475,0.088829,1.847209
40,0.079000,0.114885,-0.133981,0.476685,-0.921476,-0.088829,1.079941,-0.114885,0.014317,2.457900,0.921476,-0.030836,1.854645,0.114885,-0.014316,0.467728,-0.921476,0.030837,1.070984,-0.114885,0.133982,2.448943,0.921476,0.088829,1.845688
41,0.081000,0.114885,-0.133981,0.475126,-0.921476,-0.088829,1.078382,-0.114885,0.014317,2.456341,0.921476,-0.030836,1.853085,0.114885,-0.014316,0.466169,-0.921476,0.030837,1.069425,-0.114885,0.133982,2.447384,0.921476,0.088829,1.844128
42,0.083000,0.114885,-0.133981,0.473529,-0.921476,-0.088829,1.076785,-0.114885,0.014316,2.454744,0.921476,-0.030836,1.851488,0.114884,-0.014316,0.464572,-0.921476,0.030837,1.067828,-0.114885,0.133982,2.445787,0.921476,0.088829,1.842531
43,0.085000,0.114885,-0.133981,0.471893,-0.921476,-0.088829,1.075149,-0.114885,0.014316,2.453109,0.921476,-0.030836,1.849853,0.114884,-0.014315,0.462936,-0.921476,0.030837,1.066192,-0.114885,0.133981,2.444151,0.921475,0.088829,1.840896
44,0.087000,0.114885,-0.133980,0.470219,-0.921476,-0.088829,1.073475,-0.114886,0.014316,2.451435,0.921475,-0.030836,1.848179,0.114884,-0.014315,0.461262,-0.921477,0.030837,1.064518,-0.114886,0.133981,2.442478,0.921475,0.088829,1.839222
45,0.089000,0.114884,-0.133980,0.468507,-0.921477,-0.088829,1.071762,-0.114886,0.014316,2.449722,0.921475,-0.030836,1.846467,0.114884,-0.014315,0.459550,-0.921477,0.030836,1.062805,-0.114887,0.133981,2.440765,0.921474,0.088829,1.837510
46,0.091000,0.114884,-0.133980,0.466756,-0.921477,-0.088829,1.070011,-0.114888,0.014315,2.447972,0.921474,-0.030836,1.844717,0.114884,-0.014315,0.457799,-0.921478,0.030836,1.061054,-0.114888,0.133980,2.439014,0.921473,0.088829,1.835760
47,0.093000,0.114884,-0.133980,0.464967,-0.921478,-0.088829,1.068222,-0.114889,0.014315,2.446182,0.921472,-0.030836,1.842928,0.114883,-0.014315,0.456010,-0.921478,0.030836,1.059265,-0.114890,0.133980,2.437225,0.921472,0.088829,1.833971
48,0.095000,0.114883,-0.133980,0.463140,-0.921479,-0.088830,1.066394,-0.114891,0.014314,2.444355,0.921471,-0.030836,1.841101,0.114883,-0.014315,0.454183,-0.921479,0.030836,1.057437,-0.114892,0.133979,2.435398,0.921471,0.088829,1.832145
49,0.097000,0.114883,-0.133980,0.461275,-0.921480,-0.088830,1.064528,-0.114893,0.014313,2.442490,0.921470,-0.030836,1.839237,0.114882,-0.014314,0.452318,-0.921480,0.030835,1.055571,-0.114893,0.133979,2.433533,0.921469,0.088829,1.830280
50,0.099000,0.114882,-0.133979,0.459371,-0.921481,-0.088830,1.062623,-0.114895,0.014313,2.440586,0.921468,-0.030836,1.837334,0.114882,-0.014314,0.450414,-0.921481,0.030835,1.053667,-0.114895,0.133978,2.431629,0.921468,0.088829,1.828377
51,0.101000,0.114881,-0.133979,0.457430,-0.921482,-0.088830,1.060682,-0.114896,0.014312,2.438644,0.921467,-0.030837,1.835392,0.114881,-0.014314,0.448473,-0.921482,0.030835,1.051725,-0.114897,0.133977,2.429688,0.921466,0.088829,1.826436
52,0.103000,0.114881,-0.133979,0.455450,-0.921483,-0.088831,1.058702,-0.114897,0.014311,2.436665,0.921466,-0.030837,1.833413,0.114880,-0.014314,0.446494,-0.921483,0.030834,1.049745,-0.114898,0.133977,2.427708,0.921465,0.088829,1.824457
53,0.105000,0.114880,-0.133979,0.453433,-0.921483,-0.088831,1.056685,-0.114898,0.014311,2.434648,0.921465,-0.030837,1.831396,0.114879,-0.014313,0.444477,-0.921484,0.030834,1.047728,-0.114899,0.133976,2.425691,0.921465,0.088828,1.822440
54,0.107000,0.114879,-0.133978,0.451379,-0.921484,-0.088831,1.054631,-0.114898,0.014310,2.432594,0.921465,-0.030837,1.829342,0.114879,-0.014313,0.442422,-0.921484,0.030834,1.045674,-0.114899,0.133975,2.423637,0.921464,0.088828,1.820385
55,0.109000,0.114879,-0.133978,0.449287,-0.921484,-0.088832,1.052539,-0.114898,0.014309,2.430502,0.921465,-0.030837,1.827249,0.114878,-0.014313,0.440330,-0.921485,0.030834,1.043583,-0.114899,0.133974,2.421545,0.921464,0.088828,1.818293
56,0.111000,0.114878,-0.133978,0.447157,-0.921485,-0.088832,1.050410,-0.114898,0.014308,2.428373,0.921465,-0.030837,1.825119,0.114877,-0.014312,0.438201,-0.921485,0.030833,1.041454,-0.114898,0.133974,2.419416,0.921464,0.088828,1.816163
57,0.113000,0.114877,-0.133977,0.444990,-0.921485,-0.088832,1.048244,-0.114897,0.014308,2.426206,0.921465,-0.030837,1.822952,0.114877,-0.014312,0.436034,-0.921486,0.030833,1.039288,-0.114898,0.133973,2.417250,0.921464,0.088828,1.813996
58,0.115000,0.114877,-0.133977,0.442786,-0.921485,-0.088833,1.046041,-0.114896,0.014307,2.424002,0.921465,-0.030837,1.820747,0.114876,-0.014311,0.433830,-0.921486,0.030833,1.037085,-0.114897,0.133972,2.415046,0.921465,0.088828,1.811791
59,0.117000,0.114876,-0.133976,0.440545,-0.921485,-0.088833,1.043800,-0.114895,0.014306,2.421761,0.921466,-0.030837,1.818505,0.114875,-0.014311,0.431588,-0.921486,0.030832,1.034844,-0.114896,0.133971,2.412804,0.921465,0.088828,1.809549
60,0.119000,0.114876,-0.133976,0.438266,-0.921485,-0.088833,1.041522,-0.114895,0.014305,2.419482,0.921466,-0.030838,1.816226,0.114875,-0.014310,0.429309,-0.921486,0.030832,1.032566,-0.114896,0.133970,2.410526,0.921465,0.088828,1.807270
61,0.121000,0.114875,-0.133975,0.435949,-0.921485,-0.088834,1.039206,-0.114894,0.014304,2.417166,0.921467,-0.030838,1.813909,0.114874,-0.014310,0.426993,-0.921486,0.030832,1.030250,-0.114895,0.133969,2.408210,0.921466,0.088828,1.804953
62,0.123000,0.114875,-0.133975,0.433596,-0.921486,-0.088834,1.036853,-0.114893,0.014303,2.414813,0.921467,-0.030838,1.811555,0.114874,-0.014309,0.424640,-0.921487,0.030831,1.027897,-0.114894,0.133968,2.405857,0.921466,0.088827,1.802599
63,0.125000,0.114874,-0.133974,0.431205,-0.921486,-0.088834,1.034463,-0.114893,0.014302,2.412422,0.921467,-0.030838,1.809164,0.114873,-0.014309,0.422249,-0.921487,0.030831,1.025507,-0.114894,0.133967,2.403466,0.921466,0.088827,1.800208
64,0.127000,0.114874,-0.133973,0.428777,-0.921486,-0.088835,1.032036,-0.114892,0.014300,2.409994,0.921467,-0.030838,1.806735,0.114872,-0.014308,0.419821,-0.921487,0.030831,1.023080,-0.114893,0.133966,2.401039,0.921466,0.088827,1.797780
65,0.129000,0.114873,-0.133972,0.426312,-0.921486,-0.088835,1.029571,-0.114892,0.014299,2.407530,0.921468,-0.030839,1.804270,0.114872,-0.014307,0.417356,-0.921487,0.030830,1.020616,-0.114893,0.133964,2.398574,0.921466,0.088827,1.795314
66,0.131000,0.114872,-0.133972,0.423810,-0.921487,-0.088835,1.027070,-0.114891,0.014298,2.405028,0.921468,-0.030839,1.801767,0.114871,-0.014306,0.414854,-0.921488,0.030830,1.018115,-0.114892,0.133963,2.396072,0.921466,0.088827,1.792812
67,0.133000,0.114872,-0.133971,0.421271,-0.921487,-0.088836,1.024532,-0.114891,0.014296,2.402489,0.921468,-0.030839,1.799228,0.114870,-0.014305,0.412315,-0.921488,0.030830,1.015576,-0.114892,0.133962,2.393534,0.921467,0.088826,1.790272
68,0.135000,0.114871,-0.133970,0.418694,-0.921487,-0.088836,1.021956,-0.114890,0.014295,2.399913,0.921468,-0.030839,1.796651,0.114870,-0.014305,0.409739,-0.921488,0.030830,1.013001,-0.114891,0.133960,2.390958,0.921467,0.088826,1.787696
69,0.137000,0.114871,-0.133969,0.416081,-0.921487,-0.088836,1.019344,-0.114890,0.014293,2.397300,0.921468,-0.030840,1.794038,0.114869,-0.014304,0.407126,-0.921489,0.030829,1.010388,-0.114891,0.133958,2.388345,0.921467,0.088826,1.785083
70,0.139000,0.114870,-0.133968,0.413431,-0.921488,-0.088836,1.016694,-0.114889,0.014291,2.394650,0.921468,-0.030840,1.791388,0.114868,-0.014303,0.404476,-0.921489,0.030829,1.007739,-0.114891,0.133957,2.385695,0.921467,0.088825,1.782432
71,0.141000,0.114869,-0.133967,0.410744,-0.921488,-0.088837,1.014008,-0.114889,0.014290,2.391964,0.921468,-0.030840,1.788700,0.114868,-0.014302,0.401789,-0.921489,0.030829,1.005053,-0.114890,0.133955,2.383009,0.921467,0.088825,1.779745
72,0.143000,0.114869,-0.133966,0.408021,-0.921488,-0.088837,1.011285,-0.114888,0.014288,2.389241,0.921469,-0.030841,1.785976,0.114867,-0.014301,0.399066,-0.921490,0.030828,1.002330,-0.114890,0.133953,2.380286,0.921467,0.088824,1.777022
73,0.145000,0.114868,-0.133965,0.405260,-0.921488,-0.088837,1.008525,-0.114888,0.014286,2.386480,0.921469,-0.030841,1.783216,0.114867,-0.014299,0.396306,-0.921490,0.030828,0.999570,-0.114890,0.133952,2.377526,0.921467,0.088824,1.774261
74,0.147000,0.114868,-0.133964,0.402463,-0.921488,-0.088838,1.005728,-0.114887,0.014284,2.383684,0.921469,-0.030842,1.780419,0.114866,-0.014298,0.393509,-0.921490,0.030828,0.996774,-0.114889,0.133950,2.374729,0.921467,0.088824,1.771464
75,0.149000,0.114868,-0.133963,0.399630,-0.921488,-0.088838,1.002895,-0.114887,0.014282,2.380850,0.921469,-0.030842,1.777585,0.114866,-0.014297,0.390675,-0.921490,0.030828,0.993941,-0.114889,0.133948,2.371896,0.921467,0.088823,1.768630
76,0.151000,0.114867,-0.133961,0.396759,-0.921489,-0.088838,1.000026,-0.114886,0.014280,2.377981,0.921470,-0.030843,1.774714,0.114865,-0.014296,0.387805,-0.921490,0.030827,0.991072,-0.114888,0.133946,2.369027,0.921468,0.088822,1.765760
77,0.153000,0.114867,-0.133960,0.393853,-0.921489,-0.088838,0.997120,-0.114886,0.014278,2.375074,0.921470,-0.030844,1.771807,0.114865,-0.014295,0.384899,-0.921491,0.030827,0.988166,-0.114888,0.133944,2.366121,0.921468,0.088822,1.762853
78,0.155000,0.114866,-0.133959,0.390910,-0.921489,-0.088839,0.994178,-0.114885,0.014276,2.372132,0.921470,-0.030844,1.768864,0.114864,-0.014293,0.381956,-0.921491,0.030827,0.985224,-0.114887,0.133942,2.363178,0.921468,0.088821,1.759910
79,0.157000,0.114865,-0.133958,0.387930,-0.921489,-0.088839,0.991199,-0.114884,0.014274,2.369153,0.921470,-0.030845,1.765884,0.114863,-0.014292,0.378977,-0.921491,0.030827,0.982246,-0.114886,0.133940,2.360199,0.921468,0.088821,1.756930
80,0.159000,0.114864,-0.133956,0.384914,-0.921490,-0.088839,0.988184,-0.114884,0.014272,2.366137,0.921471,-0.030846,1.762867,0.114862,-0.014291,0.375961,-0.921492,0.030827,0.979231,-0.114886,0.133937,2.357184,0.921468,0.088820,1.753914
81,0.161000,0.114864,-0.133955,0.381863,-0.921490,-0.088839,0.985134,-0.114883,0.014270,2.363086,0.921471,-0.030846,1.759816,0.114862,-0.014289,0.372910,-0.921492,0.030827,0.976181,-0.114885,0.133935,2.354133,0.921469,0.088819,1.750863
82,0.163000,0.114864,-0.133953,0.378776,-0.921490,-0.088839,0.982047,-0.114882,0.014267,2.360000,0.921472,-0.030847,1.756728,0.114861,-0.014288,0.369823,-0.921492,0.030826,0.973095,-0.114884,0.133933,2.351047,0.921469,0.088819,1.747775
83,0.165000,0.114863,-0.133952,0.375653,-0.921490,-0.088839,0.978925,-0.114880,0.014265,2.356877,0.921473,-0.030848,1.753605,0.114861,-0.014286,0.366700,-0.921492,0.030826,0.969973,-0.114883,0.133931,2.347925,0.921470,0.088818,1.744652
84,0.167000,0.114863,-0.133950,0.372494,-0.921489,-0.088839,0.975767,-0.114879,0.014263,2.353719,0.921473,-0.030848,1.750445,0.114861,-0.014285,0.363542,-0.921492,0.030826,0.966815,-0.114881,0.133928,2.344766,0.921471,0.088817,1.741493
85,0.169000,0.114863,-0.133949,0.369299,-0.921489,-0.088839,0.972573,-0.114878,0.014260,2.350524,0.921474,-0.030849,1.747249,0.114860,-0.014283,0.360346,-0.921492,0.030826,0.963621,-0.114880,0.133926,2.341572,0.921472,0.088817,1.738297
86,0.171000,0.114862,-0.133947,0.366067,-0.921489,-0.088840,0.969342,-0.114877,0.014258,2.347293,0.921475,-0.030850,1.744017,0.114860,-0.014282,0.357115,-0.921492,0.030826,0.960390,-0.114879,0.133924,2.338341,0.921472,0.088816,1.735065
87,0.173000,0.114861,-0.133946,0.362799,-0.921489,-0.088840,0.966076,-0.114875,0.014256,2.344025,0.921476,-0.030851,1.740749,0.114859,-0.014280,0.353848,-0.921492,0.030826,0.957124,-0.114878,0.133921,2.335074,0.921473,0.088815,1.731797
88,0.175000,0.114861,-0.133944,0.359496,-0.921489,-0.088840,0.962774,-0.114874,0.014253,2.340722,0.921476,-0.030852,1.737444,0.114858,-0.014279,0.350544,-0.921492,0.030826,0.953822,-0.114876,0.133919,2.331771,0.921474,0.088814,1.728493
89,0.177000,0.114859,-0.133943,0.356156,-0.921490,-0.088840,0.959435,-0.114872,0.014250,2.337383,0.921477,-0.030853,1.734104,0.114857,-0.014277,0.347205,-0.921493,0.030826,0.950484,-0.114875,0.133916,2.328432,0.921474,0.088813,1.725153
90,0.179000,0.114858,-0.133941,0.352780,-0.921491,-0.088840,0.956061,-0.114871,0.014248,2.334008,0.921477,-0.030854,1.730726,0.114855,-0.014276,0.343829,-0.921493,0.030825,0.947110,-0.114874,0.133913,2.325057,0.921475,0.088812,1.721776
91,0.181000,0.114856,-0.133940,0.349367,-0.921492,-0.088840,0.952650,-0.114869,0.014245,2.330596,0.921478,-0.030855,1.727313,0.114853,-0.014274,0.340416,-0.921494,0.030825,0.943700,-0.114872,0.133910,2.321645,0.921475,0.088811,1.718362
92,0.183000,0.114853,-0.133938,0.345918,-0.921493,-0.088841,0.949203,-0.114868,0.014242,2.327148,0.921478,-0.030856,1.723862,0.114850,-0.014273,0.336968,-0.921496,0.030825,0.940253,-0.114871,0.133908,2.318197,0.921475,0.088810,1.714912
93,0.185000,0.114851,-0.133937,0.342433,-0.921494,-0.088841,0.945720,-0.114867,0.014239,2.323663,0.921478,-0.030857,1.720376,0.114848,-0.014271,0.333483,-0.921497,0.030825,0.936770,-0.114870,0.133905,2.314713,0.921475,0.088809,1.711426
94,0.187000,0.114848,-0.133935,0.338912,-0.921495,-0.088841,0.942201,-0.114866,0.014236,2.320143,0.921478,-0.030858,1.716854,0.114845,-0.014270,0.329962,-0.921498,0.030825,0.933251,-0.114869,0.133902,2.311193,0.921475,0.088808,1.707904
95,0.189000,0.114846,-0.133934,0.335355,-0.921497,-0.088841,0.938646,-0.114864,0.014234,2.316587,0.921478,-0.030859,1.713296,0.114843,-0.014268,0.326406,-0.921500,0.030825,0.929697,-0.114868,0.133900,2.307637,0.921475,0.088807,1.704346
96,0.191000,0.114844,-0.133932,0.331763,-0.921498,-0.088841,0.935056,-0.114864,0.014231,2.312995,0.921478,-0.030859,1.709702,0.114841,-0.014266,0.322813,-0.921501,0.030824,0.926106,-0.114867,0.133897,2.304046,0.921475,0.088806,1.700753
97,0.193000,0.114842,-0.133930,0.328135,-0.921499,-0.088842,0.931429,-0.114863,0.014229,2.309368,0.921478,-0.030860,1.706073,0.114839,-0.014264,0.319186,-0.921502,0.030824,0.922480,-0.114866,0.133894,2.300419,0.921475,0.088806,1.697124
98,0.195000,0.114841,-0.133929,0.324471,-0.921499,-0.088842,0.927767,-0.114861,0.014226,2.305705,0.921479,-0.030861,1.702409,0.114837,-0.014263,0.315522,-0.921503,0.030824,0.918819,-0.114865,0.133892,2.296756,0.921475,0.088805,1.693460
99,0.197000,0.114839,-0.133927,0.320772,-0.921500,-0.088842,0.924070,-0.114860,0.014223,2.302007,0.921479,-0.030862,1.698709,0.114836,-0.014261,0.311824,-0.921504,0.030824,0.915122,-0.114863,0.133889,2.293058,0.921476,0.088804,1.689760
100,0.199000,0.114838,-0.133925,0.317038,-0.921501,-0.088842,0.920337,-0.114859,0.014221,2.298273,0.921480,-0.030862,1.694974,0.114834,-0.014259,0.308090,-0.921504,0.030824,0.911389,-0.114862,0.133887,2.289325,0.921476,0.088804,1.686025
101,0.201000,0.114836,-0.133923,0.313268,-0.921501,-0.088842,0.916569,-0.114857,0.014218,2.294504,0.921480,-0.030863,1.691203,0.114833,-0.014257,0.304320,-0.921505,0.030824,0.907621,-0.114861,0.133884,2.285556,0.921477,0.088803,1.682255
102,0.203000,0.114834,-0.133921,0.309463,-0.921502,-0.088842,0.912766,-0.114856,0.014215,2.290700,0.921481,-0.030864,1.687397,0.114831,-0.014255,0.300516,-0.921506,0.030824,0.903818,-0.114859,0.133881,2.281752,0.921477,0.088802,1.678449
103,0.205000,0.114833,-0.133919,0.305623,-0.921503,-0.088842,0.908928,-0.114854,0.014212,2.286861,0.921481,-0.030864,1.683556,0.114829,-0.014253,0.296676,-0.921506,0.030824,0.899981,-0.114858,0.133878,2.277913,0.921478,0.088802,1.674609
104,0.207000,0.114832,-0.133916,0.301749,-0.921503,-0.088842,0.905055,-0.114853,0.014209,2.282987,0.921482,-0.030865,1.679680,0.114828,-0.014250,0.292802,-0.921507,0.030824,0.896108,-0.114857,0.133875,2.274039,0.921478,0.088801,1.670733
105,0.209000,0.114830,-0.133914,0.297839,-0.921504,-0.088842,0.901147,-0.114852,0.014207,2.279078,0.921482,-0.030865,1.675770,0.114826,-0.014248,0.288892,-0.921508,0.030824,0.892200,-0.114856,0.133873,2.270131,0.921478,0.088801,1.666823
106,0.211000,0.114829,-0.133912,0.293894,-0.921504,-0.088842,0.897204,-0.114850,0.014204,2.275134,0.921483,-0.030866,1.671824,0.114825,-0.014246,0.284948,-0.921508,0.030824,0.888257,-0.114854,0.133870,2.266187,0.921479,0.088800,1.662877
107,0.213000,0.114827,-0.133909,0.289914,-0.921505,-0.088842,0.893226,-0.114849,0.014201,2.271155,0.921484,-0.030866,1.667843,0.114823,-0.014243,0.280968,-0.921509,0.030824,0.884280,-0.114853,0.133867,2.262208,0.921479,0.088800,1.658897
108,0.215000,0.114826,-0.133906,0.285900,-0.921505,-0.088842,0.889213,-0.114847,0.014198,2.267141,0.921484,-0.030867,1.663828,0.114821,-0.014240,0.276954,-0.921510,0.030824,0.880267,-0.114851,0.133864,2.258195,0.921480,0.088799,1.654882
109,0.217000,0.114824,-0.133904,0.281851,-0.921506,-0.088842,0.885166,-0.114846,0.014195,2.263093,0.921485,-0.030867,1.659778,0.114820,-0.014237,0.272905,-0.921510,0.030824,0.876220,-0.114850,0.133861,2.254147,0.921480,0.088799,1.650832
110,0.219000,0.114823,-0.133901,0.277767,-0.921507,-0.088842,0.881084,-0.114844,0.014192,2.259010,0.921486,-0.030867,1.655693,0.114818,-0.014235,0.268822,-0.921511,0.030825,0.872139,-0.114848,0.133858,2.250064,0.921481,0.088799,1.646748
111,0.221000,0.114821,-0.133898,0.273649,-0.921507,-0.088841,0.876968,-0.114842,0.014189,2.254892,0.921486,-0.030867,1.651574,0.114816,-0.014231,0.264704,-0.921512,0.030825,0.868023,-0.114847,0.133855,2.245947,0.921481,0.088799,1.642629
112,0.223000,0.114820,-0.133894,0.269496,-0.921508,-0.088841,0.872817,-0.114840,0.014185,2.250741,0.921487,-0.030868,1.647420,0.114815,-0.014228,0.260552,-0.921513,0.030825,0.863872,-0.114845,0.133852,2.241796,0.921482,0.088798,1.638475
113,0.225000,0.114818,-0.133891,0.265309,-0.921509,-0.088841,0.868632,-0.114839,0.014182,2.246554,0.921488,-0.030868,1.643231,0.114813,-0.014225,0.256365,-0.921514,0.030825,0.859688,-0.114844,0.133849,2.237610,0.921483,0.088798,1.634287
114,0.227000,0.114816,-0.133888,0.261088,-0.921509,-0.088841,0.864413,-0.114837,0.014179,2.242334,0.921488,-0.030868,1.639009,0.114811,-0.014222,0.252144,-0.921514,0.030825,0.855469,-0.114842,0.133845,2.233390,0.921483,0.088798,1.630065
115,0.229000,0.114814,-0.133884,0.256831,-0.921510,-0.088841,0.860159,-0.114835,0.014176,2.238079,0.921489,-0.030868,1.634751,0.114808,-0.014218,0.247888,-0.921515,0.030825,0.851216,-0.114840,0.133842,2.229135,0.921484,0.088799,1.625808
116,0.231000,0.114812,-0.133881,0.252541,-0.921511,-0.088841,0.855871,-0.114832,0.014172,2.233789,0.921490,-0.030868,1.630459,0.114806,-0.014214,0.243598,-0.921516,0.030825,0.846928,-0.114838,0.133838,2.224846,0.921485,0.088799,1.621516
117,0.233000,0.114810,-0.133877,0.248216,-0.921511,-0.088841,0.851549,-0.114830,0.014169,2.229465,0.921491,-0.030868,1.626133,0.114804,-0.014211,0.239274,-0.921517,0.030826,0.842606,-0.114836,0.133835,2.220523,0.921486,0.088799,1.617190
118,0.235000,0.114808,-0.133873,0.243857,-0.921512,-0.088841,0.847193,-0.114827,0.014165,2.225107,0.921493,-0.030867,1.621772,0.114802,-0.014207,0.234915,-0.921518,0.030826,0.838250,-0.114833,0.133831,2.216165,0.921487,0.088799,1.612830
119,0.237000,0.114805,-0.133869,0.239464,-0.921513,-0.088841,0.842802,-0.114824,0.014161,2.220715,0.921494,-0.030867,1.617377,0.114799,-0.014203,0.230522,-0.921519,0.030826,0.833860,-0.114831,0.133828,2.211773,0.921488,0.088799,1.608435
120,0.239000,0.114803,-0.133865,0.235036,-0.921514,-0.088841,0.838378,-0.114821,0.014157,2.216289,0.921495,-0.030867,1.612947,0.114797,-0.014199,0.226095,-0.921520,0.030826,0.829436,-0.114828,0.133824,2.207348,0.921489,0.088799,1.604006
121,0.241000,0.114801,-0.133861,0.230575,-0.921514,-0.088841,0.833919,-0.114819,0.014154,2.211828,0.921496,-0.030867,1.608484,0.114794,-0.014195,0.221634,-0.921521,0.030826,0.824978,-0.114825,0.133820,2.202888,0.921490,0.088800,1.599543
122,0.243000,0.114798,-0.133857,0.226079,-0.921515,-0.088841,0.829427,-0.114816,0.014150,2.207334,0.921497,-0.030867,1.603986,0.114791,-0.014191,0.217139,-0.921522,0.030826,0.820486,-0.114823,0.133816,2.198394,0.921491,0.088800,1.595046
123,0.245000,0.114796,-0.133853,0.221549,-0.921516,-0.088841,0.824900,-0.114813,0.014146,2.202806,0.921499,-0.030866,1.599455,0.114788,-0.014186,0.212610,-0.921523,0.030826,0.815960,-0.114820,0.133812,2.193866,0.921491,0.088800,1.590515
124,0.247000,0.114793,-0.133848,0.216986,-0.921517,-0.088841,0.820340,-0.114810,0.014142,2.198243,0.921500,-0.030866,1.594889,0.114786,-0.014182,0.208046,-0.921525,0.030826,0.811400,-0.114818,0.133808,2.189304,0.921492,0.088801,1.585950
125,0.249000,0.114790,-0.133844,0.212388,-0.921518,-0.088841,0.815745,-0.114807,0.014137,2.193647,0.921501,-0.030866,1.590290,0.114783,-0.014177,0.203449,-0.921526,0.030826,0.806806,-0.114815,0.133804,2.184708,0.921493,0.088801,1.581351
126,0.251000,0.114788,-0.133839,0.207757,-0.921519,-0.088840,0.811117,-0.114804,0.014133,2.189017,0.921502,-0.030866,1.585657,0.114780,-0.014172,0.198818,-0.921527,0.030826,0.802179,-0.114812,0.133800,2.180079,0.921495,0.088801,1.576718
127,0.253000,0.114785,-0.133834,0.203091,-0.921520,-0.088840,0.806455,-0.114801,0.014129,2.184353,0.921504,-0.030865,1.580989,0.114777,-0.014168,0.194154,-0.921528,0.030826,0.797517,-0.114809,0.133795,2.175415,0.921496,0.088802,1.572051
128,0.255000,0.114809,-0.133783,0.198935,-0.921506,-0.088852,0.802286,-0.114809,0.014134,2.180196,0.921505,-0.030798,1.576844,0.114795,-0.014116,0.189999,-0.921520,0.030815,0.793351,-0.114823,0.133800,2.171260,0.921491,0.088869,1.567908
129,0.257000,0.114865,-0.133751,0.195397,-0.921472,-0.088776,0.798707,-0.114827,0.014230,2.176645,0.921510,-0.030744,1.573335,0.114854,-0.014084,0.186458,-0.921483,0.030890,0.789768,-0.114837,0.133897,2.167706,0.921499,0.088922,1.564396
130,0.259000,0.114918,-0.133802,0.192244,-0.921435,-0.088656,0.795514,-0.114825,0.014402,2.173469,0.921527,-0.030744,1.570198,0.114920,-0.014136,0.183292,-0.921433,0.031010,0.786563,-0.114823,0.134068,2.164518,0.921530,0.088922,1.561247
131,0.261000,0.114954,-0.133863,0.189438,-0.921396,-0.088628,0.792705,-0.114782,0.014552,2.170648,0.921568,-0.030683,1.567382,0.114960,-0.014199,0.180475,-0.921391,0.031037,0.783742,-0.114777,0.134217,2.161685,0.921574,0.088982,1.558418
132,0.263000,0.114967,-0.133853,0.186792,-0.921359,-0.088588,0.790098,-0.114689,0.014741,2.167998,0.921637,-0.030525,1.564691,0.114969,-0.014189,0.177817,-0.921357,0.031076,0.781124,-0.114687,0.134405,2.159023,0.921639,0.089139,1.555716
133,0.265000,0.114923,-0.134001,0.184319,-0.921353,-0.088422,0.787690,-0.114567,0.015104,2.165506,0.921708,-0.030475,1.562136,0.114943,-0.014339,0.175316,-0.921332,0.031239,0.778686,-0.114546,0.134765,2.156503,0.921729,0.089187,1.553133
134,0.267000,0.114843,-0.134120,0.181912,-0.921348,-0.088299,0.785409,-0.114369,0.015525,2.163090,0.921822,-0.030295,1.559593,0.114873,-0.014461,0.172877,-0.921319,0.031360,0.776374,-0.114340,0.135185,2.154055,0.921851,0.089364,1.550559
135,0.269000,0.114768,-0.134272,0.179619,-0.921337,-0.088280,0.783250,-0.114163,0.015966,2.160785,0.921943,-0.030026,1.557154,0.114795,-0.014615,0.170548,-0.921310,0.031377,0.774179,-0.114136,0.135622,2.151714,0.921969,0.089631,1.548083
136,0.271000,0.114660,-0.134499,0.177481,-0.921350,-0.088176,0.781251,-0.113958,0.016412,2.158632,0.922052,-0.029911,1.554863,0.114701,-0.014845,0.168372,-0.921309,0.031477,0.772142,-0.113917,0.136066,2.149523,0.922093,0.089743,1.545753
137,0.273000,0.114552,-0.134728,0.175476,-0.921377,-0.088108,0.779361,-0.113802,0.016859,2.156606,0.922127,-0.029761,1.552721,0.114603,-0.015078,0.166327,-0.921326,0.031542,0.770212,-0.113751,0.136510,2.147457,0.922178,0.089890,1.543572
138,0.275000,0.114462,-0.134975,0.173639,-0.921404,-0.088130,0.777616,-0.113682,0.017317,2.154739,0.922183,-0.029527,1.550762,0.114513,-0.015327,0.164447,-0.921352,0.031517,0.768425,-0.113631,0.136965,2.145547,0.922235,0.090120,1.541570
139,0.277000,0.114408,-0.135234,0.171990,-0.921413,-0.088161,0.776027,-0.113589,0.017775,2.153052,0.922232,-0.029298,1.549015,0.114460,-0.015590,0.162755,-0.921361,0.031483,0.766792,-0.113537,0.137419,2.143817,0.922284,0.090346,1.539780
140,0.279000,0.114344,-0.135464,0.170533,-0.921429,-0.088128,0.774630,-0.113498,0.018219,2.151561,0.922275,-0.029117,1.547464,0.114403,-0.015823,0.161259,-0.921371,0.031513,0.765356,-0.113439,0.137860,2.142286,0.922334,0.090524,1.538189
141,0.281000,0.114247,-0.135718,0.169247,-0.921478,-0.088055,0.773400,-0.113439,0.018704,2.150235,0.922287,-0.028959,1.546082,0.114318,-0.016081,0.159929,-0.921408,0.031582,0.764082,-0.113369,0.138341,2.140917,0.922357,0.090678,1.536765
142,0.283000,0.114118,-0.135958,0.168052,-0.921563,-0.087974,0.772256,-0.113422,0.019190,2.149000,0.922259,-0.028794,1.544796,0.114200,-0.016323,0.158692,-0.921481,0.031660,0.762896,-0.113340,0.138824,2.139640,0.922341,0.090840,1.535436
143,0.285000,0.113955,-0.136202,0.166953,-0.921681,-0.087874,0.771207,-0.113437,0.019669,2.147861,0.922199,-0.028658,1.543607,0.114052,-0.016571,0.157550,-0.921584,0.031757,0.761804,-0.113340,0.139300,2.138459,0.922296,0.090973,1.534204
144,0.287000,0.113780,-0.136434,0.166165,-0.921800,-0.087708,0.770484,-0.113428,0.020159,2.147038,0.922152,-0.028567,1.542719,0.113898,-0.016806,0.156722,-0.921682,0.031920,0.761041,-0.113310,0.139787,2.137594,0.922270,0.091061,1.533275
145,0.289000,0.113596,-0.136652,0.165571,-0.921904,-0.087524,0.769993,-0.113353,0.020658,2.146416,0.922147,-0.028470,1.541994,0.113735,-0.017028,0.156086,-0.921765,0.032101,0.760509,-0.113213,0.140283,2.136932,0.922287,0.091154,1.532510
146,0.291000,0.113423,-0.136855,0.165132,-0.921984,-0.087325,0.769681,-0.113221,0.021158,2.145956,0.922186,-0.028372,1.541407,0.113584,-0.017234,0.155608,-0.921823,0.032296,0.760157,-0.113060,0.140779,2.136432,0.922347,0.091250,1.531883
147,0.293000,0.113269,-0.137033,0.164862,-0.922031,-0.087102,0.769560,-0.113026,0.021650,2.145672,0.922274,-0.028281,1.540974,0.113454,-0.017415,0.155300,-0.921847,0.032516,0.759998,-0.112842,0.141268,2.136110,0.922458,0.091338,1.531412
148,0.295000,0.113145,-0.137200,0.164746,-0.922035,-0.086889,0.769619,-0.112757,0.022125,2.145550,0.922423,-0.028185,1.540677,0.113350,-0.017584,0.155148,-0.921830,0.032726,0.760021,-0.112552,0.141741,2.135952,0.922628,0.091430,1.531079
149,0.297000,0.113057,-0.137358,0.164779,-0.922002,-0.086655,0.769827,-0.112449,0.022621,2.145575,0.922609,-0.028082,1.540527,0.113284,-0.017746,0.155144,-0.921774,0.032957,0.760192,-0.112222,0.142233,2.135941,0.922837,0.091530,1.530893
150,0.299000,0.113034,-0.137476,0.164960,-0.921921,-0.086479,0.770160,-0.112133,0.023136,2.145743,0.922822,-0.027861,1.540543,0.113273,-0.017866,0.155288,-0.921682,0.033130,0.760489,-0.111895,0.142745,2.136072,0.923060,0.091749,1.530872
151,0.301000,0.113055,-0.137606,0.165306,-0.921806,-0.086259,0.770638,-0.111805,0.023714,2.146067,0.923056,-0.027633,1.540735,0.113308,-0.018000,0.155594,-0.921553,0.033347,0.760926,-0.111552,0.143320,2.136355,0.923309,0.091973,1.531022
152,0.303000,0.113118,-0.137711,0.165809,-0.921657,-0.086020,0.771259,-0.111461,0.024281,2.146547,0.923314,-0.027410,1.541097,0.113387,-0.018108,0.156058,-0.921387,0.033583,0.761508,-0.111192,0.143883,2.136796,0.923583,0.092192,1.531346
153,0.305000,0.113221,-0.137786,0.166456,-0.921476,-0.085824,0.772016,-0.111103,0.024810,2.147174,0.923593,-0.027153,1.541613,0.113500,-0.018186,0.156670,-0.921197,0.033776,0.762230,-0.110825,0.144410,2.137387,0.923872,0.092447,1.531827
154,0.307000,0.113337,-0.137847,0.167244,-0.921287,-0.085631,0.772906,-0.110750,0.025333,2.147940,0.923874,-0.026883,1.542277,0.113624,-0.018249,0.157423,-0.921000,0.033966,0.763086,-0.110463,0.144930,2.138119,0.924161,0.092714,1.532457
155,0.309000,0.113432,-0.137908,0.168160,-0.921121,-0.085367,0.773915,-0.110424,0.025925,2.148828,0.924129,-0.026617,1.543072,0.113734,-0.018314,0.158301,-0.920819,0.034227,0.764057,-0.110123,0.145519,2.138970,0.924430,0.092977,1.533214
156,0.311000,0.113505,-0.137932,0.169156,-0.920987,-0.085105,0.774991,-0.110154,0.026449,2.149801,0.924339,-0.026378,1.543967,0.113820,-0.018341,0.159266,-0.920672,0.034486,0.765101,-0.109838,0.146041,2.139912,0.924654,0.093214,1.534077
157,0.313000,0.113553,-0.137950,0.170217,-0.920895,-0.084868,0.776103,-0.109964,0.026948,2.150835,0.924485,-0.026134,1.544949,0.113880,-0.018361,0.160297,-0.920569,0.034720,0.766184,-0.109638,0.146536,2.140916,0.924811,0.093455,1.535029
158,0.315000,0.113596,-0.137985,0.171344,-0.920832,-0.084613,0.777240,-0.109856,0.027517,2.151919,0.924572,-0.025855,1.546024,0.113935,-0.018399,0.161389,-0.920493,0.034973,0.767285,-0.109517,0.147103,2.141965,0.924912,0.093731,1.536069
159,0.317000,0.113641,-0.137978,0.172519,-0.920788,-0.084353,0.778391,-0.109814,0.028052,2.153050,0.924615,-0.025573,1.547178,0.113992,-0.018395,0.162534,-0.920437,0.035230,0.768406,-0.109463,0.147636,2.143065,0.924966,0.094010,1.537193
160,0.319000,0.113694,-0.137962,0.173746,-0.920750,-0.084092,0.779572,-0.109810,0.028580,2.154229,0.924634,-0.025289,1.548403,0.114056,-0.018381,0.163731,-0.920388,0.035489,0.769557,-0.109448,0.148161,2.144214,0.924996,0.094292,1.538388
161,0.321000,0.113753,-0.137957,0.175025,-0.920714,-0.083820,0.780786,-0.109828,0.029159,2.155450,0.924639,-0.024978,1.549688,0.114127,-0.018379,0.164977,-0.920340,0.035758,0.770738,-0.109454,0.148737,2.145402,0.925013,0.094600,1.539640
162,0.323000,0.113833,-0.137902,0.176325,-0.920667,-0.083562,0.782013,-0.109855,0.029685,2.156699,0.924644,-0.024655,1.551011,0.114215,-0.018326,0.166250,-0.920285,0.036013,0.771937,-0.109474,0.149260,2.146623,0.925026,0.094921,1.540935
163,0.325000,0.113937,-0.137825,0.177629,-0.920600,-0.083299,0.783236,-0.109875,0.030187,2.157953,0.924662,-0.024338,1.552346,0.114326,-0.018251,0.167529,-0.920211,0.036274,0.773136,-0.109486,0.149760,2.147852,0.925051,0.095235,1.542245
164,0.327000,0.114038,-0.137758,0.178929,-0.920533,-0.083035,0.784460,-0.109886,0.030701,2.159202,0.924686,-0.024023,1.553671,0.114436,-0.018187,0.168802,-0.920136,0.036536,0.774333,-0.109488,0.150272,2.149075,0.925083,0.095549,1.543544
165,0.329000,0.114140,-0.137696,0.180218,-0.920463,-0.082786,0.785678,-0.109888,0.031207,2.160441,0.924715,-0.023703,1.554982,0.114545,-0.018127,0.170065,-0.920058,0.036784,0.775525,-0.109483,0.150776,2.150288,0.925120,0.095866,1.544829
166,0.331000,0.114228,-0.137615,0.181488,-0.920397,-0.082542,0.786896,-0.109872,0.031685,2.161669,0.924753,-0.023388,1.556261,0.114638,-0.018048,0.171312,-0.919987,0.037025,0.776719,-0.109462,0.151252,2.151493,0.925163,0.096179,1.546085
167,0.333000,0.114326,-0.137523,0.182743,-0.920316,-0.082287,0.788107,-0.109831,0.032157,2.162885,0.924811,-0.023079,1.557522,0.114742,-0.017958,0.172545,-0.919900,0.037278,0.777908,-0.109415,0.151722,2.152687,0.925227,0.096486,1.547323
168,0.335000,0.114430,-0.137446,0.183988,-0.920222,-0.082012,0.789317,-0.109760,0.032663,2.164090,0.924892,-0.022771,1.558761,0.114854,-0.017883,0.173765,-0.919798,0.037551,0.779093,-0.109335,0.152226,2.153866,0.925317,0.096792,1.548538
169,0.337000,0.114544,-0.137364,0.185217,-0.920118,-0.081740,0.790511,-0.109680,0.033158,2.165279,0.924982,-0.022466,1.559986,0.114977,-0.017803,0.174970,-0.919686,0.037821,0.780263,-0.109248,0.152719,2.155032,0.925414,0.097095,1.549738
170,0.339000,0.114677,-0.137281,0.186424,-0.920007,-0.081475,0.791665,-0.109618,0.033645,2.166444,0.925066,-0.022160,1.561204,0.115117,-0.017722,0.176153,-0.919566,0.038084,0.781393,-0.109178,0.153204,2.156173,0.925506,0.097399,1.550932
171,0.341000,0.114826,-0.137208,0.187603,-0.919891,-0.081209,0.792767,-0.109580,0.034147,2.167572,0.925137,-0.021852,1.562408,0.115275,-0.017651,0.177307,-0.919443,0.038348,0.782471,-0.109132,0.153704,2.157276,0.925586,0.097705,1.552112
172,0.343000,0.114979,-0.137139,0.188752,-0.919779,-0.080941,0.793829,-0.109561,0.034660,2.168668,0.925197,-0.021538,1.563591,0.115436,-0.017585,0.178430,-0.919322,0.038614,0.783507,-0.109103,0.154214,2.158346,0.925654,0.098016,1.553269
173,0.345000,0.115134,-0.137066,0.189879,-0.919671,-0.080673,0.794858,-0.109560,0.035169,2.169739,0.925245,-0.021223,1.564761,0.115599,-0.017514,0.179531,-0.919205,0.038879,0.784510,-0.109094,0.154721,2.159392,0.925711,0.098329,1.554413
174,0.347000,0.115295,-0.136991,0.190991,-0.919563,-0.080407,0.795860,-0.109574,0.035673,2.170794,0.925284,-0.020911,1.565925,0.115769,-0.017441,0.180618,-0.919089,0.039143,0.785487,-0.109100,0.155223,2.160422,0.925758,0.098639,1.555552
175,0.349000,0.115465,-0.136919,0.192087,-0.919452,-0.080142,0.796838,-0.109597,0.036178,2.171831,0.925320,-0.020598,1.567080,0.115947,-0.017371,0.181689,-0.918969,0.039405,0.786440,-0.109115,0.155726,2.161433,0.925802,0.098949,1.556682
176,0.351000,0.115634,-0.136844,0.193164,-0.919345,-0.079880,0.797789,-0.109634,0.036686,2.172846,0.925346,-0.020279,1.568220,0.116125,-0.017299,0.182741,-0.918855,0.039665,0.787366,-0.109143,0.156231,2.162423,0.925836,0.099267,1.557797
177,0.353000,0.115794,-0.136764,0.194228,-0.919251,-0.079617,0.798725,-0.109689,0.037194,2.173848,0.925356,-0.019953,1.569351,0.116292,-0.017220,0.183780,-0.918753,0.039926,0.788277,-0.109190,0.156737,2.163400,0.925854,0.099591,1.558903
178,0.355000,0.115942,-0.136678,0.195283,-0.919167,-0.079350,0.799652,-0.109753,0.037702,2.174842,0.925356,-0.019626,1.570473,0.116448,-0.017137,0.184810,-0.918661,0.040191,0.789179,-0.109247,0.157243,2.164369,0.925862,0.099915,1.560000
179,0.357000,0.116077,-0.136590,0.196331,-0.919091,-0.079079,0.800582,-0.109810,0.038211,2.175831,0.925358,-0.019300,1.571579,0.116591,-0.017051,0.185833,-0.918577,0.040460,0.790085,-0.109296,0.157750,2.165333,0.925871,0.100239,1.561082
180,0.359000,0.116202,-0.136495,0.197368,-0.919016,-0.078804,0.801517,-0.109848,0.038721,2.176812,0.925369,-0.018970,1.572663,0.116723,-0.016959,0.186846,-0.918494,0.040733,0.790996,-0.109327,0.158258,2.166291,0.925890,0.100567,1.562141
181,0.361000,0.116314,-0.136392,0.198388,-0.918942,-0.078515,0.802453,-0.109865,0.039236,2.177781,0.925391,-0.018640,1.573716,0.116843,-0.016857,0.187842,-0.918413,0.041019,0.791907,-0.109336,0.158771,2.167236,0.925921,0.100894,1.563171
182,0.363000,0.116414,-0.136280,0.199390,-0.918873,-0.078226,0.803386,-0.109865,0.039752,2.178736,0.925422,-0.018301,1.574740,0.116950,-0.016748,0.188821,-0.918336,0.041306,0.792817,-0.109328,0.159285,2.168167,0.925958,0.101231,1.564170
183,0.365000,0.116503,-0.136162,0.200370,-0.918807,-0.077928,0.804308,-0.109853,0.040272,2.179671,0.925457,-0.017962,1.575732,0.117047,-0.016631,0.189777,-0.918263,0.041603,0.793716,-0.109309,0.159803,2.169078,0.926001,0.101569,1.565140
184,0.367000,0.116588,-0.136040,0.201319,-0.918743,-0.077626,0.805205,-0.109836,0.040793,2.180577,0.925494,-0.017621,1.576691,0.117140,-0.016511,0.190703,-0.918191,0.041903,0.794589,-0.109285,0.160321,2.169961,0.926046,0.101907,1.566075
185,0.369000,0.116678,-0.135915,0.202231,-0.918674,-0.077319,0.806061,-0.109819,0.041313,2.181445,0.925533,-0.017283,1.577614,0.117238,-0.016389,0.191592,-0.918114,0.042208,0.795422,-0.109259,0.160840,2.170806,0.926093,0.102243,1.566975
186,0.371000,0.116781,-0.135789,0.203103,-0.918598,-0.077009,0.806869,-0.109805,0.041835,2.182271,0.925574,-0.016945,1.578504,0.117350,-0.016265,0.192441,-0.918030,0.042515,0.796207,-0.109237,0.161359,2.171609,0.926143,0.102579,1.567842
187,0.373000,0.116898,-0.135662,0.203937,-0.918512,-0.076698,0.807632,-0.109792,0.042359,2.183058,0.925619,-0.016606,1.579363,0.117475,-0.016140,0.193252,-0.917936,0.042824,0.796947,-0.109215,0.161881,2.172373,0.926196,0.102916,1.568678
188,0.375000,0.117028,-0.135533,0.204731,-0.918418,-0.076390,0.808350,-0.109777,0.042881,2.183804,0.925669,-0.016263,1.580186,0.117612,-0.016013,0.194024,-0.917833,0.043130,0.797642,-0.109192,0.162401,2.173096,0.926253,0.103257,1.569478
189,0.377000,0.117168,-0.135403,0.205486,-0.918313,-0.076080,0.809025,-0.109755,0.043402,2.184509,0.925726,-0.015921,1.580970,0.117761,-0.015885,0.194755,-0.917720,0.043438,0.798294,-0.109162,0.162919,2.173779,0.926319,0.103597,1.570240
190,0.379000,0.117319,-0.135274,0.206198,-0.918199,-0.075772,0.809657,-0.109724,0.043922,2.185172,0.925793,-0.015580,1.581713,0.117920,-0.015758,0.195444,-0.917598,0.043744,0.798904,-0.109123,0.163438,2.174419,0.926394,0.103936,1.570960
191,0.381000,0.117474,-0.135147,0.206864,-0.918078,-0.075468,0.810245,-0.109685,0.044441,2.185789,0.925868,-0.015238,1.582408,0.118083,-0.015633,0.196088,-0.917470,0.044046,0.799469,-0.109076,0.163954,2.175013,0.926477,0.104276,1.571632
192,0.383000,0.117637,-0.135021,0.207479,-0.917952,-0.075167,0.810782,-0.109641,0.044957,2.186356,0.925948,-0.014897,1.583053,0.118253,-0.015509,0.196680,-0.917335,0.044344,0.799983,-0.109024,0.164468,2.175557,0.926564,0.104615,1.572254
193,0.385000,0.117814,-0.134896,0.208047,-0.917814,-0.074868,0.811264,-0.109594,0.045471,2.186873,0.926034,-0.014558,1.583656,0.118438,-0.015387,0.197225,-0.917190,0.044641,0.800443,-0.108970,0.164980,2.176052,0.926658,0.104952,1.572834
194,0.387000,0.118003,-0.134773,0.208574,-0.917667,-0.074571,0.811702,-0.109543,0.045982,2.187349,0.926126,-0.014220,1.584220,0.118635,-0.015266,0.197730,-0.917035,0.044936,0.800858,-0.108912,0.165489,2.176505,0.926758,0.105288,1.573376
195,0.389000,0.118201,-0.134650,0.209074,-0.917513,-0.074276,0.812109,-0.109491,0.046492,2.187796,0.926223,-0.013882,1.584761,0.118840,-0.015145,0.198207,-0.916874,0.045229,0.801242,-0.108852,0.165998,2.176930,0.926862,0.105623,1.573895
196,0.391000,0.118408,-0.134528,0.209551,-0.917353,-0.073979,0.812488,-0.109440,0.047003,2.188220,0.926321,-0.013547,1.585284,0.119055,-0.015025,0.198662,-0.916706,0.045525,0.801599,-0.108793,0.166506,2.177331,0.926968,0.105956,1.574394
197,0.393000,0.118619,-0.134407,0.210004,-0.917191,-0.073677,0.812839,-0.109390,0.047515,2.188619,0.926420,-0.013215,1.585784,0.119275,-0.014906,0.199093,-0.916535,0.045824,0.801927,-0.108734,0.167016,2.177707,0.927076,0.106286,1.574872
198,0.395000,0.118837,-0.134286,0.210429,-0.917023,-0.073372,0.813159,-0.109338,0.048029,2.188989,0.926522,-0.012885,1.586259,0.119502,-0.014787,0.199495,-0.916358,0.046127,0.802225,-0.108673,0.167528,2.178054,0.927187,0.106614,1.575324
199,0.397000,0.119058,-0.134164,0.210822,-0.916854,-0.073067,0.813445,-0.109287,0.048542,2.189325,0.926624,-0.012555,1.586702,0.119731,-0.014668,0.199864,-0.916180,0.046430,0.802488,-0.108613,0.168039,2.178368,0.927298,0.106942,1.575745
200,0.399000,0.119283,-0.134042,0.211180,-0.916684,-0.072764,0.813690,-0.109244,0.049052,2.189627,0.926722,-0.012225,1.587117,0.119965,-0.014547,0.200200,-0.916001,0.046731,0.802711,-0.108562,0.168547,2.178647,0.927405,0.107269,1.576137
201,0.401000,0.119511,-0.133919,0.211505,-0.916514,-0.072463,0.813896,-0.109210,0.049560,2.189894,0.926816,-0.011896,1.587503,0.120202,-0.014426,0.200503,-0.915823,0.047030,0.802894,-0.108519,0.169053,2.178892,0.927507,0.107597,1.576501
202,0.403000,0.119743,-0.133796,0.211799,-0.916345,-0.072163,0.814064,-0.109186,0.050068,2.190128,0.926903,-0.011565,1.587864,0.120443,-0.014305,0.200775,-0.915645,0.047328,0.803040,-0.108486,0.169558,2.179104,0.927602,0.107926,1.576839
203,0.405000,0.119979,-0.133672,0.212062,-0.916174,-0.071865,0.814197,-0.109165,0.050576,2.190331,0.926988,-0.011232,1.588196,0.120687,-0.014184,0.201016,-0.915466,0.047623,0.803150,-0.108457,0.170064,2.179284,0.927696,0.108257,1.577149
204,0.407000,0.120217,-0.133549,0.212290,-0.916003,-0.071568,0.814293,-0.109145,0.051084,2.190497,0.927074,-0.010897,1.588494,0.120933,-0.014063,0.201221,-0.915286,0.047918,0.803224,-0.108429,0.170570,2.179428,0.927790,0.108590,1.577425
205,0.409000,0.120451,-0.133426,0.212479,-0.915834,-0.071272,0.814351,-0.109127,0.051593,2.190625,0.927158,-0.010561,1.588752,0.121176,-0.013942,0.201387,-0.915109,0.048212,0.803260,-0.108402,0.171077,2.179533,0.927883,0.108923,1.577660
206,0.411000,0.120679,-0.133303,0.212626,-0.915669,-0.070976,0.814373,-0.109107,0.052101,2.190712,0.927241,-0.010226,1.588966,0.121412,-0.013821,0.201512,-0.914936,0.048506,0.803259,-0.108375,0.171583,2.179598,0.927973,0.109256,1.577852
207,0.413000,0.120902,-0.133181,0.212733,-0.915507,-0.070680,0.814356,-0.109086,0.052610,2.190759,0.927323,-0.009891,1.589136,0.121643,-0.013701,0.201597,-0.914766,0.048800,0.803220,-0.108345,0.172090,2.179623,0.928063,0.109589,1.578000
208,0.415000,0.121122,-0.133057,0.212801,-0.915347,-0.070383,0.814303,-0.109064,0.053119,2.190768,0.927404,-0.009556,1.589266,0.121871,-0.013580,0.201642,-0.914598,0.049095,0.803144,-0.108315,0.172596,2.179609,0.928153,0.109922,1.578107
209,0.417000,0.121341,-0.132934,0.212831,-0.915188,-0.070085,0.814213,-0.109042,0.053628,2.190739,0.927486,-0.009221,1.589358,0.122098,-0.013458,0.201650,-0.914430,0.049391,0.803032,-0.108285,0.173104,2.179558,0.928243,0.110255,1.578177
210,0.419000,0.121561,-0.132811,0.212825,-0.915028,-0.069786,0.814084,-0.109021,0.054139,2.190673,0.927567,-0.008885,1.589413,0.122326,-0.013337,0.201621,-0.914262,0.049688,0.802880,-0.108255,0.173613,2.179469,0.928333,0.110588,1.578210
211,0.421000,0.121783,-0.132688,0.212779,-0.914866,-0.069486,0.813914,-0.109001,0.054651,2.190566,0.927648,-0.008550,1.589431,0.122557,-0.013217,0.201553,-0.914092,0.049985,0.802688,-0.108227,0.174122,2.179340,0.928422,0.110921,1.578205
212,0.423000,0.122009,-0.132565,0.212692,-0.914704,-0.069187,0.813701,-0.108983,0.055163,2.190418,0.927729,-0.008215,1.589410,0.122791,-0.013096,0.201443,-0.913921,0.050282,0.802452,-0.108200,0.174632,2.179170,0.928512,0.111254,1.578161
213,0.425000,0.122234,-0.132442,0.212564,-0.914540,-0.068888,0.813446,-0.108964,0.055674,2.190229,0.927810,-0.007881,1.589347,0.123025,-0.012976,0.201292,-0.913750,0.050579,0.802175,-0.108174,0.175140,2.178958,0.928601,0.111586,1.578076
214,0.427000,0.122461,-0.132320,0.212395,-0.914376,-0.068589,0.813150,-0.108945,0.056185,2.189998,0.927892,-0.007546,1.589243,0.123260,-0.012855,0.201101,-0.913577,0.050875,0.801856,-0.108146,0.175649,2.178705,0.928691,0.111919,1.577949
215,0.429000,0.122689,-0.132197,0.212184,-0.914211,-0.068291,0.812813,-0.108924,0.056695,2.189727,0.927976,-0.007210,1.589098,0.123497,-0.012734,0.200868,-0.913403,0.051172,0.801497,-0.108116,0.176158,2.178410,0.928783,0.112252,1.577781
216,0.431000,0.122918,-0.132074,0.211929,-0.914043,-0.067993,0.812434,-0.108897,0.057206,2.189411,0.928064,-0.006875,1.588906,0.123734,-0.012614,0.200591,-0.913227,0.051467,0.801096,-0.108081,0.176666,2.178073,0.928880,0.112585,1.577568
217,0.433000,0.123148,-0.131952,0.211627,-0.913871,-0.067696,0.812013,-0.108860,0.057716,2.189049,0.928159,-0.006540,1.588664,0.123972,-0.012493,0.200266,-0.913047,0.051762,0.800652,-0.108036,0.177174,2.177688,0.928983,0.112918,1.577302
218,0.435000,0.123379,-0.131830,0.211277,-0.913695,-0.067399,0.811548,-0.108812,0.058225,2.188640,0.928262,-0.006206,1.588368,0.124212,-0.012374,0.199893,-0.912862,0.052057,0.800164,-0.107980,0.177681,2.177256,0.929094,0.113250,1.576985
219,0.437000,0.123612,-0.131710,0.210879,-0.913514,-0.067102,0.811041,-0.108752,0.058735,2.188184,0.928374,-0.005872,1.588022,0.124453,-0.012256,0.199472,-0.912673,0.052351,0.799635,-0.107912,0.178189,2.176778,0.929215,0.113582,1.576615
220,0.439000,0.123843,-0.131590,0.210435,-0.913331,-0.066806,0.810497,-0.108679,0.059245,2.187685,0.928495,-0.005539,1.587624,0.124692,-0.012138,0.199006,-0.912482,0.052646,0.799067,-0.107830,0.178697,2.176256,0.929343,0.113913,1.576194
221,0.441000,0.124070,-0.131470,0.209946,-0.913147,-0.066510,0.809914,-0.108595,0.059754,2.187141,0.928621,-0.005206,1.587173,0.124927,-0.012021,0.198494,-0.912290,0.052939,0.798462,-0.107739,0.179204,2.175689,0.929478,0.114243,1.575721
222,0.443000,0.124292,-0.131352,0.209409,-0.912965,-0.066214,0.809290,-0.108506,0.060263,2.186551,0.928751,-0.004875,1.586671,0.125157,-0.011905,0.197935,-0.912100,0.053233,0.797815,-0.107641,0.179710,2.175077,0.929616,0.114572,1.575197
223,0.445000,0.124508,-0.131235,0.208826,-0.912785,-0.065919,0.808623,-0.108412,0.060771,2.185915,0.928881,-0.004544,1.586118,0.125381,-0.011790,0.197329,-0.911912,0.053525,0.797126,-0.107539,0.180216,2.174418,0.929755,0.114900,1.574621
224,0.447000,0.124718,-0.131120,0.208198,-0.912609,-0.065625,0.807917,-0.108314,0.061279,2.185236,0.929013,-0.004216,1.585516,0.125599,-0.011677,0.196678,-0.911727,0.053818,0.796398,-0.107432,0.180721,2.173716,0.929894,0.115227,1.573996
225,0.449000,0.124896,-0.131032,0.207659,-0.912451,-0.065332,0.807322,-0.108204,0.061808,2.184646,0.929143,-0.003892,1.584983,0.125786,-0.011592,0.196113,-0.911561,0.054108,0.795776,-0.107313,0.181248,2.173100,0.930033,0.115548,1.573438
226,0.451000,0.125055,-0.130956,0.207174,-0.912304,-0.065041,0.806791,-0.108088,0.062344,2.184111,0.929271,-0.003571,1.584494,0.125955,-0.011519,0.195602,-0.911404,0.054396,0.795219,-0.107188,0.181781,2.172539,0.930171,0.115866,1.572922
227,0.453000,0.125206,-0.130885,0.206701,-0.912162,-0.064755,0.806279,-0.107969,0.062880,2.183589,0.929400,-0.003250,1.584011,0.126116,-0.011450,0.195102,-0.911252,0.054679,0.794680,-0.107059,0.182314,2.171990,0.930309,0.116185,1.572412
228,0.455000,0.125345,-0.130822,0.206227,-0.912028,-0.064477,0.805774,-0.107845,0.063416,2.183066,0.929527,-0.002929,1.583519,0.126263,-0.011390,0.194600,-0.911109,0.054955,0.794147,-0.106927,0.182848,2.171439,0.930446,0.116503,1.571892
229,0.457000,0.125474,-0.130764,0.205747,-0.911898,-0.064205,0.805271,-0.107717,0.063950,2.182540,0.929656,-0.002610,1.583016,0.126402,-0.011335,0.194093,-0.910970,0.055224,0.793616,-0.106789,0.183379,2.170885,0.930583,0.116820,1.571361
230,0.459000,0.125606,-0.130707,0.205253,-0.911766,-0.063939,0.804754,-0.107585,0.064475,2.181999,0.929787,-0.002293,1.582497,0.126542,-0.011281,0.193571,-0.910830,0.055487,0.793073,-0.106649,0.183901,2.170317,0.930723,0.117133,1.570816
231,0.461000,0.125735,-0.130651,0.204733,-0.911633,-0.063681,0.804217,-0.107447,0.064991,2.181435,0.929922,-0.001979,1.581950,0.126679,-0.011228,0.193024,-0.910690,0.055743,0.792509,-0.106503,0.184415,2.169726,0.930865,0.117445,1.570241
232,0.463000,0.125861,-0.130600,0.204187,-0.911501,-0.063430,0.803659,-0.107303,0.065503,2.180845,0.930060,-0.001667,1.581373,0.126812,-0.011179,0.192451,-0.910550,0.055991,0.791923,-0.106352,0.184924,2.169109,0.931010,0.117754,1.569637
233,0.465000,0.125981,-0.130553,0.203618,-0.911377,-0.063159,0.803074,-0.107169,0.066024,2.180231,0.930189,-0.001371,1.580775,0.126941,-0.011135,0.191855,-0.910416,0.056260,0.791311,-0.106208,0.185442,2.168468,0.931149,0.118047,1.569012
234,0.467000,0.126087,-0.130500,0.203030,-0.911262,-0.062876,0.802474,-0.107038,0.066569,2.179596,0.930312,-0.001055,1.580152,0.127058,-0.011085,0.191238,-0.910292,0.056539,0.790682,-0.106067,0.185984,2.167805,0.931282,0.118361,1.568361
235,0.469000,0.126192,-0.130449,0.202431,-0.911151,-0.062610,0.801862,-0.106914,0.067124,2.178950,0.930429,-0.000714,1.579519,0.127171,-0.011036,0.190610,-0.910173,0.056802,0.790041,-0.105936,0.186536,2.167129,0.931407,0.118698,1.567698
236,0.471000,0.126294,-0.130388,0.201830,-0.911043,-0.062321,0.801245,-0.106794,0.067681,2.178301,0.930543,-0.000386,1.578886,0.127282,-0.010978,0.189980,-0.910055,0.057089,0.789395,-0.105806,0.187090,2.166451,0.931531,0.119023,1.567036
237,0.473000,0.126381,-0.130339,0.201245,-0.910943,-0.062044,0.800658,-0.106665,0.068249,2.177669,0.930659,-0.000046,1.578256,0.127377,-0.010933,0.189364,-0.909946,0.057362,0.788777,-0.105668,0.187656,2.165789,0.931655,0.119361,1.566376
238,0.475000,0.126458,-0.130310,0.200675,-0.910849,-0.061767,0.800089,-0.106534,0.068859,2.177047,0.930773,0.000316,1.577633,0.127463,-0.010907,0.188760,-0.909843,0.057635,0.788174,-0.105529,0.188262,2.165132,0.931778,0.119719,1.565719
239,0.477000,0.126525,-0.130283,0.200120,-0.910763,-0.061478,0.799536,-0.106407,0.069464,2.176441,0.930881,0.000660,1.577024,0.127541,-0.010883,0.188172,-0.909747,0.057921,0.787588,-0.105391,0.188863,2.164493,0.931897,0.120059,1.565076
240,0.479000,0.126571,-0.130262,0.199627,-0.910688,-0.061193,0.799062,-0.106269,0.070094,2.175897,0.930990,0.001025,1.576462,0.127596,-0.010866,0.187644,-0.909663,0.058202,0.787079,-0.105244,0.189490,2.163914,0.932015,0.120421,1.564478
241,0.481000,0.126602,-0.130264,0.199180,-0.910624,-0.060888,0.798637,-0.106132,0.070766,2.175394,0.931094,0.001390,1.575937,0.127639,-0.010872,0.187157,-0.909587,0.058504,0.786614,-0.105095,0.190158,2.163371,0.932131,0.120781,1.563914
242,0.483000,0.126633,-0.130276,0.198756,-0.910562,-0.060587,0.798232,-0.106000,0.071450,2.174911,0.931195,0.001761,1.575435,0.127682,-0.010888,0.186692,-0.909513,0.058801,0.786168,-0.104950,0.190837,2.162847,0.932244,0.121148,1.563372
243,0.485000,0.126663,-0.130281,0.198343,-0.910499,-0.060280,0.797838,-0.105867,0.072125,2.174441,0.931296,0.002124,1.574946,0.127725,-0.010897,0.186240,-0.909438,0.059104,0.785735,-0.104805,0.191509,2.162338,0.932357,0.121507,1.562843
244,0.487000,0.126683,-0.130297,0.197943,-0.910437,-0.059980,0.797474,-0.105711,0.072808,2.173985,0.931409,0.002491,1.574455,0.127757,-0.010918,0.185799,-0.909363,0.059400,0.785330,-0.104637,0.192187,2.161841,0.932483,0.121870,1.562311
245,0.489000,0.126695,-0.130324,0.197560,-0.910376,-0.059690,0.797139,-0.105540,0.073506,2.173546,0.931531,0.002871,1.573968,0.127780,-0.010950,0.185374,-0.909291,0.059685,0.784952,-0.104455,0.192881,2.161360,0.932616,0.122246,1.561781
246,0.491000,0.126703,-0.130343,0.197196,-0.910316,-0.059380,0.796826,-0.105362,0.074206,2.173128,0.931656,0.003243,1.573497,0.127801,-0.010973,0.184968,-0.909218,0.059991,0.784598,-0.104265,0.193577,2.160899,0.932754,0.122613,1.561269
247,0.493000,0.126703,-0.130369,0.196852,-0.910258,-0.059071,0.796541,-0.105178,0.074905,2.172730,0.931784,0.003606,1.573040,0.127814,-0.011003,0.184581,-0.909147,0.060295,0.784270,-0.104067,0.194270,2.160459,0.932895,0.122972,1.560770
248,0.495000,0.126695,-0.130387,0.196527,-0.910204,-0.058776,0.796287,-0.104983,0.075600,2.172355,0.931916,0.003989,1.572595,0.127817,-0.011026,0.184215,-0.909082,0.060586,0.783975,-0.103861,0.194961,2.160043,0.933038,0.123350,1.560283
249,0.497000,0.126683,-0.130423,0.196225,-0.910151,-0.058473,0.796056,-0.104785,0.076317,2.171998,0.932050,0.004366,1.572167,0.127818,-0.011066,0.183868,-0.909017,0.060884,0.783700,-0.103650,0.195673,2.159642,0.933184,0.123723,1.559811
250,0.499000,0.126670,-0.130461,0.195943,-0.910098,-0.058177,0.795849,-0.104582,0.077034,2.171663,0.932186,0.004750,1.571756,0.127816,-0.011109,0.183542,-0.908952,0.061175,0.783449,-0.103436,0.196386,2.159262,0.933331,0.124102,1.559356
251,0.501000,0.126651,-0.130499,0.195682,-0.910046,-0.057867,0.795668,-0.104373,0.077757,2.171348,0.932324,0.005125,1.571362,0.127810,-0.011152,0.183237,-0.908887,0.061480,0.783223,-0.103214,0.197104,2.158903,0.933484,0.124472,1.558918
252,0.503000,0.126628,-0.130536,0.195446,-0.909997,-0.057562,0.795516,-0.104160,0.078485,2.171059,0.932465,0.005510,1.570989,0.127799,-0.011193,0.182956,-0.908825,0.061781,0.783026,-0.102989,0.197827,2.158570,0.933636,0.124853,1.558500
253,0.505000,0.126594,-0.130578,0.195236,-0.909953,-0.057251,0.795398,-0.103941,0.079229,2.170796,0.932606,0.005901,1.570634,0.127778,-0.011241,0.182701,-0.908769,0.062087,0.782863,-0.102757,0.198566,2.158260,0.933790,0.125239,1.558098
254,0.507000,0.126557,-0.130620,0.195051,-0.909911,-0.056929,0.795304,-0.103723,0.079979,2.170556,0.932745,0.006289,1.570302,0.127754,-0.011287,0.182469,-0.908713,0.062403,0.782722,-0.102525,0.199312,2.157974,0.933943,0.125622,1.557721
255,0.509000,0.126520,-0.130658,0.194889,-0.909869,-0.056608,0.795233,-0.103506,0.080732,2.170339,0.932883,0.006682,1.569995,0.127731,-0.011330,0.182261,-0.908658,0.062720,0.782605,-0.102295,0.200059,2.157711,0.934094,0.126009,1.557367
256,0.511000,0.126484,-0.130695,0.194752,-0.909830,-0.056287,0.795184,-0.103295,0.081488,2.170145,0.933018,0.007080,1.569713,0.127708,-0.011373,0.182077,-0.908606,0.063036,0.782509,-0.102071,0.200811,2.157471,0.934242,0.126402,1.557039
257,0.513000,0.126450,-0.130730,0.194639,-0.909790,-0.055964,0.795153,-0.103091,0.082248,2.169974,0.933149,0.007482,1.569460,0.127687,-0.011413,0.181918,-0.908553,0.063354,0.782432,-0.101854,0.201566,2.157254,0.934386,0.126799,1.556739
258,0.515000,0.126419,-0.130765,0.194548,-0.909750,-0.055635,0.795139,-0.102894,0.083014,2.169824,0.933275,0.007884,1.569234,0.127670,-0.011453,0.181781,-0.908499,0.063678,0.782371,-0.101643,0.202327,2.157056,0.934526,0.127196,1.556466
259,0.517000,0.126391,-0.130796,0.194479,-0.909710,-0.055305,0.795142,-0.102702,0.083781,2.169694,0.933399,0.008290,1.569031,0.127654,-0.011488,0.181664,-0.908446,0.064003,0.782327,-0.101438,0.203088,2.156879,0.934663,0.127597,1.556216
260,0.519000,0.126362,-0.130824,0.194428,-0.909671,-0.054969,0.795161,-0.102513,0.084552,2.169581,0.933520,0.008697,1.568848,0.127640,-0.011522,0.181567,-0.908394,0.064333,0.782301,-0.101236,0.203854,2.156720,0.934798,0.127999,1.555987
261,0.521000,0.126336,-0.130848,0.194395,-0.909631,-0.054636,0.795197,-0.102326,0.085322,2.169486,0.933642,0.009110,1.568683,0.127627,-0.011551,0.181487,-0.908341,0.064661,0.782290,-0.101035,0.204619,2.156578,0.934932,0.128406,1.555776
262,0.523000,0.126313,-0.130869,0.194377,-0.909589,-0.054300,0.795247,-0.102138,0.086098,2.169405,0.933764,0.009529,1.568535,0.127616,-0.011577,0.181423,-0.908286,0.064991,0.782293,-0.100834,0.205390,2.156451,0.935067,0.128821,1.555581
263,0.525000,0.126292,-0.130887,0.194374,-0.909545,-0.053958,0.795310,-0.101950,0.086875,2.169339,0.933887,0.009946,1.568403,0.127608,-0.011601,0.181373,-0.908228,0.065328,0.782309,-0.100633,0.206161,2.156338,0.935204,0.129232,1.555402
264,0.527000,0.126272,-0.130903,0.194385,-0.909500,-0.053614,0.795386,-0.101760,0.087654,2.169286,0.934012,0.010365,1.568284,0.127602,-0.011621,0.181338,-0.908170,0.065667,0.782340,-0.100430,0.206935,2.156239,0.935342,0.129647,1.555238
265,0.529000,0.126253,-0.130916,0.194410,-0.909453,-0.053265,0.795477,-0.101569,0.088437,2.169247,0.934138,0.010787,1.568179,0.127597,-0.011640,0.181316,-0.908110,0.066011,0.782384,-0.100225,0.207713,2.156154,0.935482,0.130063,1.555086
266,0.531000,0.126236,-0.130923,0.194448,-0.909405,-0.052917,0.795581,-0.101376,0.089220,2.169221,0.934266,0.011214,1.568087,0.127593,-0.011652,0.181308,-0.908048,0.066354,0.782442,-0.100019,0.208491,2.156081,0.935622,0.130485,1.554948
267,0.533000,0.126220,-0.130930,0.194499,-0.909356,-0.052561,0.795698,-0.101183,0.090012,2.169207,0.934394,0.011643,1.568009,0.127591,-0.011665,0.181313,-0.907986,0.066705,0.782511,-0.099812,0.209277,2.156021,0.935764,0.130908,1.554823
268,0.535000,0.126208,-0.130933,0.194562,-0.909305,-0.052203,0.795823,-0.100990,0.090803,2.169205,0.934522,0.012073,1.567943,0.127591,-0.011673,0.181329,-0.907921,0.067057,0.782591,-0.099606,0.210063,2.155972,0.935906,0.131334,1.554711
269,0.537000,0.126197,-0.130932,0.194634,-0.909252,-0.051843,0.795957,-0.100797,0.091596,2.169211,0.934652,0.012506,1.567888,0.127594,-0.011678,0.181355,-0.907855,0.067412,0.782679,-0.099400,0.210851,2.155932,0.936049,0.131761,1.554609
270,0.539000,0.126189,-0.130927,0.194714,-0.909198,-0.051481,0.796098,-0.100605,0.092391,2.169225,0.934782,0.012945,1.567841,0.127599,-0.011678,0.181389,-0.907788,0.067768,0.782773,-0.099194,0.211641,2.155900,0.936192,0.132194,1.554516
271,0.541000,0.126181,-0.130923,0.194801,-0.909143,-0.051114,0.796245,-0.100412,0.093189,2.169246,0.934912,0.013380,1.567802,0.127605,-0.011679,0.181430,-0.907719,0.068130,0.782873,-0.098988,0.212433,2.155874,0.936336,0.132624,1.554431
272,0.543000,0.126176,-0.130911,0.194895,-0.909087,-0.050752,0.796397,-0.100221,0.093984,2.169272,0.935042,0.013825,1.567770,0.127612,-0.011672,0.181477,-0.907650,0.068487,0.782980,-0.098784,0.213223,2.155855,0.936479,0.133064,1.554353
273,0.545000,0.126170,-0.130898,0.194994,-0.909031,-0.050387,0.796555,-0.100028,0.094779,2.169305,0.935173,0.014267,1.567743,0.127620,-0.011665,0.181531,-0.907581,0.068847,0.783092,-0.098578,0.214013,2.155842,0.936623,0.133501,1.554280
274,0.547000,0.126166,-0.130884,0.195099,-0.908974,-0.050019,0.796719,-0.099836,0.095578,2.169343,0.935304,0.014713,1.567723,0.127628,-0.011655,0.181590,-0.907511,0.069210,0.783210,-0.098373,0.214807,2.155834,0.936767,0.133942,1.554214
275,0.549000,0.126161,-0.130867,0.195209,-0.908918,-0.049648,0.796887,-0.099644,0.096382,2.169385,0.935435,0.015163,1.567707,0.127636,-0.011644,0.181654,-0.907442,0.069575,0.783332,-0.098168,0.215605,2.155830,0.936910,0.134386,1.554152
276,0.551000,0.126155,-0.130845,0.195322,-0.908862,-0.049275,0.797058,-0.099452,0.097183,2.169431,0.935565,0.015612,1.567695,0.127644,-0.011628,0.181721,-0.907373,0.069943,0.783457,-0.097964,0.216400,2.155830,0.937053,0.134829,1.554094
277,0.553000,0.126150,-0.130825,0.195439,-0.908806,-0.048899,0.797231,-0.099262,0.097989,2.169479,0.935694,0.016063,1.567686,0.127652,-0.011613,0.181792,-0.907304,0.070313,0.783585,-0.097760,0.217201,2.155832,0.937196,0.135275,1.554039
278,0.555000,0.126145,-0.130801,0.195557,-0.908750,-0.048520,0.797406,-0.099072,0.098797,2.169528,0.935823,0.016517,1.567679,0.127660,-0.011594,0.181864,-0.907235,0.070686,0.783713,-0.097557,0.218004,2.155835,0.937338,0.135723,1.553987
279,0.557000,0.126141,-0.130779,0.195677,-0.908694,-0.048138,0.797579,-0.098885,0.099607,2.169578,0.935951,0.016967,1.567675,0.127670,-0.011577,0.181938,-0.907166,0.071063,0.783841,-0.097356,0.218809,2.155839,0.937479,0.136168,1.553937
280,0.559000,0.126139,-0.130753,0.195798,-0.908637,-0.047757,0.797752,-0.098699,0.100421,2.169628,0.936078,0.017425,1.567673,0.127681,-0.011558,0.182013,-0.907096,0.071439,0.783968,-0.097157,0.219617,2.155843,0.937619,0.136621,1.553889
281,0.561000,0.126137,-0.130727,0.195919,-0.908581,-0.047372,0.797925,-0.098514,0.101237,2.169678,0.936204,0.017882,1.567672,0.127692,-0.011537,0.182088,-0.907026,0.071818,0.784094,-0.096959,0.220428,2.155847,0.937759,0.137072,1.553841
282,0.563000,0.126136,-0.130701,0.196041,-0.908524,-0.046984,0.798096,-0.098330,0.102059,2.169727,0.936330,0.018342,1.567672,0.127705,-0.011516,0.182164,-0.906955,0.072201,0.784219,-0.096761,0.221244,2.155850,0.937898,0.137527,1.553795
283,0.565000,0.126136,-0.130672,0.196162,-0.908467,-0.046596,0.798266,-0.098147,0.102882,2.169775,0.936456,0.018806,1.567671,0.127717,-0.011493,0.182238,-0.906885,0.072583,0.784342,-0.096565,0.222061,2.155851,0.938037,0.137985,1.553747
284,0.567000,0.126135,-0.130643,0.196281,-0.908410,-0.046207,0.798434,-0.097964,0.103707,2.169821,0.936581,0.019271,1.567669,0.127730,-0.011470,0.182311,-0.906815,0.072966,0.784464,-0.096369,0.222880,2.155851,0.938176,0.138444,1.553699
285,0.569000,0.126134,-0.130615,0.196400,-0.908353,-0.045817,0.798600,-0.097781,0.104534,2.169865,0.936706,0.019736,1.567665,0.127743,-0.011447,0.182383,-0.906744,0.073351,0.784584,-0.096172,0.223702,2.155849,0.938315,0.138904,1.553648
286,0.571000,0.126133,-0.130584,0.196516,-0.908296,-0.045425,0.798765,-0.097597,0.105364,2.169907,0.936832,0.020206,1.567658,0.127755,-0.011422,0.182452,-0.906674,0.073737,0.784702,-0.095975,0.224526,2.155843,0.938454,0.139368,1.553594
287,0.573000,0.126132,-0.130553,0.196629,-0.908239,-0.045034,0.798928,-0.097413,0.106196,2.169946,0.936958,0.020677,1.567647,0.127767,-0.011397,0.182519,-0.906604,0.074122,0.784817,-0.095778,0.225353,2.155835,0.938593,0.139834,1.553537
288,0.575000,0.126129,-0.130521,0.196740,-0.908183,-0.044639,0.799088,-0.097228,0.107032,2.169981,0.937084,0.021150,1.567633,0.127778,-0.011371,0.182582,-0.906534,0.074511,0.784930,-0.095580,0.226183,2.155823,0.938732,0.140301,1.553476
289,0.577000,0.126126,-0.130490,0.196847,-0.908126,-0.044243,0.799245,-0.097042,0.107871,2.170012,0.937211,0.021624,1.567615,0.127788,-0.011345,0.182643,-0.906464,0.074902,0.785040,-0.095380,0.227016,2.155807,0.938873,0.140769,1.553410
290,0.579000,0.126123,-0.130458,0.196951,-0.908069,-0.043844,0.799399,-0.096854,0.108713,2.170040,0.937339,0.022099,1.567592,0.127799,-0.011319,0.182699,-0.906394,0.075295,0.785147,-0.095178,0.227852,2.155788,0.939015,0.141238,1.553340
291,0.581000,0.126121,-0.130426,0.197051,-0.908011,-0.043445,0.799550,-0.096664,0.109558,2.170063,0.937468,0.022576,1.567564,0.127810,-0.011294,0.182751,-0.906322,0.075688,0.785250,-0.094975,0.228691,2.155763,0.939157,0.141709,1.553264
292,0.583000,0.126119,-0.130395,0.197147,-0.907953,-0.043043,0.799696,-0.096474,0.110407,2.170081,0.937598,0.023055,1.567532,0.127822,-0.011267,0.182800,-0.906250,0.076084,0.785348,-0.094771,0.229534,2.155733,0.939301,0.142182,1.553185
293,0.585000,0.126118,-0.130363,0.197240,-0.907894,-0.042638,0.799837,-0.096284,0.111259,2.170094,0.937728,0.023534,1.567497,0.127835,-0.011242,0.182844,-0.906177,0.076483,0.785441,-0.094568,0.230380,2.155699,0.939444,0.142655,1.553101
294,0.587000,0.126117,-0.130332,0.197328,-0.907835,-0.042233,0.799974,-0.096095,0.112114,2.170103,0.937857,0.024014,1.567458,0.127848,-0.011217,0.182885,-0.906104,0.076882,0.785530,-0.094364,0.231229,2.155660,0.939588,0.143129,1.553014
295,0.589000,0.126118,-0.130301,0.197414,-0.907775,-0.041826,0.800105,-0.095907,0.112973,2.170108,0.937986,0.024498,1.567416,0.127863,-0.011192,0.182921,-0.906030,0.077283,0.785613,-0.094162,0.232082,2.155616,0.939731,0.143607,1.552924
296,0.591000,0.126120,-0.130271,0.197495,-0.907714,-0.041418,0.800232,-0.095719,0.113835,2.170108,0.938116,0.024982,1.567371,0.127879,-0.011168,0.182954,-0.905955,0.077685,0.785691,-0.093960,0.232938,2.155567,0.939875,0.144085,1.552830
297,0.593000,0.126123,-0.130239,0.197573,-0.907653,-0.041008,0.800355,-0.095530,0.114700,2.170103,0.938246,0.025469,1.567322,0.127896,-0.011142,0.182984,-0.905880,0.078088,0.785765,-0.093758,0.233796,2.155514,0.940018,0.144566,1.552733
298,0.595000,0.126126,-0.130208,0.197648,-0.907591,-0.040599,0.800474,-0.095342,0.115568,2.170095,0.938376,0.025959,1.567269,0.127913,-0.011118,0.183009,-0.905805,0.078491,0.785835,-0.093555,0.234658,2.155456,0.940163,0.145050,1.552630
299,0.597000,0.126129,-0.130178,0.197719,-0.907529,-0.040188,0.800589,-0.095152,0.116440,2.170082,0.938507,0.026450,1.567212,0.127930,-0.011094,0.183031,-0.905729,0.078896,0.785901,-0.093351,0.235524,2.155394,0.940308,0.145534,1.552524
300,0.599000,0.126131,-0.130148,0.197786,-0.907467,-0.039776,0.800701,-0.094961,0.117315,2.170064,0.938638,0.026943,1.567150,0.127946,-0.011070,0.183049,-0.905652,0.079302,0.785964,-0.093146,0.236393,2.155327,0.940453,0.146021,1.552412
301,0.601000,0.126134,-0.130118,0.197851,-0.907405,-0.039362,0.800811,-0.094769,0.118194,2.170043,0.938770,0.027438,1.567083,0.127963,-0.011047,0.183064,-0.905576,0.079709,0.786024,-0.092939,0.237265,2.155256,0.940599,0.146509,1.552296
302,0.603000,0.126136,-0.130089,0.197912,-0.907343,-0.038947,0.800918,-0.094575,0.119077,2.170018,0.938904,0.027935,1.567013,0.127979,-0.011024,0.183075,-0.905499,0.080118,0.786081,-0.092731,0.238142,2.155181,0.940747,0.147000,1.552176
303,0.605000,0.126138,-0.130061,0.197971,-0.907280,-0.038530,0.801022,-0.094379,0.119963,2.169990,0.939038,0.028433,1.566938,0.127995,-0.011002,0.183083,-0.905422,0.080528,0.786135,-0.092521,0.239022,2.155103,0.940896,0.147491,1.552051
304,0.607000,0.126139,-0.130033,0.198027,-0.907216,-0.038112,0.801125,-0.094182,0.120854,2.169958,0.939174,0.028933,1.566860,0.128011,-0.010981,0.183089,-0.905344,0.080940,0.786187,-0.092310,0.239906,2.155021,0.941046,0.147985,1.551922
305,0.609000,0.126141,-0.130006,0.198080,-0.907152,-0.037692,0.801226,-0.093983,0.121748,2.169923,0.939310,0.029435,1.566778,0.128027,-0.010960,0.183092,-0.905266,0.081353,0.786237,-0.092096,0.240794,2.154935,0.941197,0.148480,1.551790
306,0.611000,0.126142,-0.129979,0.198132,-0.907088,-0.037270,0.801324,-0.093782,0.122647,2.169885,0.939447,0.029938,1.566693,0.128043,-0.010940,0.183092,-0.905187,0.081769,0.786284,-0.091881,0.241686,2.154846,0.941348,0.148977,1.551654
307,0.613000,0.126143,-0.129953,0.198181,-0.907023,-0.036846,0.801420,-0.093581,0.123549,2.169844,0.939585,0.030442,1.566605,0.128059,-0.010921,0.183090,-0.905108,0.082186,0.786329,-0.091665,0.242581,2.154754,0.941501,0.149474,1.551514
308,0.615000,0.126145,-0.129928,0.198228,-0.906959,-0.036420,0.801513,-0.093380,0.124456,2.169800,0.939724,0.030948,1.566515,0.128076,-0.010902,0.183085,-0.905028,0.082605,0.786371,-0.091449,0.243481,2.154658,0.941654,0.149974,1.551372
309,0.617000,0.126147,-0.129902,0.198273,-0.906893,-0.035993,0.801605,-0.093178,0.125367,2.169753,0.939862,0.031457,1.566422,0.128092,-0.010884,0.183079,-0.904948,0.083025,0.786411,-0.091232,0.244385,2.154559,0.941808,0.150475,1.551227
310,0.619000,0.126149,-0.129878,0.198316,-0.906828,-0.035564,0.801694,-0.092976,0.126282,2.169703,0.940001,0.031968,1.566326,0.128109,-0.010867,0.183070,-0.904867,0.083447,0.786447,-0.091015,0.245293,2.154457,0.941961,0.150979,1.551080
311,0.621000,0.126151,-0.129854,0.198358,-0.906763,-0.035134,0.801781,-0.092774,0.127201,2.169651,0.940139,0.032481,1.566229,0.128126,-0.010850,0.183060,-0.904787,0.083870,0.786482,-0.090798,0.246205,2.154352,0.942115,0.151485,1.550930
312,0.623000,0.126152,-0.129831,0.198399,-0.906697,-0.034702,0.801866,-0.092571,0.128124,2.169596,0.940278,0.032996,1.566129,0.128143,-0.010834,0.183047,-0.904707,0.084295,0.786514,-0.090581,0.247122,2.154245,0.942269,0.151993,1.550778
313,0.625000,0.126153,-0.129808,0.198438,-0.906632,-0.034269,0.801950,-0.092369,0.129052,2.169539,0.940417,0.033513,1.566027,0.128159,-0.010818,0.183034,-0.904627,0.084721,0.786545,-0.090363,0.248042,2.154135,0.942423,0.152503,1.550623
314,0.627000,0.126153,-0.129786,0.198476,-0.906568,-0.033834,0.802033,-0.092165,0.129984,2.169480,0.940556,0.034032,1.565923,0.128174,-0.010803,0.183018,-0.904547,0.085149,0.786575,-0.090144,0.248967,2.154022,0.942577,0.153015,1.550465
315,0.629000,0.126152,-0.129764,0.198513,-0.906503,-0.033397,0.802115,-0.091960,0.130921,2.169419,0.940696,0.034554,1.565816,0.128189,-0.010789,0.183002,-0.904467,0.085579,0.786604,-0.089924,0.249897,2.153908,0.942732,0.153530,1.550305
316,0.631000,0.126151,-0.129744,0.198549,-0.906439,-0.032959,0.802197,-0.091754,0.131862,2.169356,0.940836,0.035077,1.565707,0.128203,-0.010775,0.182984,-0.904387,0.086010,0.786632,-0.089702,0.250830,2.153791,0.942887,0.154046,1.550142
317,0.633000,0.126149,-0.129723,0.198584,-0.906374,-0.032518,0.802278,-0.091547,0.132807,2.169291,0.940976,0.035602,1.565596,0.128216,-0.010762,0.182964,-0.904307,0.086443,0.786659,-0.089480,0.251768,2.153671,0.943044,0.154564,1.549977
318,0.635000,0.126146,-0.129703,0.198618,-0.906310,-0.032076,0.802359,-0.091338,0.133757,2.169224,0.941118,0.036130,1.565483,0.128229,-0.010750,0.182944,-0.904227,0.086878,0.786685,-0.089255,0.252711,2.153550,0.943201,0.155084,1.549809
319,0.637000,0.126143,-0.129684,0.198651,-0.906245,-0.031633,0.802439,-0.091128,0.134711,2.169156,0.941260,0.036660,1.565367,0.128242,-0.010738,0.182922,-0.904147,0.087314,0.786711,-0.089030,0.253657,2.153427,0.943359,0.155606,1.549639
320,0.639000,0.126140,-0.129665,0.198683,-0.906180,-0.031186,0.802518,-0.090917,0.135670,2.169085,0.941403,0.037191,1.565251,0.128254,-0.010726,0.182900,-0.904066,0.087753,0.786735,-0.088803,0.254608,2.153302,0.943517,0.156130,1.549467
321,0.641000,0.126137,-0.129647,0.198715,-0.906115,-0.030738,0.802597,-0.090706,0.136633,2.169013,0.941546,0.037724,1.565132,0.128267,-0.010716,0.182877,-0.903985,0.088193,0.786758,-0.088576,0.255564,2.153175,0.943676,0.156655,1.549293
322,0.643000,0.126134,-0.129629,0.198747,-0.906050,-0.030288,0.802675,-0.090493,0.137601,2.168940,0.941690,0.038260,1.565012,0.128280,-0.010705,0.182852,-0.903904,0.088635,0.786780,-0.088347,0.256524,2.153046,0.943836,0.157183,1.549118
323,0.645000,0.126131,-0.129611,0.198777,-0.905984,-0.029836,0.802751,-0.090280,0.138573,2.168865,0.941835,0.038797,1.564891,0.128293,-0.010695,0.182827,-0.903822,0.089080,0.786801,-0.088118,0.257488,2.152915,0.943997,0.157713,1.548941
324,0.647000,0.126128,-0.129594,0.198808,-0.905917,-0.029381,0.802827,-0.090066,0.139549,2.168788,0.941980,0.039337,1.564769,0.128306,-0.010686,0.182801,-0.903739,0.089526,0.786821,-0.087888,0.258457,2.152782,0.944158,0.158245,1.548762
325,0.649000,0.126125,-0.129577,0.198838,-0.905851,-0.028925,0.802902,-0.089851,0.140530,2.168710,0.942125,0.039879,1.564645,0.128320,-0.010677,0.182775,-0.903657,0.089974,0.786840,-0.087657,0.259430,2.152647,0.944319,0.158779,1.548582
326,0.651000,0.126123,-0.129560,0.198867,-0.905784,-0.028467,0.802977,-0.089636,0.141516,2.168630,0.942271,0.040423,1.564520,0.128333,-0.010669,0.182747,-0.903573,0.090425,0.786857,-0.087425,0.260408,2.152510,0.944481,0.159315,1.548401
327,0.653000,0.126120,-0.129544,0.198896,-0.905717,-0.028008,0.803051,-0.089420,0.142505,2.168549,0.942417,0.040970,1.564394,0.128347,-0.010660,0.182720,-0.903490,0.090876,0.786874,-0.087193,0.261389,2.152372,0.944644,0.159853,1.548218
328,0.655000,0.126118,-0.129528,0.198925,-0.905649,-0.027546,0.803124,-0.089203,0.143500,2.168466,0.942564,0.041518,1.564267,0.128361,-0.010652,0.182691,-0.903406,0.091329,0.786890,-0.086960,0.262375,2.152232,0.944807,0.160394,1.548033
329,0.657000,0.126115,-0.129513,0.198953,-0.905581,-0.027083,0.803197,-0.088985,0.144499,2.168382,0.942712,0.042069,1.564138,0.128375,-0.010645,0.182662,-0.903321,0.091785,0.786906,-0.086725,0.263366,2.152091,0.944972,0.160937,1.547847
330,0.659000,0.126113,-0.129497,0.198982,-0.905513,-0.026617,0.803270,-0.088766,0.145503,2.168297,0.942860,0.042623,1.564009,0.128389,-0.010638,0.182632,-0.903237,0.092242,0.786920,-0.086489,0.264362,2.151947,0.945136,0.161482,1.547659
331,0.661000,0.126110,-0.129483,0.199010,-0.905445,-0.026150,0.803342,-0.088546,0.146512,2.168210,0.943008,0.043178,1.563878,0.128403,-0.010632,0.182602,-0.903152,0.092701,0.786935,-0.086253,0.265362,2.151803,0.945302,0.162029,1.547470
332,0.663000,0.126107,-0.129469,0.199038,-0.905376,-0.025680,0.803415,-0.088325,0.147525,2.168123,0.943158,0.043736,1.563746,0.128417,-0.010626,0.182572,-0.903066,0.093163,0.786949,-0.086015,0.266367,2.151657,0.945468,0.162578,1.547280
333,0.665000,0.126103,-0.129455,0.199066,-0.905307,-0.025208,0.803487,-0.088103,0.148543,2.168034,0.943308,0.044296,1.563613,0.128430,-0.010621,0.182541,-0.902980,0.093626,0.786962,-0.085776,0.267377,2.151509,0.945635,0.163130,1.547088
334,0.667000,0.126100,-0.129441,0.199094,-0.905238,-0.024733,0.803559,-0.087880,0.149566,2.167944,0.943458,0.044858,1.563479,0.128444,-0.010616,0.182510,-0.902894,0.094092,0.786975,-0.085536,0.268391,2.151360,0.945802,0.163684,1.546895
335,0.669000,0.126097,-0.129427,0.199123,-0.905169,-0.024257,0.803631,-0.087657,0.150593,2.167853,0.943609,0.045423,1.563344,0.128458,-0.010611,0.182479,-0.902808,0.094559,0.786987,-0.085296,0.269410,2.151209,0.945970,0.164240,1.546701
336,0.671000,0.126093,-0.129414,0.199151,-0.905099,-0.023779,0.803703,-0.087432,0.151626,2.167760,0.943761,0.045991,1.563208,0.128472,-0.010606,0.182448,-0.902721,0.095029,0.786999,-0.085054,0.270434,2.151057,0.946139,0.164799,1.546505
337,0.673000,0.126090,-0.129401,0.199179,-0.905029,-0.023298,0.803774,-0.087206,0.152663,2.167667,0.943913,0.046561,1.563072,0.128485,-0.010601,0.182416,-0.902634,0.095501,0.787011,-0.084811,0.271462,2.150904,0.946308,0.165360,1.546309
338,0.675000,0.126086,-0.129387,0.199207,-0.904959,-0.022816,0.803846,-0.086980,0.153705,2.167573,0.944066,0.047133,1.562934,0.128499,-0.010597,0.182384,-0.902546,0.095975,0.787023,-0.084567,0.272495,2.150749,0.946479,0.165923,1.546111
339,0.677000,0.126083,-0.129375,0.199236,-0.904888,-0.022330,0.803918,-0.086752,0.154752,2.167477,0.944219,0.047708,1.562796,0.128513,-0.010593,0.182352,-0.902458,0.096451,0.787034,-0.084322,0.273533,2.150593,0.946649,0.166489,1.545912
340,0.679000,0.126079,-0.129362,0.199265,-0.904818,-0.021843,0.803989,-0.086524,0.155804,2.167381,0.944373,0.048285,1.562656,0.128527,-0.010590,0.182320,-0.902370,0.096930,0.787044,-0.084076,0.274577,2.150436,0.946821,0.167057,1.545711
341,0.681000,0.126075,-0.129350,0.199294,-0.904747,-0.021353,0.804061,-0.086294,0.156862,2.167283,0.944528,0.048865,1.562516,0.128540,-0.010587,0.182288,-0.902281,0.097410,0.787055,-0.083829,0.275625,2.150277,0.946993,0.167628,1.545510
342,0.683000,0.126071,-0.129338,0.199324,-0.904675,-0.020861,0.804133,-0.086063,0.157924,2.167185,0.944683,0.049447,1.562375,0.128554,-0.010584,0.182256,-0.902192,0.097893,0.787066,-0.083580,0.276678,2.150118,0.947166,0.168201,1.545308
343,0.685000,0.126066,-0.129327,0.199353,-0.904604,-0.020367,0.804206,-0.085832,0.158991,2.167086,0.944838,0.050032,1.562234,0.128567,-0.010582,0.182224,-0.902103,0.098378,0.787076,-0.083331,0.277736,2.149957,0.947339,0.168777,1.545104
344,0.687000,0.126061,-0.129316,0.199384,-0.904533,-0.019870,0.804279,-0.085599,0.160064,2.166986,0.944995,0.050619,1.562091,0.128580,-0.010580,0.182192,-0.902014,0.098865,0.787087,-0.083080,0.278799,2.149794,0.947514,0.169354,1.544899
345,0.689000,0.126056,-0.129304,0.199414,-0.904461,-0.019372,0.804352,-0.085365,0.161142,2.166885,0.945152,0.051209,1.561947,0.128592,-0.010578,0.182160,-0.901924,0.099354,0.787098,-0.082828,0.279867,2.149631,0.947688,0.169935,1.544693
346,0.691000,0.126050,-0.129293,0.199445,-0.904389,-0.018871,0.804426,-0.085130,0.162224,2.166784,0.945309,0.051802,1.561803,0.128605,-0.010577,0.182128,-0.901835,0.099845,0.787109,-0.082575,0.280941,2.149466,0.947864,0.170518,1.544486
347,0.693000,0.126044,-0.129283,0.199476,-0.904317,-0.018368,0.804500,-0.084894,0.163312,2.166681,0.945468,0.052397,1.561657,0.128617,-0.010576,0.182096,-0.901745,0.100339,0.787120,-0.082321,0.282019,2.149301,0.948040,0.171104,1.544277
348,0.695000,0.126037,-0.129273,0.199508,-0.904245,-0.017863,0.804574,-0.084656,0.164406,2.166577,0.945626,0.052995,1.561511,0.128629,-0.010576,0.182065,-0.901654,0.100834,0.787131,-0.082065,0.283103,2.149134,0.948218,0.171692,1.544068
349,0.697000,0.126031,-0.129263,0.199540,-0.904173,-0.017354,0.804649,-0.084418,0.165505,2.166473,0.945786,0.053596,1.561364,0.128640,-0.010576,0.182033,-0.901564,0.101333,0.787142,-0.081809,0.284192,2.148965,0.948395,0.172283,1.543857
350,0.699000,0.126024,-0.129254,0.199573,-0.904101,-0.016844,0.804724,-0.084179,0.166609,2.166367,0.945946,0.054199,1.561216,0.128651,-0.010577,0.182001,-0.901473,0.101834,0.787152,-0.081551,0.285287,2.148796,0.948574,0.172876,1.543645
351,0.701000,0.126016,-0.129245,0.199606,-0.904028,-0.016331,0.804800,-0.083938,0.167719,2.166261,0.946106,0.054805,1.561068,0.128662,-0.010578,0.181970,-0.901382,0.102337,0.787163,-0.081292,0.286387,2.148625,0.948753,0.173472,1.543432
352,0.703000,0.126008,-0.129236,0.199640,-0.903956,-0.015815,0.804875,-0.083697,0.168834,2.166154,0.946267,0.055413,1.560919,0.128673,-0.010579,0.181939,-0.901291,0.102843,0.787174,-0.081032,0.287492,2.148453,0.948932,0.174070,1.543218
353,0.705000,0.126000,-0.129227,0.199674,-0.903883,-0.015297,0.804951,-0.083454,0.169954,2.166046,0.946429,0.056024,1.560768,0.128684,-0.010580,0.181908,-0.901199,0.103351,0.787185,-0.080770,0.288602,2.148280,0.949113,0.174671,1.543002
354,0.707000,0.125991,-0.129219,0.199708,-0.903810,-0.014776,0.805028,-0.083211,0.171080,2.165937,0.946591,0.056637,1.560617,0.128694,-0.010582,0.181876,-0.901107,0.103861,0.787196,-0.080508,0.289717,2.148105,0.949294,0.175274,1.542786
355,0.709000,0.125982,-0.129210,0.199743,-0.903737,-0.014253,0.805105,-0.082966,0.172212,2.165827,0.946754,0.057255,1.560465,0.128704,-0.010584,0.181846,-0.901016,0.104373,0.787207,-0.080244,0.290838,2.147929,0.949475,0.175881,1.542568
356,0.711000,0.125972,-0.129207,0.199776,-0.903664,-0.013728,0.805179,-0.082720,0.173351,2.165712,0.946917,0.057872,1.560309,0.128713,-0.010591,0.181812,-0.900924,0.104888,0.787215,-0.079979,0.291967,2.147748,0.949658,0.176488,1.542345
357,0.713000,0.125962,-0.129200,0.199812,-0.903591,-0.013201,0.805257,-0.082472,0.174494,2.165600,0.947081,0.058494,1.560156,0.128723,-0.010595,0.181781,-0.900831,0.105405,0.787226,-0.079712,0.293099,2.147570,0.949841,0.177099,1.542125
358,0.715000,0.125952,-0.129194,0.199849,-0.903518,-0.012670,0.805335,-0.082224,0.175643,2.165488,0.947246,0.059119,1.560001,0.128731,-0.010599,0.181751,-0.900738,0.105925,0.787238,-0.079445,0.294238,2.147390,0.950025,0.177714,1.541904
359,0.717000,0.125941,-0.129188,0.199886,-0.903444,-0.012137,0.805414,-0.081974,0.176798,2.165374,0.947411,0.059747,1.559846,0.128740,-0.010604,0.181721,-0.900646,0.106447,0.787249,-0.079176,0.295382,2.147209,0.950210,0.178331,1.541681
360,0.719000,0.125930,-0.129185,0.199921,-0.903371,-0.011601,0.805491,-0.081724,0.177960,2.165256,0.947577,0.060376,1.559687,0.128748,-0.010612,0.181688,-0.900553,0.106972,0.787258,-0.078905,0.296533,2.147023,0.950395,0.178949,1.541454
361,0.721000,0.125918,-0.129181,0.199958,-0.903297,-0.011062,0.805569,-0.081471,0.179127,2.165139,0.947744,0.061008,1.559528,0.128756,-0.010619,0.181657,-0.900459,0.107500,0.787268,-0.078633,0.297690,2.146838,0.950582,0.179571,1.541227
362,0.723000,0.125906,-0.129176,0.199996,-0.903223,-0.010521,0.805649,-0.081218,0.180300,2.165022,0.947911,0.061645,1.559369,0.128763,-0.010625,0.181627,-0.900365,0.108030,0.787279,-0.078360,0.298851,2.146652,0.950769,0.180196,1.540999
363,0.725000,0.125893,-0.129175,0.200033,-0.903149,-0.009978,0.805727,-0.080963,0.181480,2.164900,0.948079,0.062283,1.559207,0.128770,-0.010635,0.181594,-0.900272,0.108562,0.787288,-0.078085,0.300020,2.146462,0.950957,0.180823,1.540768
364,0.727000,0.125879,-0.129173,0.200071,-0.903075,-0.009432,0.805806,-0.080707,0.182666,2.164779,0.948248,0.062925,1.559045,0.128777,-0.010644,0.181563,-0.900177,0.109097,0.787297,-0.077809,0.301194,2.146271,0.951145,0.181453,1.540536
365,0.729000,0.125866,-0.129170,0.200110,-0.903001,-0.008884,0.805886,-0.080450,0.183856,2.164658,0.948417,0.063570,1.558882,0.128783,-0.010652,0.181532,-0.900083,0.109633,0.787309,-0.077532,0.302373,2.146080,0.951335,0.182087,1.540304
366,0.731000,0.125851,-0.129171,0.200147,-0.902927,-0.008333,0.805964,-0.080191,0.185054,2.164532,0.948587,0.064216,1.558715,0.128789,-0.010665,0.181499,-0.899989,0.110173,0.787316,-0.077253,0.303560,2.145884,0.951525,0.182722,1.540067
367,0.733000,0.125836,-0.129170,0.200187,-0.902852,-0.007779,0.806045,-0.079931,0.186258,2.164408,0.948757,0.064867,1.558550,0.128795,-0.010676,0.181468,-0.899894,0.110715,0.787326,-0.076973,0.304752,2.145689,0.951716,0.183361,1.539832
368,0.735000,0.125820,-0.129172,0.200226,-0.902778,-0.007222,0.806124,-0.079670,0.187469,2.164281,0.948928,0.065520,1.558382,0.128799,-0.010689,0.181436,-0.899799,0.111260,0.787335,-0.076691,0.305952,2.145491,0.951907,0.184002,1.539592
369,0.737000,0.125804,-0.129173,0.200266,-0.902704,-0.006663,0.806205,-0.079408,0.188686,2.164153,0.949100,0.066176,1.558213,0.128804,-0.010702,0.181404,-0.899704,0.111808,0.787344,-0.076408,0.307157,2.145292,0.952100,0.184647,1.539352
370,0.739000,0.125787,-0.129176,0.200305,-0.902629,-0.006100,0.806285,-0.079144,0.189910,2.164023,0.949273,0.066834,1.558043,0.128808,-0.010717,0.181372,-0.899609,0.112358,0.787352,-0.076123,0.308368,2.145090,0.952293,0.185293,1.539109
371,0.741000,0.125769,-0.129179,0.200346,-0.902555,-0.005535,0.806366,-0.078878,0.191140,2.163892,0.949446,0.067496,1.557871,0.128811,-0.010733,0.181340,-0.899514,0.112911,0.787361,-0.075837,0.309586,2.144887,0.952487,0.185942,1.538866
372,0.743000,0.125751,-0.129185,0.200385,-0.902480,-0.004967,0.806446,-0.078612,0.192378,2.163758,0.949620,0.068160,1.557697,0.128814,-0.010751,0.181307,-0.899418,0.113467,0.787368,-0.075549,0.310812,2.144680,0.952682,0.186594,1.538619
373,0.745000,0.125732,-0.129191,0.200426,-0.902406,-0.004396,0.806527,-0.078344,0.193622,2.163624,0.949794,0.068827,1.557522,0.128816,-0.010770,0.181274,-0.899322,0.114025,0.787375,-0.075260,0.312043,2.144472,0.952878,0.187249,1.538370
374,0.747000,0.125712,-0.129197,0.200468,-0.902331,-0.003822,0.806609,-0.078074,0.194872,2.163488,0.949969,0.069497,1.557347,0.128817,-0.010788,0.181242,-0.899226,0.114587,0.787384,-0.074969,0.313281,2.144263,0.953074,0.187906,1.538121
375,0.749000,0.125692,-0.129206,0.200509,-0.902257,-0.003246,0.806690,-0.077803,0.196130,2.163350,0.950145,0.070170,1.557169,0.128819,-0.010809,0.181209,-0.899130,0.115150,0.787391,-0.074677,0.314526,2.144050,0.953272,0.188567,1.537869
376,0.751000,0.125671,-0.129216,0.200550,-0.902182,-0.002667,0.806771,-0.077531,0.197394,2.163210,0.950322,0.070846,1.556989,0.128820,-0.010832,0.181176,-0.899033,0.115717,0.787396,-0.074383,0.315778,2.143836,0.953470,0.189230,1.537615
377,0.753000,0.125650,-0.129227,0.200592,-0.902107,-0.002085,0.806852,-0.077258,0.198666,2.163069,0.950499,0.071525,1.556808,0.128820,-0.010856,0.181142,-0.898936,0.116285,0.787402,-0.074087,0.317037,2.143619,0.953669,0.189895,1.537359
378,0.755000,0.125628,-0.129239,0.200634,-0.902031,-0.001501,0.806933,-0.076983,0.199945,2.162925,0.950677,0.072206,1.556626,0.128820,-0.010881,0.181109,-0.898839,0.116857,0.787408,-0.073790,0.318302,2.143400,0.953869,0.190564,1.537101
379,0.757000,0.125606,-0.129252,0.200677,-0.901956,-0.000914,0.807015,-0.076706,0.201230,2.162781,0.950855,0.072892,1.556443,0.128820,-0.010908,0.181075,-0.898742,0.117431,0.787413,-0.073492,0.319575,2.143179,0.954070,0.191236,1.536841
380,0.759000,0.125583,-0.129266,0.200720,-0.901881,-0.000324,0.807097,-0.076429,0.202523,2.162634,0.951035,0.073580,1.556258,0.128819,-0.010935,0.181042,-0.898644,0.118008,0.787418,-0.073192,0.320854,2.142956,0.954271,0.191911,1.536580
381,0.761000,0.125559,-0.129282,0.200764,-0.901805,0.000269,0.807178,-0.076150,0.203822,2.162486,0.951215,0.074271,1.556072,0.128818,-0.010964,0.181008,-0.898546,0.118587,0.787423,-0.072891,0.322140,2.142731,0.954474,0.192589,1.536316
382,0.763000,0.125535,-0.129300,0.200807,-0.901729,0.000864,0.807259,-0.075870,0.205130,2.162335,0.951395,0.074965,1.555883,0.128817,-0.010996,0.180974,-0.898448,0.119169,0.787425,-0.072588,0.323434,2.142502,0.954677,0.193269,1.536050
383,0.765000,0.125511,-0.129318,0.200851,-0.901653,0.001463,0.807340,-0.075588,0.206444,2.162183,0.951576,0.075663,1.555694,0.128816,-0.011028,0.180940,-0.898349,0.119754,0.787429,-0.072284,0.324735,2.142272,0.954881,0.193953,1.535783
384,0.767000,0.125487,-0.129339,0.200895,-0.901577,0.002065,0.807420,-0.075305,0.207767,2.162028,0.951758,0.076363,1.555502,0.128814,-0.011063,0.180905,-0.898250,0.120342,0.787430,-0.071978,0.326044,2.142037,0.955086,0.194639,1.535512
385,0.769000,0.125461,-0.129360,0.200940,-0.901501,0.002670,0.807502,-0.075021,0.209096,2.161872,0.951941,0.077066,1.555311,0.128812,-0.011098,0.180871,-0.898150,0.120933,0.787432,-0.071670,0.327359,2.141803,0.955292,0.195329,1.535241
386,0.771000,0.125436,-0.129384,0.200985,-0.901424,0.003278,0.807582,-0.074735,0.210434,2.161713,0.952124,0.077772,1.555117,0.128809,-0.011136,0.180836,-0.898050,0.121526,0.787433,-0.071361,0.328682,2.141564,0.955498,0.196020,1.534967
387,0.773000,0.125410,-0.129409,0.201030,-0.901347,0.003889,0.807662,-0.074449,0.211779,2.161552,0.952308,0.078481,1.554921,0.128807,-0.011176,0.180800,-0.897950,0.122123,0.787432,-0.071051,0.330013,2.141323,0.955706,0.196715,1.534691
388,0.775000,0.125384,-0.129436,0.201076,-0.901270,0.004503,0.807741,-0.074160,0.213132,2.161389,0.952493,0.079193,1.554724,0.128805,-0.011217,0.180765,-0.897849,0.122722,0.787430,-0.070739,0.331351,2.141079,0.955914,0.197412,1.534413
389,0.777000,0.125357,-0.129464,0.201122,-0.901193,0.005120,0.807821,-0.073871,0.214492,2.161225,0.952679,0.079909,1.554526,0.128802,-0.011260,0.180730,-0.897748,0.123324,0.787429,-0.070426,0.332697,2.140832,0.956124,0.198113,1.534134
390,0.779000,0.125330,-0.129493,0.201169,-0.901115,0.005739,0.807901,-0.073580,0.215860,2.161058,0.952865,0.080628,1.554326,0.128799,-0.011303,0.180695,-0.897646,0.123928,0.787427,-0.070111,0.334049,2.140584,0.956334,0.198818,1.533852
391,0.781000,0.125302,-0.129523,0.201216,-0.901037,0.006362,0.807981,-0.073288,0.217235,2.160890,0.953052,0.081350,1.554126,0.128795,-0.011349,0.180660,-0.897544,0.124536,0.787424,-0.069795,0.335410,2.140333,0.956545,0.199525,1.533569
392,0.783000,0.125274,-0.129554,0.201264,-0.900959,0.006987,0.808061,-0.072994,0.218617,2.160720,0.953239,0.082076,1.553924,0.128792,-0.011395,0.180625,-0.897442,0.125147,0.787421,-0.069477,0.336777,2.140080,0.956756,0.200235,1.533284
393,0.785000,0.125246,-0.129587,0.201313,-0.900881,0.007616,0.808140,-0.072699,0.220008,2.160548,0.953427,0.082805,1.553720,0.128788,-0.011443,0.180590,-0.897339,0.125760,0.787417,-0.069158,0.338152,2.139824,0.956969,0.200949,1.532997
394,0.787000,0.125217,-0.129620,0.201362,-0.900802,0.008248,0.808220,-0.072403,0.221406,2.160374,0.953616,0.083537,1.553516,0.128784,-0.011492,0.180555,-0.897236,0.126377,0.787413,-0.068837,0.339534,2.139567,0.957182,0.201666,1.532708
395,0.789000,0.125188,-0.129654,0.201412,-0.900723,0.008884,0.808300,-0.072106,0.222811,2.160198,0.953806,0.084273,1.553310,0.128780,-0.011542,0.180520,-0.897132,0.126996,0.787408,-0.068515,0.340924,2.139306,0.957397,0.202386,1.532418
396,0.791000,0.125159,-0.129690,0.201462,-0.900644,0.009522,0.808379,-0.071807,0.224224,2.160020,0.953996,0.085012,1.553103,0.128775,-0.011593,0.180485,-0.897028,0.127619,0.787403,-0.068191,0.342321,2.139043,0.957612,0.203109,1.532126
397,0.793000,0.125130,-0.129725,0.201513,-0.900564,0.010165,0.808459,-0.071507,0.225645,2.159840,0.954187,0.085755,1.552894,0.128771,-0.011644,0.180451,-0.896923,0.128246,0.787396,-0.067865,0.343726,2.138778,0.957828,0.203836,1.531832
398,0.795000,0.125100,-0.129762,0.201564,-0.900484,0.010810,0.808538,-0.071205,0.227073,2.159659,0.954379,0.086501,1.552685,0.128766,-0.011697,0.180416,-0.896818,0.128875,0.787390,-0.067539,0.345138,2.138510,0.958045,0.204566,1.531537
399,0.797000,0.125070,-0.129799,0.201616,-0.900404,0.011459,0.808617,-0.070902,0.228508,2.159475,0.954571,0.087251,1.552474,0.128762,-0.011750,0.180382,-0.896712,0.129508,0.787383,-0.067210,0.346557,2.138241,0.958263,0.205299,1.531240
400,0.799000,0.125040,-0.129837,0.201669,-0.900323,0.012111,0.808697,-0.070598,0.229952,2.159290,0.954765,0.088003,1.552262,0.128757,-0.011805,0.180348,-0.896605,0.130143,0.787375,-0.066880,0.347984,2.137968,0.958482,0.206036,1.530941
401,0.801000,0.125009,-0.129876,0.201723,-0.900242,0.012767,0.808776,-0.070292,0.231403,2.159102,0.954959,0.088760,1.552049,0.128752,-0.011861,0.180314,-0.896499,0.130782,0.787367,-0.066549,0.349419,2.137694,0.958702,0.206776,1.530640
402,0.803000,0.124978,-0.129916,0.201777,-0.900160,0.013426,0.808856,-0.069984,0.232862,2.158913,0.955154,0.089520,1.551835,0.128747,-0.011917,0.180280,-0.896391,0.131425,0.787359,-0.066215,0.350861,2.137416,0.958923,0.207519,1.530338
403,0.805000,0.124947,-0.129956,0.201833,-0.900078,0.014089,0.808935,-0.069675,0.234329,2.158723,0.955350,0.090284,1.551620,0.128742,-0.011975,0.180247,-0.896283,0.132070,0.787350,-0.065880,0.352311,2.137137,0.959145,0.208266,1.530034
404,0.807000,0.124916,-0.129997,0.201889,-0.899996,0.014755,0.809015,-0.069365,0.235803,2.158530,0.955547,0.091051,1.551403,0.128737,-0.012033,0.180214,-0.896174,0.132719,0.787341,-0.065544,0.353768,2.136855,0.959368,0.209016,1.529729
405,0.809000,0.124885,-0.130039,0.201946,-0.899913,0.015425,0.809095,-0.069053,0.237286,2.158335,0.955744,0.091822,1.551186,0.128732,-0.012092,0.180182,-0.896065,0.133372,0.787331,-0.065206,0.355233,2.136571,0.959592,0.209769,1.529422
406,0.811000,0.124853,-0.130081,0.202003,-0.899830,0.016098,0.809175,-0.068740,0.238776,2.158139,0.955943,0.092597,1.550968,0.128727,-0.012152,0.180150,-0.895956,0.134027,0.787321,-0.064866,0.356705,2.136285,0.959817,0.210527,1.529114
407,0.813000,0.124821,-0.130124,0.202062,-0.899746,0.016774,0.809255,-0.068425,0.240274,2.157941,0.956142,0.093375,1.550748,0.128722,-0.012212,0.180118,-0.895845,0.134686,0.787311,-0.064524,0.358185,2.135997,0.960043,0.211287,1.528804
408,0.815000,0.124789,-0.130167,0.202122,-0.899662,0.017454,0.809335,-0.068109,0.241779,2.157741,0.956342,0.094158,1.550527,0.128716,-0.012273,0.180087,-0.895735,0.135348,0.787300,-0.064181,0.359673,2.135706,0.960269,0.212052,1.528492
409,0.817000,0.124756,-0.130211,0.202182,-0.899578,0.018138,0.809416,-0.067791,0.243293,2.157539,0.956543,0.094943,1.550306,0.128711,-0.012335,0.180056,-0.895623,0.136014,0.787289,-0.063837,0.361169,2.135412,0.960497,0.212820,1.528179
410,0.819000,0.124724,-0.130255,0.202244,-0.899493,0.018826,0.809496,-0.067472,0.244814,2.157336,0.956745,0.095733,1.550083,0.128705,-0.012397,0.180025,-0.895511,0.136684,0.787278,-0.063490,0.362672,2.135117,0.960726,0.213591,1.527864
411,0.821000,0.124691,-0.130300,0.202306,-0.899407,0.019518,0.809577,-0.067151,0.246344,2.157130,0.956947,0.096526,1.549859,0.128700,-0.012461,0.179995,-0.895398,0.137357,0.787266,-0.063142,0.364184,2.134819,0.960956,0.214366,1.527548
412,0.823000,0.124657,-0.130345,0.202370,-0.899322,0.020214,0.809658,-0.066828,0.247882,2.156923,0.957151,0.097323,1.549634,0.128694,-0.012525,0.179965,-0.895285,0.138034,0.787254,-0.062792,0.365703,2.134518,0.961187,0.215144,1.527230
413,0.825000,0.124624,-0.130391,0.202434,-0.899235,0.020913,0.809739,-0.066504,0.249428,2.156713,0.957355,0.098124,1.549408,0.128688,-0.012589,0.179936,-0.895171,0.138715,0.787241,-0.062440,0.367230,2.134215,0.961419,0.215926,1.526911
414,0.827000,0.124590,-0.130437,0.202499,-0.899149,0.021616,0.809820,-0.066179,0.250982,2.156502,0.957560,0.098929,1.549181,0.128682,-0.012654,0.179907,-0.895057,0.139399,0.787228,-0.062087,0.368765,2.133910,0.961652,0.216712,1.526589
415,0.829000,0.124556,-0.130483,0.202565,-0.899062,0.022323,0.809901,-0.065852,0.252544,2.156289,0.957766,0.099738,1.548953,0.128676,-0.012719,0.179879,-0.894942,0.140087,0.787215,-0.061732,0.370308,2.133602,0.961886,0.217502,1.526267
416,0.831000,0.124522,-0.130530,0.202632,-0.898974,0.023033,0.809982,-0.065523,0.254114,2.156073,0.957973,0.100550,1.548723,0.128670,-0.012786,0.179851,-0.894826,0.140778,0.787201,-0.061375,0.371858,2.133292,0.962121,0.218295,1.525942
417,0.833000,0.124488,-0.130577,0.202700,-0.898886,0.023747,0.810064,-0.065192,0.255692,2.155856,0.958181,0.101367,1.548493,0.128664,-0.012852,0.179824,-0.894710,0.141473,0.787187,-0.061017,0.373417,2.132980,0.962357,0.219092,1.525616
418,0.835000,0.124453,-0.130624,0.202769,-0.898797,0.024466,0.810145,-0.064860,0.257278,2.155637,0.958390,0.102188,1.548261,0.128657,-0.012919,0.179797,-0.894593,0.142171,0.787173,-0.060656,0.374983,2.132665,0.962594,0.219893,1.525288
419,0.837000,0.124418,-0.130672,0.202839,-0.898708,0.025188,0.810227,-0.064527,0.258873,2.155416,0.958600,0.103013,1.548028,0.128651,-0.012987,0.179770,-0.894476,0.142873,0.787158,-0.060294,0.376558,2.132347,0.962833,0.220698,1.524959
420,0.839000,0.124383,-0.130721,0.202910,-0.898619,0.025914,0.810309,-0.064191,0.260476,2.155192,0.958810,0.103841,1.547794,0.128644,-0.013055,0.179744,-0.894357,0.143579,0.787143,-0.059930,0.378142,2.132026,0.963072,0.221507,1.524628
421,0.841000,0.124347,-0.130770,0.202982,-0.898529,0.026644,0.810391,-0.063854,0.262088,2.154967,0.959022,0.104674,1.547558,0.128638,-0.013125,0.179719,-0.894239,0.144289,0.787127,-0.059564,0.379733,2.131703,0.963312,0.222319,1.524294
422,0.843000,0.124311,-0.130821,0.203055,-0.898439,0.027379,0.810473,-0.063515,0.263709,2.154739,0.959234,0.105510,1.547322,0.128631,-0.013196,0.179694,-0.894119,0.145003,0.787111,-0.059196,0.381334,2.131377,0.963554,0.223135,1.523960
423,0.845000,0.124275,-0.130872,0.203130,-0.898348,0.028117,0.810555,-0.063175,0.265339,2.154508,0.959448,0.106351,1.547084,0.128624,-0.013268,0.179669,-0.893999,0.145721,0.787094,-0.058826,0.382943,2.131048,0.963797,0.223955,1.523623
424,0.847000,0.124239,-0.130924,0.203205,-0.898256,0.028859,0.810636,-0.062833,0.266978,2.154276,0.959662,0.107195,1.546844,0.128617,-0.013341,0.179645,-0.893878,0.146442,0.787076,-0.058455,0.384561,2.130716,0.964040,0.224778,1.523284
425,0.849000,0.124202,-0.130977,0.203281,-0.898165,0.029605,0.810718,-0.062489,0.268626,2.154041,0.959877,0.108044,1.546604,0.128610,-0.013415,0.179621,-0.893757,0.147167,0.787058,-0.058082,0.386188,2.130381,0.964285,0.225606,1.522944
426,0.851000,0.124165,-0.131031,0.203359,-0.898072,0.030355,0.810800,-0.062144,0.270283,2.153804,0.960093,0.108896,1.546362,0.128603,-0.013491,0.179598,-0.893635,0.147896,0.787039,-0.057706,0.387824,2.130043,0.964531,0.226437,1.522601
427,0.853000,0.124128,-0.131086,0.203437,-0.897980,0.031110,0.810882,-0.061797,0.271949,2.153564,0.960311,0.109753,1.546119,0.128595,-0.013568,0.179575,-0.893512,0.148629,0.787020,-0.057329,0.389468,2.129702,0.964778,0.227272,1.522257
428,0.855000,0.124090,-0.131143,0.203517,-0.897886,0.031868,0.810964,-0.061448,0.273625,2.153321,0.960529,0.110614,1.545874,0.128588,-0.013646,0.179553,-0.893389,0.149365,0.787000,-0.056950,0.391122,2.129358,0.965026,0.228111,1.521910
429,0.857000,0.124052,-0.131200,0.203597,-0.897793,0.032631,0.811045,-0.061097,0.275310,2.153076,0.960747,0.111479,1.545628,0.128580,-0.013725,0.179531,-0.893264,0.150106,0.786979,-0.056569,0.392785,2.129010,0.965276,0.228954,1.521562
430,0.859000,0.124013,-0.131258,0.203679,-0.897698,0.033398,0.811127,-0.060744,0.277005,2.152829,0.960967,0.112349,1.545381,0.128572,-0.013806,0.179510,-0.893140,0.150850,0.786958,-0.056186,0.394457,2.128660,0.965526,0.229801,1.521211
431,0.861000,0.123974,-0.131318,0.203761,-0.897604,0.034168,0.811209,-0.060390,0.278709,2.152578,0.961188,0.113223,1.545130,0.128563,-0.013888,0.179488,-0.893015,0.151598,0.786936,-0.055800,0.396139,2.128305,0.965778,0.230653,1.520858
432,0.863000,0.123935,-0.131380,0.203844,-0.897509,0.034943,0.811289,-0.060034,0.280424,2.152324,0.961410,0.114101,1.544879,0.128556,-0.013973,0.179467,-0.892888,0.152350,0.786912,-0.055413,0.397831,2.127947,0.966031,0.231508,1.520502
433,0.865000,0.123896,-0.131441,0.203928,-0.897413,0.035722,0.811368,-0.059677,0.282145,2.152067,0.961632,0.114982,1.544627,0.128548,-0.014057,0.179446,-0.892761,0.153106,0.786886,-0.055026,0.399529,2.127585,0.966284,0.232366,1.520145
434,0.867000,0.123856,-0.131505,0.204014,-0.897317,0.036504,0.811449,-0.059318,0.283879,2.151808,0.961855,0.115869,1.544373,0.128539,-0.014145,0.179426,-0.892634,0.153865,0.786861,-0.054635,0.401240,2.127220,0.966538,0.233230,1.519785
435,0.869000,0.123817,-0.131570,0.204101,-0.897221,0.037292,0.811528,-0.058958,0.285622,2.151546,0.962080,0.116760,1.544118,0.128531,-0.014233,0.179407,-0.892506,0.154629,0.786834,-0.054243,0.402959,2.126852,0.966794,0.234097,1.519424
436,0.871000,0.123777,-0.131637,0.204189,-0.897123,0.038084,0.811609,-0.058595,0.287375,2.151282,0.962305,0.117655,1.543862,0.128523,-0.014323,0.179388,-0.892376,0.155397,0.786808,-0.053848,0.404688,2.126481,0.967052,0.234968,1.519061
437,0.873000,0.123736,-0.131704,0.204279,-0.897025,0.038880,0.811690,-0.058228,0.289139,2.151015,0.962533,0.118555,1.543604,0.128515,-0.014415,0.179370,-0.892246,0.156169,0.786781,-0.053450,0.406428,2.126106,0.967311,0.235844,1.518695
438,0.875000,0.123695,-0.131773,0.204370,-0.896926,0.039680,0.811771,-0.057860,0.290912,2.150745,0.962761,0.119458,1.543343,0.128506,-0.014508,0.179353,-0.892116,0.156945,0.786754,-0.053049,0.408176,2.125728,0.967572,0.236723,1.518326
439,0.877000,0.123653,-0.131844,0.204461,-0.896828,0.040485,0.811851,-0.057491,0.292695,2.150471,0.962990,0.120366,1.543081,0.128496,-0.014604,0.179335,-0.891984,0.157725,0.786725,-0.052648,0.409935,2.125345,0.967833,0.237606,1.517955
440,0.879000,0.123611,-0.131916,0.204553,-0.896729,0.041294,0.811929,-0.057121,0.294488,2.150193,0.963219,0.121279,1.542818,0.128487,-0.014701,0.179318,-0.891853,0.158509,0.786693,-0.052245,0.411703,2.124958,0.968095,0.238494,1.517582
441,0.881000,0.123569,-0.131990,0.204647,-0.896629,0.042107,0.812007,-0.056749,0.296293,2.149913,0.963449,0.122196,1.542552,0.128478,-0.014800,0.179300,-0.891720,0.159297,0.786661,-0.051840,0.413483,2.124566,0.968358,0.239386,1.517206
442,0.883000,0.123527,-0.132065,0.204741,-0.896528,0.042925,0.812084,-0.056374,0.298107,2.149628,0.963681,0.123117,1.542285,0.128469,-0.014900,0.179283,-0.891586,0.160090,0.786627,-0.051432,0.415271,2.124171,0.968623,0.240281,1.516827
443,0.885000,0.123484,-0.132142,0.204836,-0.896427,0.043747,0.812161,-0.055998,0.299932,2.149340,0.963913,0.124043,1.542015,0.128459,-0.015003,0.179266,-0.891452,0.160886,0.786592,-0.051022,0.417070,2.123771,0.968889,0.241181,1.516446
444,0.887000,0.123441,-0.132221,0.204932,-0.896325,0.044574,0.812237,-0.055620,0.301767,2.149049,0.964147,0.124972,1.541743,0.128450,-0.015108,0.179250,-0.891316,0.161687,0.786555,-0.050610,0.418880,2.123367,0.969156,0.242085,1.516061
445,0.889000,0.123398,-0.132301,0.205029,-0.896223,0.045406,0.812313,-0.055240,0.303614,2.148754,0.964381,0.125907,1.541470,0.128441,-0.015215,0.179234,-0.891180,0.162492,0.786517,-0.050197,0.420700,2.122959,0.969424,0.242993,1.515675
446,0.891000,0.123354,-0.132383,0.205127,-0.896120,0.046241,0.812387,-0.054858,0.305471,2.148455,0.964617,0.126846,1.541195,0.128431,-0.015324,0.179218,-0.891043,0.163301,0.786478,-0.049781,0.422530,2.122546,0.969694,0.243906,1.515286
447,0.893000,0.123310,-0.132467,0.205226,-0.896017,0.047081,0.812461,-0.054474,0.307339,2.148153,0.964853,0.127791,1.540918,0.128422,-0.015435,0.179202,-0.890905,0.164114,0.786437,-0.049363,0.424371,2.122129,0.969964,0.244823,1.514894
448,0.895000,0.123266,-0.132553,0.205326,-0.895913,0.047925,0.812534,-0.054089,0.309217,2.147846,0.965090,0.128739,1.540638,0.128412,-0.015548,0.179186,-0.890767,0.164930,0.786394,-0.048943,0.426223,2.121707,0.970236,0.245744,1.514499
449,0.897000,0.123222,-0.132641,0.205427,-0.895808,0.048774,0.812606,-0.053701,0.311107,2.147536,0.965329,0.129692,1.540356,0.128402,-0.015663,0.179171,-0.890628,0.165752,0.786350,-0.048520,0.428085,2.121280,0.970510,0.246670,1.514100
450,0.899000,0.123177,-0.132730,0.205528,-0.895703,0.049627,0.812677,-0.053312,0.313008,2.147221,0.965568,0.130650,1.540072,0.128393,-0.015780,0.179155,-0.890487,0.166577,0.786304,-0.048096,0.429957,2.120848,0.970784,0.247600,1.513699
451,0.901000,0.123132,-0.132822,0.205631,-0.895597,0.050485,0.812747,-0.052920,0.314919,2.146902,0.965809,0.131613,1.539786,0.128383,-0.015900,0.179140,-0.890346,0.167406,0.786256,-0.047669,0.431841,2.120411,0.971060,0.248534,1.513295
452,0.903000,0.123087,-0.132915,0.205734,-0.895491,0.051347,0.812815,-0.052527,0.316842,2.146579,0.966050,0.132580,1.539497,0.128373,-0.016022,0.179124,-0.890204,0.168240,0.786205,-0.047241,0.433735,2.119969,0.971337,0.249473,1.512888
453,0.905000,0.123041,-0.133010,0.205838,-0.895384,0.052214,0.812882,-0.052133,0.318776,2.146251,0.966292,0.133552,1.539207,0.128363,-0.016146,0.179109,-0.890061,0.169078,0.786153,-0.046810,0.435640,2.119522,0.971615,0.250416,1.512478
454,0.907000,0.122995,-0.133107,0.205943,-0.895276,0.053086,0.812949,-0.051736,0.320721,2.145919,0.966536,0.134529,1.538913,0.128353,-0.016272,0.179094,-0.889918,0.169921,0.786100,-0.046377,0.437556,2.119070,0.971894,0.251364,1.512064
455,0.909000,0.122949,-0.133206,0.206049,-0.895168,0.053962,0.813014,-0.051337,0.322678,2.145583,0.966780,0.135510,1.538618,0.128343,-0.016400,0.179079,-0.889773,0.170768,0.786044,-0.045942,0.439483,2.118613,0.972174,0.252316,1.511648
456,0.911000,0.122902,-0.133306,0.206155,-0.895059,0.054844,0.813078,-0.050936,0.324646,2.145243,0.967025,0.136496,1.538320,0.128333,-0.016531,0.179064,-0.889628,0.171619,0.785986,-0.045505,0.441422,2.118151,0.972456,0.253271,1.511228
457,0.913000,0.122854,-0.133409,0.206263,-0.894950,0.055729,0.813142,-0.050532,0.326626,2.144898,0.967272,0.137487,1.538019,0.128322,-0.016664,0.179049,-0.889482,0.172475,0.785927,-0.045064,0.443371,2.117683,0.972740,0.254232,1.510805
458,0.915000,0.122807,-0.133513,0.206371,-0.894840,0.056620,0.813204,-0.050127,0.328616,2.144548,0.967519,0.138483,1.537716,0.128311,-0.016799,0.179034,-0.889335,0.173335,0.785866,-0.044622,0.445331,2.117211,0.973024,0.255198,1.510378
459,0.917000,0.122758,-0.133620,0.206480,-0.894729,0.057516,0.813265,-0.049719,0.330619,2.144194,0.967768,0.139484,1.537410,0.128300,-0.016936,0.179019,-0.889187,0.174199,0.785803,-0.044177,0.447303,2.116732,0.973310,0.256168,1.509948
460,0.919000,0.122710,-0.133728,0.206590,-0.894618,0.058416,0.813324,-0.049310,0.332633,2.143835,0.968018,0.140489,1.537101,0.128289,-0.017076,0.179003,-0.889038,0.175068,0.785737,-0.043730,0.449286,2.116248,0.973597,0.257142,1.509514
461,0.921000,0.122661,-0.133838,0.206701,-0.894506,0.059321,0.813382,-0.048898,0.334659,2.143471,0.968269,0.141500,1.536790,0.128278,-0.017217,0.178988,-0.888888,0.175942,0.785669,-0.043281,0.451280,2.115758,0.973886,0.258121,1.509077
462,0.923000,0.122611,-0.133951,0.206812,-0.894393,0.060231,0.813439,-0.048484,0.336697,2.143102,0.968520,0.142515,1.536476,0.128267,-0.017362,0.178973,-0.888738,0.176820,0.785599,-0.042829,0.453286,2.115263,0.974176,0.259104,1.508636
463,0.925000,0.122562,-0.134065,0.206924,-0.894280,0.061145,0.813494,-0.048068,0.338746,2.142728,0.968773,0.143536,1.536158,0.128255,-0.017509,0.178958,-0.888586,0.177702,0.785527,-0.042375,0.455303,2.114761,0.974467,0.260093,1.508192
464,0.927000,0.122511,-0.134182,0.207037,-0.894166,0.062065,0.813547,-0.047650,0.340808,2.142349,0.969027,0.144561,1.535839,0.128243,-0.017658,0.178942,-0.888434,0.178589,0.785452,-0.041918,0.457332,2.114254,0.974759,0.261085,1.507744
465,0.929000,0.122461,-0.134300,0.207151,-0.894051,0.062990,0.813599,-0.047230,0.342881,2.141964,0.969283,0.145592,1.535516,0.128232,-0.017809,0.178927,-0.888280,0.179481,0.785375,-0.041459,0.459372,2.113740,0.975053,0.262082,1.507292
466,0.931000,0.122410,-0.134420,0.207265,-0.893936,0.063919,0.813649,-0.046808,0.344967,2.141575,0.969539,0.146627,1.535191,0.128220,-0.017963,0.178911,-0.888126,0.180376,0.785296,-0.040998,0.461424,2.113221,0.975349,0.263084,1.506837
467,0.933000,0.122359,-0.134543,0.207380,-0.893820,0.064854,0.813698,-0.046383,0.347064,2.141180,0.969796,0.147668,1.534862,0.128209,-0.018120,0.178896,-0.887971,0.181277,0.785213,-0.040534,0.463488,2.112695,0.975645,0.264091,1.506378
468,0.935000,0.122308,-0.134668,0.207496,-0.893703,0.065793,0.813744,-0.045957,0.349174,2.140780,0.970054,0.148713,1.534531,0.128197,-0.018278,0.178880,-0.887814,0.182182,0.785128,-0.040068,0.465563,2.112163,0.975943,0.265103,1.505915
469,0.937000,0.122256,-0.134794,0.207613,-0.893586,0.066738,0.813789,-0.045529,0.351296,2.140374,0.970313,0.149764,1.534197,0.128185,-0.018440,0.178864,-0.887657,0.183092,0.785041,-0.039600,0.467651,2.111625,0.976242,0.266119,1.505449
470,0.939000,0.122204,-0.134923,0.207730,-0.893467,0.067687,0.813832,-0.045098,0.353431,2.139962,0.970573,0.150820,1.533860,0.128173,-0.018604,0.178849,-0.887499,0.184007,0.784950,-0.039130,0.469750,2.111080,0.976542,0.267139,1.504979
471,0.941000,0.122152,-0.135055,0.207849,-0.893349,0.068642,0.813873,-0.044666,0.355578,2.139545,0.970835,0.151881,1.533520,0.128161,-0.018771,0.178833,-0.887340,0.184926,0.784857,-0.038657,0.471862,2.110529,0.976844,0.268165,1.504504
472,0.943000,0.122099,-0.135187,0.207968,-0.893229,0.069602,0.813913,-0.044231,0.357737,2.139122,0.971097,0.152948,1.533177,0.128149,-0.018939,0.178816,-0.887179,0.185850,0.784762,-0.038182,0.473985,2.109971,0.977147,0.269196,1.504026
473,0.945000,0.122046,-0.135322,0.208087,-0.893109,0.070567,0.813950,-0.043795,0.359909,2.138694,0.971360,0.154019,1.532831,0.128137,-0.019111,0.178800,-0.887018,0.186779,0.784663,-0.037704,0.476120,2.109407,0.977451,0.270231,1.503544
474,0.947000,0.121993,-0.135460,0.208208,-0.892988,0.071538,0.813985,-0.043356,0.362093,2.138260,0.971625,0.155096,1.532482,0.128125,-0.019285,0.178784,-0.886856,0.187713,0.784562,-0.037224,0.478268,2.108836,0.977757,0.271271,1.503058
475,0.949000,0.121939,-0.135599,0.208329,-0.892866,0.072513,0.814019,-0.042914,0.364290,2.137819,0.971891,0.156178,1.532129,0.128112,-0.019462,0.178767,-0.886693,0.188651,0.784457,-0.036741,0.480428,2.108258,0.978064,0.272316,1.502568
476,0.951000,0.121884,-0.135741,0.208450,-0.892744,0.073494,0.814050,-0.042471,0.366500,2.137373,0.972157,0.157265,1.531773,0.128099,-0.019640,0.178751,-0.886529,0.189594,0.784350,-0.036256,0.482600,2.107673,0.978372,0.273366,1.502073
477,0.953000,0.121830,-0.135884,0.208573,-0.892620,0.074480,0.814079,-0.042025,0.368722,2.136920,0.972425,0.158358,1.531414,0.128087,-0.019822,0.178734,-0.886363,0.190542,0.784240,-0.035768,0.484785,2.107081,0.978682,0.274421,1.501575
478,0.955000,0.121774,-0.136030,0.208696,-0.892497,0.075471,0.814107,-0.041577,0.370958,2.136462,0.972694,0.159457,1.531051,0.128074,-0.020006,0.178717,-0.886197,0.191495,0.784127,-0.035278,0.486982,2.106482,0.978993,0.275481,1.501072
479,0.957000,0.121719,-0.136178,0.208820,-0.892372,0.076467,0.814132,-0.041126,0.373206,2.135997,0.972964,0.160561,1.530685,0.128061,-0.020193,0.178699,-0.886030,0.192452,0.784011,-0.034785,0.489191,2.105876,0.979306,0.276546,1.500565
480,0.959000,0.121663,-0.136328,0.208945,-0.892246,0.077470,0.814155,-0.040674,0.375467,2.135525,0.973236,0.161670,1.530316,0.128047,-0.020382,0.178682,-0.885862,0.193415,0.783892,-0.034289,0.491413,2.105263,0.979620,0.277616,1.500053
481,0.961000,0.121606,-0.136480,0.209070,-0.892120,0.078477,0.814175,-0.040219,0.377741,2.135048,0.973508,0.162785,1.529943,0.128034,-0.020574,0.178664,-0.885693,0.194383,0.783769,-0.033791,0.493647,2.104642,0.979936,0.278690,1.499537
482,0.963000,0.121549,-0.136635,0.209197,-0.891993,0.079490,0.814193,-0.039761,0.380029,2.134563,0.973781,0.163904,1.529567,0.128021,-0.020770,0.178647,-0.885522,0.195355,0.783644,-0.033290,0.495895,2.104013,0.980253,0.279770,1.499017
483,0.965000,0.121492,-0.136792,0.209323,-0.891866,0.080508,0.814209,-0.039302,0.382330,2.134072,0.974056,0.165030,1.529186,0.128007,-0.020967,0.178629,-0.885351,0.196333,0.783515,-0.032787,0.498154,2.103378,0.980571,0.280855,1.498492
484,0.967000,0.121434,-0.136950,0.209451,-0.891737,0.081532,0.814223,-0.038840,0.384643,2.133575,0.974332,0.166161,1.528803,0.127993,-0.021167,0.178611,-0.885178,0.197315,0.783383,-0.032281,0.500427,2.102734,0.980891,0.281945,1.497962
485,0.969000,0.121376,-0.137111,0.209579,-0.891608,0.082561,0.814234,-0.038375,0.386971,2.133070,0.974609,0.167299,1.528416,0.127979,-0.021369,0.178592,-0.885005,0.198303,0.783247,-0.031772,0.502713,2.102083,0.981212,0.283040,1.497429
486,0.971000,0.121318,-0.137274,0.209708,-0.891478,0.083596,0.814243,-0.037909,0.389312,2.132559,0.974887,0.168441,1.528025,0.127966,-0.021575,0.178574,-0.884830,0.199296,0.783108,-0.031261,0.505011,2.101424,0.981534,0.284141,1.496890
487,0.973000,0.121259,-0.137440,0.209838,-0.891347,0.084636,0.814249,-0.037440,0.391666,2.132041,0.975166,0.169590,1.527630,0.127951,-0.021783,0.178555,-0.884654,0.200293,0.782965,-0.030747,0.507323,2.100757,0.981858,0.285247,1.496347
488,0.975000,0.121200,-0.137607,0.209969,-0.891215,0.085682,0.814252,-0.036969,0.394033,2.131515,0.975446,0.170744,1.527232,0.127937,-0.021993,0.178536,-0.884477,0.201296,0.782819,-0.030231,0.509647,2.100083,0.982184,0.286358,1.495799
489,0.977000,0.121140,-0.137777,0.210100,-0.891082,0.086733,0.814253,-0.036495,0.396414,2.130983,0.975728,0.171904,1.526830,0.127923,-0.022207,0.178517,-0.884300,0.202304,0.782669,-0.029712,0.511985,2.099400,0.982510,0.287474,1.495247
490,0.979000,0.121080,-0.137949,0.210232,-0.890949,0.087791,0.814250,-0.036019,0.398809,2.130443,0.976010,0.173070,1.526424,0.127909,-0.022423,0.178497,-0.884120,0.203317,0.782516,-0.029190,0.514335,2.098708,0.982839,0.288596,1.494690
491,0.981000,0.121020,-0.138124,0.210365,-0.890815,0.088853,0.814246,-0.035541,0.401218,2.129896,0.976294,0.174241,1.526014,0.127894,-0.022642,0.178478,-0.883940,0.204334,0.782359,-0.028666,0.516699,2.098009,0.983168,0.289723,1.494128
492,0.983000,0.120959,-0.138300,0.210498,-0.890680,0.089922,0.814238,-0.035060,0.403640,2.129341,0.976579,0.175418,1.525601,0.127880,-0.022864,0.178458,-0.883759,0.205358,0.782198,-0.028139,0.519076,2.097301,0.983499,0.290854,1.493561
493,0.985000,0.120898,-0.138479,0.210632,-0.890544,0.090996,0.814228,-0.034577,0.406077,2.128779,0.976865,0.176601,1.525183,0.127865,-0.023089,0.178438,-0.883576,0.206387,0.782033,-0.027609,0.521467,2.096584,0.983832,0.291992,1.492989
494,0.987000,0.120836,-0.138660,0.210767,-0.890407,0.092077,0.814214,-0.034091,0.408526,2.128209,0.977152,0.177789,1.524762,0.127850,-0.023316,0.178417,-0.883393,0.207421,0.781865,-0.027077,0.523871,2.095860,0.984166,0.293134,1.492412
495,0.989000,0.120774,-0.138843,0.210903,-0.890269,0.093163,0.814198,-0.033603,0.410991,2.127632,0.977440,0.178984,1.524336,0.127835,-0.023546,0.178397,-0.883208,0.208460,0.781692,-0.026542,0.526288,2.095126,0.984501,0.294282,1.491831
496,0.991000,0.120711,-0.139029,0.211039,-0.890131,0.094255,0.814178,-0.033112,0.413469,2.127046,0.977730,0.180185,1.523907,0.127820,-0.023779,0.178376,-0.883022,0.209505,0.781516,-0.026003,0.528719,2.094384,0.984838,0.295435,1.491244
497,0.993000,0.120648,-0.139216,0.211176,-0.889991,0.095353,0.814156,-0.032619,0.415961,2.126453,0.978020,0.181392,1.523473,0.127805,-0.024014,0.178355,-0.882835,0.210555,0.781335,-0.025463,0.531163,2.093632,0.985177,0.296594,1.490652
498,0.995000,0.120585,-0.139406,0.211314,-0.889851,0.096457,0.814130,-0.032124,0.418468,2.125852,0.978312,0.182604,1.523035,0.127789,-0.024253,0.178334,-0.882646,0.211611,0.781151,-0.024919,0.533622,2.092872,0.985517,0.297758,1.490055
499,0.997000,0.120521,-0.139599,0.211452,-0.889710,0.097567,0.814102,-0.031625,0.420989,2.125242,0.978605,0.183823,1.522593,0.127774,-0.024494,0.178312,-0.882457,0.212672,0.780962,-0.024372,0.536094,2.092103,0.985858,0.298928,1.489453
500,0.999000,0.120457,-0.139793,0.211591,-0.889568,0.098683,0.814070,-0.031125,0.423524,2.124625,0.978900,0.185048,1.522146,0.127758,-0.024738,0.178290,-0.882266,0.213738,0.780769,-0.023823,0.538579,2.091324,0.986201,0.300103,1.488845
501,1.001000,0.120392,-0.139990,0.211731,-0.889424,0.099804,0.814035,-0.030621,0.426073,2.123999,0.979195,0.186279,1.521695,0.127742,-0.024985,0.178268,-0.882074,0.214810,0.780572,-0.023271,0.541079,2.090536,0.986546,0.301284,1.488232
502,1.003000,0.120327,-0.140189,0.211872,-0.889281,0.100933,0.813997,-0.030115,0.428637,2.123365,0.979492,0.187515,1.521240,0.127726,-0.025235,0.178246,-0.881881,0.215887,0.780371,-0.022716,0.543592,2.089739,0.986892,0.302470,1.487614
503,1.005000,0.120261,-0.140390,0.212014,-0.889136,0.102067,0.813955,-0.029607,0.431215,2.122722,0.979790,0.188759,1.520781,0.127710,-0.025487,0.178224,-0.881686,0.216970,0.780165,-0.022158,0.546119,2.088932,0.987239,0.303662,1.486991
504,1.007000,0.120195,-0.140593,0.212156,-0.888990,0.103206,0.813910,-0.029096,0.433808,2.122071,0.980089,0.190008,1.520317,0.127694,-0.025742,0.178201,-0.881491,0.218057,0.779955,-0.021597,0.548659,2.088116,0.987588,0.304860,1.486362
505,1.009000,0.120128,-0.140799,0.212299,-0.888843,0.104353,0.813861,-0.028582,0.436416,2.121411,0.980389,0.191264,1.519848,0.127678,-0.026000,0.178178,-0.881294,0.219152,0.779740,-0.021033,0.551215,2.087290,0.987939,0.306063,1.485727
506,1.011000,0.120061,-0.141007,0.212443,-0.888695,0.105505,0.813809,-0.028066,0.439038,2.120742,0.980691,0.192526,1.519375,0.127661,-0.026261,0.178155,-0.881095,0.220251,0.779521,-0.020466,0.553784,2.086454,0.988291,0.307272,1.485087
507,1.013000,0.119994,-0.141217,0.212587,-0.888547,0.106664,0.813754,-0.027547,0.441675,2.120064,0.980993,0.193794,1.518898,0.127645,-0.026525,0.178131,-0.880896,0.221356,0.779297,-0.019896,0.556367,2.085608,0.988644,0.308486,1.484442
508,1.015000,0.119926,-0.141430,0.212733,-0.888397,0.107828,0.813694,-0.027026,0.444327,2.119377,0.981297,0.195069,1.518416,0.127628,-0.026792,0.178107,-0.880695,0.222466,0.779069,-0.019324,0.558965,2.084752,0.988999,0.309707,1.483790
509,1.017000,0.119858,-0.141644,0.212879,-0.888246,0.109000,0.813631,-0.026502,0.446994,2.118681,0.981603,0.196350,1.517929,0.127611,-0.027061,0.178083,-0.880493,0.223583,0.778836,-0.018748,0.561576,2.083886,0.989356,0.310932,1.483134
510,1.019000,0.119789,-0.141861,0.213026,-0.888095,0.110177,0.813565,-0.025975,0.449676,2.117976,0.981909,0.197637,1.517437,0.127594,-0.027334,0.178059,-0.880290,0.224704,0.778598,-0.018170,0.564203,2.083010,0.989714,0.312164,1.482471
511,1.021000,0.119720,-0.142080,0.213173,-0.887942,0.111361,0.813494,-0.025445,0.452373,2.117262,0.982217,0.198932,1.516941,0.127577,-0.027609,0.178035,-0.880085,0.225832,0.778355,-0.017588,0.566844,2.082123,0.990074,0.313402,1.481802
512,1.023000,0.119650,-0.142301,0.213322,-0.887788,0.112551,0.813420,-0.024913,0.455084,2.116538,0.982526,0.200232,1.516440,0.127560,-0.027887,0.178010,-0.879879,0.226965,0.778108,-0.017004,0.569498,2.081226,0.990435,0.314646,1.481128
513,1.025000,0.119580,-0.142525,0.213471,-0.887634,0.113748,0.813341,-0.024378,0.457811,2.115804,0.982836,0.201539,1.515934,0.127542,-0.028169,0.177985,-0.879672,0.228104,0.777855,-0.016416,0.572168,2.080319,0.990798,0.315895,1.480448
514,1.027000,0.119510,-0.142750,0.213621,-0.887478,0.114951,0.813259,-0.023841,0.460553,2.115061,0.983147,0.202852,1.515423,0.127525,-0.028452,0.177960,-0.879463,0.229249,0.777598,-0.015826,0.574851,2.079400,0.991162,0.317150,1.479762
515,1.029000,0.119439,-0.142979,0.213772,-0.887321,0.116160,0.813173,-0.023300,0.463311,2.114308,0.983460,0.204173,1.514907,0.127507,-0.028740,0.177934,-0.879253,0.230399,0.777335,-0.015232,0.577551,2.078471,0.991528,0.318412,1.479070
516,1.031000,0.119367,-0.143208,0.213923,-0.887164,0.117376,0.813082,-0.022757,0.466084,2.113545,0.983774,0.205500,1.514386,0.127489,-0.029029,0.177909,-0.879042,0.231556,0.777067,-0.014635,0.580264,2.077530,0.991895,0.319679,1.478372
517,1.033000,0.119295,-0.143442,0.214076,-0.887005,0.118599,0.812987,-0.022211,0.468873,2.112772,0.984089,0.206832,1.513861,0.127471,-0.029322,0.177883,-0.878829,0.232718,0.776794,-0.014036,0.582992,2.076579,0.992265,0.320952,1.477667
518,1.035000,0.119223,-0.143676,0.214229,-0.886845,0.119828,0.812888,-0.021663,0.471676,2.111989,0.984405,0.208172,1.513330,0.127453,-0.029618,0.177856,-0.878615,0.233886,0.776516,-0.013433,0.585735,2.075616,0.992635,0.322231,1.476957
519,1.037000,0.119150,-0.143913,0.214383,-0.886684,0.121064,0.812785,-0.021112,0.474496,2.111196,0.984723,0.209518,1.512794,0.127435,-0.029917,0.177830,-0.878400,0.235061,0.776232,-0.012827,0.588492,2.074642,0.993007,0.323515,1.476241
520,1.039000,0.119077,-0.144153,0.214538,-0.886522,0.122306,0.812677,-0.020557,0.477331,2.110392,0.985041,0.210872,1.512252,0.127416,-0.030218,0.177803,-0.878183,0.236241,0.775943,-0.012218,0.591265,2.073657,0.993381,0.324806,1.475518
521,1.041000,0.119003,-0.144393,0.214694,-0.886359,0.123556,0.812565,-0.020000,0.480181,2.109577,0.985362,0.212232,1.511706,0.127398,-0.030522,0.177776,-0.877964,0.237427,0.775648,-0.011606,0.594052,2.072660,0.993756,0.326103,1.474789
522,1.043000,0.118929,-0.144636,0.214850,-0.886195,0.124811,0.812449,-0.019441,0.483047,2.108753,0.985683,0.213600,1.511154,0.127379,-0.030829,0.177749,-0.877745,0.238618,0.775348,-0.010991,0.596854,2.071652,0.994133,0.327407,1.474053
523,1.045000,0.118854,-0.144881,0.215007,-0.886030,0.126074,0.812327,-0.018878,0.485929,2.107917,0.986006,0.214974,1.510597,0.127360,-0.031138,0.177721,-0.877524,0.239817,0.775042,-0.010372,0.599671,2.070631,0.994512,0.328716,1.473311
524,1.047000,0.118779,-0.145128,0.215165,-0.885863,0.127343,0.812202,-0.018313,0.488826,2.107071,0.986330,0.216354,1.510034,0.127341,-0.031451,0.177693,-0.877301,0.241021,0.774730,-0.009751,0.602504,2.069599,0.994892,0.330032,1.472563
525,1.049000,0.118704,-0.145378,0.215324,-0.885696,0.128620,0.812071,-0.017745,0.491739,2.106213,0.986655,0.217742,1.509466,0.127322,-0.031766,0.177665,-0.877077,0.242231,0.774413,-0.009126,0.605351,2.068555,0.995274,0.331353,1.471808
526,1.051000,0.118628,-0.145630,0.215483,-0.885527,0.129902,0.811936,-0.017173,0.494669,2.105345,0.986981,0.219137,1.508892,0.127303,-0.032085,0.177637,-0.876852,0.243447,0.774089,-0.008498,0.608213,2.067498,0.995657,0.332682,1.471046
527,1.053000,0.118551,-0.145883,0.215644,-0.885357,0.131192,0.811795,-0.016599,0.497614,2.104465,0.987309,0.220539,1.508313,0.127284,-0.032406,0.177608,-0.876625,0.244669,0.773760,-0.007867,0.611091,2.066430,0.996042,0.334016,1.470278
528,1.055000,0.118474,-0.146138,0.215805,-0.885187,0.132489,0.811650,-0.016022,0.500575,2.103574,0.987638,0.221947,1.507728,0.127264,-0.032730,0.177579,-0.876396,0.245897,0.773425,-0.007232,0.613983,2.065348,0.996428,0.335356,1.469503
529,1.057000,0.118397,-0.146396,0.215966,-0.885014,0.133792,0.811500,-0.015442,0.503551,2.102671,0.987969,0.223363,1.507137,0.127245,-0.033057,0.177550,-0.876166,0.247132,0.773084,-0.006595,0.616891,2.064255,0.996817,0.336703,1.468721
530,1.059000,0.118319,-0.146656,0.216129,-0.884841,0.135103,0.811345,-0.014860,0.506545,2.101757,0.988300,0.224786,1.506541,0.127225,-0.033386,0.177520,-0.875935,0.248373,0.772736,-0.005954,0.619814,2.063148,0.997206,0.338056,1.467932
531,1.061000,0.118241,-0.146918,0.216292,-0.884667,0.136421,0.811184,-0.014274,0.509554,2.100831,0.988633,0.226216,1.505939,0.127205,-0.033719,0.177490,-0.875702,0.249620,0.772382,-0.005309,0.622753,2.062029,0.997598,0.339415,1.467137
532,1.063000,0.118162,-0.147182,0.216457,-0.884491,0.137745,0.811019,-0.013685,0.512580,2.099893,0.988968,0.227653,1.505331,0.127185,-0.034054,0.177460,-0.875468,0.250872,0.772022,-0.004662,0.625708,2.060896,0.997991,0.340781,1.466334
533,1.065000,0.118083,-0.147447,0.216622,-0.884314,0.139077,0.810848,-0.013094,0.515622,2.098943,0.989303,0.229098,1.504717,0.127165,-0.034392,0.177430,-0.875232,0.252132,0.771656,-0.004011,0.628677,2.059751,0.998385,0.342153,1.465525
534,1.067000,0.118003,-0.147715,0.216788,-0.884136,0.140416,0.810672,-0.012499,0.518681,2.097981,0.989640,0.230550,1.504097,0.127145,-0.034733,0.177399,-0.874994,0.253398,0.771283,-0.003357,0.631663,2.058592,0.998782,0.343532,1.464708
535,1.069000,0.117923,-0.147985,0.216955,-0.883957,0.141762,0.810490,-0.011902,0.521755,2.097006,0.989978,0.232008,1.503471,0.127124,-0.035077,0.177368,-0.874755,0.254670,0.770903,-0.002700,0.634663,2.057420,0.999179,0.344916,1.463885
536,1.071000,0.117842,-0.148258,0.217123,-0.883777,0.143114,0.810302,-0.011301,0.524847,2.096019,0.990317,0.233474,1.502839,0.127104,-0.035425,0.177337,-0.874515,0.255948,0.770517,-0.002040,0.637680,2.056233,0.999579,0.346307,1.463054
537,1.073000,0.117760,-0.148533,0.217291,-0.883595,0.144475,0.810109,-0.010698,0.527955,2.095019,0.990658,0.234947,1.502201,0.127083,-0.035776,0.177306,-0.874273,0.257232,0.770124,-0.001375,0.640713,2.055034,0.999980,0.347705,1.462215
538,1.075000,0.117678,-0.148809,0.217460,-0.883412,0.145843,0.809911,-0.010091,0.531079,2.094007,0.991000,0.236427,1.501556,0.127061,-0.036128,0.177274,-0.874029,0.258524,0.769724,-0.000708,0.643760,2.053820,1.000383,0.349108,1.461370
539,1.077000,0.117595,-0.149087,0.217630,-0.883229,0.147218,0.809707,-0.009481,0.534220,2.092981,0.991343,0.237915,1.500905,0.127039,-0.036484,0.177242,-0.873785,0.259821,0.769318,-0.000037,0.646824,2.052593,1.000787,0.350519,1.460516
540,1.079000,0.117511,-0.149369,0.217801,-0.883044,0.148600,0.809497,-0.008868,0.537379,2.091943,0.991687,0.239410,1.500247,0.127017,-0.036844,0.177209,-0.873538,0.261125,0.768905,0.000638,0.649904,2.051351,1.001193,0.351935,1.459655
541,1.081000,0.117426,-0.149651,0.217973,-0.882858,0.149989,0.809282,-0.008251,0.540553,2.090891,0.992033,0.240913,1.499582,0.126993,-0.037205,0.177177,-0.873291,0.262436,0.768486,0.001316,0.652999,2.050095,1.001601,0.353359,1.458786
542,1.083000,0.117340,-0.149935,0.218145,-0.882672,0.151387,0.809062,-0.007631,0.543744,2.089827,0.992381,0.242423,1.498911,0.126970,-0.037569,0.177143,-0.873042,0.263753,0.768060,0.001998,0.656110,2.048825,1.002010,0.354789,1.457909
543,1.085000,0.117253,-0.150221,0.218319,-0.882484,0.152791,0.808835,-0.007008,0.546953,2.088749,0.992729,0.243941,1.498232,0.126945,-0.037936,0.177110,-0.872792,0.265076,0.767627,0.002684,0.659238,2.047540,1.002421,0.356225,1.457024
544,1.087000,0.117165,-0.150510,0.218493,-0.882295,0.154203,0.808603,-0.006381,0.550179,2.087657,0.993079,0.245465,1.497547,0.126919,-0.038307,0.177077,-0.872541,0.266406,0.767187,0.003374,0.662382,2.046240,1.002834,0.357668,1.456130
545,1.089000,0.117075,-0.150802,0.218668,-0.882106,0.155622,0.808365,-0.005751,0.553421,2.086551,0.993430,0.246997,1.496854,0.126893,-0.038681,0.177043,-0.872288,0.267742,0.766740,0.004067,0.665541,2.044925,1.003248,0.359117,1.455228
546,1.091000,0.116985,-0.151094,0.218844,-0.881915,0.157049,0.808121,-0.005117,0.556680,2.085431,0.993783,0.248537,1.496154,0.126866,-0.039057,0.177009,-0.872034,0.269085,0.766286,0.004764,0.668717,2.043596,1.003664,0.360574,1.454318
547,1.093000,0.116893,-0.151388,0.219021,-0.881723,0.158484,0.807872,-0.004479,0.559957,2.084297,0.994137,0.250085,1.495447,0.126838,-0.039437,0.176974,-0.871778,0.270435,0.765825,0.005466,0.671908,2.042251,1.004082,0.362036,1.453400
548,1.095000,0.116800,-0.151684,0.219198,-0.881531,0.159926,0.807616,-0.003838,0.563250,2.083150,0.994492,0.251640,1.494732,0.126809,-0.039818,0.176939,-0.871521,0.271792,0.765357,0.006171,0.675116,2.040890,1.004501,0.363506,1.452472
549,1.097000,0.116705,-0.151984,0.219377,-0.881337,0.161376,0.807354,-0.003194,0.566562,2.081987,0.994849,0.253202,1.494009,0.126779,-0.040205,0.176904,-0.871263,0.273155,0.764881,0.006880,0.678341,2.039514,1.004922,0.364981,1.451536
550,1.099000,0.116609,-0.152286,0.219556,-0.881142,0.162833,0.807086,-0.002545,0.569890,2.080809,0.995207,0.254772,1.493279,0.126748,-0.040594,0.176868,-0.871004,0.274524,0.764398,0.007593,0.681582,2.038122,1.005345,0.366463,1.450592
551,1.101000,0.116512,-0.152589,0.219736,-0.880947,0.164298,0.806812,-0.001893,0.573236,2.079618,0.995566,0.256349,1.492541,0.126715,-0.040986,0.176832,-0.870744,0.275901,0.763908,0.008311,0.684838,2.036714,1.005770,0.367952,1.449638
552,1.103000,0.116413,-0.152893,0.219917,-0.880751,0.165771,0.806532,-0.001237,0.576599,2.078411,0.995927,0.257935,1.491795,0.126682,-0.041380,0.176796,-0.870482,0.277284,0.763411,0.009032,0.688112,2.035290,1.006196,0.369448,1.448674
553,1.105000,0.116312,-0.153200,0.220098,-0.880554,0.167251,0.806245,-0.000577,0.579980,2.077188,0.996289,0.259528,1.491041,0.126647,-0.041778,0.176759,-0.870219,0.278674,0.762906,0.009758,0.691402,2.033849,1.006624,0.370950,1.447702
554,1.107000,0.116210,-0.153510,0.220281,-0.880356,0.168740,0.805952,0.000087,0.583378,2.075951,0.996653,0.261127,1.490279,0.126611,-0.042180,0.176722,-0.869955,0.280071,0.762394,0.010488,0.694708,2.032392,1.007054,0.372458,1.446721
555,1.109000,0.116106,-0.153821,0.220464,-0.880157,0.170236,0.805653,0.000755,0.586794,2.074698,0.997018,0.262736,1.489509,0.126573,-0.042583,0.176685,-0.869690,0.281474,0.761874,0.011222,0.698031,2.030919,1.007485,0.373974,1.445730
556,1.111000,0.116000,-0.154134,0.220648,-0.879958,0.171741,0.805347,0.001426,0.590227,2.073429,0.997384,0.264352,1.488730,0.126534,-0.042990,0.176647,-0.869423,0.282885,0.761347,0.011961,0.701371,2.029428,1.007918,0.375496,1.444729
557,1.113000,0.115892,-0.154450,0.220833,-0.879757,0.173253,0.805035,0.002102,0.593679,2.072145,0.997752,0.265975,1.487943,0.126494,-0.043402,0.176609,-0.869156,0.284302,0.760811,0.012704,0.704727,2.027921,1.008353,0.377024,1.443718
558,1.115000,0.115783,-0.154768,0.221019,-0.879556,0.174773,0.804716,0.002782,0.597147,2.070844,0.998121,0.267606,1.487146,0.126452,-0.043815,0.176570,-0.868887,0.285726,0.760268,0.013451,0.708100,2.026396,1.008790,0.378559,1.442698
559,1.117000,0.115672,-0.155087,0.221205,-0.879354,0.176301,0.804391,0.003466,0.600632,2.069528,0.998492,0.269245,1.486342,0.126408,-0.044231,0.176531,-0.868617,0.287157,0.759717,0.014202,0.711488,2.024854,1.009228,0.380101,1.441668
560,1.119000,0.115558,-0.155407,0.221392,-0.879151,0.177837,0.804059,0.004154,0.604136,2.068195,0.998864,0.270892,1.485528,0.126363,-0.044650,0.176492,-0.868347,0.288595,0.759158,0.014959,0.714894,2.023295,1.009668,0.381650,1.440628
561,1.121000,0.115443,-0.155732,0.221580,-0.878948,0.179381,0.803719,0.004846,0.607658,2.066845,0.999237,0.272545,1.484705,0.126316,-0.045074,0.176452,-0.868075,0.290039,0.758591,0.015719,0.718317,2.021717,1.010110,0.383204,1.439578
562,1.123000,0.115326,-0.156056,0.221768,-0.878744,0.180934,0.803373,0.005543,0.611197,2.065479,0.999612,0.274208,1.483874,0.126268,-0.045498,0.176411,-0.867802,0.291492,0.758016,0.016485,0.721755,2.020122,1.010554,0.384765,1.438517
563,1.125000,0.115206,-0.156382,0.221957,-0.878539,0.182494,0.803020,0.006243,0.614754,2.064096,0.999988,0.275878,1.483033,0.126217,-0.045926,0.176370,-0.867527,0.292950,0.757433,0.017254,0.725210,2.018509,1.010999,0.386334,1.437446
564,1.127000,0.115084,-0.156712,0.222147,-0.878333,0.184063,0.802660,0.006948,0.618330,2.062695,1.000366,0.277556,1.482183,0.126165,-0.046358,0.176329,-0.867252,0.294416,0.756842,0.018029,0.728683,2.016877,1.011446,0.387909,1.436364
565,1.129000,0.114961,-0.157043,0.222338,-0.878126,0.185639,0.802293,0.007658,0.621923,2.061278,1.000745,0.279241,1.481323,0.126111,-0.046793,0.176288,-0.866976,0.295888,0.756242,0.018808,0.732173,2.015227,1.011895,0.389491,1.435272
566,1.131000,0.114835,-0.157375,0.222529,-0.877919,0.187223,0.801919,0.008372,0.625533,2.059843,1.001126,0.280935,1.480453,0.126055,-0.047230,0.176245,-0.866699,0.297368,0.755635,0.019592,0.735677,2.013559,1.012346,0.391080,1.434169
567,1.133000,0.114705,-0.157717,0.222655,-0.877713,0.188799,0.801475,0.009087,0.629135,2.058332,1.001506,0.282619,1.479512,0.125995,-0.047678,0.176137,-0.866423,0.298838,0.754957,0.020378,0.739174,2.011814,1.012796,0.392658,1.432994
568,1.135000,0.114574,-0.158082,0.222856,-0.877505,0.190394,0.801081,0.009808,0.632796,2.056851,1.001887,0.284319,1.478625,0.125936,-0.048152,0.176099,-0.866142,0.300325,0.754324,0.021170,0.742726,2.010094,1.013249,0.394250,1.431869
569,1.137000,0.114442,-0.158430,0.223066,-0.877294,0.192007,0.800694,0.010534,0.636472,2.055369,1.002271,0.286035,1.477742,0.125876,-0.048609,0.176071,-0.865860,0.301828,0.753699,0.021969,0.746293,2.008374,1.013705,0.395856,1.430747
570,1.139000,0.114307,-0.158777,0.223274,-0.877084,0.193625,0.800298,0.011266,0.640166,2.053867,1.002657,0.287764,1.476843,0.125813,-0.049066,0.176039,-0.865578,0.303336,0.753063,0.022772,0.749877,2.006633,1.014163,0.397475,1.429609
571,1.141000,0.114169,-0.159130,0.223481,-0.876873,0.195254,0.799890,0.012002,0.643883,2.052341,1.003044,0.289498,1.475932,0.125747,-0.049531,0.176005,-0.865294,0.304853,0.752414,0.023580,0.753482,2.004866,1.014622,0.399097,1.428456
572,1.143000,0.114025,-0.159487,0.223688,-0.876663,0.196893,0.799476,0.012744,0.647618,2.050796,1.003432,0.291238,1.475009,0.125676,-0.050001,0.175970,-0.865011,0.306379,0.751758,0.024396,0.757104,2.003078,1.015083,0.400724,1.427290
573,1.145000,0.113875,-0.159850,0.223829,-0.876455,0.198521,0.798994,0.013489,0.651339,2.049177,1.003819,0.292968,1.474011,0.125599,-0.050478,0.175868,-0.864731,0.307893,0.751034,0.025213,0.760711,2.001216,1.015543,0.402340,1.426050
574,1.147000,0.113725,-0.160233,0.224039,-0.876244,0.200166,0.798559,0.014240,0.655114,2.047583,1.004209,0.294715,1.473062,0.125523,-0.050977,0.175832,-0.864446,0.309422,0.750352,0.026038,0.764370,1.999375,1.016007,0.403971,1.424855
575,1.149000,0.113572,-0.160602,0.224258,-0.876032,0.201826,0.798131,0.014999,0.658907,2.045986,1.004603,0.296479,1.472113,0.125444,-0.051463,0.175804,-0.864161,0.310964,0.749677,0.026871,0.768045,1.997532,1.016475,0.405618,1.423659
576,1.151000,0.113415,-0.160971,0.224475,-0.875820,0.203496,0.797691,0.015763,0.662722,2.044363,1.004998,0.298254,1.471147,0.125361,-0.051951,0.175773,-0.863874,0.312516,0.748989,0.027709,0.771742,1.995661,1.016944,0.407274,1.422444
577,1.153000,0.113255,-0.161348,0.224688,-0.875608,0.205174,0.797237,0.016530,0.666556,2.042714,1.005393,0.300035,1.470166,0.125275,-0.052448,0.175736,-0.863588,0.314074,0.748285,0.028551,0.775456,1.993762,1.017414,0.408935,1.421214
578,1.155000,0.113093,-0.161733,0.224835,-0.875398,0.206838,0.796710,0.017295,0.670376,2.040989,1.005786,0.301805,1.469114,0.125188,-0.052954,0.175634,-0.863303,0.315617,0.747509,0.029390,0.779156,1.991788,1.017881,0.410584,1.419913
579,1.157000,0.112926,-0.162137,0.225053,-0.875185,0.208526,0.796232,0.018070,0.674252,2.039290,1.006182,0.303590,1.468112,0.125098,-0.053481,0.175598,-0.863014,0.317181,0.746776,0.030241,0.782908,1.989835,1.018353,0.412245,1.418656
580,1.159000,0.112753,-0.162532,0.225285,-0.874972,0.210231,0.795763,0.018855,0.678151,2.037586,1.006581,0.305388,1.467108,0.125001,-0.054001,0.175575,-0.862724,0.318762,0.746053,0.031103,0.786681,1.987876,1.018829,0.413918,1.417397
581,1.161000,0.112575,-0.162923,0.225512,-0.874761,0.211942,0.795287,0.019645,0.682066,2.035859,1.006982,0.307201,1.466084,0.124899,-0.054518,0.175546,-0.862437,0.320346,0.745321,0.031969,0.790470,1.985893,1.019305,0.415606,1.416119
582,1.163000,0.112393,-0.163326,0.225671,-0.874553,0.213638,0.794736,0.020433,0.685971,2.034051,1.007379,0.309007,1.464986,0.124792,-0.055048,0.175450,-0.862154,0.321916,0.744515,0.032832,0.794249,1.983830,1.019778,0.417285,1.414765
583,1.165000,0.112205,-0.163749,0.225898,-0.874345,0.215361,0.794224,0.021225,0.689934,2.032261,1.007775,0.310824,1.463935,0.124683,-0.055601,0.175416,-0.861867,0.323509,0.743743,0.033702,0.798082,1.981780,1.020252,0.418972,1.413453
584,1.167000,0.112010,-0.164161,0.226135,-0.874138,0.217101,0.793719,0.022025,0.693915,2.030465,1.008172,0.312652,1.462881,0.124566,-0.056145,0.175392,-0.861582,0.325117,0.742976,0.034580,0.801931,1.979722,1.020728,0.420669,1.412139
585,1.169000,0.111813,-0.164571,0.226324,-0.873931,0.218833,0.793166,0.022829,0.697888,2.028613,1.008573,0.314484,1.461771,0.124446,-0.056687,0.175321,-0.861298,0.326718,0.742163,0.035462,0.805773,1.977610,1.021206,0.422368,1.410768
586,1.171000,0.111614,-0.165012,0.226540,-0.873721,0.220573,0.792615,0.023640,0.701907,2.026738,1.008975,0.316323,1.460663,0.124325,-0.057262,0.175272,-0.861009,0.328322,0.741347,0.036352,0.809657,1.975470,1.021686,0.424073,1.409395
587,1.173000,0.111408,-0.165446,0.226786,-0.873510,0.222337,0.792082,0.024462,0.705958,2.024867,1.009380,0.318175,1.459570,0.124200,-0.057833,0.175251,-0.860719,0.329950,0.740548,0.037253,0.813571,1.973333,1.022171,0.425788,1.408036
588,1.175000,0.111195,-0.165875,0.227026,-0.873301,0.224109,0.791544,0.025293,0.710019,2.022974,1.009789,0.320035,1.458456,0.124065,-0.058400,0.175225,-0.860430,0.331584,0.739743,0.038164,0.817495,1.971173,1.022659,0.427511,1.406655
589,1.177000,0.110982,-0.166314,0.227197,-0.873091,0.225863,0.790932,0.026125,0.714065,2.021001,1.010198,0.321888,1.457266,0.123931,-0.058976,0.175129,-0.860142,0.333200,0.738865,0.039074,0.821402,1.968934,1.023147,0.429225,1.405198
590,1.179000,0.110764,-0.166775,0.227437,-0.872878,0.227642,0.790361,0.026969,0.718174,2.019041,1.010611,0.323756,1.456117,0.123794,-0.059580,0.175098,-0.859848,0.334838,0.738022,0.039999,0.825369,1.966702,1.023641,0.430951,1.403778
591,1.181000,0.110536,-0.167227,0.227689,-0.872666,0.229442,0.789798,0.027826,0.722305,2.017072,1.011028,0.325636,1.454962,0.123647,-0.060175,0.175077,-0.859555,0.336494,0.737187,0.040937,0.829357,1.964460,1.024139,0.432688,1.402351
592,1.183000,0.110309,-0.167681,0.227868,-0.872454,0.231223,0.789163,0.028682,0.726413,2.015027,1.011445,0.327509,1.453732,0.123500,-0.060772,0.174986,-0.859263,0.338131,0.736281,0.041873,0.833321,1.962144,1.024636,0.434418,1.400849
593,1.185000,0.110074,-0.168158,0.228112,-0.872241,0.233029,0.788563,0.029549,0.730583,2.012987,1.011864,0.329396,1.452536,0.123347,-0.061396,0.174953,-0.858968,0.339791,0.735404,0.042822,0.837344,1.959829,1.025137,0.436158,1.399377
594,1.187000,0.109829,-0.168628,0.228366,-0.872030,0.234850,0.787971,0.030428,0.734775,2.010937,1.012287,0.331297,1.451332,0.123184,-0.062015,0.174930,-0.858675,0.341463,0.734535,0.043783,0.841387,1.957501,1.025642,0.437909,1.397895
595,1.189000,0.109583,-0.169102,0.228554,-0.871819,0.236658,0.787310,0.031307,0.738948,2.008812,1.012710,0.333189,1.450055,0.123019,-0.062638,0.174841,-0.858383,0.343121,0.733597,0.044743,0.845412,1.955099,1.026146,0.439653,1.396343
596,1.191000,0.109327,-0.169595,0.228803,-0.871610,0.238489,0.786684,0.032195,0.743181,2.006693,1.013132,0.335097,1.448813,0.122846,-0.063284,0.174810,-0.858091,0.344800,0.732690,0.045714,0.849492,1.952699,1.026651,0.441408,1.394819
597,1.193000,0.109063,-0.170079,0.229018,-0.871404,0.240322,0.786023,0.033087,0.747410,2.004529,1.013555,0.337010,1.447523,0.122665,-0.063922,0.174743,-0.857802,0.346479,0.731749,0.046689,0.853567,1.950255,1.027156,0.443167,1.393249
598,1.195000,0.108795,-0.170582,0.229253,-0.871197,0.242163,0.785361,0.033985,0.751675,2.002342,1.013977,0.338929,1.446234,0.122480,-0.064581,0.174695,-0.857512,0.348164,0.730803,0.047670,0.857675,1.947784,1.027662,0.444930,1.391676
599,1.197000,0.108516,-0.171089,0.229517,-0.870992,0.244028,0.784713,0.034894,0.755977,2.000146,1.014402,0.340860,1.444951,0.122286,-0.065247,0.174673,-0.857222,0.349870,0.729869,0.048664,0.861819,1.945302,1.028172,0.446702,1.390107
600,1.199000,0.108238,-0.171594,0.229717,-0.870787,0.245873,0.784002,0.035803,0.760256,1.997882,1.014827,0.342789,1.443596,0.122090,-0.065911,0.174587,-0.856935,0.351556,0.728872,0.049655,0.865939,1.942752,1.028680,0.448472,1.388467
601,1.201000,0.107948,-0.172114,0.229975,-0.870583,0.247748,0.783322,0.036721,0.764595,1.995620,1.015252,0.344733,1.442274,0.121886,-0.066594,0.174557,-0.856646,0.353269,0.727903,0.050659,0.870116,1.940202,1.029190,0.450253,1.386855
602,1.203000,0.107650,-0.172630,0.230200,-0.870382,0.249625,0.782608,0.037646,0.768931,1.993312,1.015678,0.346677,1.440905,0.121672,-0.067273,0.174493,-0.856360,0.354982,0.726900,0.051668,0.874288,1.937605,1.029701,0.452033,1.385198
603,1.205000,0.107346,-0.173164,0.230443,-0.870183,0.251507,0.781890,0.038575,0.773299,1.990977,1.016104,0.348628,1.439531,0.121453,-0.067973,0.174444,-0.856075,0.356698,0.725891,0.052683,0.878490,1.934978,1.030211,0.453819,1.383531
604,1.207000,0.107033,-0.173693,0.230669,-0.869986,0.253396,0.781150,0.039510,0.777677,1.988604,1.016529,0.350588,1.438124,0.121225,-0.068670,0.174377,-0.855794,0.358419,0.724858,0.053703,0.882699,1.932313,1.030722,0.455611,1.381832
605,1.209000,0.106710,-0.174239,0.230917,-0.869792,0.255299,0.780409,0.040451,0.782090,1.986208,1.016953,0.352552,1.436715,0.120989,-0.069387,0.174330,-0.855513,0.360151,0.723822,0.054730,0.886942,1.929620,1.031232,0.457404,1.380128
606,1.211000,0.106381,-0.174784,0.231148,-0.869599,0.257207,0.779644,0.041397,0.786509,1.983773,1.017377,0.354518,1.435277,0.120747,-0.070104,0.174265,-0.855233,0.361887,0.722761,0.055763,0.891189,1.926890,1.031743,0.459198,1.378394
607,1.213000,0.106046,-0.175345,0.231401,-0.869405,0.259123,0.778880,0.042353,0.790963,1.981313,1.017804,0.356495,1.433833,0.120499,-0.070840,0.174219,-0.854952,0.363628,0.721698,0.056806,0.895468,1.924131,1.032257,0.461001,1.376651
608,1.215000,0.105709,-0.175900,0.231634,-0.869209,0.261044,0.778090,0.043315,0.795423,1.978814,1.018234,0.358479,1.432358,0.120249,-0.071571,0.174153,-0.854669,0.365373,0.720609,0.057855,0.899752,1.921333,1.032773,0.462808,1.374877
609,1.217000,0.105363,-0.176473,0.231888,-0.869013,0.262978,0.777300,0.044290,0.799918,1.976288,1.018666,0.360467,1.430877,0.119991,-0.072324,0.174105,-0.854386,0.367127,0.719517,0.058917,0.904067,1.918505,1.033294,0.464616,1.373093
610,1.219000,0.105012,-0.177043,0.232125,-0.868817,0.264918,0.776486,0.045273,0.804420,1.973723,1.019102,0.362460,1.429362,0.119727,-0.073074,0.174040,-0.854102,0.368886,0.718400,0.059988,0.908389,1.915637,1.033817,0.466428,1.371277
611,1.221000,0.104652,-0.177629,0.232382,-0.868621,0.266866,0.775671,0.046266,0.808953,1.971130,1.019539,0.364459,1.427841,0.119456,-0.073844,0.173991,-0.853817,0.370651,0.717280,0.061070,0.912738,1.912739,1.034343,0.468244,1.369450
612,1.223000,0.104288,-0.178207,0.232618,-0.868425,0.268820,0.774831,0.047266,0.813490,1.968499,1.019979,0.366464,1.426286,0.119181,-0.074607,0.173921,-0.853533,0.372420,0.716134,0.062158,0.917090,1.909803,1.034872,0.470064,1.367590
613,1.225000,0.103912,-0.178805,0.232875,-0.868231,0.270784,0.773992,0.048278,0.818061,1.965839,1.020421,0.368472,1.424722,0.118893,-0.075393,0.173870,-0.853250,0.374195,0.714987,0.063259,0.921472,1.906834,1.035402,0.471884,1.365716
614,1.227000,0.103531,-0.179401,0.233092,-0.868038,0.272746,0.773108,0.049295,0.822626,1.963121,1.020864,0.370479,1.423106,0.118601,-0.076179,0.173779,-0.852968,0.375968,0.713795,0.064365,0.925848,1.903808,1.035934,0.473701,1.363792
615,1.229000,0.103137,-0.180009,0.233369,-0.867847,0.274734,0.772257,0.050325,0.827247,1.960403,1.021308,0.372504,1.421515,0.118297,-0.076981,0.173743,-0.852687,0.377763,0.712631,0.065485,0.930276,1.900777,1.036468,0.475533,1.361889
616,1.231000,0.102739,-0.180614,0.233593,-0.867657,0.276712,0.771350,0.051355,0.831851,1.957621,1.021752,0.374525,1.419863,0.117988,-0.077780,0.173655,-0.852408,0.379547,0.711413,0.066604,0.934686,1.897683,1.037001,0.477360,1.359926
617,1.233000,0.102331,-0.181227,0.233825,-0.867470,0.278701,0.770436,0.052393,0.836480,1.954807,1.022195,0.376552,1.418196,0.117670,-0.078588,0.173575,-0.852132,0.381339,0.710186,0.067732,0.939119,1.894557,1.037533,0.479191,1.357946
618,1.235000,0.101909,-0.181859,0.234090,-0.867287,0.280707,0.769528,0.053441,0.841151,1.951967,1.022636,0.378586,1.416530,0.117338,-0.079421,0.173523,-0.851857,0.383145,0.708961,0.068870,0.943589,1.891400,1.038066,0.481024,1.355962
619,1.237000,0.101484,-0.182482,0.234316,-0.867104,0.282710,0.768576,0.054490,0.845815,1.949075,1.023078,0.380623,1.414814,0.117003,-0.080245,0.173433,-0.851585,0.384946,0.707693,0.070010,0.948051,1.888191,1.038598,0.482860,1.353931
620,1.239000,0.101049,-0.183112,0.234556,-0.866923,0.284727,0.767620,0.055548,0.850505,1.946153,1.023520,0.382666,1.413090,0.116660,-0.081079,0.173354,-0.851313,0.386759,0.706418,0.071159,0.952537,1.884952,1.039131,0.484699,1.351888
621,1.241000,0.100603,-0.183759,0.234824,-0.866744,0.286754,0.766667,0.056617,0.855232,1.943204,1.023964,0.384719,1.411360,0.116306,-0.081934,0.173300,-0.851041,0.388579,0.705144,0.072319,0.957057,1.881680,1.039666,0.486544,1.349837
622,1.243000,0.100156,-0.184401,0.235053,-0.866564,0.288780,0.765668,0.057687,0.859952,1.940198,1.024407,0.386771,1.409583,0.115950,-0.082785,0.173209,-0.850770,0.390396,0.703824,0.073480,0.961568,1.878355,1.040200,0.488388,1.347740
623,1.245000,0.099702,-0.185049,0.235294,-0.866384,0.290817,0.764661,0.058766,0.864698,1.937162,1.024852,0.388832,1.407795,0.115587,-0.083643,0.173127,-0.850499,0.392222,0.702495,0.074651,0.966103,1.874996,1.040737,0.490238,1.345628
624,1.247000,0.099234,-0.185712,0.235562,-0.866206,0.292869,0.763659,0.059858,0.869479,1.934097,1.025298,0.390898,1.406001,0.115211,-0.084522,0.173070,-0.850229,0.394059,0.701166,0.075835,0.970669,1.871605,1.041275,0.492088,1.343508
625,1.249000,0.098764,-0.186369,0.235792,-0.866029,0.294915,0.762613,0.060951,0.874250,1.930979,1.025744,0.392966,1.404158,0.114833,-0.085395,0.172975,-0.849960,0.395889,0.699795,0.077021,0.975224,1.868161,1.041814,0.493940,1.341341
626,1.251000,0.098288,-0.187029,0.236034,-0.865851,0.296974,0.761560,0.062054,0.879047,1.927829,1.026193,0.395045,1.402302,0.114449,-0.086274,0.172890,-0.849690,0.397729,0.698416,0.078216,0.979803,1.864684,1.042355,0.495800,1.339158
627,1.253000,0.097801,-0.187695,0.236254,-0.865676,0.299031,0.760476,0.063166,0.883847,1.924625,1.026643,0.397120,1.400403,0.114054,-0.087160,0.172782,-0.849423,0.399566,0.697004,0.079419,0.984381,1.861154,1.042896,0.497655,1.336931
628,1.255000,0.097301,-0.188384,0.236520,-0.865503,0.301108,0.759403,0.064289,0.888699,1.921395,1.027092,0.399207,1.398512,0.113647,-0.088075,0.172717,-0.849156,0.401417,0.695600,0.080635,0.989008,1.857591,1.043439,0.499516,1.334708
629,1.257000,0.096800,-0.189066,0.236753,-0.865329,0.303182,0.758289,0.065413,0.893545,1.918113,1.027542,0.401296,1.396577,0.113239,-0.088984,0.172618,-0.848890,0.403264,0.694154,0.081853,0.993627,1.853977,1.043981,0.501379,1.332442
630,1.259000,0.096293,-0.189751,0.236970,-0.865156,0.305259,0.757144,0.066544,0.898394,1.914783,1.027992,0.403384,1.394608,0.112825,-0.089897,0.172503,-0.848624,0.405112,0.692677,0.083075,0.998247,1.850316,1.044524,0.503238,1.330141
631,1.261000,0.095780,-0.190443,0.237213,-0.864982,0.307347,0.756004,0.067686,0.903281,1.911423,1.028447,0.405492,1.392633,0.112404,-0.090821,0.172412,-0.848357,0.406968,0.691203,0.084310,1.002902,1.846622,1.045071,0.505113,1.327831
632,1.263000,0.095261,-0.191138,0.237438,-0.864808,0.309439,0.754826,0.068830,0.908171,1.908013,1.028899,0.407595,1.390625,0.111979,-0.091751,0.172302,-0.848090,0.408826,0.689690,0.085547,1.007558,1.842877,1.045617,0.506982,1.325489
633,1.265000,0.094728,-0.191853,0.237709,-0.864637,0.311547,0.753662,0.069986,0.913111,1.904575,1.029351,0.409712,1.388622,0.111540,-0.092705,0.172233,-0.847825,0.410695,0.688187,0.086798,1.012259,1.839100,1.046163,0.508860,1.323146
634,1.267000,0.094193,-0.192563,0.237949,-0.864465,0.313654,0.752457,0.071146,0.918044,1.901085,1.029804,0.411826,1.386577,0.111099,-0.093656,0.172135,-0.847559,0.412562,0.686643,0.088052,1.016951,1.835271,1.046710,0.510734,1.320763
635,1.269000,0.093653,-0.193275,0.238173,-0.864293,0.315761,0.751224,0.072313,0.922982,1.897545,1.030259,0.413946,1.384494,0.110652,-0.094610,0.172020,-0.847294,0.414426,0.685071,0.089312,1.021647,1.831391,1.047258,0.512611,1.318341
636,1.271000,0.093105,-0.193989,0.238392,-0.864121,0.317877,0.749968,0.073490,0.927932,1.893960,1.030717,0.416066,1.382384,0.110198,-0.095569,0.171898,-0.847029,0.416297,0.683475,0.090583,1.026352,1.827467,1.047809,0.514486,1.315890
637,1.273000,0.092549,-0.194711,0.238640,-0.863949,0.320006,0.748715,0.074676,0.932918,1.890346,1.031175,0.418201,1.380271,0.109736,-0.096540,0.171804,-0.846763,0.418177,0.681879,0.091863,1.031090,1.823510,1.048361,0.516372,1.313435
638,1.275000,0.091991,-0.195434,0.238866,-0.863777,0.322134,0.747423,0.075864,0.937903,1.886678,1.031632,0.420334,1.378121,0.109271,-0.097514,0.171687,-0.846497,0.420054,0.680244,0.093145,1.035823,1.819500,1.048913,0.518255,1.310942
639,1.277000,0.091425,-0.196159,0.239081,-0.863606,0.324266,0.746105,0.077059,0.942895,1.882963,1.032091,0.422470,1.375939,0.108800,-0.098492,0.171558,-0.846232,0.421933,0.678583,0.094434,1.040562,1.815441,1.049465,0.520137,1.308417
640,1.279000,0.090852,-0.196892,0.239298,-0.863436,0.326398,0.744769,0.078260,0.947902,1.879203,1.032549,0.424612,1.373732,0.108320,-0.099481,0.171431,-0.845969,0.423809,0.676902,0.095728,1.045313,1.811336,1.050017,0.522023,1.305865
641,1.281000,0.090271,-0.197629,0.239517,-0.863267,0.328543,0.743409,0.079467,0.952927,1.875397,1.033006,0.426755,1.371505,0.107834,-0.100477,0.171303,-0.845705,0.425695,0.675196,0.097029,1.050079,1.807184,1.050568,0.523907,1.303291
642,1.283000,0.089676,-0.198384,0.239786,-0.863099,0.330707,0.742063,0.080688,0.958002,1.871561,1.033463,0.428911,1.369284,0.107334,-0.101496,0.171222,-0.845441,0.427594,0.673499,0.098346,1.054889,1.802998,1.051121,0.525798,1.300720
643,1.285000,0.089080,-0.199126,0.240017,-0.862931,0.332867,0.740676,0.081913,0.963062,1.867675,1.033923,0.431068,1.367016,0.106833,-0.102504,0.171105,-0.845178,0.429490,0.671763,0.099665,1.059684,1.798762,1.051676,0.527691,1.298104
644,1.287000,0.088480,-0.199875,0.240239,-0.862761,0.335028,0.739256,0.083142,0.968131,1.863733,1.034383,0.433228,1.364715,0.106327,-0.103520,0.170976,-0.844914,0.431383,0.669994,0.100989,1.064485,1.794471,1.052231,0.529582,1.295453
645,1.289000,0.087876,-0.200626,0.240455,-0.862591,0.337193,0.737811,0.084377,0.973212,1.859743,1.034845,0.435393,1.362386,0.105818,-0.104542,0.170841,-0.844649,0.433277,0.668198,0.102319,1.069296,1.790129,1.052786,0.531477,1.292773
646,1.291000,0.087263,-0.201386,0.240674,-0.862422,0.339365,0.736342,0.085620,0.978306,1.855704,1.035305,0.437555,1.360036,0.105300,-0.105576,0.170708,-0.844385,0.435175,0.666377,0.103657,1.074116,1.785739,1.053342,0.533365,1.290070
647,1.293000,0.086645,-0.202140,0.240885,-0.862253,0.341541,0.734853,0.086867,0.983405,1.851625,1.035765,0.439725,1.357658,0.104777,-0.106606,0.170568,-0.844121,0.437074,0.664535,0.104999,1.078939,1.781308,1.053897,0.535259,1.287340
648,1.295000,0.086021,-0.202901,0.241100,-0.862085,0.343720,0.733340,0.088119,0.988521,1.847497,1.036225,0.441899,1.355257,0.104248,-0.107647,0.170429,-0.843858,0.438974,0.662669,0.106346,1.083775,1.776825,1.054452,0.537153,1.284586
649,1.297000,0.085392,-0.203662,0.241312,-0.861917,0.345905,0.731804,0.089377,0.993648,1.843321,1.036685,0.444081,1.352828,0.103713,-0.108690,0.170286,-0.843596,0.440877,0.660778,0.107698,1.088620,1.772295,1.055006,0.539053,1.281803
650,1.299000,0.084754,-0.204429,0.241523,-0.861750,0.348097,0.730242,0.090641,0.998787,1.839095,1.037145,0.446261,1.350375,0.103170,-0.109742,0.170141,-0.843333,0.442783,0.658861,0.109058,1.093473,1.767713,1.055561,0.540948,1.278994
651,1.301000,0.084110,-0.205193,0.241728,-0.861583,0.350294,0.728656,0.091911,1.003934,1.834823,1.037604,0.448447,1.347895,0.102622,-0.110795,0.169991,-0.843071,0.444692,0.656919,0.110423,1.098332,1.763086,1.056116,0.542845,1.276158
652,1.303000,0.083459,-0.205965,0.241938,-0.861416,0.352496,0.727049,0.093188,1.009094,1.830503,1.038063,0.450633,1.345392,0.102066,-0.111858,0.169844,-0.842809,0.446603,0.654954,0.111796,1.103201,1.758408,1.056671,0.544740,1.273298
653,1.305000,0.082802,-0.206734,0.242146,-0.861249,0.354704,0.725421,0.094474,1.014265,1.826137,1.038525,0.452826,1.342862,0.101505,-0.112921,0.169694,-0.842547,0.448517,0.652969,0.113176,1.108078,1.753685,1.057227,0.546639,1.270410
654,1.307000,0.082138,-0.207507,0.242355,-0.861081,0.356920,0.723769,0.095766,1.019448,1.821721,1.038986,0.455021,1.340308,0.100936,-0.113992,0.169544,-0.842284,0.450435,0.650958,0.114564,1.112963,1.748910,1.057784,0.548536,1.267496
655,1.309000,0.081480,-0.208258,0.242500,-0.860913,0.359120,0.722060,0.097056,1.024591,1.817252,1.039449,0.457213,1.337692,0.100371,-0.115038,0.169333,-0.842022,0.452339,0.648894,0.115947,1.117810,1.744085,1.058340,0.550432,1.264525
656,1.311000,0.080809,-0.209034,0.242687,-0.860746,0.361331,0.720347,0.098357,1.029778,1.812730,1.039911,0.459413,1.335070,0.099794,-0.116118,0.169161,-0.841760,0.454248,0.646821,0.117342,1.122694,1.739204,1.058896,0.552329,1.261544
657,1.313000,0.080131,-0.209811,0.242884,-0.860577,0.363553,0.718618,0.099666,1.034982,1.808167,1.040374,0.461618,1.332433,0.099211,-0.117201,0.168998,-0.841497,0.456163,0.644731,0.118746,1.127592,1.734280,1.059454,0.554228,1.258547
658,1.315000,0.079447,-0.210585,0.243080,-0.860409,0.365782,0.716864,0.100980,1.040194,1.803557,1.040836,0.463826,1.329773,0.098623,-0.118284,0.168832,-0.841233,0.458084,0.642617,0.120155,1.132495,1.729310,1.060011,0.556128,1.255526
659,1.317000,0.078758,-0.211357,0.243272,-0.860241,0.368015,0.715087,0.102300,1.045414,1.798898,1.041298,0.466042,1.327083,0.098028,-0.119367,0.168663,-0.840971,0.460005,0.640478,0.121570,1.137404,1.724289,1.060569,0.558032,1.252474
660,1.319000,0.078065,-0.212132,0.243438,-0.860074,0.370243,0.713264,0.103620,1.050627,1.794176,1.041758,0.468252,1.324351,0.097429,-0.120456,0.168468,-0.840709,0.461919,0.638293,0.122984,1.142302,1.719206,1.061123,0.559928,1.249380
661,1.321000,0.077361,-0.212911,0.243625,-0.859908,0.372483,0.711428,0.104948,1.055864,1.789409,1.042217,0.470469,1.321607,0.096821,-0.121554,0.168292,-0.840448,0.463841,0.636094,0.124408,1.147221,1.714076,1.061677,0.561827,1.246273
662,1.323000,0.076653,-0.213686,0.243813,-0.859742,0.374730,0.709571,0.106281,1.061107,1.784600,1.042676,0.472691,1.318842,0.096208,-0.122649,0.168116,-0.840187,0.465766,0.633875,0.125836,1.152143,1.708904,1.062231,0.563728,1.243145
663,1.325000,0.075950,-0.214436,0.243940,-0.859576,0.376963,0.707662,0.107610,1.066312,1.779740,1.043135,0.474913,1.316017,0.095597,-0.123720,0.167884,-0.839928,0.467679,0.631606,0.127257,1.157028,1.703684,1.062783,0.565629,1.239961
664,1.327000,0.075229,-0.215216,0.244117,-0.859410,0.379212,0.705748,0.108955,1.071569,1.774818,1.043595,0.477141,1.313187,0.094971,-0.124827,0.167696,-0.839668,0.469601,0.629328,0.128697,1.161958,1.698398,1.063337,0.567530,1.236766
665,1.329000,0.074505,-0.215994,0.244303,-0.859242,0.381475,0.703812,0.110308,1.076841,1.769851,1.044055,0.479372,1.310341,0.094342,-0.125936,0.167517,-0.839405,0.471533,0.627026,0.130146,1.166899,1.693065,1.063892,0.569430,1.233555
666,1.331000,0.073781,-0.216757,0.244450,-0.859074,0.383726,0.701835,0.111660,1.082086,1.764835,1.044515,0.481603,1.307450,0.093712,-0.127031,0.167301,-0.839143,0.473453,0.624687,0.131591,1.171813,1.687686,1.064446,0.571329,1.230301
667,1.333000,0.073046,-0.217530,0.244621,-0.858906,0.385991,0.699843,0.113022,1.087359,1.759766,1.044974,0.483838,1.304544,0.093072,-0.128140,0.167107,-0.838881,0.475381,0.622329,0.133047,1.176749,1.682252,1.065000,0.573228,1.227031
668,1.335000,0.072316,-0.218279,0.244739,-0.858738,0.388246,0.697801,0.114381,1.092600,1.754648,1.045435,0.486074,1.301586,0.092434,-0.129225,0.166863,-0.838620,0.477300,0.619925,0.134499,1.181654,1.676773,1.065553,0.575128,1.223711
669,1.337000,0.071572,-0.219051,0.244903,-0.858570,0.390515,0.695751,0.115750,1.097883,1.749473,1.045893,0.488317,1.298625,0.091785,-0.130340,0.166661,-0.838358,0.479226,0.617510,0.135963,1.186594,1.671232,1.066105,0.577028,1.220383
670,1.339000,0.070823,-0.219816,0.245070,-0.858402,0.392793,0.693681,0.117126,1.103176,1.744252,1.046351,0.490567,1.295642,0.091130,-0.131450,0.166462,-0.838095,0.481158,0.615073,0.137433,1.191542,1.665645,1.066658,0.578933,1.217034
671,1.341000,0.070074,-0.220575,0.245208,-0.858233,0.395062,0.691569,0.118502,1.108450,1.738978,1.046809,0.492813,1.292617,0.090473,-0.132556,0.166236,-0.837833,0.483080,0.612597,0.138902,1.196468,1.660005,1.067209,0.580832,1.213644
672,1.343000,0.069326,-0.221316,0.245309,-0.858063,0.397325,0.689416,0.119880,1.113705,1.733652,1.047269,0.495063,1.289545,0.089817,-0.133646,0.165974,-0.837572,0.484996,0.610081,0.140371,1.201375,1.654317,1.067760,0.582733,1.210210
673,1.345000,0.068564,-0.222078,0.245462,-0.857893,0.399608,0.687258,0.121271,1.119005,1.728270,1.047728,0.497319,1.286474,0.089149,-0.134763,0.165761,-0.837308,0.486923,0.607556,0.141856,1.206320,1.648568,1.068313,0.584634,1.206773
674,1.347000,0.067798,-0.222831,0.245620,-0.857722,0.401899,0.685079,0.122668,1.124314,1.722843,1.048188,0.499583,1.283383,0.088476,-0.135874,0.165552,-0.837044,0.488856,0.605011,0.143346,1.211271,1.642775,1.068866,0.586540,1.203315
675,1.349000,0.067030,-0.223576,0.245748,-0.857551,0.404185,0.682859,0.124065,1.129608,1.717360,1.048646,0.501846,1.280249,0.087800,-0.136979,0.165315,-0.836781,0.490782,0.602425,0.144835,1.216205,1.636926,1.069416,0.588443,1.199816
676,1.351000,0.066264,-0.224303,0.245838,-0.857381,0.406462,0.680596,0.125459,1.134877,1.711827,1.049104,0.504111,1.277069,0.087125,-0.138067,0.165041,-0.836520,0.492699,0.599800,0.146320,1.221114,1.631031,1.069965,0.590348,1.196272
677,1.353000,0.065483,-0.225051,0.245981,-0.857211,0.408758,0.678327,0.126867,1.140191,1.706236,1.049560,0.506382,1.273890,0.086437,-0.139181,0.164818,-0.836256,0.494627,0.597164,0.147821,1.226060,1.625073,1.070514,0.592252,1.192727
678,1.355000,0.064699,-0.225789,0.246126,-0.857038,0.411063,0.676034,0.128281,1.145512,1.700598,1.050017,0.508661,1.270689,0.085746,-0.140291,0.164596,-0.835991,0.496561,0.594505,0.149327,1.231011,1.619069,1.071064,0.594159,1.189160
679,1.357000,0.063914,-0.226520,0.246242,-0.856866,0.413359,0.673700,0.129695,1.150814,1.694904,1.050474,0.510935,1.267446,0.085052,-0.141394,0.164347,-0.835727,0.498485,0.591806,0.150833,1.235940,1.613010,1.071613,0.596061,1.185551
680,1.359000,0.063129,-0.227231,0.246321,-0.856693,0.415653,0.671326,0.131111,1.156096,1.689161,1.050933,0.513212,1.264155,0.084357,-0.142478,0.164063,-0.835464,0.500406,0.589069,0.152340,1.240849,1.606903,1.072162,0.597965,1.181898
681,1.361000,0.062332,-0.227955,0.246447,-0.856519,0.417959,0.668947,0.132539,1.161412,1.683364,1.051391,0.515497,1.260864,0.083652,-0.143582,0.163824,-0.835199,0.502333,0.586323,0.153859,1.245785,1.600741,1.072711,0.599871,1.178241
682,1.363000,0.061536,-0.228669,0.246549,-0.856345,0.420264,0.666526,0.133966,1.166712,1.677516,1.051847,0.517779,1.257539,0.082947,-0.144677,0.163562,-0.834934,0.504256,0.583539,0.155377,1.250704,1.594529,1.073258,0.601772,1.174551
683,1.365000,0.060742,-0.229365,0.246617,-0.856169,0.422565,0.664063,0.135392,1.171994,1.671616,1.052304,0.520064,1.254169,0.082243,-0.145755,0.163267,-0.834669,0.506175,0.580714,0.156892,1.255604,1.588266,1.073804,0.603675,1.170820
684,1.367000,0.059933,-0.230076,0.246735,-0.855994,0.424882,0.661594,0.136832,1.177318,1.665654,1.052760,0.522360,1.250795,0.081525,-0.146856,0.163020,-0.834402,0.508102,0.577879,0.158424,1.260538,1.581939,1.074351,0.605580,1.167080
685,1.369000,0.059123,-0.230777,0.246830,-0.855819,0.427194,0.659087,0.138272,1.182622,1.659642,1.053214,0.524651,1.247386,0.080805,-0.147947,0.162751,-0.834137,0.510023,0.575008,0.159954,1.265451,1.575564,1.074896,0.607481,1.163307
686,1.371000,0.058317,-0.231457,0.246888,-0.855642,0.429502,0.656535,0.139709,1.187905,1.653581,1.053668,0.526946,1.243934,0.080088,-0.149019,0.162448,-0.833872,0.511940,0.572095,0.161479,1.270343,1.569141,1.075439,0.609384,1.159494
687,1.373000,0.057497,-0.232150,0.246995,-0.855467,0.431824,0.653978,0.141158,1.193227,1.647459,1.054122,0.529253,1.240476,0.079357,-0.150111,0.162191,-0.833606,0.513863,0.569174,0.163019,1.275266,1.562655,1.075982,0.611292,1.155672
688,1.375000,0.056673,-0.232833,0.247083,-0.855292,0.434144,0.651386,0.142609,1.198536,1.641284,1.054574,0.531558,1.236981,0.078623,-0.151195,0.161916,-0.833342,0.515782,0.566219,0.164559,1.280174,1.556117,1.076524,0.613196,1.151814
689,1.377000,0.055853,-0.233493,0.247132,-0.855116,0.436462,0.648750,0.144058,1.203820,1.635063,1.055027,0.533866,1.233445,0.077890,-0.152256,0.161605,-0.833078,0.517698,0.563223,0.166096,1.285057,1.549535,1.077064,0.615102,1.147917
690,1.379000,0.055019,-0.234168,0.247233,-0.854939,0.438794,0.646106,0.145521,1.209144,1.628776,1.055479,0.536182,1.229904,0.077146,-0.153340,0.161342,-0.832812,0.519621,0.560215,0.167648,1.289971,1.542885,1.077606,0.617010,1.144013
691,1.381000,0.054184,-0.234830,0.247310,-0.854763,0.441119,0.643425,0.146983,1.214447,1.622440,1.055930,0.538497,1.226325,0.076399,-0.154413,0.161057,-0.832548,0.521537,0.557173,0.169197,1.294864,1.536188,1.078144,0.618915,1.140072
692,1.383000,0.053353,-0.235472,0.247352,-0.854584,0.443444,0.640700,0.148444,1.219730,1.616054,1.056381,0.540814,1.222706,0.075655,-0.155466,0.160740,-0.832282,0.523450,0.554088,0.170746,1.299736,1.529442,1.078683,0.620820,1.136094
693,1.385000,0.052508,-0.236123,0.247442,-0.854406,0.445785,0.637966,0.149917,1.225046,1.609608,1.056831,0.543138,1.219084,0.074898,-0.156535,0.160468,-0.832015,0.525373,0.550993,0.172308,1.304634,1.522635,1.079221,0.622726,1.132110
694,1.387000,0.051662,-0.236764,0.247512,-0.854228,0.448120,0.635196,0.151388,1.230347,1.603109,1.057278,0.545463,1.215426,0.074140,-0.157596,0.160179,-0.831750,0.527287,0.547862,0.173867,1.309514,1.515775,1.079757,0.624631,1.128092
695,1.389000,0.050819,-0.237379,0.247543,-0.854049,0.450452,0.632383,0.152859,1.235621,1.596565,1.057727,0.547790,1.211725,0.073384,-0.158631,0.159851,-0.831485,0.529199,0.544692,0.175423,1.314368,1.508874,1.080292,0.626537,1.124034
696,1.391000,0.049964,-0.238004,0.247622,-0.853869,0.452800,0.629558,0.154342,1.240929,1.589956,1.058175,0.550124,1.208020,0.072616,-0.159685,0.159571,-0.831217,0.531120,0.541507,0.176994,1.319248,1.501906,1.080827,0.628444,1.119969
697,1.393000,0.049108,-0.238619,0.247683,-0.853688,0.455144,0.626697,0.155825,1.246221,1.583296,1.058621,0.552458,1.204281,0.071847,-0.160729,0.159274,-0.830949,0.533034,0.538288,0.178564,1.324111,1.494887,1.081360,0.630348,1.115872
698,1.395000,0.048256,-0.239208,0.247704,-0.853507,0.457483,0.623794,0.157304,1.251486,1.576590,1.059068,0.554795,1.200499,0.071080,-0.161749,0.158939,-0.830683,0.534942,0.535030,0.180128,1.328946,1.487826,1.081892,0.632255,1.111735
699,1.397000,0.047390,-0.239809,0.247776,-0.853326,0.459836,0.620880,0.158795,1.256786,1.569817,1.059512,0.557140,1.196713,0.070301,-0.162787,0.158654,-0.830415,0.536858,0.531758,0.181706,1.333807,1.480695,1.082422,0.634162,1.107591
700,1.399000,0.046536,-0.240372,0.247757,-0.853145,0.462170,0.617903,0.160275,1.262020,1.563006,1.059956,0.559478,1.192860,0.069531,-0.163784,0.158283,-0.830150,0.538757,0.528429,0.183269,1.338608,1.473532,1.082951,0.636066,1.103386
701,1.401000,0.045662,-0.240960,0.247823,-0.852964,0.464523,0.614925,0.161770,1.267310,1.556120,1.060396,0.561826,1.189018,0.068742,-0.164817,0.157993,-0.829884,0.540667,0.525095,0.184851,1.343453,1.466290,1.083477,0.637969,1.099188
702,1.403000,0.044784,-0.241532,0.247893,-0.852782,0.466889,0.611920,0.163270,1.272601,1.549185,1.060836,0.564181,1.185158,0.067951,-0.165836,0.157707,-0.829615,0.542584,0.521734,0.186437,1.348297,1.458999,1.084003,0.639877,1.094972
703,1.405000,0.043921,-0.242063,0.247865,-0.852600,0.469229,0.608854,0.164756,1.277825,1.542214,1.061277,0.566533,1.181224,0.067171,-0.166811,0.157330,-0.829350,0.544481,0.518319,0.188005,1.353077,1.451678,1.084527,0.641785,1.090689
704,1.407000,0.043037,-0.242619,0.247922,-0.852418,0.471590,0.605786,0.166260,1.283103,1.535162,1.061715,0.568894,1.177299,0.066372,-0.167822,0.157033,-0.829083,0.546387,0.514897,0.189595,1.357901,1.444273,1.085050,0.643692,1.086410
705,1.409000,0.042154,-0.243154,0.247955,-0.852235,0.473949,0.602683,0.167764,1.288359,1.528068,1.062153,0.571257,1.173340,0.065573,-0.168811,0.156714,-0.828816,0.548291,0.511443,0.191183,1.362702,1.436828,1.085572,0.645600,1.082099
706,1.411000,0.041277,-0.243662,0.247948,-0.852050,0.476306,0.599535,0.169263,1.293587,1.520931,1.062590,0.573619,1.169344,0.064779,-0.169775,0.156359,-0.828548,0.550193,0.507947,0.192765,1.367474,1.429343,1.086092,0.647506,1.077756
707,1.413000,0.040387,-0.244178,0.247992,-0.851865,0.478673,0.596376,0.170774,1.298844,1.513725,1.063026,0.575993,1.165340,0.063973,-0.170754,0.156053,-0.828279,0.552097,0.504438,0.194360,1.372268,1.421787,1.086612,0.649417,1.073402
708,1.415000,0.039495,-0.244681,0.248018,-0.851680,0.481038,0.593182,0.172286,1.304086,1.506465,1.063462,0.578367,1.161301,0.063164,-0.171722,0.155731,-0.828011,0.553997,0.500895,0.195955,1.377044,1.414178,1.087130,0.651325,1.069014
709,1.417000,0.038609,-0.245156,0.248004,-0.851494,0.483399,0.589945,0.173794,1.309297,1.499163,1.063897,0.580741,1.157222,0.062359,-0.172663,0.155372,-0.827743,0.555892,0.497313,0.197544,1.381790,1.406531,1.087647,0.653234,1.064590
710,1.419000,0.037716,-0.245632,0.248004,-0.851308,0.485761,0.586680,0.175305,1.314511,1.491797,1.064329,0.583119,1.153121,0.061548,-0.173609,0.155026,-0.827476,0.557783,0.493702,0.199137,1.386534,1.398820,1.088161,0.655141,1.060144
711,1.421000,0.036825,-0.246084,0.247978,-0.851121,0.488121,0.583379,0.176814,1.319704,1.484389,1.064761,0.585498,1.148988,0.060739,-0.174533,0.154658,-0.827208,0.559672,0.490059,0.200728,1.391255,1.391069,1.088674,0.657049,1.055668
712,1.423000,0.035923,-0.246542,0.248006,-0.850932,0.490497,0.580063,0.178337,1.324928,1.476908,1.065192,0.587889,1.144851,0.059918,-0.175470,0.154342,-0.826936,0.561569,0.486399,0.202333,1.396000,1.383244,1.089187,0.658960,1.051186
713,1.425000,0.035021,-0.246981,0.248009,-0.850743,0.492869,0.576710,0.179859,1.330131,1.469377,1.065622,0.590281,1.140676,0.059098,-0.176391,0.154002,-0.826666,0.563460,0.482703,0.203936,1.400722,1.375370,1.089699,0.660871,1.046669
714,1.427000,0.034122,-0.247397,0.247975,-0.850554,0.495233,0.573320,0.181376,1.335303,1.461803,1.066053,0.592673,1.136459,0.058279,-0.177287,0.153629,-0.826397,0.565343,0.478974,0.205533,1.405413,1.367457,1.090209,0.662783,1.042113
715,1.429000,0.033216,-0.247814,0.247962,-0.850365,0.497600,0.569899,0.182899,1.340480,1.454161,1.066479,0.595065,1.132224,0.057452,-0.178192,0.153277,-0.826128,0.567223,0.475214,0.207136,1.410102,1.359476,1.090716,0.664688,1.037539
716,1.431000,0.032314,-0.248204,0.247917,-0.850174,0.499964,0.566442,0.184418,1.345629,1.446482,1.066906,0.597460,1.127956,0.056630,-0.179069,0.152895,-0.825858,0.569100,0.471421,0.208734,1.414765,1.351461,1.091222,0.666596,1.032935
717,1.433000,0.031400,-0.248600,0.247928,-0.849981,0.502343,0.562968,0.185949,1.350810,1.438727,1.067330,0.599866,1.123687,0.055797,-0.179961,0.152569,-0.825585,0.570983,0.467609,0.210346,1.419450,1.343368,1.091727,0.668506,1.028328
718,1.435000,0.030488,-0.248977,0.247918,-0.849789,0.504716,0.559463,0.187479,1.355970,1.430922,1.067756,0.602277,1.119377,0.054964,-0.180835,0.152223,-0.825313,0.572858,0.463768,0.211955,1.424112,1.335227,1.092232,0.670419,1.023682
719,1.437000,0.029579,-0.249328,0.247869,-0.849596,0.507084,0.555915,0.189005,1.361099,1.423075,1.068181,0.604687,1.115029,0.054133,-0.181683,0.151842,-0.825042,0.574729,0.459888,0.213559,1.428744,1.327047,1.092734,0.672333,1.019001
720,1.439000,0.028665,-0.249677,0.247836,-0.849402,0.509452,0.552338,0.190534,1.366228,1.415163,1.068602,0.607099,1.110661,0.053297,-0.182534,0.151476,-0.824771,0.576594,0.455978,0.215165,1.433370,1.318803,1.093233,0.674242,1.014302
721,1.441000,0.027755,-0.249999,0.247773,-0.849209,0.511815,0.548725,0.192058,1.371329,1.407212,1.069022,0.609514,1.106259,0.052463,-0.183359,0.151084,-0.824501,0.578455,0.452037,0.216766,1.437969,1.310524,1.093730,0.676154,1.009571
722,1.443000,0.026834,-0.250325,0.247765,-0.849013,0.514193,0.545094,0.193593,1.376459,1.399184,1.069440,0.611941,1.101855,0.051621,-0.184196,0.150746,-0.824226,0.580321,0.448075,0.218380,1.442587,1.302165,1.094227,0.678069,1.004836
723,1.445000,0.025926,-0.250605,0.247660,-0.848818,0.516554,0.541411,0.195117,1.381522,1.391135,1.069861,0.614363,1.097383,0.050787,-0.184983,0.150316,-0.823957,0.582176,0.444068,0.219979,1.447144,1.293791,1.094722,0.679985,1.000040
724,1.447000,0.025002,-0.250905,0.247645,-0.848620,0.518928,0.537716,0.196654,1.386629,1.382994,1.070277,0.616797,1.092923,0.049942,-0.185801,0.149974,-0.823681,0.584031,0.440045,0.221594,1.451733,1.285324,1.095216,0.681900,0.995253
725,1.449000,0.024083,-0.251179,0.247602,-0.848421,0.521299,0.533984,0.198189,1.391710,1.374812,1.070693,0.619232,1.088430,0.049099,-0.186594,0.149607,-0.823405,0.585884,0.435989,0.223205,1.456295,1.276817,1.095709,0.683817,0.990435
726,1.451000,0.023168,-0.251427,0.247523,-0.848221,0.523665,0.530211,0.199719,1.396761,1.366588,1.071108,0.621669,1.083900,0.048259,-0.187361,0.149207,-0.823130,0.587731,0.431895,0.224810,1.460826,1.268272,1.096199,0.685734,0.985584
727,1.453000,0.022249,-0.251671,0.247462,-0.848021,0.526029,0.526412,0.201251,1.401810,1.358299,1.071521,0.624111,1.079348,0.047415,-0.188130,0.148825,-0.822855,0.589570,0.427776,0.226417,1.465352,1.259662,1.096687,0.687652,0.980711
728,1.455000,0.021333,-0.251888,0.247375,-0.847819,0.528393,0.522576,0.202781,1.406838,1.349965,1.071934,0.626557,1.074765,0.046574,-0.188872,0.148421,-0.822579,0.591409,0.423622,0.228021,1.469854,1.251011,1.097174,0.689573,0.975811
729,1.457000,0.020410,-0.252105,0.247342,-0.847614,0.530768,0.518717,0.204320,1.411888,1.341556,1.072343,0.629015,1.070181,0.045726,-0.189623,0.148070,-0.822297,0.593250,0.419445,0.229636,1.474370,1.242283,1.097660,0.691497,0.970908
730,1.459000,0.019499,-0.252280,0.247213,-0.847410,0.533125,0.514809,0.205846,1.416871,1.333127,1.072755,0.631467,1.065531,0.044888,-0.190326,0.147628,-0.822021,0.595078,0.415224,0.231235,1.478825,1.233542,1.098144,0.693420,0.965946
731,1.461000,0.018575,-0.252469,0.247174,-0.847204,0.535490,0.510890,0.207385,1.421895,1.324604,1.073164,0.633935,1.060888,0.044039,-0.191056,0.147274,-0.821740,0.596903,0.410990,0.232848,1.483308,1.224704,1.098627,0.695348,0.960988
732,1.463000,0.017656,-0.252631,0.247107,-0.846995,0.537855,0.506934,0.208921,1.426890,1.316044,1.073572,0.636404,1.056216,0.043193,-0.191759,0.146895,-0.821458,0.598727,0.406722,0.234458,1.487762,1.215832,1.099109,0.697276,0.956004
733,1.465000,0.016742,-0.252763,0.246999,-0.846786,0.540215,0.502938,0.210452,1.431855,1.307442,1.073980,0.638876,1.051503,0.042351,-0.192432,0.146479,-0.821177,0.600547,0.402418,0.236061,1.492186,1.206922,1.099589,0.699208,0.950983
734,1.467000,0.015825,-0.252889,0.246910,-0.846578,0.542569,0.498920,0.211985,1.436816,1.298774,1.074387,0.641358,1.046765,0.041505,-0.193104,0.146083,-0.820897,0.602355,0.398092,0.237666,1.496601,1.197946,1.100068,0.701143,0.945937
735,1.469000,0.014909,-0.252988,0.246796,-0.846367,0.544926,0.494859,0.213515,1.441753,1.290063,1.074792,0.643839,1.042000,0.040662,-0.193750,0.145664,-0.820615,0.604164,0.393727,0.239267,1.500991,1.188931,1.100544,0.703077,0.940868
736,1.471000,0.013989,-0.253086,0.246733,-0.846153,0.547289,0.490775,0.215051,1.446707,1.281276,1.075193,0.646332,1.037234,0.039814,-0.194403,0.145296,-0.820328,0.605971,0.389338,0.240876,1.505389,1.179839,1.101018,0.705015,0.935798
737,1.473000,0.013072,-0.253158,0.246643,-0.845939,0.549645,0.486659,0.216584,1.451634,1.272444,1.075596,0.648832,1.032429,0.038968,-0.195031,0.144904,-0.820043,0.607771,0.384920,0.242480,1.509760,1.170706,1.101492,0.706958,0.930690
738,1.475000,0.012159,-0.253203,0.246520,-0.845726,0.551995,0.482505,0.218112,1.456532,1.263570,1.075997,0.651333,1.027585,0.038125,-0.195633,0.144483,-0.819760,0.609565,0.380468,0.244078,1.514101,1.161533,1.101963,0.708903,0.925549
739,1.477000,0.011242,-0.253240,0.246414,-0.845512,0.554345,0.478319,0.219640,1.461422,1.254632,1.076393,0.653837,1.022728,0.037278,-0.196233,0.144080,-0.819475,0.611352,0.375985,0.245676,1.518430,1.152298,1.102430,0.710845,0.920394
740,1.479000,0.010330,-0.253246,0.246272,-0.845298,0.556691,0.474097,0.221162,1.466281,1.245660,1.076790,0.656344,1.017834,0.036435,-0.196800,0.143644,-0.819192,0.613137,0.371470,0.247268,1.522727,1.143032,1.102895,0.712790,0.915207
741,1.481000,0.009415,-0.253249,0.246184,-0.845078,0.559041,0.469851,0.222690,1.471156,1.236608,1.077183,0.658866,1.012941,0.035591,-0.197374,0.143263,-0.818902,0.614916,0.366930,0.248866,1.527032,1.133687,1.103359,0.714742,0.910020
742,1.483000,0.008509,-0.253210,0.246004,-0.844862,0.561377,0.465560,0.224206,1.475970,1.227540,1.077577,0.661383,1.007984,0.034752,-0.197899,0.142795,-0.818619,0.616688,0.362351,0.250449,1.531281,1.124331,1.103821,0.716694,0.904776
743,1.485000,0.007597,-0.253177,0.245910,-0.844641,0.563719,0.461251,0.225731,1.480814,1.218377,1.077969,0.663918,1.003036,0.033909,-0.198443,0.142412,-0.818328,0.618453,0.357753,0.252044,1.535548,1.114879,1.104282,0.718652,0.899538
744,1.487000,0.006688,-0.253114,0.245786,-0.844418,0.566061,0.456904,0.227252,1.485629,1.209177,1.078359,0.666454,0.998059,0.033069,-0.198957,0.142003,-0.818037,0.620218,0.353120,0.253634,1.539787,1.105393,1.104740,0.720611,0.894276
745,1.489000,0.005783,-0.253024,0.245628,-0.844196,0.568397,0.452517,0.228767,1.490414,1.199936,1.078746,0.668993,0.993047,0.032233,-0.199444,0.141562,-0.817747,0.621977,0.348452,0.255217,1.543993,1.095871,1.105196,0.722573,0.888981
746,1.491000,0.004876,-0.252929,0.245523,-0.843970,0.570733,0.448109,0.230287,1.495210,1.190614,1.079133,0.671548,0.988028,0.031394,-0.199935,0.141175,-0.817452,0.623727,0.343762,0.256805,1.548204,1.086266,1.105651,0.724542,0.883680
747,1.493000,0.003976,-0.252791,0.245325,-0.843748,0.573059,0.443656,0.231794,1.499946,1.181279,1.079519,0.674096,0.982948,0.030559,-0.200378,0.140701,-0.817165,0.625472,0.339032,0.258378,1.552360,1.076655,1.106102,0.726509,0.878325
748,1.495000,0.003072,-0.252659,0.245210,-0.843521,0.575384,0.439184,0.233308,1.504704,1.171853,1.079900,0.676661,0.977879,0.029723,-0.200837,0.140309,-0.816870,0.627205,0.334283,0.259959,1.556525,1.066952,1.106551,0.728483,0.872978
749,1.497000,0.002173,-0.252497,0.245065,-0.843292,0.577706,0.434673,0.234816,1.509433,1.162387,1.080281,0.679230,0.972779,0.028891,-0.201267,0.139890,-0.816574,0.628936,0.329498,0.261534,1.560663,1.057213,1.106999,0.730459,0.867605
750,1.499000,0.001279,-0.252304,0.244882,-0.843064,0.580023,0.430126,0.236319,1.514130,1.152883,1.080662,0.681802,0.967639,0.028062,-0.201667,0.139438,-0.816281,0.630661,0.324682,0.263102,1.564768,1.047439,1.107445,0.732440,0.862195
751,1.501000,0.000384,-0.252105,0.244748,-0.842832,0.582339,0.425553,0.237824,1.518835,1.143299,1.081040,0.684391,0.962493,0.027234,-0.202067,0.139034,-0.815982,0.632377,0.319840,0.264674,1.568873,1.037585,1.107890,0.734429,0.856780
752,1.503000,-0.000503,-0.251860,0.244515,-0.842604,0.584645,0.420939,0.239317,1.523477,1.133710,1.081418,0.686972,0.957286,0.026409,-0.202416,0.138539,-0.815692,0.634089,0.314962,0.266230,1.572921,1.027733,1.108331,0.736416,0.851309
753,1.505000,-0.001393,-0.251618,0.244371,-0.842369,0.586952,0.416300,0.240815,1.528143,1.124022,1.081791,0.689573,0.952093,0.025586,-0.202780,0.138131,-0.815391,0.635789,0.310059,0.267794,1.576981,1.017782,1.108770,0.738411,0.845853
754,1.507000,-0.002281,-0.251356,0.244233,-0.842131,0.589258,0.411624,0.242312,1.532795,1.114278,1.082162,0.692181,0.946886,0.024764,-0.203128,0.137731,-0.815086,0.637486,0.305122,0.269357,1.581024,1.007776,1.109207,0.740409,0.840384
755,1.509000,-0.003161,-0.251047,0.243992,-0.841899,0.591554,0.406911,0.243796,1.537384,1.104530,1.082534,0.694784,0.941611,0.023947,-0.203422,0.137235,-0.814791,0.639179,0.300154,0.270903,1.585009,0.997773,1.109641,0.742409,0.834854
756,1.511000,-0.004041,-0.250741,0.243837,-0.841660,0.593844,0.402175,0.245283,1.541994,1.094683,1.082902,0.697409,0.936345,0.023131,-0.203731,0.136824,-0.814488,0.640854,0.295162,0.272455,1.589004,0.987671,1.110074,0.744419,0.829332
757,1.513000,-0.004916,-0.250405,0.243654,-0.841420,0.596131,0.397403,0.246764,1.546574,1.084797,1.083268,0.700039,0.931048,0.022319,-0.204010,0.136389,-0.814185,0.642525,0.290138,0.274000,1.592969,0.977533,1.110504,0.746434,0.823783
758,1.515000,-0.005788,-0.250036,0.243429,-0.841182,0.598414,0.392593,0.248238,1.551118,1.074882,1.083632,0.702668,0.925717,0.021510,-0.204256,0.135916,-0.813883,0.644194,0.285081,0.275537,1.596898,0.967369,1.110931,0.748448,0.818205
759,1.517000,-0.006658,-0.249659,0.243257,-0.840938,0.600692,0.387757,0.249714,1.555668,1.064882,1.083994,0.705317,0.920381,0.020704,-0.204502,0.135497,-0.813576,0.645849,0.279998,0.277077,1.600825,0.957122,1.111357,0.750474,0.812621
760,1.519000,-0.007523,-0.249253,0.243059,-0.840695,0.602963,0.382890,0.251185,1.560189,1.054841,1.084356,0.707972,0.915011,0.019902,-0.204720,0.135056,-0.813270,0.647496,0.274886,0.278610,1.604722,0.946838,1.111781,0.752505,0.807007
761,1.521000,-0.008384,-0.248816,0.242824,-0.840451,0.605230,0.377983,0.252648,1.564675,1.044766,1.084715,0.710629,0.909607,0.019103,-0.204907,0.134582,-0.812965,0.649140,0.269741,0.280135,1.608585,0.936523,1.112202,0.754538,0.801364
762,1.523000,-0.009242,-0.248368,0.242633,-0.840203,0.607492,0.373046,0.254110,1.569161,1.034613,1.085071,0.713301,0.904200,0.018308,-0.205090,0.134152,-0.812653,0.650770,0.264566,0.281660,1.612439,0.926133,1.112621,0.756579,0.795719
763,1.525000,-0.010094,-0.247892,0.242418,-0.839954,0.609745,0.368080,0.255567,1.573617,1.024421,1.085427,0.715981,0.898759,0.017517,-0.205246,0.133703,-0.812343,0.652391,0.259365,0.283178,1.616263,0.915707,1.113038,0.758627,0.790044
764,1.527000,-0.010941,-0.247383,0.242165,-0.839706,0.611995,0.363075,0.257016,1.578040,1.014195,1.085781,0.718662,0.893285,0.016731,-0.205369,0.133220,-0.812034,0.654009,0.254130,0.284688,1.620054,0.905250,1.113453,0.760677,0.784340
765,1.529000,-0.011784,-0.246862,0.241958,-0.839452,0.614237,0.358042,0.258464,1.582462,1.003890,1.086132,0.721364,0.887807,0.015950,-0.205487,0.132784,-0.811718,0.655612,0.248868,0.286198,1.623837,0.894716,1.113866,0.762739,0.778633
766,1.531000,-0.012622,-0.246311,0.241723,-0.839198,0.616472,0.352975,0.259905,1.586852,0.993549,1.086481,0.724069,0.882296,0.015173,-0.205576,0.132324,-0.811404,0.657207,0.243576,0.287700,1.627587,0.884150,1.114276,0.764804,0.772898
767,1.533000,-0.013456,-0.245728,0.241452,-0.838946,0.618703,0.347871,0.261339,1.591209,0.983171,1.086828,0.726778,0.876752,0.014399,-0.205633,0.131832,-0.811091,0.658798,0.238252,0.289194,1.631305,0.873552,1.114683,0.766873,0.767132
768,1.535000,-0.014284,-0.245134,0.241231,-0.838687,0.620924,0.342740,0.262770,1.595565,0.972713,1.087173,0.729508,0.871204,0.013632,-0.205687,0.131392,-0.810770,0.660371,0.232901,0.290686,1.635013,0.862874,1.115089,0.768955,0.761365
769,1.537000,-0.015106,-0.244509,0.240982,-0.838427,0.623139,0.337574,0.264195,1.599891,0.962218,1.087516,0.732243,0.865626,0.012870,-0.205710,0.130928,-0.810451,0.661938,0.227520,0.292171,1.638690,0.852164,1.115493,0.771042,0.755572
770,1.539000,-0.015921,-0.243863,0.240749,-0.838163,0.625345,0.332374,0.265614,1.604202,0.951660,1.087857,0.734994,0.860035,0.012117,-0.205716,0.130482,-0.810126,0.663492,0.222108,0.293652,1.642348,0.841394,1.115894,0.773140,0.749768
771,1.541000,-0.016733,-0.243180,0.240460,-0.837903,0.627548,0.327140,0.267025,1.608472,0.941080,1.088195,0.737744,0.854400,0.011364,-0.205685,0.129985,-0.809806,0.665043,0.216665,0.295122,1.645967,0.830605,1.116292,0.775239,0.743926
772,1.543000,-0.017538,-0.242483,0.240216,-0.837637,0.629737,0.321877,0.268431,1.612735,0.930423,1.088530,0.740515,0.848761,0.010619,-0.205646,0.129535,-0.809480,0.666574,0.211197,0.296588,1.649572,0.819742,1.116687,0.777352,0.738080
773,1.545000,-0.018339,-0.241756,0.239945,-0.837371,0.631923,0.316578,0.269831,1.616969,0.919726,1.088863,0.743291,0.843093,0.009878,-0.205578,0.129063,-0.809154,0.668100,0.205695,0.298048,1.653147,0.808844,1.117080,0.779469,0.732211
774,1.547000,-0.019133,-0.241006,0.239692,-0.837101,0.634099,0.311247,0.271226,1.621187,0.908966,1.089194,0.746083,0.837412,0.009145,-0.205492,0.128611,-0.808823,0.669612,0.200165,0.299503,1.656701,0.797884,1.117471,0.781596,0.726330
775,1.549000,-0.019923,-0.240218,0.239379,-0.836834,0.636271,0.305883,0.272612,1.625363,0.898187,1.089523,0.748874,0.831684,0.008413,-0.205366,0.128103,-0.808499,0.671123,0.194607,0.300948,1.660216,0.786911,1.117859,0.783727,0.720407
776,1.551000,-0.020704,-0.239415,0.239109,-0.836562,0.638428,0.300490,0.273992,1.629533,0.887330,1.089850,0.751690,0.825950,0.007691,-0.205231,0.127641,-0.808167,0.672612,0.189022,0.302387,1.663717,0.775862,1.118245,0.785874,0.714481
777,1.553000,-0.021479,-0.238584,0.238840,-0.836287,0.640579,0.295062,0.275366,1.633681,0.876420,1.090174,0.754518,0.820199,0.006976,-0.205072,0.127183,-0.807832,0.674091,0.183405,0.303821,1.667193,0.764763,1.118628,0.788030,0.708542
778,1.555000,-0.022251,-0.237722,0.238542,-0.836014,0.642723,0.289605,0.276733,1.637795,0.865476,1.090495,0.757350,0.814413,0.006262,-0.204882,0.126701,-0.807500,0.675563,0.177763,0.305246,1.670635,0.753634,1.119008,0.790190,0.702572
779,1.557000,-0.023015,-0.236835,0.238259,-0.835736,0.644858,0.284113,0.278093,1.641893,0.854469,1.090814,0.760200,0.808615,0.005558,-0.204672,0.126236,-0.807163,0.677021,0.172090,0.306666,1.674057,0.742446,1.119386,0.792364,0.696592
780,1.559000,-0.023776,-0.235910,0.237919,-0.835461,0.646991,0.278585,0.279445,1.645950,0.843443,1.091130,0.763049,0.802777,0.004855,-0.204421,0.125719,-0.806830,0.678480,0.166386,0.308076,1.677439,0.731244,1.119761,0.794538,0.690577
781,1.561000,-0.024528,-0.234966,0.237618,-0.835181,0.649109,0.273030,0.280791,1.649996,0.832344,1.091444,0.765922,0.796931,0.004162,-0.204158,0.125245,-0.806491,0.679917,0.160657,0.309480,1.680804,0.719970,1.120133,0.796730,0.684558
782,1.563000,-0.025274,-0.233994,0.237320,-0.834898,0.651219,0.267441,0.282130,1.654021,0.821190,1.091754,0.768808,0.791068,0.003475,-0.203870,0.124776,-0.806149,0.681343,0.154897,0.310879,1.684144,0.708646,1.120503,0.798931,0.678525
783,1.565000,-0.026011,-0.233004,0.237078,-0.834608,0.653314,0.261824,0.283465,1.658039,0.809949,1.092062,0.771722,0.785202,0.002798,-0.203574,0.124366,-0.805798,0.682744,0.149112,0.312274,1.687469,0.697237,1.120871,0.801152,0.672491
784,1.567000,-0.026738,-0.231986,0.236840,-0.834314,0.655396,0.256174,0.284793,1.662036,0.798646,1.092369,0.774654,0.779312,0.002132,-0.203254,0.123964,-0.805444,0.684129,0.143298,0.313663,1.690769,0.685770,1.121238,0.803387,0.666436
785,1.569000,-0.027451,-0.230956,0.236693,-0.834009,0.657455,0.250498,0.286117,1.666038,0.787228,1.092674,0.777627,0.773424,0.001481,-0.202933,0.123655,-0.805077,0.685478,0.137460,0.315049,1.694061,0.674190,1.121606,0.805650,0.660386
786,1.571000,-0.028159,-0.229891,0.236504,-0.833708,0.659502,0.244796,0.287430,1.669999,0.775782,1.092979,0.780605,0.767491,0.000833,-0.202577,0.123308,-0.804716,0.686817,0.131600,0.316422,1.697313,0.662586,1.121971,0.807919,0.654295
787,1.573000,-0.028864,-0.228797,0.236318,-0.833408,0.661541,0.239063,0.288737,1.673936,0.764274,1.093281,0.783598,0.761529,0.000188,-0.202195,0.122968,-0.804356,0.688143,0.125713,0.317789,1.700538,0.650923,1.122333,0.810200,0.648178
788,1.575000,-0.029388,-0.227693,0.236656,-0.833352,0.663173,0.235744,0.290383,1.677819,0.753153,1.094347,0.786954,0.754065,-0.000521,-0.201758,0.123104,-0.804485,0.689107,0.122192,0.319249,1.703754,0.639601,1.123213,0.812889,0.640513
789,1.577000,-0.029696,-0.226495,0.236824,-0.833357,0.664638,0.233497,0.292204,1.681616,0.742290,1.095865,0.790483,0.745616,-0.001147,-0.201172,0.123053,-0.804808,0.689960,0.119726,0.320753,1.706938,0.628519,1.124414,0.815805,0.631846
790,1.579000,-0.029970,-0.225279,0.237076,-0.833334,0.666109,0.231302,0.294101,1.685447,0.731142,1.097465,0.794059,0.736916,-0.001755,-0.200589,0.123083,-0.805119,0.690799,0.117310,0.322316,1.710138,0.617149,1.125680,0.818749,0.622923
791,1.581000,-0.030275,-0.224059,0.237431,-0.833382,0.667543,0.229420,0.296042,1.689273,0.719797,1.099149,0.797671,0.727807,-0.002437,-0.200010,0.123208,-0.805544,0.691592,0.115198,0.323880,1.713322,0.605575,1.126987,0.821720,0.613585
792,1.583000,-0.030608,-0.222822,0.237692,-0.833490,0.668961,0.227539,0.297914,1.693051,0.708335,1.100796,0.801268,0.718487,-0.003160,-0.199414,0.123242,-0.806043,0.692369,0.113090,0.325362,1.716459,0.593885,1.128244,0.824676,0.604038
793,1.585000,-0.030849,-0.221556,0.237992,-0.833612,0.670313,0.226099,0.299813,1.696778,0.696967,1.102576,0.804909,0.708861,-0.003839,-0.198773,0.123313,-0.806602,0.693095,0.111419,0.326823,1.719560,0.582288,1.129586,0.827692,0.594181
794,1.587000,-0.031062,-0.220267,0.238285,-0.833706,0.671683,0.224625,0.301703,1.700469,0.685543,1.104348,0.808519,0.699203,-0.004488,-0.198115,0.123380,-0.807133,0.693836,0.109720,0.328277,1.722622,0.570638,1.130921,0.830671,0.584299
795,1.589000,-0.031314,-0.218965,0.238688,-0.833782,0.673112,0.223057,0.303610,1.704153,0.673939,1.106078,0.812076,0.689570,-0.005168,-0.197463,0.123562,-0.807636,0.694615,0.107931,0.329756,1.725655,0.558813,1.132224,0.833578,0.574444
796,1.591000,-0.031573,-0.217658,0.239198,-0.833854,0.674549,0.221538,0.305521,1.707809,0.662220,1.107802,0.815602,0.679880,-0.005859,-0.196818,0.123853,-0.808140,0.695389,0.106192,0.331235,1.728648,0.546875,1.133516,0.836441,0.564535
797,1.593000,-0.031781,-0.216325,0.239732,-0.833929,0.675964,0.220264,0.307429,1.711410,0.650556,1.109578,0.819121,0.670024,-0.006524,-0.196141,0.124169,-0.808673,0.696148,0.104701,0.332686,1.731593,0.534994,1.134835,0.839305,0.554462
798,1.595000,-0.031961,-0.214973,0.240193,-0.833984,0.677386,0.218840,0.309271,1.714956,0.638860,1.111294,0.822598,0.660213,-0.007151,-0.195444,0.124421,-0.809174,0.696914,0.103069,0.334081,1.734485,0.523088,1.136104,0.842126,0.544441
799,1.597000,-0.032059,-0.213585,0.240599,-0.834014,0.678793,0.217573,0.311115,1.718458,0.627181,1.113070,0.826080,0.650207,-0.007718,-0.194702,0.124621,-0.809672,0.697676,0.101595,0.335456,1.737340,0.511202,1.137411,0.844962,0.534229
800,1.599000,-0.032096,-0.212163,0.240973,-0.834026,0.680196,0.216409,0.312946,1.721922,0.615488,1.114875,0.829562,0.640053,-0.008239,-0.193922,0.124792,-0.810169,0.698437,0.100227,0.336803,1.740163,0.499307,1.138732,0.847803,0.523871
801,1.601000,-0.032078,-0.210713,0.241315,-0.834032,0.681587,0.215376,0.314743,1.725340,0.603829,1.116697,0.833040,0.629768,-0.008723,-0.193105,0.124934,-0.810676,0.699194,0.098995,0.338099,1.742947,0.487448,1.140052,0.850648,0.513387
802,1.603000,-0.032020,-0.209236,0.241642,-0.834036,0.682969,0.214427,0.316486,1.728715,0.592202,1.118503,0.836510,0.619417,-0.009176,-0.192256,0.125067,-0.811192,0.699948,0.097852,0.339331,1.745694,0.475626,1.141347,0.853489,0.502841
803,1.605000,-0.031931,-0.207732,0.241985,-0.834039,0.684352,0.213546,0.318185,1.732062,0.580540,1.120293,0.839978,0.608980,-0.009607,-0.191382,0.125219,-0.811715,0.700702,0.096780,0.340509,1.748412,0.463774,1.142617,0.856328,0.492214
804,1.607000,-0.031806,-0.206203,0.242301,-0.834035,0.685734,0.212684,0.319832,1.735374,0.568840,1.122060,0.843437,0.598457,-0.010009,-0.190482,0.125350,-0.812238,0.701456,0.095732,0.341629,1.751096,0.451888,1.143858,0.859158,0.481506
805,1.609000,-0.031614,-0.204646,0.242557,-0.834019,0.687100,0.211974,0.321441,1.738637,0.557201,1.123846,0.846891,0.587785,-0.010363,-0.189542,0.125424,-0.812768,0.702205,0.094840,0.342692,1.753742,0.440068,1.145097,0.861996,0.470651
806,1.611000,-0.031369,-0.203055,0.242741,-0.833982,0.688474,0.211301,0.323001,1.741857,0.545627,1.125614,0.850328,0.577067,-0.010670,-0.188557,0.125432,-0.813284,0.702972,0.093992,0.343700,1.756355,0.428319,1.146313,0.864826,0.459758
807,1.613000,-0.031091,-0.201428,0.242888,-0.833926,0.689872,0.210624,0.324520,1.745045,0.534062,1.127355,0.853746,0.566326,-0.010946,-0.187535,0.125410,-0.813781,0.703765,0.093146,0.344665,1.758939,0.416584,1.147500,0.867639,0.448848
808,1.615000,-0.030781,-0.199762,0.243031,-0.833844,0.691304,0.210003,0.326031,1.748211,0.522469,1.129095,0.857146,0.555497,-0.011197,-0.186473,0.125388,-0.814261,0.704593,0.092360,0.345615,1.761500,0.404826,1.148678,0.870435,0.437854
809,1.617000,-0.030448,-0.198065,0.243141,-0.833742,0.692764,0.209343,0.327507,1.751345,0.510851,1.130802,0.860516,0.544649,-0.011424,-0.185380,0.125339,-0.814719,0.705449,0.091542,0.346531,1.764030,0.393049,1.149825,0.873201,0.426847
810,1.619000,-0.030086,-0.196343,0.243233,-0.833623,0.694240,0.208725,0.328953,1.754442,0.499223,1.132490,0.863859,0.533730,-0.011630,-0.184261,0.125278,-0.815167,0.706322,0.090770,0.347409,1.766524,0.381268,1.150946,0.875941,0.415775
811,1.621000,-0.029715,-0.194598,0.243311,-0.833495,0.695738,0.208069,0.330353,1.757503,0.487558,1.134132,0.867168,0.522801,-0.011824,-0.183121,0.125209,-0.815603,0.707214,0.089966,0.348244,1.768979,0.369456,1.152024,0.878644,0.404698
812,1.623000,-0.029323,-0.192825,0.243377,-0.833347,0.697260,0.207412,0.331720,1.760527,0.475889,1.135745,0.870442,0.511854,-0.011998,-0.181952,0.125133,-0.816022,0.708133,0.089168,0.349046,1.771400,0.357645,1.153070,0.881315,0.393610
813,1.625000,-0.028899,-0.191024,0.243441,-0.833171,0.698807,0.206744,0.333058,1.763519,0.464227,1.137330,0.873688,0.500924,-0.012137,-0.180756,0.125062,-0.816409,0.709075,0.088364,0.349820,1.773787,0.345848,1.154092,0.883956,0.382545
814,1.627000,-0.028454,-0.189196,0.243529,-0.832966,0.700386,0.206043,0.334372,1.766481,0.452545,1.138884,0.876899,0.490031,-0.012251,-0.179536,0.125021,-0.816763,0.710046,0.087535,0.350575,1.776140,0.334037,1.155087,0.886559,0.371523
815,1.629000,-0.027997,-0.187338,0.243648,-0.832737,0.702000,0.205302,0.335664,1.769412,0.440825,1.140404,0.880074,0.479171,-0.012347,-0.178292,0.125018,-0.817088,0.711046,0.086671,0.351313,1.778458,0.322194,1.156053,0.889120,0.360541
816,1.631000,-0.027532,-0.185454,0.243832,-0.832487,0.703650,0.204554,0.336943,1.772315,0.429032,1.141897,0.883211,0.468310,-0.012435,-0.177031,0.125084,-0.817389,0.712073,0.085806,0.352040,1.780738,0.310284,1.156994,0.891633,0.349562
817,1.633000,-0.027046,-0.183543,0.244036,-0.832213,0.705327,0.203850,0.338212,1.775181,0.417196,1.143379,0.886311,0.457382,-0.012507,-0.175747,0.125176,-0.817674,0.713124,0.084989,0.352752,1.782978,0.298335,1.157919,0.894107,0.338522
818,1.635000,-0.026545,-0.181604,0.244260,-0.831915,0.707038,0.203103,0.339458,1.778012,0.405337,1.144829,0.889370,0.446494,-0.012558,-0.174438,0.125294,-0.817928,0.714204,0.084136,0.353445,1.785179,0.286370,1.158816,0.896537,0.327528
819,1.637000,-0.026010,-0.179630,0.244480,-0.831588,0.708779,0.202377,0.340690,1.780813,0.393446,1.146268,0.892404,0.435549,-0.012580,-0.173095,0.125413,-0.818158,0.715315,0.083310,0.354120,1.787349,0.274379,1.159698,0.898939,0.316482
820,1.639000,-0.025433,-0.177617,0.244684,-0.831228,0.710552,0.201674,0.341905,1.783590,0.381528,1.147700,0.895421,0.424537,-0.012565,-0.171713,0.125522,-0.818360,0.716456,0.082512,0.354773,1.789495,0.262366,1.160568,0.901325,0.305375
821,1.641000,-0.024810,-0.175564,0.244850,-0.830832,0.712357,0.200963,0.343099,1.786343,0.369601,1.149120,0.898423,0.413489,-0.012506,-0.170289,0.125599,-0.818528,0.717632,0.081712,0.355403,1.791619,0.250350,1.161425,0.903698,0.294238
822,1.643000,-0.024147,-0.173469,0.244968,-0.830404,0.714195,0.200232,0.344266,1.789073,0.357666,1.150524,0.901409,0.402402,-0.012407,-0.168820,0.125634,-0.818665,0.718843,0.080898,0.356006,1.793722,0.238332,1.162264,0.906058,0.283069
823,1.645000,-0.023444,-0.171339,0.245025,-0.829948,0.716061,0.199504,0.345407,1.791772,0.345742,1.151912,0.904373,0.391262,-0.012273,-0.167311,0.125614,-0.818777,0.720089,0.080093,0.356578,1.795800,0.226331,1.163083,0.908400,0.271851
824,1.647000,-0.022698,-0.169174,0.245025,-0.829460,0.717954,0.198782,0.346522,1.794443,0.333822,1.153285,0.907315,0.380065,-0.012099,-0.165764,0.125543,-0.818862,0.721364,0.079299,0.357121,1.797853,0.214339,1.163883,0.910726,0.260583
825,1.649000,-0.021913,-0.166972,0.244982,-0.828941,0.719878,0.198041,0.347611,1.797089,0.321899,1.154639,0.910240,0.368840,-0.011887,-0.164176,0.125434,-0.818915,0.722673,0.078493,0.357637,1.799885,0.202352,1.164665,0.913036,0.249292
826,1.651000,-0.021091,-0.164734,0.244897,-0.828393,0.721831,0.197273,0.348669,1.799711,0.309970,1.155970,0.913147,0.357594,-0.011639,-0.162551,0.125290,-0.818940,0.724013,0.077666,0.358121,1.801894,0.190363,1.165423,0.915329,0.237987
827,1.653000,-0.020234,-0.162462,0.244773,-0.827818,0.723810,0.196477,0.349692,1.802307,0.298035,1.157275,0.916036,0.346330,-0.011354,-0.160890,0.125112,-0.818937,0.725381,0.076816,0.358573,1.803879,0.178374,1.166156,0.917608,0.226670
828,1.655000,-0.019339,-0.160156,0.244611,-0.827215,0.725813,0.195651,0.350680,1.804880,0.286083,1.158555,0.918912,0.335043,-0.011030,-0.159194,0.124903,-0.818905,0.726775,0.075943,0.358989,1.805842,0.166375,1.166865,0.919874,0.215335
829,1.657000,-0.018411,-0.157815,0.244424,-0.826584,0.727844,0.194771,0.351637,1.807429,0.274088,1.159810,0.921770,0.323741,-0.010670,-0.157465,0.124674,-0.818843,0.728194,0.075021,0.359378,1.807779,0.154338,1.167551,0.922120,0.203991
830,1.659000,-0.017452,-0.155440,0.244203,-0.825925,0.729904,0.193828,0.352565,1.809953,0.262046,1.161039,0.924609,0.312421,-0.010276,-0.155703,0.124418,-0.818750,0.729640,0.074043,0.359741,1.809689,0.142261,1.168214,0.924346,0.192636
831,1.661000,-0.016459,-0.153030,0.243942,-0.825239,0.731992,0.192831,0.353463,1.812453,0.249966,1.162243,0.927432,0.301077,-0.009847,-0.153907,0.124127,-0.818627,0.731114,0.073016,0.360075,1.811576,0.130152,1.168855,0.926554,0.181263
832,1.663000,-0.015437,-0.150585,0.243647,-0.824527,0.734109,0.191778,0.354333,1.814927,0.237844,1.163423,0.930233,0.289713,-0.009386,-0.152077,0.123809,-0.818476,0.732617,0.071940,0.360384,1.813435,0.118006,1.169474,0.928741,0.169875
833,1.665000,-0.014384,-0.148105,0.243318,-0.823786,0.736258,0.190667,0.355181,1.817375,0.225669,1.164582,0.933012,0.278319,-0.008892,-0.150213,0.123462,-0.818293,0.734149,0.070812,0.360673,1.815266,0.105813,1.170074,0.930903,0.158463
834,1.667000,-0.013298,-0.145594,0.242908,-0.823015,0.738434,0.189491,0.356005,1.819793,0.213454,1.165722,0.935765,0.266870,-0.008364,-0.148318,0.123040,-0.818081,0.735710,0.069624,0.360939,1.817070,0.093586,1.170656,0.933042,0.147003
835,1.669000,-0.012179,-0.143057,0.242398,-0.822217,0.740633,0.188247,0.356803,1.822180,0.201221,1.166840,0.938490,0.255372,-0.007802,-0.146391,0.122524,-0.817840,0.737299,0.068373,0.361180,1.818846,0.081347,1.171217,0.935157,0.135498
836,1.671000,-0.011031,-0.140501,0.241750,-0.821393,0.742849,0.186912,0.357573,1.824531,0.189010,1.167935,0.941181,0.243847,-0.007208,-0.144435,0.121875,-0.817569,0.738914,0.067038,0.361396,1.820596,0.069135,1.171758,0.937247,0.123973
837,1.673000,-0.009856,-0.137924,0.240998,-0.820545,0.745085,0.185511,0.358316,1.826848,0.176811,1.169005,0.943839,0.232298,-0.006585,-0.142453,0.121128,-0.817274,0.740556,0.065641,0.361587,1.822319,0.056941,1.172276,0.939310,0.112428
838,1.675000,-0.008458,-0.137115,0.232667,-0.819430,0.746258,0.188209,0.359479,1.827936,0.176116,1.170451,0.944563,0.220574,-0.006120,-0.141003,0.112753,-0.817092,0.742369,0.068295,0.361817,1.824047,0.056202,1.172789,0.940674,0.100660
839,1.677000,-0.006912,-0.136637,0.221919,-0.818072,0.747182,0.192201,0.360916,1.828735,0.177044,1.172076,0.944916,0.206762,-0.005741,-0.139595,0.101962,-0.816900,0.744224,0.072243,0.362088,1.825777,0.057086,1.173248,0.941958,0.086805
840,1.679000,-0.005893,-0.136054,0.211530,-0.816931,0.748207,0.194210,0.362306,1.829468,0.177612,1.173343,0.945206,0.194931,-0.005640,-0.138172,0.091549,-0.816678,0.746090,0.074229,0.362559,1.827350,0.057631,1.173597,0.943089,0.074950
841,1.681000,-0.005481,-0.135601,0.200730,-0.816063,0.749221,0.193907,0.363729,1.829920,0.180430,1.174311,0.945098,0.187253,-0.005765,-0.136787,0.080737,-0.816347,0.748035,0.073913,0.363444,1.828734,0.060436,1.174026,0.943912,0.067260
842,1.683000,-0.005615,-0.135049,0.193297,-0.815708,0.750244,0.191147,0.364679,1.830344,0.182765,1.174772,0.945050,0.184916,-0.005934,-0.135632,0.073298,-0.816027,0.749661,0.071148,0.364361,1.829761,0.062767,1.174454,0.944468,0.064917
843,1.685000,-0.005768,-0.134355,0.189597,-0.815462,0.751306,0.188892,0.365415,1.830888,0.183125,1.175108,0.945227,0.183830,-0.006040,-0.134699,0.069597,-0.815733,0.750962,0.068892,0.365143,1.830545,0.063125,1.174837,0.944883,0.063831
844,1.687000,-0.005813,-0.133728,0.186817,-0.815245,0.752173,0.186360,0.365955,1.831413,0.183692,1.175387,0.945512,0.184148,-0.005930,-0.133897,0.066817,-0.815362,0.752004,0.066360,0.365838,1.831244,0.063692,1.175270,0.945344,0.064149
845,1.689000,-0.005724,-0.133081,0.185411,-0.814997,0.752964,0.184525,0.366397,1.831994,0.183625,1.175670,0.945949,0.184511,-0.005714,-0.133192,0.065411,-0.814987,0.752853,0.064525,0.366407,1.831883,0.063625,1.175680,0.945838,0.064511
846,1.691000,-0.005658,-0.132519,0.184805,-0.814798,0.753647,0.183249,0.366757,1.832502,0.183652,1.175897,0.946336,0.185208,-0.005531,-0.132613,0.064805,-0.814671,0.753553,0.063249,0.366885,1.832407,0.063652,1.176025,0.946241,0.065208
847,1.693000,-0.005571,-0.132028,0.184518,-0.814563,0.754273,0.182982,0.367171,1.832931,0.184176,1.176163,0.946630,0.185713,-0.005401,-0.132081,0.064518,-0.814393,0.754220,0.062982,0.367341,1.832878,0.064176,1.176333,0.946577,0.065713
848,1.695000,-0.005376,-0.131493,0.184346,-0.814241,0.754925,0.183050,0.367648,1.833412,0.185014,1.176512,0.946994,0.186309,-0.005180,-0.131490,0.064346,-0.814045,0.754928,0.063050,0.367844,1.833415,0.065014,1.176709,0.946997,0.066309
849,1.697000,-0.005181,-0.130870,0.184085,-0.813852,0.755725,0.183351,0.368271,1.833953,0.186132,1.176943,0.947358,0.186866,-0.004977,-0.130784,0.064085,-0.813649,0.755811,0.063351,0.368475,1.834039,0.066132,1.177146,0.947445,0.066866
850,1.699000,-0.005048,-0.130177,0.184627,-0.813480,0.756636,0.183916,0.368934,1.834545,0.186796,1.177366,0.947732,0.187507,-0.004841,-0.130084,0.064627,-0.813273,0.756729,0.063916,0.369142,1.834638,0.066796,1.177574,0.947825,0.067507
851,1.701000,-0.005050,-0.129432,0.185339,-0.813187,0.757649,0.184368,0.369585,1.835165,0.187534,1.177722,0.948084,0.188505,-0.004809,-0.129344,0.065339,-0.812946,0.757737,0.064368,0.369826,1.835254,0.067534,1.177963,0.948172,0.068505
852,1.703000,-0.005118,-0.128717,0.186383,-0.812965,0.758628,0.184805,0.370155,1.835759,0.188343,1.178003,0.948415,0.189922,-0.004815,-0.128655,0.066384,-0.812663,0.758689,0.064805,0.370458,1.835821,0.068344,1.178305,0.948477,0.069922
853,1.705000,-0.005242,-0.127966,0.187935,-0.812780,0.759657,0.185072,0.370711,1.836381,0.188834,1.178249,0.948758,0.191697,-0.004840,-0.127988,0.067936,-0.812379,0.759635,0.065073,0.371112,1.836359,0.068835,1.178650,0.948736,0.071698
854,1.707000,-0.005335,-0.127255,0.189144,-0.812542,0.760667,0.185671,0.371347,1.836953,0.189523,1.178554,0.949031,0.192997,-0.004888,-0.127317,0.069145,-0.812095,0.760604,0.065672,0.371794,1.836890,0.069524,1.179002,0.948968,0.072998
855,1.709000,-0.005345,-0.126593,0.189872,-0.812248,0.761606,0.186761,0.372012,1.837485,0.190444,1.178915,0.949286,0.193556,-0.004931,-0.126637,0.069873,-0.811834,0.761562,0.066761,0.372426,1.837440,0.070445,1.179329,0.949241,0.073556
856,1.711000,-0.005294,-0.125958,0.190429,-0.811909,0.762506,0.188240,0.372705,1.837996,0.191501,1.179320,0.949532,0.193691,-0.004966,-0.125956,0.070430,-0.811580,0.762508,0.068240,0.373033,1.837998,0.071502,1.179648,0.949535,0.073691
857,1.713000,-0.005242,-0.125340,0.190874,-0.811532,0.763420,0.189883,0.373479,1.838474,0.192772,1.179769,0.949713,0.193763,-0.005015,-0.125268,0.070874,-0.811305,0.763492,0.069884,0.373706,1.838546,0.072773,1.179996,0.949785,0.073763
858,1.715000,-0.005198,-0.124734,0.191301,-0.811143,0.764340,0.191451,0.374289,1.838932,0.193975,1.180233,0.949857,0.193824,-0.005068,-0.124596,0.071301,-0.811012,0.764478,0.071451,0.374419,1.839070,0.073975,1.180363,0.949995,0.073824
859,1.717000,-0.005139,-0.124125,0.191821,-0.810780,0.765224,0.192724,0.375019,1.839410,0.194873,1.180660,0.950061,0.193970,-0.005080,-0.123950,0.071821,-0.810721,0.765399,0.072724,0.375078,1.839585,0.074873,1.180719,0.950236,0.073970
860,1.719000,-0.005099,-0.123504,0.192628,-0.810475,0.766085,0.193723,0.375645,1.839918,0.195550,1.181021,0.950329,0.194454,-0.005070,-0.123331,0.072628,-0.810447,0.766258,0.073723,0.375673,1.840091,0.075550,1.181049,0.950502,0.074455
861,1.721000,-0.005024,-0.122912,0.193409,-0.810146,0.766906,0.195180,0.376280,1.840401,0.196602,1.181402,0.950584,0.194831,-0.005064,-0.122709,0.073410,-0.810186,0.767109,0.075180,0.376240,1.840604,0.076602,1.181362,0.950787,0.074832
862,1.723000,-0.004933,-0.122315,0.194362,-0.809815,0.767719,0.196605,0.376900,1.840895,0.197571,1.181781,0.950861,0.195328,-0.005030,-0.122100,0.074362,-0.809912,0.767934,0.076605,0.376803,1.841110,0.077571,1.181685,0.951076,0.075328
863,1.725000,-0.004836,-0.121728,0.195396,-0.809506,0.768496,0.197678,0.377463,1.841391,0.198294,1.182133,0.951167,0.196013,-0.004954,-0.121528,0.075397,-0.809625,0.768697,0.077678,0.377344,1.841592,0.078294,1.182015,0.951367,0.076013
864,1.727000,-0.004770,-0.121156,0.196571,-0.809235,0.769256,0.198246,0.377983,1.841877,0.198496,1.182448,0.951465,0.196822,-0.004868,-0.121019,0.076571,-0.809333,0.769393,0.078246,0.377884,1.842013,0.078496,1.182349,0.951601,0.076822
865,1.729000,-0.004734,-0.120591,0.197766,-0.808972,0.770026,0.198622,0.378519,1.842344,0.198486,1.182757,0.951727,0.197630,-0.004798,-0.120535,0.077766,-0.809037,0.770083,0.078622,0.378454,1.842401,0.078486,1.182692,0.951783,0.077630
866,1.731000,-0.004708,-0.120023,0.198881,-0.808724,0.770796,0.198850,0.379035,1.842817,0.198261,1.183051,0.951998,0.198293,-0.004739,-0.120055,0.078881,-0.808754,0.770764,0.078850,0.379004,1.842785,0.078261,1.183020,0.951966,0.078293
867,1.733000,-0.004697,-0.119462,0.199758,-0.808475,0.771572,0.199060,0.379570,1.843275,0.198047,1.183348,0.952241,0.198745,-0.004707,-0.119565,0.079758,-0.808485,0.771469,0.079060,0.379561,1.843172,0.078047,1.183338,0.952138,0.078745
868,1.735000,-0.004716,-0.118896,0.200462,-0.808239,0.772366,0.199114,0.380112,1.843730,0.197778,1.183635,0.952468,0.199125,-0.004700,-0.119063,0.080462,-0.808224,0.772199,0.079115,0.380127,1.843563,0.077778,1.183651,0.952301,0.079125
869,1.737000,-0.004723,-0.118338,0.200989,-0.807994,0.773151,0.199118,0.380661,1.844177,0.197418,1.183932,0.952688,0.199290,-0.004692,-0.118562,0.080990,-0.807963,0.772927,0.079118,0.380692,1.843953,0.077418,1.183962,0.952464,0.079290
870,1.739000,-0.004715,-0.117793,0.201328,-0.807733,0.773923,0.199133,0.381225,1.844611,0.197082,1.184243,0.952895,0.199277,-0.004683,-0.118059,0.081328,-0.807700,0.773657,0.079134,0.381258,1.844345,0.077082,1.184276,0.952629,0.079277
871,1.741000,-0.004701,-0.117256,0.201467,-0.807464,0.774689,0.199138,0.381800,1.845038,0.196809,1.184563,0.953093,0.199138,-0.004675,-0.117546,0.081468,-0.807438,0.774399,0.079138,0.381826,1.844748,0.076809,1.184589,0.952803,0.079139
872,1.743000,-0.004675,-0.116710,0.201581,-0.807194,0.775455,0.199117,0.382364,1.845476,0.196446,1.184883,0.953311,0.198909,-0.004659,-0.117027,0.081581,-0.807178,0.775138,0.079118,0.382380,1.845159,0.076446,1.184898,0.952994,0.078910
873,1.745000,-0.004643,-0.116164,0.201644,-0.806928,0.776210,0.199060,0.382909,1.845920,0.195998,1.185194,0.953546,0.198583,-0.004641,-0.116510,0.081644,-0.806926,0.775864,0.079060,0.382911,1.845574,0.075999,1.185196,0.953200,0.078583
874,1.747000,-0.004615,-0.115630,0.201580,-0.806670,0.776950,0.198903,0.383442,1.846352,0.195526,1.185498,0.953772,0.198202,-0.004624,-0.115999,0.081580,-0.806680,0.776582,0.078904,0.383433,1.845984,0.075527,1.185488,0.953403,0.078203
875,1.749000,-0.004580,-0.115104,0.201409,-0.806408,0.777680,0.198679,0.383977,1.846778,0.194997,1.185805,0.953994,0.197727,-0.004603,-0.115492,0.081410,-0.806431,0.777293,0.078680,0.383954,1.846391,0.074998,1.185782,0.953606,0.077728
876,1.751000,-0.004520,-0.114644,0.200847,-0.806147,0.778321,0.198515,0.384478,1.847152,0.194909,1.186105,0.954186,0.197241,-0.004565,-0.114999,0.080848,-0.806193,0.777967,0.078516,0.384432,1.846798,0.074910,1.186060,0.953832,0.077242
877,1.753000,-0.004459,-0.114194,0.200190,-0.805882,0.778955,0.198291,0.384986,1.847515,0.194781,1.186410,0.954365,0.196679,-0.004528,-0.114512,0.080190,-0.805952,0.778638,0.078292,0.384917,1.847198,0.074781,1.186341,0.954048,0.076680
878,1.755000,-0.004395,-0.113759,0.199426,-0.805619,0.779571,0.198019,0.385489,1.847864,0.194691,1.186713,0.954534,0.196098,-0.004487,-0.114031,0.079426,-0.805711,0.779300,0.078019,0.385397,1.847593,0.074692,1.186621,0.954263,0.076099
879,1.757000,-0.004328,-0.113331,0.198577,-0.805360,0.780172,0.197676,0.385977,1.848211,0.194604,1.187009,0.954709,0.195505,-0.004439,-0.113552,0.078578,-0.805471,0.779951,0.077676,0.385865,1.847990,0.074604,1.186897,0.954488,0.075505
880,1.759000,-0.004264,-0.112921,0.197625,-0.805114,0.780744,0.197270,0.386439,1.848543,0.194628,1.187289,0.954878,0.194983,-0.004388,-0.113080,0.077625,-0.805238,0.780586,0.077270,0.386315,1.848384,0.074629,1.187165,0.954719,0.074984
881,1.761000,-0.004241,-0.112508,0.196751,-0.804902,0.781328,0.196654,0.386879,1.848875,0.194599,1.187539,0.955039,0.194697,-0.004349,-0.112618,0.076752,-0.805010,0.781218,0.076654,0.386770,1.848764,0.074599,1.187431,0.954929,0.074697
882,1.763000,-0.004241,-0.112077,0.195985,-0.804704,0.781935,0.195890,0.387313,1.849219,0.194411,1.187776,0.955206,0.194506,-0.004317,-0.112159,0.075985,-0.804780,0.781854,0.075890,0.387236,1.849138,0.074411,1.187700,0.955125,0.074506
883,1.765000,-0.004260,-0.111661,0.195193,-0.804519,0.782535,0.195057,0.387742,1.849546,0.194305,1.188001,0.955350,0.194441,-0.004293,-0.111709,0.075193,-0.804552,0.782487,0.075057,0.387709,1.849498,0.074305,1.187968,0.955303,0.074441
884,1.767000,-0.004230,-0.111278,0.194498,-0.804308,0.783080,0.194498,0.388168,1.849850,0.194223,1.188246,0.955493,0.194223,-0.004246,-0.111291,0.074498,-0.804324,0.783066,0.074498,0.388153,1.849837,0.074223,1.188231,0.955479,0.074223
885,1.769000,-0.004197,-0.110925,0.194033,-0.804107,0.783583,0.194068,0.388571,1.850129,0.194106,1.188481,0.955620,0.194071,-0.004197,-0.110921,0.074033,-0.804107,0.783587,0.074068,0.388571,1.850133,0.074106,1.188480,0.955625,0.074071
886,1.771000,-0.004161,-0.110577,0.193657,-0.803908,0.784077,0.193658,0.388964,1.850405,0.193899,1.188711,0.955751,0.193898,-0.004148,-0.110565,0.073657,-0.803894,0.784089,0.073658,0.388978,1.850418,0.073899,1.188724,0.955763,0.073898
887,1.773000,-0.004093,-0.110266,0.193285,-0.803704,0.784509,0.193372,0.389329,1.850657,0.193773,1.188940,0.955882,0.193687,-0.004077,-0.110239,0.073285,-0.803688,0.784535,0.073372,0.389345,1.850684,0.073773,1.188956,0.955909,0.073687
888,1.775000,-0.004040,-0.109946,0.193007,-0.803511,0.784953,0.193113,0.389688,1.850915,0.193590,1.189160,0.956016,0.193485,-0.004020,-0.109915,0.073007,-0.803492,0.784985,0.073113,0.389708,1.850947,0.073590,1.189179,0.956047,0.073485
889,1.777000,-0.003974,-0.109640,0.192937,-0.803331,0.785362,0.192942,0.390006,1.851171,0.193289,1.189362,0.956168,0.193284,-0.003955,-0.109623,0.072937,-0.803312,0.785380,0.072942,0.390025,1.851188,0.073289,1.189381,0.956186,0.073284
890,1.779000,-0.003923,-0.109357,0.192753,-0.803168,0.785745,0.192727,0.390301,1.851404,0.193204,1.189546,0.956302,0.193230,-0.003895,-0.109336,0.072753,-0.803140,0.785767,0.072727,0.390330,1.851426,0.073204,1.189575,0.956324,0.073230
891,1.781000,-0.003849,-0.109071,0.192582,-0.802991,0.786123,0.192572,0.390601,1.851645,0.193120,1.189743,0.956451,0.193130,-0.003818,-0.109044,0.072582,-0.802960,0.786150,0.072572,0.390632,1.851672,0.073120,1.189774,0.956478,0.073130
892,1.783000,-0.003759,-0.108781,0.192432,-0.802810,0.786494,0.192421,0.390891,1.851895,0.193020,1.189941,0.956620,0.193031,-0.003725,-0.108752,0.072432,-0.802775,0.786523,0.072421,0.390925,1.851924,0.073020,1.189976,0.956649,0.073031
893,1.785000,-0.003669,-0.108494,0.192281,-0.802635,0.786857,0.192251,0.391166,1.852145,0.192958,1.190132,0.956794,0.192988,-0.003628,-0.108461,0.072281,-0.802594,0.786890,0.072251,0.391207,1.852178,0.072958,1.190173,0.956827,0.072988
894,1.787000,-0.003581,-0.108218,0.192150,-0.802467,0.787204,0.192087,0.391429,1.852385,0.192890,1.190315,0.956963,0.192954,-0.003532,-0.108183,0.072150,-0.802418,0.787240,0.072087,0.391479,1.852421,0.072890,1.190364,0.956998,0.072954
895,1.789000,-0.003492,-0.107966,0.192031,-0.802310,0.787516,0.191917,0.391666,1.852608,0.192873,1.190485,0.957125,0.192987,-0.003430,-0.107927,0.072031,-0.802249,0.787556,0.071917,0.391728,1.852647,0.072873,1.190546,0.957164,0.072987
896,1.791000,-0.003394,-0.107725,0.191958,-0.802153,0.787811,0.191765,0.391894,1.852823,0.192818,1.190653,0.957287,0.193011,-0.003322,-0.107687,0.071958,-0.802081,0.787849,0.071765,0.391966,1.852861,0.072818,1.190725,0.957325,0.073011
897,1.793000,-0.003299,-0.107500,0.191859,-0.802005,0.788083,0.191600,0.392106,1.853023,0.192813,1.190811,0.957440,0.193071,-0.003214,-0.107459,0.071859,-0.801920,0.788124,0.071600,0.392191,1.853065,0.072813,1.190896,0.957481,0.073071
898,1.795000,-0.003188,-0.107289,0.191836,-0.801857,0.788327,0.191466,0.392297,1.853219,0.192763,1.190966,0.957603,0.193133,-0.003091,-0.107252,0.071836,-0.801760,0.788364,0.071466,0.392394,1.853256,0.072763,1.191063,0.957640,0.073133
899,1.797000,-0.003067,-0.107086,0.191851,-0.801711,0.788552,0.191361,0.392472,1.853411,0.192678,1.191116,0.957773,0.193169,-0.002960,-0.107057,0.071851,-0.801605,0.788581,0.071361,0.392579,1.853440,0.072678,1.191223,0.957802,0.073169
900,1.799000,-0.002959,-0.106904,0.191849,-0.801578,0.788756,0.191273,0.392634,1.853582,0.192703,1.191253,0.957923,0.193279,-0.002840,-0.106875,0.071849,-0.801460,0.788784,0.071273,0.392752,1.853611,0.072703,1.191372,0.957951,0.073279
901,1.801000,-0.002846,-0.106727,0.191870,-0.801445,0.788950,0.191251,0.392790,1.853750,0.192703,1.191390,0.958073,0.193323,-0.002723,-0.106701,0.071870,-0.801323,0.788976,0.071251,0.392912,1.853777,0.072703,1.191512,0.958099,0.073323
902,1.803000,-0.002737,-0.106561,0.191933,-0.801316,0.789135,0.191283,0.392944,1.853908,0.192744,1.191523,0.958212,0.193395,-0.002612,-0.106536,0.071933,-0.801191,0.789159,0.071283,0.393069,1.853932,0.072744,1.191648,0.958237,0.073395
903,1.805000,-0.002635,-0.106393,0.192007,-0.801188,0.789325,0.191308,0.393103,1.854063,0.192780,1.191656,0.958345,0.193478,-0.002506,-0.106372,0.072007,-0.801059,0.789347,0.071308,0.393232,1.854085,0.072780,1.191785,0.958366,0.073478
904,1.807000,-0.002537,-0.106240,0.192073,-0.801063,0.789504,0.191376,0.393261,1.854205,0.192877,1.191787,0.958462,0.193575,-0.002406,-0.106217,0.072073,-0.800932,0.789527,0.071376,0.393392,1.854228,0.072877,1.191917,0.958484,0.073575
905,1.809000,-0.002430,-0.106092,0.192176,-0.800933,0.789671,0.191499,0.393416,1.854343,0.192958,1.191920,0.958580,0.193635,-0.002303,-0.106070,0.072176,-0.800807,0.789693,0.071499,0.393543,1.854366,0.072958,1.192047,0.958603,0.073635
906,1.811000,-0.002332,-0.105947,0.192293,-0.800813,0.789837,0.191609,0.393564,1.854478,0.193048,1.192045,0.958695,0.193731,-0.002206,-0.105926,0.072293,-0.800687,0.789857,0.071609,0.393690,1.854499,0.073048,1.192171,0.958715,0.073731
907,1.813000,-0.002244,-0.105804,0.192401,-0.800699,0.790002,0.191699,0.393708,1.854609,0.193144,1.192163,0.958803,0.193847,-0.002117,-0.105784,0.072401,-0.800572,0.790022,0.071699,0.393836,1.854629,0.073144,1.192291,0.958823,0.073847
908,1.815000,-0.002144,-0.105673,0.192518,-0.800582,0.790149,0.191848,0.393846,1.854733,0.193245,1.192284,0.958911,0.193915,-0.002021,-0.105653,0.072518,-0.800459,0.790168,0.071848,0.393969,1.854752,0.073245,1.192407,0.958931,0.073915
909,1.817000,-0.002053,-0.105549,0.192635,-0.800473,0.790289,0.191965,0.393976,1.854849,0.193366,1.192396,0.959012,0.194036,-0.001930,-0.105529,0.072635,-0.800350,0.790309,0.071965,0.394099,1.854869,0.073366,1.192519,0.959032,0.074036
910,1.819000,-0.001957,-0.105429,0.192768,-0.800363,0.790421,0.192112,0.394104,1.854962,0.193463,1.192509,0.959112,0.194119,-0.001838,-0.105411,0.072768,-0.800244,0.790440,0.072112,0.394223,1.854981,0.073463,1.192629,0.959130,0.074119
911,1.821000,-0.001869,-0.105317,0.192896,-0.800263,0.790545,0.192229,0.394218,1.855070,0.193564,1.192612,0.959208,0.194231,-0.001750,-0.105300,0.072896,-0.800143,0.790562,0.072229,0.394338,1.855087,0.073564,1.192731,0.959225,0.074231
912,1.823000,-0.001781,-0.105211,0.193039,-0.800166,0.790658,0.192351,0.394324,1.855172,0.193653,1.192710,0.959303,0.194340,-0.001662,-0.105197,0.073039,-0.800048,0.790671,0.072351,0.394443,1.855185,0.073653,1.192828,0.959317,0.074340
913,1.825000,-0.001694,-0.105113,0.193162,-0.800074,0.790761,0.192467,0.394424,1.855267,0.193741,1.192803,0.959394,0.194436,-0.001577,-0.105101,0.073162,-0.799956,0.790773,0.072467,0.394541,1.855279,0.073741,1.192921,0.959405,0.074436
914,1.827000,-0.001608,-0.105029,0.193283,-0.799988,0.790844,0.192604,0.394509,1.855351,0.193865,1.192889,0.959477,0.194544,-0.001493,-0.105017,0.073283,-0.799872,0.790856,0.072604,0.394625,1.855363,0.073865,1.193005,0.959490,0.074544
915,1.829000,-0.001522,-0.104948,0.193394,-0.799905,0.790922,0.192722,0.394588,1.855433,0.193952,1.192971,0.959562,0.194625,-0.001409,-0.104937,0.073394,-0.799792,0.790934,0.072722,0.394702,1.855444,0.073952,1.193085,0.959574,0.074625
916,1.831000,-0.001442,-0.104881,0.193502,-0.799831,0.790985,0.192847,0.394656,1.855503,0.194071,1.193045,0.959638,0.194726,-0.001330,-0.104868,0.073502,-0.799719,0.790997,0.072847,0.394768,1.855516,0.074071,1.193157,0.959650,0.074726
917,1.833000,-0.001363,-0.104818,0.193592,-0.799758,0.791042,0.192969,0.394721,1.855569,0.194174,1.193116,0.959709,0.194797,-0.001254,-0.104805,0.073592,-0.799649,0.791055,0.072969,0.394830,1.855582,0.074174,1.193225,0.959722,0.074797
918,1.835000,-0.001291,-0.104764,0.193682,-0.799692,0.791091,0.193097,0.394779,1.855626,0.194280,1.193181,0.959772,0.194865,-0.001186,-0.104748,0.073682,-0.799587,0.791106,0.073097,0.394885,1.855642,0.074280,1.193286,0.959787,0.074865
919,1.837000,-0.001221,-0.104718,0.193747,-0.799631,0.791129,0.193219,0.394831,1.855676,0.194398,1.193241,0.959829,0.194927,-0.001120,-0.104698,0.073747,-0.799530,0.791149,0.073219,0.394932,1.855695,0.074398,1.193342,0.959848,0.074927
920,1.839000,-0.001158,-0.104675,0.193818,-0.799575,0.791166,0.193332,0.394879,1.855722,0.194491,1.193296,0.959881,0.194977,-0.001061,-0.104653,0.073818,-0.799478,0.791188,0.073332,0.394976,1.855743,0.074491,1.193393,0.959902,0.074977
921,1.841000,-0.001103,-0.104637,0.193885,-0.799526,0.791198,0.193429,0.394920,1.855763,0.194573,1.193343,0.959928,0.195029,-0.001009,-0.104614,0.073885,-0.799432,0.791221,0.073430,0.395015,1.855786,0.074573,1.193438,0.959951,0.075029
922,1.843000,-0.001051,-0.104608,0.193945,-0.799483,0.791219,0.193532,0.394953,1.855795,0.194665,1.193385,0.959967,0.195078,-0.000960,-0.104583,0.073945,-0.799392,0.791245,0.073532,0.395044,1.855820,0.074665,1.193476,0.959993,0.075078
923,1.845000,-0.001007,-0.104584,0.193993,-0.799446,0.791237,0.193612,0.394981,1.855822,0.194742,1.193420,0.960001,0.195123,-0.000919,-0.104556,0.073993,-0.799358,0.791265,0.073612,0.395070,1.855850,0.074742,1.193509,0.960029,0.075123
924,1.847000,-0.000969,-0.104564,0.194042,-0.799415,0.791251,0.193691,0.395004,1.855845,0.194809,1.193450,0.960030,0.195160,-0.000883,-0.104534,0.074042,-0.799329,0.791281,0.073691,0.395090,1.855875,0.074809,1.193536,0.960060,0.075160
925,1.849000,-0.000938,-0.104548,0.194087,-0.799390,0.791261,0.193756,0.395022,1.855864,0.194862,1.193474,0.960055,0.195193,-0.000854,-0.104517,0.074087,-0.799306,0.791292,0.073756,0.395106,1.855895,0.074862,1.193558,0.960086,0.075193
926,1.851000,-0.000910,-0.104538,0.194118,-0.799369,0.791265,0.193815,0.395034,1.855877,0.194910,1.193493,0.960074,0.195213,-0.000829,-0.104506,0.074118,-0.799288,0.791297,0.073815,0.395116,1.855909,0.074910,1.193575,0.960106,0.075213
927,1.853000,-0.000889,-0.104531,0.194147,-0.799354,0.791267,0.193861,0.395043,1.855887,0.194941,1.193508,0.960089,0.195228,-0.000809,-0.104498,0.074147,-0.799274,0.791299,0.073861,0.395123,1.855919,0.074941,1.193588,0.960121,0.075228
928,1.855000,-0.000873,-0.104528,0.194164,-0.799342,0.791265,0.193900,0.395049,1.855891,0.194971,1.193518,0.960098,0.195236,-0.000795,-0.104495,0.074164,-0.799265,0.791299,0.073900,0.395126,1.855925,0.074971,1.193596,0.960132,0.075236
929,1.857000,-0.000861,-0.104528,0.194176,-0.799336,0.791261,0.193927,0.395050,1.855893,0.194988,1.193524,0.960104,0.195237,-0.000785,-0.104494,0.074176,-0.799260,0.791295,0.073927,0.395126,1.855928,0.074988,1.193600,0.960138,0.075237
930,1.859000,-0.000854,-0.104531,0.194176,-0.799332,0.791255,0.193947,0.395049,1.855892,0.195000,1.193527,0.960106,0.195229,-0.000779,-0.104496,0.074176,-0.799257,0.791290,0.073947,0.395124,1.855927,0.075000,1.193602,0.960141,0.075229
931,1.861000,-0.000848,-0.104536,0.194163,-0.799329,0.791247,0.193962,0.395048,1.855888,0.195010,1.193529,0.960105,0.195211,-0.000776,-0.104499,0.074163,-0.799257,0.791284,0.073962,0.395120,1.855926,0.075010,1.193602,0.960142,0.075212
932,1.863000,-0.000844,-0.104542,0.194141,-0.799327,0.791239,0.193969,0.395047,1.855884,0.195015,1.193531,0.960103,0.195186,-0.000774,-0.104503,0.074141,-0.799258,0.791278,0.073969,0.395117,1.855923,0.075015,1.193601,0.960142,0.075186
933,1.865000,-0.000841,-0.104549,0.194110,-0.799327,0.791231,0.193967,0.395046,1.855878,0.195013,1.193531,0.960098,0.195155,-0.000773,-0.104507,0.074110,-0.799259,0.791273,0.073967,0.395114,1.855920,0.075013,1.193599,0.960140,0.075155
934,1.867000,-0.000840,-0.104555,0.194072,-0.799326,0.791223,0.193957,0.395045,1.855872,0.195003,1.193531,0.960094,0.195118,-0.000774,-0.104511,0.074072,-0.799260,0.791267,0.073957,0.395111,1.855916,0.075003,1.193597,0.960137,0.075118
935,1.869000,-0.000840,-0.104562,0.194028,-0.799327,0.791215,0.193938,0.395043,1.855865,0.194988,1.193530,0.960088,0.195078,-0.000775,-0.104517,0.074028,-0.799262,0.791261,0.073938,0.395107,1.855911,0.074988,1.193595,0.960133,0.075078
936,1.871000,-0.000840,-0.104569,0.193979,-0.799329,0.791208,0.193910,0.395040,1.855859,0.194964,1.193528,0.960082,0.195034,-0.000777,-0.104522,0.073979,-0.799265,0.791255,0.073910,0.395104,1.855906,0.074964,1.193592,0.960129,0.075034
937,1.873000,-0.000843,-0.104577,0.193926,-0.799332,0.791200,0.193874,0.395037,1.855851,0.194935,1.193525,0.960075,0.194987,-0.000780,-0.104528,0.073926,-0.799269,0.791249,0.073874,0.395099,1.855900,0.074935,1.193588,0.960124,0.074987
938,1.875000,-0.000845,-0.104584,0.193868,-0.799335,0.791192,0.193830,0.395033,1.855845,0.194899,1.193522,0.960069,0.194937,-0.000783,-0.104533,0.073868,-0.799272,0.791243,0.073831,0.395095,1.855895,0.074900,1.193585,0.960119,0.074937
939,1.877000,-0.000847,-0.104590,0.193805,-0.799337,0.791186,0.193780,0.395030,1.855839,0.194860,1.193520,0.960063,0.194885,-0.000785,-0.104538,0.073805,-0.799275,0.791238,0.073780,0.395092,1.855891,0.074860,1.193582,0.960115,0.074885
940,1.879000,-0.000851,-0.104596,0.193738,-0.799341,0.791179,0.193725,0.395027,1.855832,0.194817,1.193517,0.960057,0.194830,-0.000789,-0.104543,0.073738,-0.799279,0.791233,0.073725,0.395089,1.855886,0.074817,1.193579,0.960110,0.074830
941,1.881000,-0.000854,-0.104603,0.193668,-0.799344,0.791173,0.193665,0.395023,1.855825,0.194771,1.193513,0.960050,0.194774,-0.000792,-0.104548,0.073668,-0.799282,0.791228,0.073665,0.395085,1.855880,0.074771,1.193575,0.960105,0.074774
942,1.883000,-0.000858,-0.104609,0.193595,-0.799348,0.791166,0.193602,0.395020,1.855819,0.194723,1.193509,0.960044,0.194716,-0.000795,-0.104553,0.073595,-0.799285,0.791223,0.073602,0.395082,1.855876,0.074723,1.193572,0.960100,0.074716
943,1.885000,-0.000861,-0.104615,0.193519,-0.799351,0.791161,0.193536,0.395017,1.855813,0.194675,1.193506,0.960038,0.194659,-0.000799,-0.104557,0.073519,-0.799288,0.791219,0.073536,0.395079,1.855871,0.074675,1.193569,0.960096,0.074659
944,1.887000,-0.000865,-0.104621,0.193443,-0.799354,0.791156,0.193467,0.395014,1.855808,0.194628,1.193503,0.960031,0.194603,-0.000802,-0.104561,0.073443,-0.799291,0.791215,0.073467,0.395077,1.855867,0.074628,1.193566,0.960091,0.074603
945,1.889000,-0.000869,-0.104626,0.193366,-0.799358,0.791151,0.193398,0.395011,1.855802,0.194582,1.193500,0.960025,0.194550,-0.000805,-0.104565,0.073366,-0.799293,0.791212,0.073398,0.395075,1.855863,0.074582,1.193564,0.960087,0.074550
946,1.891000,-0.000873,-0.104632,0.193291,-0.799361,0.791146,0.193328,0.395008,1.855796,0.194538,1.193496,0.960019,0.194501,-0.000808,-0.104568,0.073291,-0.799296,0.791209,0.073328,0.395074,1.855859,0.074538,1.193562,0.960082,0.074501
947,1.893000,-0.000877,-0.104636,0.193219,-0.799365,0.791142,0.193258,0.395006,1.855791,0.194496,1.193493,0.960013,0.194456,-0.000811,-0.104572,0.073219,-0.799298,0.791206,0.073258,0.395072,1.855856,0.074496,1.193560,0.960078,0.074456
948,1.895000,-0.000882,-0.104641,0.193151,-0.799368,0.791138,0.193190,0.395003,1.855786,0.194457,1.193489,0.960007,0.194417,-0.000814,-0.104574,0.073151,-0.799300,0.791204,0.073190,0.395072,1.855852,0.074457,1.193558,0.960073,0.074417
949,1.897000,-0.000887,-0.104644,0.193087,-0.799372,0.791136,0.193124,0.395001,1.855782,0.194420,1.193486,0.960002,0.194383,-0.000817,-0.104577,0.073087,-0.799302,0.791203,0.073124,0.395071,1.855850,0.074420,1.193556,0.960070,0.074383
950,1.899000,-0.000892,-0.104647,0.193031,-0.799375,0.791134,0.193061,0.394999,1.855779,0.194386,1.193483,0.959998,0.194356,-0.000819,-0.104579,0.073031,-0.799303,0.791203,0.073061,0.395071,1.855847,0.074386,1.193555,0.960066,0.074356
951,1.901000,-0.000896,-0.104649,0.192982,-0.799379,0.791133,0.193003,0.394997,1.855776,0.194355,1.193480,0.959994,0.194334,-0.000822,-0.104580,0.072982,-0.799304,0.791202,0.073003,0.395072,1.855845,0.074355,1.193554,0.960063,0.074334
952,1.903000,-0.000901,-0.104650,0.192941,-0.799382,0.791133,0.192950,0.394996,1.855774,0.194328,1.193477,0.959991,0.194319,-0.000824,-0.104581,0.072941,-0.799305,0.791202,0.072950,0.395072,1.855843,0.074328,1.193553,0.960060,0.074319
953,1.905000,-0.000906,-0.104651,0.192909,-0.799385,0.791134,0.192903,0.394994,1.855773,0.194304,1.193474,0.959988,0.194310,-0.000827,-0.104582,0.072909,-0.799306,0.791203,0.072903,0.395073,1.855842,0.074304,1.193553,0.960058,0.074310
954,1.907000,-0.000910,-0.104651,0.192885,-0.799388,0.791135,0.192862,0.394993,1.855772,0.194283,1.193471,0.959986,0.194307,-0.000829,-0.104582,0.072886,-0.799307,0.791205,0.072862,0.395074,1.855842,0.074283,1.193552,0.960055,0.074307
955,1.909000,-0.000914,-0.104649,0.192872,-0.799390,0.791138,0.192828,0.394992,1.855773,0.194266,1.193469,0.959985,0.194310,-0.000831,-0.104581,0.072872,-0.799307,0.791207,0.072828,0.395076,1.855841,0.074266,1.193552,0.960054,0.074310
956,1.911000,-0.000918,-0.104648,0.192868,-0.799393,0.791141,0.192802,0.394992,1.855774,0.194251,1.193467,0.959985,0.194318,-0.000832,-0.104580,0.072868,-0.799307,0.791209,0.072802,0.395078,1.855842,0.074251,1.193553,0.960053,0.074318
957,1.913000,-0.000922,-0.104645,0.192873,-0.799394,0.791146,0.192783,0.394993,1.855776,0.194241,1.193465,0.959985,0.194331,-0.000834,-0.104579,0.072873,-0.799307,0.791212,0.072783,0.395080,1.855842,0.074241,1.193553,0.960051,0.074331
958,1.915000,-0.000925,-0.104642,0.192886,-0.799396,0.791151,0.192772,0.394993,1.855778,0.194234,1.193464,0.959986,0.194349,-0.000835,-0.104577,0.072886,-0.799306,0.791215,0.072772,0.395083,1.855843,0.074234,1.193554,0.960050,0.074349
959,1.917000,-0.000928,-0.104638,0.192908,-0.799397,0.791156,0.192768,0.394994,1.855782,0.194232,1.193464,0.959988,0.194372,-0.000837,-0.104575,0.072908,-0.799306,0.791219,0.072768,0.395086,1.855844,0.074232,1.193555,0.960050,0.074372
960,1.919000,-0.000930,-0.104633,0.192936,-0.799398,0.791163,0.192771,0.394996,1.855785,0.194232,1.193463,0.959990,0.194397,-0.000838,-0.104573,0.072936,-0.799305,0.791223,0.072771,0.395089,1.855846,0.074232,1.193556,0.960050,0.074397
961,1.921000,-0.000933,-0.104628,0.192971,-0.799398,0.791169,0.192781,0.394998,1.855789,0.194237,1.193463,0.959992,0.194427,-0.000839,-0.104570,0.072971,-0.799304,0.791228,0.072781,0.395092,1.855848,0.074237,1.193557,0.960050,0.074427
962,1.923000,-0.000935,-0.104623,0.193010,-0.799398,0.791176,0.192797,0.395000,1.855794,0.194246,1.193463,0.959994,0.194459,-0.000839,-0.104567,0.073010,-0.799303,0.791232,0.072797,0.395095,1.855850,0.074246,1.193559,0.960051,0.074459
963,1.925000,-0.000937,-0.104618,0.193054,-0.799398,0.791183,0.192817,0.395003,1.855798,0.194257,1.193464,0.959997,0.194494,-0.000840,-0.104564,0.073054,-0.799302,0.791237,0.072818,0.395099,1.855852,0.074257,1.193560,0.960051,0.074494
964,1.927000,-0.000938,-0.104612,0.193101,-0.799398,0.791190,0.192843,0.395005,1.855803,0.194272,1.193465,0.960000,0.194530,-0.000841,-0.104560,0.073101,-0.799300,0.791242,0.072843,0.395103,1.855855,0.074272,1.193562,0.960052,0.074530
965,1.929000,-0.000939,-0.104607,0.193149,-0.799397,0.791197,0.192872,0.395008,1.855807,0.194290,1.193466,0.960003,0.194567,-0.000841,-0.104557,0.073150,-0.799299,0.791247,0.072872,0.395106,1.855857,0.074290,1.193564,0.960053,0.074568
966,1.931000,-0.000939,-0.104602,0.193199,-0.799395,0.791204,0.192905,0.395011,1.855812,0.194311,1.193468,0.960006,0.194606,-0.000841,-0.104554,0.073199,-0.799297,0.791252,0.072905,0.395110,1.855860,0.074311,1.193566,0.960055,0.074606
967,1.933000,-0.000939,-0.104597,0.193249,-0.799394,0.791210,0.192940,0.395014,1.855816,0.194335,1.193469,0.960010,0.194644,-0.000840,-0.104550,0.073249,-0.799295,0.791256,0.072940,0.395113,1.855863,0.074335,1.193568,0.960056,0.074644
968,1.935000,-0.000938,-0.104592,0.193299,-0.799392,0.791215,0.192978,0.395017,1.855820,0.194362,1.193471,0.960013,0.194683,-0.000839,-0.104547,0.073299,-0.799293,0.791260,0.072978,0.395116,1.855866,0.074362,1.193570,0.960058,0.074683
969,1.937000,-0.000937,-0.104589,0.193347,-0.799390,0.791219,0.193017,0.395020,1.855824,0.194390,1.193473,0.960016,0.194720,-0.000838,-0.104545,0.073347,-0.799291,0.791263,0.073017,0.395119,1.855868,0.074390,1.193572,0.960060,0.074720
970,1.939000,-0.000935,-0.104585,0.193394,-0.799388,0.791223,0.193057,0.395022,1.855827,0.194420,1.193475,0.960019,0.194757,-0.000837,-0.104542,0.073394,-0.799290,0.791266,0.073057,0.395121,1.855870,0.074420,1.193574,0.960062,0.074757
971,1.941000,-0.000933,-0.104582,0.193438,-0.799386,0.791226,0.193097,0.395025,1.855830,0.194452,1.193478,0.960022,0.194793,-0.000834,-0.104540,0.073438,-0.799287,0.791268,0.073097,0.395123,1.855872,0.074452,1.193576,0.960064,0.074793
972,1.943000,-0.000930,-0.104580,0.193480,-0.799383,0.791228,0.193137,0.395026,1.855833,0.194484,1.193480,0.960025,0.194827,-0.000832,-0.104538,0.073480,-0.799285,0.791269,0.073137,0.395125,1.855874,0.074484,1.193578,0.960066,0.074827
973,1.945000,-0.000926,-0.104578,0.193519,-0.799381,0.791228,0.193176,0.395027,1.855835,0.194516,1.193482,0.960028,0.194859,-0.000828,-0.104537,0.073519,-0.799283,0.791270,0.073176,0.395125,1.855876,0.074516,1.193580,0.960070,0.074859
974,1.947000,-0.000922,-0.104577,0.193555,-0.799379,0.791228,0.193213,0.395028,1.855837,0.194548,1.193484,0.960032,0.194889,-0.000825,-0.104536,0.073555,-0.799281,0.791269,0.073213,0.395125,1.855878,0.074548,1.193582,0.960073,0.074889
975,1.949000,-0.000918,-0.104577,0.193588,-0.799376,0.791227,0.193249,0.395027,1.855838,0.194579,1.193486,0.960035,0.194917,-0.000821,-0.104536,0.073588,-0.799279,0.791268,0.073249,0.395124,1.855879,0.074579,1.193583,0.960076,0.074917
976,1.951000,-0.000913,-0.104577,0.193617,-0.799374,0.791225,0.193282,0.395027,1.855839,0.194608,1.193488,0.960037,0.194943,-0.000817,-0.104536,0.073617,-0.799278,0.791266,0.073282,0.395124,1.855880,0.074608,1.193584,0.960079,0.074943
977,1.953000,-0.000909,-0.104578,0.193643,-0.799372,0.791221,0.193313,0.395026,1.855839,0.194636,1.193489,0.960040,0.194966,-0.000813,-0.104537,0.073643,-0.799276,0.791263,0.073313,0.395122,1.855880,0.074636,1.193585,0.960081,0.074966
978,1.955000,-0.000904,-0.104579,0.193666,-0.799370,0.791218,0.193341,0.395025,1.855839,0.194662,1.193491,0.960043,0.194986,-0.000809,-0.104537,0.073666,-0.799275,0.791260,0.073341,0.395120,1.855881,0.074662,1.193586,0.960084,0.074986
979,1.957000,-0.000900,-0.104580,0.193684,-0.799369,0.791214,0.193366,0.395023,1.855839,0.194685,1.193492,0.960045,0.195003,-0.000805,-0.104538,0.073684,-0.799274,0.791256,0.073366,0.395118,1.855881,0.074685,1.193587,0.960087,0.075003
980,1.959000,-0.000896,-0.104582,0.193699,-0.799368,0.791209,0.193388,0.395020,1.855838,0.194706,1.193492,0.960047,0.195016,-0.000801,-0.104540,0.073699,-0.799273,0.791252,0.073388,0.395115,1.855881,0.074706,1.193587,0.960089,0.075017
981,1.961000,-0.000892,-0.104584,0.193709,-0.799367,0.791205,0.193407,0.395018,1.855838,0.194724,1.193493,0.960049,0.195026,-0.000798,-0.104541,0.073709,-0.799273,0.791248,0.073407,0.395112,1.855881,0.074724,1.193587,0.960092,0.075026
982,1.963000,-0.000889,-0.104587,0.193716,-0.799366,0.791200,0.193423,0.395016,1.855836,0.194739,1.193493,0.960050,0.195033,-0.000795,-0.104543,0.073716,-0.799273,0.791244,0.073423,0.395109,1.855880,0.074740,1.193586,0.960094,0.075033
983,1.965000,-0.000885,-0.104590,0.193718,-0.799365,0.791195,0.193435,0.395013,1.855835,0.194752,1.193493,0.960051,0.195035,-0.000793,-0.104545,0.073718,-0.799273,0.791239,0.073435,0.395106,1.855879,0.074752,1.193586,0.960095,0.075035
984,1.967000,-0.000882,-0.104593,0.193716,-0.799365,0.791190,0.193443,0.395011,1.855833,0.194762,1.193493,0.960051,0.195034,-0.000790,-0.104547,0.073716,-0.799273,0.791235,0.073443,0.395103,1.855878,0.074762,1.193585,0.960096,0.075034
985,1.969000,-0.000880,-0.104596,0.193710,-0.799365,0.791184,0.193448,0.395008,1.855831,0.194768,1.193493,0.960050,0.195030,-0.000789,-0.104549,0.073710,-0.799274,0.791231,0.073448,0.395099,1.855877,0.074768,1.193584,0.960097,0.075030
986,1.971000,-0.000878,-0.104599,0.193701,-0.799365,0.791180,0.193450,0.395006,1.855828,0.194771,1.193492,0.960050,0.195022,-0.000788,-0.104552,0.073701,-0.799274,0.791227,0.073450,0.395096,1.855876,0.074771,1.193583,0.960097,0.075022
987,1.973000,-0.000877,-0.104602,0.193688,-0.799365,0.791175,0.193447,0.395003,1.855826,0.194772,1.193492,0.960049,0.195012,-0.000787,-0.104554,0.073688,-0.799275,0.791223,0.073447,0.395093,1.855874,0.074772,1.193582,0.960097,0.075012
988,1.975000,-0.000876,-0.104605,0.193671,-0.799366,0.791170,0.193441,0.395001,1.855823,0.194769,1.193491,0.960048,0.194999,-0.000786,-0.104556,0.073671,-0.799276,0.791219,0.073441,0.395090,1.855873,0.074769,1.193581,0.960097,0.074999
989,1.977000,-0.000875,-0.104608,0.193651,-0.799366,0.791166,0.193432,0.394999,1.855821,0.194764,1.193490,0.960047,0.194983,-0.000785,-0.104558,0.073651,-0.799277,0.791216,0.073432,0.395088,1.855871,0.074764,1.193579,0.960097,0.074983
990,1.979000,-0.000874,-0.104611,0.193629,-0.799367,0.791162,0.193420,0.394997,1.855818,0.194756,1.193489,0.960045,0.194965,-0.000785,-0.104560,0.073629,-0.799278,0.791213,0.073420,0.395085,1.855869,0.074756,1.193578,0.960096,0.074965
991,1.981000,-0.000874,-0.104614,0.193604,-0.799367,0.791158,0.193404,0.394995,1.855816,0.194745,1.193489,0.960044,0.194945,-0.000785,-0.104562,0.073604,-0.799279,0.791210,0.073404,0.395083,1.855868,0.074745,1.193577,0.960096,0.074945
992,1.983000,-0.000874,-0.104617,0.193577,-0.799368,0.791155,0.193387,0.394993,1.855814,0.194732,1.193488,0.960042,0.194922,-0.000786,-0.104564,0.073577,-0.799280,0.791208,0.073387,0.395081,1.855867,0.074732,1.193576,0.960095,0.074922
993,1.985000,-0.000874,-0.104619,0.193548,-0.799369,0.791152,0.193367,0.394992,1.855811,0.194718,1.193487,0.960040,0.194899,-0.000786,-0.104565,0.073548,-0.799281,0.791206,0.073367,0.395080,1.855865,0.074718,1.193575,0.960094,0.074899
994,1.987000,-0.000874,-0.104622,0.193518,-0.799369,0.791149,0.193346,0.394991,1.855809,0.194702,1.193486,0.960038,0.194874,-0.000787,-0.104567,0.073518,-0.799282,0.791204,0.073346,0.395078,1.855864,0.074702,1.193574,0.960093,0.074874
995,1.989000,-0.000875,-0.104624,0.193487,-0.799370,0.791147,0.193323,0.394990,1.855807,0.194684,1.193486,0.960036,0.194848,-0.000788,-0.104568,0.073487,-0.799283,0.791203,0.073323,0.395077,1.855863,0.074684,1.193573,0.960092,0.074848
996,1.991000,-0.000875,-0.104626,0.193455,-0.799371,0.791145,0.193299,0.394990,1.855805,0.194665,1.193485,0.960035,0.194822,-0.000788,-0.104569,0.073456,-0.799284,0.791202,0.073299,0.395077,1.855862,0.074665,1.193572,0.960091,0.074822
997,1.993000,-0.000876,-0.104627,0.193424,-0.799371,0.791144,0.193275,0.394990,1.855804,0.194646,1.193485,0.960033,0.194796,-0.000789,-0.104570,0.073424,-0.799284,0.791201,0.073275,0.395076,1.855861,0.074646,1.193571,0.960090,0.074796
998,1.995000,-0.000877,-0.104629,0.193394,-0.799372,0.791143,0.193251,0.394989,1.855802,0.194627,1.193484,0.960031,0.194770,-0.000790,-0.104571,0.073394,-0.799285,0.791201,0.073251,0.395076,1.855860,0.074627,1.193571,0.960089,0.074770
999,1.997000,-0.000878,-0.104630,0.193364,-0.799372,0.791142,0.193227,0.394990,1.855801,0.194608,1.193484,0.960029,0.194745,-0.000792,-0.104571,0.073364,-0.799286,0.791201,0.073227,0.395076,1.855859,0.074608,1.193570,0.960087,0.074745
1000,1.999000,-0.000879,-0.104631,0.193336,-0.799373,0.791141,0.193204,0.394990,1.855799,0.194589,1.193483,0.960027,0.194721,-0.000793,-0.104572,0.073336,-0.799286,0.791201,0.073204,0.395076,1.855858,0.074589,1.193570,0.960086,0.074721
1001,2.001000,-0.000880,-0.104632,0.193311,-0.799373,0.791141,0.193182,0.394990,1.855798,0.194570,1.193483,0.960025,0.194699,-0.000794,-0.104572,0.073311,-0.799287,0.791201,0.073182,0.395077,1.855858,0.074570,1.193569,0.960085,0.074699
