<?xml version='1.0' encoding='utf-8'?>
<VTKFile type="UnstructuredGrid" version="0.1" byte_order="LittleEndian">
  <UnstructuredGrid>
    <Piece NumberOfPoints="4250" NumberOfCells="2448">
      <Points>
        <DataArray type="Float64" Name="" NumberOfComponents="3" format="ascii">-10.6 -10.6 -10.6 -10.6 0.0 -10.6 -10.6 1200.0 -10.6 -10.6 1210.6 -10.6 0.0 -10.6 -10.6 0.0 0.0 -10.6 0.0 1200.0 -10.6 0.0 1210.6 -10.6 1800.0 -10.6 -10.6 1800.0 0.0 -10.6 1800.0 1200.0 -10.6 1800.0 1210.6 -10.6 1810.6 -10.6 -10.6 1810.6 0.0 -10.6 1810.6 1200.0 -10.6 1810.6 1210.6 -10.6 -10.6 -10.6 0.0 0.0 -10.6 0.0 0.0 0.0 0.0 -10.6 0.0 0.0 0.0 1200.0 0.0 -10.6 1200.0 0.0 0.0 1210.6 0.0 -10.6 1210.6 0.0 1800.0 -10.6 0.0 1800.0 0.0 0.0 1800.0 1200.0 0.0 1800.0 1210.6 0.0 1810.6 -10.6 0.0 1810.6 0.0 0.0 1810.6 1200.0 0.0 1810.6 1210.6 0.0 -13.22465990577772 -13.22465990577772 30.0 -2.6246599057777202 -13.22465990577772 30.0 -2.6246599057777202 -2.6246599057777202 30.0 -13.22465990577772 -2.6246599057777202 30.0 -2.6246599057777202 1202.6246599057777 30.0 -13.22465990577772 1202.6246599057777 30.0 -2.6246599057777202 1213.2246599057776 30.0 -13.22465990577772 1213.2246599057776 30.0 1802.6246599057777 -13.22465990577772 30.0 1802.6246599057777 -2.6246599057777202 30.0 1802.6246599057777 1202.6246599057777 30.0 1802.6246599057777 1213.2246599057776 30.0 1813.2246599057776 -13.22465990577772 30.0 1813.2246599057776 -2.6246599057777202 30.0 1813.2246599057776 1202.6246599057777 30.0 1813.2246599057776 1213.2246599057776 30.0 -7.066666666666673 -10.6 -10.6 -3.5333333333333377 -10.6 -10.6 -7.066666666666673 0.0 -10.6 -3.5333333333333377 0.0 -10.6 -7.066666666666673 1200.0 -10.6 -3.5333333333333377 1200.0 -10.6 -7.066666666666673 1210.6 -10.6 -3.5333333333333377 1210.6 -10.6 50.0 -10.6 -10.6 100.0 -10.6 -10.6 150.0 -10.6 -10.6 200.0 -10.6 -10.6 250.0 -10.6 -10.6 300.0 -10.6 -10.6 349.99999999999994 -10.6 -10.6 400.0 -10.6 -10.6 450.0 -10.6 -10.6 500.0 -10.6 -10.6 550.0 -10.6 -10.6 600.0 -10.6 -10.6 650.0 -10.6 -10.6 699.9999999999999 -10.6 -10.6 749.9999999999999 -10.6 -10.6 800.0 -10.6 -10.6 850.0 -10.6 -10.6 900.0 -10.6 -10.6 950.0 -10.6 -10.6 1000.0 -10.6 -10.6 1049.9999999999998 -10.6 -10.6 1100.0 -10.6 -10.6 1150.0 -10.6 -10.6 1200.0 -10.6 -10.6 1250.0 -10.6 -10.6 1300.0 -10.6 -10.6 1350.0 -10.6 -10.6 1399.9999999999998 -10.6 -10.6 1449.9999999999998 -10.6 -10.6 1499.9999999999998 -10.6 -10.6 1550.0 -10.6 -10.6 1600.0 -10.6 -10.6 1650.0 -10.6 -10.6 1700.0 -10.6 -10.6 1750.0 -10.6 -10.6 50.0 0.0 -10.6 100.0 0.0 -10.6 150.0 0.0 -10.6 200.0 0.0 -10.6 250.0 0.0 -10.6 300.0 0.0 -10.6 349.99999999999994 0.0 -10.6 400.0 0.0 -10.6 450.0 0.0 -10.6 500.0 0.0 -10.6 550.0 0.0 -10.6 600.0 0.0 -10.6 650.0 0.0 -10.6 699.9999999999999 0.0 -10.6 749.9999999999999 0.0 -10.6 800.0 0.0 -10.6 850.0 0.0 -10.6 900.0 0.0 -10.6 950.0 0.0 -10.6 1000.0 0.0 -10.6 1049.9999999999998 0.0 -10.6 1100.0 0.0 -10.6 1150.0 0.0 -10.6 1200.0 0.0 -10.6 1250.0 0.0 -10.6 1300.0 0.0 -10.6 1350.0 0.0 -10.6 1399.9999999999998 0.0 -10.6 1449.9999999999998 0.0 -10.6 1499.9999999999998 0.0 -10.6 1550.0 0.0 -10.6 1600.0 0.0 -10.6 1650.0 0.0 -10.6 1700.0 0.0 -10.6 1750.0 0.0 -10.6 50.0 1200.0 -10.6 100.0 1200.0 -10.6 150.0 1200.0 -10.6 200.0 1200.0 -10.6 250.0 1200.0 -10.6 300.0 1200.0 -10.6 349.99999999999994 1200.0 -10.6 400.0 1200.0 -10.6 450.0 1200.0 -10.6 500.0 1200.0 -10.6 550.0 1200.0 -10.6 600.0 1200.0 -10.6 650.0 1200.0 -10.6 699.9999999999999 1200.0 -10.6 749.9999999999999 1200.0 -10.6 800.0 1200.0 -10.6 850.0 1200.0 -10.6 900.0 1200.0 -10.6 950.0 1200.0 -10.6 1000.0 1200.0 -10.6 1049.9999999999998 1200.0 -10.6 1100.0 1200.0 -10.6 1150.0 1200.0 -10.6 1200.0 1200.0 -10.6 1250.0 1200.0 -10.6 1300.0 1200.0 -10.6 1350.0 1200.0 -10.6 1399.9999999999998 1200.0 -10.6 1449.9999999999998 1200.0 -10.6 1499.9999999999998 1200.0 -10.6 1550.0 1200.0 -10.6 1600.0 1200.0 -10.6 1650.0 1200.0 -10.6 1700.0 1200.0 -10.6 1750.0 1200.0 -10.6 50.0 1210.6 -10.6 100.0 1210.6 -10.6 150.0 1210.6 -10.6 200.0 1210.6 -10.6 250.0 1210.6 -10.6 300.0 1210.6 -10.6 349.99999999999994 1210.6 -10.6 400.0 1210.6 -10.6 450.0 1210.6 -10.6 500.0 1210.6 -10.6 550.0 1210.6 -10.6 600.0 1210.6 -10.6 650.0 1210.6 -10.6 699.9999999999999 1210.6 -10.6 749.9999999999999 1210.6 -10.6 800.0 1210.6 -10.6 850.0 1210.6 -10.6 900.0 1210.6 -10.6 950.0 1210.6 -10.6 1000.0 1210.6 -10.6 1049.9999999999998 1210.6 -10.6 1100.0 1210.6 -10.6 1150.0 1210.6 -10.6 1200.0 1210.6 -10.6 1250.0 1210.6 -10.6 1300.0 1210.6 -10.6 1350.0 1210.6 -10.6 1399.9999999999998 1210.6 -10.6 1449.9999999999998 1210.6 -10.6 1499.9999999999998 1210.6 -10.6 1550.0 1210.6 -10.6 1600.0 1210.6 -10.6 1650.0 1210.6 -10.6 1700.0 1210.6 -10.6 1750.0 1210.6 -10.6 1803.5333333333333 -10.6 -10.6 1807.0666666666666 -10.6 -10.6 1803.5333333333333 0.0 -10.6 1807.0666666666666 0.0 -10.6 1803.5333333333333 1200.0 -10.6 1807.0666666666666 1200.0 -10.6 1803.5333333333333 1210.6 -10.6 1807.0666666666666 1210.6 -10.6 -10.6 -7.066666666666673 -10.6 -10.6 -3.5333333333333377 -10.6 -10.6 50.0 -10.6 -10.6 100.0 -10.6 -10.6 150.0 -10.6 -10.6 200.0 -10.6 -10.6 249.99999999999997 -10.6 -10.6 300.0 -10.6 -10.6 349.99999999999994 -10.6 -10.6 400.0 -10.6 -10.6 450.0 -10.6 -10.6 499.99999999999994 -10.6 -10.6 550.0 -10.6 -10.6 600.0 -10.6 -10.6 650.0 -10.6 -10.6 699.9999999999999 -10.6 -10.6 750.0 -10.6 -10.6 800.0 -10.6 -10.6 849.9999999999999 -10.6 -10.6 900.0 -10.6 -10.6 950.0 -10.6 -10.6 999.9999999999999 -10.6 -10.6 1050.0 -10.6 -10.6 1100.0 -10.6 -10.6 1150.0 -10.6 -10.6 1203.5333333333333 -10.6 -10.6 1207.0666666666666 -10.6 0.0 -7.066666666666673 -10.6 0.0 -3.5333333333333377 -10.6 0.0 50.0 -10.6 0.0 100.0 -10.6 0.0 150.0 -10.6 0.0 200.0 -10.6 0.0 249.99999999999997 -10.6 0.0 300.0 -10.6 0.0 349.99999999999994 -10.6 0.0 400.0 -10.6 0.0 450.0 -10.6 0.0 499.99999999999994 -10.6 0.0 550.0 -10.6 0.0 600.0 -10.6 0.0 650.0 -10.6 0.0 699.9999999999999 -10.6 0.0 750.0 -10.6 0.0 800.0 -10.6 0.0 849.9999999999999 -10.6 0.0 900.0 -10.6 0.0 950.0 -10.6 0.0 999.9999999999999 -10.6 0.0 1050.0 -10.6 0.0 1100.0 -10.6 0.0 1150.0 -10.6 0.0 1203.5333333333333 -10.6 0.0 1207.0666666666666 -10.6 1800.0 -7.066666666666673 -10.6 1800.0 -3.5333333333333377 -10.6 1800.0 50.0 -10.6 1800.0 100.0 -10.6 1800.0 150.0 -10.6 1800.0 200.0 -10.6 1800.0 249.99999999999997 -10.6 1800.0 300.0 -10.6 1800.0 349.99999999999994 -10.6 1800.0 400.0 -10.6 1800.0 450.0 -10.6 1800.0 499.99999999999994 -10.6 1800.0 550.0 -10.6 1800.0 600.0 -10.6 1800.0 650.0 -10.6 1800.0 699.9999999999999 -10.6 1800.0 750.0 -10.6 1800.0 800.0 -10.6 1800.0 849.9999999999999 -10.6 1800.0 900.0 -10.6 1800.0 950.0 -10.6 1800.0 999.9999999999999 -10.6 1800.0 1050.0 -10.6 1800.0 1100.0 -10.6 1800.0 1150.0 -10.6 1800.0 1203.5333333333333 -10.6 1800.0 1207.0666666666666 -10.6 1810.6 -7.066666666666673 -10.6 1810.6 -3.5333333333333377 -10.6 1810.6 50.0 -10.6 1810.6 100.0 -10.6 1810.6 150.0 -10.6 1810.6 200.0 -10.6 1810.6 249.99999999999997 -10.6 1810.6 300.0 -10.6 1810.6 349.99999999999994 -10.6 1810.6 400.0 -10.6 1810.6 450.0 -10.6 1810.6 499.99999999999994 -10.6 1810.6 550.0 -10.6 1810.6 600.0 -10.6 1810.6 650.0 -10.6 1810.6 699.9999999999999 -10.6 1810.6 750.0 -10.6 1810.6 800.0 -10.6 1810.6 849.9999999999999 -10.6 1810.6 900.0 -10.6 1810.6 950.0 -10.6 1810.6 999.9999999999999 -10.6 1810.6 1050.0 -10.6 1810.6 1100.0 -10.6 1810.6 1150.0 -10.6 1810.6 1203.5333333333333 -10.6 1810.6 1207.0666666666666 -10.6 -7.066666666666673 -10.6 0.0 -3.5333333333333377 -10.6 0.0 0.0 -7.066666666666673 0.0 0.0 -3.5333333333333377 0.0 -7.066666666666673 0.0 0.0 -3.5333333333333377 0.0 0.0 -10.6 -7.066666666666673 0.0 -10.6 -3.5333333333333377 0.0 0.0 50.0 0.0 0.0 100.0 0.0 0.0 150.0 0.0 0.0 200.0 0.0 0.0 249.99999999999997 0.0 0.0 300.0 0.0 0.0 349.99999999999994 0.0 0.0 400.0 0.0 0.0 450.0 0.0 0.0 499.99999999999994 0.0 0.0 550.0 0.0 0.0 600.0 0.0 0.0 650.0 0.0 0.0 699.9999999999999 0.0 0.0 750.0 0.0 0.0 800.0 0.0 0.0 849.9999999999999 0.0 0.0 900.0 0.0 0.0 950.0 0.0 0.0 999.9999999999999 0.0 0.0 1050.0 0.0 0.0 1100.0 0.0 0.0 1150.0 0.0 -7.066666666666673 1200.0 0.0 -3.5333333333333377 1200.0 0.0 -10.6 50.0 0.0 -10.6 100.0 0.0 -10.6 150.0 0.0 -10.6 200.0 0.0 -10.6 249.99999999999997 0.0 -10.6 300.0 0.0 -10.6 349.99999999999994 0.0 -10.6 400.0 0.0 -10.6 450.0 0.0 -10.6 499.99999999999994 0.0 -10.6 550.0 0.0 -10.6 600.0 0.0 -10.6 650.0 0.0 -10.6 699.9999999999999 0.0 -10.6 750.0 0.0 -10.6 800.0 0.0 -10.6 849.9999999999999 0.0 -10.6 900.0 0.0 -10.6 950.0 0.0 -10.6 999.9999999999999 0.0 -10.6 1050.0 0.0 -10.6 1100.0 0.0 -10.6 1150.0 0.0 0.0 1203.5333333333333 0.0 0.0 1207.0666666666666 0.0 -7.066666666666673 1210.6 0.0 -3.5333333333333377 1210.6 0.0 -10.6 1203.5333333333333 0.0 -10.6 1207.0666666666666 0.0 50.0 -10.6 0.0 100.0 -10.6 0.0 150.0 -10.6 0.0 200.0 -10.6 0.0 250.0 -10.6 0.0 300.0 -10.6 0.0 349.99999999999994 -10.6 0.0 400.0 -10.6 0.0 450.0 -10.6 0.0 500.0 -10.6 0.0 550.0 -10.6 0.0 600.0 -10.6 0.0 650.0 -10.6 0.0 699.9999999999999 -10.6 0.0 749.9999999999999 -10.6 0.0 800.0 -10.6 0.0 850.0 -10.6 0.0 900.0 -10.6 0.0 950.0 -10.6 0.0 1000.0 -10.6 0.0 1049.9999999999998 -10.6 0.0 1100.0 -10.6 0.0 1150.0 -10.6 0.0 1200.0 -10.6 0.0 1250.0 -10.6 0.0 1300.0 -10.6 0.0 1350.0 -10.6 0.0 1399.9999999999998 -10.6 0.0 1449.9999999999998 -10.6 0.0 1499.9999999999998 -10.6 0.0 1550.0 -10.6 0.0 1600.0 -10.6 0.0 1650.0 -10.6 0.0 1700.0 -10.6 0.0 1750.0 -10.6 0.0 1800.0 -7.066666666666673 0.0 1800.0 -3.5333333333333377 0.0 50.0 0.0 0.0 100.0 0.0 0.0 150.0 0.0 0.0 200.0 0.0 0.0 250.0 0.0 0.0 300.0 0.0 0.0 349.99999999999994 0.0 0.0 400.0 0.0 0.0 450.0 0.0 0.0 500.0 0.0 0.0 550.0 0.0 0.0 600.0 0.0 0.0 650.0 0.0 0.0 699.9999999999999 0.0 0.0 749.9999999999999 0.0 0.0 800.0 0.0 0.0 850.0 0.0 0.0 900.0 0.0 0.0 950.0 0.0 0.0 1000.0 0.0 0.0 1049.9999999999998 0.0 0.0 1100.0 0.0 0.0 1150.0 0.0 0.0 1200.0 0.0 0.0 1250.0 0.0 0.0 1300.0 0.0 0.0 1350.0 0.0 0.0 1399.9999999999998 0.0 0.0 1449.9999999999998 0.0 0.0 1499.9999999999998 0.0 0.0 1550.0 0.0 0.0 1600.0 0.0 0.0 1650.0 0.0 0.0 1700.0 0.0 0.0 1750.0 0.0 0.0 1800.0 50.0 0.0 1800.0 100.0 0.0 1800.0 150.0 0.0 1800.0 200.0 0.0 1800.0 249.99999999999997 0.0 1800.0 300.0 0.0 1800.0 349.99999999999994 0.0 1800.0 400.0 0.0 1800.0 450.0 0.0 1800.0 499.99999999999994 0.0 1800.0 550.0 0.0 1800.0 600.0 0.0 1800.0 650.0 0.0 1800.0 699.9999999999999 0.0 1800.0 750.0 0.0 1800.0 800.0 0.0 1800.0 849.9999999999999 0.0 1800.0 900.0 0.0 1800.0 950.0 0.0 1800.0 999.9999999999999 0.0 1800.0 1050.0 0.0 1800.0 1100.0 0.0 1800.0 1150.0 0.0 50.0 1200.0 0.0 100.0 1200.0 0.0 150.0 1200.0 0.0 200.0 1200.0 0.0 250.0 1200.0 0.0 300.0 1200.0 0.0 349.99999999999994 1200.0 0.0 400.0 1200.0 0.0 450.0 1200.0 0.0 500.0 1200.0 0.0 550.0 1200.0 0.0 600.0 1200.0 0.0 650.0 1200.0 0.0 699.9999999999999 1200.0 0.0 749.9999999999999 1200.0 0.0 800.0 1200.0 0.0 850.0 1200.0 0.0 900.0 1200.0 0.0 950.0 1200.0 0.0 1000.0 1200.0 0.0 1049.9999999999998 1200.0 0.0 1100.0 1200.0 0.0 1150.0 1200.0 0.0 1200.0 1200.0 0.0 1250.0 1200.0 0.0 1300.0 1200.0 0.0 1350.0 1200.0 0.0 1399.9999999999998 1200.0 0.0 1449.9999999999998 1200.0 0.0 1499.9999999999998 1200.0 0.0 1550.0 1200.0 0.0 1600.0 1200.0 0.0 1650.0 1200.0 0.0 1700.0 1200.0 0.0 1750.0 1200.0 0.0 1800.0 1203.5333333333333 0.0 1800.0 1207.0666666666666 0.0 50.0 1210.6 0.0 100.0 1210.6 0.0 150.0 1210.6 0.0 200.0 1210.6 0.0 250.0 1210.6 0.0 300.0 1210.6 0.0 349.99999999999994 1210.6 0.0 400.0 1210.6 0.0 450.0 1210.6 0.0 500.0 1210.6 0.0 550.0 1210.6 0.0 600.0 1210.6 0.0 650.0 1210.6 0.0 699.9999999999999 1210.6 0.0 749.9999999999999 1210.6 0.0 800.0 1210.6 0.0 850.0 1210.6 0.0 900.0 1210.6 0.0 950.0 1210.6 0.0 1000.0 1210.6 0.0 1049.9999999999998 1210.6 0.0 1100.0 1210.6 0.0 1150.0 1210.6 0.0 1200.0 1210.6 0.0 1250.0 1210.6 0.0 1300.0 1210.6 0.0 1350.0 1210.6 0.0 1399.9999999999998 1210.6 0.0 1449.9999999999998 1210.6 0.0 1499.9999999999998 1210.6 0.0 1550.0 1210.6 0.0 1600.0 1210.6 0.0 1650.0 1210.6 0.0 1700.0 1210.6 0.0 1750.0 1210.6 0.0 1803.5333333333333 -10.6 0.0 1807.0666666666666 -10.6 0.0 1810.6 -7.066666666666673 0.0 1810.6 -3.5333333333333377 0.0 1803.5333333333333 0.0 0.0 1807.0666666666666 0.0 0.0 1810.6 50.0 0.0 1810.6 100.0 0.0 1810.6 150.0 0.0 1810.6 200.0 0.0 1810.6 249.99999999999997 0.0 1810.6 300.0 0.0 1810.6 349.99999999999994 0.0 1810.6 400.0 0.0 1810.6 450.0 0.0 1810.6 499.99999999999994 0.0 1810.6 550.0 0.0 1810.6 600.0 0.0 1810.6 650.0 0.0 1810.6 699.9999999999999 0.0 1810.6 750.0 0.0 1810.6 800.0 0.0 1810.6 849.9999999999999 0.0 1810.6 900.0 0.0 1810.6 950.0 0.0 1810.6 999.9999999999999 0.0 1810.6 1050.0 0.0 1810.6 1100.0 0.0 1810.6 1150.0 0.0 1803.5333333333333 1200.0 0.0 1807.0666666666666 1200.0 0.0 1810.6 1203.5333333333333 0.0 1810.6 1207.0666666666666 0.0 1803.5333333333333 1210.6 0.0 1807.0666666666666 1210.6 0.0 -11.47488663525924 -11.47488663525924 10.0 -12.34977327051848 -12.34977327051848 20.0 -0.87488663525924 -11.47488663525924 10.0 -1.74977327051848 -12.34977327051848 20.0 -9.691326572444392 -13.22465990577772 30.0 -6.1579932391110574 -13.22465990577772 30.0 -0.87488663525924 -0.87488663525924 10.0 -1.74977327051848 -1.74977327051848 20.0 -2.6246599057777202 -9.691326572444392 30.0 -2.6246599057777202 -6.1579932391110574 30.0 -11.47488663525924 -0.87488663525924 10.0 -12.34977327051848 -1.74977327051848 20.0 -9.691326572444392 -2.6246599057777202 30.0 -6.1579932391110574 -2.6246599057777202 30.0 -13.22465990577772 -9.691326572444392 30.0 -13.22465990577772 -6.1579932391110574 30.0 -0.87488663525924 1200.8748866352591 10.0 -1.74977327051848 1201.7497732705185 20.0 -2.6246599057777202 50.0 30.0 -2.6246599057777202 100.0 30.0 -2.6246599057777202 150.0 30.0 -2.6246599057777202 200.0 30.0 -2.6246599057777202 249.99999999999997 30.0 -2.6246599057777202 300.0 30.0 -2.6246599057777202 349.99999999999994 30.0 -2.6246599057777202 400.0 30.0 -2.6246599057777202 450.0 30.0 -2.6246599057777202 499.99999999999994 30.0 -2.6246599057777202 550.0 30.0 -2.6246599057777202 600.0 30.0 -2.6246599057777202 650.0 30.0 -2.6246599057777202 699.9999999999999 30.0 -2.6246599057777202 750.0 30.0 -2.6246599057777202 800.0 30.0 -2.6246599057777202 849.9999999999999 30.0 -2.6246599057777202 900.0 30.0 -2.6246599057777202 950.0 30.0 -2.6246599057777202 999.9999999999999 30.0 -2.6246599057777202 1050.0 30.0 -2.6246599057777202 1100.0 30.0 -2.6246599057777202 1150.0 30.0 -11.47488663525924 1200.8748866352591 10.0 -12.34977327051848 1201.7497732705185 20.0 -9.691326572444392 1202.6246599057777 30.0 -6.1579932391110574 1202.6246599057777 30.0 -13.22465990577772 50.0 30.0 -13.22465990577772 100.0 30.0 -13.22465990577772 150.0 30.0 -13.22465990577772 200.0 30.0 -13.22465990577772 249.99999999999997 30.0 -13.22465990577772 300.0 30.0 -13.22465990577772 349.99999999999994 30.0 -13.22465990577772 400.0 30.0 -13.22465990577772 450.0 30.0 -13.22465990577772 499.99999999999994 30.0 -13.22465990577772 550.0 30.0 -13.22465990577772 600.0 30.0 -13.22465990577772 650.0 30.0 -13.22465990577772 699.9999999999999 30.0 -13.22465990577772 750.0 30.0 -13.22465990577772 800.0 30.0 -13.22465990577772 849.9999999999999 30.0 -13.22465990577772 900.0 30.0 -13.22465990577772 950.0 30.0 -13.22465990577772 999.9999999999999 30.0 -13.22465990577772 1050.0 30.0 -13.22465990577772 1100.0 30.0 -13.22465990577772 1150.0 30.0 -0.87488663525924 1211.474886635259 10.0 -1.74977327051848 1212.3497732705184 20.0 -2.6246599057777202 1206.157993239111 30.0 -2.6246599057777202 1209.6913265724443 30.0 -11.47488663525924 1211.474886635259 10.0 -12.34977327051848 1212.3497732705184 20.0 -9.691326572444392 1213.2246599057776 30.0 -6.1579932391110574 1213.2246599057776 30.0 -13.22465990577772 1206.157993239111 30.0 -13.22465990577772 1209.6913265724443 30.0 1800.8748866352591 -11.47488663525924 10.0 1801.7497732705185 -12.34977327051848 20.0 50.0 -13.22465990577772 30.0 100.0 -13.22465990577772 30.0 150.0 -13.22465990577772 30.0 200.0 -13.22465990577772 30.0 250.0 -13.22465990577772 30.0 300.0 -13.22465990577772 30.0 349.99999999999994 -13.22465990577772 30.0 400.0 -13.22465990577772 30.0 450.0 -13.22465990577772 30.0 500.0 -13.22465990577772 30.0 550.0 -13.22465990577772 30.0 600.0 -13.22465990577772 30.0 650.0 -13.22465990577772 30.0 699.9999999999999 -13.22465990577772 30.0 749.9999999999999 -13.22465990577772 30.0 800.0 -13.22465990577772 30.0 850.0 -13.22465990577772 30.0 900.0 -13.22465990577772 30.0 950.0 -13.22465990577772 30.0 1000.0 -13.22465990577772 30.0 1049.9999999999998 -13.22465990577772 30.0 1100.0 -13.22465990577772 30.0 1150.0 -13.22465990577772 30.0 1200.0 -13.22465990577772 30.0 1250.0 -13.22465990577772 30.0 1300.0 -13.22465990577772 30.0 1350.0 -13.22465990577772 30.0 1399.9999999999998 -13.22465990577772 30.0 1449.9999999999998 -13.22465990577772 30.0 1499.9999999999998 -13.22465990577772 30.0 1550.0 -13.22465990577772 30.0 1600.0 -13.22465990577772 30.0 1650.0 -13.22465990577772 30.0 1700.0 -13.22465990577772 30.0 1750.0 -13.22465990577772 30.0 1800.8748866352591 -0.87488663525924 10.0 1801.7497732705185 -1.74977327051848 20.0 1802.6246599057777 -9.691326572444392 30.0 1802.6246599057777 -6.1579932391110574 30.0 50.0 -2.6246599057777202 30.0 100.0 -2.6246599057777202 30.0 150.0 -2.6246599057777202 30.0 200.0 -2.6246599057777202 30.0 250.0 -2.6246599057777202 30.0 300.0 -2.6246599057777202 30.0 349.99999999999994 -2.6246599057777202 30.0 400.0 -2.6246599057777202 30.0 450.0 -2.6246599057777202 30.0 500.0 -2.6246599057777202 30.0 550.0 -2.6246599057777202 30.0 600.0 -2.6246599057777202 30.0 650.0 -2.6246599057777202 30.0 699.9999999999999 -2.6246599057777202 30.0 749.9999999999999 -2.6246599057777202 30.0 800.0 -2.6246599057777202 30.0 850.0 -2.6246599057777202 30.0 900.0 -2.6246599057777202 30.0 950.0 -2.6246599057777202 30.0 1000.0 -2.6246599057777202 30.0 1049.9999999999998 -2.6246599057777202 30.0 1100.0 -2.6246599057777202 30.0 1150.0 -2.6246599057777202 30.0 1200.0 -2.6246599057777202 30.0 1250.0 -2.6246599057777202 30.0 1300.0 -2.6246599057777202 30.0 1350.0 -2.6246599057777202 30.0 1399.9999999999998 -2.6246599057777202 30.0 1449.9999999999998 -2.6246599057777202 30.0 1499.9999999999998 -2.6246599057777202 30.0 1550.0 -2.6246599057777202 30.0 1600.0 -2.6246599057777202 30.0 1650.0 -2.6246599057777202 30.0 1700.0 -2.6246599057777202 30.0 1750.0 -2.6246599057777202 30.0 1800.8748866352591 1200.8748866352591 10.0 1801.7497732705185 1201.7497732705185 20.0 50.0 1202.6246599057777 30.0 100.0 1202.6246599057777 30.0 150.0 1202.6246599057777 30.0 200.0 1202.6246599057777 30.0 250.0 1202.6246599057777 30.0 300.0 1202.6246599057777 30.0 349.99999999999994 1202.6246599057777 30.0 400.0 1202.6246599057777 30.0 450.0 1202.6246599057777 30.0 500.0 1202.6246599057777 30.0 550.0 1202.6246599057777 30.0 600.0 1202.6246599057777 30.0 650.0 1202.6246599057777 30.0 699.9999999999999 1202.6246599057777 30.0 749.9999999999999 1202.6246599057777 30.0 800.0 1202.6246599057777 30.0 850.0 1202.6246599057777 30.0 900.0 1202.6246599057777 30.0 950.0 1202.6246599057777 30.0 1000.0 1202.6246599057777 30.0 1049.9999999999998 1202.6246599057777 30.0 1100.0 1202.6246599057777 30.0 1150.0 1202.6246599057777 30.0 1200.0 1202.6246599057777 30.0 1250.0 1202.6246599057777 30.0 1300.0 1202.6246599057777 30.0 1350.0 1202.6246599057777 30.0 1399.9999999999998 1202.6246599057777 30.0 1449.9999999999998 1202.6246599057777 30.0 1499.9999999999998 1202.6246599057777 30.0 1550.0 1202.6246599057777 30.0 1600.0 1202.6246599057777 30.0 1650.0 1202.6246599057777 30.0 1700.0 1202.6246599057777 30.0 1750.0 1202.6246599057777 30.0 1800.8748866352591 1211.474886635259 10.0 1801.7497732705185 1212.3497732705184 20.0 1802.6246599057777 1206.157993239111 30.0 1802.6246599057777 1209.6913265724443 30.0 50.0 1213.2246599057776 30.0 100.0 1213.2246599057776 30.0 150.0 1213.2246599057776 30.0 200.0 1213.2246599057776 30.0 250.0 1213.2246599057776 30.0 300.0 1213.2246599057776 30.0 349.99999999999994 1213.2246599057776 30.0 400.0 1213.2246599057776 30.0 450.0 1213.2246599057776 30.0 500.0 1213.2246599057776 30.0 550.0 1213.2246599057776 30.0 600.0 1213.2246599057776 30.0 650.0 1213.2246599057776 30.0 699.9999999999999 1213.2246599057776 30.0 749.9999999999999 1213.2246599057776 30.0 800.0 1213.2246599057776 30.0 850.0 1213.2246599057776 30.0 900.0 1213.2246599057776 30.0 950.0 1213.2246599057776 30.0 1000.0 1213.2246599057776 30.0 1049.9999999999998 1213.2246599057776 30.0 1100.0 1213.2246599057776 30.0 1150.0 1213.2246599057776 30.0 1200.0 1213.2246599057776 30.0 1250.0 1213.2246599057776 30.0 1300.0 1213.2246599057776 30.0 1350.0 1213.2246599057776 30.0 1399.9999999999998 1213.2246599057776 30.0 1449.9999999999998 1213.2246599057776 30.0 1499.9999999999998 1213.2246599057776 30.0 1550.0 1213.2246599057776 30.0 1600.0 1213.2246599057776 30.0 1650.0 1213.2246599057776 30.0 1700.0 1213.2246599057776 30.0 1750.0 1213.2246599057776 30.0 1811.474886635259 -11.47488663525924 10.0 1812.3497732705184 -12.34977327051848 20.0 1806.157993239111 -13.22465990577772 30.0 1809.6913265724443 -13.22465990577772 30.0 1811.474886635259 -0.87488663525924 10.0 1812.3497732705184 -1.74977327051848 20.0 1813.2246599057776 -9.691326572444392 30.0 1813.2246599057776 -6.1579932391110574 30.0 1806.157993239111 -2.6246599057777202 30.0 1809.6913265724443 -2.6246599057777202 30.0 1811.474886635259 1200.8748866352591 10.0 1812.3497732705184 1201.7497732705185 20.0 1813.2246599057776 50.0 30.0 1813.2246599057776 100.0 30.0 1813.2246599057776 150.0 30.0 1813.2246599057776 200.0 30.0 1813.2246599057776 249.99999999999997 30.0 1813.2246599057776 300.0 30.0 1813.2246599057776 349.99999999999994 30.0 1813.2246599057776 400.0 30.0 1813.2246599057776 450.0 30.0 1813.2246599057776 499.99999999999994 30.0 1813.2246599057776 550.0 30.0 1813.2246599057776 600.0 30.0 1813.2246599057776 650.0 30.0 1813.2246599057776 699.9999999999999 30.0 1813.2246599057776 750.0 30.0 1813.2246599057776 800.0 30.0 1813.2246599057776 849.9999999999999 30.0 1813.2246599057776 900.0 30.0 1813.2246599057776 950.0 30.0 1813.2246599057776 999.9999999999999 30.0 1813.2246599057776 1050.0 30.0 1813.2246599057776 1100.0 30.0 1813.2246599057776 1150.0 30.0 1806.157993239111 1202.6246599057777 30.0 1809.6913265724443 1202.6246599057777 30.0 1802.6246599057777 50.0 30.0 1802.6246599057777 100.0 30.0 1802.6246599057777 150.0 30.0 1802.6246599057777 200.0 30.0 1802.6246599057777 249.99999999999997 30.0 1802.6246599057777 300.0 30.0 1802.6246599057777 349.99999999999994 30.0 1802.6246599057777 400.0 30.0 1802.6246599057777 450.0 30.0 1802.6246599057777 499.99999999999994 30.0 1802.6246599057777 550.0 30.0 1802.6246599057777 600.0 30.0 1802.6246599057777 650.0 30.0 1802.6246599057777 699.9999999999999 30.0 1802.6246599057777 750.0 30.0 1802.6246599057777 800.0 30.0 1802.6246599057777 849.9999999999999 30.0 1802.6246599057777 900.0 30.0 1802.6246599057777 950.0 30.0 1802.6246599057777 999.9999999999999 30.0 1802.6246599057777 1050.0 30.0 1802.6246599057777 1100.0 30.0 1802.6246599057777 1150.0 30.0 1811.474886635259 1211.474886635259 10.0 1812.3497732705184 1212.3497732705184 20.0 1813.2246599057776 1206.157993239111 30.0 1813.2246599057776 1209.6913265724443 30.0 1806.157993239111 1213.2246599057776 30.0 1809.6913265724443 1213.2246599057776 30.0 -7.066666666666673 -7.066666666666673 -10.6 -7.066666666666673 -3.5333333333333377 -10.6 -3.533333333333337 -7.066666666666673 -10.6 -3.5333333333333377 -3.5333333333333377 -10.6 -7.066666666666673 50.0 -10.600000000000001 -7.066666666666673 100.0 -10.600000000000001 -7.066666666666673 150.0 -10.600000000000001 -7.066666666666673 200.0 -10.600000000000001 -7.066666666666673 250.00000000000006 -10.600000000000001 -7.066666666666673 300.00000000000006 -10.600000000000001 -7.0666666666666735 350.0 -10.600000000000001 -7.066666666666672 400.00000000000006 -10.600000000000001 -7.066666666666673 449.9999999999999 -10.600000000000001 -7.0666666666666735 499.99999999999994 -10.600000000000001 -7.066666666666673 550.0 -10.600000000000001 -7.066666666666673 600.0 -10.600000000000001 -7.0666666666666735 650.0 -10.600000000000001 -7.066666666666673 699.9999999999999 -10.600000000000001 -7.066666666666673 750.0 -10.600000000000001 -7.066666666666673 800.0 -10.600000000000001 -7.0666666666666735 849.9999999999999 -10.600000000000001 -7.066666666666672 900.0 -10.600000000000001 -7.066666666666673 950.0000000000001 -10.600000000000001 -7.0666666666666735 999.9999999999999 -10.600000000000001 -7.066666666666673 1050.0 -10.600000000000001 -7.066666666666673 1100.0 -10.600000000000001 -7.066666666666673 1150.0 -10.600000000000001 -3.5333333333333377 50.0 -10.600000000000001 -3.5333333333333368 99.99999999999983 -10.600000000000001 -3.533333333333338 150.0 -10.600000000000001 -3.5333333333333377 200.0 -10.600000000000001 -3.5333333333333377 250.00000000000006 -10.600000000000001 -3.5333333333333377 300.0 -10.600000000000001 -3.5333333333333377 350.0 -10.600000000000001 -3.5333333333333377 400.00000000000006 -10.600000000000001 -3.533333333333337 450.0 -10.600000000000001 -3.533333333333338 499.99999999999994 -10.600000000000001 -3.5333333333333377 550.0 -10.600000000000001 -3.5333333333333377 600.0 -10.600000000000001 -3.533333333333337 650.0 -10.600000000000001 -3.5333333333333377 699.9999999999999 -10.600000000000001 -3.5333333333333377 750.0 -10.600000000000001 -3.5333333333333377 800.0 -10.600000000000001 -3.533333333333337 849.9999999999999 -10.600000000000001 -3.5333333333333377 900.0 -10.600000000000001 -3.5333333333333377 950.0 -10.600000000000001 -3.5333333333333377 999.9999999999999 -10.600000000000001 -3.5333333333333377 1050.0 -10.600000000000001 -3.533333333333337 1100.0 -10.600000000000001 -3.5333333333333377 1150.0 -10.600000000000001 -7.066666666666672 1203.5333333333333 -10.599999999999998 -7.066666666666672 1207.0666666666666 -10.599999999999998 -3.533333333333338 1203.5333333333333 -10.599999999999998 -3.5333333333333377 1207.0666666666666 -10.599999999999998 49.999999999999886 -7.066666666666673 -10.6 50.0 -3.5333333333333377 -10.6 100.00000000000011 -7.066666666666673 -10.6 100.00000000000023 -3.5333333333333377 -10.6 149.9999999999999 -7.066666666666673 -10.6 149.9999999999999 -3.533333333333337 -10.6 199.9999999999999 -7.066666666666673 -10.6 199.9999999999999 -3.5333333333333377 -10.6 249.9999999999999 -7.066666666666673 -10.6 249.99999999999977 -3.5333333333333368 -10.6 300.0 -7.066666666666673 -10.6 300.0 -3.533333333333337 -10.6 349.99999999999966 -7.066666666666673 -10.6 349.9999999999999 -3.5333333333333377 -10.6 399.9999999999999 -7.066666666666673 -10.6 400.0000000000001 -3.533333333333337 -10.6 450.0 -7.066666666666673 -10.6 450.0 -3.5333333333333377 -10.6 500.0 -7.066666666666673 -10.6 500.0 -3.5333333333333377 -10.6 550.0 -7.066666666666673 -10.6 550.0 -3.5333333333333368 -10.6 600.0 -7.066666666666672 -10.6 600.0 -3.5333333333333377 -10.6 650.0 -7.066666666666673 -10.6 650.0 -3.5333333333333377 -10.6 699.9999999999999 -7.066666666666673 -10.6 699.9999999999999 -3.5333333333333377 -10.6 749.9999999999999 -7.066666666666673 -10.6 749.9999999999998 -3.5333333333333377 -10.6 800.0 -7.066666666666673 -10.6 800.0 -3.533333333333337 -10.6 850.0 -7.066666666666673 -10.6 850.0 -3.533333333333337 -10.6 900.0 -7.066666666666673 -10.6 900.0 -3.5333333333333377 -10.6 949.9999999999999 -7.0666666666666735 -10.6 950.0 -3.533333333333337 -10.6 1000.0 -7.066666666666673 -10.6 1000.0 -3.533333333333337 -10.6 1050.0 -7.066666666666673 -10.6 1049.9999999999998 -3.533333333333337 -10.6 1100.0 -7.066666666666673 -10.6 1100.0 -3.5333333333333377 -10.6 1150.0 -7.066666666666673 -10.6 1150.0 -3.533333333333337 -10.6 1200.0 -7.066666666666673 -10.6 1200.0 -3.5333333333333377 -10.6 1250.0 -7.066666666666673 -10.6 1250.0 -3.5333333333333368 -10.6 1300.0 -7.066666666666673 -10.6 1300.0 -3.5333333333333377 -10.6 1350.0 -7.066666666666673 -10.6 1350.0 -3.5333333333333377 -10.6 1399.9999999999998 -7.066666666666673 -10.6 1399.9999999999998 -3.533333333333337 -10.6 1449.9999999999995 -7.066666666666673 -10.6 1450.0 -3.5333333333333377 -10.6 1499.9999999999995 -7.066666666666673 -10.6 1500.0 -3.5333333333333377 -10.6 1550.0 -7.066666666666673 -10.6 1550.0000000000002 -3.5333333333333368 -10.6 1600.0 -7.066666666666673 -10.6 1600.0 -3.533333333333337 -10.6 1650.0 -7.066666666666672 -10.6 1650.0000000000002 -3.533333333333337 -10.6 1700.0 -7.066666666666673 -10.6 1700.0000000000005 -3.5333333333333377 -10.6 1750.0 -7.066666666666673 -10.6 1750.0000000000002 -3.5333333333333377 -10.6 49.999999999999886 50.0 -10.6 50.000000000000114 100.0 -10.6 50.0 149.99999999999994 -10.6 49.999999999999886 200.00000000000006 -10.6 50.000000000000114 250.00000000000006 -10.6 50.0 300.0 -10.6 50.0 350.00000000000006 -10.6 50.0 400.0000000000001 -10.6 50.0 450.0 -10.6 50.0 499.9999999999999 -10.6 50.0 550.0 -10.6 50.0 600.0 -10.6 50.0 650.0 -10.6 50.0 699.9999999999999 -10.6 50.0 750.0 -10.6 50.0 800.0 -10.6 50.0 849.9999999999999 -10.6 50.0 900.0 -10.6 50.000000000000114 950.0 -10.6 50.0 999.9999999999999 -10.6 50.0 1050.0 -10.6 50.0 1100.0 -10.6 50.0 1150.0 -10.6 99.99999999999989 50.0 -10.6 100.0 99.99999999999994 -10.6 100.0 150.00000000000006 -10.6 100.0 200.0 -10.6 99.99999999999977 250.00000000000006 -10.6 99.99999999999989 300.0 -10.6 100.0 350.0 -10.6 100.0 400.00000000000006 -10.6 100.0 450.0 -10.6 100.0 499.9999999999999 -10.6 100.0 550.0 -10.6 100.0 600.0 -10.6 100.0 650.0 -10.6 100.0 699.9999999999999 -10.6 100.0 750.0 -10.6 100.0 800.0 -10.6 100.0 849.9999999999998 -10.6 99.99999999999989 900.0 -10.6 100.0 950.0 -10.6 100.0 999.9999999999999 -10.6 100.0 1050.0 -10.6 100.0 1100.0 -10.6 99.99999999999989 1150.0 -10.6 150.0 50.0 -10.6 149.9999999999999 100.00000000000006 -10.6 149.9999999999999 149.9999999999999 -10.6 150.0 200.0 -10.6 150.0000000000001 250.00000000000006 -10.6 150.0 300.0 -10.6 150.0 350.0000000000001 -10.6 150.0 400.0 -10.6 150.0 450.0 -10.6 150.0 499.99999999999994 -10.6 150.0 550.0 -10.6 150.0 600.0 -10.6 150.0 650.0 -10.6 149.9999999999999 699.9999999999999 -10.6 150.0 750.0 -10.6 150.0 800.0 -10.6 150.0 849.9999999999999 -10.6 150.0 900.0 -10.6 150.0 950.0 -10.6 150.0000000000001 999.9999999999999 -10.6 149.9999999999999 1050.0 -10.6 149.9999999999999 1100.0 -10.6 150.0 1150.0 -10.6 199.99999999999977 50.0 -10.6 200.0000000000001 100.0 -10.6 199.9999999999999 150.0 -10.6 199.99999999999977 200.0 -10.6 200.0 250.0 -10.6 200.0 300.0 -10.6 199.9999999999999 350.0 -10.6 200.0 400.00000000000006 -10.6 200.0 450.00000000000006 -10.6 199.9999999999999 500.0 -10.6 200.0 550.0 -10.6 200.0 600.0 -10.6 200.0 650.0 -10.6 199.9999999999999 699.9999999999999 -10.6 200.0 750.0 -10.6 200.0 800.0 -10.6 200.0 849.9999999999999 -10.6 200.0 900.0 -10.6 200.0 950.0 -10.6 199.9999999999999 999.9999999999999 -10.6 199.9999999999999 1050.0 -10.6 200.0 1100.0 -10.6 200.0 1150.0 -10.6 250.0 50.0 -10.6 250.0 100.0 -10.6 250.0000000000001 150.0 -10.6 250.0 200.0 -10.6 249.99999999999977 250.0000000000001 -10.6 250.0 300.0 -10.6 250.0 350.0 -10.6 249.99999999999977 400.00000000000006 -10.6 250.0 449.99999999999994 -10.6 250.0 500.0 -10.6 250.0 550.0 -10.6 250.0 600.0 -10.6 250.0 650.0000000000001 -10.6 250.0 699.9999999999999 -10.6 250.0 750.0 -10.6 250.0 800.0 -10.6 250.0000000000001 849.9999999999998 -10.6 250.0 900.0 -10.6 250.0000000000001 950.0 -10.6 250.0 999.9999999999998 -10.6 250.0000000000001 1050.0 -10.6 250.0 1100.0 -10.6 250.0 1150.0 -10.6 300.0 50.0 -10.6 300.0 99.99999999999994 -10.6 300.0000000000001 150.0 -10.6 300.0000000000001 200.0000000000001 -10.6 300.0000000000001 250.0000000000001 -10.6 300.0 300.0 -10.6 300.0 350.0 -10.6 300.0000000000001 400.0000000000001 -10.6 300.0 450.0 -10.6 300.0 500.0 -10.6 300.0 550.0 -10.6 300.0 600.0 -10.6 300.0 650.0 -10.6 300.0 699.9999999999999 -10.6 300.0 750.0 -10.6 300.0 800.0 -10.6 300.0000000000001 849.9999999999998 -10.6 300.0 900.0 -10.6 300.0000000000001 950.0 -10.6 300.0 999.9999999999999 -10.6 300.0000000000001 1050.0 -10.6 300.0 1100.0 -10.6 300.0 1150.0 -10.6 349.9999999999999 50.000000000000114 -10.6 350.00000000000034 100.00000000000006 -10.6 350.0 150.0 -10.6 350.0 200.00000000000006 -10.6 350.0000000000001 250.0 -10.6 350.0000000000001 300.0 -10.6 350.0 350.0 -10.6 350.0 400.00000000000006 -10.6 350.0 450.0 -10.6 350.0 499.99999999999994 -10.6 350.0000000000001 550.0 -10.6 350.0 600.0 -10.6 350.0000000000001 650.0 -10.6 350.0 699.9999999999998 -10.6 350.0000000000001 750.0 -10.6 350.0 800.0 -10.6 350.0 849.9999999999998 -10.6 350.0000000000001 900.0 -10.6 350.0000000000001 950.0 -10.6 350.0 999.9999999999999 -10.6 350.0 1050.0 -10.6 350.0000000000001 1100.0 -10.6 350.0 1150.0 -10.6 400.0 50.000000000000114 -10.6 400.00000000000006 100.0 -10.6 400.0 150.0 -10.6 400.0 199.99999999999994 -10.6 400.0000000000001 250.00000000000006 -10.6 400.0 300.0 -10.6 400.0 350.00000000000006 -10.6 400.00000000000006 400.00000000000006 -10.6 400.0 450.0 -10.6 400.0000000000001 499.99999999999994 -10.6 400.0 550.0 -10.6 400.0 600.0 -10.6 400.0 650.0 -10.6 400.0 699.9999999999999 -10.6 400.0 750.0 -10.6 400.0 800.0 -10.6 400.0 849.9999999999998 -10.6 400.0 900.0 -10.6 400.0 950.0000000000001 -10.6 400.0000000000001 999.9999999999999 -10.6 400.0 1050.0 -10.6 400.0 1100.0 -10.6 400.0 1150.0 -10.6 450.0 50.0 -10.6 450.0 100.0 -10.6 450.0 150.0 -10.6 450.0 200.0 -10.6 450.0 250.0 -10.6 450.0 300.0 -10.6 450.0 350.0 -10.6 450.0 400.0 -10.6 450.0 450.0 -10.6 450.0 499.9999999999999 -10.6 450.00000000000006 550.0 -10.6 450.0 600.0 -10.6 450.0 650.0 -10.6 450.0 699.9999999999999 -10.6 450.0 750.0 -10.6 450.0 800.0 -10.6 450.0000000000001 849.9999999999998 -10.6 450.0 900.0 -10.6 450.0 950.0 -10.6 450.00000000000006 999.9999999999998 -10.6 450.0 1050.0 -10.6 450.0 1100.0 -10.6 450.0 1150.0 -10.6 499.9999999999999 50.0 -10.6 499.99999999999994 100.0 -10.6 500.0 150.0 -10.6 499.9999999999999 200.00000000000006 -10.6 499.9999999999999 250.00000000000006 -10.6 499.99999999999994 300.0 -10.6 500.0 350.00000000000006 -10.6 500.0 400.0000000000001 -10.6 500.0 450.0 -10.6 500.0 500.0 -10.6 500.0 550.0 -10.6 500.0 600.0 -10.6 500.0 650.0 -10.6 500.0 699.9999999999999 -10.6 500.0 750.0 -10.6 500.0 800.0 -10.6 499.99999999999994 849.9999999999999 -10.6 499.99999999999994 900.0 -10.6 499.99999999999994 950.0000000000001 -10.6 500.0 999.9999999999999 -10.6 500.0 1050.0 -10.6 499.9999999999999 1100.0 -10.6 499.99999999999994 1150.0 -10.6 550.0 50.000000000000114 -10.6 550.0 99.99999999999994 -10.6 550.0 150.0 -10.6 549.9999999999999 200.0 -10.6 550.0 250.00000000000006 -10.6 549.9999999999999 300.0 -10.6 550.0 350.0 -10.6 550.0 400.0 -10.6 550.0 450.0 -10.6 550.0 499.9999999999999 -10.6 550.0 550.0 -10.6 550.0 600.0 -10.6 549.9999999999999 650.0 -10.6 550.0 699.9999999999999 -10.6 550.0 750.0 -10.6 550.0 800.0 -10.6 550.0 849.9999999999999 -10.6 549.9999999999999 900.0 -10.6 550.0 950.0 -10.6 549.9999999999999 999.9999999999998 -10.6 550.0 1050.0 -10.6 550.0 1100.0 -10.6 550.0 1150.0 -10.6 599.9999999999999 50.0 -10.6 599.9999999999999 100.00000000000006 -10.6 600.0 150.0 -10.6 600.0 200.0000000000001 -10.6 600.0 250.0000000000001 -10.6 599.9999999999999 300.0 -10.6 600.0 350.0 -10.6 600.0 400.0000000000001 -10.6 600.0 450.00000000000006 -10.6 600.0 500.0 -10.6 600.0 550.0 -10.6 600.0 600.0 -10.6 600.0 650.0000000000001 -10.6 600.0 699.9999999999998 -10.6 600.0 750.0 -10.6 599.9999999999999 800.0 -10.6 600.0 849.9999999999999 -10.6 599.9999999999999 900.0 -10.6 600.0 950.0 -10.6 600.0 999.9999999999998 -10.6 600.0 1050.0 -10.6 599.9999999999999 1100.0 -10.6 599.9999999999999 1150.0 -10.6 650.0 50.0 -10.6 650.0 99.99999999999989 -10.6 649.9999999999999 150.0 -10.6 650.0 200.00000000000006 -10.6 650.0 250.00000000000006 -10.6 650.0 300.0 -10.6 650.0 350.0 -10.6 650.0 400.0 -10.6 650.0 450.0 -10.6 650.0 499.99999999999994 -10.6 650.0 550.0 -10.6 650.0 600.0 -10.6 650.0 650.0 -10.6 650.0 699.9999999999999 -10.6 650.0 750.0 -10.6 650.0 800.0 -10.6 650.0 849.9999999999999 -10.6 650.0 900.0 -10.6 650.0 950.0000000000001 -10.6 650.0 999.9999999999999 -10.6 649.9999999999999 1050.0 -10.6 650.0 1100.0 -10.6 650.0 1150.0 -10.6 699.9999999999999 50.000000000000114 -10.6 700.0 100.0 -10.6 700.0 150.0 -10.6 699.9999999999998 200.0 -10.6 700.0 250.0 -10.6 700.0 300.0 -10.6 699.9999999999999 350.0 -10.6 700.0 400.0 -10.6 699.9999999999999 450.0 -10.6 699.9999999999999 499.9999999999999 -10.6 699.9999999999999 550.0 -10.6 699.9999999999999 600.0 -10.6 699.9999999999999 650.0 -10.6 699.9999999999999 699.9999999999999 -10.6 699.9999999999999 750.0 -10.6 700.0 800.0 -10.6 699.9999999999999 849.9999999999999 -10.6 700.0 900.0 -10.6 700.0 950.0 -10.6 700.0 999.9999999999998 -10.6 700.0 1050.0 -10.6 700.0 1100.0 -10.6 699.9999999999998 1150.0 -10.6 749.9999999999998 50.0 -10.6 749.9999999999999 99.99999999999994 -10.6 749.9999999999999 150.0 -10.6 749.9999999999999 200.00000000000006 -10.6 749.9999999999999 250.0 -10.6 749.9999999999999 300.0 -10.6 749.9999999999999 350.00000000000006 -10.6 749.9999999999999 400.00000000000006 -10.6 749.9999999999999 450.0 -10.6 749.9999999999999 500.0 -10.6 749.9999999999999 550.0 -10.6 749.9999999999999 600.0 -10.6 749.9999999999999 650.0 -10.6 749.9999999999999 699.9999999999999 -10.6 749.9999999999999 750.0 -10.6 749.9999999999999 800.0 -10.6 749.9999999999999 849.9999999999999 -10.6 749.9999999999998 900.0 -10.6 749.9999999999999 950.0 -10.6 749.9999999999999 999.9999999999998 -10.6 749.9999999999999 1050.0 -10.6 749.9999999999999 1100.0 -10.6 749.9999999999998 1150.0 -10.6 800.0 50.0 -10.6 800.0000000000001 100.00000000000006 -10.6 800.0000000000001 150.0 -10.6 800.0000000000001 200.0 -10.6 800.0 250.0 -10.6 800.0 300.0 -10.6 800.0000000000001 350.0 -10.6 800.0 400.0000000000001 -10.6 800.0 450.0 -10.6 800.0000000000001 499.99999999999994 -10.6 800.0 550.0 -10.6 800.0 600.0 -10.6 800.0 650.0 -10.6 800.0000000000001 699.9999999999999 -10.6 800.0 750.0 -10.6 800.0 800.0 -10.6 800.0 849.9999999999999 -10.6 800.0 900.0 -10.6 800.0 950.0 -10.6 800.0000000000001 999.9999999999999 -10.6 800.0000000000001 1050.0 -10.6 800.0000000000001 1100.0 -10.6 800.0 1150.0 -10.6 850.0000000000001 50.0 -10.6 850.0 100.0 -10.6 850.0 150.0 -10.6 850.0 200.0 -10.6 850.0 250.00000000000006 -10.6 850.0000000000001 300.0 -10.6 850.0 350.00000000000006 -10.6 850.0000000000001 400.0 -10.6 850.0 450.0 -10.6 850.0 499.99999999999994 -10.6 850.0 550.0 -10.6 850.0 600.0 -10.6 850.0 650.0 -10.6 850.0 699.9999999999999 -10.6 850.0 750.0 -10.6 850.0 800.0 -10.6 850.0 849.9999999999999 -10.6 850.0000000000001 900.0 -10.6 850.0 950.0 -10.6 850.0 999.9999999999999 -10.6 850.0 1050.0 -10.6 850.0 1100.0 -10.6 850.0 1150.0 -10.6 900.0 50.0 -10.6 900.0 100.0 -10.6 900.0 150.0 -10.6 900.0 200.0 -10.6 900.0 250.00000000000006 -10.6 900.0 300.0 -10.6 900.0 350.0 -10.6 900.0 400.00000000000006 -10.6 900.0 450.0 -10.6 900.0 499.99999999999994 -10.6 900.0 550.0 -10.6 900.0 600.0 -10.6 900.0 650.0 -10.6 900.0 699.9999999999999 -10.6 900.0 750.0 -10.6 900.0 800.0 -10.6 900.0 849.9999999999999 -10.6 900.0 900.0 -10.6 900.0 950.0 -10.6 900.0 999.9999999999999 -10.6 900.0 1050.0 -10.6 900.0 1100.0 -10.6 900.0 1150.0 -10.6 949.9999999999999 50.0 -10.6 950.0 100.0 -10.6 950.0 150.0 -10.6 950.0 200.0 -10.6 950.0 250.00000000000006 -10.6 949.9999999999999 300.0 -10.6 950.0 350.00000000000006 -10.6 949.9999999999999 400.0 -10.6 950.0 450.0 -10.6 950.0 499.99999999999994 -10.6 950.0 550.0 -10.6 950.0 600.0 -10.6 950.0000000000001 650.0 -10.6 950.0 699.9999999999999 -10.6 950.0 750.0 -10.6 950.0 800.0 -10.6 950.0 849.9999999999999 -10.6 949.9999999999999 900.0 -10.6 950.0 950.0 -10.6 950.0 999.9999999999999 -10.6 950.0 1050.0 -10.6 950.0 1100.0 -10.6 950.0 1150.0 -10.6 1000.0 50.0 -10.6 999.9999999999999 99.99999999999994 -10.6 999.9999999999999 150.0 -10.6 999.9999999999999 200.0 -10.6 1000.0 250.0 -10.6 1000.0 300.0 -10.6 999.9999999999999 350.0 -10.6 1000.0 400.0000000000001 -10.6 1000.0 450.0 -10.6 999.9999999999999 499.99999999999994 -10.6 1000.0 550.0 -10.6 1000.0 600.0 -10.6 1000.0 650.0 -10.6 999.9999999999999 699.9999999999999 -10.6 1000.0 750.0 -10.6 1000.0 800.0 -10.6 1000.0 849.9999999999999 -10.6 1000.0 900.0 -10.6 1000.0 950.0 -10.6 999.9999999999999 999.9999999999999 -10.6 999.9999999999999 1050.0 -10.6 999.9999999999999 1100.0 -10.6 1000.0 1150.0 -10.6 1049.9999999999998 50.0 -10.6 1049.9999999999998 100.00000000000006 -10.6 1049.9999999999998 150.0 -10.6 1049.9999999999998 200.0 -10.6 1049.9999999999998 250.0000000000001 -10.6 1049.9999999999998 300.0 -10.6 1049.9999999999998 350.0 -10.6 1049.9999999999998 400.0 -10.6 1049.9999999999998 450.0 -10.6 1049.9999999999998 499.99999999999994 -10.6 1049.9999999999998 550.0 -10.6 1049.9999999999998 600.0 -10.6 1049.9999999999998 650.0 -10.6 1049.9999999999998 699.9999999999999 -10.6 1049.9999999999998 750.0 -10.6 1049.9999999999998 800.0 -10.6 1049.9999999999995 849.9999999999999 -10.6 1049.9999999999998 900.0 -10.6 1049.9999999999998 950.0000000000001 -10.6 1049.9999999999998 999.9999999999999 -10.6 1049.9999999999998 1050.0 -10.6 1049.9999999999998 1100.0 -10.6 1049.9999999999998 1150.0 -10.6 1100.0 50.000000000000114 -10.6 1100.0 100.0 -10.6 1100.0 150.0 -10.6 1100.0 200.00000000000006 -10.6 1100.0 250.0 -10.6 1100.0 300.0 -10.6 1100.0 350.0 -10.6 1100.0 400.0 -10.6 1100.0 450.0 -10.6 1100.0 499.9999999999999 -10.6 1100.0 550.0 -10.6 1100.0 600.0 -10.6 1100.0 650.0 -10.6 1100.0 699.9999999999999 -10.6 1100.0 750.0 -10.6 1100.0 800.0 -10.6 1100.0 849.9999999999999 -10.6 1100.0 900.0 -10.6 1100.0 950.0 -10.6 1100.0 999.9999999999998 -10.6 1100.0 1050.0 -10.6 1100.0 1100.0 -10.6 1100.0 1150.0 -10.6 1150.0 50.0 -10.6 1150.0 99.99999999999989 -10.6 1150.0 150.0 -10.6 1150.0 200.0000000000001 -10.6 1150.0 250.00000000000006 -10.6 1150.0 300.0 -10.6 1150.0 350.0 -10.6 1150.0 400.00000000000006 -10.6 1150.0 450.0 -10.6 1150.0 499.99999999999994 -10.6 1150.0 550.0 -10.6 1150.0 600.0 -10.6 1150.0 650.0 -10.6 1150.0 699.9999999999999 -10.6 1150.0 750.0 -10.6 1150.0 800.0 -10.6 1150.0 849.9999999999999 -10.6 1150.0 900.0 -10.6 1150.0 950.0 -10.6 1150.0 999.9999999999999 -10.6 1150.0 1050.0 -10.6 1150.0 1100.0 -10.6 1150.0 1150.0 -10.6 1200.0 50.0 -10.6 1200.0 99.99999999999994 -10.6 1200.0 150.0 -10.6 1200.0 200.00000000000017 -10.6 1200.0 250.00000000000006 -10.6 1200.0 300.0 -10.6 1200.0 350.0 -10.6 1200.0 400.00000000000006 -10.6 1200.0 450.0 -10.6 1200.0 499.99999999999994 -10.6 1200.0 550.0 -10.6 1200.0 600.0 -10.6 1200.0 650.0 -10.6 1200.0 699.9999999999999 -10.6 1200.0 750.0 -10.6 1200.0 800.0 -10.6 1200.0 849.9999999999998 -10.6 1200.0 900.0 -10.6 1200.0 950.0 -10.6 1200.0 999.9999999999999 -10.6 1200.0 1050.0 -10.6 1200.0 1100.0 -10.6 1200.0 1150.0 -10.6 1250.0 50.000000000000114 -10.6 1250.0 100.00000000000006 -10.6 1250.0 150.0 -10.6 1250.0 200.0 -10.6 1250.0 250.00000000000006 -10.6 1250.0 299.99999999999994 -10.6 1250.0 350.0 -10.6 1250.0 400.0000000000001 -10.6 1250.0 450.0 -10.6 1250.0 499.99999999999994 -10.6 1250.0 550.0 -10.6 1250.0 600.0 -10.6 1250.0 650.0 -10.6 1250.0 699.9999999999999 -10.6 1250.0 750.0 -10.6 1250.0 800.0 -10.6 1250.0 849.9999999999999 -10.6 1250.0 900.0 -10.6 1250.0 950.0 -10.6 1250.0 999.9999999999999 -10.6 1250.0 1050.0 -10.6 1250.0 1100.0 -10.6 1250.0 1150.0 -10.6 1300.0 50.0 -10.6 1300.0 100.0 -10.6 1300.0 150.0 -10.6 1300.0 200.00000000000006 -10.6 1300.0 250.00000000000006 -10.6 1300.0 300.0 -10.6 1300.0 350.0 -10.6 1300.0 400.0000000000001 -10.6 1300.0 450.0 -10.6 1300.0 500.0 -10.6 1300.0 550.0 -10.6 1300.0 600.0 -10.6 1300.0 650.0 -10.6 1300.0 699.9999999999999 -10.6 1300.0 750.0 -10.6 1300.0 800.0 -10.6 1300.0 849.9999999999999 -10.6 1300.0 900.0 -10.6 1300.0 950.0000000000001 -10.6 1300.0 999.9999999999999 -10.6 1300.0 1050.0 -10.6 1300.0 1100.0 -10.6 1300.0 1150.0 -10.6 1350.0 50.0 -10.6 1350.0 100.0 -10.6 1350.0 150.0 -10.6 1350.0 200.0 -10.6 1350.0 250.0 -10.6 1350.0 300.0 -10.6 1350.0 350.0 -10.6 1350.0 400.0 -10.6 1350.0 450.0 -10.6 1350.0 499.9999999999999 -10.6 1350.0 550.0 -10.6 1350.0 600.0 -10.6 1350.0 650.0 -10.6 1350.0 699.9999999999999 -10.6 1350.0 750.0 -10.6 1350.0 800.0 -10.6 1350.0 849.9999999999998 -10.6 1350.0 900.0 -10.6 1350.0 950.0 -10.6 1350.0 999.9999999999998 -10.6 1350.0 1050.0 -10.6 1350.0 1100.0 -10.6 1350.0 1150.0 -10.6 1399.9999999999998 50.000000000000114 -10.6 1399.9999999999995 99.99999999999989 -10.6 1399.9999999999998 150.0 -10.6 1399.9999999999995 200.0 -10.6 1399.9999999999998 250.00000000000006 -10.6 1399.9999999999998 300.0 -10.6 1399.9999999999995 350.00000000000006 -10.6 1399.9999999999998 400.0 -10.6 1399.9999999999998 450.0 -10.6 1399.9999999999995 499.99999999999994 -10.6 1399.9999999999998 550.0 -10.6 1399.9999999999998 600.0 -10.6 1399.9999999999995 650.0 -10.6 1399.9999999999998 699.9999999999998 -10.6 1399.9999999999998 750.0 -10.6 1399.9999999999998 800.0 -10.6 1399.9999999999998 849.9999999999999 -10.6 1399.9999999999998 900.0 -10.6 1399.9999999999998 950.0 -10.6 1399.9999999999995 999.9999999999999 -10.6 1399.9999999999998 1050.0 -10.6 1399.9999999999998 1100.0 -10.6 1399.9999999999995 1150.0 -10.6 1449.9999999999998 50.0 -10.6 1449.9999999999998 100.0 -10.6 1449.9999999999995 150.00000000000006 -10.6 1449.9999999999995 200.00000000000006 -10.6 1449.9999999999995 250.0000000000001 -10.6 1449.9999999999995 300.00000000000006 -10.6 1449.9999999999995 350.0000000000001 -10.6 1449.9999999999995 400.00000000000006 -10.6 1449.9999999999995 450.0 -10.6 1449.9999999999998 500.0 -10.6 1449.9999999999995 550.0 -10.6 1449.9999999999998 600.0 -10.6 1449.9999999999998 650.0 -10.6 1449.9999999999995 699.9999999999999 -10.6 1449.9999999999995 750.0 -10.6 1449.9999999999998 800.0 -10.6 1449.9999999999995 849.9999999999999 -10.6 1449.9999999999995 900.0 -10.6 1449.9999999999995 950.0 -10.6 1449.9999999999995 999.9999999999999 -10.6 1449.9999999999995 1050.0 -10.6 1449.9999999999995 1100.0 -10.6 1449.9999999999995 1150.0 -10.6 1499.9999999999995 50.0 -10.6 1499.9999999999995 100.00000000000006 -10.6 1499.9999999999995 150.0 -10.6 1499.9999999999995 200.0 -10.6 1499.9999999999995 250.0 -10.6 1499.9999999999995 300.0 -10.6 1499.9999999999995 350.00000000000006 -10.6 1499.9999999999995 400.0000000000001 -10.6 1499.9999999999995 450.0 -10.6 1499.9999999999995 500.0 -10.6 1499.9999999999995 549.9999999999999 -10.6 1499.9999999999998 600.0 -10.6 1499.9999999999995 650.0 -10.6 1499.9999999999995 699.9999999999999 -10.6 1499.9999999999995 750.0 -10.6 1499.9999999999995 800.0 -10.6 1499.9999999999995 849.9999999999998 -10.6 1499.9999999999995 900.0 -10.6 1499.9999999999998 950.0 -10.6 1499.9999999999998 999.9999999999999 -10.6 1499.9999999999995 1050.0 -10.6 1499.9999999999995 1100.0 -10.6 1499.9999999999995 1150.0 -10.6 1550.0 50.0 -10.6 1550.0 100.0 -10.6 1550.0 149.99999999999994 -10.6 1550.0 200.00000000000006 -10.6 1550.0 250.0 -10.6 1550.0 300.0 -10.6 1550.0 350.0 -10.6 1550.0 400.00000000000006 -10.6 1550.0 449.99999999999994 -10.6 1550.0 499.99999999999994 -10.6 1550.0 550.0 -10.6 1550.0 600.0 -10.6 1549.9999999999998 650.0 -10.6 1550.0 699.9999999999999 -10.6 1550.0 750.0 -10.6 1550.0 800.0 -10.6 1550.0 849.9999999999998 -10.6 1550.0 900.0 -10.6 1549.9999999999998 950.0 -10.6 1550.0 999.9999999999999 -10.6 1550.0 1050.0 -10.6 1550.0 1100.0 -10.6 1550.0 1150.0 -10.6 1600.0000000000002 50.000000000000114 -10.6 1600.0 100.0 -10.6 1600.0 150.00000000000006 -10.6 1600.0000000000005 200.0 -10.6 1600.0 250.00000000000006 -10.6 1600.0 300.0 -10.6 1600.0 350.0 -10.6 1600.0 400.00000000000006 -10.6 1600.0 450.00000000000006 -10.6 1600.0000000000002 499.99999999999994 -10.6 1600.0 550.0 -10.6 1600.0 600.0 -10.6 1600.0000000000002 650.0 -10.6 1600.0 699.9999999999999 -10.6 1600.0 750.0 -10.6 1600.0 800.0 -10.6 1600.0 849.9999999999998 -10.6 1600.0 900.0 -10.6 1600.0 950.0 -10.6 1600.0 999.9999999999998 -10.6 1600.0 1050.0 -10.6 1600.0 1100.0 -10.6 1600.0 1150.0 -10.6 1650.0 50.0 -10.6 1650.0 100.0 -10.6 1650.0 150.0 -10.6 1650.0 200.00000000000006 -10.6 1650.0 250.0000000000001 -10.6 1650.0 300.0 -10.6 1650.0 350.0000000000001 -10.6 1650.0 400.00000000000006 -10.6 1650.0 450.0 -10.6 1650.0 499.9999999999999 -10.6 1650.0 550.0 -10.6 1650.0 600.0 -10.6 1650.0 650.0 -10.6 1650.0 699.9999999999999 -10.6 1650.0 750.0 -10.6 1650.0 800.0 -10.6 1650.0 849.9999999999999 -10.6 1650.0 900.0 -10.6 1650.0 950.0 -10.6 1650.0 999.9999999999998 -10.6 1650.0 1050.0 -10.6 1650.0 1100.0 -10.6 1650.0 1150.0 -10.6 1700.0000000000002 50.0 -10.6 1700.0 100.0 -10.6 1700.0 150.0 -10.6 1700.0 200.0 -10.6 1700.0 250.00000000000006 -10.6 1700.0 299.99999999999994 -10.6 1700.0 350.00000000000006 -10.6 1700.0 400.0 -10.6 1700.0 450.0 -10.6 1700.0 499.99999999999994 -10.6 1700.0 550.0 -10.6 1700.0 600.0 -10.6 1700.0 650.0 -10.6 1700.0 699.9999999999999 -10.6 1700.0 750.0 -10.6 1700.0 800.0 -10.6 1700.0 849.9999999999998 -10.6 1700.0 900.0 -10.6 1700.0 950.0 -10.6 1700.0 999.9999999999999 -10.6 1700.0 1050.0 -10.6 1700.0 1100.0 -10.6 1700.0000000000002 1150.0 -10.6 1750.0 50.000000000000114 -10.6 1750.0 100.0 -10.6 1750.0 150.0 -10.6 1750.0 200.00000000000006 -10.6 1750.0 250.00000000000006 -10.6 1750.0 299.99999999999994 -10.6 1750.0 350.0 -10.6 1750.0 400.0000000000001 -10.6 1750.0 450.0 -10.6 1750.0 499.99999999999994 -10.6 1750.0 550.0 -10.6 1750.0 600.0 -10.6 1750.0 650.0 -10.6 1750.0 699.9999999999999 -10.6 1750.0 750.0 -10.6 1750.0 800.0000000000001 -10.6 1750.0 849.9999999999998 -10.6 1750.0 900.0 -10.6 1750.0 950.0 -10.6 1750.0 999.9999999999998 -10.6 1750.0 1050.0 -10.6 1750.0 1100.0 -10.6 1750.0 1150.0 -10.6 50.0 1203.5333333333333 -10.600000000000001 50.0 1207.0666666666666 -10.600000000000001 100.0 1203.5333333333333 -10.600000000000001 100.0 1207.0666666666666 -10.600000000000001 150.0 1203.5333333333333 -10.600000000000001 150.0 1207.0666666666666 -10.600000000000001 200.0 1203.5333333333333 -10.600000000000001 200.0 1207.0666666666666 -10.600000000000001 249.99999999999977 1203.5333333333333 -10.600000000000001 250.0 1207.0666666666666 -10.600000000000001 300.0000000000001 1203.5333333333333 -10.600000000000001 300.0 1207.0666666666666 -10.600000000000001 350.0 1203.5333333333333 -10.600000000000001 350.0 1207.0666666666666 -10.600000000000001 400.00000000000006 1203.5333333333333 -10.600000000000001 400.0 1207.0666666666666 -10.600000000000001 450.0 1203.5333333333333 -10.600000000000001 450.0 1207.0666666666666 -10.600000000000001 500.0 1203.5333333333333 -10.600000000000001 500.0 1207.0666666666666 -10.600000000000001 550.0 1203.5333333333333 -10.600000000000001 550.0 1207.0666666666666 -10.600000000000001 600.0 1203.5333333333333 -10.600000000000001 599.9999999999999 1207.0666666666666 -10.600000000000001 650.0 1203.5333333333333 -10.600000000000001 650.0 1207.0666666666666 -10.600000000000001 700.0 1203.5333333333333 -10.600000000000001 700.0 1207.0666666666666 -10.600000000000001 749.9999999999999 1203.5333333333333 -10.600000000000001 749.9999999999999 1207.0666666666666 -10.600000000000001 800.0 1203.5333333333333 -10.600000000000001 800.0 1207.0666666666666 -10.600000000000001 850.0000000000001 1203.5333333333333 -10.600000000000001 850.0 1207.0666666666666 -10.600000000000001 900.0 1203.5333333333333 -10.600000000000001 900.0 1207.0666666666666 -10.600000000000001 949.9999999999999 1203.5333333333333 -10.600000000000001 950.0 1207.0666666666666 -10.600000000000001 1000.0 1203.5333333333333 -10.600000000000001 1000.0 1207.0666666666666 -10.600000000000001 1049.9999999999998 1203.5333333333333 -10.600000000000001 1049.9999999999998 1207.0666666666666 -10.600000000000001 1100.0 1203.5333333333333 -10.600000000000001 1100.0 1207.0666666666666 -10.600000000000001 1150.0 1203.5333333333333 -10.600000000000001 1150.0 1207.0666666666666 -10.600000000000001 1200.0 1203.5333333333333 -10.600000000000001 1200.0 1207.0666666666666 -10.600000000000001 1250.0 1203.5333333333333 -10.600000000000001 1250.0 1207.0666666666666 -10.600000000000001 1300.0 1203.5333333333333 -10.600000000000001 1300.0 1207.0666666666666 -10.600000000000001 1350.0 1203.5333333333333 -10.600000000000001 1350.0 1207.0666666666666 -10.600000000000001 1399.9999999999998 1203.5333333333333 -10.600000000000001 1399.9999999999998 1207.0666666666666 -10.600000000000001 1449.9999999999995 1203.5333333333333 -10.600000000000001 1449.9999999999998 1207.0666666666666 -10.600000000000001 1499.9999999999995 1203.5333333333333 -10.600000000000001 1499.9999999999995 1207.0666666666666 -10.600000000000001 1550.0 1203.5333333333333 -10.600000000000001 1550.0 1207.0666666666666 -10.600000000000001 1600.0 1203.5333333333333 -10.600000000000001 1600.0 1207.0666666666666 -10.600000000000001 1650.0 1203.5333333333333 -10.600000000000001 1650.0 1207.0666666666666 -10.600000000000001 1700.0 1203.5333333333333 -10.600000000000001 1700.0 1207.0666666666666 -10.600000000000001 1750.0 1203.5333333333333 -10.600000000000001 1750.0 1207.0666666666666 -10.600000000000001 1803.5333333333333 -7.066666666666673 -10.600000000000001 1803.5333333333333 -3.5333333333333377 -10.600000000000001 1807.0666666666666 -7.0666666666666735 -10.600000000000001 1807.0666666666666 -3.5333333333333377 -10.600000000000001 1803.5333333333333 50.0 -10.600000000000001 1803.5333333333333 100.00000000000006 -10.600000000000001 1803.5333333333333 150.0 -10.600000000000001 1803.5333333333333 200.0000000000001 -10.600000000000001 1803.5333333333333 250.0000000000001 -10.600000000000001 1803.5333333333333 300.0 -10.600000000000001 1803.5333333333333 350.0 -10.600000000000001 1803.5333333333333 400.0000000000001 -10.600000000000001 1803.5333333333333 450.00000000000006 -10.600000000000001 1803.5333333333333 500.0 -10.600000000000001 1803.5333333333333 550.0 -10.600000000000001 1803.5333333333333 600.0 -10.600000000000001 1803.5333333333333 650.0000000000001 -10.600000000000001 1803.5333333333333 699.9999999999998 -10.600000000000001 1803.5333333333333 750.0 -10.600000000000001 1803.5333333333333 800.0 -10.600000000000001 1803.5333333333333 849.9999999999999 -10.600000000000001 1803.5333333333333 900.0 -10.600000000000001 1803.5333333333333 950.0 -10.600000000000001 1803.5333333333333 999.9999999999998 -10.600000000000001 1803.5333333333333 1050.0 -10.600000000000001 1803.5333333333333 1100.0 -10.600000000000001 1803.5333333333333 1150.0 -10.600000000000001 1807.0666666666666 50.0 -10.600000000000001 1807.0666666666666 99.99999999999994 -10.600000000000001 1807.0666666666666 150.0 -10.600000000000001 1807.0666666666666 200.00000000000017 -10.600000000000001 1807.0666666666666 250.00000000000006 -10.600000000000001 1807.0666666666666 300.0 -10.600000000000001 1807.0666666666666 350.0 -10.600000000000001 1807.0666666666666 400.00000000000006 -10.600000000000001 1807.0666666666666 450.0 -10.600000000000001 1807.0666666666666 499.99999999999994 -10.600000000000001 1807.0666666666666 550.0 -10.600000000000001 1807.0666666666666 600.0 -10.600000000000001 1807.0666666666666 650.0 -10.600000000000001 1807.0666666666666 699.9999999999999 -10.600000000000001 1807.0666666666666 750.0 -10.600000000000001 1807.0666666666666 800.0 -10.600000000000001 1807.0666666666666 849.9999999999998 -10.600000000000001 1807.0666666666666 900.0 -10.600000000000001 1807.0666666666666 950.0 -10.600000000000001 1807.0666666666666 999.9999999999999 -10.600000000000001 1807.0666666666666 1050.0 -10.600000000000001 1807.0666666666666 1100.0 -10.600000000000001 1807.0666666666666 1150.0 -10.600000000000001 1803.5333333333333 1203.5333333333333 -10.599999999999998 1803.5333333333333 1207.0666666666666 -10.599999999999998 1807.0666666666666 1203.5333333333333 -10.599999999999998 1807.0666666666666 1207.0666666666666 -10.599999999999998 -7.066666666666673 -7.066666666666673 0.0 -7.066666666666673 -3.5333333333333377 0.0 -3.533333333333337 -7.066666666666673 0.0 -3.5333333333333377 -3.5333333333333377 0.0 -7.066666666666673 50.0 -1.7763568394002505e-15 -7.066666666666673 100.0 -1.7763568394002505e-15 -7.066666666666673 150.0 -1.7763568394002505e-15 -7.066666666666673 200.0 -1.7763568394002505e-15 -7.066666666666673 250.00000000000006 -1.7763568394002505e-15 -7.066666666666673 300.00000000000006 -1.7763568394002505e-15 -7.0666666666666735 350.0 -1.7763568394002505e-15 -7.066666666666672 400.00000000000006 -1.7763568394002505e-15 -7.066666666666673 449.9999999999999 -1.7763568394002505e-15 -7.0666666666666735 499.99999999999994 -1.7763568394002505e-15 -7.066666666666673 550.0 -1.7763568394002505e-15 -7.066666666666673 600.0 -1.7763568394002505e-15 -7.0666666666666735 650.0 -1.7763568394002505e-15 -7.066666666666673 699.9999999999999 -1.7763568394002505e-15 -7.066666666666673 750.0 -1.7763568394002505e-15 -7.066666666666673 800.0 -1.7763568394002505e-15 -7.0666666666666735 849.9999999999999 -1.7763568394002505e-15 -7.066666666666672 900.0 -1.7763568394002505e-15 -7.066666666666673 950.0000000000001 -1.7763568394002505e-15 -7.0666666666666735 999.9999999999999 -1.7763568394002505e-15 -7.066666666666673 1050.0 -1.7763568394002505e-15 -7.066666666666673 1100.0 -1.7763568394002505e-15 -7.066666666666673 1150.0 -1.7763568394002505e-15 -3.5333333333333377 50.0 -1.7763568394002505e-15 -3.5333333333333368 99.99999999999983 -1.7763568394002505e-15 -3.533333333333338 150.0 -1.7763568394002505e-15 -3.5333333333333377 200.0 -1.7763568394002505e-15 -3.5333333333333377 250.00000000000006 -1.7763568394002505e-15 -3.5333333333333377 300.0 -1.7763568394002505e-15 -3.5333333333333377 350.0 -1.7763568394002505e-15 -3.5333333333333377 400.00000000000006 -1.7763568394002505e-15 -3.533333333333337 450.0 -1.7763568394002505e-15 -3.533333333333338 499.99999999999994 -1.7763568394002505e-15 -3.5333333333333377 550.0 -1.7763568394002505e-15 -3.5333333333333377 600.0 -1.7763568394002505e-15 -3.533333333333337 650.0 -1.7763568394002505e-15 -3.5333333333333377 699.9999999999999 -1.7763568394002505e-15 -3.5333333333333377 750.0 -1.7763568394002505e-15 -3.5333333333333377 800.0 -1.7763568394002505e-15 -3.533333333333337 849.9999999999999 -1.7763568394002505e-15 -3.5333333333333377 900.0 -1.7763568394002505e-15 -3.5333333333333377 950.0 -1.7763568394002505e-15 -3.5333333333333377 999.9999999999999 -1.7763568394002505e-15 -3.5333333333333377 1050.0 -1.7763568394002505e-15 -3.533333333333337 1100.0 -1.7763568394002505e-15 -3.5333333333333377 1150.0 -1.7763568394002505e-15 -7.066666666666672 1203.5333333333333 1.7763568394002505e-15 -7.066666666666672 1207.0666666666666 1.7763568394002505e-15 -3.533333333333338 1203.5333333333333 1.7763568394002505e-15 -3.5333333333333377 1207.0666666666666 1.7763568394002505e-15 49.999999999999886 -7.066666666666673 0.0 50.0 -3.5333333333333377 0.0 100.00000000000011 -7.066666666666673 0.0 100.00000000000023 -3.5333333333333377 0.0 149.9999999999999 -7.066666666666673 0.0 149.9999999999999 -3.533333333333337 0.0 199.9999999999999 -7.066666666666673 0.0 199.9999999999999 -3.5333333333333377 0.0 249.9999999999999 -7.066666666666673 0.0 249.99999999999977 -3.5333333333333368 0.0 300.0 -7.066666666666673 0.0 300.0 -3.533333333333337 0.0 349.99999999999966 -7.066666666666673 0.0 349.9999999999999 -3.5333333333333377 0.0 399.9999999999999 -7.066666666666673 0.0 400.0000000000001 -3.533333333333337 0.0 450.0 -7.066666666666673 0.0 450.0 -3.5333333333333377 0.0 500.0 -7.066666666666673 0.0 500.0 -3.5333333333333377 0.0 550.0 -7.066666666666673 0.0 550.0 -3.5333333333333368 0.0 600.0 -7.066666666666672 0.0 600.0 -3.5333333333333377 0.0 650.0 -7.066666666666673 0.0 650.0 -3.5333333333333377 0.0 699.9999999999999 -7.066666666666673 0.0 699.9999999999999 -3.5333333333333377 0.0 749.9999999999999 -7.066666666666673 0.0 749.9999999999998 -3.5333333333333377 0.0 800.0 -7.066666666666673 0.0 800.0 -3.533333333333337 0.0 850.0 -7.066666666666673 0.0 850.0 -3.533333333333337 0.0 900.0 -7.066666666666673 0.0 900.0 -3.5333333333333377 0.0 949.9999999999999 -7.0666666666666735 0.0 950.0 -3.533333333333337 0.0 1000.0 -7.066666666666673 0.0 1000.0 -3.533333333333337 0.0 1050.0 -7.066666666666673 0.0 1049.9999999999998 -3.533333333333337 0.0 1100.0 -7.066666666666673 0.0 1100.0 -3.5333333333333377 0.0 1150.0 -7.066666666666673 0.0 1150.0 -3.533333333333337 0.0 1200.0 -7.066666666666673 0.0 1200.0 -3.5333333333333377 0.0 1250.0 -7.066666666666673 0.0 1250.0 -3.5333333333333368 0.0 1300.0 -7.066666666666673 0.0 1300.0 -3.5333333333333377 0.0 1350.0 -7.066666666666673 0.0 1350.0 -3.5333333333333377 0.0 1399.9999999999998 -7.066666666666673 0.0 1399.9999999999998 -3.533333333333337 0.0 1449.9999999999995 -7.066666666666673 0.0 1450.0 -3.5333333333333377 0.0 1499.9999999999995 -7.066666666666673 0.0 1500.0 -3.5333333333333377 0.0 1550.0 -7.066666666666673 0.0 1550.0000000000002 -3.5333333333333368 0.0 1600.0 -7.066666666666673 0.0 1600.0 -3.533333333333337 0.0 1650.0 -7.066666666666672 0.0 1650.0000000000002 -3.533333333333337 0.0 1700.0 -7.066666666666673 0.0 1700.0000000000005 -3.5333333333333377 0.0 1750.0 -7.066666666666673 0.0 1750.0000000000002 -3.5333333333333377 0.0 49.999999999999886 50.0 0.0 50.000000000000114 100.0 0.0 50.0 149.99999999999994 0.0 49.999999999999886 200.00000000000006 0.0 50.000000000000114 250.00000000000006 0.0 50.0 300.0 0.0 50.0 350.00000000000006 0.0 50.0 400.0000000000001 0.0 50.0 450.0 0.0 50.0 499.9999999999999 0.0 50.0 550.0 0.0 50.0 600.0 0.0 50.0 650.0 0.0 50.0 699.9999999999999 0.0 50.0 750.0 0.0 50.0 800.0 0.0 50.0 849.9999999999999 0.0 50.0 900.0 0.0 50.000000000000114 950.0 0.0 50.0 999.9999999999999 0.0 50.0 1050.0 0.0 50.0 1100.0 0.0 50.0 1150.0 0.0 99.99999999999989 50.0 0.0 100.0 99.99999999999994 0.0 100.0 150.00000000000006 0.0 100.0 200.0 0.0 99.99999999999977 250.00000000000006 0.0 99.99999999999989 300.0 0.0 100.0 350.0 0.0 100.0 400.00000000000006 0.0 100.0 450.0 0.0 100.0 499.9999999999999 0.0 100.0 550.0 0.0 100.0 600.0 0.0 100.0 650.0 0.0 100.0 699.9999999999999 0.0 100.0 750.0 0.0 100.0 800.0 0.0 100.0 849.9999999999998 0.0 99.99999999999989 900.0 0.0 100.0 950.0 0.0 100.0 999.9999999999999 0.0 100.0 1050.0 0.0 100.0 1100.0 0.0 99.99999999999989 1150.0 0.0 150.0 50.0 0.0 149.9999999999999 100.00000000000006 0.0 149.9999999999999 149.9999999999999 0.0 150.0 200.0 0.0 150.0000000000001 250.00000000000006 0.0 150.0 300.0 0.0 150.0 350.0000000000001 0.0 150.0 400.0 0.0 150.0 450.0 0.0 150.0 499.99999999999994 0.0 150.0 550.0 0.0 150.0 600.0 0.0 150.0 650.0 0.0 149.9999999999999 699.9999999999999 0.0 150.0 750.0 0.0 150.0 800.0 0.0 150.0 849.9999999999999 0.0 150.0 900.0 0.0 150.0 950.0 0.0 150.0000000000001 999.9999999999999 0.0 149.9999999999999 1050.0 0.0 149.9999999999999 1100.0 0.0 150.0 1150.0 0.0 199.99999999999977 50.0 0.0 200.0000000000001 100.0 0.0 199.9999999999999 150.0 0.0 199.99999999999977 200.0 0.0 200.0 250.0 0.0 200.0 300.0 0.0 199.9999999999999 350.0 0.0 200.0 400.00000000000006 0.0 200.0 450.00000000000006 0.0 199.9999999999999 500.0 0.0 200.0 550.0 0.0 200.0 600.0 0.0 200.0 650.0 0.0 199.9999999999999 699.9999999999999 0.0 200.0 750.0 0.0 200.0 800.0 0.0 200.0 849.9999999999999 0.0 200.0 900.0 0.0 200.0 950.0 0.0 199.9999999999999 999.9999999999999 0.0 199.9999999999999 1050.0 0.0 200.0 1100.0 0.0 200.0 1150.0 0.0 250.0 50.0 0.0 250.0 100.0 0.0 250.0000000000001 150.0 0.0 250.0 200.0 0.0 249.99999999999977 250.0000000000001 0.0 250.0 300.0 0.0 250.0 350.0 0.0 249.99999999999977 400.00000000000006 0.0 250.0 449.99999999999994 0.0 250.0 500.0 0.0 250.0 550.0 0.0 250.0 600.0 0.0 250.0 650.0000000000001 0.0 250.0 699.9999999999999 0.0 250.0 750.0 0.0 250.0 800.0 0.0 250.0000000000001 849.9999999999998 0.0 250.0 900.0 0.0 250.0000000000001 950.0 0.0 250.0 999.9999999999998 0.0 250.0000000000001 1050.0 0.0 250.0 1100.0 0.0 250.0 1150.0 0.0 300.0 50.0 0.0 300.0 99.99999999999994 0.0 300.0000000000001 150.0 0.0 300.0000000000001 200.0000000000001 0.0 300.0000000000001 250.0000000000001 0.0 300.0 300.0 0.0 300.0 350.0 0.0 300.0000000000001 400.0000000000001 0.0 300.0 450.0 0.0 300.0 500.0 0.0 300.0 550.0 0.0 300.0 600.0 0.0 300.0 650.0 0.0 300.0 699.9999999999999 0.0 300.0 750.0 0.0 300.0 800.0 0.0 300.0000000000001 849.9999999999998 0.0 300.0 900.0 0.0 300.0000000000001 950.0 0.0 300.0 999.9999999999999 0.0 300.0000000000001 1050.0 0.0 300.0 1100.0 0.0 300.0 1150.0 0.0 349.9999999999999 50.000000000000114 0.0 350.00000000000034 100.00000000000006 0.0 350.0 150.0 0.0 350.0 200.00000000000006 0.0 350.0000000000001 250.0 0.0 350.0000000000001 300.0 0.0 350.0 350.0 0.0 350.0 400.00000000000006 0.0 350.0 450.0 0.0 350.0 499.99999999999994 0.0 350.0000000000001 550.0 0.0 350.0 600.0 0.0 350.0000000000001 650.0 0.0 350.0 699.9999999999998 0.0 350.0000000000001 750.0 0.0 350.0 800.0 0.0 350.0 849.9999999999998 0.0 350.0000000000001 900.0 0.0 350.0000000000001 950.0 0.0 350.0 999.9999999999999 0.0 350.0 1050.0 0.0 350.0000000000001 1100.0 0.0 350.0 1150.0 0.0 400.0 50.000000000000114 0.0 400.00000000000006 100.0 0.0 400.0 150.0 0.0 400.0 199.99999999999994 0.0 400.0000000000001 250.00000000000006 0.0 400.0 300.0 0.0 400.0 350.00000000000006 0.0 400.00000000000006 400.00000000000006 0.0 400.0 450.0 0.0 400.0000000000001 499.99999999999994 0.0 400.0 550.0 0.0 400.0 600.0 0.0 400.0 650.0 0.0 400.0 699.9999999999999 0.0 400.0 750.0 0.0 400.0 800.0 0.0 400.0 849.9999999999998 0.0 400.0 900.0 0.0 400.0 950.0000000000001 0.0 400.0000000000001 999.9999999999999 0.0 400.0 1050.0 0.0 400.0 1100.0 0.0 400.0 1150.0 0.0 450.0 50.0 0.0 450.0 100.0 0.0 450.0 150.0 0.0 450.0 200.0 0.0 450.0 250.0 0.0 450.0 300.0 0.0 450.0 350.0 0.0 450.0 400.0 0.0 450.0 450.0 0.0 450.0 499.9999999999999 0.0 450.00000000000006 550.0 0.0 450.0 600.0 0.0 450.0 650.0 0.0 450.0 699.9999999999999 0.0 450.0 750.0 0.0 450.0 800.0 0.0 450.0000000000001 849.9999999999998 0.0 450.0 900.0 0.0 450.0 950.0 0.0 450.00000000000006 999.9999999999998 0.0 450.0 1050.0 0.0 450.0 1100.0 0.0 450.0 1150.0 0.0 499.9999999999999 50.0 0.0 499.99999999999994 100.0 0.0 500.0 150.0 0.0 499.9999999999999 200.00000000000006 0.0 499.9999999999999 250.00000000000006 0.0 499.99999999999994 300.0 0.0 500.0 350.00000000000006 0.0 500.0 400.0000000000001 0.0 500.0 450.0 0.0 500.0 500.0 0.0 500.0 550.0 0.0 500.0 600.0 0.0 500.0 650.0 0.0 500.0 699.9999999999999 0.0 500.0 750.0 0.0 500.0 800.0 0.0 499.99999999999994 849.9999999999999 0.0 499.99999999999994 900.0 0.0 499.99999999999994 950.0000000000001 0.0 500.0 999.9999999999999 0.0 500.0 1050.0 0.0 499.9999999999999 1100.0 0.0 499.99999999999994 1150.0 0.0 550.0 50.000000000000114 0.0 550.0 99.99999999999994 0.0 550.0 150.0 0.0 549.9999999999999 200.0 0.0 550.0 250.00000000000006 0.0 549.9999999999999 300.0 0.0 550.0 350.0 0.0 550.0 400.0 0.0 550.0 450.0 0.0 550.0 499.9999999999999 0.0 550.0 550.0 0.0 550.0 600.0 0.0 549.9999999999999 650.0 0.0 550.0 699.9999999999999 0.0 550.0 750.0 0.0 550.0 800.0 0.0 550.0 849.9999999999999 0.0 549.9999999999999 900.0 0.0 550.0 950.0 0.0 549.9999999999999 999.9999999999998 0.0 550.0 1050.0 0.0 550.0 1100.0 0.0 550.0 1150.0 0.0 599.9999999999999 50.0 0.0 599.9999999999999 100.00000000000006 0.0 600.0 150.0 0.0 600.0 200.0000000000001 0.0 600.0 250.0000000000001 0.0 599.9999999999999 300.0 0.0 600.0 350.0 0.0 600.0 400.0000000000001 0.0 600.0 450.00000000000006 0.0 600.0 500.0 0.0 600.0 550.0 0.0 600.0 600.0 0.0 600.0 650.0000000000001 0.0 600.0 699.9999999999998 0.0 600.0 750.0 0.0 599.9999999999999 800.0 0.0 600.0 849.9999999999999 0.0 599.9999999999999 900.0 0.0 600.0 950.0 0.0 600.0 999.9999999999998 0.0 600.0 1050.0 0.0 599.9999999999999 1100.0 0.0 599.9999999999999 1150.0 0.0 650.0 50.0 0.0 650.0 99.99999999999989 0.0 649.9999999999999 150.0 0.0 650.0 200.00000000000006 0.0 650.0 250.00000000000006 0.0 650.0 300.0 0.0 650.0 350.0 0.0 650.0 400.0 0.0 650.0 450.0 0.0 650.0 499.99999999999994 0.0 650.0 550.0 0.0 650.0 600.0 0.0 650.0 650.0 0.0 650.0 699.9999999999999 0.0 650.0 750.0 0.0 650.0 800.0 0.0 650.0 849.9999999999999 0.0 650.0 900.0 0.0 650.0 950.0000000000001 0.0 650.0 999.9999999999999 0.0 649.9999999999999 1050.0 0.0 650.0 1100.0 0.0 650.0 1150.0 0.0 699.9999999999999 50.000000000000114 0.0 700.0 100.0 0.0 700.0 150.0 0.0 699.9999999999998 200.0 0.0 700.0 250.0 0.0 700.0 300.0 0.0 699.9999999999999 350.0 0.0 700.0 400.0 0.0 699.9999999999999 450.0 0.0 699.9999999999999 499.9999999999999 0.0 699.9999999999999 550.0 0.0 699.9999999999999 600.0 0.0 699.9999999999999 650.0 0.0 699.9999999999999 699.9999999999999 0.0 699.9999999999999 750.0 0.0 700.0 800.0 0.0 699.9999999999999 849.9999999999999 0.0 700.0 900.0 0.0 700.0 950.0 0.0 700.0 999.9999999999998 0.0 700.0 1050.0 0.0 700.0 1100.0 0.0 699.9999999999998 1150.0 0.0 749.9999999999998 50.0 0.0 749.9999999999999 99.99999999999994 0.0 749.9999999999999 150.0 0.0 749.9999999999999 200.00000000000006 0.0 749.9999999999999 250.0 0.0 749.9999999999999 300.0 0.0 749.9999999999999 350.00000000000006 0.0 749.9999999999999 400.00000000000006 0.0 749.9999999999999 450.0 0.0 749.9999999999999 500.0 0.0 749.9999999999999 550.0 0.0 749.9999999999999 600.0 0.0 749.9999999999999 650.0 0.0 749.9999999999999 699.9999999999999 0.0 749.9999999999999 750.0 0.0 749.9999999999999 800.0 0.0 749.9999999999999 849.9999999999999 0.0 749.9999999999998 900.0 0.0 749.9999999999999 950.0 0.0 749.9999999999999 999.9999999999998 0.0 749.9999999999999 1050.0 0.0 749.9999999999999 1100.0 0.0 749.9999999999998 1150.0 0.0 800.0 50.0 0.0 800.0000000000001 100.00000000000006 0.0 800.0000000000001 150.0 0.0 800.0000000000001 200.0 0.0 800.0 250.0 0.0 800.0 300.0 0.0 800.0000000000001 350.0 0.0 800.0 400.0000000000001 0.0 800.0 450.0 0.0 800.0000000000001 499.99999999999994 0.0 800.0 550.0 0.0 800.0 600.0 0.0 800.0 650.0 0.0 800.0000000000001 699.9999999999999 0.0 800.0 750.0 0.0 800.0 800.0 0.0 800.0 849.9999999999999 0.0 800.0 900.0 0.0 800.0 950.0 0.0 800.0000000000001 999.9999999999999 0.0 800.0000000000001 1050.0 0.0 800.0000000000001 1100.0 0.0 800.0 1150.0 0.0 850.0000000000001 50.0 0.0 850.0 100.0 0.0 850.0 150.0 0.0 850.0 200.0 0.0 850.0 250.00000000000006 0.0 850.0000000000001 300.0 0.0 850.0 350.00000000000006 0.0 850.0000000000001 400.0 0.0 850.0 450.0 0.0 850.0 499.99999999999994 0.0 850.0 550.0 0.0 850.0 600.0 0.0 850.0 650.0 0.0 850.0 699.9999999999999 0.0 850.0 750.0 0.0 850.0 800.0 0.0 850.0 849.9999999999999 0.0 850.0000000000001 900.0 0.0 850.0 950.0 0.0 850.0 999.9999999999999 0.0 850.0 1050.0 0.0 850.0 1100.0 0.0 850.0 1150.0 0.0 900.0 50.0 0.0 900.0 100.0 0.0 900.0 150.0 0.0 900.0 200.0 0.0 900.0 250.00000000000006 0.0 900.0 300.0 0.0 900.0 350.0 0.0 900.0 400.00000000000006 0.0 900.0 450.0 0.0 900.0 499.99999999999994 0.0 900.0 550.0 0.0 900.0 600.0 0.0 900.0 650.0 0.0 900.0 699.9999999999999 0.0 900.0 750.0 0.0 900.0 800.0 0.0 900.0 849.9999999999999 0.0 900.0 900.0 0.0 900.0 950.0 0.0 900.0 999.9999999999999 0.0 900.0 1050.0 0.0 900.0 1100.0 0.0 900.0 1150.0 0.0 949.9999999999999 50.0 0.0 950.0 100.0 0.0 950.0 150.0 0.0 950.0 200.0 0.0 950.0 250.00000000000006 0.0 949.9999999999999 300.0 0.0 950.0 350.00000000000006 0.0 949.9999999999999 400.0 0.0 950.0 450.0 0.0 950.0 499.99999999999994 0.0 950.0 550.0 0.0 950.0 600.0 0.0 950.0000000000001 650.0 0.0 950.0 699.9999999999999 0.0 950.0 750.0 0.0 950.0 800.0 0.0 950.0 849.9999999999999 0.0 949.9999999999999 900.0 0.0 950.0 950.0 0.0 950.0 999.9999999999999 0.0 950.0 1050.0 0.0 950.0 1100.0 0.0 950.0 1150.0 0.0 1000.0 50.0 0.0 999.9999999999999 99.99999999999994 0.0 999.9999999999999 150.0 0.0 999.9999999999999 200.0 0.0 1000.0 250.0 0.0 1000.0 300.0 0.0 999.9999999999999 350.0 0.0 1000.0 400.0000000000001 0.0 1000.0 450.0 0.0 999.9999999999999 499.99999999999994 0.0 1000.0 550.0 0.0 1000.0 600.0 0.0 1000.0 650.0 0.0 999.9999999999999 699.9999999999999 0.0 1000.0 750.0 0.0 1000.0 800.0 0.0 1000.0 849.9999999999999 0.0 1000.0 900.0 0.0 1000.0 950.0 0.0 999.9999999999999 999.9999999999999 0.0 999.9999999999999 1050.0 0.0 999.9999999999999 1100.0 0.0 1000.0 1150.0 0.0 1049.9999999999998 50.0 0.0 1049.9999999999998 100.00000000000006 0.0 1049.9999999999998 150.0 0.0 1049.9999999999998 200.0 0.0 1049.9999999999998 250.0000000000001 0.0 1049.9999999999998 300.0 0.0 1049.9999999999998 350.0 0.0 1049.9999999999998 400.0 0.0 1049.9999999999998 450.0 0.0 1049.9999999999998 499.99999999999994 0.0 1049.9999999999998 550.0 0.0 1049.9999999999998 600.0 0.0 1049.9999999999998 650.0 0.0 1049.9999999999998 699.9999999999999 0.0 1049.9999999999998 750.0 0.0 1049.9999999999998 800.0 0.0 1049.9999999999995 849.9999999999999 0.0 1049.9999999999998 900.0 0.0 1049.9999999999998 950.0000000000001 0.0 1049.9999999999998 999.9999999999999 0.0 1049.9999999999998 1050.0 0.0 1049.9999999999998 1100.0 0.0 1049.9999999999998 1150.0 0.0 1100.0 50.000000000000114 0.0 1100.0 100.0 0.0 1100.0 150.0 0.0 1100.0 200.00000000000006 0.0 1100.0 250.0 0.0 1100.0 300.0 0.0 1100.0 350.0 0.0 1100.0 400.0 0.0 1100.0 450.0 0.0 1100.0 499.9999999999999 0.0 1100.0 550.0 0.0 1100.0 600.0 0.0 1100.0 650.0 0.0 1100.0 699.9999999999999 0.0 1100.0 750.0 0.0 1100.0 800.0 0.0 1100.0 849.9999999999999 0.0 1100.0 900.0 0.0 1100.0 950.0 0.0 1100.0 999.9999999999998 0.0 1100.0 1050.0 0.0 1100.0 1100.0 0.0 1100.0 1150.0 0.0 1150.0 50.0 0.0 1150.0 99.99999999999989 0.0 1150.0 150.0 0.0 1150.0 200.0000000000001 0.0 1150.0 250.00000000000006 0.0 1150.0 300.0 0.0 1150.0 350.0 0.0 1150.0 400.00000000000006 0.0 1150.0 450.0 0.0 1150.0 499.99999999999994 0.0 1150.0 550.0 0.0 1150.0 600.0 0.0 1150.0 650.0 0.0 1150.0 699.9999999999999 0.0 1150.0 750.0 0.0 1150.0 800.0 0.0 1150.0 849.9999999999999 0.0 1150.0 900.0 0.0 1150.0 950.0 0.0 1150.0 999.9999999999999 0.0 1150.0 1050.0 0.0 1150.0 1100.0 0.0 1150.0 1150.0 0.0 1200.0 50.0 0.0 1200.0 99.99999999999994 0.0 1200.0 150.0 0.0 1200.0 200.00000000000017 0.0 1200.0 250.00000000000006 0.0 1200.0 300.0 0.0 1200.0 350.0 0.0 1200.0 400.00000000000006 0.0 1200.0 450.0 0.0 1200.0 499.99999999999994 0.0 1200.0 550.0 0.0 1200.0 600.0 0.0 1200.0 650.0 0.0 1200.0 699.9999999999999 0.0 1200.0 750.0 0.0 1200.0 800.0 0.0 1200.0 849.9999999999998 0.0 1200.0 900.0 0.0 1200.0 950.0 0.0 1200.0 999.9999999999999 0.0 1200.0 1050.0 0.0 1200.0 1100.0 0.0 1200.0 1150.0 0.0 1250.0 50.000000000000114 0.0 1250.0 100.00000000000006 0.0 1250.0 150.0 0.0 1250.0 200.0 0.0 1250.0 250.00000000000006 0.0 1250.0 299.99999999999994 0.0 1250.0 350.0 0.0 1250.0 400.0000000000001 0.0 1250.0 450.0 0.0 1250.0 499.99999999999994 0.0 1250.0 550.0 0.0 1250.0 600.0 0.0 1250.0 650.0 0.0 1250.0 699.9999999999999 0.0 1250.0 750.0 0.0 1250.0 800.0 0.0 1250.0 849.9999999999999 0.0 1250.0 900.0 0.0 1250.0 950.0 0.0 1250.0 999.9999999999999 0.0 1250.0 1050.0 0.0 1250.0 1100.0 0.0 1250.0 1150.0 0.0 1300.0 50.0 0.0 1300.0 100.0 0.0 1300.0 150.0 0.0 1300.0 200.00000000000006 0.0 1300.0 250.00000000000006 0.0 1300.0 300.0 0.0 1300.0 350.0 0.0 1300.0 400.0000000000001 0.0 1300.0 450.0 0.0 1300.0 500.0 0.0 1300.0 550.0 0.0 1300.0 600.0 0.0 1300.0 650.0 0.0 1300.0 699.9999999999999 0.0 1300.0 750.0 0.0 1300.0 800.0 0.0 1300.0 849.9999999999999 0.0 1300.0 900.0 0.0 1300.0 950.0000000000001 0.0 1300.0 999.9999999999999 0.0 1300.0 1050.0 0.0 1300.0 1100.0 0.0 1300.0 1150.0 0.0 1350.0 50.0 0.0 1350.0 100.0 0.0 1350.0 150.0 0.0 1350.0 200.0 0.0 1350.0 250.0 0.0 1350.0 300.0 0.0 1350.0 350.0 0.0 1350.0 400.0 0.0 1350.0 450.0 0.0 1350.0 499.9999999999999 0.0 1350.0 550.0 0.0 1350.0 600.0 0.0 1350.0 650.0 0.0 1350.0 699.9999999999999 0.0 1350.0 750.0 0.0 1350.0 800.0 0.0 1350.0 849.9999999999998 0.0 1350.0 900.0 0.0 1350.0 950.0 0.0 1350.0 999.9999999999998 0.0 1350.0 1050.0 0.0 1350.0 1100.0 0.0 1350.0 1150.0 0.0 1399.9999999999998 50.000000000000114 0.0 1399.9999999999995 99.99999999999989 0.0 1399.9999999999998 150.0 0.0 1399.9999999999995 200.0 0.0 1399.9999999999998 250.00000000000006 0.0 1399.9999999999998 300.0 0.0 1399.9999999999995 350.00000000000006 0.0 1399.9999999999998 400.0 0.0 1399.9999999999998 450.0 0.0 1399.9999999999995 499.99999999999994 0.0 1399.9999999999998 550.0 0.0 1399.9999999999998 600.0 0.0 1399.9999999999995 650.0 0.0 1399.9999999999998 699.9999999999998 0.0 1399.9999999999998 750.0 0.0 1399.9999999999998 800.0 0.0 1399.9999999999998 849.9999999999999 0.0 1399.9999999999998 900.0 0.0 1399.9999999999998 950.0 0.0 1399.9999999999995 999.9999999999999 0.0 1399.9999999999998 1050.0 0.0 1399.9999999999998 1100.0 0.0 1399.9999999999995 1150.0 0.0 1449.9999999999998 50.0 0.0 1449.9999999999998 100.0 0.0 1449.9999999999995 150.00000000000006 0.0 1449.9999999999995 200.00000000000006 0.0 1449.9999999999995 250.0000000000001 0.0 1449.9999999999995 300.00000000000006 0.0 1449.9999999999995 350.0000000000001 0.0 1449.9999999999995 400.00000000000006 0.0 1449.9999999999995 450.0 0.0 1449.9999999999998 500.0 0.0 1449.9999999999995 550.0 0.0 1449.9999999999998 600.0 0.0 1449.9999999999998 650.0 0.0 1449.9999999999995 699.9999999999999 0.0 1449.9999999999995 750.0 0.0 1449.9999999999998 800.0 0.0 1449.9999999999995 849.9999999999999 0.0 1449.9999999999995 900.0 0.0 1449.9999999999995 950.0 0.0 1449.9999999999995 999.9999999999999 0.0 1449.9999999999995 1050.0 0.0 1449.9999999999995 1100.0 0.0 1449.9999999999995 1150.0 0.0 1499.9999999999995 50.0 0.0 1499.9999999999995 100.00000000000006 0.0 1499.9999999999995 150.0 0.0 1499.9999999999995 200.0 0.0 1499.9999999999995 250.0 0.0 1499.9999999999995 300.0 0.0 1499.9999999999995 350.00000000000006 0.0 1499.9999999999995 400.0000000000001 0.0 1499.9999999999995 450.0 0.0 1499.9999999999995 500.0 0.0 1499.9999999999995 549.9999999999999 0.0 1499.9999999999998 600.0 0.0 1499.9999999999995 650.0 0.0 1499.9999999999995 699.9999999999999 0.0 1499.9999999999995 750.0 0.0 1499.9999999999995 800.0 0.0 1499.9999999999995 849.9999999999998 0.0 1499.9999999999995 900.0 0.0 1499.9999999999998 950.0 0.0 1499.9999999999998 999.9999999999999 0.0 1499.9999999999995 1050.0 0.0 1499.9999999999995 1100.0 0.0 1499.9999999999995 1150.0 0.0 1550.0 50.0 0.0 1550.0 100.0 0.0 1550.0 149.99999999999994 0.0 1550.0 200.00000000000006 0.0 1550.0 250.0 0.0 1550.0 300.0 0.0 1550.0 350.0 0.0 1550.0 400.00000000000006 0.0 1550.0 449.99999999999994 0.0 1550.0 499.99999999999994 0.0 1550.0 550.0 0.0 1550.0 600.0 0.0 1549.9999999999998 650.0 0.0 1550.0 699.9999999999999 0.0 1550.0 750.0 0.0 1550.0 800.0 0.0 1550.0 849.9999999999998 0.0 1550.0 900.0 0.0 1549.9999999999998 950.0 0.0 1550.0 999.9999999999999 0.0 1550.0 1050.0 0.0 1550.0 1100.0 0.0 1550.0 1150.0 0.0 1600.0000000000002 50.000000000000114 0.0 1600.0 100.0 0.0 1600.0 150.00000000000006 0.0 1600.0000000000005 200.0 0.0 1600.0 250.00000000000006 0.0 1600.0 300.0 0.0 1600.0 350.0 0.0 1600.0 400.00000000000006 0.0 1600.0 450.00000000000006 0.0 1600.0000000000002 499.99999999999994 0.0 1600.0 550.0 0.0 1600.0 600.0 0.0 1600.0000000000002 650.0 0.0 1600.0 699.9999999999999 0.0 1600.0 750.0 0.0 1600.0 800.0 0.0 1600.0 849.9999999999998 0.0 1600.0 900.0 0.0 1600.0 950.0 0.0 1600.0 999.9999999999998 0.0 1600.0 1050.0 0.0 1600.0 1100.0 0.0 1600.0 1150.0 0.0 1650.0 50.0 0.0 1650.0 100.0 0.0 1650.0 150.0 0.0 1650.0 200.00000000000006 0.0 1650.0 250.0000000000001 0.0 1650.0 300.0 0.0 1650.0 350.0000000000001 0.0 1650.0 400.00000000000006 0.0 1650.0 450.0 0.0 1650.0 499.9999999999999 0.0 1650.0 550.0 0.0 1650.0 600.0 0.0 1650.0 650.0 0.0 1650.0 699.9999999999999 0.0 1650.0 750.0 0.0 1650.0 800.0 0.0 1650.0 849.9999999999999 0.0 1650.0 900.0 0.0 1650.0 950.0 0.0 1650.0 999.9999999999998 0.0 1650.0 1050.0 0.0 1650.0 1100.0 0.0 1650.0 1150.0 0.0 1700.0000000000002 50.0 0.0 1700.0 100.0 0.0 1700.0 150.0 0.0 1700.0 200.0 0.0 1700.0 250.00000000000006 0.0 1700.0 299.99999999999994 0.0 1700.0 350.00000000000006 0.0 1700.0 400.0 0.0 1700.0 450.0 0.0 1700.0 499.99999999999994 0.0 1700.0 550.0 0.0 1700.0 600.0 0.0 1700.0 650.0 0.0 1700.0 699.9999999999999 0.0 1700.0 750.0 0.0 1700.0 800.0 0.0 1700.0 849.9999999999998 0.0 1700.0 900.0 0.0 1700.0 950.0 0.0 1700.0 999.9999999999999 0.0 1700.0 1050.0 0.0 1700.0 1100.0 0.0 1700.0000000000002 1150.0 0.0 1750.0 50.000000000000114 0.0 1750.0 100.0 0.0 1750.0 150.0 0.0 1750.0 200.00000000000006 0.0 1750.0 250.00000000000006 0.0 1750.0 299.99999999999994 0.0 1750.0 350.0 0.0 1750.0 400.0000000000001 0.0 1750.0 450.0 0.0 1750.0 499.99999999999994 0.0 1750.0 550.0 0.0 1750.0 600.0 0.0 1750.0 650.0 0.0 1750.0 699.9999999999999 0.0 1750.0 750.0 0.0 1750.0 800.0000000000001 0.0 1750.0 849.9999999999998 0.0 1750.0 900.0 0.0 1750.0 950.0 0.0 1750.0 999.9999999999998 0.0 1750.0 1050.0 0.0 1750.0 1100.0 0.0 1750.0 1150.0 0.0 50.0 1203.5333333333333 -1.7763568394002505e-15 50.0 1207.0666666666666 -1.7763568394002505e-15 100.0 1203.5333333333333 -1.7763568394002505e-15 100.0 1207.0666666666666 -1.7763568394002505e-15 150.0 1203.5333333333333 -1.7763568394002505e-15 150.0 1207.0666666666666 -1.7763568394002505e-15 200.0 1203.5333333333333 -1.7763568394002505e-15 200.0 1207.0666666666666 -1.7763568394002505e-15 249.99999999999977 1203.5333333333333 -1.7763568394002505e-15 250.0 1207.0666666666666 -1.7763568394002505e-15 300.0000000000001 1203.5333333333333 -1.7763568394002505e-15 300.0 1207.0666666666666 -1.7763568394002505e-15 350.0 1203.5333333333333 -1.7763568394002505e-15 350.0 1207.0666666666666 -1.7763568394002505e-15 400.00000000000006 1203.5333333333333 -1.7763568394002505e-15 400.0 1207.0666666666666 -1.7763568394002505e-15 450.0 1203.5333333333333 -1.7763568394002505e-15 450.0 1207.0666666666666 -1.7763568394002505e-15 500.0 1203.5333333333333 -1.7763568394002505e-15 500.0 1207.0666666666666 -1.7763568394002505e-15 550.0 1203.5333333333333 -1.7763568394002505e-15 550.0 1207.0666666666666 -1.7763568394002505e-15 600.0 1203.5333333333333 -1.7763568394002505e-15 599.9999999999999 1207.0666666666666 -1.7763568394002505e-15 650.0 1203.5333333333333 -1.7763568394002505e-15 650.0 1207.0666666666666 -1.7763568394002505e-15 700.0 1203.5333333333333 -1.7763568394002505e-15 700.0 1207.0666666666666 -1.7763568394002505e-15 749.9999999999999 1203.5333333333333 -1.7763568394002505e-15 749.9999999999999 1207.0666666666666 -1.7763568394002505e-15 800.0 1203.5333333333333 -1.7763568394002505e-15 800.0 1207.0666666666666 -1.7763568394002505e-15 850.0000000000001 1203.5333333333333 -1.7763568394002505e-15 850.0 1207.0666666666666 -1.7763568394002505e-15 900.0 1203.5333333333333 -1.7763568394002505e-15 900.0 1207.0666666666666 -1.7763568394002505e-15 949.9999999999999 1203.5333333333333 -1.7763568394002505e-15 950.0 1207.0666666666666 -1.7763568394002505e-15 1000.0 1203.5333333333333 -1.7763568394002505e-15 1000.0 1207.0666666666666 -1.7763568394002505e-15 1049.9999999999998 1203.5333333333333 -1.7763568394002505e-15 1049.9999999999998 1207.0666666666666 -1.7763568394002505e-15 1100.0 1203.5333333333333 -1.7763568394002505e-15 1100.0 1207.0666666666666 -1.7763568394002505e-15 1150.0 1203.5333333333333 -1.7763568394002505e-15 1150.0 1207.0666666666666 -1.7763568394002505e-15 1200.0 1203.5333333333333 -1.7763568394002505e-15 1200.0 1207.0666666666666 -1.7763568394002505e-15 1250.0 1203.5333333333333 -1.7763568394002505e-15 1250.0 1207.0666666666666 -1.7763568394002505e-15 1300.0 1203.5333333333333 -1.7763568394002505e-15 1300.0 1207.0666666666666 -1.7763568394002505e-15 1350.0 1203.5333333333333 -1.7763568394002505e-15 1350.0 1207.0666666666666 -1.7763568394002505e-15 1399.9999999999998 1203.5333333333333 -1.7763568394002505e-15 1399.9999999999998 1207.0666666666666 -1.7763568394002505e-15 1449.9999999999995 1203.5333333333333 -1.7763568394002505e-15 1449.9999999999998 1207.0666666666666 -1.7763568394002505e-15 1499.9999999999995 1203.5333333333333 -1.7763568394002505e-15 1499.9999999999995 1207.0666666666666 -1.7763568394002505e-15 1550.0 1203.5333333333333 -1.7763568394002505e-15 1550.0 1207.0666666666666 -1.7763568394002505e-15 1600.0 1203.5333333333333 -1.7763568394002505e-15 1600.0 1207.0666666666666 -1.7763568394002505e-15 1650.0 1203.5333333333333 -1.7763568394002505e-15 1650.0 1207.0666666666666 -1.7763568394002505e-15 1700.0 1203.5333333333333 -1.7763568394002505e-15 1700.0 1207.0666666666666 -1.7763568394002505e-15 1750.0 1203.5333333333333 -1.7763568394002505e-15 1750.0 1207.0666666666666 -1.7763568394002505e-15 1803.5333333333333 -7.066666666666673 -1.7763568394002505e-15 1803.5333333333333 -3.5333333333333377 -1.7763568394002505e-15 1807.0666666666666 -7.0666666666666735 -1.7763568394002505e-15 1807.0666666666666 -3.5333333333333377 -1.7763568394002505e-15 1803.5333333333333 50.0 -1.7763568394002505e-15 1803.5333333333333 100.00000000000006 -1.7763568394002505e-15 1803.5333333333333 150.0 -1.7763568394002505e-15 1803.5333333333333 200.0000000000001 -1.7763568394002505e-15 1803.5333333333333 250.0000000000001 -1.7763568394002505e-15 1803.5333333333333 300.0 -1.7763568394002505e-15 1803.5333333333333 350.0 -1.7763568394002505e-15 1803.5333333333333 400.0000000000001 -1.7763568394002505e-15 1803.5333333333333 450.00000000000006 -1.7763568394002505e-15 1803.5333333333333 500.0 -1.7763568394002505e-15 1803.5333333333333 550.0 -1.7763568394002505e-15 1803.5333333333333 600.0 -1.7763568394002505e-15 1803.5333333333333 650.0000000000001 -1.7763568394002505e-15 1803.5333333333333 699.9999999999998 -1.7763568394002505e-15 1803.5333333333333 750.0 -1.7763568394002505e-15 1803.5333333333333 800.0 -1.7763568394002505e-15 1803.5333333333333 849.9999999999999 -1.7763568394002505e-15 1803.5333333333333 900.0 -1.7763568394002505e-15 1803.5333333333333 950.0 -1.7763568394002505e-15 1803.5333333333333 999.9999999999998 -1.7763568394002505e-15 1803.5333333333333 1050.0 -1.7763568394002505e-15 1803.5333333333333 1100.0 -1.7763568394002505e-15 1803.5333333333333 1150.0 -1.7763568394002505e-15 1807.0666666666666 50.0 -1.7763568394002505e-15 1807.0666666666666 99.99999999999994 -1.7763568394002505e-15 1807.0666666666666 150.0 -1.7763568394002505e-15 1807.0666666666666 200.00000000000017 -1.7763568394002505e-15 1807.0666666666666 250.00000000000006 -1.7763568394002505e-15 1807.0666666666666 300.0 -1.7763568394002505e-15 1807.0666666666666 350.0 -1.7763568394002505e-15 1807.0666666666666 400.00000000000006 -1.7763568394002505e-15 1807.0666666666666 450.0 -1.7763568394002505e-15 1807.0666666666666 499.99999999999994 -1.7763568394002505e-15 1807.0666666666666 550.0 -1.7763568394002505e-15 1807.0666666666666 600.0 -1.7763568394002505e-15 1807.0666666666666 650.0 -1.7763568394002505e-15 1807.0666666666666 699.9999999999999 -1.7763568394002505e-15 1807.0666666666666 750.0 -1.7763568394002505e-15 1807.0666666666666 800.0 -1.7763568394002505e-15 1807.0666666666666 849.9999999999998 -1.7763568394002505e-15 1807.0666666666666 900.0 -1.7763568394002505e-15 1807.0666666666666 950.0 -1.7763568394002505e-15 1807.0666666666666 999.9999999999999 -1.7763568394002505e-15 1807.0666666666666 1050.0 -1.7763568394002505e-15 1807.0666666666666 1100.0 -1.7763568394002505e-15 1807.0666666666666 1150.0 -1.7763568394002505e-15 1803.5333333333333 1203.5333333333333 1.7763568394002505e-15 1803.5333333333333 1207.0666666666666 1.7763568394002505e-15 1807.0666666666666 1203.5333333333333 1.7763568394002505e-15 1807.0666666666666 1207.0666666666666 1.7763568394002505e-15 -7.941553301925913 -11.47488663525924 10.0 -8.816439937185153 -12.34977327051848 20.0 -4.408219968592578 -11.47488663525924 10.0 -5.2831066038518175 -12.34977327051848 20.0 -0.87488663525924 -7.941553301925913 10.0 -1.74977327051848 -8.816439937185153 20.0 -0.87488663525924 -4.408219968592578 10.0 -1.74977327051848 -5.2831066038518175 20.0 -7.941553301925913 -0.87488663525924 10.0 -8.816439937185153 -1.74977327051848 20.0 -4.408219968592578 -0.87488663525924 10.0 -5.2831066038518175 -1.74977327051848 20.0 -11.47488663525924 -7.941553301925913 10.0 -12.34977327051848 -8.816439937185153 20.0 -11.47488663525924 -4.408219968592578 10.0 -12.34977327051848 -5.2831066038518175 20.0 -9.691326572444392 -9.691326572444392 30.0 -9.691326572444392 -6.1579932391110574 30.0 -6.1579932391110574 -9.691326572444392 30.0 -6.1579932391110574 -6.1579932391110574 30.0 -0.87488663525924 50.0 10.0 -1.74977327051848 50.0 20.0 -0.87488663525924 100.0 10.0 -1.74977327051848 100.0 20.0 -0.87488663525924 150.0 10.0 -1.74977327051848 150.0 20.0 -0.87488663525924 200.0 10.0 -1.74977327051848 200.0 20.0 -0.87488663525924 249.99999999999997 10.0 -1.74977327051848 249.99999999999997 20.0 -0.87488663525924 300.0 10.0 -1.74977327051848 300.0 20.0 -0.87488663525924 349.99999999999994 10.0 -1.74977327051848 349.99999999999994 20.0 -0.87488663525924 400.0 10.0 -1.74977327051848 400.0 20.0 -0.87488663525924 450.0 10.0 -1.74977327051848 450.0 20.0 -0.87488663525924 499.99999999999994 10.0 -1.74977327051848 499.99999999999994 20.0 -0.87488663525924 550.0 10.0 -1.74977327051848 550.0 20.0 -0.87488663525924 600.0 10.0 -1.74977327051848 600.0 20.0 -0.87488663525924 650.0 10.0 -1.74977327051848 650.0 20.0 -0.87488663525924 699.9999999999999 10.0 -1.74977327051848 699.9999999999999 20.0 -0.87488663525924 750.0 10.0 -1.74977327051848 750.0 20.0 -0.87488663525924 800.0 10.0 -1.74977327051848 800.0 20.0 -0.87488663525924 849.9999999999999 10.0 -1.74977327051848 849.9999999999999 20.0 -0.87488663525924 900.0 10.0 -1.74977327051848 900.0 20.0 -0.87488663525924 950.0 10.0 -1.74977327051848 950.0 20.0 -0.87488663525924 999.9999999999999 10.0 -1.74977327051848 999.9999999999999 20.0 -0.87488663525924 1050.0 10.0 -1.74977327051848 1050.0 20.0 -0.87488663525924 1100.0 10.0 -1.74977327051848 1100.0 20.0 -0.87488663525924 1150.0 10.0 -1.74977327051848 1150.0 20.0 -7.941553301925913 1200.8748866352591 10.0 -8.816439937185153 1201.7497732705185 20.0 -4.408219968592578 1200.8748866352591 10.0 -5.2831066038518175 1201.7497732705185 20.0 -11.47488663525924 50.0 10.0 -12.34977327051848 50.0 20.0 -11.47488663525924 100.0 10.0 -12.34977327051848 100.0 20.0 -11.47488663525924 150.0 10.0 -12.34977327051848 150.0 20.0 -11.47488663525924 200.0 10.0 -12.34977327051848 200.0 20.0 -11.47488663525924 249.99999999999997 10.0 -12.34977327051848 249.99999999999997 20.0 -11.47488663525924 300.0 10.0 -12.34977327051848 300.0 20.0 -11.47488663525924 349.99999999999994 10.0 -12.34977327051848 349.99999999999994 20.0 -11.47488663525924 400.0 10.0 -12.34977327051848 400.0 20.0 -11.47488663525924 450.0 10.0 -12.34977327051848 450.0 20.0 -11.47488663525924 499.99999999999994 10.0 -12.34977327051848 499.99999999999994 20.0 -11.47488663525924 550.0 10.0 -12.34977327051848 550.0 20.0 -11.47488663525924 600.0 10.0 -12.34977327051848 600.0 20.0 -11.47488663525924 650.0 10.0 -12.34977327051848 650.0 20.0 -11.47488663525924 699.9999999999999 10.0 -12.34977327051848 699.9999999999999 20.0 -11.47488663525924 750.0 10.0 -12.34977327051848 750.0 20.0 -11.47488663525924 800.0 10.0 -12.34977327051848 800.0 20.0 -11.47488663525924 849.9999999999999 10.0 -12.34977327051848 849.9999999999999 20.0 -11.47488663525924 900.0 10.0 -12.34977327051848 900.0 20.0 -11.47488663525924 950.0 10.0 -12.34977327051848 950.0 20.0 -11.47488663525924 999.9999999999999 10.0 -12.34977327051848 999.9999999999999 20.0 -11.47488663525924 1050.0 10.0 -12.34977327051848 1050.0 20.0 -11.47488663525924 1100.0 10.0 -12.34977327051848 1100.0 20.0 -11.47488663525924 1150.0 10.0 -12.34977327051848 1150.0 20.0 -9.691326572444392 50.0 30.0 -9.691326572444392 100.0 30.0 -9.691326572444392 150.0 30.0 -9.691326572444392 200.0 30.0 -9.691326572444392 250.00000000000006 30.0 -9.691326572444392 300.00000000000006 30.0 -9.691326572444394 350.0 30.0 -9.691326572444392 400.00000000000006 30.0 -9.691326572444392 449.9999999999999 30.0 -9.691326572444394 499.99999999999994 30.0 -9.691326572444392 550.0 30.0 -9.691326572444392 600.0 30.0 -9.691326572444394 650.0 30.0 -9.691326572444392 699.9999999999999 30.0 -9.691326572444392 750.0 30.0 -9.691326572444392 800.0 30.0 -9.691326572444394 849.9999999999999 30.0 -9.691326572444392 900.0 30.0 -9.691326572444392 950.0000000000001 30.0 -9.691326572444394 999.9999999999999 30.0 -9.691326572444392 1050.0 30.0 -9.691326572444392 1100.0 30.0 -9.691326572444392 1150.0 30.0 -6.1579932391110574 50.0 30.0 -6.1579932391110574 99.99999999999983 30.0 -6.157993239111058 150.0 30.0 -6.1579932391110574 200.0 30.0 -6.1579932391110574 250.00000000000006 30.0 -6.1579932391110574 300.0 30.0 -6.1579932391110574 350.0 30.0 -6.1579932391110574 400.00000000000006 30.0 -6.1579932391110574 450.0 30.0 -6.157993239111058 499.99999999999994 30.0 -6.1579932391110574 550.0 30.0 -6.1579932391110574 600.0 30.0 -6.1579932391110574 650.0 30.0 -6.1579932391110574 699.9999999999999 30.0 -6.1579932391110574 750.0 30.0 -6.1579932391110574 800.0 30.0 -6.1579932391110574 849.9999999999999 30.0 -6.1579932391110574 900.0 30.0 -6.1579932391110574 950.0 30.0 -6.1579932391110574 999.9999999999999 30.0 -6.1579932391110574 1050.0 30.0 -6.1579932391110574 1100.0 30.0 -6.1579932391110574 1150.0 30.0 -0.87488663525924 1204.4082199685924 10.0 -1.74977327051848 1205.2831066038518 20.0 -0.87488663525924 1207.9415533019258 10.0 -1.74977327051848 1208.8164399371851 20.0 -7.941553301925913 1211.474886635259 10.0 -8.816439937185153 1212.3497732705184 20.0 -4.408219968592578 1211.474886635259 10.0 -5.2831066038518175 1212.3497732705184 20.0 -11.47488663525924 1204.4082199685924 10.0 -12.34977327051848 1205.2831066038518 20.0 -11.47488663525924 1207.9415533019258 10.0 -12.34977327051848 1208.8164399371851 20.0 -9.691326572444392 1206.157993239111 30.0 -9.691326572444392 1209.6913265724443 30.0 -6.157993239111058 1206.157993239111 30.0 -6.1579932391110574 1209.6913265724443 30.0 50.0 -11.47488663525924 10.0 50.0 -12.34977327051848 20.0 100.0 -11.47488663525924 10.0 100.0 -12.34977327051848 20.0 150.0 -11.47488663525924 10.0 150.0 -12.34977327051848 20.0 200.0 -11.47488663525924 10.0 200.0 -12.34977327051848 20.0 250.0 -11.47488663525924 10.0 250.0 -12.34977327051848 20.0 300.0 -11.47488663525924 10.0 300.0 -12.34977327051848 20.0 349.99999999999994 -11.47488663525924 10.0 349.99999999999994 -12.34977327051848 20.0 400.0 -11.47488663525924 10.0 400.0 -12.34977327051848 20.0 450.0 -11.47488663525924 10.0 450.0 -12.34977327051848 20.0 500.0 -11.47488663525924 10.0 500.0 -12.34977327051848 20.0 550.0 -11.47488663525924 10.0 550.0 -12.34977327051848 20.0 600.0 -11.47488663525924 10.0 600.0 -12.34977327051848 20.0 650.0 -11.47488663525924 10.0 650.0 -12.34977327051848 20.0 699.9999999999999 -11.47488663525924 10.0 699.9999999999999 -12.34977327051848 20.0 749.9999999999999 -11.47488663525924 10.0 749.9999999999999 -12.34977327051848 20.0 800.0 -11.47488663525924 10.0 800.0 -12.34977327051848 20.0 850.0 -11.47488663525924 10.0 850.0 -12.34977327051848 20.0 900.0 -11.47488663525924 10.0 900.0 -12.34977327051848 20.0 950.0 -11.47488663525924 10.0 950.0 -12.34977327051848 20.0 1000.0 -11.47488663525924 10.0 1000.0 -12.34977327051848 20.0 1049.9999999999998 -11.47488663525924 10.0 1049.9999999999998 -12.34977327051848 20.0 1100.0 -11.47488663525924 10.0 1100.0 -12.34977327051848 20.0 1150.0 -11.47488663525924 10.0 1150.0 -12.34977327051848 20.0 1200.0 -11.47488663525924 10.0 1200.0 -12.34977327051848 20.0 1250.0 -11.47488663525924 10.0 1250.0 -12.34977327051848 20.0 1300.0 -11.47488663525924 10.0 1300.0 -12.34977327051848 20.0 1350.0 -11.47488663525924 10.0 1350.0 -12.34977327051848 20.0 1399.9999999999998 -11.47488663525924 10.0 1399.9999999999998 -12.34977327051848 20.0 1449.9999999999998 -11.47488663525924 10.0 1449.9999999999998 -12.34977327051848 20.0 1499.9999999999998 -11.47488663525924 10.0 1499.9999999999998 -12.34977327051848 20.0 1550.0 -11.47488663525924 10.0 1550.0 -12.34977327051848 20.0 1600.0 -11.47488663525924 10.0 1600.0 -12.34977327051848 20.0 1650.0 -11.47488663525924 10.0 1650.0 -12.34977327051848 20.0 1700.0 -11.47488663525924 10.0 1700.0 -12.34977327051848 20.0 1750.0 -11.47488663525924 10.0 1750.0 -12.34977327051848 20.0 1800.8748866352591 -7.941553301925913 10.0 1801.7497732705185 -8.816439937185153 20.0 1800.8748866352591 -4.408219968592578 10.0 1801.7497732705185 -5.2831066038518175 20.0 50.0 -0.87488663525924 10.0 50.0 -1.74977327051848 20.0 100.0 -0.87488663525924 10.0 100.0 -1.74977327051848 20.0 150.0 -0.87488663525924 10.0 150.0 -1.74977327051848 20.0 200.0 -0.87488663525924 10.0 200.0 -1.74977327051848 20.0 250.0 -0.87488663525924 10.0 250.0 -1.74977327051848 20.0 300.0 -0.87488663525924 10.0 300.0 -1.74977327051848 20.0 349.99999999999994 -0.87488663525924 10.0 349.99999999999994 -1.74977327051848 20.0 400.0 -0.87488663525924 10.0 400.0 -1.74977327051848 20.0 450.0 -0.87488663525924 10.0 450.0 -1.74977327051848 20.0 500.0 -0.87488663525924 10.0 500.0 -1.74977327051848 20.0 550.0 -0.87488663525924 10.0 550.0 -1.74977327051848 20.0 600.0 -0.87488663525924 10.0 600.0 -1.74977327051848 20.0 650.0 -0.87488663525924 10.0 650.0 -1.74977327051848 20.0 699.9999999999999 -0.87488663525924 10.0 699.9999999999999 -1.74977327051848 20.0 749.9999999999999 -0.87488663525924 10.0 749.9999999999999 -1.74977327051848 20.0 800.0 -0.87488663525924 10.0 800.0 -1.74977327051848 20.0 850.0 -0.87488663525924 10.0 850.0 -1.74977327051848 20.0 900.0 -0.87488663525924 10.0 900.0 -1.74977327051848 20.0 950.0 -0.87488663525924 10.0 950.0 -1.74977327051848 20.0 1000.0 -0.87488663525924 10.0 1000.0 -1.74977327051848 20.0 1049.9999999999998 -0.87488663525924 10.0 1049.9999999999998 -1.74977327051848 20.0 1100.0 -0.87488663525924 10.0 1100.0 -1.74977327051848 20.0 1150.0 -0.87488663525924 10.0 1150.0 -1.74977327051848 20.0 1200.0 -0.87488663525924 10.0 1200.0 -1.74977327051848 20.0 1250.0 -0.87488663525924 10.0 1250.0 -1.74977327051848 20.0 1300.0 -0.87488663525924 10.0 1300.0 -1.74977327051848 20.0 1350.0 -0.87488663525924 10.0 1350.0 -1.74977327051848 20.0 1399.9999999999998 -0.87488663525924 10.0 1399.9999999999998 -1.74977327051848 20.0 1449.9999999999998 -0.87488663525924 10.0 1449.9999999999998 -1.74977327051848 20.0 1499.9999999999998 -0.87488663525924 10.0 1499.9999999999998 -1.74977327051848 20.0 1550.0 -0.87488663525924 10.0 1550.0 -1.74977327051848 20.0 1600.0 -0.87488663525924 10.0 1600.0 -1.74977327051848 20.0 1650.0 -0.87488663525924 10.0 1650.0 -1.74977327051848 20.0 1700.0 -0.87488663525924 10.0 1700.0 -1.74977327051848 20.0 1750.0 -0.87488663525924 10.0 1750.0 -1.74977327051848 20.0 49.999999999999886 -9.691326572444392 30.0 50.0 -6.1579932391110574 30.0 100.00000000000011 -9.691326572444392 30.0 100.00000000000023 -6.1579932391110574 30.0 149.9999999999999 -9.691326572444392 30.0 149.9999999999999 -6.1579932391110574 30.0 199.9999999999999 -9.691326572444392 30.0 199.9999999999999 -6.1579932391110574 30.0 249.9999999999999 -9.691326572444392 30.0 249.99999999999977 -6.1579932391110574 30.0 300.0 -9.691326572444392 30.0 300.0 -6.1579932391110574 30.0 349.99999999999966 -9.691326572444392 30.0 349.9999999999999 -6.1579932391110574 30.0 399.9999999999999 -9.691326572444392 30.0 400.0000000000001 -6.1579932391110574 30.0 450.0 -9.691326572444392 30.0 450.0 -6.1579932391110574 30.0 500.0 -9.691326572444392 30.0 500.0 -6.1579932391110574 30.0 550.0 -9.691326572444392 30.0 550.0 -6.1579932391110574 30.0 600.0 -9.691326572444392 30.0 600.0 -6.1579932391110574 30.0 650.0 -9.691326572444392 30.0 650.0 -6.1579932391110574 30.0 699.9999999999999 -9.691326572444392 30.0 699.9999999999999 -6.1579932391110574 30.0 749.9999999999999 -9.691326572444392 30.0 749.9999999999998 -6.1579932391110574 30.0 800.0 -9.691326572444392 30.0 800.0 -6.1579932391110574 30.0 850.0 -9.691326572444392 30.0 850.0 -6.1579932391110574 30.0 900.0 -9.691326572444392 30.0 900.0 -6.1579932391110574 30.0 949.9999999999999 -9.691326572444394 30.0 950.0 -6.1579932391110574 30.0 1000.0 -9.691326572444392 30.0 1000.0 -6.1579932391110574 30.0 1050.0 -9.691326572444392 30.0 1049.9999999999998 -6.1579932391110574 30.0 1100.0 -9.691326572444392 30.0 1100.0 -6.1579932391110574 30.0 1150.0 -9.691326572444392 30.0 1150.0 -6.1579932391110574 30.0 1200.0 -9.691326572444392 30.0 1200.0 -6.1579932391110574 30.0 1250.0 -9.691326572444392 30.0 1250.0 -6.1579932391110574 30.0 1300.0 -9.691326572444392 30.0 1300.0 -6.1579932391110574 30.0 1350.0 -9.691326572444392 30.0 1350.0 -6.1579932391110574 30.0 1399.9999999999998 -9.691326572444392 30.0 1399.9999999999998 -6.1579932391110574 30.0 1449.9999999999995 -9.691326572444392 30.0 1450.0 -6.1579932391110574 30.0 1499.9999999999995 -9.691326572444392 30.0 1500.0 -6.1579932391110574 30.0 1550.0 -9.691326572444392 30.0 1550.0000000000002 -6.1579932391110574 30.0 1600.0 -9.691326572444392 30.0 1600.0 -6.1579932391110574 30.0 1650.0 -9.691326572444392 30.0 1650.0000000000002 -6.1579932391110574 30.0 1700.0 -9.691326572444392 30.0 1700.0000000000005 -6.1579932391110574 30.0 1750.0 -9.691326572444392 30.0 1750.0000000000002 -6.1579932391110574 30.0 50.0 1200.8748866352591 10.0 50.0 1201.7497732705185 20.0 100.0 1200.8748866352591 10.0 100.0 1201.7497732705185 20.0 150.0 1200.8748866352591 10.0 150.0 1201.7497732705185 20.0 200.0 1200.8748866352591 10.0 200.0 1201.7497732705185 20.0 250.0 1200.8748866352591 10.0 250.0 1201.7497732705185 20.0 300.0 1200.8748866352591 10.0 300.0 1201.7497732705185 20.0 349.99999999999994 1200.8748866352591 10.0 349.99999999999994 1201.7497732705185 20.0 400.0 1200.8748866352591 10.0 400.0 1201.7497732705185 20.0 450.0 1200.8748866352591 10.0 450.0 1201.7497732705185 20.0 500.0 1200.8748866352591 10.0 500.0 1201.7497732705185 20.0 550.0 1200.8748866352591 10.0 550.0 1201.7497732705185 20.0 600.0 1200.8748866352591 10.0 600.0 1201.7497732705185 20.0 650.0 1200.8748866352591 10.0 650.0 1201.7497732705185 20.0 699.9999999999999 1200.8748866352591 10.0 699.9999999999999 1201.7497732705185 20.0 749.9999999999999 1200.8748866352591 10.0 749.9999999999999 1201.7497732705185 20.0 800.0 1200.8748866352591 10.0 800.0 1201.7497732705185 20.0 850.0 1200.8748866352591 10.0 850.0 1201.7497732705185 20.0 900.0 1200.8748866352591 10.0 900.0 1201.7497732705185 20.0 950.0 1200.8748866352591 10.0 950.0 1201.7497732705185 20.0 1000.0 1200.8748866352591 10.0 1000.0 1201.7497732705185 20.0 1049.9999999999998 1200.8748866352591 10.0 1049.9999999999998 1201.7497732705185 20.0 1100.0 1200.8748866352591 10.0 1100.0 1201.7497732705185 20.0 1150.0 1200.8748866352591 10.0 1150.0 1201.7497732705185 20.0 1200.0 1200.8748866352591 10.0 1200.0 1201.7497732705185 20.0 1250.0 1200.8748866352591 10.0 1250.0 1201.7497732705185 20.0 1300.0 1200.8748866352591 10.0 1300.0 1201.7497732705185 20.0 1350.0 1200.8748866352591 10.0 1350.0 1201.7497732705185 20.0 1399.9999999999998 1200.8748866352591 10.0 1399.9999999999998 1201.7497732705185 20.0 1449.9999999999998 1200.8748866352591 10.0 1449.9999999999998 1201.7497732705185 20.0 1499.9999999999998 1200.8748866352591 10.0 1499.9999999999998 1201.7497732705185 20.0 1550.0 1200.8748866352591 10.0 1550.0 1201.7497732705185 20.0 1600.0 1200.8748866352591 10.0 1600.0 1201.7497732705185 20.0 1650.0 1200.8748866352591 10.0 1650.0 1201.7497732705185 20.0 1700.0 1200.8748866352591 10.0 1700.0 1201.7497732705185 20.0 1750.0 1200.8748866352591 10.0 1750.0 1201.7497732705185 20.0 1800.8748866352591 1204.4082199685924 10.0 1801.7497732705185 1205.2831066038518 20.0 1800.8748866352591 1207.9415533019258 10.0 1801.7497732705185 1208.8164399371851 20.0 50.0 1211.474886635259 10.0 50.0 1212.3497732705184 20.0 100.0 1211.474886635259 10.0 100.0 1212.3497732705184 20.0 150.0 1211.474886635259 10.0 150.0 1212.3497732705184 20.0 200.0 1211.474886635259 10.0 200.0 1212.3497732705184 20.0 250.0 1211.474886635259 10.0 250.0 1212.3497732705184 20.0 300.0 1211.474886635259 10.0 300.0 1212.3497732705184 20.0 349.99999999999994 1211.474886635259 10.0 349.99999999999994 1212.3497732705184 20.0 400.0 1211.474886635259 10.0 400.0 1212.3497732705184 20.0 450.0 1211.474886635259 10.0 450.0 1212.3497732705184 20.0 500.0 1211.474886635259 10.0 500.0 1212.3497732705184 20.0 550.0 1211.474886635259 10.0 550.0 1212.3497732705184 20.0 600.0 1211.474886635259 10.0 600.0 1212.3497732705184 20.0 650.0 1211.474886635259 10.0 650.0 1212.3497732705184 20.0 699.9999999999999 1211.474886635259 10.0 699.9999999999999 1212.3497732705184 20.0 749.9999999999999 1211.474886635259 10.0 749.9999999999999 1212.3497732705184 20.0 800.0 1211.474886635259 10.0 800.0 1212.3497732705184 20.0 850.0 1211.474886635259 10.0 850.0 1212.3497732705184 20.0 900.0 1211.474886635259 10.0 900.0 1212.3497732705184 20.0 950.0 1211.474886635259 10.0 950.0 1212.3497732705184 20.0 1000.0 1211.474886635259 10.0 1000.0 1212.3497732705184 20.0 1049.9999999999998 1211.474886635259 10.0 1049.9999999999998 1212.3497732705184 20.0 1100.0 1211.474886635259 10.0 1100.0 1212.3497732705184 20.0 1150.0 1211.474886635259 10.0 1150.0 1212.3497732705184 20.0 1200.0 1211.474886635259 10.0 1200.0 1212.3497732705184 20.0 1250.0 1211.474886635259 10.0 1250.0 1212.3497732705184 20.0 1300.0 1211.474886635259 10.0 1300.0 1212.3497732705184 20.0 1350.0 1211.474886635259 10.0 1350.0 1212.3497732705184 20.0 1399.9999999999998 1211.474886635259 10.0 1399.9999999999998 1212.3497732705184 20.0 1449.9999999999998 1211.474886635259 10.0 1449.9999999999998 1212.3497732705184 20.0 1499.9999999999998 1211.474886635259 10.0 1499.9999999999998 1212.3497732705184 20.0 1550.0 1211.474886635259 10.0 1550.0 1212.3497732705184 20.0 1600.0 1211.474886635259 10.0 1600.0 1212.3497732705184 20.0 1650.0 1211.474886635259 10.0 1650.0 1212.3497732705184 20.0 1700.0 1211.474886635259 10.0 1700.0 1212.3497732705184 20.0 1750.0 1211.474886635259 10.0 1750.0 1212.3497732705184 20.0 50.0 1206.157993239111 30.0 50.0 1209.6913265724443 30.0 100.0 1206.157993239111 30.0 100.0 1209.6913265724443 30.0 150.0 1206.157993239111 30.0 150.0 1209.6913265724443 30.0 200.0 1206.157993239111 30.0 200.0 1209.6913265724443 30.0 249.99999999999977 1206.157993239111 30.0 250.0 1209.6913265724443 30.0 300.0000000000001 1206.157993239111 30.0 300.0 1209.6913265724443 30.0 350.0 1206.157993239111 30.0 350.0 1209.6913265724443 30.0 400.00000000000006 1206.157993239111 30.0 400.0 1209.6913265724443 30.0 450.0 1206.157993239111 30.0 450.0 1209.6913265724443 30.0 500.0 1206.157993239111 30.0 500.0 1209.6913265724443 30.0 550.0 1206.157993239111 30.0 550.0 1209.6913265724443 30.0 600.0 1206.157993239111 30.0 599.9999999999999 1209.6913265724443 30.0 650.0 1206.157993239111 30.0 650.0 1209.6913265724443 30.0 700.0 1206.157993239111 30.0 700.0 1209.6913265724443 30.0 749.9999999999999 1206.157993239111 30.0 749.9999999999999 1209.6913265724443 30.0 800.0 1206.157993239111 30.0 800.0 1209.6913265724443 30.0 850.0000000000001 1206.157993239111 30.0 850.0 1209.6913265724443 30.0 900.0 1206.157993239111 30.0 900.0 1209.6913265724443 30.0 949.9999999999999 1206.157993239111 30.0 950.0 1209.6913265724443 30.0 1000.0 1206.157993239111 30.0 1000.0 1209.6913265724443 30.0 1049.9999999999998 1206.157993239111 30.0 1049.9999999999998 1209.6913265724443 30.0 1100.0 1206.157993239111 30.0 1100.0 1209.6913265724443 30.0 1150.0 1206.157993239111 30.0 1150.0 1209.6913265724443 30.0 1200.0 1206.157993239111 30.0 1200.0 1209.6913265724443 30.0 1250.0 1206.157993239111 30.0 1250.0 1209.6913265724443 30.0 1300.0 1206.157993239111 30.0 1300.0 1209.6913265724443 30.0 1350.0 1206.157993239111 30.0 1350.0 1209.6913265724443 30.0 1399.9999999999998 1206.157993239111 30.0 1399.9999999999998 1209.6913265724443 30.0 1449.9999999999995 1206.157993239111 30.0 1449.9999999999998 1209.6913265724443 30.0 1499.9999999999995 1206.157993239111 30.0 1499.9999999999995 1209.6913265724443 30.0 1550.0 1206.157993239111 30.0 1550.0 1209.6913265724443 30.0 1600.0 1206.157993239111 30.0 1600.0 1209.6913265724443 30.0 1650.0 1206.157993239111 30.0 1650.0 1209.6913265724443 30.0 1700.0 1206.157993239111 30.0 1700.0 1209.6913265724443 30.0 1750.0 1206.157993239111 30.0 1750.0 1209.6913265724443 30.0 1804.4082199685924 -11.47488663525924 10.0 1805.2831066038518 -12.34977327051848 20.0 1807.9415533019258 -11.47488663525924 10.0 1808.8164399371851 -12.34977327051848 20.0 1811.474886635259 -7.941553301925913 10.0 1812.3497732705184 -8.816439937185153 20.0 1811.474886635259 -4.408219968592578 10.0 1812.3497732705184 -5.2831066038518175 20.0 1804.4082199685924 -0.87488663525924 10.0 1805.2831066038518 -1.74977327051848 20.0 1807.9415533019258 -0.87488663525924 10.0 1808.8164399371851 -1.74977327051848 20.0 1806.157993239111 -9.691326572444392 30.0 1806.157993239111 -6.1579932391110574 30.0 1809.6913265724443 -9.691326572444394 30.0 1809.6913265724443 -6.1579932391110574 30.0 1811.474886635259 50.0 10.0 1812.3497732705184 50.0 20.0 1811.474886635259 100.0 10.0 1812.3497732705184 100.0 20.0 1811.474886635259 150.0 10.0 1812.3497732705184 150.0 20.0 1811.474886635259 200.0 10.0 1812.3497732705184 200.0 20.0 1811.474886635259 249.99999999999997 10.0 1812.3497732705184 249.99999999999997 20.0 1811.474886635259 300.0 10.0 1812.3497732705184 300.0 20.0 1811.474886635259 349.99999999999994 10.0 1812.3497732705184 349.99999999999994 20.0 1811.474886635259 400.0 10.0 1812.3497732705184 400.0 20.0 1811.474886635259 450.0 10.0 1812.3497732705184 450.0 20.0 1811.474886635259 499.99999999999994 10.0 1812.3497732705184 499.99999999999994 20.0 1811.474886635259 550.0 10.0 1812.3497732705184 550.0 20.0 1811.474886635259 600.0 10.0 1812.3497732705184 600.0 20.0 1811.474886635259 650.0 10.0 1812.3497732705184 650.0 20.0 1811.474886635259 699.9999999999999 10.0 1812.3497732705184 699.9999999999999 20.0 1811.474886635259 750.0 10.0 1812.3497732705184 750.0 20.0 1811.474886635259 800.0 10.0 1812.3497732705184 800.0 20.0 1811.474886635259 849.9999999999999 10.0 1812.3497732705184 849.9999999999999 20.0 1811.474886635259 900.0 10.0 1812.3497732705184 900.0 20.0 1811.474886635259 950.0 10.0 1812.3497732705184 950.0 20.0 1811.474886635259 999.9999999999999 10.0 1812.3497732705184 999.9999999999999 20.0 1811.474886635259 1050.0 10.0 1812.3497732705184 1050.0 20.0 1811.474886635259 1100.0 10.0 1812.3497732705184 1100.0 20.0 1811.474886635259 1150.0 10.0 1812.3497732705184 1150.0 20.0 1804.4082199685924 1200.8748866352591 10.0 1805.2831066038518 1201.7497732705185 20.0 1807.9415533019258 1200.8748866352591 10.0 1808.8164399371851 1201.7497732705185 20.0 1800.8748866352591 50.0 10.0 1801.7497732705185 50.0 20.0 1800.8748866352591 100.0 10.0 1801.7497732705185 100.0 20.0 1800.8748866352591 150.0 10.0 1801.7497732705185 150.0 20.0 1800.8748866352591 200.0 10.0 1801.7497732705185 200.0 20.0 1800.8748866352591 249.99999999999997 10.0 1801.7497732705185 249.99999999999997 20.0 1800.8748866352591 300.0 10.0 1801.7497732705185 300.0 20.0 1800.8748866352591 349.99999999999994 10.0 1801.7497732705185 349.99999999999994 20.0 1800.8748866352591 400.0 10.0 1801.7497732705185 400.0 20.0 1800.8748866352591 450.0 10.0 1801.7497732705185 450.0 20.0 1800.8748866352591 499.99999999999994 10.0 1801.7497732705185 499.99999999999994 20.0 1800.8748866352591 550.0 10.0 1801.7497732705185 550.0 20.0 1800.8748866352591 600.0 10.0 1801.7497732705185 600.0 20.0 1800.8748866352591 650.0 10.0 1801.7497732705185 650.0 20.0 1800.8748866352591 699.9999999999999 10.0 1801.7497732705185 699.9999999999999 20.0 1800.8748866352591 750.0 10.0 1801.7497732705185 750.0 20.0 1800.8748866352591 800.0 10.0 1801.7497732705185 800.0 20.0 1800.8748866352591 849.9999999999999 10.0 1801.7497732705185 849.9999999999999 20.0 1800.8748866352591 900.0 10.0 1801.7497732705185 900.0 20.0 1800.8748866352591 950.0 10.0 1801.7497732705185 950.0 20.0 1800.8748866352591 999.9999999999999 10.0 1801.7497732705185 999.9999999999999 20.0 1800.8748866352591 1050.0 10.0 1801.7497732705185 1050.0 20.0 1800.8748866352591 1100.0 10.0 1801.7497732705185 1100.0 20.0 1800.8748866352591 1150.0 10.0 1801.7497732705185 1150.0 20.0 1806.157993239111 50.0 30.0 1806.157993239111 100.00000000000006 30.0 1806.157993239111 150.0 30.0 1806.157993239111 200.0000000000001 30.0 1806.157993239111 250.0000000000001 30.0 1806.157993239111 300.0 30.0 1806.157993239111 350.0 30.0 1806.157993239111 400.0000000000001 30.0 1806.157993239111 450.00000000000006 30.0 1806.157993239111 500.0 30.0 1806.157993239111 550.0 30.0 1806.157993239111 600.0 30.0 1806.157993239111 650.0000000000001 30.0 1806.157993239111 699.9999999999998 30.0 1806.157993239111 750.0 30.0 1806.157993239111 800.0 30.0 1806.157993239111 849.9999999999999 30.0 1806.157993239111 900.0 30.0 1806.157993239111 950.0 30.0 1806.157993239111 999.9999999999998 30.0 1806.157993239111 1050.0 30.0 1806.157993239111 1100.0 30.0 1806.157993239111 1150.0 30.0 1809.6913265724443 50.0 30.0 1809.6913265724443 99.99999999999994 30.0 1809.6913265724443 150.0 30.0 1809.6913265724443 200.00000000000017 30.0 1809.6913265724443 250.00000000000006 30.0 1809.6913265724443 300.0 30.0 1809.6913265724443 350.0 30.0 1809.6913265724443 400.00000000000006 30.0 1809.6913265724443 450.0 30.0 1809.6913265724443 499.99999999999994 30.0 1809.6913265724443 550.0 30.0 1809.6913265724443 600.0 30.0 1809.6913265724443 650.0 30.0 1809.6913265724443 699.9999999999999 30.0 1809.6913265724443 750.0 30.0 1809.6913265724443 800.0 30.0 1809.6913265724443 849.9999999999998 30.0 1809.6913265724443 900.0 30.0 1809.6913265724443 950.0 30.0 1809.6913265724443 999.9999999999999 30.0 1809.6913265724443 1050.0 30.0 1809.6913265724443 1100.0 30.0 1809.6913265724443 1150.0 30.0 1811.474886635259 1204.4082199685924 10.0 1812.3497732705184 1205.2831066038518 20.0 1811.474886635259 1207.9415533019258 10.0 1812.3497732705184 1208.8164399371851 20.0 1804.4082199685924 1211.474886635259 10.0 1805.2831066038518 1212.3497732705184 20.0 1807.9415533019258 1211.474886635259 10.0 1808.8164399371851 1212.3497732705184 20.0 1806.157993239111 1206.157993239111 30.0 1806.157993239111 1209.6913265724443 30.0 1809.6913265724443 1206.157993239111 30.0 1809.6913265724443 1209.6913265724443 30.0 -7.941553301925913 -7.941553301925913 10.0 -8.816439937185153 -8.816439937185153 20.0 -7.941553301925913 -4.408219968592578 10.0 -8.816439937185153 -5.2831066038518175 20.0 -4.408219968592578 -7.941553301925913 10.0 -5.2831066038518175 -8.816439937185153 20.0 -4.408219968592578 -4.408219968592578 10.0 -5.2831066038518175 -5.2831066038518175 20.0 -7.941553301925913 50.0 9.999999999999998 -8.816439937185153 50.0 20.0 -7.941553301925913 100.0 9.999999999999998 -8.816439937185153 100.0 20.0 -7.941553301925913 150.0 9.999999999999998 -8.816439937185153 150.0 20.0 -7.941553301925913 200.0 9.999999999999998 -8.816439937185153 200.0 20.0 -7.941553301925913 250.00000000000006 9.999999999999998 -8.816439937185153 250.00000000000006 20.0 -7.941553301925913 300.00000000000006 9.999999999999998 -8.816439937185153 300.00000000000006 20.0 -7.9415533019259135 350.0 9.999999999999998 -8.816439937185153 350.0 20.0 -7.941553301925912 400.00000000000006 9.999999999999998 -8.816439937185152 400.00000000000006 20.0 -7.941553301925913 449.9999999999999 9.999999999999998 -8.816439937185153 449.9999999999999 20.0 -7.9415533019259135 499.99999999999994 9.999999999999998 -8.816439937185153 499.99999999999994 20.0 -7.941553301925913 550.0 9.999999999999998 -8.816439937185153 550.0 20.0 -7.941553301925913 600.0 9.999999999999998 -8.816439937185153 600.0 20.0 -7.9415533019259135 650.0 9.999999999999998 -8.816439937185153 650.0 20.0 -7.941553301925913 699.9999999999999 9.999999999999998 -8.816439937185153 699.9999999999999 20.0 -7.941553301925913 750.0 9.999999999999998 -8.816439937185153 750.0 20.0 -7.941553301925913 800.0 9.999999999999998 -8.816439937185153 800.0 20.0 -7.9415533019259135 849.9999999999999 9.999999999999998 -8.816439937185153 849.9999999999999 20.0 -7.941553301925912 900.0 9.999999999999998 -8.816439937185152 900.0 20.0 -7.941553301925913 950.0000000000001 9.999999999999998 -8.816439937185153 950.0000000000001 20.0 -7.9415533019259135 999.9999999999999 9.999999999999998 -8.816439937185153 999.9999999999999 20.0 -7.941553301925913 1050.0 9.999999999999998 -8.816439937185153 1050.0 20.0 -7.941553301925913 1100.0 9.999999999999998 -8.816439937185153 1100.0 20.0 -7.941553301925913 1150.0 9.999999999999998 -8.816439937185153 1150.0 20.0 -4.408219968592578 50.0 9.999999999999998 -5.2831066038518175 50.0 20.0 -4.408219968592577 99.99999999999983 9.999999999999998 -5.283106603851817 99.99999999999983 20.0 -4.408219968592578 150.0 9.999999999999998 -5.283106603851818 150.0 20.0 -4.408219968592578 200.0 9.999999999999998 -5.2831066038518175 200.0 20.0 -4.408219968592578 250.00000000000006 9.999999999999998 -5.2831066038518175 250.00000000000006 20.0 -4.408219968592578 300.0 9.999999999999998 -5.2831066038518175 300.0 20.0 -4.408219968592578 350.0 9.999999999999998 -5.2831066038518175 350.0 20.0 -4.408219968592578 400.00000000000006 9.999999999999998 -5.2831066038518175 400.00000000000006 20.0 -4.408219968592578 450.0 9.999999999999998 -5.2831066038518175 450.0 20.0 -4.408219968592578 499.99999999999994 9.999999999999998 -5.283106603851818 499.99999999999994 20.0 -4.408219968592578 550.0 9.999999999999998 -5.2831066038518175 550.0 20.0 -4.408219968592578 600.0 9.999999999999998 -5.2831066038518175 600.0 20.0 -4.408219968592578 650.0 9.999999999999998 -5.2831066038518175 650.0 20.0 -4.408219968592578 699.9999999999999 9.999999999999998 -5.2831066038518175 699.9999999999999 20.0 -4.408219968592578 750.0 9.999999999999998 -5.2831066038518175 750.0 20.0 -4.408219968592578 800.0 9.999999999999998 -5.2831066038518175 800.0 20.0 -4.408219968592578 849.9999999999999 9.999999999999998 -5.2831066038518175 849.9999999999999 20.0 -4.408219968592578 900.0 9.999999999999998 -5.2831066038518175 900.0 20.0 -4.408219968592578 950.0 9.999999999999998 -5.2831066038518175 950.0 20.0 -4.408219968592578 999.9999999999999 9.999999999999998 -5.2831066038518175 999.9999999999999 20.0 -4.408219968592578 1050.0 9.999999999999998 -5.2831066038518175 1050.0 20.0 -4.408219968592578 1100.0 9.999999999999998 -5.2831066038518175 1100.0 20.0 -4.408219968592578 1150.0 9.999999999999998 -5.2831066038518175 1150.0 20.0 -7.941553301925912 1204.4082199685924 10.000000000000002 -8.816439937185152 1205.2831066038518 20.0 -7.941553301925912 1207.9415533019258 10.000000000000002 -8.816439937185152 1208.8164399371851 20.0 -4.4082199685925785 1204.4082199685924 10.000000000000002 -5.283106603851818 1205.2831066038518 20.0 -4.408219968592578 1207.9415533019258 10.000000000000002 -5.2831066038518175 1208.8164399371851 20.0 49.999999999999886 -7.941553301925913 10.0 49.999999999999886 -8.816439937185153 20.0 50.0 -4.408219968592578 10.0 50.0 -5.2831066038518175 20.0 100.00000000000011 -7.941553301925913 10.0 100.00000000000011 -8.816439937185153 20.0 100.00000000000023 -4.408219968592578 10.0 100.00000000000023 -5.2831066038518175 20.0 149.9999999999999 -7.941553301925913 10.0 149.9999999999999 -8.816439937185153 20.0 149.9999999999999 -4.408219968592578 10.0 149.9999999999999 -5.2831066038518175 20.0 199.9999999999999 -7.941553301925913 10.0 199.9999999999999 -8.816439937185153 20.0 199.9999999999999 -4.408219968592578 10.0 199.9999999999999 -5.2831066038518175 20.0 249.9999999999999 -7.941553301925913 10.0 249.9999999999999 -8.816439937185153 20.0 249.99999999999977 -4.408219968592577 10.0 249.99999999999977 -5.283106603851817 20.0 300.0 -7.941553301925913 10.0 300.0 -8.816439937185153 20.0 300.0 -4.408219968592578 10.0 300.0 -5.2831066038518175 20.0 349.99999999999966 -7.941553301925913 10.0 349.99999999999966 -8.816439937185153 20.0 349.9999999999999 -4.408219968592578 10.0 349.9999999999999 -5.2831066038518175 20.0 399.9999999999999 -7.941553301925913 10.0 399.9999999999999 -8.816439937185153 20.0 400.0000000000001 -4.408219968592578 10.0 400.0000000000001 -5.2831066038518175 20.0 450.0 -7.941553301925913 10.0 450.0 -8.816439937185153 20.0 450.0 -4.408219968592578 10.0 450.0 -5.2831066038518175 20.0 500.0 -7.941553301925913 10.0 500.0 -8.816439937185153 20.0 500.0 -4.408219968592578 10.0 500.0 -5.2831066038518175 20.0 550.0 -7.941553301925913 10.0 550.0 -8.816439937185153 20.0 550.0 -4.408219968592577 10.0 550.0 -5.283106603851817 20.0 600.0 -7.941553301925912 10.0 600.0 -8.816439937185152 20.0 600.0 -4.408219968592578 10.0 600.0 -5.2831066038518175 20.0 650.0 -7.941553301925913 10.0 650.0 -8.816439937185153 20.0 650.0 -4.408219968592578 10.0 650.0 -5.2831066038518175 20.0 699.9999999999999 -7.941553301925913 10.0 699.9999999999999 -8.816439937185153 20.0 699.9999999999999 -4.408219968592578 10.0 699.9999999999999 -5.2831066038518175 20.0 749.9999999999999 -7.941553301925913 10.0 749.9999999999999 -8.816439937185153 20.0 749.9999999999998 -4.408219968592578 10.0 749.9999999999998 -5.2831066038518175 20.0 800.0 -7.941553301925913 10.0 800.0 -8.816439937185153 20.0 800.0 -4.408219968592578 10.0 800.0 -5.2831066038518175 20.0 850.0 -7.941553301925913 10.0 850.0 -8.816439937185153 20.0 850.0 -4.408219968592578 10.0 850.0 -5.2831066038518175 20.0 900.0 -7.941553301925913 10.0 900.0 -8.816439937185153 20.0 900.0 -4.408219968592578 10.0 900.0 -5.2831066038518175 20.0 949.9999999999999 -7.9415533019259135 10.0 949.9999999999999 -8.816439937185153 20.0 950.0 -4.408219968592578 10.0 950.0 -5.2831066038518175 20.0 1000.0 -7.941553301925913 10.0 1000.0 -8.816439937185153 20.0 1000.0 -4.408219968592578 10.0 1000.0 -5.2831066038518175 20.0 1050.0 -7.941553301925913 10.0 1050.0 -8.816439937185153 20.0 1049.9999999999998 -4.408219968592578 10.0 1049.9999999999998 -5.2831066038518175 20.0 1100.0 -7.941553301925913 10.0 1100.0 -8.816439937185153 20.0 1100.0 -4.408219968592578 10.0 1100.0 -5.2831066038518175 20.0 1150.0 -7.941553301925913 10.0 1150.0 -8.816439937185153 20.0 1150.0 -4.408219968592578 10.0 1150.0 -5.2831066038518175 20.0 1200.0 -7.941553301925913 10.0 1200.0 -8.816439937185153 20.0 1200.0 -4.408219968592578 10.0 1200.0 -5.2831066038518175 20.0 1250.0 -7.941553301925913 10.0 1250.0 -8.816439937185153 20.0 1250.0 -4.408219968592577 10.0 1250.0 -5.283106603851817 20.0 1300.0 -7.941553301925913 10.0 1300.0 -8.816439937185153 20.0 1300.0 -4.408219968592578 10.0 1300.0 -5.2831066038518175 20.0 1350.0 -7.941553301925913 10.0 1350.0 -8.816439937185153 20.0 1350.0 -4.408219968592578 10.0 1350.0 -5.2831066038518175 20.0 1399.9999999999998 -7.941553301925913 10.0 1399.9999999999998 -8.816439937185153 20.0 1399.9999999999998 -4.408219968592578 10.0 1399.9999999999998 -5.2831066038518175 20.0 1449.9999999999995 -7.941553301925913 10.0 1449.9999999999995 -8.816439937185153 20.0 1450.0 -4.408219968592578 10.0 1450.0 -5.2831066038518175 20.0 1499.9999999999995 -7.941553301925913 10.0 1499.9999999999995 -8.816439937185153 20.0 1500.0 -4.408219968592578 10.0 1500.0 -5.2831066038518175 20.0 1550.0 -7.941553301925913 10.0 1550.0 -8.816439937185153 20.0 1550.0000000000002 -4.408219968592577 10.0 1550.0000000000002 -5.283106603851817 20.0 1600.0 -7.941553301925913 10.0 1600.0 -8.816439937185153 20.0 1600.0 -4.408219968592578 10.0 1600.0 -5.2831066038518175 20.0 1650.0 -7.941553301925912 10.0 1650.0 -8.816439937185152 20.0 1650.0000000000002 -4.408219968592578 10.0 1650.0000000000002 -5.2831066038518175 20.0 1700.0 -7.941553301925913 10.0 1700.0 -8.816439937185153 20.0 1700.0000000000005 -4.408219968592578 10.0 1700.0000000000005 -5.2831066038518175 20.0 1750.0 -7.941553301925913 10.0 1750.0 -8.816439937185153 20.0 1750.0000000000002 -4.408219968592578 10.0 1750.0000000000002 -5.2831066038518175 20.0 50.0 1204.4082199685924 9.999999999999998 50.0 1205.2831066038518 20.0 50.0 1207.9415533019258 9.999999999999998 50.0 1208.8164399371851 20.0 100.0 1204.4082199685924 9.999999999999998 100.0 1205.2831066038518 20.0 100.0 1207.9415533019258 9.999999999999998 100.0 1208.8164399371851 20.0 150.0 1204.4082199685924 9.999999999999998 150.0 1205.2831066038518 20.0 150.0 1207.9415533019258 9.999999999999998 150.0 1208.8164399371851 20.0 200.0 1204.4082199685924 9.999999999999998 200.0 1205.2831066038518 20.0 200.0 1207.9415533019258 9.999999999999998 200.0 1208.8164399371851 20.0 249.99999999999977 1204.4082199685924 9.999999999999998 249.99999999999977 1205.2831066038518 20.0 250.0 1207.9415533019258 9.999999999999998 250.0 1208.8164399371851 20.0 300.0000000000001 1204.4082199685924 9.999999999999998 300.0000000000001 1205.2831066038518 20.0 300.0 1207.9415533019258 9.999999999999998 300.0 1208.8164399371851 20.0 350.0 1204.4082199685924 9.999999999999998 350.0 1205.2831066038518 20.0 350.0 1207.9415533019258 9.999999999999998 350.0 1208.8164399371851 20.0 400.00000000000006 1204.4082199685924 9.999999999999998 400.00000000000006 1205.2831066038518 20.0 400.0 1207.9415533019258 9.999999999999998 400.0 1208.8164399371851 20.0 450.0 1204.4082199685924 9.999999999999998 450.0 1205.2831066038518 20.0 450.0 1207.9415533019258 9.999999999999998 450.0 1208.8164399371851 20.0 500.0 1204.4082199685924 9.999999999999998 500.0 1205.2831066038518 20.0 500.0 1207.9415533019258 9.999999999999998 500.0 1208.8164399371851 20.0 550.0 1204.4082199685924 9.999999999999998 550.0 1205.2831066038518 20.0 550.0 1207.9415533019258 9.999999999999998 550.0 1208.8164399371851 20.0 600.0 1204.4082199685924 9.999999999999998 600.0 1205.2831066038518 20.0 599.9999999999999 1207.9415533019258 9.999999999999998 599.9999999999999 1208.8164399371851 20.0 650.0 1204.4082199685924 9.999999999999998 650.0 1205.2831066038518 20.0 650.0 1207.9415533019258 9.999999999999998 650.0 1208.8164399371851 20.0 700.0 1204.4082199685924 9.999999999999998 700.0 1205.2831066038518 20.0 700.0 1207.9415533019258 9.999999999999998 700.0 1208.8164399371851 20.0 749.9999999999999 1204.4082199685924 9.999999999999998 749.9999999999999 1205.2831066038518 20.0 749.9999999999999 1207.9415533019258 9.999999999999998 749.9999999999999 1208.8164399371851 20.0 800.0 1204.4082199685924 9.999999999999998 800.0 1205.2831066038518 20.0 800.0 1207.9415533019258 9.999999999999998 800.0 1208.8164399371851 20.0 850.0000000000001 1204.4082199685924 9.999999999999998 850.0000000000001 1205.2831066038518 20.0 850.0 1207.9415533019258 9.999999999999998 850.0 1208.8164399371851 20.0 900.0 1204.4082199685924 9.999999999999998 900.0 1205.2831066038518 20.0 900.0 1207.9415533019258 9.999999999999998 900.0 1208.8164399371851 20.0 949.9999999999999 1204.4082199685924 9.999999999999998 949.9999999999999 1205.2831066038518 20.0 950.0 1207.9415533019258 9.999999999999998 950.0 1208.8164399371851 20.0 1000.0 1204.4082199685924 9.999999999999998 1000.0 1205.2831066038518 20.0 1000.0 1207.9415533019258 9.999999999999998 1000.0 1208.8164399371851 20.0 1049.9999999999998 1204.4082199685924 9.999999999999998 1049.9999999999998 1205.2831066038518 20.0 1049.9999999999998 1207.9415533019258 9.999999999999998 1049.9999999999998 1208.8164399371851 20.0 1100.0 1204.4082199685924 9.999999999999998 1100.0 1205.2831066038518 20.0 1100.0 1207.9415533019258 9.999999999999998 1100.0 1208.8164399371851 20.0 1150.0 1204.4082199685924 9.999999999999998 1150.0 1205.2831066038518 20.0 1150.0 1207.9415533019258 9.999999999999998 1150.0 1208.8164399371851 20.0 1200.0 1204.4082199685924 9.999999999999998 1200.0 1205.2831066038518 20.0 1200.0 1207.9415533019258 9.999999999999998 1200.0 1208.8164399371851 20.0 1250.0 1204.4082199685924 9.999999999999998 1250.0 1205.2831066038518 20.0 1250.0 1207.9415533019258 9.999999999999998 1250.0 1208.8164399371851 20.0 1300.0 1204.4082199685924 9.999999999999998 1300.0 1205.2831066038518 20.0 1300.0 1207.9415533019258 9.999999999999998 1300.0 1208.8164399371851 20.0 1350.0 1204.4082199685924 9.999999999999998 1350.0 1205.2831066038518 20.0 1350.0 1207.9415533019258 9.999999999999998 1350.0 1208.8164399371851 20.0 1399.9999999999998 1204.4082199685924 9.999999999999998 1399.9999999999998 1205.2831066038518 20.0 1399.9999999999998 1207.9415533019258 9.999999999999998 1399.9999999999998 1208.8164399371851 20.0 1449.9999999999995 1204.4082199685924 9.999999999999998 1449.9999999999995 1205.2831066038518 20.0 1449.9999999999998 1207.9415533019258 9.999999999999998 1449.9999999999998 1208.8164399371851 20.0 1499.9999999999995 1204.4082199685924 9.999999999999998 1499.9999999999995 1205.2831066038518 20.0 1499.9999999999995 1207.9415533019258 9.999999999999998 1499.9999999999995 1208.8164399371851 20.0 1550.0 1204.4082199685924 9.999999999999998 1550.0 1205.2831066038518 20.0 1550.0 1207.9415533019258 9.999999999999998 1550.0 1208.8164399371851 20.0 1600.0 1204.4082199685924 9.999999999999998 1600.0 1205.2831066038518 20.0 1600.0 1207.9415533019258 9.999999999999998 1600.0 1208.8164399371851 20.0 1650.0 1204.4082199685924 9.999999999999998 1650.0 1205.2831066038518 20.0 1650.0 1207.9415533019258 9.999999999999998 1650.0 1208.8164399371851 20.0 1700.0 1204.4082199685924 9.999999999999998 1700.0 1205.2831066038518 20.0 1700.0 1207.9415533019258 9.999999999999998 1700.0 1208.8164399371851 20.0 1750.0 1204.4082199685924 9.999999999999998 1750.0 1205.2831066038518 20.0 1750.0 1207.9415533019258 9.999999999999998 1750.0 1208.8164399371851 20.0 1804.4082199685924 -7.941553301925913 9.999999999999998 1805.2831066038518 -8.816439937185153 20.0 1804.4082199685924 -4.408219968592578 9.999999999999998 1805.2831066038518 -5.2831066038518175 20.0 1807.9415533019258 -7.9415533019259135 9.999999999999998 1808.8164399371851 -8.816439937185153 20.0 1807.9415533019258 -4.408219968592578 9.999999999999998 1808.8164399371851 -5.2831066038518175 20.0 1804.4082199685924 50.0 9.999999999999998 1805.2831066038518 50.0 20.0 1804.4082199685924 100.00000000000006 9.999999999999998 1805.2831066038518 100.00000000000006 20.0 1804.4082199685924 150.0 9.999999999999998 1805.2831066038518 150.0 20.0 1804.4082199685924 200.0000000000001 9.999999999999998 1805.2831066038518 200.0000000000001 20.0 1804.4082199685924 250.0000000000001 9.999999999999998 1805.2831066038518 250.0000000000001 20.0 1804.4082199685924 300.0 9.999999999999998 1805.2831066038518 300.0 20.0 1804.4082199685924 350.0 9.999999999999998 1805.2831066038518 350.0 20.0 1804.4082199685924 400.0000000000001 9.999999999999998 1805.2831066038518 400.0000000000001 20.0 1804.4082199685924 450.00000000000006 9.999999999999998 1805.2831066038518 450.00000000000006 20.0 1804.4082199685924 500.0 9.999999999999998 1805.2831066038518 500.0 20.0 1804.4082199685924 550.0 9.999999999999998 1805.2831066038518 550.0 20.0 1804.4082199685924 600.0 9.999999999999998 1805.2831066038518 600.0 20.0 1804.4082199685924 650.0000000000001 9.999999999999998 1805.2831066038518 650.0000000000001 20.0 1804.4082199685924 699.9999999999998 9.999999999999998 1805.2831066038518 699.9999999999998 20.0 1804.4082199685924 750.0 9.999999999999998 1805.2831066038518 750.0 20.0 1804.4082199685924 800.0 9.999999999999998 1805.2831066038518 800.0 20.0 1804.4082199685924 849.9999999999999 9.999999999999998 1805.2831066038518 849.9999999999999 20.0 1804.4082199685924 900.0 9.999999999999998 1805.2831066038518 900.0 20.0 1804.4082199685924 950.0 9.999999999999998 1805.2831066038518 950.0 20.0 1804.4082199685924 999.9999999999998 9.999999999999998 1805.2831066038518 999.9999999999998 20.0 1804.4082199685924 1050.0 9.999999999999998 1805.2831066038518 1050.0 20.0 1804.4082199685924 1100.0 9.999999999999998 1805.2831066038518 1100.0 20.0 1804.4082199685924 1150.0 9.999999999999998 1805.2831066038518 1150.0 20.0 1807.9415533019258 50.0 9.999999999999998 1808.8164399371851 50.0 20.0 1807.9415533019258 99.99999999999994 9.999999999999998 1808.8164399371851 99.99999999999994 20.0 1807.9415533019258 150.0 9.999999999999998 1808.8164399371851 150.0 20.0 1807.9415533019258 200.00000000000017 9.999999999999998 1808.8164399371851 200.00000000000017 20.0 1807.9415533019258 250.00000000000006 9.999999999999998 1808.8164399371851 250.00000000000006 20.0 1807.9415533019258 300.0 9.999999999999998 1808.8164399371851 300.0 20.0 1807.9415533019258 350.0 9.999999999999998 1808.8164399371851 350.0 20.0 1807.9415533019258 400.00000000000006 9.999999999999998 1808.8164399371851 400.00000000000006 20.0 1807.9415533019258 450.0 9.999999999999998 1808.8164399371851 450.0 20.0 1807.9415533019258 499.99999999999994 9.999999999999998 1808.8164399371851 499.99999999999994 20.0 1807.9415533019258 550.0 9.999999999999998 1808.8164399371851 550.0 20.0 1807.9415533019258 600.0 9.999999999999998 1808.8164399371851 600.0 20.0 1807.9415533019258 650.0 9.999999999999998 1808.8164399371851 650.0 20.0 1807.9415533019258 699.9999999999999 9.999999999999998 1808.8164399371851 699.9999999999999 20.0 1807.9415533019258 750.0 9.999999999999998 1808.8164399371851 750.0 20.0 1807.9415533019258 800.0 9.999999999999998 1808.8164399371851 800.0 20.0 1807.9415533019258 849.9999999999998 9.999999999999998 1808.8164399371851 849.9999999999998 20.0 1807.9415533019258 900.0 9.999999999999998 1808.8164399371851 900.0 20.0 1807.9415533019258 950.0 9.999999999999998 1808.8164399371851 950.0 20.0 1807.9415533019258 999.9999999999999 9.999999999999998 1808.8164399371851 999.9999999999999 20.0 1807.9415533019258 1050.0 9.999999999999998 1808.8164399371851 1050.0 20.0 1807.9415533019258 1100.0 9.999999999999998 1808.8164399371851 1100.0 20.0 1807.9415533019258 1150.0 9.999999999999998 1808.8164399371851 1150.0 20.0 1804.4082199685924 1204.4082199685924 10.000000000000002 1805.2831066038518 1205.2831066038518 20.0 1804.4082199685924 1207.9415533019258 10.000000000000002 1805.2831066038518 1208.8164399371851 20.0 1807.9415533019258 1204.4082199685924 10.000000000000002 1808.8164399371851 1205.2831066038518 20.0 1807.9415533019258 1207.9415533019258 10.000000000000002 1808.8164399371851 1208.8164399371851 20.0</DataArray>
      </Points>
      <Cells>
        <DataArray type="Int64" Name="connectivity" NumberOfComponents="1" format="ascii">0 48 872 204 16 312 1925 318 204 872 873 205 318 1925 1926 319 205 873 50 1 319 1926 316 19 48 49 874 872 312 313 1927 1925 872 874 875 873 1925 1927 1928 1926 873 875 51 50 1926 1928 317 316 49 4 231 874 313 17 314 1927 874 231 232 875 1927 314 315 1928 875 232 5 51 1928 315 18 317 1 50 876 206 19 316 1929 345 206 876 877 207 345 1929 1930 346 207 877 878 208 346 1930 1931 347 208 878 879 209 347 1931 1932 348 209 879 880 210 348 1932 1933 349 210 880 881 211 349 1933 1934 350 211 881 882 212 350 1934 1935 351 212 882 883 213 351 1935 1936 352 213 883 884 214 352 1936 1937 353 214 884 885 215 353 1937 1938 354 215 885 886 216 354 1938 1939 355 216 886 887 217 355 1939 1940 356 217 887 888 218 356 1940 1941 357 218 888 889 219 357 1941 1942 358 219 889 890 220 358 1942 1943 359 220 890 891 221 359 1943 1944 360 221 891 892 222 360 1944 1945 361 222 892 893 223 361 1945 1946 362 223 893 894 224 362 1946 1947 363 224 894 895 225 363 1947 1948 364 225 895 896 226 364 1948 1949 365 226 896 897 227 365 1949 1950 366 227 897 898 228 366 1950 1951 367 228 898 52 2 367 1951 343 21 50 51 899 876 316 317 1952 1929 876 899 900 877 1929 1952 1953 1930 877 900 901 878 1930 1953 1954 1931 878 901 902 879 1931 1954 1955 1932 879 902 903 880 1932 1955 1956 1933 880 903 904 881 1933 1956 1957 1934 881 904 905 882 1934 1957 1958 1935 882 905 906 883 1935 1958 1959 1936 883 906 907 884 1936 1959 1960 1937 884 907 908 885 1937 1960 1961 1938 885 908 909 886 1938 1961 1962 1939 886 909 910 887 1939 1962 1963 1940 887 910 911 888 1940 1963 1964 1941 888 911 912 889 1941 1964 1965 1942 889 912 913 890 1942 1965 1966 1943 890 913 914 891 1943 1966 1967 1944 891 914 915 892 1944 1967 1968 1945 892 915 916 893 1945 1968 1969 1946 893 916 917 894 1946 1969 1970 1947 894 917 918 895 1947 1970 1971 1948 895 918 919 896 1948 1971 1972 1949 896 919 920 897 1949 1972 1973 1950 897 920 921 898 1950 1973 1974 1951 898 921 53 52 1951 1974 344 343 51 5 233 899 317 18 320 1952 899 233 234 900 1952 320 321 1953 900 234 235 901 1953 321 322 1954 901 235 236 902 1954 322 323 1955 902 236 237 903 1955 323 324 1956 903 237 238 904 1956 324 325 1957 904 238 239 905 1957 325 326 1958 905 239 240 906 1958 326 327 1959 906 240 241 907 1959 327 328 1960 907 241 242 908 1960 328 329 1961 908 242 243 909 1961 329 330 1962 909 243 244 910 1962 330 331 1963 910 244 245 911 1963 331 332 1964 911 245 246 912 1964 332 333 1965 912 246 247 913 1965 333 334 1966 913 247 248 914 1966 334 335 1967 914 248 249 915 1967 335 336 1968 915 249 250 916 1968 336 337 1969 916 250 251 917 1969 337 338 1970 917 251 252 918 1970 338 339 1971 918 252 253 919 1971 339 340 1972 919 253 254 920 1972 340 341 1973 920 254 255 921 1973 341 342 1974 921 255 6 53 1974 342 20 344 2 52 922 229 21 343 1975 372 229 922 923 230 372 1975 1976 373 230 923 54 3 373 1976 370 23 52 53 924 922 343 344 1977 1975 922 924 925 923 1975 1977 1978 1976 923 925 55 54 1976 1978 371 370 53 6 256 924 344 20 368 1977 924 256 257 925 1977 368 369 1978 925 257 7 55 1978 369 22 371 4 56 926 231 17 374 1979 314 231 926 927 232 314 1979 1980 315 232 927 91 5 315 1980 411 18 56 57 928 926 374 375 1981 1979 926 928 929 927 1979 1981 1982 1980 927 929 92 91 1980 1982 412 411 57 58 930 928 375 376 1983 1981 928 930 931 929 1981 1983 1984 1982 929 931 93 92 1982 1984 413 412 58 59 932 930 376 377 1985 1983 930 932 933 931 1983 1985 1986 1984 931 933 94 93 1984 1986 414 413 59 60 934 932 377 378 1987 1985 932 934 935 933 1985 1987 1988 1986 933 935 95 94 1986 1988 415 414 60 61 936 934 378 379 1989 1987 934 936 937 935 1987 1989 1990 1988 935 937 96 95 1988 1990 416 415 61 62 938 936 379 380 1991 1989 936 938 939 937 1989 1991 1992 1990 937 939 97 96 1990 1992 417 416 62 63 940 938 380 381 1993 1991 938 940 941 939 1991 1993 1994 1992 939 941 98 97 1992 1994 418 417 63 64 942 940 381 382 1995 1993 940 942 943 941 1993 1995 1996 1994 941 943 99 98 1994 1996 419 418 64 65 944 942 382 383 1997 1995 942 944 945 943 1995 1997 1998 1996 943 945 100 99 1996 1998 420 419 65 66 946 944 383 384 1999 1997 944 946 947 945 1997 1999 2000 1998 945 947 101 100 1998 2000 421 420 66 67 948 946 384 385 2001 1999 946 948 949 947 1999 2001 2002 2000 947 949 102 101 2000 2002 422 421 67 68 950 948 385 386 2003 2001 948 950 951 949 2001 2003 2004 2002 949 951 103 102 2002 2004 423 422 68 69 952 950 386 387 2005 2003 950 952 953 951 2003 2005 2006 2004 951 953 104 103 2004 2006 424 423 69 70 954 952 387 388 2007 2005 952 954 955 953 2005 2007 2008 2006 953 955 105 104 2006 2008 425 424 70 71 956 954 388 389 2009 2007 954 956 957 955 2007 2009 2010 2008 955 957 106 105 2008 2010 426 425 71 72 958 956 389 390 2011 2009 956 958 959 957 2009 2011 2012 2010 957 959 107 106 2010 2012 427 426 72 73 960 958 390 391 2013 2011 958 960 961 959 2011 2013 2014 2012 959 961 108 107 2012 2014 428 427 73 74 962 960 391 392 2015 2013 960 962 963 961 2013 2015 2016 2014 961 963 109 108 2014 2016 429 428 74 75 964 962 392 393 2017 2015 962 964 965 963 2015 2017 2018 2016 963 965 110 109 2016 2018 430 429 75 76 966 964 393 394 2019 2017 964 966 967 965 2017 2019 2020 2018 965 967 111 110 2018 2020 431 430 76 77 968 966 394 395 2021 2019 966 968 969 967 2019 2021 2022 2020 967 969 112 111 2020 2022 432 431 77 78 970 968 395 396 2023 2021 968 970 971 969 2021 2023 2024 2022 969 971 113 112 2022 2024 433 432 78 79 972 970 396 397 2025 2023 970 972 973 971 2023 2025 2026 2024 971 973 114 113 2024 2026 434 433 79 80 974 972 397 398 2027 2025 972 974 975 973 2025 2027 2028 2026 973 975 115 114 2026 2028 435 434 80 81 976 974 398 399 2029 2027 974 976 977 975 2027 2029 2030 2028 975 977 116 115 2028 2030 436 435 81 82 978 976 399 400 2031 2029 976 978 979 977 2029 2031 2032 2030 977 979 117 116 2030 2032 437 436 82 83 980 978 400 401 2033 2031 978 980 981 979 2031 2033 2034 2032 979 981 118 117 2032 2034 438 437 83 84 982 980 401 402 2035 2033 980 982 983 981 2033 2035 2036 2034 981 983 119 118 2034 2036 439 438 84 85 984 982 402 403 2037 2035 982 984 985 983 2035 2037 2038 2036 983 985 120 119 2036 2038 440 439 85 86 986 984 403 404 2039 2037 984 986 987 985 2037 2039 2040 2038 985 987 121 120 2038 2040 441 440 86 87 988 986 404 405 2041 2039 986 988 989 987 2039 2041 2042 2040 987 989 122 121 2040 2042 442 441 87 88 990 988 405 406 2043 2041 988 990 991 989 2041 2043 2044 2042 989 991 123 122 2042 2044 443 442 88 89 992 990 406 407 2045 2043 990 992 993 991 2043 2045 2046 2044 991 993 124 123 2044 2046 444 443 89 90 994 992 407 408 2047 2045 992 994 995 993 2045 2047 2048 2046 993 995 125 124 2046 2048 445 444 90 8 258 994 408 24 409 2047 994 258 259 995 2047 409 410 2048 995 259 9 125 2048 410 25 445 5 91 996 233 18 411 2049 320 233 996 997 234 320 2049 2050 321 234 997 998 235 321 2050 2051 322 235 998 999 236 322 2051 2052 323 236 999 1000 237 323 2052 2053 324 237 1000 1001 238 324 2053 2054 325 238 1001 1002 239 325 2054 2055 326 239 1002 1003 240 326 2055 2056 327 240 1003 1004 241 327 2056 2057 328 241 1004 1005 242 328 2057 2058 329 242 1005 1006 243 329 2058 2059 330 243 1006 1007 244 330 2059 2060 331 244 1007 1008 245 331 2060 2061 332 245 1008 1009 246 332 2061 2062 333 246 1009 1010 247 333 2062 2063 334 247 1010 1011 248 334 2063 2064 335 248 1011 1012 249 335 2064 2065 336 249 1012 1013 250 336 2065 2066 337 250 1013 1014 251 337 2066 2067 338 251 1014 1015 252 338 2067 2068 339 252 1015 1016 253 339 2068 2069 340 253 1016 1017 254 340 2069 2070 341 254 1017 1018 255 341 2070 2071 342 255 1018 126 6 342 2071 469 20 91 92 1019 996 411 412 2072 2049 996 1019 1020 997 2049 2072 2073 2050 997 1020 1021 998 2050 2073 2074 2051 998 1021 1022 999 2051 2074 2075 2052 999 1022 1023 1000 2052 2075 2076 2053 1000 1023 1024 1001 2053 2076 2077 2054 1001 1024 1025 1002 2054 2077 2078 2055 1002 1025 1026 1003 2055 2078 2079 2056 1003 1026 1027 1004 2056 2079 2080 2057 1004 1027 1028 1005 2057 2080 2081 2058 1005 1028 1029 1006 2058 2081 2082 2059 1006 1029 1030 1007 2059 2082 2083 2060 1007 1030 1031 1008 2060 2083 2084 2061 1008 1031 1032 1009 2061 2084 2085 2062 1009 1032 1033 1010 2062 2085 2086 2063 1010 1033 1034 1011 2063 2086 2087 2064 1011 1034 1035 1012 2064 2087 2088 2065 1012 1035 1036 1013 2065 2088 2089 2066 1013 1036 1037 1014 2066 2089 2090 2067 1014 1037 1038 1015 2067 2090 2091 2068 1015 1038 1039 1016 2068 2091 2092 2069 1016 1039 1040 1017 2069 2092 2093 2070 1017 1040 1041 1018 2070 2093 2094 2071 1018 1041 127 126 2071 2094 470 469 92 93 1042 1019 412 413 2095 2072 1019 1042 1043 1020 2072 2095 2096 2073 1020 1043 1044 1021 2073 2096 2097 2074 1021 1044 1045 1022 2074 2097 2098 2075 1022 1045 1046 1023 2075 2098 2099 2076 1023 1046 1047 1024 2076 2099 2100 2077 1024 1047 1048 1025 2077 2100 2101 2078 1025 1048 1049 1026 2078 2101 2102 2079 1026 1049 1050 1027 2079 2102 2103 2080 1027 1050 1051 1028 2080 2103 2104 2081 1028 1051 1052 1029 2081 2104 2105 2082 1029 1052 1053 1030 2082 2105 2106 2083 1030 1053 1054 1031 2083 2106 2107 2084 1031 1054 1055 1032 2084 2107 2108 2085 1032 1055 1056 1033 2085 2108 2109 2086 1033 1056 1057 1034 2086 2109 2110 2087 1034 1057 1058 1035 2087 2110 2111 2088 1035 1058 1059 1036 2088 2111 2112 2089 1036 1059 1060 1037 2089 2112 2113 2090 1037 1060 1061 1038 2090 2113 2114 2091 1038 1061 1062 1039 2091 2114 2115 2092 1039 1062 1063 1040 2092 2115 2116 2093 1040 1063 1064 1041 2093 2116 2117 2094 1041 1064 128 127 2094 2117 471 470 93 94 1065 1042 413 414 2118 2095 1042 1065 1066 1043 2095 2118 2119 2096 1043 1066 1067 1044 2096 2119 2120 2097 1044 1067 1068 1045 2097 2120 2121 2098 1045 1068 1069 1046 2098 2121 2122 2099 1046 1069 1070 1047 2099 2122 2123 2100 1047 1070 1071 1048 2100 2123 2124 2101 1048 1071 1072 1049 2101 2124 2125 2102 1049 1072 1073 1050 2102 2125 2126 2103 1050 1073 1074 1051 2103 2126 2127 2104 1051 1074 1075 1052 2104 2127 2128 2105 1052 1075 1076 1053 2105 2128 2129 2106 1053 1076 1077 1054 2106 2129 2130 2107 1054 1077 1078 1055 2107 2130 2131 2108 1055 1078 1079 1056 2108 2131 2132 2109 1056 1079 1080 1057 2109 2132 2133 2110 1057 1080 1081 1058 2110 2133 2134 2111 1058 1081 1082 1059 2111 2134 2135 2112 1059 1082 1083 1060 2112 2135 2136 2113 1060 1083 1084 1061 2113 2136 2137 2114 1061 1084 1085 1062 2114 2137 2138 2115 1062 1085 1086 1063 2115 2138 2139 2116 1063 1086 1087 1064 2116 2139 2140 2117 1064 1087 129 128 2117 2140 472 471 94 95 1088 1065 414 415 2141 2118 1065 1088 1089 1066 2118 2141 2142 2119 1066 1089 1090 1067 2119 2142 2143 2120 1067 1090 1091 1068 2120 2143 2144 2121 1068 1091 1092 1069 2121 2144 2145 2122 1069 1092 1093 1070 2122 2145 2146 2123 1070 1093 1094 1071 2123 2146 2147 2124 1071 1094 1095 1072 2124 2147 2148 2125 1072 1095 1096 1073 2125 2148 2149 2126 1073 1096 1097 1074 2126 2149 2150 2127 1074 1097 1098 1075 2127 2150 2151 2128 1075 1098 1099 1076 2128 2151 2152 2129 1076 1099 1100 1077 2129 2152 2153 2130 1077 1100 1101 1078 2130 2153 2154 2131 1078 1101 1102 1079 2131 2154 2155 2132 1079 1102 1103 1080 2132 2155 2156 2133 1080 1103 1104 1081 2133 2156 2157 2134 1081 1104 1105 1082 2134 2157 2158 2135 1082 1105 1106 1083 2135 2158 2159 2136 1083 1106 1107 1084 2136 2159 2160 2137 1084 1107 1108 1085 2137 2160 2161 2138 1085 1108 1109 1086 2138 2161 2162 2139 1086 1109 1110 1087 2139 2162 2163 2140 1087 1110 130 129 2140 2163 473 472 95 96 1111 1088 415 416 2164 2141 1088 1111 1112 1089 2141 2164 2165 2142 1089 1112 1113 1090 2142 2165 2166 2143 1090 1113 1114 1091 2143 2166 2167 2144 1091 1114 1115 1092 2144 2167 2168 2145 1092 1115 1116 1093 2145 2168 2169 2146 1093 1116 1117 1094 2146 2169 2170 2147 1094 1117 1118 1095 2147 2170 2171 2148 1095 1118 1119 1096 2148 2171 2172 2149 1096 1119 1120 1097 2149 2172 2173 2150 1097 1120 1121 1098 2150 2173 2174 2151 1098 1121 1122 1099 2151 2174 2175 2152 1099 1122 1123 1100 2152 2175 2176 2153 1100 1123 1124 1101 2153 2176 2177 2154 1101 1124 1125 1102 2154 2177 2178 2155 1102 1125 1126 1103 2155 2178 2179 2156 1103 1126 1127 1104 2156 2179 2180 2157 1104 1127 1128 1105 2157 2180 2181 2158 1105 1128 1129 1106 2158 2181 2182 2159 1106 1129 1130 1107 2159 2182 2183 2160 1107 1130 1131 1108 2160 2183 2184 2161 1108 1131 1132 1109 2161 2184 2185 2162 1109 1132 1133 1110 2162 2185 2186 2163 1110 1133 131 130 2163 2186 474 473 96 97 1134 1111 416 417 2187 2164 1111 1134 1135 1112 2164 2187 2188 2165 1112 1135 1136 1113 2165 2188 2189 2166 1113 1136 1137 1114 2166 2189 2190 2167 1114 1137 1138 1115 2167 2190 2191 2168 1115 1138 1139 1116 2168 2191 2192 2169 1116 1139 1140 1117 2169 2192 2193 2170 1117 1140 1141 1118 2170 2193 2194 2171 1118 1141 1142 1119 2171 2194 2195 2172 1119 1142 1143 1120 2172 2195 2196 2173 1120 1143 1144 1121 2173 2196 2197 2174 1121 1144 1145 1122 2174 2197 2198 2175 1122 1145 1146 1123 2175 2198 2199 2176 1123 1146 1147 1124 2176 2199 2200 2177 1124 1147 1148 1125 2177 2200 2201 2178 1125 1148 1149 1126 2178 2201 2202 2179 1126 1149 1150 1127 2179 2202 2203 2180 1127 1150 1151 1128 2180 2203 2204 2181 1128 1151 1152 1129 2181 2204 2205 2182 1129 1152 1153 1130 2182 2205 2206 2183 1130 1153 1154 1131 2183 2206 2207 2184 1131 1154 1155 1132 2184 2207 2208 2185 1132 1155 1156 1133 2185 2208 2209 2186 1133 1156 132 131 2186 2209 475 474 97 98 1157 1134 417 418 2210 2187 1134 1157 1158 1135 2187 2210 2211 2188 1135 1158 1159 1136 2188 2211 2212 2189 1136 1159 1160 1137 2189 2212 2213 2190 1137 1160 1161 1138 2190 2213 2214 2191 1138 1161 1162 1139 2191 2214 2215 2192 1139 1162 1163 1140 2192 2215 2216 2193 1140 1163 1164 1141 2193 2216 2217 2194 1141 1164 1165 1142 2194 2217 2218 2195 1142 1165 1166 1143 2195 2218 2219 2196 1143 1166 1167 1144 2196 2219 2220 2197 1144 1167 1168 1145 2197 2220 2221 2198 1145 1168 1169 1146 2198 2221 2222 2199 1146 1169 1170 1147 2199 2222 2223 2200 1147 1170 1171 1148 2200 2223 2224 2201 1148 1171 1172 1149 2201 2224 2225 2202 1149 1172 1173 1150 2202 2225 2226 2203 1150 1173 1174 1151 2203 2226 2227 2204 1151 1174 1175 1152 2204 2227 2228 2205 1152 1175 1176 1153 2205 2228 2229 2206 1153 1176 1177 1154 2206 2229 2230 2207 1154 1177 1178 1155 2207 2230 2231 2208 1155 1178 1179 1156 2208 2231 2232 2209 1156 1179 133 132 2209 2232 476 475 98 99 1180 1157 418 419 2233 2210 1157 1180 1181 1158 2210 2233 2234 2211 1158 1181 1182 1159 2211 2234 2235 2212 1159 1182 1183 1160 2212 2235 2236 2213 1160 1183 1184 1161 2213 2236 2237 2214 1161 1184 1185 1162 2214 2237 2238 2215 1162 1185 1186 1163 2215 2238 2239 2216 1163 1186 1187 1164 2216 2239 2240 2217 1164 1187 1188 1165 2217 2240 2241 2218 1165 1188 1189 1166 2218 2241 2242 2219 1166 1189 1190 1167 2219 2242 2243 2220 1167 1190 1191 1168 2220 2243 2244 2221 1168 1191 1192 1169 2221 2244 2245 2222 1169 1192 1193 1170 2222 2245 2246 2223 1170 1193 1194 1171 2223 2246 2247 2224 1171 1194 1195 1172 2224 2247 2248 2225 1172 1195 1196 1173 2225 2248 2249 2226 1173 1196 1197 1174 2226 2249 2250 2227 1174 1197 1198 1175 2227 2250 2251 2228 1175 1198 1199 1176 2228 2251 2252 2229 1176 1199 1200 1177 2229 2252 2253 2230 1177 1200 1201 1178 2230 2253 2254 2231 1178 1201 1202 1179 2231 2254 2255 2232 1179 1202 134 133 2232 2255 477 476 99 100 1203 1180 419 420 2256 2233 1180 1203 1204 1181 2233 2256 2257 2234 1181 1204 1205 1182 2234 2257 2258 2235 1182 1205 1206 1183 2235 2258 2259 2236 1183 1206 1207 1184 2236 2259 2260 2237 1184 1207 1208 1185 2237 2260 2261 2238 1185 1208 1209 1186 2238 2261 2262 2239 1186 1209 1210 1187 2239 2262 2263 2240 1187 1210 1211 1188 2240 2263 2264 2241 1188 1211 1212 1189 2241 2264 2265 2242 1189 1212 1213 1190 2242 2265 2266 2243 1190 1213 1214 1191 2243 2266 2267 2244 1191 1214 1215 1192 2244 2267 2268 2245 1192 1215 1216 1193 2245 2268 2269 2246 1193 1216 1217 1194 2246 2269 2270 2247 1194 1217 1218 1195 2247 2270 2271 2248 1195 1218 1219 1196 2248 2271 2272 2249 1196 1219 1220 1197 2249 2272 2273 2250 1197 1220 1221 1198 2250 2273 2274 2251 1198 1221 1222 1199 2251 2274 2275 2252 1199 1222 1223 1200 2252 2275 2276 2253 1200 1223 1224 1201 2253 2276 2277 2254 1201 1224 1225 1202 2254 2277 2278 2255 1202 1225 135 134 2255 2278 478 477 100 101 1226 1203 420 421 2279 2256 1203 1226 1227 1204 2256 2279 2280 2257 1204 1227 1228 1205 2257 2280 2281 2258 1205 1228 1229 1206 2258 2281 2282 2259 1206 1229 1230 1207 2259 2282 2283 2260 1207 1230 1231 1208 2260 2283 2284 2261 1208 1231 1232 1209 2261 2284 2285 2262 1209 1232 1233 1210 2262 2285 2286 2263 1210 1233 1234 1211 2263 2286 2287 2264 1211 1234 1235 1212 2264 2287 2288 2265 1212 1235 1236 1213 2265 2288 2289 2266 1213 1236 1237 1214 2266 2289 2290 2267 1214 1237 1238 1215 2267 2290 2291 2268 1215 1238 1239 1216 2268 2291 2292 2269 1216 1239 1240 1217 2269 2292 2293 2270 1217 1240 1241 1218 2270 2293 2294 2271 1218 1241 1242 1219 2271 2294 2295 2272 1219 1242 1243 1220 2272 2295 2296 2273 1220 1243 1244 1221 2273 2296 2297 2274 1221 1244 1245 1222 2274 2297 2298 2275 1222 1245 1246 1223 2275 2298 2299 2276 1223 1246 1247 1224 2276 2299 2300 2277 1224 1247 1248 1225 2277 2300 2301 2278 1225 1248 136 135 2278 2301 479 478 101 102 1249 1226 421 422 2302 2279 1226 1249 1250 1227 2279 2302 2303 2280 1227 1250 1251 1228 2280 2303 2304 2281 1228 1251 1252 1229 2281 2304 2305 2282 1229 1252 1253 1230 2282 2305 2306 2283 1230 1253 1254 1231 2283 2306 2307 2284 1231 1254 1255 1232 2284 2307 2308 2285 1232 1255 1256 1233 2285 2308 2309 2286 1233 1256 1257 1234 2286 2309 2310 2287 1234 1257 1258 1235 2287 2310 2311 2288 1235 1258 1259 1236 2288 2311 2312 2289 1236 1259 1260 1237 2289 2312 2313 2290 1237 1260 1261 1238 2290 2313 2314 2291 1238 1261 1262 1239 2291 2314 2315 2292 1239 1262 1263 1240 2292 2315 2316 2293 1240 1263 1264 1241 2293 2316 2317 2294 1241 1264 1265 1242 2294 2317 2318 2295 1242 1265 1266 1243 2295 2318 2319 2296 1243 1266 1267 1244 2296 2319 2320 2297 1244 1267 1268 1245 2297 2320 2321 2298 1245 1268 1269 1246 2298 2321 2322 2299 1246 1269 1270 1247 2299 2322 2323 2300 1247 1270 1271 1248 2300 2323 2324 2301 1248 1271 137 136 2301 2324 480 479 102 103 1272 1249 422 423 2325 2302 1249 1272 1273 1250 2302 2325 2326 2303 1250 1273 1274 1251 2303 2326 2327 2304 1251 1274 1275 1252 2304 2327 2328 2305 1252 1275 1276 1253 2305 2328 2329 2306 1253 1276 1277 1254 2306 2329 2330 2307 1254 1277 1278 1255 2307 2330 2331 2308 1255 1278 1279 1256 2308 2331 2332 2309 1256 1279 1280 1257 2309 2332 2333 2310 1257 1280 1281 1258 2310 2333 2334 2311 1258 1281 1282 1259 2311 2334 2335 2312 1259 1282 1283 1260 2312 2335 2336 2313 1260 1283 1284 1261 2313 2336 2337 2314 1261 1284 1285 1262 2314 2337 2338 2315 1262 1285 1286 1263 2315 2338 2339 2316 1263 1286 1287 1264 2316 2339 2340 2317 1264 1287 1288 1265 2317 2340 2341 2318 1265 1288 1289 1266 2318 2341 2342 2319 1266 1289 1290 1267 2319 2342 2343 2320 1267 1290 1291 1268 2320 2343 2344 2321 1268 1291 1292 1269 2321 2344 2345 2322 1269 1292 1293 1270 2322 2345 2346 2323 1270 1293 1294 1271 2323 2346 2347 2324 1271 1294 138 137 2324 2347 481 480 103 104 1295 1272 423 424 2348 2325 1272 1295 1296 1273 2325 2348 2349 2326 1273 1296 1297 1274 2326 2349 2350 2327 1274 1297 1298 1275 2327 2350 2351 2328 1275 1298 1299 1276 2328 2351 2352 2329 1276 1299 1300 1277 2329 2352 2353 2330 1277 1300 1301 1278 2330 2353 2354 2331 1278 1301 1302 1279 2331 2354 2355 2332 1279 1302 1303 1280 2332 2355 2356 2333 1280 1303 1304 1281 2333 2356 2357 2334 1281 1304 1305 1282 2334 2357 2358 2335 1282 1305 1306 1283 2335 2358 2359 2336 1283 1306 1307 1284 2336 2359 2360 2337 1284 1307 1308 1285 2337 2360 2361 2338 1285 1308 1309 1286 2338 2361 2362 2339 1286 1309 1310 1287 2339 2362 2363 2340 1287 1310 1311 1288 2340 2363 2364 2341 1288 1311 1312 1289 2341 2364 2365 2342 1289 1312 1313 1290 2342 2365 2366 2343 1290 1313 1314 1291 2343 2366 2367 2344 1291 1314 1315 1292 2344 2367 2368 2345 1292 1315 1316 1293 2345 2368 2369 2346 1293 1316 1317 1294 2346 2369 2370 2347 1294 1317 139 138 2347 2370 482 481 104 105 1318 1295 424 425 2371 2348 1295 1318 1319 1296 2348 2371 2372 2349 1296 1319 1320 1297 2349 2372 2373 2350 1297 1320 1321 1298 2350 2373 2374 2351 1298 1321 1322 1299 2351 2374 2375 2352 1299 1322 1323 1300 2352 2375 2376 2353 1300 1323 1324 1301 2353 2376 2377 2354 1301 1324 1325 1302 2354 2377 2378 2355 1302 1325 1326 1303 2355 2378 2379 2356 1303 1326 1327 1304 2356 2379 2380 2357 1304 1327 1328 1305 2357 2380 2381 2358 1305 1328 1329 1306 2358 2381 2382 2359 1306 1329 1330 1307 2359 2382 2383 2360 1307 1330 1331 1308 2360 2383 2384 2361 1308 1331 1332 1309 2361 2384 2385 2362 1309 1332 1333 1310 2362 2385 2386 2363 1310 1333 1334 1311 2363 2386 2387 2364 1311 1334 1335 1312 2364 2387 2388 2365 1312 1335 1336 1313 2365 2388 2389 2366 1313 1336 1337 1314 2366 2389 2390 2367 1314 1337 1338 1315 2367 2390 2391 2368 1315 1338 1339 1316 2368 2391 2392 2369 1316 1339 1340 1317 2369 2392 2393 2370 1317 1340 140 139 2370 2393 483 482 105 106 1341 1318 425 426 2394 2371 1318 1341 1342 1319 2371 2394 2395 2372 1319 1342 1343 1320 2372 2395 2396 2373 1320 1343 1344 1321 2373 2396 2397 2374 1321 1344 1345 1322 2374 2397 2398 2375 1322 1345 1346 1323 2375 2398 2399 2376 1323 1346 1347 1324 2376 2399 2400 2377 1324 1347 1348 1325 2377 2400 2401 2378 1325 1348 1349 1326 2378 2401 2402 2379 1326 1349 1350 1327 2379 2402 2403 2380 1327 1350 1351 1328 2380 2403 2404 2381 1328 1351 1352 1329 2381 2404 2405 2382 1329 1352 1353 1330 2382 2405 2406 2383 1330 1353 1354 1331 2383 2406 2407 2384 1331 1354 1355 1332 2384 2407 2408 2385 1332 1355 1356 1333 2385 2408 2409 2386 1333 1356 1357 1334 2386 2409 2410 2387 1334 1357 1358 1335 2387 2410 2411 2388 1335 1358 1359 1336 2388 2411 2412 2389 1336 1359 1360 1337 2389 2412 2413 2390 1337 1360 1361 1338 2390 2413 2414 2391 1338 1361 1362 1339 2391 2414 2415 2392 1339 1362 1363 1340 2392 2415 2416 2393 1340 1363 141 140 2393 2416 484 483 106 107 1364 1341 426 427 2417 2394 1341 1364 1365 1342 2394 2417 2418 2395 1342 1365 1366 1343 2395 2418 2419 2396 1343 1366 1367 1344 2396 2419 2420 2397 1344 1367 1368 1345 2397 2420 2421 2398 1345 1368 1369 1346 2398 2421 2422 2399 1346 1369 1370 1347 2399 2422 2423 2400 1347 1370 1371 1348 2400 2423 2424 2401 1348 1371 1372 1349 2401 2424 2425 2402 1349 1372 1373 1350 2402 2425 2426 2403 1350 1373 1374 1351 2403 2426 2427 2404 1351 1374 1375 1352 2404 2427 2428 2405 1352 1375 1376 1353 2405 2428 2429 2406 1353 1376 1377 1354 2406 2429 2430 2407 1354 1377 1378 1355 2407 2430 2431 2408 1355 1378 1379 1356 2408 2431 2432 2409 1356 1379 1380 1357 2409 2432 2433 2410 1357 1380 1381 1358 2410 2433 2434 2411 1358 1381 1382 1359 2411 2434 2435 2412 1359 1382 1383 1360 2412 2435 2436 2413 1360 1383 1384 1361 2413 2436 2437 2414 1361 1384 1385 1362 2414 2437 2438 2415 1362 1385 1386 1363 2415 2438 2439 2416 1363 1386 142 141 2416 2439 485 484 107 108 1387 1364 427 428 2440 2417 1364 1387 1388 1365 2417 2440 2441 2418 1365 1388 1389 1366 2418 2441 2442 2419 1366 1389 1390 1367 2419 2442 2443 2420 1367 1390 1391 1368 2420 2443 2444 2421 1368 1391 1392 1369 2421 2444 2445 2422 1369 1392 1393 1370 2422 2445 2446 2423 1370 1393 1394 1371 2423 2446 2447 2424 1371 1394 1395 1372 2424 2447 2448 2425 1372 1395 1396 1373 2425 2448 2449 2426 1373 1396 1397 1374 2426 2449 2450 2427 1374 1397 1398 1375 2427 2450 2451 2428 1375 1398 1399 1376 2428 2451 2452 2429 1376 1399 1400 1377 2429 2452 2453 2430 1377 1400 1401 1378 2430 2453 2454 2431 1378 1401 1402 1379 2431 2454 2455 2432 1379 1402 1403 1380 2432 2455 2456 2433 1380 1403 1404 1381 2433 2456 2457 2434 1381 1404 1405 1382 2434 2457 2458 2435 1382 1405 1406 1383 2435 2458 2459 2436 1383 1406 1407 1384 2436 2459 2460 2437 1384 1407 1408 1385 2437 2460 2461 2438 1385 1408 1409 1386 2438 2461 2462 2439 1386 1409 143 142 2439 2462 486 485 108 109 1410 1387 428 429 2463 2440 1387 1410 1411 1388 2440 2463 2464 2441 1388 1411 1412 1389 2441 2464 2465 2442 1389 1412 1413 1390 2442 2465 2466 2443 1390 1413 1414 1391 2443 2466 2467 2444 1391 1414 1415 1392 2444 2467 2468 2445 1392 1415 1416 1393 2445 2468 2469 2446 1393 1416 1417 1394 2446 2469 2470 2447 1394 1417 1418 1395 2447 2470 2471 2448 1395 1418 1419 1396 2448 2471 2472 2449 1396 1419 1420 1397 2449 2472 2473 2450 1397 1420 1421 1398 2450 2473 2474 2451 1398 1421 1422 1399 2451 2474 2475 2452 1399 1422 1423 1400 2452 2475 2476 2453 1400 1423 1424 1401 2453 2476 2477 2454 1401 1424 1425 1402 2454 2477 2478 2455 1402 1425 1426 1403 2455 2478 2479 2456 1403 1426 1427 1404 2456 2479 2480 2457 1404 1427 1428 1405 2457 2480 2481 2458 1405 1428 1429 1406 2458 2481 2482 2459 1406 1429 1430 1407 2459 2482 2483 2460 1407 1430 1431 1408 2460 2483 2484 2461 1408 1431 1432 1409 2461 2484 2485 2462 1409 1432 144 143 2462 2485 487 486 109 110 1433 1410 429 430 2486 2463 1410 1433 1434 1411 2463 2486 2487 2464 1411 1434 1435 1412 2464 2487 2488 2465 1412 1435 1436 1413 2465 2488 2489 2466 1413 1436 1437 1414 2466 2489 2490 2467 1414 1437 1438 1415 2467 2490 2491 2468 1415 1438 1439 1416 2468 2491 2492 2469 1416 1439 1440 1417 2469 2492 2493 2470 1417 1440 1441 1418 2470 2493 2494 2471 1418 1441 1442 1419 2471 2494 2495 2472 1419 1442 1443 1420 2472 2495 2496 2473 1420 1443 1444 1421 2473 2496 2497 2474 1421 1444 1445 1422 2474 2497 2498 2475 1422 1445 1446 1423 2475 2498 2499 2476 1423 1446 1447 1424 2476 2499 2500 2477 1424 1447 1448 1425 2477 2500 2501 2478 1425 1448 1449 1426 2478 2501 2502 2479 1426 1449 1450 1427 2479 2502 2503 2480 1427 1450 1451 1428 2480 2503 2504 2481 1428 1451 1452 1429 2481 2504 2505 2482 1429 1452 1453 1430 2482 2505 2506 2483 1430 1453 1454 1431 2483 2506 2507 2484 1431 1454 1455 1432 2484 2507 2508 2485 1432 1455 145 144 2485 2508 488 487 110 111 1456 1433 430 431 2509 2486 1433 1456 1457 1434 2486 2509 2510 2487 1434 1457 1458 1435 2487 2510 2511 2488 1435 1458 1459 1436 2488 2511 2512 2489 1436 1459 1460 1437 2489 2512 2513 2490 1437 1460 1461 1438 2490 2513 2514 2491 1438 1461 1462 1439 2491 2514 2515 2492 1439 1462 1463 1440 2492 2515 2516 2493 1440 1463 1464 1441 2493 2516 2517 2494 1441 1464 1465 1442 2494 2517 2518 2495 1442 1465 1466 1443 2495 2518 2519 2496 1443 1466 1467 1444 2496 2519 2520 2497 1444 1467 1468 1445 2497 2520 2521 2498 1445 1468 1469 1446 2498 2521 2522 2499 1446 1469 1470 1447 2499 2522 2523 2500 1447 1470 1471 1448 2500 2523 2524 2501 1448 1471 1472 1449 2501 2524 2525 2502 1449 1472 1473 1450 2502 2525 2526 2503 1450 1473 1474 1451 2503 2526 2527 2504 1451 1474 1475 1452 2504 2527 2528 2505 1452 1475 1476 1453 2505 2528 2529 2506 1453 1476 1477 1454 2506 2529 2530 2507 1454 1477 1478 1455 2507 2530 2531 2508 1455 1478 146 145 2508 2531 489 488 111 112 1479 1456 431 432 2532 2509 1456 1479 1480 1457 2509 2532 2533 2510 1457 1480 1481 1458 2510 2533 2534 2511 1458 1481 1482 1459 2511 2534 2535 2512 1459 1482 1483 1460 2512 2535 2536 2513 1460 1483 1484 1461 2513 2536 2537 2514 1461 1484 1485 1462 2514 2537 2538 2515 1462 1485 1486 1463 2515 2538 2539 2516 1463 1486 1487 1464 2516 2539 2540 2517 1464 1487 1488 1465 2517 2540 2541 2518 1465 1488 1489 1466 2518 2541 2542 2519 1466 1489 1490 1467 2519 2542 2543 2520 1467 1490 1491 1468 2520 2543 2544 2521 1468 1491 1492 1469 2521 2544 2545 2522 1469 1492 1493 1470 2522 2545 2546 2523 1470 1493 1494 1471 2523 2546 2547 2524 1471 1494 1495 1472 2524 2547 2548 2525 1472 1495 1496 1473 2525 2548 2549 2526 1473 1496 1497 1474 2526 2549 2550 2527 1474 1497 1498 1475 2527 2550 2551 2528 1475 1498 1499 1476 2528 2551 2552 2529 1476 1499 1500 1477 2529 2552 2553 2530 1477 1500 1501 1478 2530 2553 2554 2531 1478 1501 147 146 2531 2554 490 489 112 113 1502 1479 432 433 2555 2532 1479 1502 1503 1480 2532 2555 2556 2533 1480 1503 1504 1481 2533 2556 2557 2534 1481 1504 1505 1482 2534 2557 2558 2535 1482 1505 1506 1483 2535 2558 2559 2536 1483 1506 1507 1484 2536 2559 2560 2537 1484 1507 1508 1485 2537 2560 2561 2538 1485 1508 1509 1486 2538 2561 2562 2539 1486 1509 1510 1487 2539 2562 2563 2540 1487 1510 1511 1488 2540 2563 2564 2541 1488 1511 1512 1489 2541 2564 2565 2542 1489 1512 1513 1490 2542 2565 2566 2543 1490 1513 1514 1491 2543 2566 2567 2544 1491 1514 1515 1492 2544 2567 2568 2545 1492 1515 1516 1493 2545 2568 2569 2546 1493 1516 1517 1494 2546 2569 2570 2547 1494 1517 1518 1495 2547 2570 2571 2548 1495 1518 1519 1496 2548 2571 2572 2549 1496 1519 1520 1497 2549 2572 2573 2550 1497 1520 1521 1498 2550 2573 2574 2551 1498 1521 1522 1499 2551 2574 2575 2552 1499 1522 1523 1500 2552 2575 2576 2553 1500 1523 1524 1501 2553 2576 2577 2554 1501 1524 148 147 2554 2577 491 490 113 114 1525 1502 433 434 2578 2555 1502 1525 1526 1503 2555 2578 2579 2556 1503 1526 1527 1504 2556 2579 2580 2557 1504 1527 1528 1505 2557 2580 2581 2558 1505 1528 1529 1506 2558 2581 2582 2559 1506 1529 1530 1507 2559 2582 2583 2560 1507 1530 1531 1508 2560 2583 2584 2561 1508 1531 1532 1509 2561 2584 2585 2562 1509 1532 1533 1510 2562 2585 2586 2563 1510 1533 1534 1511 2563 2586 2587 2564 1511 1534 1535 1512 2564 2587 2588 2565 1512 1535 1536 1513 2565 2588 2589 2566 1513 1536 1537 1514 2566 2589 2590 2567 1514 1537 1538 1515 2567 2590 2591 2568 1515 1538 1539 1516 2568 2591 2592 2569 1516 1539 1540 1517 2569 2592 2593 2570 1517 1540 1541 1518 2570 2593 2594 2571 1518 1541 1542 1519 2571 2594 2595 2572 1519 1542 1543 1520 2572 2595 2596 2573 1520 1543 1544 1521 2573 2596 2597 2574 1521 1544 1545 1522 2574 2597 2598 2575 1522 1545 1546 1523 2575 2598 2599 2576 1523 1546 1547 1524 2576 2599 2600 2577 1524 1547 149 148 2577 2600 492 491 114 115 1548 1525 434 435 2601 2578 1525 1548 1549 1526 2578 2601 2602 2579 1526 1549 1550 1527 2579 2602 2603 2580 1527 1550 1551 1528 2580 2603 2604 2581 1528 1551 1552 1529 2581 2604 2605 2582 1529 1552 1553 1530 2582 2605 2606 2583 1530 1553 1554 1531 2583 2606 2607 2584 1531 1554 1555 1532 2584 2607 2608 2585 1532 1555 1556 1533 2585 2608 2609 2586 1533 1556 1557 1534 2586 2609 2610 2587 1534 1557 1558 1535 2587 2610 2611 2588 1535 1558 1559 1536 2588 2611 2612 2589 1536 1559 1560 1537 2589 2612 2613 2590 1537 1560 1561 1538 2590 2613 2614 2591 1538 1561 1562 1539 2591 2614 2615 2592 1539 1562 1563 1540 2592 2615 2616 2593 1540 1563 1564 1541 2593 2616 2617 2594 1541 1564 1565 1542 2594 2617 2618 2595 1542 1565 1566 1543 2595 2618 2619 2596 1543 1566 1567 1544 2596 2619 2620 2597 1544 1567 1568 1545 2597 2620 2621 2598 1545 1568 1569 1546 2598 2621 2622 2599 1546 1569 1570 1547 2599 2622 2623 2600 1547 1570 150 149 2600 2623 493 492 115 116 1571 1548 435 436 2624 2601 1548 1571 1572 1549 2601 2624 2625 2602 1549 1572 1573 1550 2602 2625 2626 2603 1550 1573 1574 1551 2603 2626 2627 2604 1551 1574 1575 1552 2604 2627 2628 2605 1552 1575 1576 1553 2605 2628 2629 2606 1553 1576 1577 1554 2606 2629 2630 2607 1554 1577 1578 1555 2607 2630 2631 2608 1555 1578 1579 1556 2608 2631 2632 2609 1556 1579 1580 1557 2609 2632 2633 2610 1557 1580 1581 1558 2610 2633 2634 2611 1558 1581 1582 1559 2611 2634 2635 2612 1559 1582 1583 1560 2612 2635 2636 2613 1560 1583 1584 1561 2613 2636 2637 2614 1561 1584 1585 1562 2614 2637 2638 2615 1562 1585 1586 1563 2615 2638 2639 2616 1563 1586 1587 1564 2616 2639 2640 2617 1564 1587 1588 1565 2617 2640 2641 2618 1565 1588 1589 1566 2618 2641 2642 2619 1566 1589 1590 1567 2619 2642 2643 2620 1567 1590 1591 1568 2620 2643 2644 2621 1568 1591 1592 1569 2621 2644 2645 2622 1569 1592 1593 1570 2622 2645 2646 2623 1570 1593 151 150 2623 2646 494 493 116 117 1594 1571 436 437 2647 2624 1571 1594 1595 1572 2624 2647 2648 2625 1572 1595 1596 1573 2625 2648 2649 2626 1573 1596 1597 1574 2626 2649 2650 2627 1574 1597 1598 1575 2627 2650 2651 2628 1575 1598 1599 1576 2628 2651 2652 2629 1576 1599 1600 1577 2629 2652 2653 2630 1577 1600 1601 1578 2630 2653 2654 2631 1578 1601 1602 1579 2631 2654 2655 2632 1579 1602 1603 1580 2632 2655 2656 2633 1580 1603 1604 1581 2633 2656 2657 2634 1581 1604 1605 1582 2634 2657 2658 2635 1582 1605 1606 1583 2635 2658 2659 2636 1583 1606 1607 1584 2636 2659 2660 2637 1584 1607 1608 1585 2637 2660 2661 2638 1585 1608 1609 1586 2638 2661 2662 2639 1586 1609 1610 1587 2639 2662 2663 2640 1587 1610 1611 1588 2640 2663 2664 2641 1588 1611 1612 1589 2641 2664 2665 2642 1589 1612 1613 1590 2642 2665 2666 2643 1590 1613 1614 1591 2643 2666 2667 2644 1591 1614 1615 1592 2644 2667 2668 2645 1592 1615 1616 1593 2645 2668 2669 2646 1593 1616 152 151 2646 2669 495 494 117 118 1617 1594 437 438 2670 2647 1594 1617 1618 1595 2647 2670 2671 2648 1595 1618 1619 1596 2648 2671 2672 2649 1596 1619 1620 1597 2649 2672 2673 2650 1597 1620 1621 1598 2650 2673 2674 2651 1598 1621 1622 1599 2651 2674 2675 2652 1599 1622 1623 1600 2652 2675 2676 2653 1600 1623 1624 1601 2653 2676 2677 2654 1601 1624 1625 1602 2654 2677 2678 2655 1602 1625 1626 1603 2655 2678 2679 2656 1603 1626 1627 1604 2656 2679 2680 2657 1604 1627 1628 1605 2657 2680 2681 2658 1605 1628 1629 1606 2658 2681 2682 2659 1606 1629 1630 1607 2659 2682 2683 2660 1607 1630 1631 1608 2660 2683 2684 2661 1608 1631 1632 1609 2661 2684 2685 2662 1609 1632 1633 1610 2662 2685 2686 2663 1610 1633 1634 1611 2663 2686 2687 2664 1611 1634 1635 1612 2664 2687 2688 2665 1612 1635 1636 1613 2665 2688 2689 2666 1613 1636 1637 1614 2666 2689 2690 2667 1614 1637 1638 1615 2667 2690 2691 2668 1615 1638 1639 1616 2668 2691 2692 2669 1616 1639 153 152 2669 2692 496 495 118 119 1640 1617 438 439 2693 2670 1617 1640 1641 1618 2670 2693 2694 2671 1618 1641 1642 1619 2671 2694 2695 2672 1619 1642 1643 1620 2672 2695 2696 2673 1620 1643 1644 1621 2673 2696 2697 2674 1621 1644 1645 1622 2674 2697 2698 2675 1622 1645 1646 1623 2675 2698 2699 2676 1623 1646 1647 1624 2676 2699 2700 2677 1624 1647 1648 1625 2677 2700 2701 2678 1625 1648 1649 1626 2678 2701 2702 2679 1626 1649 1650 1627 2679 2702 2703 2680 1627 1650 1651 1628 2680 2703 2704 2681 1628 1651 1652 1629 2681 2704 2705 2682 1629 1652 1653 1630 2682 2705 2706 2683 1630 1653 1654 1631 2683 2706 2707 2684 1631 1654 1655 1632 2684 2707 2708 2685 1632 1655 1656 1633 2685 2708 2709 2686 1633 1656 1657 1634 2686 2709 2710 2687 1634 1657 1658 1635 2687 2710 2711 2688 1635 1658 1659 1636 2688 2711 2712 2689 1636 1659 1660 1637 2689 2712 2713 2690 1637 1660 1661 1638 2690 2713 2714 2691 1638 1661 1662 1639 2691 2714 2715 2692 1639 1662 154 153 2692 2715 497 496 119 120 1663 1640 439 440 2716 2693 1640 1663 1664 1641 2693 2716 2717 2694 1641 1664 1665 1642 2694 2717 2718 2695 1642 1665 1666 1643 2695 2718 2719 2696 1643 1666 1667 1644 2696 2719 2720 2697 1644 1667 1668 1645 2697 2720 2721 2698 1645 1668 1669 1646 2698 2721 2722 2699 1646 1669 1670 1647 2699 2722 2723 2700 1647 1670 1671 1648 2700 2723 2724 2701 1648 1671 1672 1649 2701 2724 2725 2702 1649 1672 1673 1650 2702 2725 2726 2703 1650 1673 1674 1651 2703 2726 2727 2704 1651 1674 1675 1652 2704 2727 2728 2705 1652 1675 1676 1653 2705 2728 2729 2706 1653 1676 1677 1654 2706 2729 2730 2707 1654 1677 1678 1655 2707 2730 2731 2708 1655 1678 1679 1656 2708 2731 2732 2709 1656 1679 1680 1657 2709 2732 2733 2710 1657 1680 1681 1658 2710 2733 2734 2711 1658 1681 1682 1659 2711 2734 2735 2712 1659 1682 1683 1660 2712 2735 2736 2713 1660 1683 1684 1661 2713 2736 2737 2714 1661 1684 1685 1662 2714 2737 2738 2715 1662 1685 155 154 2715 2738 498 497 120 121 1686 1663 440 441 2739 2716 1663 1686 1687 1664 2716 2739 2740 2717 1664 1687 1688 1665 2717 2740 2741 2718 1665 1688 1689 1666 2718 2741 2742 2719 1666 1689 1690 1667 2719 2742 2743 2720 1667 1690 1691 1668 2720 2743 2744 2721 1668 1691 1692 1669 2721 2744 2745 2722 1669 1692 1693 1670 2722 2745 2746 2723 1670 1693 1694 1671 2723 2746 2747 2724 1671 1694 1695 1672 2724 2747 2748 2725 1672 1695 1696 1673 2725 2748 2749 2726 1673 1696 1697 1674 2726 2749 2750 2727 1674 1697 1698 1675 2727 2750 2751 2728 1675 1698 1699 1676 2728 2751 2752 2729 1676 1699 1700 1677 2729 2752 2753 2730 1677 1700 1701 1678 2730 2753 2754 2731 1678 1701 1702 1679 2731 2754 2755 2732 1679 1702 1703 1680 2732 2755 2756 2733 1680 1703 1704 1681 2733 2756 2757 2734 1681 1704 1705 1682 2734 2757 2758 2735 1682 1705 1706 1683 2735 2758 2759 2736 1683 1706 1707 1684 2736 2759 2760 2737 1684 1707 1708 1685 2737 2760 2761 2738 1685 1708 156 155 2738 2761 499 498 121 122 1709 1686 441 442 2762 2739 1686 1709 1710 1687 2739 2762 2763 2740 1687 1710 1711 1688 2740 2763 2764 2741 1688 1711 1712 1689 2741 2764 2765 2742 1689 1712 1713 1690 2742 2765 2766 2743 1690 1713 1714 1691 2743 2766 2767 2744 1691 1714 1715 1692 2744 2767 2768 2745 1692 1715 1716 1693 2745 2768 2769 2746 1693 1716 1717 1694 2746 2769 2770 2747 1694 1717 1718 1695 2747 2770 2771 2748 1695 1718 1719 1696 2748 2771 2772 2749 1696 1719 1720 1697 2749 2772 2773 2750 1697 1720 1721 1698 2750 2773 2774 2751 1698 1721 1722 1699 2751 2774 2775 2752 1699 1722 1723 1700 2752 2775 2776 2753 1700 1723 1724 1701 2753 2776 2777 2754 1701 1724 1725 1702 2754 2777 2778 2755 1702 1725 1726 1703 2755 2778 2779 2756 1703 1726 1727 1704 2756 2779 2780 2757 1704 1727 1728 1705 2757 2780 2781 2758 1705 1728 1729 1706 2758 2781 2782 2759 1706 1729 1730 1707 2759 2782 2783 2760 1707 1730 1731 1708 2760 2783 2784 2761 1708 1731 157 156 2761 2784 500 499 122 123 1732 1709 442 443 2785 2762 1709 1732 1733 1710 2762 2785 2786 2763 1710 1733 1734 1711 2763 2786 2787 2764 1711 1734 1735 1712 2764 2787 2788 2765 1712 1735 1736 1713 2765 2788 2789 2766 1713 1736 1737 1714 2766 2789 2790 2767 1714 1737 1738 1715 2767 2790 2791 2768 1715 1738 1739 1716 2768 2791 2792 2769 1716 1739 1740 1717 2769 2792 2793 2770 1717 1740 1741 1718 2770 2793 2794 2771 1718 1741 1742 1719 2771 2794 2795 2772 1719 1742 1743 1720 2772 2795 2796 2773 1720 1743 1744 1721 2773 2796 2797 2774 1721 1744 1745 1722 2774 2797 2798 2775 1722 1745 1746 1723 2775 2798 2799 2776 1723 1746 1747 1724 2776 2799 2800 2777 1724 1747 1748 1725 2777 2800 2801 2778 1725 1748 1749 1726 2778 2801 2802 2779 1726 1749 1750 1727 2779 2802 2803 2780 1727 1750 1751 1728 2780 2803 2804 2781 1728 1751 1752 1729 2781 2804 2805 2782 1729 1752 1753 1730 2782 2805 2806 2783 1730 1753 1754 1731 2783 2806 2807 2784 1731 1754 158 157 2784 2807 501 500 123 124 1755 1732 443 444 2808 2785 1732 1755 1756 1733 2785 2808 2809 2786 1733 1756 1757 1734 2786 2809 2810 2787 1734 1757 1758 1735 2787 2810 2811 2788 1735 1758 1759 1736 2788 2811 2812 2789 1736 1759 1760 1737 2789 2812 2813 2790 1737 1760 1761 1738 2790 2813 2814 2791 1738 1761 1762 1739 2791 2814 2815 2792 1739 1762 1763 1740 2792 2815 2816 2793 1740 1763 1764 1741 2793 2816 2817 2794 1741 1764 1765 1742 2794 2817 2818 2795 1742 1765 1766 1743 2795 2818 2819 2796 1743 1766 1767 1744 2796 2819 2820 2797 1744 1767 1768 1745 2797 2820 2821 2798 1745 1768 1769 1746 2798 2821 2822 2799 1746 1769 1770 1747 2799 2822 2823 2800 1747 1770 1771 1748 2800 2823 2824 2801 1748 1771 1772 1749 2801 2824 2825 2802 1749 1772 1773 1750 2802 2825 2826 2803 1750 1773 1774 1751 2803 2826 2827 2804 1751 1774 1775 1752 2804 2827 2828 2805 1752 1775 1776 1753 2805 2828 2829 2806 1753 1776 1777 1754 2806 2829 2830 2807 1754 1777 159 158 2807 2830 502 501 124 125 1778 1755 444 445 2831 2808 1755 1778 1779 1756 2808 2831 2832 2809 1756 1779 1780 1757 2809 2832 2833 2810 1757 1780 1781 1758 2810 2833 2834 2811 1758 1781 1782 1759 2811 2834 2835 2812 1759 1782 1783 1760 2812 2835 2836 2813 1760 1783 1784 1761 2813 2836 2837 2814 1761 1784 1785 1762 2814 2837 2838 2815 1762 1785 1786 1763 2815 2838 2839 2816 1763 1786 1787 1764 2816 2839 2840 2817 1764 1787 1788 1765 2817 2840 2841 2818 1765 1788 1789 1766 2818 2841 2842 2819 1766 1789 1790 1767 2819 2842 2843 2820 1767 1790 1791 1768 2820 2843 2844 2821 1768 1791 1792 1769 2821 2844 2845 2822 1769 1792 1793 1770 2822 2845 2846 2823 1770 1793 1794 1771 2823 2846 2847 2824 1771 1794 1795 1772 2824 2847 2848 2825 1772 1795 1796 1773 2825 2848 2849 2826 1773 1796 1797 1774 2826 2849 2850 2827 1774 1797 1798 1775 2827 2850 2851 2828 1775 1798 1799 1776 2828 2851 2852 2829 1776 1799 1800 1777 2829 2852 2853 2830 1777 1800 160 159 2830 2853 503 502 125 9 260 1778 445 25 446 2831 1778 260 261 1779 2831 446 447 2832 1779 261 262 1780 2832 447 448 2833 1780 262 263 1781 2833 448 449 2834 1781 263 264 1782 2834 449 450 2835 1782 264 265 1783 2835 450 451 2836 1783 265 266 1784 2836 451 452 2837 1784 266 267 1785 2837 452 453 2838 1785 267 268 1786 2838 453 454 2839 1786 268 269 1787 2839 454 455 2840 1787 269 270 1788 2840 455 456 2841 1788 270 271 1789 2841 456 457 2842 1789 271 272 1790 2842 457 458 2843 1790 272 273 1791 2843 458 459 2844 1791 273 274 1792 2844 459 460 2845 1792 274 275 1793 2845 460 461 2846 1793 275 276 1794 2846 461 462 2847 1794 276 277 1795 2847 462 463 2848 1795 277 278 1796 2848 463 464 2849 1796 278 279 1797 2849 464 465 2850 1797 279 280 1798 2850 465 466 2851 1798 280 281 1799 2851 466 467 2852 1799 281 282 1800 2852 467 468 2853 1800 282 10 160 2853 468 26 503 6 126 1801 256 20 469 2854 368 256 1801 1802 257 368 2854 2855 369 257 1802 161 7 369 2855 506 22 126 127 1803 1801 469 470 2856 2854 1801 1803 1804 1802 2854 2856 2857 2855 1802 1804 162 161 2855 2857 507 506 127 128 1805 1803 470 471 2858 2856 1803 1805 1806 1804 2856 2858 2859 2857 1804 1806 163 162 2857 2859 508 507 128 129 1807 1805 471 472 2860 2858 1805 1807 1808 1806 2858 2860 2861 2859 1806 1808 164 163 2859 2861 509 508 129 130 1809 1807 472 473 2862 2860 1807 1809 1810 1808 2860 2862 2863 2861 1808 1810 165 164 2861 2863 510 509 130 131 1811 1809 473 474 2864 2862 1809 1811 1812 1810 2862 2864 2865 2863 1810 1812 166 165 2863 2865 511 510 131 132 1813 1811 474 475 2866 2864 1811 1813 1814 1812 2864 2866 2867 2865 1812 1814 167 166 2865 2867 512 511 132 133 1815 1813 475 476 2868 2866 1813 1815 1816 1814 2866 2868 2869 2867 1814 1816 168 167 2867 2869 513 512 133 134 1817 1815 476 477 2870 2868 1815 1817 1818 1816 2868 2870 2871 2869 1816 1818 169 168 2869 2871 514 513 134 135 1819 1817 477 478 2872 2870 1817 1819 1820 1818 2870 2872 2873 2871 1818 1820 170 169 2871 2873 515 514 135 136 1821 1819 478 479 2874 2872 1819 1821 1822 1820 2872 2874 2875 2873 1820 1822 171 170 2873 2875 516 515 136 137 1823 1821 479 480 2876 2874 1821 1823 1824 1822 2874 2876 2877 2875 1822 1824 172 171 2875 2877 517 516 137 138 1825 1823 480 481 2878 2876 1823 1825 1826 1824 2876 2878 2879 2877 1824 1826 173 172 2877 2879 518 517 138 139 1827 1825 481 482 2880 2878 1825 1827 1828 1826 2878 2880 2881 2879 1826 1828 174 173 2879 2881 519 518 139 140 1829 1827 482 483 2882 2880 1827 1829 1830 1828 2880 2882 2883 2881 1828 1830 175 174 2881 2883 520 519 140 141 1831 1829 483 484 2884 2882 1829 1831 1832 1830 2882 2884 2885 2883 1830 1832 176 175 2883 2885 521 520 141 142 1833 1831 484 485 2886 2884 1831 1833 1834 1832 2884 2886 2887 2885 1832 1834 177 176 2885 2887 522 521 142 143 1835 1833 485 486 2888 2886 1833 1835 1836 1834 2886 2888 2889 2887 1834 1836 178 177 2887 2889 523 522 143 144 1837 1835 486 487 2890 2888 1835 1837 1838 1836 2888 2890 2891 2889 1836 1838 179 178 2889 2891 524 523 144 145 1839 1837 487 488 2892 2890 1837 1839 1840 1838 2890 2892 2893 2891 1838 1840 180 179 2891 2893 525 524 145 146 1841 1839 488 489 2894 2892 1839 1841 1842 1840 2892 2894 2895 2893 1840 1842 181 180 2893 2895 526 525 146 147 1843 1841 489 490 2896 2894 1841 1843 1844 1842 2894 2896 2897 2895 1842 1844 182 181 2895 2897 527 526 147 148 1845 1843 490 491 2898 2896 1843 1845 1846 1844 2896 2898 2899 2897 1844 1846 183 182 2897 2899 528 527 148 149 1847 1845 491 492 2900 2898 1845 1847 1848 1846 2898 2900 2901 2899 1846 1848 184 183 2899 2901 529 528 149 150 1849 1847 492 493 2902 2900 1847 1849 1850 1848 2900 2902 2903 2901 1848 1850 185 184 2901 2903 530 529 150 151 1851 1849 493 494 2904 2902 1849 1851 1852 1850 2902 2904 2905 2903 1850 1852 186 185 2903 2905 531 530 151 152 1853 1851 494 495 2906 2904 1851 1853 1854 1852 2904 2906 2907 2905 1852 1854 187 186 2905 2907 532 531 152 153 1855 1853 495 496 2908 2906 1853 1855 1856 1854 2906 2908 2909 2907 1854 1856 188 187 2907 2909 533 532 153 154 1857 1855 496 497 2910 2908 1855 1857 1858 1856 2908 2910 2911 2909 1856 1858 189 188 2909 2911 534 533 154 155 1859 1857 497 498 2912 2910 1857 1859 1860 1858 2910 2912 2913 2911 1858 1860 190 189 2911 2913 535 534 155 156 1861 1859 498 499 2914 2912 1859 1861 1862 1860 2912 2914 2915 2913 1860 1862 191 190 2913 2915 536 535 156 157 1863 1861 499 500 2916 2914 1861 1863 1864 1862 2914 2916 2917 2915 1862 1864 192 191 2915 2917 537 536 157 158 1865 1863 500 501 2918 2916 1863 1865 1866 1864 2916 2918 2919 2917 1864 1866 193 192 2917 2919 538 537 158 159 1867 1865 501 502 2920 2918 1865 1867 1868 1866 2918 2920 2921 2919 1866 1868 194 193 2919 2921 539 538 159 160 1869 1867 502 503 2922 2920 1867 1869 1870 1868 2920 2922 2923 2921 1868 1870 195 194 2921 2923 540 539 160 10 283 1869 503 26 504 2922 1869 283 284 1870 2922 504 505 2923 1870 284 11 195 2923 505 27 540 8 196 1871 258 24 541 2924 409 258 1871 1872 259 409 2924 2925 410 259 1872 198 9 410 2925 545 25 196 197 1873 1871 541 542 2926 2924 1871 1873 1874 1872 2924 2926 2927 2925 1872 1874 199 198 2925 2927 546 545 197 12 285 1873 542 28 543 2926 1873 285 286 1874 2926 543 544 2927 1874 286 13 199 2927 544 29 546 9 198 1875 260 25 545 2928 446 260 1875 1876 261 446 2928 2929 447 261 1876 1877 262 447 2929 2930 448 262 1877 1878 263 448 2930 2931 449 263 1878 1879 264 449 2931 2932 450 264 1879 1880 265 450 2932 2933 451 265 1880 1881 266 451 2933 2934 452 266 1881 1882 267 452 2934 2935 453 267 1882 1883 268 453 2935 2936 454 268 1883 1884 269 454 2936 2937 455 269 1884 1885 270 455 2937 2938 456 270 1885 1886 271 456 2938 2939 457 271 1886 1887 272 457 2939 2940 458 272 1887 1888 273 458 2940 2941 459 273 1888 1889 274 459 2941 2942 460 274 1889 1890 275 460 2942 2943 461 275 1890 1891 276 461 2943 2944 462 276 1891 1892 277 462 2944 2945 463 277 1892 1893 278 463 2945 2946 464 278 1893 1894 279 464 2946 2947 465 279 1894 1895 280 465 2947 2948 466 280 1895 1896 281 466 2948 2949 467 281 1896 1897 282 467 2949 2950 468 282 1897 200 10 468 2950 570 26 198 199 1898 1875 545 546 2951 2928 1875 1898 1899 1876 2928 2951 2952 2929 1876 1899 1900 1877 2929 2952 2953 2930 1877 1900 1901 1878 2930 2953 2954 2931 1878 1901 1902 1879 2931 2954 2955 2932 1879 1902 1903 1880 2932 2955 2956 2933 1880 1903 1904 1881 2933 2956 2957 2934 1881 1904 1905 1882 2934 2957 2958 2935 1882 1905 1906 1883 2935 2958 2959 2936 1883 1906 1907 1884 2936 2959 2960 2937 1884 1907 1908 1885 2937 2960 2961 2938 1885 1908 1909 1886 2938 2961 2962 2939 1886 1909 1910 1887 2939 2962 2963 2940 1887 1910 1911 1888 2940 2963 2964 2941 1888 1911 1912 1889 2941 2964 2965 2942 1889 1912 1913 1890 2942 2965 2966 2943 1890 1913 1914 1891 2943 2966 2967 2944 1891 1914 1915 1892 2944 2967 2968 2945 1892 1915 1916 1893 2945 2968 2969 2946 1893 1916 1917 1894 2946 2969 2970 2947 1894 1917 1918 1895 2947 2970 2971 2948 1895 1918 1919 1896 2948 2971 2972 2949 1896 1919 1920 1897 2949 2972 2973 2950 1897 1920 201 200 2950 2973 571 570 199 13 287 1898 546 29 547 2951 1898 287 288 1899 2951 547 548 2952 1899 288 289 1900 2952 548 549 2953 1900 289 290 1901 2953 549 550 2954 1901 290 291 1902 2954 550 551 2955 1902 291 292 1903 2955 551 552 2956 1903 292 293 1904 2956 552 553 2957 1904 293 294 1905 2957 553 554 2958 1905 294 295 1906 2958 554 555 2959 1906 295 296 1907 2959 555 556 2960 1907 296 297 1908 2960 556 557 2961 1908 297 298 1909 2961 557 558 2962 1909 298 299 1910 2962 558 559 2963 1910 299 300 1911 2963 559 560 2964 1911 300 301 1912 2964 560 561 2965 1912 301 302 1913 2965 561 562 2966 1913 302 303 1914 2966 562 563 2967 1914 303 304 1915 2967 563 564 2968 1915 304 305 1916 2968 564 565 2969 1916 305 306 1917 2969 565 566 2970 1917 306 307 1918 2970 566 567 2971 1918 307 308 1919 2971 567 568 2972 1919 308 309 1920 2972 568 569 2973 1920 309 14 201 2973 569 30 571 10 200 1921 283 26 570 2974 504 283 1921 1922 284 504 2974 2975 505 284 1922 202 11 505 2975 574 27 200 201 1923 1921 570 571 2976 2974 1921 1923 1924 1922 2974 2976 2977 2975 1922 1924 203 202 2975 2977 575 574 201 14 310 1923 571 30 572 2976 1923 310 311 1924 2976 572 573 2977 1924 311 15 203 2977 573 31 575 16 312 1925 318 576 2978 3754 2990 576 2978 3754 2990 577 2979 3755 2991 577 2979 3755 2991 32 580 2994 590 318 1925 1926 319 2990 3754 3756 2992 2990 3754 3756 2992 2991 3755 3757 2993 2991 3755 3757 2993 590 2994 2995 591 319 1926 316 19 2992 3756 2986 586 2992 3756 2986 586 2993 3757 2987 587 2993 3757 2987 587 591 2995 588 35 312 313 1927 1925 2978 2980 3758 3754 2978 2980 3758 3754 2979 2981 3759 3755 2979 2981 3759 3755 580 581 2996 2994 1925 1927 1928 1926 3754 3758 3760 3756 3754 3758 3760 3756 3755 3759 3761 3757 3755 3759 3761 3757 2994 2996 2997 2995 1926 1928 317 316 3756 3760 2988 2986 3756 3760 2988 2986 3757 3761 2989 2987 3757 3761 2989 2987 2995 2997 589 588 313 17 314 1927 2980 578 2982 3758 2980 578 2982 3758 2981 579 2983 3759 2981 579 2983 3759 581 33 584 2996 1927 314 315 1928 3758 2982 2984 3760 3758 2982 2984 3760 3759 2983 2985 3761 3759 2983 2985 3761 2996 584 585 2997 1928 315 18 317 3760 2984 582 2988 3760 2984 582 2988 3761 2985 583 2989 3761 2985 583 2989 2997 585 34 589 19 316 1929 345 586 2986 3762 3048 586 2986 3762 3048 587 2987 3763 3049 587 2987 3763 3049 35 588 3094 621 345 1929 1930 346 3048 3762 3764 3050 3048 3762 3764 3050 3049 3763 3765 3051 3049 3763 3765 3051 621 3094 3095 622 346 1930 1931 347 3050 3764 3766 3052 3050 3764 3766 3052 3051 3765 3767 3053 3051 3765 3767 3053 622 3095 3096 623 347 1931 1932 348 3052 3766 3768 3054 3052 3766 3768 3054 3053 3767 3769 3055 3053 3767 3769 3055 623 3096 3097 624 348 1932 1933 349 3054 3768 3770 3056 3054 3768 3770 3056 3055 3769 3771 3057 3055 3769 3771 3057 624 3097 3098 625 349 1933 1934 350 3056 3770 3772 3058 3056 3770 3772 3058 3057 3771 3773 3059 3057 3771 3773 3059 625 3098 3099 626 350 1934 1935 351 3058 3772 3774 3060 3058 3772 3774 3060 3059 3773 3775 3061 3059 3773 3775 3061 626 3099 3100 627 351 1935 1936 352 3060 3774 3776 3062 3060 3774 3776 3062 3061 3775 3777 3063 3061 3775 3777 3063 627 3100 3101 628 352 1936 1937 353 3062 3776 3778 3064 3062 3776 3778 3064 3063 3777 3779 3065 3063 3777 3779 3065 628 3101 3102 629 353 1937 1938 354 3064 3778 3780 3066 3064 3778 3780 3066 3065 3779 3781 3067 3065 3779 3781 3067 629 3102 3103 630 354 1938 1939 355 3066 3780 3782 3068 3066 3780 3782 3068 3067 3781 3783 3069 3067 3781 3783 3069 630 3103 3104 631 355 1939 1940 356 3068 3782 3784 3070 3068 3782 3784 3070 3069 3783 3785 3071 3069 3783 3785 3071 631 3104 3105 632 356 1940 1941 357 3070 3784 3786 3072 3070 3784 3786 3072 3071 3785 3787 3073 3071 3785 3787 3073 632 3105 3106 633 357 1941 1942 358 3072 3786 3788 3074 3072 3786 3788 3074 3073 3787 3789 3075 3073 3787 3789 3075 633 3106 3107 634 358 1942 1943 359 3074 3788 3790 3076 3074 3788 3790 3076 3075 3789 3791 3077 3075 3789 3791 3077 634 3107 3108 635 359 1943 1944 360 3076 3790 3792 3078 3076 3790 3792 3078 3077 3791 3793 3079 3077 3791 3793 3079 635 3108 3109 636 360 1944 1945 361 3078 3792 3794 3080 3078 3792 3794 3080 3079 3793 3795 3081 3079 3793 3795 3081 636 3109 3110 637 361 1945 1946 362 3080 3794 3796 3082 3080 3794 3796 3082 3081 3795 3797 3083 3081 3795 3797 3083 637 3110 3111 638 362 1946 1947 363 3082 3796 3798 3084 3082 3796 3798 3084 3083 3797 3799 3085 3083 3797 3799 3085 638 3111 3112 639 363 1947 1948 364 3084 3798 3800 3086 3084 3798 3800 3086 3085 3799 3801 3087 3085 3799 3801 3087 639 3112 3113 640 364 1948 1949 365 3086 3800 3802 3088 3086 3800 3802 3088 3087 3801 3803 3089 3087 3801 3803 3089 640 3113 3114 641 365 1949 1950 366 3088 3802 3804 3090 3088 3802 3804 3090 3089 3803 3805 3091 3089 3803 3805 3091 641 3114 3115 642 366 1950 1951 367 3090 3804 3806 3092 3090 3804 3806 3092 3091 3805 3807 3093 3091 3805 3807 3093 642 3115 3116 643 367 1951 343 21 3092 3806 3044 617 3092 3806 3044 617 3093 3807 3045 618 3093 3807 3045 618 643 3116 619 37 316 317 1952 1929 2986 2988 3808 3762 2986 2988 3808 3762 2987 2989 3809 3763 2987 2989 3809 3763 588 589 3117 3094 1929 1952 1953 1930 3762 3808 3810 3764 3762 3808 3810 3764 3763 3809 3811 3765 3763 3809 3811 3765 3094 3117 3118 3095 1930 1953 1954 1931 3764 3810 3812 3766 3764 3810 3812 3766 3765 3811 3813 3767 3765 3811 3813 3767 3095 3118 3119 3096 1931 1954 1955 1932 3766 3812 3814 3768 3766 3812 3814 3768 3767 3813 3815 3769 3767 3813 3815 3769 3096 3119 3120 3097 1932 1955 1956 1933 3768 3814 3816 3770 3768 3814 3816 3770 3769 3815 3817 3771 3769 3815 3817 3771 3097 3120 3121 3098 1933 1956 1957 1934 3770 3816 3818 3772 3770 3816 3818 3772 3771 3817 3819 3773 3771 3817 3819 3773 3098 3121 3122 3099 1934 1957 1958 1935 3772 3818 3820 3774 3772 3818 3820 3774 3773 3819 3821 3775 3773 3819 3821 3775 3099 3122 3123 3100 1935 1958 1959 1936 3774 3820 3822 3776 3774 3820 3822 3776 3775 3821 3823 3777 3775 3821 3823 3777 3100 3123 3124 3101 1936 1959 1960 1937 3776 3822 3824 3778 3776 3822 3824 3778 3777 3823 3825 3779 3777 3823 3825 3779 3101 3124 3125 3102 1937 1960 1961 1938 3778 3824 3826 3780 3778 3824 3826 3780 3779 3825 3827 3781 3779 3825 3827 3781 3102 3125 3126 3103 1938 1961 1962 1939 3780 3826 3828 3782 3780 3826 3828 3782 3781 3827 3829 3783 3781 3827 3829 3783 3103 3126 3127 3104 1939 1962 1963 1940 3782 3828 3830 3784 3782 3828 3830 3784 3783 3829 3831 3785 3783 3829 3831 3785 3104 3127 3128 3105 1940 1963 1964 1941 3784 3830 3832 3786 3784 3830 3832 3786 3785 3831 3833 3787 3785 3831 3833 3787 3105 3128 3129 3106 1941 1964 1965 1942 3786 3832 3834 3788 3786 3832 3834 3788 3787 3833 3835 3789 3787 3833 3835 3789 3106 3129 3130 3107 1942 1965 1966 1943 3788 3834 3836 3790 3788 3834 3836 3790 3789 3835 3837 3791 3789 3835 3837 3791 3107 3130 3131 3108 1943 1966 1967 1944 3790 3836 3838 3792 3790 3836 3838 3792 3791 3837 3839 3793 3791 3837 3839 3793 3108 3131 3132 3109 1944 1967 1968 1945 3792 3838 3840 3794 3792 3838 3840 3794 3793 3839 3841 3795 3793 3839 3841 3795 3109 3132 3133 3110 1945 1968 1969 1946 3794 3840 3842 3796 3794 3840 3842 3796 3795 3841 3843 3797 3795 3841 3843 3797 3110 3133 3134 3111 1946 1969 1970 1947 3796 3842 3844 3798 3796 3842 3844 3798 3797 3843 3845 3799 3797 3843 3845 3799 3111 3134 3135 3112 1947 1970 1971 1948 3798 3844 3846 3800 3798 3844 3846 3800 3799 3845 3847 3801 3799 3845 3847 3801 3112 3135 3136 3113 1948 1971 1972 1949 3800 3846 3848 3802 3800 3846 3848 3802 3801 3847 3849 3803 3801 3847 3849 3803 3113 3136 3137 3114 1949 1972 1973 1950 3802 3848 3850 3804 3802 3848 3850 3804 3803 3849 3851 3805 3803 3849 3851 3805 3114 3137 3138 3115 1950 1973 1974 1951 3804 3850 3852 3806 3804 3850 3852 3806 3805 3851 3853 3807 3805 3851 3853 3807 3115 3138 3139 3116 1951 1974 344 343 3806 3852 3046 3044 3806 3852 3046 3044 3807 3853 3047 3045 3807 3853 3047 3045 3116 3139 620 619 317 18 320 1952 2988 582 2998 3808 2988 582 2998 3808 2989 583 2999 3809 2989 583 2999 3809 589 34 594 3117 1952 320 321 1953 3808 2998 3000 3810 3808 2998 3000 3810 3809 2999 3001 3811 3809 2999 3001 3811 3117 594 595 3118 1953 321 322 1954 3810 3000 3002 3812 3810 3000 3002 3812 3811 3001 3003 3813 3811 3001 3003 3813 3118 595 596 3119 1954 322 323 1955 3812 3002 3004 3814 3812 3002 3004 3814 3813 3003 3005 3815 3813 3003 3005 3815 3119 596 597 3120 1955 323 324 1956 3814 3004 3006 3816 3814 3004 3006 3816 3815 3005 3007 3817 3815 3005 3007 3817 3120 597 598 3121 1956 324 325 1957 3816 3006 3008 3818 3816 3006 3008 3818 3817 3007 3009 3819 3817 3007 3009 3819 3121 598 599 3122 1957 325 326 1958 3818 3008 3010 3820 3818 3008 3010 3820 3819 3009 3011 3821 3819 3009 3011 3821 3122 599 600 3123 1958 326 327 1959 3820 3010 3012 3822 3820 3010 3012 3822 3821 3011 3013 3823 3821 3011 3013 3823 3123 600 601 3124 1959 327 328 1960 3822 3012 3014 3824 3822 3012 3014 3824 3823 3013 3015 3825 3823 3013 3015 3825 3124 601 602 3125 1960 328 329 1961 3824 3014 3016 3826 3824 3014 3016 3826 3825 3015 3017 3827 3825 3015 3017 3827 3125 602 603 3126 1961 329 330 1962 3826 3016 3018 3828 3826 3016 3018 3828 3827 3017 3019 3829 3827 3017 3019 3829 3126 603 604 3127 1962 330 331 1963 3828 3018 3020 3830 3828 3018 3020 3830 3829 3019 3021 3831 3829 3019 3021 3831 3127 604 605 3128 1963 331 332 1964 3830 3020 3022 3832 3830 3020 3022 3832 3831 3021 3023 3833 3831 3021 3023 3833 3128 605 606 3129 1964 332 333 1965 3832 3022 3024 3834 3832 3022 3024 3834 3833 3023 3025 3835 3833 3023 3025 3835 3129 606 607 3130 1965 333 334 1966 3834 3024 3026 3836 3834 3024 3026 3836 3835 3025 3027 3837 3835 3025 3027 3837 3130 607 608 3131 1966 334 335 1967 3836 3026 3028 3838 3836 3026 3028 3838 3837 3027 3029 3839 3837 3027 3029 3839 3131 608 609 3132 1967 335 336 1968 3838 3028 3030 3840 3838 3028 3030 3840 3839 3029 3031 3841 3839 3029 3031 3841 3132 609 610 3133 1968 336 337 1969 3840 3030 3032 3842 3840 3030 3032 3842 3841 3031 3033 3843 3841 3031 3033 3843 3133 610 611 3134 1969 337 338 1970 3842 3032 3034 3844 3842 3032 3034 3844 3843 3033 3035 3845 3843 3033 3035 3845 3134 611 612 3135 1970 338 339 1971 3844 3034 3036 3846 3844 3034 3036 3846 3845 3035 3037 3847 3845 3035 3037 3847 3135 612 613 3136 1971 339 340 1972 3846 3036 3038 3848 3846 3036 3038 3848 3847 3037 3039 3849 3847 3037 3039 3849 3136 613 614 3137 1972 340 341 1973 3848 3038 3040 3850 3848 3038 3040 3850 3849 3039 3041 3851 3849 3039 3041 3851 3137 614 615 3138 1973 341 342 1974 3850 3040 3042 3852 3850 3040 3042 3852 3851 3041 3043 3853 3851 3041 3043 3853 3138 615 616 3139 1974 342 20 344 3852 3042 592 3046 3852 3042 592 3046 3853 3043 593 3047 3853 3043 593 3047 3139 616 36 620 21 343 1975 372 617 3044 3854 3148 617 3044 3854 3148 618 3045 3855 3149 618 3045 3855 3149 37 619 3152 652 372 1975 1976 373 3148 3854 3856 3150 3148 3854 3856 3150 3149 3855 3857 3151 3149 3855 3857 3151 652 3152 3153 653 373 1976 370 23 3150 3856 3144 648 3150 3856 3144 648 3151 3857 3145 649 3151 3857 3145 649 653 3153 650 39 343 344 1977 1975 3044 3046 3858 3854 3044 3046 3858 3854 3045 3047 3859 3855 3045 3047 3859 3855 619 620 3154 3152 1975 1977 1978 1976 3854 3858 3860 3856 3854 3858 3860 3856 3855 3859 3861 3857 3855 3859 3861 3857 3152 3154 3155 3153 1976 1978 371 370 3856 3860 3146 3144 3856 3860 3146 3144 3857 3861 3147 3145 3857 3861 3147 3145 3153 3155 651 650 344 20 368 1977 3046 592 3140 3858 3046 592 3140 3858 3047 593 3141 3859 3047 593 3141 3859 620 36 646 3154 1977 368 369 1978 3858 3140 3142 3860 3858 3140 3142 3860 3859 3141 3143 3861 3859 3141 3143 3861 3154 646 647 3155 1978 369 22 371 3860 3142 644 3146 3860 3142 644 3146 3861 3143 645 3147 3861 3143 645 3147 3155 647 38 651 17 374 1979 314 578 3156 3862 2982 578 3156 3862 2982 579 3157 3863 2983 579 3157 3863 2983 33 656 3300 584 314 1979 1980 315 2982 3862 3864 2984 2982 3862 3864 2984 2983 3863 3865 2985 2983 3863 3865 2985 584 3300 3301 585 315 1980 411 18 2984 3864 3230 582 2984 3864 3230 582 2985 3865 3231 583 2985 3865 3231 583 585 3301 695 34 374 375 1981 1979 3156 3158 3866 3862 3156 3158 3866 3862 3157 3159 3867 3863 3157 3159 3867 3863 656 657 3302 3300 1979 1981 1982 1980 3862 3866 3868 3864 3862 3866 3868 3864 3863 3867 3869 3865 3863 3867 3869 3865 3300 3302 3303 3301 1980 1982 412 411 3864 3868 3232 3230 3864 3868 3232 3230 3865 3869 3233 3231 3865 3869 3233 3231 3301 3303 696 695 375 376 1983 1981 3158 3160 3870 3866 3158 3160 3870 3866 3159 3161 3871 3867 3159 3161 3871 3867 657 658 3304 3302 1981 1983 1984 1982 3866 3870 3872 3868 3866 3870 3872 3868 3867 3871 3873 3869 3867 3871 3873 3869 3302 3304 3305 3303 1982 1984 413 412 3868 3872 3234 3232 3868 3872 3234 3232 3869 3873 3235 3233 3869 3873 3235 3233 3303 3305 697 696 376 377 1985 1983 3160 3162 3874 3870 3160 3162 3874 3870 3161 3163 3875 3871 3161 3163 3875 3871 658 659 3306 3304 1983 1985 1986 1984 3870 3874 3876 3872 3870 3874 3876 3872 3871 3875 3877 3873 3871 3875 3877 3873 3304 3306 3307 3305 1984 1986 414 413 3872 3876 3236 3234 3872 3876 3236 3234 3873 3877 3237 3235 3873 3877 3237 3235 3305 3307 698 697 377 378 1987 1985 3162 3164 3878 3874 3162 3164 3878 3874 3163 3165 3879 3875 3163 3165 3879 3875 659 660 3308 3306 1985 1987 1988 1986 3874 3878 3880 3876 3874 3878 3880 3876 3875 3879 3881 3877 3875 3879 3881 3877 3306 3308 3309 3307 1986 1988 415 414 3876 3880 3238 3236 3876 3880 3238 3236 3877 3881 3239 3237 3877 3881 3239 3237 3307 3309 699 698 378 379 1989 1987 3164 3166 3882 3878 3164 3166 3882 3878 3165 3167 3883 3879 3165 3167 3883 3879 660 661 3310 3308 1987 1989 1990 1988 3878 3882 3884 3880 3878 3882 3884 3880 3879 3883 3885 3881 3879 3883 3885 3881 3308 3310 3311 3309 1988 1990 416 415 3880 3884 3240 3238 3880 3884 3240 3238 3881 3885 3241 3239 3881 3885 3241 3239 3309 3311 700 699 379 380 1991 1989 3166 3168 3886 3882 3166 3168 3886 3882 3167 3169 3887 3883 3167 3169 3887 3883 661 662 3312 3310 1989 1991 1992 1990 3882 3886 3888 3884 3882 3886 3888 3884 3883 3887 3889 3885 3883 3887 3889 3885 3310 3312 3313 3311 1990 1992 417 416 3884 3888 3242 3240 3884 3888 3242 3240 3885 3889 3243 3241 3885 3889 3243 3241 3311 3313 701 700 380 381 1993 1991 3168 3170 3890 3886 3168 3170 3890 3886 3169 3171 3891 3887 3169 3171 3891 3887 662 663 3314 3312 1991 1993 1994 1992 3886 3890 3892 3888 3886 3890 3892 3888 3887 3891 3893 3889 3887 3891 3893 3889 3312 3314 3315 3313 1992 1994 418 417 3888 3892 3244 3242 3888 3892 3244 3242 3889 3893 3245 3243 3889 3893 3245 3243 3313 3315 702 701 381 382 1995 1993 3170 3172 3894 3890 3170 3172 3894 3890 3171 3173 3895 3891 3171 3173 3895 3891 663 664 3316 3314 1993 1995 1996 1994 3890 3894 3896 3892 3890 3894 3896 3892 3891 3895 3897 3893 3891 3895 3897 3893 3314 3316 3317 3315 1994 1996 419 418 3892 3896 3246 3244 3892 3896 3246 3244 3893 3897 3247 3245 3893 3897 3247 3245 3315 3317 703 702 382 383 1997 1995 3172 3174 3898 3894 3172 3174 3898 3894 3173 3175 3899 3895 3173 3175 3899 3895 664 665 3318 3316 1995 1997 1998 1996 3894 3898 3900 3896 3894 3898 3900 3896 3895 3899 3901 3897 3895 3899 3901 3897 3316 3318 3319 3317 1996 1998 420 419 3896 3900 3248 3246 3896 3900 3248 3246 3897 3901 3249 3247 3897 3901 3249 3247 3317 3319 704 703 383 384 1999 1997 3174 3176 3902 3898 3174 3176 3902 3898 3175 3177 3903 3899 3175 3177 3903 3899 665 666 3320 3318 1997 1999 2000 1998 3898 3902 3904 3900 3898 3902 3904 3900 3899 3903 3905 3901 3899 3903 3905 3901 3318 3320 3321 3319 1998 2000 421 420 3900 3904 3250 3248 3900 3904 3250 3248 3901 3905 3251 3249 3901 3905 3251 3249 3319 3321 705 704 384 385 2001 1999 3176 3178 3906 3902 3176 3178 3906 3902 3177 3179 3907 3903 3177 3179 3907 3903 666 667 3322 3320 1999 2001 2002 2000 3902 3906 3908 3904 3902 3906 3908 3904 3903 3907 3909 3905 3903 3907 3909 3905 3320 3322 3323 3321 2000 2002 422 421 3904 3908 3252 3250 3904 3908 3252 3250 3905 3909 3253 3251 3905 3909 3253 3251 3321 3323 706 705 385 386 2003 2001 3178 3180 3910 3906 3178 3180 3910 3906 3179 3181 3911 3907 3179 3181 3911 3907 667 668 3324 3322 2001 2003 2004 2002 3906 3910 3912 3908 3906 3910 3912 3908 3907 3911 3913 3909 3907 3911 3913 3909 3322 3324 3325 3323 2002 2004 423 422 3908 3912 3254 3252 3908 3912 3254 3252 3909 3913 3255 3253 3909 3913 3255 3253 3323 3325 707 706 386 387 2005 2003 3180 3182 3914 3910 3180 3182 3914 3910 3181 3183 3915 3911 3181 3183 3915 3911 668 669 3326 3324 2003 2005 2006 2004 3910 3914 3916 3912 3910 3914 3916 3912 3911 3915 3917 3913 3911 3915 3917 3913 3324 3326 3327 3325 2004 2006 424 423 3912 3916 3256 3254 3912 3916 3256 3254 3913 3917 3257 3255 3913 3917 3257 3255 3325 3327 708 707 387 388 2007 2005 3182 3184 3918 3914 3182 3184 3918 3914 3183 3185 3919 3915 3183 3185 3919 3915 669 670 3328 3326 2005 2007 2008 2006 3914 3918 3920 3916 3914 3918 3920 3916 3915 3919 3921 3917 3915 3919 3921 3917 3326 3328 3329 3327 2006 2008 425 424 3916 3920 3258 3256 3916 3920 3258 3256 3917 3921 3259 3257 3917 3921 3259 3257 3327 3329 709 708 388 389 2009 2007 3184 3186 3922 3918 3184 3186 3922 3918 3185 3187 3923 3919 3185 3187 3923 3919 670 671 3330 3328 2007 2009 2010 2008 3918 3922 3924 3920 3918 3922 3924 3920 3919 3923 3925 3921 3919 3923 3925 3921 3328 3330 3331 3329 2008 2010 426 425 3920 3924 3260 3258 3920 3924 3260 3258 3921 3925 3261 3259 3921 3925 3261 3259 3329 3331 710 709 389 390 2011 2009 3186 3188 3926 3922 3186 3188 3926 3922 3187 3189 3927 3923 3187 3189 3927 3923 671 672 3332 3330 2009 2011 2012 2010 3922 3926 3928 3924 3922 3926 3928 3924 3923 3927 3929 3925 3923 3927 3929 3925 3330 3332 3333 3331 2010 2012 427 426 3924 3928 3262 3260 3924 3928 3262 3260 3925 3929 3263 3261 3925 3929 3263 3261 3331 3333 711 710 390 391 2013 2011 3188 3190 3930 3926 3188 3190 3930 3926 3189 3191 3931 3927 3189 3191 3931 3927 672 673 3334 3332 2011 2013 2014 2012 3926 3930 3932 3928 3926 3930 3932 3928 3927 3931 3933 3929 3927 3931 3933 3929 3332 3334 3335 3333 2012 2014 428 427 3928 3932 3264 3262 3928 3932 3264 3262 3929 3933 3265 3263 3929 3933 3265 3263 3333 3335 712 711 391 392 2015 2013 3190 3192 3934 3930 3190 3192 3934 3930 3191 3193 3935 3931 3191 3193 3935 3931 673 674 3336 3334 2013 2015 2016 2014 3930 3934 3936 3932 3930 3934 3936 3932 3931 3935 3937 3933 3931 3935 3937 3933 3334 3336 3337 3335 2014 2016 429 428 3932 3936 3266 3264 3932 3936 3266 3264 3933 3937 3267 3265 3933 3937 3267 3265 3335 3337 713 712 392 393 2017 2015 3192 3194 3938 3934 3192 3194 3938 3934 3193 3195 3939 3935 3193 3195 3939 3935 674 675 3338 3336 2015 2017 2018 2016 3934 3938 3940 3936 3934 3938 3940 3936 3935 3939 3941 3937 3935 3939 3941 3937 3336 3338 3339 3337 2016 2018 430 429 3936 3940 3268 3266 3936 3940 3268 3266 3937 3941 3269 3267 3937 3941 3269 3267 3337 3339 714 713 393 394 2019 2017 3194 3196 3942 3938 3194 3196 3942 3938 3195 3197 3943 3939 3195 3197 3943 3939 675 676 3340 3338 2017 2019 2020 2018 3938 3942 3944 3940 3938 3942 3944 3940 3939 3943 3945 3941 3939 3943 3945 3941 3338 3340 3341 3339 2018 2020 431 430 3940 3944 3270 3268 3940 3944 3270 3268 3941 3945 3271 3269 3941 3945 3271 3269 3339 3341 715 714 394 395 2021 2019 3196 3198 3946 3942 3196 3198 3946 3942 3197 3199 3947 3943 3197 3199 3947 3943 676 677 3342 3340 2019 2021 2022 2020 3942 3946 3948 3944 3942 3946 3948 3944 3943 3947 3949 3945 3943 3947 3949 3945 3340 3342 3343 3341 2020 2022 432 431 3944 3948 3272 3270 3944 3948 3272 3270 3945 3949 3273 3271 3945 3949 3273 3271 3341 3343 716 715 395 396 2023 2021 3198 3200 3950 3946 3198 3200 3950 3946 3199 3201 3951 3947 3199 3201 3951 3947 677 678 3344 3342 2021 2023 2024 2022 3946 3950 3952 3948 3946 3950 3952 3948 3947 3951 3953 3949 3947 3951 3953 3949 3342 3344 3345 3343 2022 2024 433 432 3948 3952 3274 3272 3948 3952 3274 3272 3949 3953 3275 3273 3949 3953 3275 3273 3343 3345 717 716 396 397 2025 2023 3200 3202 3954 3950 3200 3202 3954 3950 3201 3203 3955 3951 3201 3203 3955 3951 678 679 3346 3344 2023 2025 2026 2024 3950 3954 3956 3952 3950 3954 3956 3952 3951 3955 3957 3953 3951 3955 3957 3953 3344 3346 3347 3345 2024 2026 434 433 3952 3956 3276 3274 3952 3956 3276 3274 3953 3957 3277 3275 3953 3957 3277 3275 3345 3347 718 717 397 398 2027 2025 3202 3204 3958 3954 3202 3204 3958 3954 3203 3205 3959 3955 3203 3205 3959 3955 679 680 3348 3346 2025 2027 2028 2026 3954 3958 3960 3956 3954 3958 3960 3956 3955 3959 3961 3957 3955 3959 3961 3957 3346 3348 3349 3347 2026 2028 435 434 3956 3960 3278 3276 3956 3960 3278 3276 3957 3961 3279 3277 3957 3961 3279 3277 3347 3349 719 718 398 399 2029 2027 3204 3206 3962 3958 3204 3206 3962 3958 3205 3207 3963 3959 3205 3207 3963 3959 680 681 3350 3348 2027 2029 2030 2028 3958 3962 3964 3960 3958 3962 3964 3960 3959 3963 3965 3961 3959 3963 3965 3961 3348 3350 3351 3349 2028 2030 436 435 3960 3964 3280 3278 3960 3964 3280 3278 3961 3965 3281 3279 3961 3965 3281 3279 3349 3351 720 719 399 400 2031 2029 3206 3208 3966 3962 3206 3208 3966 3962 3207 3209 3967 3963 3207 3209 3967 3963 681 682 3352 3350 2029 2031 2032 2030 3962 3966 3968 3964 3962 3966 3968 3964 3963 3967 3969 3965 3963 3967 3969 3965 3350 3352 3353 3351 2030 2032 437 436 3964 3968 3282 3280 3964 3968 3282 3280 3965 3969 3283 3281 3965 3969 3283 3281 3351 3353 721 720 400 401 2033 2031 3208 3210 3970 3966 3208 3210 3970 3966 3209 3211 3971 3967 3209 3211 3971 3967 682 683 3354 3352 2031 2033 2034 2032 3966 3970 3972 3968 3966 3970 3972 3968 3967 3971 3973 3969 3967 3971 3973 3969 3352 3354 3355 3353 2032 2034 438 437 3968 3972 3284 3282 3968 3972 3284 3282 3969 3973 3285 3283 3969 3973 3285 3283 3353 3355 722 721 401 402 2035 2033 3210 3212 3974 3970 3210 3212 3974 3970 3211 3213 3975 3971 3211 3213 3975 3971 683 684 3356 3354 2033 2035 2036 2034 3970 3974 3976 3972 3970 3974 3976 3972 3971 3975 3977 3973 3971 3975 3977 3973 3354 3356 3357 3355 2034 2036 439 438 3972 3976 3286 3284 3972 3976 3286 3284 3973 3977 3287 3285 3973 3977 3287 3285 3355 3357 723 722 402 403 2037 2035 3212 3214 3978 3974 3212 3214 3978 3974 3213 3215 3979 3975 3213 3215 3979 3975 684 685 3358 3356 2035 2037 2038 2036 3974 3978 3980 3976 3974 3978 3980 3976 3975 3979 3981 3977 3975 3979 3981 3977 3356 3358 3359 3357 2036 2038 440 439 3976 3980 3288 3286 3976 3980 3288 3286 3977 3981 3289 3287 3977 3981 3289 3287 3357 3359 724 723 403 404 2039 2037 3214 3216 3982 3978 3214 3216 3982 3978 3215 3217 3983 3979 3215 3217 3983 3979 685 686 3360 3358 2037 2039 2040 2038 3978 3982 3984 3980 3978 3982 3984 3980 3979 3983 3985 3981 3979 3983 3985 3981 3358 3360 3361 3359 2038 2040 441 440 3980 3984 3290 3288 3980 3984 3290 3288 3981 3985 3291 3289 3981 3985 3291 3289 3359 3361 725 724 404 405 2041 2039 3216 3218 3986 3982 3216 3218 3986 3982 3217 3219 3987 3983 3217 3219 3987 3983 686 687 3362 3360 2039 2041 2042 2040 3982 3986 3988 3984 3982 3986 3988 3984 3983 3987 3989 3985 3983 3987 3989 3985 3360 3362 3363 3361 2040 2042 442 441 3984 3988 3292 3290 3984 3988 3292 3290 3985 3989 3293 3291 3985 3989 3293 3291 3361 3363 726 725 405 406 2043 2041 3218 3220 3990 3986 3218 3220 3990 3986 3219 3221 3991 3987 3219 3221 3991 3987 687 688 3364 3362 2041 2043 2044 2042 3986 3990 3992 3988 3986 3990 3992 3988 3987 3991 3993 3989 3987 3991 3993 3989 3362 3364 3365 3363 2042 2044 443 442 3988 3992 3294 3292 3988 3992 3294 3292 3989 3993 3295 3293 3989 3993 3295 3293 3363 3365 727 726 406 407 2045 2043 3220 3222 3994 3990 3220 3222 3994 3990 3221 3223 3995 3991 3221 3223 3995 3991 688 689 3366 3364 2043 2045 2046 2044 3990 3994 3996 3992 3990 3994 3996 3992 3991 3995 3997 3993 3991 3995 3997 3993 3364 3366 3367 3365 2044 2046 444 443 3992 3996 3296 3294 3992 3996 3296 3294 3993 3997 3297 3295 3993 3997 3297 3295 3365 3367 728 727 407 408 2047 2045 3222 3224 3998 3994 3222 3224 3998 3994 3223 3225 3999 3995 3223 3225 3999 3995 689 690 3368 3366 2045 2047 2048 2046 3994 3998 4000 3996 3994 3998 4000 3996 3995 3999 4001 3997 3995 3999 4001 3997 3366 3368 3369 3367 2046 2048 445 444 3996 4000 3298 3296 3996 4000 3298 3296 3997 4001 3299 3297 3997 4001 3299 3297 3367 3369 729 728 408 24 409 2047 3224 654 3226 3998 3224 654 3226 3998 3225 655 3227 3999 3225 655 3227 3999 690 40 693 3368 2047 409 410 2048 3998 3226 3228 4000 3998 3226 3228 4000 3999 3227 3229 4001 3999 3227 3229 4001 3368 693 694 3369 2048 410 25 445 4000 3228 691 3298 4000 3228 691 3298 4001 3229 692 3299 4001 3229 692 3299 3369 694 41 729 20 469 2854 368 592 3370 4002 3140 592 3370 4002 3140 593 3371 4003 3141 593 3371 4003 3141 36 732 3514 646 368 2854 2855 369 3140 4002 4004 3142 3140 4002 4004 3142 3141 4003 4005 3143 3141 4003 4005 3143 646 3514 3515 647 369 2855 506 22 3142 4004 3444 644 3142 4004 3444 644 3143 4005 3445 645 3143 4005 3445 645 647 3515 771 38 469 470 2856 2854 3370 3372 4006 4002 3370 3372 4006 4002 3371 3373 4007 4003 3371 3373 4007 4003 732 733 3516 3514 2854 2856 2857 2855 4002 4006 4008 4004 4002 4006 4008 4004 4003 4007 4009 4005 4003 4007 4009 4005 3514 3516 3517 3515 2855 2857 507 506 4004 4008 3446 3444 4004 4008 3446 3444 4005 4009 3447 3445 4005 4009 3447 3445 3515 3517 772 771 470 471 2858 2856 3372 3374 4010 4006 3372 3374 4010 4006 3373 3375 4011 4007 3373 3375 4011 4007 733 734 3518 3516 2856 2858 2859 2857 4006 4010 4012 4008 4006 4010 4012 4008 4007 4011 4013 4009 4007 4011 4013 4009 3516 3518 3519 3517 2857 2859 508 507 4008 4012 3448 3446 4008 4012 3448 3446 4009 4013 3449 3447 4009 4013 3449 3447 3517 3519 773 772 471 472 2860 2858 3374 3376 4014 4010 3374 3376 4014 4010 3375 3377 4015 4011 3375 3377 4015 4011 734 735 3520 3518 2858 2860 2861 2859 4010 4014 4016 4012 4010 4014 4016 4012 4011 4015 4017 4013 4011 4015 4017 4013 3518 3520 3521 3519 2859 2861 509 508 4012 4016 3450 3448 4012 4016 3450 3448 4013 4017 3451 3449 4013 4017 3451 3449 3519 3521 774 773 472 473 2862 2860 3376 3378 4018 4014 3376 3378 4018 4014 3377 3379 4019 4015 3377 3379 4019 4015 735 736 3522 3520 2860 2862 2863 2861 4014 4018 4020 4016 4014 4018 4020 4016 4015 4019 4021 4017 4015 4019 4021 4017 3520 3522 3523 3521 2861 2863 510 509 4016 4020 3452 3450 4016 4020 3452 3450 4017 4021 3453 3451 4017 4021 3453 3451 3521 3523 775 774 473 474 2864 2862 3378 3380 4022 4018 3378 3380 4022 4018 3379 3381 4023 4019 3379 3381 4023 4019 736 737 3524 3522 2862 2864 2865 2863 4018 4022 4024 4020 4018 4022 4024 4020 4019 4023 4025 4021 4019 4023 4025 4021 3522 3524 3525 3523 2863 2865 511 510 4020 4024 3454 3452 4020 4024 3454 3452 4021 4025 3455 3453 4021 4025 3455 3453 3523 3525 776 775 474 475 2866 2864 3380 3382 4026 4022 3380 3382 4026 4022 3381 3383 4027 4023 3381 3383 4027 4023 737 738 3526 3524 2864 2866 2867 2865 4022 4026 4028 4024 4022 4026 4028 4024 4023 4027 4029 4025 4023 4027 4029 4025 3524 3526 3527 3525 2865 2867 512 511 4024 4028 3456 3454 4024 4028 3456 3454 4025 4029 3457 3455 4025 4029 3457 3455 3525 3527 777 776 475 476 2868 2866 3382 3384 4030 4026 3382 3384 4030 4026 3383 3385 4031 4027 3383 3385 4031 4027 738 739 3528 3526 2866 2868 2869 2867 4026 4030 4032 4028 4026 4030 4032 4028 4027 4031 4033 4029 4027 4031 4033 4029 3526 3528 3529 3527 2867 2869 513 512 4028 4032 3458 3456 4028 4032 3458 3456 4029 4033 3459 3457 4029 4033 3459 3457 3527 3529 778 777 476 477 2870 2868 3384 3386 4034 4030 3384 3386 4034 4030 3385 3387 4035 4031 3385 3387 4035 4031 739 740 3530 3528 2868 2870 2871 2869 4030 4034 4036 4032 4030 4034 4036 4032 4031 4035 4037 4033 4031 4035 4037 4033 3528 3530 3531 3529 2869 2871 514 513 4032 4036 3460 3458 4032 4036 3460 3458 4033 4037 3461 3459 4033 4037 3461 3459 3529 3531 779 778 477 478 2872 2870 3386 3388 4038 4034 3386 3388 4038 4034 3387 3389 4039 4035 3387 3389 4039 4035 740 741 3532 3530 2870 2872 2873 2871 4034 4038 4040 4036 4034 4038 4040 4036 4035 4039 4041 4037 4035 4039 4041 4037 3530 3532 3533 3531 2871 2873 515 514 4036 4040 3462 3460 4036 4040 3462 3460 4037 4041 3463 3461 4037 4041 3463 3461 3531 3533 780 779 478 479 2874 2872 3388 3390 4042 4038 3388 3390 4042 4038 3389 3391 4043 4039 3389 3391 4043 4039 741 742 3534 3532 2872 2874 2875 2873 4038 4042 4044 4040 4038 4042 4044 4040 4039 4043 4045 4041 4039 4043 4045 4041 3532 3534 3535 3533 2873 2875 516 515 4040 4044 3464 3462 4040 4044 3464 3462 4041 4045 3465 3463 4041 4045 3465 3463 3533 3535 781 780 479 480 2876 2874 3390 3392 4046 4042 3390 3392 4046 4042 3391 3393 4047 4043 3391 3393 4047 4043 742 743 3536 3534 2874 2876 2877 2875 4042 4046 4048 4044 4042 4046 4048 4044 4043 4047 4049 4045 4043 4047 4049 4045 3534 3536 3537 3535 2875 2877 517 516 4044 4048 3466 3464 4044 4048 3466 3464 4045 4049 3467 3465 4045 4049 3467 3465 3535 3537 782 781 480 481 2878 2876 3392 3394 4050 4046 3392 3394 4050 4046 3393 3395 4051 4047 3393 3395 4051 4047 743 744 3538 3536 2876 2878 2879 2877 4046 4050 4052 4048 4046 4050 4052 4048 4047 4051 4053 4049 4047 4051 4053 4049 3536 3538 3539 3537 2877 2879 518 517 4048 4052 3468 3466 4048 4052 3468 3466 4049 4053 3469 3467 4049 4053 3469 3467 3537 3539 783 782 481 482 2880 2878 3394 3396 4054 4050 3394 3396 4054 4050 3395 3397 4055 4051 3395 3397 4055 4051 744 745 3540 3538 2878 2880 2881 2879 4050 4054 4056 4052 4050 4054 4056 4052 4051 4055 4057 4053 4051 4055 4057 4053 3538 3540 3541 3539 2879 2881 519 518 4052 4056 3470 3468 4052 4056 3470 3468 4053 4057 3471 3469 4053 4057 3471 3469 3539 3541 784 783 482 483 2882 2880 3396 3398 4058 4054 3396 3398 4058 4054 3397 3399 4059 4055 3397 3399 4059 4055 745 746 3542 3540 2880 2882 2883 2881 4054 4058 4060 4056 4054 4058 4060 4056 4055 4059 4061 4057 4055 4059 4061 4057 3540 3542 3543 3541 2881 2883 520 519 4056 4060 3472 3470 4056 4060 3472 3470 4057 4061 3473 3471 4057 4061 3473 3471 3541 3543 785 784 483 484 2884 2882 3398 3400 4062 4058 3398 3400 4062 4058 3399 3401 4063 4059 3399 3401 4063 4059 746 747 3544 3542 2882 2884 2885 2883 4058 4062 4064 4060 4058 4062 4064 4060 4059 4063 4065 4061 4059 4063 4065 4061 3542 3544 3545 3543 2883 2885 521 520 4060 4064 3474 3472 4060 4064 3474 3472 4061 4065 3475 3473 4061 4065 3475 3473 3543 3545 786 785 484 485 2886 2884 3400 3402 4066 4062 3400 3402 4066 4062 3401 3403 4067 4063 3401 3403 4067 4063 747 748 3546 3544 2884 2886 2887 2885 4062 4066 4068 4064 4062 4066 4068 4064 4063 4067 4069 4065 4063 4067 4069 4065 3544 3546 3547 3545 2885 2887 522 521 4064 4068 3476 3474 4064 4068 3476 3474 4065 4069 3477 3475 4065 4069 3477 3475 3545 3547 787 786 485 486 2888 2886 3402 3404 4070 4066 3402 3404 4070 4066 3403 3405 4071 4067 3403 3405 4071 4067 748 749 3548 3546 2886 2888 2889 2887 4066 4070 4072 4068 4066 4070 4072 4068 4067 4071 4073 4069 4067 4071 4073 4069 3546 3548 3549 3547 2887 2889 523 522 4068 4072 3478 3476 4068 4072 3478 3476 4069 4073 3479 3477 4069 4073 3479 3477 3547 3549 788 787 486 487 2890 2888 3404 3406 4074 4070 3404 3406 4074 4070 3405 3407 4075 4071 3405 3407 4075 4071 749 750 3550 3548 2888 2890 2891 2889 4070 4074 4076 4072 4070 4074 4076 4072 4071 4075 4077 4073 4071 4075 4077 4073 3548 3550 3551 3549 2889 2891 524 523 4072 4076 3480 3478 4072 4076 3480 3478 4073 4077 3481 3479 4073 4077 3481 3479 3549 3551 789 788 487 488 2892 2890 3406 3408 4078 4074 3406 3408 4078 4074 3407 3409 4079 4075 3407 3409 4079 4075 750 751 3552 3550 2890 2892 2893 2891 4074 4078 4080 4076 4074 4078 4080 4076 4075 4079 4081 4077 4075 4079 4081 4077 3550 3552 3553 3551 2891 2893 525 524 4076 4080 3482 3480 4076 4080 3482 3480 4077 4081 3483 3481 4077 4081 3483 3481 3551 3553 790 789 488 489 2894 2892 3408 3410 4082 4078 3408 3410 4082 4078 3409 3411 4083 4079 3409 3411 4083 4079 751 752 3554 3552 2892 2894 2895 2893 4078 4082 4084 4080 4078 4082 4084 4080 4079 4083 4085 4081 4079 4083 4085 4081 3552 3554 3555 3553 2893 2895 526 525 4080 4084 3484 3482 4080 4084 3484 3482 4081 4085 3485 3483 4081 4085 3485 3483 3553 3555 791 790 489 490 2896 2894 3410 3412 4086 4082 3410 3412 4086 4082 3411 3413 4087 4083 3411 3413 4087 4083 752 753 3556 3554 2894 2896 2897 2895 4082 4086 4088 4084 4082 4086 4088 4084 4083 4087 4089 4085 4083 4087 4089 4085 3554 3556 3557 3555 2895 2897 527 526 4084 4088 3486 3484 4084 4088 3486 3484 4085 4089 3487 3485 4085 4089 3487 3485 3555 3557 792 791 490 491 2898 2896 3412 3414 4090 4086 3412 3414 4090 4086 3413 3415 4091 4087 3413 3415 4091 4087 753 754 3558 3556 2896 2898 2899 2897 4086 4090 4092 4088 4086 4090 4092 4088 4087 4091 4093 4089 4087 4091 4093 4089 3556 3558 3559 3557 2897 2899 528 527 4088 4092 3488 3486 4088 4092 3488 3486 4089 4093 3489 3487 4089 4093 3489 3487 3557 3559 793 792 491 492 2900 2898 3414 3416 4094 4090 3414 3416 4094 4090 3415 3417 4095 4091 3415 3417 4095 4091 754 755 3560 3558 2898 2900 2901 2899 4090 4094 4096 4092 4090 4094 4096 4092 4091 4095 4097 4093 4091 4095 4097 4093 3558 3560 3561 3559 2899 2901 529 528 4092 4096 3490 3488 4092 4096 3490 3488 4093 4097 3491 3489 4093 4097 3491 3489 3559 3561 794 793 492 493 2902 2900 3416 3418 4098 4094 3416 3418 4098 4094 3417 3419 4099 4095 3417 3419 4099 4095 755 756 3562 3560 2900 2902 2903 2901 4094 4098 4100 4096 4094 4098 4100 4096 4095 4099 4101 4097 4095 4099 4101 4097 3560 3562 3563 3561 2901 2903 530 529 4096 4100 3492 3490 4096 4100 3492 3490 4097 4101 3493 3491 4097 4101 3493 3491 3561 3563 795 794 493 494 2904 2902 3418 3420 4102 4098 3418 3420 4102 4098 3419 3421 4103 4099 3419 3421 4103 4099 756 757 3564 3562 2902 2904 2905 2903 4098 4102 4104 4100 4098 4102 4104 4100 4099 4103 4105 4101 4099 4103 4105 4101 3562 3564 3565 3563 2903 2905 531 530 4100 4104 3494 3492 4100 4104 3494 3492 4101 4105 3495 3493 4101 4105 3495 3493 3563 3565 796 795 494 495 2906 2904 3420 3422 4106 4102 3420 3422 4106 4102 3421 3423 4107 4103 3421 3423 4107 4103 757 758 3566 3564 2904 2906 2907 2905 4102 4106 4108 4104 4102 4106 4108 4104 4103 4107 4109 4105 4103 4107 4109 4105 3564 3566 3567 3565 2905 2907 532 531 4104 4108 3496 3494 4104 4108 3496 3494 4105 4109 3497 3495 4105 4109 3497 3495 3565 3567 797 796 495 496 2908 2906 3422 3424 4110 4106 3422 3424 4110 4106 3423 3425 4111 4107 3423 3425 4111 4107 758 759 3568 3566 2906 2908 2909 2907 4106 4110 4112 4108 4106 4110 4112 4108 4107 4111 4113 4109 4107 4111 4113 4109 3566 3568 3569 3567 2907 2909 533 532 4108 4112 3498 3496 4108 4112 3498 3496 4109 4113 3499 3497 4109 4113 3499 3497 3567 3569 798 797 496 497 2910 2908 3424 3426 4114 4110 3424 3426 4114 4110 3425 3427 4115 4111 3425 3427 4115 4111 759 760 3570 3568 2908 2910 2911 2909 4110 4114 4116 4112 4110 4114 4116 4112 4111 4115 4117 4113 4111 4115 4117 4113 3568 3570 3571 3569 2909 2911 534 533 4112 4116 3500 3498 4112 4116 3500 3498 4113 4117 3501 3499 4113 4117 3501 3499 3569 3571 799 798 497 498 2912 2910 3426 3428 4118 4114 3426 3428 4118 4114 3427 3429 4119 4115 3427 3429 4119 4115 760 761 3572 3570 2910 2912 2913 2911 4114 4118 4120 4116 4114 4118 4120 4116 4115 4119 4121 4117 4115 4119 4121 4117 3570 3572 3573 3571 2911 2913 535 534 4116 4120 3502 3500 4116 4120 3502 3500 4117 4121 3503 3501 4117 4121 3503 3501 3571 3573 800 799 498 499 2914 2912 3428 3430 4122 4118 3428 3430 4122 4118 3429 3431 4123 4119 3429 3431 4123 4119 761 762 3574 3572 2912 2914 2915 2913 4118 4122 4124 4120 4118 4122 4124 4120 4119 4123 4125 4121 4119 4123 4125 4121 3572 3574 3575 3573 2913 2915 536 535 4120 4124 3504 3502 4120 4124 3504 3502 4121 4125 3505 3503 4121 4125 3505 3503 3573 3575 801 800 499 500 2916 2914 3430 3432 4126 4122 3430 3432 4126 4122 3431 3433 4127 4123 3431 3433 4127 4123 762 763 3576 3574 2914 2916 2917 2915 4122 4126 4128 4124 4122 4126 4128 4124 4123 4127 4129 4125 4123 4127 4129 4125 3574 3576 3577 3575 2915 2917 537 536 4124 4128 3506 3504 4124 4128 3506 3504 4125 4129 3507 3505 4125 4129 3507 3505 3575 3577 802 801 500 501 2918 2916 3432 3434 4130 4126 3432 3434 4130 4126 3433 3435 4131 4127 3433 3435 4131 4127 763 764 3578 3576 2916 2918 2919 2917 4126 4130 4132 4128 4126 4130 4132 4128 4127 4131 4133 4129 4127 4131 4133 4129 3576 3578 3579 3577 2917 2919 538 537 4128 4132 3508 3506 4128 4132 3508 3506 4129 4133 3509 3507 4129 4133 3509 3507 3577 3579 803 802 501 502 2920 2918 3434 3436 4134 4130 3434 3436 4134 4130 3435 3437 4135 4131 3435 3437 4135 4131 764 765 3580 3578 2918 2920 2921 2919 4130 4134 4136 4132 4130 4134 4136 4132 4131 4135 4137 4133 4131 4135 4137 4133 3578 3580 3581 3579 2919 2921 539 538 4132 4136 3510 3508 4132 4136 3510 3508 4133 4137 3511 3509 4133 4137 3511 3509 3579 3581 804 803 502 503 2922 2920 3436 3438 4138 4134 3436 3438 4138 4134 3437 3439 4139 4135 3437 3439 4139 4135 765 766 3582 3580 2920 2922 2923 2921 4134 4138 4140 4136 4134 4138 4140 4136 4135 4139 4141 4137 4135 4139 4141 4137 3580 3582 3583 3581 2921 2923 540 539 4136 4140 3512 3510 4136 4140 3512 3510 4137 4141 3513 3511 4137 4141 3513 3511 3581 3583 805 804 503 26 504 2922 3438 730 3440 4138 3438 730 3440 4138 3439 731 3441 4139 3439 731 3441 4139 766 42 769 3582 2922 504 505 2923 4138 3440 3442 4140 4138 3440 3442 4140 4139 3441 3443 4141 4139 3441 3443 4141 3582 769 770 3583 2923 505 27 540 4140 3442 767 3512 4140 3442 767 3512 4141 3443 768 3513 4141 3443 768 3513 3583 770 43 805 24 541 2924 409 654 3584 4142 3226 654 3584 4142 3226 655 3585 4143 3227 655 3585 4143 3227 40 808 3596 693 409 2924 2925 410 3226 4142 4144 3228 3226 4142 4144 3228 3227 4143 4145 3229 3227 4143 4145 3229 693 3596 3597 694 410 2925 545 25 3228 4144 3592 691 3228 4144 3592 691 3229 4145 3593 692 3229 4145 3593 692 694 3597 814 41 541 542 2926 2924 3584 3586 4146 4142 3584 3586 4146 4142 3585 3587 4147 4143 3585 3587 4147 4143 808 809 3598 3596 2924 2926 2927 2925 4142 4146 4148 4144 4142 4146 4148 4144 4143 4147 4149 4145 4143 4147 4149 4145 3596 3598 3599 3597 2925 2927 546 545 4144 4148 3594 3592 4144 4148 3594 3592 4145 4149 3595 3593 4145 4149 3595 3593 3597 3599 815 814 542 28 543 2926 3586 806 3588 4146 3586 806 3588 4146 3587 807 3589 4147 3587 807 3589 4147 809 44 812 3598 2926 543 544 2927 4146 3588 3590 4148 4146 3588 3590 4148 4147 3589 3591 4149 4147 3589 3591 4149 3598 812 813 3599 2927 544 29 546 4148 3590 810 3594 4148 3590 810 3594 4149 3591 811 3595 4149 3591 811 3595 3599 813 45 815 25 545 2928 446 691 3592 4150 3650 691 3592 4150 3650 692 3593 4151 3651 692 3593 4151 3651 41 814 3696 843 446 2928 2929 447 3650 4150 4152 3652 3650 4150 4152 3652 3651 4151 4153 3653 3651 4151 4153 3653 843 3696 3697 844 447 2929 2930 448 3652 4152 4154 3654 3652 4152 4154 3654 3653 4153 4155 3655 3653 4153 4155 3655 844 3697 3698 845 448 2930 2931 449 3654 4154 4156 3656 3654 4154 4156 3656 3655 4155 4157 3657 3655 4155 4157 3657 845 3698 3699 846 449 2931 2932 450 3656 4156 4158 3658 3656 4156 4158 3658 3657 4157 4159 3659 3657 4157 4159 3659 846 3699 3700 847 450 2932 2933 451 3658 4158 4160 3660 3658 4158 4160 3660 3659 4159 4161 3661 3659 4159 4161 3661 847 3700 3701 848 451 2933 2934 452 3660 4160 4162 3662 3660 4160 4162 3662 3661 4161 4163 3663 3661 4161 4163 3663 848 3701 3702 849 452 2934 2935 453 3662 4162 4164 3664 3662 4162 4164 3664 3663 4163 4165 3665 3663 4163 4165 3665 849 3702 3703 850 453 2935 2936 454 3664 4164 4166 3666 3664 4164 4166 3666 3665 4165 4167 3667 3665 4165 4167 3667 850 3703 3704 851 454 2936 2937 455 3666 4166 4168 3668 3666 4166 4168 3668 3667 4167 4169 3669 3667 4167 4169 3669 851 3704 3705 852 455 2937 2938 456 3668 4168 4170 3670 3668 4168 4170 3670 3669 4169 4171 3671 3669 4169 4171 3671 852 3705 3706 853 456 2938 2939 457 3670 4170 4172 3672 3670 4170 4172 3672 3671 4171 4173 3673 3671 4171 4173 3673 853 3706 3707 854 457 2939 2940 458 3672 4172 4174 3674 3672 4172 4174 3674 3673 4173 4175 3675 3673 4173 4175 3675 854 3707 3708 855 458 2940 2941 459 3674 4174 4176 3676 3674 4174 4176 3676 3675 4175 4177 3677 3675 4175 4177 3677 855 3708 3709 856 459 2941 2942 460 3676 4176 4178 3678 3676 4176 4178 3678 3677 4177 4179 3679 3677 4177 4179 3679 856 3709 3710 857 460 2942 2943 461 3678 4178 4180 3680 3678 4178 4180 3680 3679 4179 4181 3681 3679 4179 4181 3681 857 3710 3711 858 461 2943 2944 462 3680 4180 4182 3682 3680 4180 4182 3682 3681 4181 4183 3683 3681 4181 4183 3683 858 3711 3712 859 462 2944 2945 463 3682 4182 4184 3684 3682 4182 4184 3684 3683 4183 4185 3685 3683 4183 4185 3685 859 3712 3713 860 463 2945 2946 464 3684 4184 4186 3686 3684 4184 4186 3686 3685 4185 4187 3687 3685 4185 4187 3687 860 3713 3714 861 464 2946 2947 465 3686 4186 4188 3688 3686 4186 4188 3688 3687 4187 4189 3689 3687 4187 4189 3689 861 3714 3715 862 465 2947 2948 466 3688 4188 4190 3690 3688 4188 4190 3690 3689 4189 4191 3691 3689 4189 4191 3691 862 3715 3716 863 466 2948 2949 467 3690 4190 4192 3692 3690 4190 4192 3692 3691 4191 4193 3693 3691 4191 4193 3693 863 3716 3717 864 467 2949 2950 468 3692 4192 4194 3694 3692 4192 4194 3694 3693 4193 4195 3695 3693 4193 4195 3695 864 3717 3718 865 468 2950 570 26 3694 4194 3646 730 3694 4194 3646 730 3695 4195 3647 731 3695 4195 3647 731 865 3718 841 42 545 546 2951 2928 3592 3594 4196 4150 3592 3594 4196 4150 3593 3595 4197 4151 3593 3595 4197 4151 814 815 3719 3696 2928 2951 2952 2929 4150 4196 4198 4152 4150 4196 4198 4152 4151 4197 4199 4153 4151 4197 4199 4153 3696 3719 3720 3697 2929 2952 2953 2930 4152 4198 4200 4154 4152 4198 4200 4154 4153 4199 4201 4155 4153 4199 4201 4155 3697 3720 3721 3698 2930 2953 2954 2931 4154 4200 4202 4156 4154 4200 4202 4156 4155 4201 4203 4157 4155 4201 4203 4157 3698 3721 3722 3699 2931 2954 2955 2932 4156 4202 4204 4158 4156 4202 4204 4158 4157 4203 4205 4159 4157 4203 4205 4159 3699 3722 3723 3700 2932 2955 2956 2933 4158 4204 4206 4160 4158 4204 4206 4160 4159 4205 4207 4161 4159 4205 4207 4161 3700 3723 3724 3701 2933 2956 2957 2934 4160 4206 4208 4162 4160 4206 4208 4162 4161 4207 4209 4163 4161 4207 4209 4163 3701 3724 3725 3702 2934 2957 2958 2935 4162 4208 4210 4164 4162 4208 4210 4164 4163 4209 4211 4165 4163 4209 4211 4165 3702 3725 3726 3703 2935 2958 2959 2936 4164 4210 4212 4166 4164 4210 4212 4166 4165 4211 4213 4167 4165 4211 4213 4167 3703 3726 3727 3704 2936 2959 2960 2937 4166 4212 4214 4168 4166 4212 4214 4168 4167 4213 4215 4169 4167 4213 4215 4169 3704 3727 3728 3705 2937 2960 2961 2938 4168 4214 4216 4170 4168 4214 4216 4170 4169 4215 4217 4171 4169 4215 4217 4171 3705 3728 3729 3706 2938 2961 2962 2939 4170 4216 4218 4172 4170 4216 4218 4172 4171 4217 4219 4173 4171 4217 4219 4173 3706 3729 3730 3707 2939 2962 2963 2940 4172 4218 4220 4174 4172 4218 4220 4174 4173 4219 4221 4175 4173 4219 4221 4175 3707 3730 3731 3708 2940 2963 2964 2941 4174 4220 4222 4176 4174 4220 4222 4176 4175 4221 4223 4177 4175 4221 4223 4177 3708 3731 3732 3709 2941 2964 2965 2942 4176 4222 4224 4178 4176 4222 4224 4178 4177 4223 4225 4179 4177 4223 4225 4179 3709 3732 3733 3710 2942 2965 2966 2943 4178 4224 4226 4180 4178 4224 4226 4180 4179 4225 4227 4181 4179 4225 4227 4181 3710 3733 3734 3711 2943 2966 2967 2944 4180 4226 4228 4182 4180 4226 4228 4182 4181 4227 4229 4183 4181 4227 4229 4183 3711 3734 3735 3712 2944 2967 2968 2945 4182 4228 4230 4184 4182 4228 4230 4184 4183 4229 4231 4185 4183 4229 4231 4185 3712 3735 3736 3713 2945 2968 2969 2946 4184 4230 4232 4186 4184 4230 4232 4186 4185 4231 4233 4187 4185 4231 4233 4187 3713 3736 3737 3714 2946 2969 2970 2947 4186 4232 4234 4188 4186 4232 4234 4188 4187 4233 4235 4189 4187 4233 4235 4189 3714 3737 3738 3715 2947 2970 2971 2948 4188 4234 4236 4190 4188 4234 4236 4190 4189 4235 4237 4191 4189 4235 4237 4191 3715 3738 3739 3716 2948 2971 2972 2949 4190 4236 4238 4192 4190 4236 4238 4192 4191 4237 4239 4193 4191 4237 4239 4193 3716 3739 3740 3717 2949 2972 2973 2950 4192 4238 4240 4194 4192 4238 4240 4194 4193 4239 4241 4195 4193 4239 4241 4195 3717 3740 3741 3718 2950 2973 571 570 4194 4240 3648 3646 4194 4240 3648 3646 4195 4241 3649 3647 4195 4241 3649 3647 3718 3741 842 841 546 29 547 2951 3594 810 3600 4196 3594 810 3600 4196 3595 811 3601 4197 3595 811 3601 4197 815 45 818 3719 2951 547 548 2952 4196 3600 3602 4198 4196 3600 3602 4198 4197 3601 3603 4199 4197 3601 3603 4199 3719 818 819 3720 2952 548 549 2953 4198 3602 3604 4200 4198 3602 3604 4200 4199 3603 3605 4201 4199 3603 3605 4201 3720 819 820 3721 2953 549 550 2954 4200 3604 3606 4202 4200 3604 3606 4202 4201 3605 3607 4203 4201 3605 3607 4203 3721 820 821 3722 2954 550 551 2955 4202 3606 3608 4204 4202 3606 3608 4204 4203 3607 3609 4205 4203 3607 3609 4205 3722 821 822 3723 2955 551 552 2956 4204 3608 3610 4206 4204 3608 3610 4206 4205 3609 3611 4207 4205 3609 3611 4207 3723 822 823 3724 2956 552 553 2957 4206 3610 3612 4208 4206 3610 3612 4208 4207 3611 3613 4209 4207 3611 3613 4209 3724 823 824 3725 2957 553 554 2958 4208 3612 3614 4210 4208 3612 3614 4210 4209 3613 3615 4211 4209 3613 3615 4211 3725 824 825 3726 2958 554 555 2959 4210 3614 3616 4212 4210 3614 3616 4212 4211 3615 3617 4213 4211 3615 3617 4213 3726 825 826 3727 2959 555 556 2960 4212 3616 3618 4214 4212 3616 3618 4214 4213 3617 3619 4215 4213 3617 3619 4215 3727 826 827 3728 2960 556 557 2961 4214 3618 3620 4216 4214 3618 3620 4216 4215 3619 3621 4217 4215 3619 3621 4217 3728 827 828 3729 2961 557 558 2962 4216 3620 3622 4218 4216 3620 3622 4218 4217 3621 3623 4219 4217 3621 3623 4219 3729 828 829 3730 2962 558 559 2963 4218 3622 3624 4220 4218 3622 3624 4220 4219 3623 3625 4221 4219 3623 3625 4221 3730 829 830 3731 2963 559 560 2964 4220 3624 3626 4222 4220 3624 3626 4222 4221 3625 3627 4223 4221 3625 3627 4223 3731 830 831 3732 2964 560 561 2965 4222 3626 3628 4224 4222 3626 3628 4224 4223 3627 3629 4225 4223 3627 3629 4225 3732 831 832 3733 2965 561 562 2966 4224 3628 3630 4226 4224 3628 3630 4226 4225 3629 3631 4227 4225 3629 3631 4227 3733 832 833 3734 2966 562 563 2967 4226 3630 3632 4228 4226 3630 3632 4228 4227 3631 3633 4229 4227 3631 3633 4229 3734 833 834 3735 2967 563 564 2968 4228 3632 3634 4230 4228 3632 3634 4230 4229 3633 3635 4231 4229 3633 3635 4231 3735 834 835 3736 2968 564 565 2969 4230 3634 3636 4232 4230 3634 3636 4232 4231 3635 3637 4233 4231 3635 3637 4233 3736 835 836 3737 2969 565 566 2970 4232 3636 3638 4234 4232 3636 3638 4234 4233 3637 3639 4235 4233 3637 3639 4235 3737 836 837 3738 2970 566 567 2971 4234 3638 3640 4236 4234 3638 3640 4236 4235 3639 3641 4237 4235 3639 3641 4237 3738 837 838 3739 2971 567 568 2972 4236 3640 3642 4238 4236 3640 3642 4238 4237 3641 3643 4239 4237 3641 3643 4239 3739 838 839 3740 2972 568 569 2973 4238 3642 3644 4240 4238 3642 3644 4240 4239 3643 3645 4241 4239 3643 3645 4241 3740 839 840 3741 2973 569 30 571 4240 3644 816 3648 4240 3644 816 3648 4241 3645 817 3649 4241 3645 817 3649 3741 840 46 842 26 570 2974 504 730 3646 4242 3440 730 3646 4242 3440 731 3647 4243 3441 731 3647 4243 3441 42 841 3750 769 504 2974 2975 505 3440 4242 4244 3442 3440 4242 4244 3442 3441 4243 4245 3443 3441 4243 4245 3443 769 3750 3751 770 505 2975 574 27 3442 4244 3746 767 3442 4244 3746 767 3443 4245 3747 768 3443 4245 3747 768 770 3751 870 43 570 571 2976 2974 3646 3648 4246 4242 3646 3648 4246 4242 3647 3649 4247 4243 3647 3649 4247 4243 841 842 3752 3750 2974 2976 2977 2975 4242 4246 4248 4244 4242 4246 4248 4244 4243 4247 4249 4245 4243 4247 4249 4245 3750 3752 3753 3751 2975 2977 575 574 4244 4248 3748 3746 4244 4248 3748 3746 4245 4249 3749 3747 4245 4249 3749 3747 3751 3753 871 870 571 30 572 2976 3648 816 3742 4246 3648 816 3742 4246 3649 817 3743 4247 3649 817 3743 4247 842 46 868 3752 2976 572 573 2977 4246 3742 3744 4248 4246 3742 3744 4248 4247 3743 3745 4249 4247 3743 3745 4249 3752 868 869 3753 2977 573 31 575 4248 3744 866 3748 4248 3744 866 3748 4249 3745 867 3749 4249 3745 867 3749 3753 869 47 871</DataArray>
        <DataArray type="Int64" Name="offsets" NumberOfComponents="1" format="ascii">0 8 16 24 32 40 48 56 64 72 80 88 96 104 112 120 128 136 144 152 160 168 176 184 192 200 208 216 224 232 240 248 256 264 272 280 288 296 304 312 320 328 336 344 352 360 368 376 384 392 400 408 416 424 432 440 448 456 464 472 480 488 496 504 512 520 528 536 544 552 560 568 576 584 592 600 608 616 624 632 640 648 656 664 672 680 688 696 704 712 720 728 736 744 752 760 768 776 784 792 800 808 816 824 832 840 848 856 864 872 880 888 896 904 912 920 928 936 944 952 960 968 976 984 992 1000 1008 1016 1024 1032 1040 1048 1056 1064 1072 1080 1088 1096 1104 1112 1120 1128 1136 1144 1152 1160 1168 1176 1184 1192 1200 1208 1216 1224 1232 1240 1248 1256 1264 1272 1280 1288 1296 1304 1312 1320 1328 1336 1344 1352 1360 1368 1376 1384 1392 1400 1408 1416 1424 1432 1440 1448 1456 1464 1472 1480 1488 1496 1504 1512 1520 1528 1536 1544 1552 1560 1568 1576 1584 1592 1600 1608 1616 1624 1632 1640 1648 1656 1664 1672 1680 1688 1696 1704 1712 1720 1728 1736 1744 1752 1760 1768 1776 1784 1792 1800 1808 1816 1824 1832 1840 1848 1856 1864 1872 1880 1888 1896 1904 1912 1920 1928 1936 1944 1952 1960 1968 1976 1984 1992 2000 2008 2016 2024 2032 2040 2048 2056 2064 2072 2080 2088 2096 2104 2112 2120 2128 2136 2144 2152 2160 2168 2176 2184 2192 2200 2208 2216 2224 2232 2240 2248 2256 2264 2272 2280 2288 2296 2304 2312 2320 2328 2336 2344 2352 2360 2368 2376 2384 2392 2400 2408 2416 2424 2432 2440 2448 2456 2464 2472 2480 2488 2496 2504 2512 2520 2528 2536 2544 2552 2560 2568 2576 2584 2592 2600 2608 2616 2624 2632 2640 2648 2656 2664 2672 2680 2688 2696 2704 2712 2720 2728 2736 2744 2752 2760 2768 2776 2784 2792 2800 2808 2816 2824 2832 2840 2848 2856 2864 2872 2880 2888 2896 2904 2912 2920 2928 2936 2944 2952 2960 2968 2976 2984 2992 3000 3008 3016 3024 3032 3040 3048 3056 3064 3072 3080 3088 3096 3104 3112 3120 3128 3136 3144 3152 3160 3168 3176 3184 3192 3200 3208 3216 3224 3232 3240 3248 3256 3264 3272 3280 3288 3296 3304 3312 3320 3328 3336 3344 3352 3360 3368 3376 3384 3392 3400 3408 3416 3424 3432 3440 3448 3456 3464 3472 3480 3488 3496 3504 3512 3520 3528 3536 3544 3552 3560 3568 3576 3584 3592 3600 3608 3616 3624 3632 3640 3648 3656 3664 3672 3680 3688 3696 3704 3712 3720 3728 3736 3744 3752 3760 3768 3776 3784 3792 3800 3808 3816 3824 3832 3840 3848 3856 3864 3872 3880 3888 3896 3904 3912 3920 3928 3936 3944 3952 3960 3968 3976 3984 3992 4000 4008 4016 4024 4032 4040 4048 4056 4064 4072 4080 4088 4096 4104 4112 4120 4128 4136 4144 4152 4160 4168 4176 4184 4192 4200 4208 4216 4224 4232 4240 4248 4256 4264 4272 4280 4288 4296 4304 4312 4320 4328 4336 4344 4352 4360 4368 4376 4384 4392 4400 4408 4416 4424 4432 4440 4448 4456 4464 4472 4480 4488 4496 4504 4512 4520 4528 4536 4544 4552 4560 4568 4576 4584 4592 4600 4608 4616 4624 4632 4640 4648 4656 4664 4672 4680 4688 4696 4704 4712 4720 4728 4736 4744 4752 4760 4768 4776 4784 4792 4800 4808 4816 4824 4832 4840 4848 4856 4864 4872 4880 4888 4896 4904 4912 4920 4928 4936 4944 4952 4960 4968 4976 4984 4992 5000 5008 5016 5024 5032 5040 5048 5056 5064 5072 5080 5088 5096 5104 5112 5120 5128 5136 5144 5152 5160 5168 5176 5184 5192 5200 5208 5216 5224 5232 5240 5248 5256 5264 5272 5280 5288 5296 5304 5312 5320 5328 5336 5344 5352 5360 5368 5376 5384 5392 5400 5408 5416 5424 5432 5440 5448 5456 5464 5472 5480 5488 5496 5504 5512 5520 5528 5536 5544 5552 5560 5568 5576 5584 5592 5600 5608 5616 5624 5632 5640 5648 5656 5664 5672 5680 5688 5696 5704 5712 5720 5728 5736 5744 5752 5760 5768 5776 5784 5792 5800 5808 5816 5824 5832 5840 5848 5856 5864 5872 5880 5888 5896 5904 5912 5920 5928 5936 5944 5952 5960 5968 5976 5984 5992 6000 6008 6016 6024 6032 6040 6048 6056 6064 6072 6080 6088 6096 6104 6112 6120 6128 6136 6144 6152 6160 6168 6176 6184 6192 6200 6208 6216 6224 6232 6240 6248 6256 6264 6272 6280 6288 6296 6304 6312 6320 6328 6336 6344 6352 6360 6368 6376 6384 6392 6400 6408 6416 6424 6432 6440 6448 6456 6464 6472 6480 6488 6496 6504 6512 6520 6528 6536 6544 6552 6560 6568 6576 6584 6592 6600 6608 6616 6624 6632 6640 6648 6656 6664 6672 6680 6688 6696 6704 6712 6720 6728 6736 6744 6752 6760 6768 6776 6784 6792 6800 6808 6816 6824 6832 6840 6848 6856 6864 6872 6880 6888 6896 6904 6912 6920 6928 6936 6944 6952 6960 6968 6976 6984 6992 7000 7008 7016 7024 7032 7040 7048 7056 7064 7072 7080 7088 7096 7104 7112 7120 7128 7136 7144 7152 7160 7168 7176 7184 7192 7200 7208 7216 7224 7232 7240 7248 7256 7264 7272 7280 7288 7296 7304 7312 7320 7328 7336 7344 7352 7360 7368 7376 7384 7392 7400 7408 7416 7424 7432 7440 7448 7456 7464 7472 7480 7488 7496 7504 7512 7520 7528 7536 7544 7552 7560 7568 7576 7584 7592 7600 7608 7616 7624 7632 7640 7648 7656 7664 7672 7680 7688 7696 7704 7712 7720 7728 7736 7744 7752 7760 7768 7776 7784 7792 7800 7808 7816 7824 7832 7840 7848 7856 7864 7872 7880 7888 7896 7904 7912 7920 7928 7936 7944 7952 7960 7968 7976 7984 7992 8000 8008 8016 8024 8032 8040 8048 8056 8064 8072 8080 8088 8096 8104 8112 8120 8128 8136 8144 8152 8160 8168 8176 8184 8192 8200 8208 8216 8224 8232 8240 8248 8256 8264 8272 8280 8288 8296 8304 8312 8320 8328 8336 8344 8352 8360 8368 8376 8384 8392 8400 8408 8416 8424 8432 8440 8448 8456 8464 8472 8480 8488 8496 8504 8512 8520 8528 8536 8544 8552 8560 8568 8576 8584 8592 8600 8608 8616 8624 8632 8640 8648 8656 8664 8672 8680 8688 8696 8704 8712 8720 8728 8736 8744 8752 8760 8768 8776 8784 8792 8800 8808 8816 8824 8832 8840 8848 8856 8864 8872 8880 8888 8896 8904 8912 8920 8928 8936 8944 8952 8960 8968 8976 8984 8992 9000 9008 9016 9024 9032 9040 9048 9056 9064 9072 9080 9088 9096 9104 9112 9120 9128 9136 9144 9152 9160 9168 9176 9184 9192 9200 9208 9216 9224 9232 9240 9248 9256 9264 9272 9280 9288 9296 9304 9312 9320 9328 9336 9344 9352 9360 9368 9376 9384 9392 9400 9408 9416 9424 9432 9440 9448 9456 9464 9472 9480 9488 9496 9504 9512 9520 9528 9536 9544 9552 9560 9568 9576 9584 9592 9600 9608 9616 9624 9632 9640 9648 9656 9664 9672 9680 9688 9696 9704 9712 9720 9728 9736 9744 9752 9760 9768 9776 9784 9792 9800 9808 9816 9824 9832 9840 9848 9856 9864 9872 9880 9888 9896 9904 9912 9920 9928 9936 9944 9952 9960 9968 9976 9984 9992 10000 10008 10016 10024 10032 10040 10048 10056 10064 10072 10080 10088 10096 10104 10112 10120 10128 10136 10144 10152 10160 10168 10176 10184 10192 10200 10208 10216 10224 10232 10240 10248 10256 10264 10272 10280 10288 10296 10304 10312 10320 10328 10336 10344 10352 10360 10368 10376 10384 10392 10400 10408 10416 10424 10432 10440 10448 10456 10464 10472 10480 10488 10496 10504 10512 10520 10528 10536 10544 10552 10560 10568 10576 10584 10592 10600 10608 10616 10624 10632 10640 10648 10656 10664 10672 10680 10688 10696 10704 10712 10720 10728 10736 10744 10752 10760 10768 10776 10784 10792 10800 10808 10816 10824 10832 10840 10848 10856 10864 10872 10880 10888 10896 10904 10912 10920 10928 10936 10944 10952 10960 10968 10976 10984 10992 11000 11008 11016 11024 11032 11040 11048 11056 11064 11072 11080 11088 11096 11104 11112 11120 11128 11136 11144 11152 11160 11168 11176 11184 11192 11200 11208 11216 11224 11232 11240 11248 11256 11264 11272 11280 11288 11296 11304 11312 11320 11328 11336 11344 11352 11360 11368 11376 11384 11392 11400 11408 11416 11424 11432 11440 11448 11456 11464 11472 11480 11488 11496 11504 11512 11520 11528 11536 11544 11552 11560 11568 11576 11584 11592 11600 11608 11616 11624 11632 11640 11648 11656 11664 11672 11680 11688 11696 11704 11712 11720 11728 11736 11744 11752 11760 11768 11776 11784 11792 11800 11808 11816 11824 11832 11840 11848 11856 11864 11872 11880 11888 11896 11904 11912 11920 11928 11936 11944 11952 11960 11968 11976 11984 11992 12000 12008 12016 12024 12032 12040 12048 12056 12064 12072 12080 12088 12096 12104 12112 12120 12128 12136 12144 12152 12160 12168 12176 12184 12192 12200 12208 12216 12224 12232 12240 12248 12256 12264 12272 12280 12288 12296 12304 12312 12320 12328 12336 12344 12352 12360 12368 12376 12384 12392 12400 12408 12416 12424 12432 12440 12448 12456 12464 12472 12480 12488 12496 12504 12512 12520 12528 12536 12544 12552 12560 12568 12576 12584 12592 12600 12608 12616 12624 12632 12640 12648 12656 12664 12672 12680 12688 12696 12704 12712 12720 12728 12736 12744 12752 12760 12768 12776 12784 12792 12800 12808 12816 12824 12832 12840 12848 12856 12864 12872 12880 12888 12896 12904 12912 12920 12928 12936 12944 12952 12960 12968 12976 12984 12992 13000 13008 13016 13024 13032 13040 13048 13056 13064 13072 13080 13088 13096 13104 13112 13120 13128 13136 13144 13152 13160 13168 13176 13184 13192 13200 13208 13216 13224 13232 13240 13248 13256 13264 13272 13280 13288 13296 13304 13312 13320 13328 13336 13344 13352 13360 13368 13376 13384 13392 13400 13408 13416 13424 13432 13440 13448 13456 13464 13472 13480 13488 13496 13504 13512 13520 13528 13536 13544 13552 13560 13568 13576 13584 13592 13600 13608 13616 13624 13632 13640 13648 13656 13664 13672 13680 13688 13696 13704 13712 13720 13728 13736 13744 13752 13760 13768 13776 13784 13792 13800 13808 13816 13824 13832 13840 13848 13856 13864 13872 13880 13888 13896 13904 13912 13920 13928 13936 13944 13952 13960 13968 13976 13984 13992 14000 14008 14016 14024 14032 14040 14048 14056 14064 14072 14080 14088 14096 14104 14112 14120 14128 14136 14144 14152 14160 14168 14176 14184 14192 14200 14208 14216 14224 14232 14240 14248 14256 14264 14272 14280 14288 14296 14304 14312 14320 14328 14336 14344 14352 14360 14368 14376 14384 14392 14400 14408 14416 14424 14432 14440 14448 14456 14464 14472 14480 14488 14496 14504 14512 14520 14528 14536 14544 14552 14560 14568 14576 14584 14592 14600 14608 14616 14624 14632 14640 14648 14656 14664 14672 14680 14688 14696 14704 14712 14720 14728 14736 14744 14752 14760 14768 14776 14784 14792 14800 14808 14816 14824 14832 14840 14848 14856 14864 14872 14880 14888 14896 14904 14912 14920 14928 14936 14944 14952 14960 14968 14976 14984 14992 15000 15008 15016 15024 15032 15040 15048 15056 15064 15072 15080 15088 15096 15104 15112 15120 15128 15136 15144 15152 15160 15168 15176 15184 15192 15200 15208 15216 15224 15232 15240 15248 15256 15264 15272 15280 15288 15296 15304 15312 15320 15328 15336 15344 15352 15360 15368 15376 15384 15392 15400 15408 15416 15424 15432 15440 15448 15456 15464 15472 15480 15488 15496 15504 15512 15520 15528 15536 15544 15552 15560 15568 15576 15584 15592 15600 15608 15616 15624 15632 15640 15648 15656 15664 15672 15680 15688 15696 15704 15712 15720 15728 15736 15744 15752 15760 15768 15776 15784 15792 15800 15808 15816 15824 15832 15840 15848 15856 15864 15872 15880 15888 15896 15904 15912 15920 15928 15936 15944 15952 15960 15968 15976 15984 15992 16000 16008 16016 16024 16032 16040 16048 16056 16064 16072 16080 16088 16096 16104 16112 16120 16128 16136 16144 16152 16160 16168 16176 16184 16192 16200 16208 16216 16224 16232 16240 16248 16256 16264 16272 16280 16288 16296 16304 16312 16320 16328 16336 16344 16352 16360 16368 16376 16384 16392 16400 16408 16416 16424 16432 16440 16448 16456 16464 16472 16480 16488 16496 16504 16512 16520 16528 16536 16544 16552 16560 16568 16576 16584 16592 16600 16608 16616 16624 16632 16640 16648 16656 16664 16672 16680 16688 16696 16704 16712 16720 16728 16736 16744 16752 16760 16768 16776 16784 16792 16800 16808 16816 16824 16832 16840 16848 16856 16864 16872 16880 16888 16896 16904 16912 16920 16928 16936 16944 16952 16960 16968 16976 16984 16992 17000 17008 17016 17024 17032 17040 17048 17056 17064 17072 17080 17088 17096 17104 17112 17120 17128 17136 17144 17152 17160 17168 17176 17184 17192 17200 17208 17216 17224 17232 17240 17248 17256 17264 17272 17280 17288 17296 17304 17312 17320 17328 17336 17344 17352 17360 17368 17376 17384 17392 17400 17408 17416 17424 17432 17440 17448 17456 17464 17472 17480 17488 17496 17504 17512 17520 17528 17536 17544 17552 17560 17568 17576 17584 17592 17600 17608 17616 17624 17632 17640 17648 17656 17664 17672 17680 17688 17696 17704 17712 17720 17728 17736 17744 17752 17760 17768 17776 17784 17792 17800 17808 17816 17824 17832 17840 17848 17856 17864 17872 17880 17888 17896 17904 17912 17920 17928 17936 17944 17952 17960 17968 17976 17984 17992 18000 18008 18016 18024 18032 18040 18048 18056 18064 18072 18080 18088 18096 18104 18112 18120 18128 18136 18144 18152 18160 18168 18176 18184 18192 18200 18208 18216 18224 18232 18240 18248 18256 18264 18272 18280 18288 18296 18304 18312 18320 18328 18336 18344 18352 18360 18368 18376 18384 18392 18400 18408 18416 18424 18432 18440 18448 18456 18464 18472 18480 18488 18496 18504 18512 18520 18528 18536 18544 18552 18560 18568 18576 18584 18592 18600 18608 18616 18624 18632 18640 18648 18656 18664 18672 18680 18688 18696 18704 18712 18720 18728 18736 18744 18752 18760 18768 18776 18784 18792 18800 18808 18816 18824 18832 18840 18848 18856 18864 18872 18880 18888 18896 18904 18912 18920 18928 18936 18944 18952 18960 18968 18976 18984 18992 19000 19008 19016 19024 19032 19040 19048 19056 19064 19072 19080 19088 19096 19104 19112 19120 19128 19136 19144 19152 19160 19168 19176 19184 19192 19200 19208 19216 19224 19232 19240 19248 19256 19264 19272 19280 19288 19296 19304 19312 19320 19328 19336 19344 19352 19360 19368 19376 19384 19392 19400 19408 19416 19424 19432 19440 19448 19456 19464 19472 19480 19488 19496 19504 19512 19520 19528 19536 19544 19552 19560 19568 19576 19584</DataArray>
        <DataArray type="UInt8" Name="types" NumberOfComponents="1" format="ascii">12 12 12 12 12 12 12 12 12 12 12 12 12 12 12 12 12 12 12 12 12 12 12 12 12 12 12 12 12 12 12 12 12 12 12 12 12 12 12 12 12 12 12 12 12 12 12 12 12 12 12 12 12 12 12 12 12 12 12 12 12 12 12 12 12 12 12 12 12 12 12 12 12 12 12 12 12 12 12 12 12 12 12 12 12 12 12 12 12 12 12 12 12 12 12 12 12 12 12 12 12 12 12 12 12 12 12 12 12 12 12 12 12 12 12 12 12 12 12 12 12 12 12 12 12 12 12 12 12 12 12 12 12 12 12 12 12 12 12 12 12 12 12 12 12 12 12 12 12 12 12 12 12 12 12 12 12 12 12 12 12 12 12 12 12 12 12 12 12 12 12 12 12 12 12 12 12 12 12 12 12 12 12 12 12 12 12 12 12 12 12 12 12 12 12 12 12 12 12 12 12 12 12 12 12 12 12 12 12 12 12 12 12 12 12 12 12 12 12 12 12 12 12 12 12 12 12 12 12 12 12 12 12 12 12 12 12 12 12 12 12 12 12 12 12 12 12 12 12 12 12 12 12 12 12 12 12 12 12 12 12 12 12 12 12 12 12 12 12 12 12 12 12 12 12 12 12 12 12 12 12 12 12 12 12 12 12 12 12 12 12 12 12 12 12 12 12 12 12 12 12 12 12 12 12 12 12 12 12 12 12 12 12 12 12 12 12 12 12 12 12 12 12 12 12 12 12 12 12 12 12 12 12 12 12 12 12 12 12 12 12 12 12 12 12 12 12 12 12 12 12 12 12 12 12 12 12 12 12 12 12 12 12 12 12 12 12 12 12 12 12 12 12 12 12 12 12 12 12 12 12 12 12 12 12 12 12 12 12 12 12 12 12 12 12 12 12 12 12 12 12 12 12 12 12 12 12 12 12 12 12 12 12 12 12 12 12 12 12 12 12 12 12 12 12 12 12 12 12 12 12 12 12 12 12 12 12 12 12 12 12 12 12 12 12 12 12 12 12 12 12 12 12 12 12 12 12 12 12 12 12 12 12 12 12 12 12 12 12 12 12 12 12 12 12 12 12 12 12 12 12 12 12 12 12 12 12 12 12 12 12 12 12 12 12 12 12 12 12 12 12 12 12 12 12 12 12 12 12 12 12 12 12 12 12 12 12 12 12 12 12 12 12 12 12 12 12 12 12 12 12 12 12 12 12 12 12 12 12 12 12 12 12 12 12 12 12 12 12 12 12 12 12 12 12 12 12 12 12 12 12 12 12 12 12 12 12 12 12 12 12 12 12 12 12 12 12 12 12 12 12 12 12 12 12 12 12 12 12 12 12 12 12 12 12 12 12 12 12 12 12 12 12 12 12 12 12 12 12 12 12 12 12 12 12 12 12 12 12 12 12 12 12 12 12 12 12 12 12 12 12 12 12 12 12 12 12 12 12 12 12 12 12 12 12 12 12 12 12 12 12 12 12 12 12 12 12 12 12 12 12 12 12 12 12 12 12 12 12 12 12 12 12 12 12 12 12 12 12 12 12 12 12 12 12 12 12 12 12 12 12 12 12 12 12 12 12 12 12 12 12 12 12 12 12 12 12 12 12 12 12 12 12 12 12 12 12 12 12 12 12 12 12 12 12 12 12 12 12 12 12 12 12 12 12 12 12 12 12 12 12 12 12 12 12 12 12 12 12 12 12 12 12 12 12 12 12 12 12 12 12 12 12 12 12 12 12 12 12 12 12 12 12 12 12 12 12 12 12 12 12 12 12 12 12 12 12 12 12 12 12 12 12 12 12 12 12 12 12 12 12 12 12 12 12 12 12 12 12 12 12 12 12 12 12 12 12 12 12 12 12 12 12 12 12 12 12 12 12 12 12 12 12 12 12 12 12 12 12 12 12 12 12 12 12 12 12 12 12 12 12 12 12 12 12 12 12 12 12 12 12 12 12 12 12 12 12 12 12 12 12 12 12 12 12 12 12 12 12 12 12 12 12 12 12 12 12 12 12 12 12 12 12 12 12 12 12 12 12 12 12 12 12 12 12 12 12 12 12 12 12 12 12 12 12 12 12 12 12 12 12 12 12 12 12 12 12 12 12 12 12 12 12 12 12 12 12 12 12 12 12 12 12 12 12 12 12 12 12 12 12 12 12 12 12 12 12 12 12 12 12 12 12 12 12 12 12 12 12 12 12 12 12 12 12 12 12 12 12 12 12 12 12 12 12 12 12 12 12 12 12 12 12 12 12 12 12 12 12 12 12 12 12 12 12 12 12 12 12 12 12 12 12 12 12 12 12 12 12 12 12 12 12 12 12 12 12 12 12 12 12 12 12 12 12 12 12 12 12 12 12 12 12 12 12 12 12 12 12 12 12 12 12 12 12 12 12 12 12 12 12 12 12 12 12 12 12 12 12 12 12 12 12 12 12 12 12 12 12 12 12 12 12 12 12 12 12 12 12 12 12 12 12 12 12 12 12 12 12 12 12 12 12 12 12 12 12 12 12 12 12 12 12 12 12 12 12 12 12 12 12 12 12 12 12 12 12 12 12 12 12 12 12 12 12 12 12 12 12 12 12 12 12 12 12 12 12 12 12 12 12 12 12 12 12 12 12 12 12 12 12 12 12 12 12 12 12 12 12 12 12 12 12 12 12 12 12 12 12 12 12 12 12 12 12 12 12 12 12 12 12 12 12 12 12 12 12 12 12 12 12 12 12 12 12 12 12 12 12 12 12 12 12 12 12 12 12 12 12 12 12 12 12 12 12 12 12 12 12 12 12 12 12 12 12 12 12 12 12 12 12 12 12 12 12 12 12 12 12 12 12 12 12 12 12 12 12 12 12 12 12 12 12 12 12 12 12 12 12 12 12 12 12 12 12 12 12 12 12 12 12 12 12 12 12 12 12 12 12 12 12 12 12 12 12 12 12 12 12 12 12 12 12 12 12 12 12 12 12 12 12 12 12 12 12 12 12 12 12 12 12 12 12 12 12 12 12 12 12 12 12 12 12 12 12 12 12 12 12 12 12 12 12 12 12 12 12 12 12 12 12 12 12 12 12 12 12 12 12 12 12 12 12 12 12 12 12 12 12 12 12 12 12 12 12 12 12 12 12 12 12 12 12 12 12 12 12 12 12 12 12 12 12 12 12 12 12 12 12 12 12 12 12 12 12 12 12 12 12 12 12 12 12 12 12 12 12 12 12 12 12 12 12 12 12 12 12 12 12 12 12 12 12 12 12 12 12 12 12 12 12 12 12 12 12 12 12 12 12 12 12 12 12 12 12 12 12 12 12 12 12 12 12 12 12 12 12 12 12 12 12 12 12 12 12 12 12 12 12 12 12 12 12 12 12 12 12 12 12 12 12 12 12 12 12 12 12 12 12 12 12 12 12 12 12 12 12 12 12 12 12 12 12 12 12 12 12 12 12 12 12 12 12 12 12 12 12 12 12 12 12 12 12 12 12 12 12 12 12 12 12 12 12 12 12 12 12 12 12 12 12 12 12 12 12 12 12 12 12 12 12 12 12 12 12 12 12 12 12 12 12 12 12 12 12 12 12 12 12 12 12 12 12 12 12 12 12 12 12 12 12 12 12 12 12 12 12 12 12 12 12 12 12 12 12 12 12 12 12 12 12 12 12 12 12 12 12 12 12 12 12 12 12 12 12 12 12 12 12 12 12 12 12 12 12 12 12 12 12 12 12 12 12 12 12 12 12 12 12 12 12 12 12 12 12 12 12 12 12 12 12 12 12 12 12 12 12 12 12 12 12 12 12 12 12 12 12 12 12 12 12 12 12 12 12 12 12 12 12 12 12 12 12 12 12 12 12 12 12 12 12 12 12 12 12 12 12 12 12 12 12 12 12 12 12 12 12 12 12 12 12 12 12 12 12 12 12 12 12 12 12 12 12 12 12 12 12 12 12 12 12 12 12 12 12 12 12 12 12 12 12 12 12 12 12 12 12 12 12 12 12 12 12 12 12 12 12 12 12 12 12 12 12 12 12 12 12 12 12 12 12 12 12 12 12 12 12 12 12 12 12 12 12 12 12 12 12 12 12 12 12 12 12 12 12 12 12 12 12 12 12 12 12 12 12 12 12 12 12 12 12 12 12 12 12 12 12 12 12 12 12 12 12 12 12 12 12 12 12 12 12 12 12 12 12 12 12 12 12 12 12 12 12 12 12 12 12 12 12 12 12 12 12 12 12 12 12 12 12 12 12 12 12 12 12 12 12 12 12 12 12 12 12 12 12 12 12 12 12 12 12 12 12 12 12 12 12 12 12 12 12 12 12 12 12 12 12 12 12 12 12 12 12 12 12 12 12 12 12 12 12 12 12 12 12 12 12 12 12 12 12 12 12 12 12 12 12 12 12 12 12 12 12 12 12 12 12 12 12 12 12 12 12 12 12 12 12 12 12 12 12 12 12 12 12 12 12 12 12 12 12 12 12 12 12 12 12 12 12 12 12 12 12 12 12 12 12 12 12 12 12 12 12 12 12 12 12 12 12 12 12 12 12 12 12 12 12 12 12 12 12 12 12 12 12 12 12 12 12 12 12 12 12 12 12 12 12 12 12 12 12 12 12 12 12 12 12 12 12 12 12 12 12 12 12 12 12 12 12 12 12 12 12 12 12 12 12 12 12 12 12 12 12 12 12 12 12 12 12 12 12 12 12 12 12 12 12 12 12 12 12 12 12 12 12 12 12 12 12 12 12 12 12 12 12 12 12 12 12 12 12 12 12 12 12 12 12 12 12 12 12 12 12 12 12 12 12 12 12 12 12 12 12 12 12 12 12 12 12 12 12 12 12 12 12 12 12 12 12 12 12 12 12 12 12 12 12 12 12 12 12 12 12 12 12 12 12 12 12 12 12 12 12 12 12 12 12 12 12 12 12 12 12 12 12 12 12 12 12 12 12 12 12 12 12 12 12 12 12 12 12 12 12 12 12 12 12 12 12 12 12 12 12 12 12 12 12 12 12 12 12 12 12 12 12 12 12 12 12 12 12 12 12 12 12 12 12 12 12 12 12 12 12 12 12 12 12 12 12 12 12 12 12 12 12 12 12 12 12 12 12 12 12 12 12 12 12 12 12 12 12 12 12 12 12 12 12 12 12 12 12 12 12 12 12 12 12 12 12 12 12 12 12 12 12 12 12 12 12 12 12 12 12 12 12 12 12 12 12 12 12 12 12 12 12 12 12 12 12 12 12 12 12 12 12 12 12 12 12 12 12 12 12 12 12 12 12 12 12 12 12 12 12 12 12 12 12 12 12 12 12 12 12 12 12 12 12 12 12 12 12 12 12 12 12 12 12 12 12 12 12 12 12 12 12 12 12 12 12 12 12 12 12 12 12 12 12 12 12 12 12 12 12 12 12 12 12 12 12 12 12 12 12 12 12 12 12 12 12 12 12 12 12 12 12 12 12 12 12 12 12 12 12 12 12 12 12 12 12 12 12 12 12 12 12 12 12 12 12 12 12 12 12 12 12 12 12 12 12 12 12 12 12 12 12 12 12 12</DataArray>
      </Cells>
      <PointData>
        <DataArray type="Float64" Name="Displacement" NumberOfComponents="3" format="ascii">0.4243164658546448 -1.0668456554412842 -11.489995002746582 0.4225095808506012 -1.0669724941253662 -11.498152732849121 0.5366443395614624 -0.9861067533493042 -13.589767456054688 0.5407317280769348 -0.9865512847900391 -13.616497993469238 0.4242563247680664 -1.0654520988464355 -10.983892440795898 0.42239639163017273 -1.0653080940246582 -10.992578506469727 0.5365002751350403 -0.9898191690444946 -13.088926315307617 0.5402984023094177 -0.9896355867385864 -13.114297866821289 -0.3078993558883667 -1.269850492477417 -14.405413627624512 -0.30327117443084717 -1.2696254253387451 -14.41222858428955 -0.134657621383667 -1.114167332649231 -10.115175247192383 -0.1366184949874878 -1.1138427257537842 -10.034770011901855 -0.3081691265106201 -1.273890733718872 -14.947189331054688 -0.30346858501434326 -1.274193525314331 -14.952862739562988 -0.13504266738891602 -1.1121519804000854 -10.583066940307617 -0.13741695880889893 -1.1121586561203003 -10.503605842590332 -0.08091260492801666 -1.0583903789520264 -11.49030590057373 -0.08121774345636368 -1.056689739227295 -10.983859062194824 -0.08302059024572372 -1.056658387184143 -10.992587089538574 -0.0828820988535881 -1.0584330558776855 -11.498184204101562 0.0358479768037796 -0.9645007848739624 -13.088991165161133 0.03591224551200867 -0.960771918296814 -13.58979606628418 0.03962671756744385 -0.9644292593002319 -13.114217758178711 0.039538368582725525 -0.9608875513076782 -13.615472793579102 0.23226585984230042 -1.2629072666168213 -14.405387878417969 0.23714551329612732 -1.2628321647644043 -14.412280082702637 0.33282315731048584 -1.194542646408081 -10.115177154541016 0.3311919569969177 -1.1944870948791504 -10.03459358215332 0.23213249444961548 -1.2678041458129883 -14.946471214294434 0.23702701926231384 -1.2674846649169922 -14.952896118164062 0.33283406496047974 -1.1924717426300049 -10.582987785339355 0.33092963695526123 -1.192514419555664 -10.502643585205078 -1.5122193098068237 -1.0354280471801758 -11.615002632141113 -1.5108137130737305 -1.0330365896224976 -11.107654571533203 -1.5141723155975342 -1.0335798263549805 -11.115875244140625 -1.5140576362609863 -1.0345690250396729 -11.622222900390625 -1.3804960250854492 -0.8914430141448975 -13.219511032104492 -1.3805217742919922 -0.8885388374328613 -13.720643997192383 -1.375640630722046 -0.891951322555542 -13.245000839233398 -1.3762431144714355 -0.888019323348999 -13.746192932128906 1.7597870826721191 -1.2455146312713623 -14.538435935974121 1.7666929960250854 -1.2460873126983643 -14.544610977172852 1.6552780866622925 -1.4225687980651855 -10.211576461791992 1.6532915830612183 -1.422957181930542 -10.130908966064453 1.7610193490982056 -1.2508909702301025 -15.080047607421875 1.7665729522705078 -1.249990463256836 -15.085831642150879 1.6552762985229492 -1.420030117034912 -10.678955078125 1.6530630588531494 -1.4200327396392822 -10.59832763671875 0.4243829548358917 -1.0662920475006104 -11.321914672851562 0.4244147539138794 -1.0659403800964355 -11.152946472167969 0.4224856197834015 -1.066202163696289 -11.329672813415527 0.4224444031715393 -1.0656964778900146 -11.161134719848633 0.5365929007530212 -0.987501859664917 -13.422821998596191 0.5365896224975586 -0.9887399673461914 -13.255857467651367 0.5405974388122559 -0.9873672723770142 -13.448719024658203 0.5404685735702515 -0.9885281324386597 -13.281795501708984 0.42221471667289734 -1.0637824535369873 -8.595738410949707 0.4177084267139435 -1.0646986961364746 -6.222533226013184 0.410674512386322 -1.0673998594284058 -3.8805859088897705 0.4014008045196533 -1.0714493989944458 -1.5871306657791138 0.39001721143722534 -1.0766481161117554 0.6422133445739746 0.376370370388031 -1.0823272466659546 2.789924144744873 0.3604753017425537 -1.0885266065597534 4.839540481567383 0.34215760231018066 -1.094906210899353 6.77225399017334 0.3215453028678894 -1.101574182510376 8.57158088684082 0.29863184690475464 -1.1084085702896118 10.220647811889648 0.27347782254219055 -1.1151024103164673 11.703191757202148 0.2459167242050171 -1.122019648551941 13.003928184509277 0.2168787121772766 -1.1287803649902344 14.10986042022705 0.18648722767829895 -1.1351994276046753 15.009800910949707 0.15481221675872803 -1.1415174007415771 15.694781303405762 0.12264873087406158 -1.1474064588546753 16.157943725585938 0.08963565528392792 -1.1530574560165405 16.394237518310547 0.05686035752296448 -1.1586424112319946 16.401094436645508 0.023773793131113052 -1.1636874675750732 16.178192138671875 -0.009338784962892532 -1.1686179637908936 15.725873947143555 -0.041972480714321136 -1.1729062795639038 15.045768737792969 -0.07363763451576233 -1.1768128871917725 14.143348693847656 -0.10357198119163513 -1.1806185245513916 13.028371810913086 -0.13212966918945312 -1.184453010559082 11.711992263793945 -0.15854346752166748 -1.1881016492843628 10.205747604370117 -0.18297266960144043 -1.1917375326156616 8.523902893066406 -0.20497608184814453 -1.1956075429916382 6.682283401489258 -0.2254103422164917 -1.199705719947815 4.69664192199707 -0.24314618110656738 -1.204897403717041 2.582392692565918 -0.25879567861557007 -1.2102524042129517 0.35741281509399414 -0.27192288637161255 -1.216447114944458 -1.9613200426101685 -0.283099889755249 -1.223781943321228 -4.355967998504639 -0.292535662651062 -1.2320743799209595 -6.812808513641357 -0.3001781702041626 -1.2423713207244873 -9.315726280212402 -0.3055574893951416 -1.2543182373046875 -11.85231876373291 0.4206613302230835 -1.063532829284668 -8.609827995300293 0.41659805178642273 -1.0641452074050903 -6.242950916290283 0.4096919894218445 -1.0665322542190552 -3.9075968265533447 0.40072697401046753 -1.0703656673431396 -1.62064528465271 0.3894847631454468 -1.0752557516098022 0.6020059585571289 0.37605351209640503 -1.080662727355957 2.743210792541504 0.360179603099823 -1.0865875482559204 4.78611421585083 0.3420294523239136 -1.0927258729934692 6.712648391723633 0.32146966457366943 -1.0991058349609375 8.505990982055664 0.29873573780059814 -1.1056383848190308 10.149435043334961 0.27353644371032715 -1.1121375560760498 11.626760482788086 0.24632379412651062 -1.1187976598739624 12.922928810119629 0.21741577982902527 -1.1254163980484009 14.025339126586914 0.18708536028862 -1.1316903829574585 14.922199249267578 0.15570375323295593 -1.1378146409988403 15.604975700378418 0.12351307272911072 -1.1437129974365234 16.066926956176758 0.09081898629665375 -1.149290919303894 16.302814483642578 0.058017343282699585 -1.154933214187622 16.3099308013916 0.02512095309793949 -1.159955382347107 16.087875366210938 -0.007843241095542908 -1.1649012565612793 15.636898040771484 -0.04038430005311966 -1.1692736148834229 14.959480285644531 -0.07181976735591888 -1.1734086275100708 14.060615539550781 -0.10172057151794434 -1.1773265600204468 12.949789047241211 -0.13006630539894104 -1.1813513040542603 11.637908935546875 -0.15645569562911987 -1.1851822137832642 10.136804580688477 -0.18068575859069824 -1.189133644104004 8.460336685180664 -0.20273834466934204 -1.1932432651519775 6.624485969543457 -0.22291254997253418 -1.1976649761199951 4.644515037536621 -0.24058550596237183 -1.2030115127563477 2.5357837677001953 -0.256025493144989 -1.2086650133132935 0.31652164459228516 -0.2690578103065491 -1.2151106595993042 -1.9965827465057373 -0.28008604049682617 -1.2225898504257202 -4.3863043785095215 -0.28916215896606445 -1.2311497926712036 -6.837552547454834 -0.2963711619377136 -1.241602897644043 -9.334954261779785 -0.30125898122787476 -1.2539963722229004 -11.86501407623291 0.534778892993927 -1.0024075508117676 -10.729409217834473 0.531200110912323 -1.012299656867981 -8.384101867675781 0.5254755020141602 -1.0199300050735474 -6.065711975097656 0.5175591111183167 -1.026544213294983 -3.7889933586120605 0.507524847984314 -1.032125473022461 -1.5696687698364258 0.49520552158355713 -1.0372098684310913 0.5761528015136719 0.4808695316314697 -1.041658878326416 2.6324729919433594 0.464397668838501 -1.0456392765045166 4.583747863769531 0.4459407925605774 -1.0491207838058472 6.414979934692383 0.4254302382469177 -1.0524643659591675 8.11088752746582 0.402983695268631 -1.0555238723754883 9.656854629516602 0.3788072168827057 -1.0586096048355103 11.03961181640625 0.3529367446899414 -1.0616275072097778 12.246402740478516 0.3257107138633728 -1.0645989179611206 13.266164779663086 0.29718127846717834 -1.0677181482315063 14.090003967285156 0.267330139875412 -1.0707703828811646 14.709386825561523 0.2365410178899765 -1.0738039016723633 15.117454528808594 0.20550499856472015 -1.0771770477294922 15.309977531433105 0.1746460199356079 -1.0811970233917236 15.286661148071289 0.14430470764636993 -1.084977388381958 15.049776077270508 0.11456907540559769 -1.0890864133834839 14.60268497467041 0.0856945812702179 -1.0934839248657227 13.950765609741211 0.05797785520553589 -1.0978610515594482 13.102014541625977 0.03158953785896301 -1.1025406122207642 12.065164566040039 0.006638765335083008 -1.1071279048919678 10.850683212280273 -0.016431108117103577 -1.1119109392166138 9.4718017578125 -0.03754071891307831 -1.1162735223770142 7.941920280456543 -0.05667652189731598 -1.1202389001846313 6.275644302368164 -0.07378697395324707 -1.12382972240448 4.487458229064941 -0.08890244364738464 -1.1263281106948853 2.593552827835083 -0.10198429226875305 -1.128409743309021 0.6093071699142456 -0.11296802759170532 -1.1291905641555786 -1.4497042894363403 -0.12168136239051819 -1.128708004951477 -3.5668411254882812 -0.12786859273910522 -1.1263961791992188 -5.72650146484375 -0.13207465410232544 -1.1213023662567139 -7.913206577301025 0.5382550954818726 -1.0021402835845947 -10.750418663024902 0.5343878865242004 -1.0117439031600952 -8.400025367736816 0.5283059477806091 -1.0191633701324463 -6.076375961303711 0.5203582644462585 -1.0254772901535034 -3.7941341400146484 0.5099890828132629 -1.0307787656784058 -1.5692939758300781 0.4975687861442566 -1.0357202291488647 0.5817508697509766 0.4832250475883484 -1.039910912513733 2.643575668334961 0.4665669798851013 -1.043662190437317 4.60038948059082 0.44804006814956665 -1.0469201803207397 6.437417984008789 0.42752015590667725 -1.0499860048294067 8.139215469360352 0.40490615367889404 -1.0528538227081299 9.6907958984375 0.3806772232055664 -1.0557140111923218 11.078811645507812 0.3546275496482849 -1.0586012601852417 12.290386199951172 0.32735538482666016 -1.0614604949951172 13.314590454101562 0.2988598942756653 -1.0644139051437378 14.143241882324219 0.2687412202358246 -1.0673965215682983 14.767253875732422 0.2379545122385025 -1.0703052282333374 15.179702758789062 0.20686428248882294 -1.0737189054489136 15.37584114074707 0.17594164609909058 -1.077783226966858 15.355873107910156 0.14542849361896515 -1.0815365314483643 15.122030258178711 0.11556321382522583 -1.0857409238815308 14.67717456817627 0.08646966516971588 -1.0902565717697144 14.02646255493164 0.058803558349609375 -1.0947493314743042 13.178592681884766 0.03226965665817261 -1.09967041015625 12.142173767089844 0.0072250813245773315 -1.1043885946273804 10.928107261657715 -0.015983805060386658 -1.109380841255188 9.549121856689453 -0.03723827004432678 -1.1139620542526245 8.01894760131836 -0.05643099546432495 -1.11815345287323 6.352316856384277 -0.07368460297584534 -1.1220242977142334 4.563796043395996 -0.08892488479614258 -1.1246981620788574 2.6701531410217285 -0.10210222005844116 -1.1270904541015625 0.685712993144989 -0.11341094970703125 -1.1281193494796753 -1.3729828596115112 -0.12228947877883911 -1.1279077529907227 -3.4894795417785645 -0.1288357973098755 -1.1258299350738525 -5.6481032371521 -0.133372962474823 -1.1209243535995483 -7.83317756652832 -0.3081667423248291 -1.271310567855835 -14.585348129272461 -0.30813920497894287 -1.2727587223052979 -14.766222953796387 -0.30331718921661377 -1.2710323333740234 -14.592434883117676 -0.3034176826477051 -1.272538423538208 -14.77263355255127 -0.1349305510520935 -1.1134580373764038 -10.271055221557617 -0.13498032093048096 -1.1128275394439697 -10.4270601272583 -0.13692450523376465 -1.113520860671997 -10.19109058380127 -0.13708817958831787 -1.113002896308899 -10.347156524658203 0.42415887117385864 -1.0669212341308594 -11.493328094482422 0.42345792055130005 -1.0669598579406738 -11.495931625366211 0.40951746702194214 -1.0658962726593018 -11.533714294433594 0.3988933265209198 -1.0632128715515137 -11.569046020507812 0.39053595066070557 -1.060394048690796 -11.605504035949707 0.38396915793418884 -1.0571085214614868 -11.644768714904785 0.37888622283935547 -1.0532499551773071 -11.686821937561035 0.3759670555591583 -1.0495274066925049 -11.732095718383789 0.3737787902355194 -1.046321153640747 -11.782698631286621 0.37329569458961487 -1.0429236888885498 -11.84135913848877 0.3742865324020386 -1.0392893552780151 -11.90733814239502 0.3763667643070221 -1.0357251167297363 -11.980205535888672 0.379934161901474 -1.0319538116455078 -12.06042194366455 0.3842696249485016 -1.0282173156738281 -12.147221565246582 0.3900630474090576 -1.0244572162628174 -12.240921020507812 0.39651283621788025 -1.0207762718200684 -12.341985702514648 0.4045788645744324 -1.0173840522766113 -12.450830459594727 0.4135484993457794 -1.0137091875076294 -12.566503524780273 0.42416268587112427 -1.0100698471069336 -12.688724517822266 0.43575453758239746 -1.0063724517822266 -12.815645217895508 0.4490581750869751 -1.0027155876159668 -12.946800231933594 0.46326637268066406 -0.9985545873641968 -13.079337120056152 0.47896382212638855 -0.9943925142288208 -13.210186004638672 0.49631792306900024 -0.9909607172012329 -13.339327812194824 0.5153775215148926 -0.9878526926040649 -13.466062545776367 0.5381613969802856 -0.9861727952957153 -13.598749160766602 0.5394660234451294 -0.9862842559814453 -13.607368469238281 0.4238276183605194 -1.0654058456420898 -10.98681640625 0.42316368222236633 -1.0653600692749023 -10.989725112915039 0.4093019366264343 -1.0642814636230469 -11.032904624938965 0.39860060811042786 -1.0623419284820557 -11.073593139648438 0.390217661857605 -1.0597755908966064 -11.115387916564941 0.383678138256073 -1.056684136390686 -11.15937614440918 0.3786202371120453 -1.0531518459320068 -11.205757141113281 0.375596284866333 -1.0496251583099365 -11.254392623901367 0.37353071570396423 -1.046504020690918 -11.308399200439453 0.37304091453552246 -1.0433850288391113 -11.369571685791016 0.37393271923065186 -1.0399726629257202 -11.437490463256836 0.3761013150215149 -1.0364447832107544 -11.511893272399902 0.37956321239471436 -1.0328235626220703 -11.592364311218262 0.3839447498321533 -1.029240608215332 -11.67919635772705 0.38959136605262756 -1.0256807804107666 -11.772588729858398 0.39621055126190186 -1.0221909284591675 -11.873046875 0.40431371331214905 -1.0188096761703491 -11.9805908203125 0.41321060061454773 -1.015390157699585 -12.094314575195312 0.42376887798309326 -1.0119273662567139 -12.214122772216797 0.4354589879512787 -1.0084425210952759 -12.33812141418457 0.4486628472805023 -1.0049108266830444 -12.465888977050781 0.46293875575065613 -1.001047968864441 -12.59499740600586 0.4786517322063446 -0.9971674680709839 -12.722037315368652 0.4960886836051941 -0.9938639402389526 -12.8468017578125 0.5151439309120178 -0.9913201332092285 -12.969112396240234 0.5378848910331726 -0.9897654056549072 -13.097397804260254 0.539249062538147 -0.9896976947784424 -13.105844497680664 -0.3066061735153198 -1.2697679996490479 -14.40770149230957 -0.30500757694244385 -1.2696990966796875 -14.409981727600098 -0.27814996242523193 -1.2679646015167236 -14.44322395324707 -0.25620442628860474 -1.2649815082550049 -14.47054386138916 -0.2370067834854126 -1.26088547706604 -14.492066383361816 -0.2197135090827942 -1.2557988166809082 -14.504715919494629 -0.20403552055358887 -1.2497625350952148 -14.504470825195312 -0.1899774670600891 -1.2430282831192017 -14.488739013671875 -0.177523672580719 -1.235649585723877 -14.453801155090332 -0.16622042655944824 -1.2279480695724487 -14.398153305053711 -0.155478835105896 -1.2198773622512817 -14.319591522216797 -0.14612089097499847 -1.2108688354492188 -14.214606285095215 -0.13776464760303497 -1.2008886337280273 -14.078508377075195 -0.1303233802318573 -1.1909515857696533 -13.909553527832031 -0.12389194965362549 -1.181182861328125 -13.708537101745605 -0.11846593022346497 -1.1711795330047607 -13.475882530212402 -0.11393070220947266 -1.1614407300949097 -13.212035179138184 -0.11011382937431335 -1.1526033878326416 -12.921175003051758 -0.10744261741638184 -1.1453677415847778 -12.609013557434082 -0.10678009688854218 -1.1394374370574951 -12.282575607299805 -0.10745923221111298 -1.1337720155715942 -11.943183898925781 -0.10911403596401215 -1.1281263828277588 -11.592852592468262 -0.11205369234085083 -1.1233618259429932 -11.23305892944336 -0.11755833029747009 -1.1193054914474487 -10.865928649902344 -0.12478548288345337 -1.1160082817077637 -10.492890357971191 -0.1354309320449829 -1.1140596866607666 -10.088418006896973 -0.13603460788726807 -1.1139557361602783 -10.06157112121582 -0.30675482749938965 -1.274085283279419 -14.948843955993652 -0.30504417419433594 -1.2742478847503662 -14.950834274291992 -0.2785264849662781 -1.2720239162445068 -14.97916030883789 -0.2567899823188782 -1.268479347229004 -15.001317977905273 -0.23755455017089844 -1.2640876770019531 -15.01815414428711 -0.22029554843902588 -1.2587714195251465 -15.027053833007812 -0.2047913670539856 -1.252396821975708 -15.023567199707031 -0.19062721729278564 -1.2453744411468506 -15.004487991333008 -0.1783301830291748 -1.2377556562423706 -14.96662712097168 -0.1672433614730835 -1.230002522468567 -14.908712387084961 -0.1563379466533661 -1.2218403816223145 -14.827535629272461 -0.14723116159439087 -1.212371587753296 -14.720403671264648 -0.13889002799987793 -1.2021688222885132 -14.581427574157715 -0.13122141361236572 -1.1918107271194458 -14.409318923950195 -0.12497978657484055 -1.1820451021194458 -14.20531940460205 -0.11938810348510742 -1.1717230081558228 -13.969252586364746 -0.11476169526576996 -1.1617144346237183 -13.701985359191895 -0.11092357337474823 -1.1526399850845337 -13.40774917602539 -0.1081639751791954 -1.1450709104537964 -13.092267036437988 -0.10726593434810638 -1.1390557289123535 -12.76331615447998 -0.10821068286895752 -1.1331923007965088 -12.421516418457031 -0.1095418930053711 -1.127110242843628 -12.068246841430664 -0.11238935589790344 -1.1222448348999023 -11.706168174743652 -0.1181008517742157 -1.1175765991210938 -11.337112426757812 -0.12513414025306702 -1.1138920783996582 -10.961870193481445 -0.13555476069450378 -1.1123018264770508 -10.556244850158691 -0.13635849952697754 -1.1123350858688354 -10.529911994934082 -0.08101078867912292 -1.057814598083496 -11.321571350097656 -0.08116552978754044 -1.0571786165237427 -11.152780532836914 -0.08177082985639572 -1.0566871166229248 -10.9867582321167 -0.08236443251371384 -1.056684136390686 -10.989675521850586 -0.08293461054563522 -1.0578241348266602 -11.32968521118164 -0.08297547698020935 -1.057214379310608 -11.161161422729492 -0.08168427646160126 -1.0584182739257812 -11.492883682250977 -0.08238963782787323 -1.0584698915481567 -11.495600700378418 -0.09115484356880188 -1.0556937456130981 -11.033005714416504 -0.09642357379198074 -1.0536372661590576 -11.07381820678711 -0.09964275360107422 -1.0507214069366455 -11.115633964538574 -0.10156922042369843 -1.0471209287643433 -11.159717559814453 -0.10236305743455887 -1.0431119203567505 -11.206131935119629 -0.10183526575565338 -1.0388474464416504 -11.254719734191895 -0.10061377286911011 -1.0343602895736694 -11.308735847473145 -0.09865415096282959 -1.0297150611877441 -11.369937896728516 -0.09583394229412079 -1.0249075889587402 -11.437878608703613 -0.09229403734207153 -1.020012617111206 -11.51224422454834 -0.08826407790184021 -1.0151077508926392 -11.59273624420166 -0.08387462794780731 -1.0101535320281982 -11.679569244384766 -0.07850050926208496 -1.0051398277282715 -11.77294921875 -0.07253314554691315 -1.0001381635665894 -11.873432159423828 -0.06581654399633408 -0.9953409433364868 -11.980911254882812 -0.058728426694869995 -0.9905729293823242 -12.094676971435547 -0.05062200129032135 -0.9860187768936157 -12.2144775390625 -0.041892364621162415 -0.9817149639129639 -12.338459968566895 -0.032097578048706055 -0.977580189704895 -12.466212272644043 -0.02135506272315979 -0.9738200902938843 -12.595317840576172 -0.00945928692817688 -0.9704649448394775 -12.722347259521484 0.0036652684211730957 -0.9676289558410645 -12.847036361694336 0.0184190571308136 -0.9657046794891357 -12.969263076782227 0.035864174365997314 -0.9620208740234375 -13.422908782958984 0.03586265444755554 -0.9632472991943359 -13.255966186523438 -0.09120911359786987 -1.0570833683013916 -11.534008979797363 -0.09629587084054947 -1.0545690059661865 -11.569507598876953 -0.09949330240488052 -1.051367998123169 -11.605883598327637 -0.10133463144302368 -1.0475714206695557 -11.645088195800781 -0.10201548039913177 -1.0432337522506714 -11.687238693237305 -0.10155129432678223 -1.0387399196624756 -11.732477188110352 -0.1003866195678711 -1.0341156721115112 -11.783201217651367 -0.09828085452318192 -1.0293205976486206 -11.841712951660156 -0.09546948224306107 -1.0243217945098877 -11.907706260681152 -0.09191055595874786 -1.0192511081695557 -11.980559349060059 -0.08794372528791428 -1.014288306236267 -12.06081771850586 -0.08355721831321716 -1.0091317892074585 -12.147687911987305 -0.07810170948505402 -1.003920316696167 -12.241449356079102 -0.07221368700265884 -0.9987845420837402 -12.342435836791992 -0.06552022695541382 -0.9938110113143921 -12.451425552368164 -0.05838477611541748 -0.9889364242553711 -12.56700325012207 -0.05023115873336792 -0.9841763973236084 -12.689079284667969 -0.04160945117473602 -0.9797251224517822 -12.816123962402344 -0.03176411986351013 -0.9753427505493164 -12.947160720825195 -0.02103811502456665 -0.9713912010192871 -13.079586029052734 -0.009134382009506226 -0.9677469730377197 -13.210467338562012 0.0038982927799224854 -0.9646824598312378 -13.339643478393555 0.018511459231376648 -0.9622405767440796 -13.466361045837402 0.03714762628078461 -0.9644509553909302 -13.097419738769531 0.038357123732566833 -0.9644266366958618 -13.10582160949707 0.03952397406101227 -0.9621617794036865 -13.448678970336914 0.039518192410469055 -0.9632221460342407 -13.281404495239258 0.037138909101486206 -0.9608231782913208 -13.598508834838867 0.03834347426891327 -0.9608367681503296 -13.607032775878906 -0.0811859592795372 -1.049475908279419 -8.595712661743164 -0.08072864264249802 -1.043831706047058 -6.222406387329102 -0.07923392951488495 -1.039817214012146 -3.880467414855957 -0.07651868462562561 -1.03725266456604 -1.5869131088256836 -0.07249865680932999 -1.0354821681976318 0.6423399448394775 -0.06701439619064331 -1.0345557928085327 2.7901268005371094 -0.06017594784498215 -1.0337944030761719 4.839651584625244 -0.05208916589617729 -1.033874273300171 6.772556304931641 -0.04267366975545883 -1.0343228578567505 8.571784019470215 -0.03200867027044296 -1.03537917137146 10.220884323120117 -0.020523108541965485 -1.0368492603302002 11.703582763671875 -0.008193664252758026 -1.0389963388442993 13.00429630279541 0.005006276071071625 -1.0420289039611816 14.110183715820312 0.01908855140209198 -1.0453778505325317 15.010167121887207 0.03365262970328331 -1.0493245124816895 15.695106506347656 0.04865407198667526 -1.0539437532424927 16.158363342285156 0.06400902569293976 -1.0591373443603516 16.394441604614258 0.0796051025390625 -1.0650415420532227 16.401386260986328 0.09520672261714935 -1.0707902908325195 16.178495407104492 0.11027472466230392 -1.077213168144226 15.726140975952148 0.12510472536087036 -1.0841325521469116 15.046028137207031 0.13939067721366882 -1.0918278694152832 14.143560409545898 0.15310226380825043 -1.099822759628296 13.028705596923828 0.1660747230052948 -1.1083285808563232 11.712308883666992 0.1781587153673172 -1.1172891855239868 10.206012725830078 0.189316987991333 -1.1264456510543823 8.524177551269531 0.19934125244617462 -1.1362591981887817 6.682562828063965 0.20802760124206543 -1.1461098194122314 4.696804046630859 0.2153959721326828 -1.1570309400558472 2.582472801208496 0.22163374722003937 -1.16831374168396 0.3575124740600586 0.22638052701950073 -1.1803230047225952 -1.9610483646392822 0.22989830374717712 -1.1928703784942627 -4.355739116668701 0.23190179467201233 -1.2069307565689087 -6.812393665313721 0.23269116878509521 -1.222804307937622 -9.315406799316406 0.2326362133026123 -1.2414462566375732 -11.85207748413086 0.23388084769248962 -1.2628915309906006 -14.407679557800293 0.23550955951213837 -1.2628726959228516 -14.409991264343262 -0.08311035484075546 -1.0494182109832764 -8.60975456237793 -0.08229716867208481 -1.0439146757125854 -6.242769241333008 -0.0805618166923523 -1.0400068759918213 -3.9073524475097656 -0.07764033228158951 -1.0375937223434448 -1.6203672885894775 -0.07339128851890564 -1.035936713218689 0.6023030281066895 -0.06779893487691879 -1.0351462364196777 2.7435712814331055 -0.06092425063252449 -1.0345066785812378 4.7864885330200195 -0.0526060052216053 -1.034735918045044 6.713096618652344 -0.04310990869998932 -1.0353072881698608 8.506467819213867 -0.032387711107730865 -1.0364712476730347 10.149991989135742 -0.020693227648735046 -1.038042664527893 11.627374649047852 -0.008125782012939453 -1.0402950048446655 12.923595428466797 0.0052575841546058655 -1.0433460474014282 14.026023864746094 0.01956382393836975 -1.0467901229858398 14.922910690307617 0.03426627442240715 -1.0507851839065552 15.60567855834961 0.04951842874288559 -1.055449366569519 16.067668914794922 0.0651058778166771 -1.0606024265289307 16.303543090820312 0.08083081245422363 -1.0665221214294434 16.31066131591797 0.09652778506278992 -1.0722548961639404 16.088634490966797 0.11187907308340073 -1.078611135482788 15.637651443481445 0.12685492634773254 -1.085510015487671 14.960226058959961 0.14140036702156067 -1.093125343322754 14.061351776123047 0.15529194474220276 -1.1011077165603638 12.950454711914062 0.16840152442455292 -1.1095343828201294 11.638542175292969 0.18062549829483032 -1.1184216737747192 10.137361526489258 0.1919224113225937 -1.1274807453155518 8.460857391357422 0.20204201340675354 -1.137169599533081 6.625 0.21081744134426117 -1.1468397378921509 4.644991874694824 0.21848854422569275 -1.1576817035675049 2.536200523376465 0.22472389042377472 -1.168819785118103 0.3168954849243164 0.22972139716148376 -1.180770754814148 -1.9962767362594604 0.23332145810127258 -1.193243384361267 -4.386003494262695 0.23566821217536926 -1.207203984260559 -6.837258815765381 0.23680412769317627 -1.2229758501052856 -9.334736824035645 0.23733113706111908 -1.241490125656128 -11.864893913269043 0.2572806477546692 -1.261737585067749 -14.443355560302734 0.2739834189414978 -1.2598140239715576 -14.470782279968262 0.28880318999290466 -1.2572522163391113 -14.492403030395508 0.3022170960903168 -1.254457950592041 -14.505067825317383 0.3145864009857178 -1.2514615058898926 -14.504899978637695 0.32531243562698364 -1.2484023571014404 -14.489175796508789 0.3349904417991638 -1.245270013809204 -14.454266548156738 0.3437993824481964 -1.2421493530273438 -14.39860725402832 0.35193419456481934 -1.2392545938491821 -14.320077896118164 0.3589206337928772 -1.2363990545272827 -14.21518325805664 0.36442840099334717 -1.233314871788025 -14.07907772064209 0.3689562678337097 -1.230249047279358 -13.910118103027344 0.37231308221817017 -1.2272114753723145 -13.709121704101562 0.37455201148986816 -1.2239480018615723 -13.476509094238281 0.37565720081329346 -1.220420241355896 -13.212623596191406 0.3759070038795471 -1.2167073488235474 -12.921709060668945 0.3754182457923889 -1.213165521621704 -12.60946273803711 0.37333250045776367 -1.2100939750671387 -12.282933235168457 0.37028488516807556 -1.2069218158721924 -11.943557739257812 0.3663870692253113 -1.2035009860992432 -11.593236923217773 0.36069828271865845 -1.2004804611206055 -11.23342514038086 0.35354018211364746 -1.197875738143921 -10.866201400756836 0.3440163731575012 -1.195767879486084 -10.493017196655273 0.035789236426353455 -0.9813661575317383 -10.729340553283691 0.036577314138412476 -0.9959104061126709 -8.383968353271484 0.03810027241706848 -1.0088164806365967 -6.065524101257324 0.040689557790756226 -1.0205458402633667 -3.7887630462646484 0.044512778520584106 -1.0314295291900635 -1.5694141387939453 0.04955010116100311 -1.041710615158081 0.576481819152832 0.05581946671009064 -1.0515048503875732 2.632844924926758 0.06320402026176453 -1.0608835220336914 4.584156036376953 0.07177019119262695 -1.0699169635772705 6.415409088134766 0.08152233064174652 -1.0789275169372559 8.111379623413086 0.09228301793336868 -1.0874316692352295 9.657367706298828 0.10406579822301865 -1.0956079959869385 11.040149688720703 0.11670741438865662 -1.1033151149749756 12.246986389160156 0.13011062145233154 -1.1107869148254395 13.266731262207031 0.14402532577514648 -1.11861252784729 14.090644836425781 0.15824493765830994 -1.1263220310211182 14.710086822509766 0.17280316352844238 -1.1336071491241455 15.118154525756836 0.18754470348358154 -1.1406991481781006 15.310657501220703 0.20222681760787964 -1.1479718685150146 15.28736686706543 0.21681484580039978 -1.1547443866729736 15.0504150390625 0.23111340403556824 -1.161133885383606 14.60334300994873 0.2448708415031433 -1.166786789894104 13.951408386230469 0.25796180963516235 -1.172175645828247 13.102595329284668 0.2703726291656494 -1.1775474548339844 12.065746307373047 0.28171414136886597 -1.1825312376022339 10.851223945617676 0.2920406460762024 -1.1873233318328857 9.472312927246094 0.3014346957206726 -1.1915358304977417 7.942386150360107 0.30970078706741333 -1.1953868865966797 6.2760725021362305 0.31670957803726196 -1.1988738775253296 4.48786735534668 0.3223857879638672 -1.201735258102417 2.593921184539795 0.32679980993270874 -1.2039432525634766 0.6096658706665039 0.32989150285720825 -1.2052192687988281 -1.4493813514709473 0.33184635639190674 -1.2054967880249023 -3.5666000843048096 0.33298903703689575 -1.204401969909668 -5.726318359375 0.33331698179244995 -1.2010934352874756 -7.913088798522949 0.33230721950531006 -1.1945140361785889 -10.08834171295166 0.33171916007995605 -1.1945016384124756 -10.061481475830078 0.039601460099220276 -0.9813530445098877 -10.750382423400879 0.03999868035316467 -0.9960577487945557 -8.39985466003418 0.04138992726802826 -1.009008526802063 -6.07618522644043 0.04380546510219574 -1.020909070968628 -3.793935775756836 0.047451600432395935 -1.031886339187622 -1.5690240859985352 0.052349403500556946 -1.0422494411468506 0.5819244384765625 0.0584658682346344 -1.052156686782837 2.6437435150146484 0.06577238440513611 -1.061629295349121 4.600637435913086 0.07425178587436676 -1.0708034038543701 6.4376373291015625 0.08386419713497162 -1.079911708831787 8.139394760131836 0.09454672038555145 -1.0885448455810547 9.691083908081055 0.10625322163105011 -1.0968141555786133 11.079158782958984 0.11867044866085052 -1.1045539379119873 12.290660858154297 0.1319839209318161 -1.1120717525482178 13.314868927001953 0.145785391330719 -1.1198976039886475 14.1434326171875 0.15982899069786072 -1.127655029296875 14.767534255981445 0.1742735207080841 -1.1349239349365234 15.17983627319336 0.18888503313064575 -1.1420142650604248 15.37600040435791 0.2034148871898651 -1.1493101119995117 15.356122970581055 0.2178269922733307 -1.1561282873153687 15.122319221496582 0.23189377784729004 -1.1624680757522583 14.677452087402344 0.24539053440093994 -1.1680456399917603 14.026688575744629 0.25850075483322144 -1.1733914613723755 13.178824424743652 0.27078598737716675 -1.1786532402038574 12.14246654510498 0.281948983669281 -1.183565616607666 10.9284086227417 0.29216498136520386 -1.188296914100647 9.549421310424805 0.30139297246932983 -1.1924158334732056 8.01923942565918 0.3095855712890625 -1.1961348056793213 6.352542400360107 0.3164353370666504 -1.1995201110839844 4.564104080200195 0.32202738523483276 -1.2022348642349243 2.670382261276245 0.3260883092880249 -1.2042878866195679 0.6859486103057861 0.32907867431640625 -1.2054693698883057 -1.3727467060089111 0.3307933211326599 -1.2056620121002197 -3.4892375469207764 0.3316972851753235 -1.2045187950134277 -5.647838115692139 0.3315984606742859 -1.2011082172393799 -7.833009719848633 0.23228894174098969 -1.2644212245941162 -14.585968971252441 0.23224858939647675 -1.2660090923309326 -14.766308784484863 0.23381930589675903 -1.2676873207092285 -14.94857120513916 0.23541665077209473 -1.2675683498382568 -14.950847625732422 0.23711970448493958 -1.2643835544586182 -14.592529296875 0.23709309101104736 -1.265927791595459 -14.77271842956543 0.25734472274780273 -1.265820026397705 -14.979584693908691 0.27394652366638184 -1.263319969177246 -15.00168228149414 0.2885860800743103 -1.2605245113372803 -15.018476486206055 0.30205413699150085 -1.2575123310089111 -15.027429580688477 0.31445765495300293 -1.2542567253112793 -15.024057388305664 0.3251235783100128 -1.2508220672607422 -15.005036354064941 0.3347289562225342 -1.2474610805511475 -14.967061996459961 0.3436959385871887 -1.2442231178283691 -14.909040451049805 0.3518017530441284 -1.2411234378814697 -14.82815933227539 0.358875572681427 -1.2379751205444336 -14.720977783203125 0.3643032908439636 -1.2345860004425049 -14.582015991210938 0.36872297525405884 -1.2313272953033447 -14.40987777709961 0.37206003069877625 -1.2279406785964966 -14.205856323242188 0.37425369024276733 -1.2244374752044678 -13.969686508178711 0.3753786087036133 -1.2206670045852661 -13.702529907226562 0.37573009729385376 -1.216665267944336 -13.408248901367188 0.37525713443756104 -1.2127435207366943 -13.092691421508789 0.3731333315372467 -1.2096831798553467 -12.763968467712402 0.37016671895980835 -1.206240177154541 -12.421960830688477 0.36601001024246216 -1.2025337219238281 -12.068553924560547 0.36053305864334106 -1.1992545127868652 -11.706558227539062 0.35331761837005615 -1.1962854862213135 -11.337386131286621 0.3438626527786255 -1.193800449371338 -10.962034225463867 0.3329308032989502 -1.1938755512237549 -10.271062850952148 0.3328784108161926 -1.1931965351104736 -10.427055358886719 0.3321372866630554 -1.1924207210540771 -10.556371688842773 0.33149874210357666 -1.1923985481262207 -10.529630661010742 0.3311580419540405 -1.1937389373779297 -10.190643310546875 0.3310547471046448 -1.1931626796722412 -10.346792221069336 -0.557377278804779 -1.0507521629333496 -11.531020164489746 -1.0341198444366455 -1.0429328680038452 -11.572957992553711 -0.5572484731674194 -1.0486152172088623 -11.024951934814453 -1.0336637496948242 -1.040701985359192 -11.066242218017578 -1.5118646621704102 -1.0346170663833618 -11.445918083190918 -1.511343240737915 -1.0339452028274536 -11.276936531066895 -0.559623658657074 -1.0487573146820068 -11.033698081970215 -1.0367326736450195 -1.041088342666626 -11.07476806640625 -1.5120620727539062 -1.0332200527191162 -11.110433578491211 -1.5130853652954102 -1.0334012508392334 -11.113178253173828 -0.5595780611038208 -1.0502018928527832 -11.539469718933105 -1.0366461277008057 -1.0421875715255737 -11.580816268920898 -1.5141115188598633 -1.0343797206878662 -11.453407287597656 -1.5141485929489136 -1.034009337425232 -11.284639358520508 -1.51271653175354 -1.0353461503982544 -11.617500305175781 -1.513267993927002 -1.0349454879760742 -11.6201171875 -0.4360683560371399 -0.9402244091033936 -13.132537841796875 -0.908158540725708 -0.9158835411071777 -13.176012992858887 -1.5108174085617065 -1.0336906909942627 -11.157320976257324 -1.5008158683776855 -1.0317031145095825 -11.197092056274414 -1.4879636764526367 -1.0277713537216187 -11.238058090209961 -1.4747066497802734 -1.0224761962890625 -11.281258583068848 -1.4637527465820312 -1.0163761377334595 -11.32676887512207 -1.4548637866973877 -1.009601354598999 -11.374377250671387 -1.444190502166748 -1.0013965368270874 -11.427801132202148 -1.4336071014404297 -0.9921373724937439 -11.488690376281738 -1.4250431060791016 -0.9829787015914917 -11.555990219116211 -1.4172708988189697 -0.9738010764122009 -11.630022048950195 -1.4130091667175293 -0.9646832942962646 -11.710460662841797 -1.4101026058197021 -0.9557057023048401 -11.797027587890625 -1.4050226211547852 -0.9466913938522339 -11.890718460083008 -1.4003264904022217 -0.9370769262313843 -11.991342544555664 -1.400012493133545 -0.92755126953125 -12.098678588867188 -1.395911455154419 -0.919176459312439 -12.21329116821289 -1.3934855461120605 -0.9111833572387695 -12.333581924438477 -1.39520263671875 -0.9041671752929688 -12.457907676696777 -1.393214225769043 -0.8988082408905029 -12.586423873901367 -1.3905041217803955 -0.8947141170501709 -12.716322898864746 -1.390147089958191 -0.8921985626220703 -12.844075202941895 -1.3903781175613403 -0.8907616138458252 -12.969626426696777 -1.388810157775879 -0.8902592658996582 -13.092610359191895 -0.43603819608688354 -0.9368245601654053 -13.633330345153809 -0.9080946445465088 -0.912818431854248 -13.676959037780762 -1.3805429935455322 -0.8893890380859375 -13.553545951843262 -1.3805301189422607 -0.8904018402099609 -13.386438369750977 -1.510745882987976 -1.0325366258621216 -11.659038543701172 -1.5005379915237427 -1.0296785831451416 -11.69357681274414 -1.4875919818878174 -1.0254392623901367 -11.728614807128906 -1.4741690158843994 -1.0200526714324951 -11.766317367553711 -1.463282823562622 -1.0147218704223633 -11.8077392578125 -1.454223871231079 -1.0077892541885376 -11.8525390625 -1.4433623552322388 -0.9994547367095947 -11.902494430541992 -1.432814121246338 -0.9903779625892639 -11.960250854492188 -1.4242651462554932 -0.9815033674240112 -12.025647163391113 -1.4165114164352417 -0.9725578427314758 -12.09799575805664 -1.412176251411438 -0.9639911651611328 -12.178396224975586 -1.4093618392944336 -0.9548649191856384 -12.265870094299316 -1.4041979312896729 -0.9455444812774658 -12.35936164855957 -1.3995290994644165 -0.9361730813980103 -12.460493087768555 -1.3991596698760986 -0.9271581172943115 -12.57036018371582 -1.3952717781066895 -0.9182045459747314 -12.685699462890625 -1.3928663730621338 -0.9109306335449219 -12.807933807373047 -1.3946212530136108 -0.9039924144744873 -12.93638801574707 -1.3927783966064453 -0.8979783058166504 -13.067375183105469 -1.3902595043182373 -0.8940742015838623 -13.19992446899414 -1.3900558948516846 -0.8919217586517334 -13.331988334655762 -1.3903247117996216 -0.8903272151947021 -13.46209716796875 -1.388779640197754 -0.8890249729156494 -13.589919090270996 -0.4318125247955322 -0.9403772354125977 -13.157727241516113 -0.9033635854721069 -0.916243314743042 -13.201315879821777 -1.3788775205612183 -0.8916163444519043 -13.228010177612305 -1.37733793258667 -0.8917751312255859 -13.236536979675293 -0.4320647716522217 -0.9366867542266846 -13.659162521362305 -0.9039590358734131 -0.9123637676239014 -13.702600479125977 -1.3762435913085938 -0.889531135559082 -13.579444885253906 -1.3761303424835205 -0.8907284736633301 -13.412471771240234 -1.3791697025299072 -0.8882462978363037 -13.729310989379883 -1.3777854442596436 -0.8880774974822998 -13.738092422485352 0.7409565448760986 -1.2569365501403809 -14.44958209991455 1.2500203847885132 -1.251095175743103 -14.49393367767334 -1.5038081407546997 -1.0100241899490356 -8.59370231628418 -1.4890376329421997 -0.9850311875343323 -6.219789981842041 -1.4635761976242065 -0.9618374109268188 -3.8775949478149414 -1.4271422624588013 -0.9392983913421631 -1.5836288928985596 -1.3792756795883179 -0.9190903902053833 0.6454944610595703 -1.320178747177124 -0.8981729745864868 2.7936811447143555 -1.2486439943313599 -0.879280686378479 4.84285831451416 -1.1658042669296265 -0.8588991761207581 6.776681900024414 -1.0715694427490234 -0.8435466885566711 8.575305938720703 -0.966217041015625 -0.8275970816612244 10.224733352661133 -0.8505773544311523 -0.8119524717330933 11.708030700683594 -0.7262705564498901 -0.8009285926818848 13.008694648742676 -0.593450129032135 -0.79400634765625 14.114418983459473 -0.45394402742385864 -0.7887758016586304 15.01418399810791 -0.3091862201690674 -0.7857652306556702 15.699335098266602 -0.16047954559326172 -0.7868528962135315 16.16241455078125 -0.00886756181716919 -0.7931846380233765 16.397552490234375 0.14394056797027588 -0.7987416982650757 16.40481185913086 0.2966375946998596 -0.8066806793212891 16.1818904876709 0.44788986444473267 -0.8175469636917114 15.729169845581055 0.5965855121612549 -0.832645058631897 15.048887252807617 0.7406432628631592 -0.8507593870162964 14.146135330200195 0.8781039118766785 -0.869560718536377 13.031558990478516 1.0080723762512207 -0.8911951780319214 11.71502685546875 1.129206657409668 -0.9141485691070557 10.208988189697266 1.2406127452850342 -0.9400383234024048 8.526782035827637 1.3413374423980713 -0.966739296913147 6.685159683227539 1.431911826133728 -0.9961364269256592 4.698326110839844 1.5109314918518066 -1.0227258205413818 2.5844545364379883 1.5785690546035767 -1.0509932041168213 0.35941171646118164 1.6344066858291626 -1.0769234895706177 -1.9583773612976074 1.6793956756591797 -1.1045695543289185 -4.3529438972473145 1.7138667106628418 -1.132391333580017 -6.809009075164795 1.7382895946502686 -1.165961742401123 -9.312719345092773 1.752961277961731 -1.2042291164398193 -11.849784851074219 0.7466287612915039 -1.2570643424987793 -14.456419944763184 1.2564589977264404 -1.2514739036560059 -14.500554084777832 1.7622989416122437 -1.2456905841827393 -14.540511131286621 1.7644729614257812 -1.2458595037460327 -14.542536735534668 -1.5084037780761719 -1.0108487606048584 -8.607478141784668 -1.4935264587402344 -0.9868541359901428 -6.24027681350708 -1.4677633047103882 -0.964648425579071 -3.904750347137451 -1.4309183359146118 -0.9431332945823669 -1.6177386045455933 -1.3831640481948853 -0.923923909664154 0.6051826477050781 -1.323602557182312 -0.9041236639022827 2.7463178634643555 -1.2523678541183472 -0.8863093852996826 4.789485931396484 -1.168772578239441 -0.8669683337211609 6.715789318084717 -1.0744309425354004 -0.8526277542114258 8.50944709777832 -0.9689465165138245 -0.8376972079277039 10.152811050415039 -0.8529458045959473 -0.8228958249092102 11.629962921142578 -0.7276802659034729 -0.8126581907272339 12.926143646240234 -0.5945992469787598 -0.8064308166503906 14.02837085723877 -0.4546710252761841 -0.8016808032989502 14.92539119720459 -0.30920058488845825 -0.7992333769798279 15.607998847961426 -0.1595354676246643 -0.8005403280258179 16.069923400878906 -0.007588863372802734 -0.8070976138114929 16.305801391601562 0.14553311467170715 -0.8126451969146729 16.312816619873047 0.29843923449516296 -0.8205685615539551 16.09050750732422 0.45046594738960266 -0.831238865852356 15.639530181884766 0.5999554395675659 -0.8460354804992676 14.96206283569336 0.7442725896835327 -0.8635766506195068 14.063047409057617 0.8819736838340759 -0.8817476034164429 12.951858520507812 1.0122849941253662 -0.9026466608047485 11.639989852905273 1.1338727474212646 -0.9247690439224243 10.13847541809082 1.2454742193222046 -0.9496668577194214 8.46223258972168 1.346853494644165 -0.9754575490951538 6.626441955566406 1.437074065208435 -1.0038691759109497 4.646961212158203 1.5164542198181152 -1.0294055938720703 2.5381860733032227 1.583762764930725 -1.0566542148590088 0.3192100524902344 1.639800786972046 -1.081471562385559 -1.9942128658294678 1.6846656799316406 -1.1082265377044678 -4.383602142333984 1.7198193073272705 -1.1350682973861694 -6.835282802581787 1.7451624870300293 -1.1677943468093872 -9.33253288269043 1.7609467506408691 -1.2050875425338745 -11.862970352172852 0.7736347317695618 -1.2706565856933594 -10.147307395935059 1.214341163635254 -1.3466475009918213 -10.179389953613281 -1.3754045963287354 -0.9208359718322754 -10.735600471496582 -1.3622844219207764 -0.9516122341156006 -8.390268325805664 -1.3398747444152832 -0.9786837100982666 -6.071855068206787 -1.307582139968872 -1.006540298461914 -3.7951955795288086 -1.2642028331756592 -1.0333311557769775 -1.5761003494262695 -1.2102890014648438 -1.056452751159668 0.5699052810668945 -1.1459696292877197 -1.0809659957885742 2.6263084411621094 -1.0714478492736816 -1.1063313484191895 4.57758903503418 -0.9864069223403931 -1.1320161819458008 6.408782958984375 -0.891216516494751 -1.1567492485046387 8.104888916015625 -0.7866928577423096 -1.1820220947265625 9.651004791259766 -0.6729756593704224 -1.2057290077209473 11.033794403076172 -0.5514495968818665 -1.2252388000488281 12.24102783203125 -0.4236001968383789 -1.2452569007873535 13.261062622070312 -0.2899928092956543 -1.2655982971191406 14.085424423217773 -0.15126585960388184 -1.285649299621582 14.70574951171875 -0.008751153945922852 -1.3050203323364258 15.114334106445312 0.1349421739578247 -1.322148323059082 15.307857513427734 0.27819669246673584 -1.339777946472168 15.285348892211914 0.41977882385253906 -1.3565168380737305 15.049356460571289 0.5587155818939209 -1.3688435554504395 14.603418350219727 0.6930227875709534 -1.3775889873504639 13.952459335327148 0.8215482831001282 -1.3850724697113037 13.104927062988281 0.9433329105377197 -1.3932290077209473 12.068964004516602 1.0572034120559692 -1.3991875648498535 10.85580825805664 1.162146806716919 -1.4052925109863281 9.477812767028809 1.2576231956481934 -1.4078989028930664 7.949391841888428 1.3431806564331055 -1.4113514423370361 6.2841477394104 1.4184008836746216 -1.4142992496490479 4.497411727905273 1.4828250408172607 -1.4173321723937988 2.605043888092041 1.5365056991577148 -1.4190142154693604 0.6222729682922363 1.5792574882507324 -1.4215047359466553 -1.4352262020111084 1.6112465858459473 -1.4244344234466553 -3.5509777069091797 1.6334142684936523 -1.4272284507751465 -5.70933198928833 1.6473685503005981 -1.4278991222381592 -7.894428253173828 0.7718192934989929 -1.2707321643829346 -10.066500663757324 1.2125027179718018 -1.3468639850616455 -10.098676681518555 1.6545863151550293 -1.4227187633514404 -10.184739112854004 1.6538212299346924 -1.4228341579437256 -10.157835960388184 -1.3692240715026855 -0.9215381145477295 -10.756901741027832 -1.3564677238464355 -0.9532504081726074 -8.405437469482422 -1.3344683647155762 -0.9811375141143799 -6.08201265335083 -1.3020200729370117 -1.0099818706512451 -3.7994585037231445 -1.2592859268188477 -1.0377120971679688 -1.5743589401245117 -1.2056018114089966 -1.0618324279785156 0.5760354995727539 -1.1410260200500488 -1.087273120880127 2.637706756591797 -1.0664006471633911 -1.1135931015014648 4.594875335693359 -0.9813502430915833 -1.1402192115783691 6.4322052001953125 -0.8862752318382263 -1.1658406257629395 8.133895874023438 -0.7818537354469299 -1.1919331550598145 9.686271667480469 -0.6687273979187012 -1.2164158821105957 11.074764251708984 -0.5476442575454712 -1.2366070747375488 12.285957336425781 -0.419603168964386 -1.2571444511413574 13.31058120727539 -0.2859891653060913 -1.2780041694641113 14.139541625976562 -0.14741277694702148 -1.2984709739685059 14.764009475708008 -0.00527346134185791 -1.3180832862854004 15.177131652832031 0.13825786113739014 -1.3352408409118652 15.374041557312012 0.28162896633148193 -1.352726936340332 15.35536003112793 0.42255496978759766 -1.3692584037780762 15.122872352600098 0.5608025789260864 -1.381260633468628 14.679010391235352 0.694486141204834 -1.389547348022461 14.029036521911621 0.8230521082878113 -1.39646315574646 13.181886672973633 0.9447413682937622 -1.4039967060089111 12.147185325622559 1.0583001375198364 -1.4091405868530273 10.93400764465332 1.1630527973175049 -1.4144279956817627 9.556612014770508 1.2582151889801025 -1.416121244430542 8.027170181274414 1.3437504768371582 -1.418684720993042 6.361904144287109 1.4189448356628418 -1.4206275939941406 4.574801445007324 1.4831035137176514 -1.4227113723754883 2.6820969581604004 1.536872386932373 -1.4234256744384766 0.6990547180175781 1.5796488523483276 -1.4249184131622314 -1.3581597805023193 1.6116065979003906 -1.4268913269042969 -3.473097562789917 1.633695363998413 -1.428847312927246 -5.630018711090088 1.6468130350112915 -1.4287745952606201 -7.813900470733643 0.7410284876823425 -1.2621222734451294 -14.99077033996582 1.2508513927459717 -1.2564418315887451 -15.035449028015137 1.760411024093628 -1.2473450899124146 -14.719401359558105 1.7608143091201782 -1.249065637588501 -14.89963436126709 0.7465378046035767 -1.2613675594329834 -14.997121810913086 1.256433129310608 -1.255637288093567 -15.041486740112305 1.7627358436584473 -1.2508375644683838 -15.082167625427246 1.7646503448486328 -1.2504985332489014 -15.0841646194458 1.7666406631469727 -1.2475172281265259 -14.72500228881836 1.7666187286376953 -1.2488940954208374 -14.90539836883545 0.7735851407051086 -1.268420696258545 -10.614910125732422 1.2143937349319458 -1.344325065612793 -10.646994590759277 1.776957392692566 -1.2491135597229004 -15.113179206848145 1.7782161235809326 -1.2494125366210938 -15.134032249450684 1.776543140411377 -1.2513096332550049 -15.148454666137695 1.780846118927002 -1.254995584487915 -15.156827926635742 1.7855052947998047 -1.2603302001953125 -15.152898788452148 1.7868378162384033 -1.2668685913085938 -15.132768630981445 1.786320686340332 -1.275508165359497 -15.093482971191406 1.789259910583496 -1.285539150238037 -15.03499698638916 1.7920615673065186 -1.2962820529937744 -14.953296661376953 1.7922630310058594 -1.310563564300537 -14.845107078552246 1.789408564567566 -1.3267021179199219 -14.705507278442383 1.785081386566162 -1.3424155712127686 -14.532639503479004 1.7789435386657715 -1.357823371887207 -14.327478408813477 1.7698732614517212 -1.373990535736084 -14.090288162231445 1.7616584300994873 -1.3874311447143555 -13.822685241699219 1.7531700134277344 -1.3980693817138672 -13.528499603271484 1.745058536529541 -1.4037196636199951 -13.21257495880127 1.7364070415496826 -1.408719539642334 -12.88343620300293 1.724671483039856 -1.4129462242126465 -12.540789604187012 1.71147620677948 -1.4156813621520996 -12.186562538146973 1.6995688676834106 -1.4173200130462646 -11.824016571044922 1.687258243560791 -1.4179341793060303 -11.454352378845215 1.669729232788086 -1.4194731712341309 -11.077947616577148 1.655278205871582 -1.4218180179595947 -10.367340087890625 1.6552823781967163 -1.420917272567749 -10.523128509521484 1.7769310474395752 -1.2478575706481934 -14.575979232788086 1.7780637741088867 -1.2491291761398315 -14.602221488952637 1.7763004302978516 -1.2506810426712036 -14.623031616210938 1.7803988456726074 -1.253756046295166 -14.634346008300781 1.784925103187561 -1.2593469619750977 -14.632966995239258 1.7860738039016724 -1.2666332721710205 -14.616223335266113 1.7853984832763672 -1.275108814239502 -14.580831527709961 1.788313865661621 -1.2845940589904785 -14.52409553527832 1.7908164262771606 -1.2959392070770264 -14.444498062133789 1.790751576423645 -1.3106684684753418 -14.338916778564453 1.787825584411621 -1.3271563053131104 -14.202154159545898 1.7836917638778687 -1.3432281017303467 -14.032309532165527 1.7773563861846924 -1.3592166900634766 -13.830621719360352 1.7685487270355225 -1.3753774166107178 -13.59760856628418 1.7604774236679077 -1.388941764831543 -13.33331298828125 1.7524783611297607 -1.399385929107666 -13.041824340820312 1.744633436203003 -1.4054625034332275 -12.728523254394531 1.7359721660614014 -1.410597324371338 -12.401681900024414 1.7244298458099365 -1.415374517440796 -12.062108993530273 1.7112632989883423 -1.418006420135498 -11.711263656616211 1.6994974613189697 -1.4195821285247803 -11.350956916809082 1.687045931816101 -1.420982837677002 -10.982935905456543 1.6694718599319458 -1.4227488040924072 -10.609707832336426 0.771859347820282 -1.2686283588409424 -10.534465789794922 1.2125753164291382 -1.3447561264038086 -10.566831588745117 1.654811978340149 -1.4200539588928223 -10.652186393737793 1.6539924144744873 -1.42000412940979 -10.625189781188965 1.6533997058868408 -1.4218928813934326 -10.286979675292969 1.6531732082366943 -1.4207570552825928 -10.442862510681152 0.4241005480289459 -1.066296100616455 -11.324441909790039 0.4233114421367645 -1.0662248134613037 -11.327081680297852 0.4239455759525299 -1.0658130645751953 -11.155771255493164 0.42324894666671753 -1.0657234191894531 -11.15844440460205 0.40945959091186523 -1.0651707649230957 -11.366774559020996 0.3988310694694519 -1.0627553462982178 -11.403983116149902 0.3904540240764618 -1.0600268840789795 -11.442142486572266 0.383871465921402 -1.0568113327026367 -11.482990264892578 0.37880027294158936 -1.0531131029129028 -11.52649974822998 0.3758842945098877 -1.049443244934082 -11.572876930236816 0.3737032115459442 -1.046305775642395 -11.624645233154297 0.3731994926929474 -1.0430080890655518 -11.684126853942871 0.3741770088672638 -1.0394601821899414 -11.75075626373291 0.3762880563735962 -1.035953402519226 -11.824091911315918 0.3798571825027466 -1.032239556312561 -11.904409408569336 0.38414812088012695 -1.028560757637024 -11.991246223449707 0.3899875283241272 -1.0248647928237915 -12.084850311279297 0.3964267075061798 -1.0213078260421753 -12.185712814331055 0.4044947624206543 -1.017905831336975 -12.294153213500977 0.4134773910045624 -1.0143518447875977 -12.40915298461914 0.42404839396476746 -1.0107542276382446 -12.530569076538086 0.4356532394886017 -1.0071874856948853 -12.656512260437012 0.44892364740371704 -1.0035687685012817 -12.786519050598145 0.463131308555603 -0.9995003938674927 -12.917893409729004 0.4788568913936615 -0.9954698085784912 -13.047492980957031 0.4962345361709595 -0.9920837879180908 -13.175175666809082 0.515326976776123 -0.9891560077667236 -13.300442695617676 0.4094092845916748 -1.064682960510254 -11.199831008911133 0.39871087670326233 -1.0624713897705078 -11.238805770874023 0.3903402090072632 -1.0598781108856201 -11.278778076171875 0.38380545377731323 -1.056684970855713 -11.321147918701172 0.37867361307144165 -1.0531048774719238 -11.366142272949219 0.3757847845554352 -1.049498438835144 -11.413653373718262 0.3736313581466675 -1.0463894605636597 -11.466535568237305 0.3730749785900116 -1.0431855916976929 -11.52688980102539 0.374090313911438 -1.0397177934646606 -11.594133377075195 0.3761332929134369 -1.0361930131912231 -11.667988777160645 0.37973552942276 -1.0325268507003784 -11.748394966125488 0.3840298652648926 -1.0288962125778198 -11.83521842956543 0.3898516595363617 -1.0252814292907715 -11.928750991821289 0.39634403586387634 -1.0217483043670654 -12.029396057128906 0.4043375849723816 -1.0183974504470825 -12.137395858764648 0.4133884012699127 -1.0148738622665405 -12.251773834228516 0.4239291548728943 -1.0113749504089355 -12.372364044189453 0.435565710067749 -1.0078166723251343 -12.497337341308594 0.44883620738983154 -1.0042723417282104 -12.626230239868164 0.4629794657230377 -1.000293493270874 -12.756454467773438 0.4787585437297821 -0.9963891506195068 -12.884780883789062 0.4961860179901123 -0.9930247068405151 -13.011024475097656 0.5151981115341187 -0.990271806716919 -13.134799003601074 0.5381224751472473 -0.9874545335769653 -13.431544303894043 0.5394403338432312 -0.9874775409698486 -13.440217971801758 0.5379599928855896 -0.9887031316757202 -13.264577865600586 0.5394015312194824 -0.9885811805725098 -13.273067474365234 0.42197084426879883 -1.063676357269287 -8.600471496582031 0.4213871359825134 -1.0636017322540283 -8.605148315429688 0.41760751605033875 -1.0644946098327637 -6.229450225830078 0.41715022921562195 -1.0643043518066406 -6.236257076263428 0.4106569290161133 -1.0670890808105469 -3.8897204399108887 0.41025400161743164 -1.0668054819107056 -3.8987133502960205 0.40147656202316284 -1.0710688829421997 -1.5984455347061157 0.4011666774749756 -1.0707038640975952 -1.6095906496047974 0.39010435342788696 -1.076162338256836 0.6285955905914307 0.3898997902870178 -1.0757046937942505 0.6152210235595703 0.3765709400177002 -1.08175790309906 2.7741222381591797 0.37638604640960693 -1.0811985731124878 2.7585253715515137 0.3606868386268616 -1.0878570079803467 4.821445465087891 0.3605231046676636 -1.0872236490249634 4.80368185043335 0.3424074053764343 -1.0941637754440308 6.752093315124512 0.3422752022743225 -1.0934324264526367 6.732227325439453 0.32181960344314575 -1.1007283926010132 8.549352645874023 0.3217161297798157 -1.0999176502227783 8.527524948120117 0.2989085912704468 -1.1074604988098145 10.196501731872559 0.29889124631881714 -1.1065328121185303 10.17281436920166 0.27373799681663513 -1.1140941381454468 11.677322387695312 0.2737044095993042 -1.1131010055541992 11.651878356933594 0.2462659776210785 -1.120927095413208 12.976460456848145 0.24631497263908386 -1.1198450326919556 12.949501037597656 0.21720975637435913 -1.127611517906189 14.081207275390625 0.21736910939216614 -1.1264811754226685 14.05307388305664 0.18682023882865906 -1.1340034008026123 14.980077743530273 0.18700435757637024 -1.1328262090682983 14.950922012329102 0.1552215814590454 -1.1402626037597656 15.664306640625 0.15548351407051086 -1.1390339136123657 15.63447380065918 0.12295807898044586 -1.1461390256881714 16.1270751953125 0.12325051426887512 -1.1448948383331299 16.096755981445312 0.0900498628616333 -1.151761770248413 16.363201141357422 0.09044286608695984 -1.1505147218704224 16.332807540893555 0.05724485218524933 -1.1573601961135864 16.37015724182129 0.057596974074840546 -1.156128168106079 16.33982276916504 0.024200288578867912 -1.1623867750167847 16.14752197265625 0.024668117985129356 -1.1611480712890625 16.117473602294922 -0.008957426995038986 -1.1673327684402466 15.695667266845703 -0.008403010666370392 -1.166089653968811 15.666053771972656 -0.04157004505395889 -1.1716362237930298 15.016447067260742 -0.04101497679948807 -1.1704392433166504 14.987712860107422 -0.07319808006286621 -1.175619125366211 14.115238189697266 -0.07255245745182037 -1.1744807958602905 14.087728500366211 -0.1031714677810669 -1.1794862747192383 13.00168228149414 -0.10251453518867493 -1.1783894300460815 12.975570678710938 -0.1316635012626648 -1.1833972930908203 11.686840057373047 -0.13090300559997559 -1.1823573112487793 11.662178039550781 -0.15809381008148193 -1.1870970726013184 10.18234634399414 -0.15734010934829712 -1.186119794845581 10.159416198730469 -0.18246418237686157 -1.1908533573150635 8.502350807189941 -0.1816643476486206 -1.1899842023849487 8.481195449829102 -0.2045080065727234 -1.194789171218872 6.662676811218262 -0.20366716384887695 -1.1939947605133057 6.643424987792969 -0.22483152151107788 -1.1989896297454834 4.678961753845215 -0.22395199537277222 -1.1983164548873901 4.661623001098633 -0.2425708770751953 -1.2042365074157715 2.566544532775879 -0.24165678024291992 -1.2036170959472656 2.5510406494140625 -0.2581375241279602 -1.2096906900405884 0.34354162216186523 -0.2571380138397217 -1.2091745138168335 0.32996177673339844 -0.27122730016708374 -1.2159950733184814 -1.9732627868652344 -0.27020370960235596 -1.2155581712722778 -1.984997034072876 -0.2823209762573242 -1.2233903408050537 -4.366213321685791 -0.28128111362457275 -1.222995400428772 -4.376311302185059 -0.2916574478149414 -1.231779932975769 -6.821125030517578 -0.2904888391494751 -1.2314610481262207 -6.829404830932617 -0.29920029640197754 -1.242138147354126 -9.322187423706055 -0.29786252975463867 -1.2418832778930664 -9.328587532043457 -0.3043557405471802 -1.2542204856872559 -11.856582641601562 -0.3028825521469116 -1.2541160583496094 -11.860807418823242 0.40746384859085083 -1.062575101852417 -8.676307678222656 0.3966185450553894 -1.0611997842788696 -8.742454528808594 0.3880654573440552 -1.0592656135559082 -8.808284759521484 0.3814583420753479 -1.0569051504135132 -8.873638153076172 0.37650102376937866 -1.05428147315979 -8.93912124633789 0.373145192861557 -1.051551103591919 -9.005460739135742 0.37131911516189575 -1.048854947090149 -9.074454307556152 0.3708173930644989 -1.04608154296875 -9.147165298461914 0.37166693806648254 -1.0431994199752808 -9.223966598510742 0.3737905025482178 -1.0401506423950195 -9.304367065429688 0.37717774510383606 -1.0370241403579712 -9.388032913208008 0.38154053688049316 -1.033980369567871 -9.475269317626953 0.3871518075466156 -1.0310633182525635 -9.56741714477539 0.3939540982246399 -1.0280736684799194 -9.664432525634766 0.40195074677467346 -1.025050401687622 -9.76559829711914 0.41106730699539185 -1.0221134424209595 -9.870565414428711 0.4215388000011444 -1.0191891193389893 -9.978919982910156 0.433220773935318 -1.0162606239318848 -10.089315414428711 0.4462675452232361 -1.013350486755371 -10.201087951660156 0.46071651577949524 -1.0104306936264038 -10.312743186950684 0.47663429379463196 -1.0075926780700684 -10.421911239624023 0.49412620067596436 -1.0051876306533813 -10.527149200439453 0.5135220289230347 -1.0034552812576294 -10.62932300567627 0.403603196144104 -1.0629498958587646 -6.336941719055176 0.3929450213909149 -1.0616302490234375 -6.428711891174316 0.3843902051448822 -1.0600510835647583 -6.518142223358154 0.3776642382144928 -1.0581145286560059 -6.605175495147705 0.37270715832710266 -1.0559039115905762 -6.689938545227051 0.3694312870502472 -1.053608775138855 -6.773119926452637 0.36760255694389343 -1.0512670278549194 -6.855910301208496 0.36725911498069763 -1.0489169359207153 -6.939652442932129 0.36803698539733887 -1.046471118927002 -7.024837493896484 0.3702133893966675 -1.0438897609710693 -7.111106872558594 0.3735337257385254 -1.0412181615829468 -7.198040962219238 0.3779717683792114 -1.0386481285095215 -7.286436080932617 0.3836580812931061 -1.0361766815185547 -7.376808166503906 0.39043909311294556 -1.033689022064209 -7.46965217590332 0.3985103666782379 -1.0311694145202637 -7.56437873840332 0.4077090620994568 -1.0287014245986938 -7.66063117980957 0.4181402325630188 -1.0262844562530518 -7.757904052734375 0.42975711822509766 -1.023827314376831 -7.85523796081543 0.4427405893802643 -1.0214303731918335 -7.951350212097168 0.4572765827178955 -1.0191197395324707 -8.045342445373535 0.473288893699646 -1.0169395208358765 -8.136407852172852 0.4907354712486267 -1.0149836540222168 -8.222875595092773 0.5100317597389221 -1.013450264930725 -8.304905891418457 0.39762020111083984 -1.064969539642334 -4.0298967361450195 0.3872191905975342 -1.0634829998016357 -4.147431373596191 0.37884223461151123 -1.0619016885757446 -4.260770797729492 0.37229055166244507 -1.060112476348877 -4.369347095489502 0.36735406517982483 -1.058156967163086 -4.473066806793213 0.36416780948638916 -1.0560965538024902 -4.572516441345215 0.36229413747787476 -1.0540053844451904 -4.66876220703125 0.36207860708236694 -1.0519200563430786 -4.762690544128418 0.36302924156188965 -1.0498104095458984 -4.855319023132324 0.3652237057685852 -1.047684669494629 -4.946905136108398 0.3686334192752838 -1.045480489730835 -5.037193298339844 0.373078852891922 -1.0432780981063843 -5.126192092895508 0.37885352969169617 -1.0411725044250488 -5.214651107788086 0.3855851888656616 -1.0390573740005493 -5.302978515625 0.39371758699417114 -1.0369685888290405 -5.390827178955078 0.40293818712234497 -1.0349164009094238 -5.478302001953125 0.4133129119873047 -1.0328855514526367 -5.564682960510254 0.4249284565448761 -1.0308949947357178 -5.64885139465332 0.43787631392478943 -1.0288947820663452 -5.729866981506348 0.4523465037345886 -1.0269639492034912 -5.8070220947265625 0.4682776629924774 -1.0251176357269287 -5.879634857177734 0.48575013875961304 -1.0234102010726929 -5.947453498840332 0.5047305822372437 -1.0217410326004028 -6.010031700134277 0.389243483543396 -1.0683197975158691 -1.771256685256958 0.37948498129844666 -1.0665910243988037 -1.915083408355713 0.3713656961917877 -1.064713478088379 -2.0519607067108154 0.3650141954421997 -1.062879204750061 -2.1814184188842773 0.3602556884288788 -1.0610045194625854 -2.3038153648376465 0.35717257857322693 -1.0590438842773438 -2.4192733764648438 0.35555851459503174 -1.0571459531784058 -2.528301239013672 0.35530638694763184 -1.0552608966827393 -2.6321678161621094 0.35635870695114136 -1.0533828735351562 -2.731719970703125 0.3587145209312439 -1.051509141921997 -2.8276538848876953 0.3622094690799713 -1.049659252166748 -2.9203662872314453 0.3667784333229065 -1.0478266477584839 -3.00946044921875 0.3725103437900543 -1.0461041927337646 -3.0955677032470703 0.3792959749698639 -1.0443909168243408 -3.179201126098633 0.3873708248138428 -1.0426666736602783 -3.2602996826171875 0.3966124951839447 -1.0409587621688843 -3.3388442993164062 0.4069632887840271 -1.0392705202102661 -3.41412353515625 0.41861194372177124 -1.0375603437423706 -3.4852333068847656 0.4314156174659729 -1.035846471786499 -3.5514678955078125 0.44566941261291504 -1.0340850353240967 -3.6121039390563965 0.4614567458629608 -1.0323551893234253 -3.666706085205078 0.4786366820335388 -1.0305240154266357 -3.7151174545288086 0.4974210858345032 -1.0286133289337158 -3.7560527324676514 0.3787583112716675 -1.0726914405822754 0.4221242666244507 0.3695307970046997 -1.0704326629638672 0.2527020573616028 0.3618399202823639 -1.0683581829071045 0.09292209148406982 0.3558395504951477 -1.0663577318191528 -0.05739593505859375 0.3514220118522644 -1.0644092559814453 -0.19795894622802734 0.3484434187412262 -1.06248140335083 -0.32892417907714844 0.3470057547092438 -1.0606625080108643 -0.4507608413696289 0.3467921316623688 -1.0589178800582886 -0.5642766952514648 0.3479796350002289 -1.0571459531784058 -0.6702909469604492 0.3504899740219116 -1.0554956197738647 -0.7699546813964844 0.3541364073753357 -1.0539071559906006 -0.8638820648193359 0.3588494658470154 -1.0524067878723145 -0.9522190093994141 0.36453479528427124 -1.0510063171386719 -1.0357952117919922 0.3714403510093689 -1.0495824813842773 -1.1148033142089844 0.37948060035705566 -1.0481655597686768 -1.1889495849609375 0.3886648714542389 -1.0467207431793213 -1.2583847045898438 0.3989730775356293 -1.0452423095703125 -1.3224678039550781 0.41052237153053284 -1.0437724590301514 -1.380544662475586 0.423212468624115 -1.0421702861785889 -1.4320645332336426 0.4371825158596039 -1.0405234098434448 -1.4763727188110352 0.4525299072265625 -1.0387136936187744 -1.5131316184997559 0.46945399045944214 -1.036783218383789 -1.541443109512329 0.487715482711792 -1.0346698760986328 -1.5604987144470215 0.3659435510635376 -1.0777058601379395 2.535069704055786 0.3571805953979492 -1.075012445449829 2.339643716812134 0.3501349091529846 -1.0725654363632202 2.15700101852417 0.34454989433288574 -1.0703644752502441 1.9867560863494873 0.34058094024658203 -1.0683022737503052 1.8286080360412598 0.33782094717025757 -1.0663800239562988 1.6825590133666992 0.3366231322288513 -1.0645275115966797 1.5481977462768555 0.33663806319236755 -1.062741756439209 1.425126075744629 0.3379410207271576 -1.0611244440078735 1.312800407409668 0.3406044542789459 -1.0596001148223877 1.2099390029907227 0.34434974193573 -1.0582395792007446 1.1155662536621094 0.3490978479385376 -1.0570517778396606 1.0284194946289062 0.35496577620506287 -1.0558596849441528 0.9477996826171875 0.3618965148925781 -1.054662823677063 0.8737583160400391 0.3698023557662964 -1.0534502267837524 0.8066444396972656 0.379014790058136 -1.0522011518478394 0.7466831207275391 0.389213889837265 -1.0509319305419922 0.6938505172729492 0.40048882365226746 -1.0494996309280396 0.6488742828369141 0.41309231519699097 -1.0479350090026855 0.6122002601623535 0.42677268385887146 -1.046274185180664 0.5843610763549805 0.44174090027809143 -1.0444414615631104 0.5660806894302368 0.4581782817840576 -1.0423665046691895 0.5581264495849609 0.4761452078819275 -1.0399185419082642 0.5610418319702148 0.3507270812988281 -1.0830460786819458 4.548917770385742 0.34268128871917725 -1.0798892974853516 4.328667640686035 0.33628204464912415 -1.077182412147522 4.123996257781982 0.33123692870140076 -1.0748122930526733 3.93435001373291 0.32767659425735474 -1.0726430416107178 3.7591259479522705 0.32545098662376404 -1.0706270933151245 3.5984079837799072 0.3244853615760803 -1.0687267780303955 3.452176094055176 0.3248255252838135 -1.0669254064559937 3.320279598236084 0.3262820243835449 -1.0653084516525269 3.202089309692383 0.32904621958732605 -1.0638538599014282 3.096223831176758 0.3328899145126343 -1.062644600868225 3.0014047622680664 0.33778810501098633 -1.061590313911438 2.915959358215332 0.3437052369117737 -1.060631513595581 2.838848114013672 0.35066676139831543 -1.0595903396606445 2.770162582397461 0.35850757360458374 -1.0585362911224365 2.71038818359375 0.3675380349159241 -1.0574489831924438 2.659780502319336 0.3775807023048401 -1.0562236309051514 2.6184639930725098 0.3886898159980774 -1.0548475980758667 2.5866756439208984 0.4009878635406494 -1.0532594919204712 2.5652472972869873 0.4144604802131653 -1.0515304803848267 2.554413318634033 0.42906928062438965 -1.0496233701705933 2.554898500442505 0.4450010657310486 -1.0473331212997437 2.5675554275512695 0.46235913038253784 -1.044679045677185 2.5931949615478516 0.33333897590637207 -1.0887553691864014 6.448477745056152 0.3260818123817444 -1.0852307081222534 6.203603267669678 0.32031330466270447 -1.082183837890625 5.977344989776611 0.3159146308898926 -1.0795726776123047 5.768719673156738 0.31285759806632996 -1.0772311687469482 5.577081680297852 0.3111477196216583 -1.0751227140426636 5.402490139007568 0.31058090925216675 -1.073180913925171 5.245039463043213 0.3112466037273407 -1.0713368654251099 5.1050543785095215 0.31302788853645325 -1.0697170495986938 4.981620788574219 0.31584495306015015 -1.0683317184448242 4.873022079467773 0.31985390186309814 -1.0671155452728271 4.7776947021484375 0.32482659816741943 -1.066144347190857 4.694091796875 0.330777108669281 -1.065284013748169 4.621201515197754 0.33762800693511963 -1.064447283744812 4.558354377746582 0.3455028235912323 -1.0635097026824951 4.506167411804199 0.3543471395969391 -1.0624505281448364 4.4650068283081055 0.3642461895942688 -1.0612273216247559 4.43548059463501 0.37512481212615967 -1.059862732887268 4.417661190032959 0.38709592819213867 -1.0583248138427734 4.4116973876953125 0.40022900700569153 -1.056440830230713 4.4182329177856445 0.41445207595825195 -1.0543489456176758 4.438016414642334 0.4298567771911621 -1.051908254623413 4.471657752990723 0.4465593099594116 -1.0490130186080933 4.519979476928711 0.3137035369873047 -1.0947359800338745 8.215964317321777 0.30738988518714905 -1.090883493423462 7.947874069213867 0.3023799955844879 -1.0875413417816162 7.700860023498535 0.2986350357532501 -1.0847008228302002 7.473653316497803 0.2961931526660919 -1.0821702480316162 7.266390800476074 0.2950242757797241 -1.0798263549804688 7.0789361000061035 0.29506075382232666 -1.0777056217193604 6.9117431640625 0.29602864384651184 -1.0758202075958252 6.764363765716553 0.29801926016807556 -1.0741702318191528 6.636043548583984 0.3011033535003662 -1.0728063583374023 6.524893760681152 0.3050958514213562 -1.0717275142669678 6.429443836212158 0.31019848585128784 -1.0708398818969727 6.3478899002075195 0.31611594557762146 -1.0700573921203613 6.2791900634765625 0.32296818494796753 -1.0692219734191895 6.22257137298584 0.3308675289154053 -1.0682443380355835 6.17838191986084 0.33952441811561584 -1.0672110319137573 6.147680759429932 0.3492238521575928 -1.0660512447357178 6.130298614501953 0.35988640785217285 -1.064656138420105 6.126602649688721 0.3714786469936371 -1.0629792213439941 6.136624336242676 0.38414350152015686 -1.0610460042953491 6.16085147857666 0.3978872299194336 -1.0587153434753418 6.200204849243164 0.41276949644088745 -1.0560184717178345 6.254962921142578 0.42874282598495483 -1.0528876781463623 6.326211929321289 0.29194170236587524 -1.100804328918457 9.835352897644043 0.2865198850631714 -1.0966529846191406 9.545512199401855 0.28242239356040955 -1.0931400060653687 9.278213500976562 0.2794899046421051 -1.089989423751831 9.033730506896973 0.2777576148509979 -1.0871812105178833 8.811941146850586 0.2772519290447235 -1.0846225023269653 8.613170623779297 0.27783864736557007 -1.0823858976364136 8.437431335449219 0.2792145311832428 -1.0804779529571533 8.283863067626953 0.28155308961868286 -1.0788272619247437 8.150956153869629 0.2847719192504883 -1.0774871110916138 8.037721633911133 0.28900110721588135 -1.076353669166565 7.941838264465332 0.2940378189086914 -1.075433373451233 7.862522602081299 0.2999765872955322 -1.074626088142395 7.798231601715088 0.3068140149116516 -1.0738388299942017 7.74850606918335 0.3145871162414551 -1.0729392766952515 7.713095664978027 0.3231694996356964 -1.0718477964401245 7.692971229553223 0.3326117992401123 -1.0705918073654175 7.6885528564453125 0.3429240882396698 -1.0691442489624023 7.699383735656738 0.35413551330566406 -1.067385196685791 7.725793838500977 0.3663981258869171 -1.0653246641159058 7.768270969390869 0.37955981492996216 -1.0628957748413086 7.827126502990723 0.3937299847602844 -1.0600446462631226 7.902993202209473 0.40911006927490234 -1.0565718412399292 7.996637344360352 0.26802393794059753 -1.1070369482040405 11.290409088134766 0.26361122727394104 -1.1025943756103516 10.98000717163086 0.2606411576271057 -1.0987255573272705 10.694510459899902 0.25862666964530945 -1.095350980758667 10.434416770935059 0.25776809453964233 -1.0922614336013794 10.199851036071777 0.25789448618888855 -1.0895118713378906 9.991312980651855 0.2589855194091797 -1.0871819257736206 9.808377265930176 0.2609259784221649 -1.0851904153823853 9.649656295776367 0.26365599036216736 -1.0835579633712769 9.513364791870117 0.26708751916885376 -1.0822054147720337 9.397994041442871 0.2715270519256592 -1.0811065435409546 9.30195426940918 0.2765781879425049 -1.0800729990005493 9.22485637664795 0.2825468182563782 -1.079185128211975 9.16552448272705 0.28937235474586487 -1.0783262252807617 9.122772216796875 0.2969776391983032 -1.0773707628250122 9.096698760986328 0.30533844232559204 -1.0762392282485962 9.087859153747559 0.3144753575325012 -1.074912190437317 9.096532821655273 0.32446402311325073 -1.0733641386032104 9.122581481933594 0.3353070616722107 -1.0715898275375366 9.166031837463379 0.3469376266002655 -1.0694291591644287 9.226920127868652 0.3595283329486847 -1.0669031143188477 9.30513858795166 0.37303540110588074 -1.0638014078140259 9.40167236328125 0.3876016139984131 -1.0600528717041016 9.51807975769043 0.24227175116539001 -1.1133874654769897 12.56652545928955 0.23922201991081238 -1.1086268424987793 12.237686157226562 0.23728013038635254 -1.1044600009918213 11.936394691467285 0.23632973432540894 -1.1007437705993652 11.662873268127441 0.23621347546577454 -1.0974332094192505 11.417652130126953 0.2371230125427246 -1.0945112705230713 11.200973510742188 0.23881563544273376 -1.0920512676239014 11.01185131072998 0.24123501777648926 -1.090015172958374 10.848859786987305 0.24436114728450775 -1.0883269309997559 10.710176467895508 0.24814903736114502 -1.0869834423065186 10.593603134155273 0.2527957558631897 -1.085779070854187 10.498199462890625 0.2579900622367859 -1.084684133529663 10.423707962036133 0.26392847299575806 -1.0836853981018066 10.369430541992188 0.2706303000450134 -1.0827593803405762 10.334266662597656 0.2781175971031189 -1.0817015171051025 10.317558288574219 0.2862139940261841 -1.0805267095565796 10.320409774780273 0.29498234391212463 -1.0791535377502441 10.34233283996582 0.30464810132980347 -1.0774915218353271 10.383666038513184 0.31501129269599915 -1.0755902528762817 10.444150924682617 0.3260951340198517 -1.0733693838119507 10.523423194885254 0.3378883898258209 -1.0707025527954102 10.621447563171387 0.3507469594478607 -1.067418098449707 10.73891544342041 0.3644217252731323 -1.063405990600586 10.877643585205078 0.2150646448135376 -1.1196752786636353 13.65233039855957 0.21339169144630432 -1.114669680595398 13.308065414428711 0.21260395646095276 -1.1102217435836792 12.993287086486816 0.2127385139465332 -1.1062556505203247 12.708624839782715 0.2135375738143921 -1.1027482748031616 12.454218864440918 0.2150828242301941 -1.0996781587600708 12.230460166931152 0.2174188792705536 -1.0970923900604248 12.036299705505371 0.2203088104724884 -1.0948477983474731 11.870013236999512 0.2238810509443283 -1.093087077140808 11.729896545410156 0.2280026525259018 -1.0916876792907715 11.613682746887207 0.2328735589981079 -1.090486764907837 11.519886016845703 0.23824644088745117 -1.0893645286560059 11.448509216308594 0.24420778453350067 -1.088248372077942 11.399559020996094 0.25086164474487305 -1.0872371196746826 11.372169494628906 0.25809985399246216 -1.0861151218414307 11.365378379821777 0.2659938335418701 -1.0847675800323486 11.37948989868164 0.27446579933166504 -1.0832864046096802 11.414872169494629 0.28354552388191223 -1.081536054611206 11.471298217773438 0.29337894916534424 -1.0794954299926758 11.548624992370605 0.30381226539611816 -1.077091097831726 11.646202087402344 0.31485769152641296 -1.0742589235305786 11.76389217376709 0.32683315873146057 -1.0708389282226562 11.902255058288574 0.3396426737308502 -1.0666389465332031 12.062580108642578 0.1863459348678589 -1.1257295608520508 14.536727905273438 0.1862657070159912 -1.1205651760101318 14.180962562561035 0.18679794669151306 -1.1159378290176392 13.855545043945312 0.1880103051662445 -1.1117355823516846 13.561687469482422 0.1897675096988678 -1.1080528497695923 13.300293922424316 0.1921728551387787 -1.104887843132019 13.070533752441406 0.19487443566322327 -1.1021162271499634 12.871992111206055 0.1983412802219391 -1.0998255014419556 12.703377723693848 0.20233218371868134 -1.09795343875885 12.562694549560547 0.20680668950080872 -1.0965172052383423 12.447660446166992 0.21198375523090363 -1.0952719449996948 12.356727600097656 0.2175290584564209 -1.094033122062683 12.28955078125 0.22358442842960358 -1.0928502082824707 12.24666976928711 0.23006559908390045 -1.0916928052902222 12.227117538452148 0.2371080070734024 -1.0904858112335205 12.230161666870117 0.24477876722812653 -1.0891013145446777 12.255884170532227 0.2527867555618286 -1.0874555110931396 12.304112434387207 0.2613353729248047 -1.0855406522750854 12.375213623046875 0.27044162154197693 -1.0833685398101807 12.468815803527832 0.2801782488822937 -1.0808374881744385 12.5840482711792 0.29057711362838745 -1.0777868032455444 12.720929145812988 0.3015071153640747 -1.0741934776306152 12.879781723022461 0.31319841742515564 -1.0698792934417725 13.061132431030273 0.15658295154571533 -1.1315375566482544 15.210553169250488 0.15807776153087616 -1.1262450218200684 14.846872329711914 0.15998823940753937 -1.1214861869812012 14.514310836791992 0.1623818576335907 -1.117245078086853 14.214214324951172 0.16511288285255432 -1.1134651899337769 13.94727897644043 0.16815325617790222 -1.110172986984253 13.71308708190918 0.17164602875709534 -1.107346773147583 13.51122760772705 0.17554709315299988 -1.1049307584762573 13.340672492980957 0.1799631118774414 -1.1029707193374634 13.199983596801758 0.18486082553863525 -1.1013587713241577 13.087100982666016 0.19021758437156677 -1.0999406576156616 13.000371932983398 0.1960494965314865 -1.0986450910568237 12.939302444458008 0.20211130380630493 -1.0974266529083252 12.903071403503418 0.20844626426696777 -1.0962128639221191 12.89171028137207 0.21529637277126312 -1.0948667526245117 12.904361724853516 0.2225087434053421 -1.0933592319488525 12.940953254699707 0.23014050722122192 -1.0916132926940918 13.001519203186035 0.23824411630630493 -1.0895870923995972 13.08638858795166 0.24661606550216675 -1.0872865915298462 13.195201873779297 0.255520224571228 -1.0845869779586792 13.327831268310547 0.2650746703147888 -1.081445574760437 13.483321189880371 0.2750033140182495 -1.0776581764221191 13.661197662353516 0.28564444184303284 -1.0731109380722046 13.863094329833984 0.1261966973543167 -1.1373622417449951 15.666367530822754 0.1291494071483612 -1.1318079233169556 15.29833984375 0.13240648806095123 -1.1270074844360352 14.96229362487793 0.13588227331638336 -1.1227080821990967 14.658675193786621 0.13963380455970764 -1.118851900100708 14.38853931427002 0.14356514811515808 -1.1155626773834229 14.151820182800293 0.14776542782783508 -1.1126067638397217 13.94782829284668 0.1523677408695221 -1.110080361366272 13.776368141174316 0.15715882182121277 -1.1079593896865845 13.63645076751709 0.16238002479076385 -1.1061381101608276 13.526457786560059 0.167994886636734 -1.1045678853988647 13.445272445678711 0.17389728128910065 -1.1032887697219849 13.390729904174805 0.17994703352451324 -1.1020222902297974 13.361955642700195 0.18625128269195557 -1.100664734840393 13.358863830566406 0.19286422431468964 -1.0993155241012573 13.381093978881836 0.19958962500095367 -1.0977436304092407 13.427491188049316 0.2068660408258438 -1.095794916152954 13.499637603759766 0.21437470614910126 -1.0936152935028076 13.597833633422852 0.22215305268764496 -1.0911630392074585 13.721549987792969 0.2301805168390274 -1.0883458852767944 13.870265007019043 0.2386588603258133 -1.0850584506988525 14.043070793151855 0.24769233167171478 -1.0811817646026611 14.239487648010254 0.25722506642341614 -1.076416254043579 14.461030960083008 0.09519830346107483 -1.1429469585418701 15.900707244873047 0.09961165487766266 -1.1373100280761719 15.530974388122559 0.10408863425254822 -1.1323899030685425 15.193685531616211 0.10878027975559235 -1.1280125379562378 14.889341354370117 0.11353380978107452 -1.124208688735962 14.61849594116211 0.11836926639080048 -1.1208057403564453 14.381060600280762 0.12344560027122498 -1.1177780628204346 14.177103042602539 0.12877026200294495 -1.1151124238967896 14.006784439086914 0.13406994938850403 -1.1128604412078857 13.86923599243164 0.1396515667438507 -1.1109087467193604 13.763246536254883 0.14543649554252625 -1.1092725992202759 13.687447547912598 0.15135279297828674 -1.1078702211380005 13.63967514038086 0.15740467607975006 -1.1065411567687988 13.618565559387207 0.16359129548072815 -1.1051703691482544 13.623865127563477 0.1699584275484085 -1.1037392616271973 13.655003547668457 0.17648346722126007 -1.10209321975708 13.711503982543945 0.1832876354455948 -1.100070595741272 13.794783592224121 0.1901586651802063 -1.0977330207824707 13.905637741088867 0.19709879159927368 -1.0952123403549194 14.042993545532227 0.20439094305038452 -1.092250108718872 14.205789566040039 0.211843803524971 -1.0887922048568726 14.394580841064453 0.21975739300251007 -1.0846595764160156 14.608741760253906 0.228056401014328 -1.0796866416931152 14.849376678466797 0.06375335156917572 -1.1484055519104004 15.908790588378906 0.06957513093948364 -1.1426260471343994 15.540085792541504 0.07546527683734894 -1.1375573873519897 15.204309463500977 0.08129159361124039 -1.1332056522369385 14.901854515075684 0.08718126267194748 -1.1293641328811646 14.63293170928955 0.09296983480453491 -1.1259338855743408 14.397686004638672 0.09890477359294891 -1.1228621006011963 14.196589469909668 0.10483619570732117 -1.1201409101486206 14.029489517211914 0.11083757877349854 -1.117701768875122 13.895954132080078 0.11669254302978516 -1.115654468536377 13.794968605041504 0.12257987260818481 -1.1139276027679443 13.724651336669922 0.12867945432662964 -1.1124128103256226 13.683364868164062 0.1347210705280304 -1.110959529876709 13.669921875 0.14075300097465515 -1.1095399856567383 13.683918952941895 0.14696869254112244 -1.1080790758132935 13.724343299865723 0.15327423810958862 -1.1063363552093506 13.7914400100708 0.1595403552055359 -1.1042996644973755 13.886189460754395 0.16580592095851898 -1.1020184755325317 14.008038520812988 0.17198483645915985 -1.0993472337722778 14.156779289245605 0.17834308743476868 -1.096200942993164 14.332603454589844 0.18492799997329712 -1.0924642086029053 14.535661697387695 0.19169850647449493 -1.0881998538970947 14.766366958618164 0.19856208562850952 -1.0831223726272583 15.024105072021484 0.032302480190992355 -1.153550148010254 15.689823150634766 0.039705511182546616 -1.1477128267288208 15.32414436340332 0.046831630170345306 -1.1425666809082031 14.992621421813965 0.05391458794474602 -1.1381587982177734 14.694826126098633 0.06073220819234848 -1.1342566013336182 14.431035995483398 0.06758042424917221 -1.1308566331863403 14.200910568237305 0.07428291440010071 -1.127726435661316 14.004653930664062 0.0808379054069519 -1.1249021291732788 13.843026161193848 0.0873008668422699 -1.1224983930587769 13.714986801147461 0.09363578259944916 -1.1203796863555908 13.619643211364746 0.0997111052274704 -1.1186240911483765 13.555681228637695 0.10596901178359985 -1.1170388460159302 13.521132469177246 0.11205706000328064 -1.1154565811157227 13.515403747558594 0.11799166351556778 -1.1138665676116943 13.538299560546875 0.12407940626144409 -1.1122578382492065 13.58882999420166 0.1298999786376953 -1.1105232238769531 13.667033195495605 0.13572221994400024 -1.1085621118545532 13.772134780883789 0.1414344608783722 -1.1062817573547363 13.903995513916016 0.14706000685691833 -1.1034880876541138 14.063157081604004 0.15253384411334991 -1.1001684665679932 14.25063705444336 0.1580788791179657 -1.0963112115859985 14.46701431274414 0.1637059897184372 -1.0918958187103271 14.71220588684082 0.16926465928554535 -1.0868738889694214 14.985684394836426 0.0012425705790519714 -1.1583813428878784 15.245452880859375 0.010228514671325684 -1.1526168584823608 14.886625289916992 0.018717944622039795 -1.147516131401062 14.561283111572266 0.026895619928836823 -1.1430352926254272 14.270362854003906 0.034709807485342026 -1.139098882675171 14.013360977172852 0.042327262461185455 -1.1356059312820435 13.790385246276855 0.04976778104901314 -1.1325594186782837 13.601702690124512 0.05695293843746185 -1.1298340559005737 13.446904182434082 0.06389287114143372 -1.1273635625839233 13.325857162475586 0.07071688026189804 -1.1252013444900513 13.237443923950195 0.07711087912321091 -1.1233007907867432 13.180496215820312 0.08342283219099045 -1.12156081199646 13.153863906860352 0.08964104950428009 -1.1198971271514893 13.156805038452148 0.09552579373121262 -1.118196725845337 13.189000129699707 0.1013827994465828 -1.116500735282898 13.249577522277832 0.10686033964157104 -1.1147100925445557 13.337955474853516 0.11215057969093323 -1.1127750873565674 13.45303726196289 0.11733238399028778 -1.1104116439819336 13.594673156738281 0.1223762035369873 -1.1075390577316284 13.76434326171875 0.12707869708538055 -1.1041914224624634 13.962813377380371 0.13169898092746735 -1.1002572774887085 14.190914154052734 0.1361021101474762 -1.0958365201950073 14.448675155639648 0.14027191698551178 -1.090828776359558 14.735078811645508 -0.02924804389476776 -1.163012146949768 14.579500198364258 -0.018694639205932617 -1.157456398010254 14.230993270874023 -0.008856773376464844 -1.1524771451950073 13.915014266967773 0.0004286468029022217 -1.1479886770248413 13.632576942443848 0.009133927524089813 -1.1440938711166382 13.384223937988281 0.01754586398601532 -1.140602469444275 13.169428825378418 0.02568989247083664 -1.1373791694641113 12.989128112792969 0.03347182646393776 -1.1345642805099487 12.842827796936035 0.04080634564161301 -1.1321110725402832 12.730076789855957 0.048010945320129395 -1.1299448013305664 12.649726867675781 0.05472613498568535 -1.1278891563415527 12.601116180419922 0.06134288012981415 -1.125999927520752 12.58404541015625 0.06754830479621887 -1.12428879737854 12.59681224822998 0.0734398365020752 -1.12253737449646 12.638620376586914 0.07907184213399887 -1.1206876039505005 12.709179878234863 0.08424530923366547 -1.1188178062438965 12.807373046875 0.08915239572525024 -1.1168094873428345 12.93265151977539 0.09387005865573883 -1.1144483089447021 13.084610939025879 0.0982566773891449 -1.1115837097167969 13.26453971862793 0.10231620073318481 -1.1081887483596802 13.4735107421875 0.10593196749687195 -1.104306936264038 13.712122917175293 0.10915736854076385 -1.0998872518539429 13.980513572692871 0.11198824644088745 -1.0948437452316284 14.277270317077637 -0.05895984172821045 -1.1674233675003052 13.696220397949219 -0.046888649463653564 -1.1620397567749023 13.361806869506836 -0.03576846420764923 -1.1572335958480835 13.05807113647461 -0.025383055210113525 -1.1528387069702148 12.786429405212402 -0.015704497694969177 -1.1489142179489136 12.548160552978516 -0.006395444273948669 -1.1454229354858398 12.343265533447266 0.0023211464285850525 -1.1422415971755981 12.172408103942871 0.01070716604590416 -1.139392375946045 12.035562515258789 0.018565358594059944 -1.1368825435638428 11.932275772094727 0.0260846558958292 -1.1345508098602295 11.861396789550781 0.03312824293971062 -1.1323983669281006 11.822918891906738 0.03988679498434067 -1.1304023265838623 11.816041946411133 0.046121690422296524 -1.128565788269043 11.83925724029541 0.05195540562272072 -1.1267460584640503 11.89157485961914 0.05737896263599396 -1.1249113082885742 11.972457885742188 0.06240202486515045 -1.122955322265625 12.08113956451416 0.06685584783554077 -1.1208610534667969 12.216471672058105 0.07112656533718109 -1.1184206008911133 12.378907203674316 0.07485207915306091 -1.115545392036438 12.569143295288086 0.07820320129394531 -1.1121516227722168 12.787911415100098 0.08085793256759644 -1.1082298755645752 13.035920143127441 0.08304119110107422 -1.1038966178894043 13.31305980682373 0.08461996912956238 -1.0989948511123657 13.618410110473633 -0.08740371465682983 -1.1716588735580444 12.604089736938477 -0.07409387826919556 -1.1665724515914917 12.286108016967773 -0.0616726279258728 -1.161954641342163 11.997151374816895 -0.05020052194595337 -1.157715916633606 11.738615036010742 -0.0394909530878067 -1.153822422027588 11.512149810791016 -0.029435649514198303 -1.1503520011901855 11.31906509399414 -0.019956275820732117 -1.1472128629684448 11.159305572509766 -0.011025428771972656 -1.1443297863006592 11.033035278320312 -0.002738114446401596 -1.1416583061218262 10.940144538879395 0.0050356946885585785 -1.1391934156417847 10.880393981933594 0.012345276772975922 -1.136910080909729 10.852882385253906 0.01929241605103016 -1.1347969770431519 10.85667610168457 0.025453388690948486 -1.1328341960906982 10.891084671020508 0.031375717371702194 -1.1309287548065186 10.954479217529297 0.03658277541399002 -1.1290028095245361 11.046188354492188 0.04130584001541138 -1.1269946098327637 11.165506362915039 0.04550400376319885 -1.1248549222946167 11.311607360839844 0.04927458614110947 -1.1223576068878174 11.484338760375977 0.052359312772750854 -1.1195504665374756 11.684394836425781 0.05481159687042236 -1.1161830425262451 11.912145614624023 0.05673040449619293 -1.1123052835464478 12.168564796447754 0.057792067527770996 -1.108041524887085 12.453043937683105 0.058166369795799255 -1.1032904386520386 12.764503479003906 -0.11441752314567566 -1.1759119033813477 11.312328338623047 -0.0997527539730072 -1.171078085899353 11.013395309448242 -0.08636704087257385 -1.1667139530181885 10.741203308105469 -0.07383361458778381 -1.1626073122024536 10.49768352508545 -0.06217682361602783 -1.1588042974472046 10.285335540771484 -0.051265642046928406 -1.1552940607070923 10.105331420898438 -0.04115329682826996 -1.1521098613739014 9.95838451385498 -0.03176844120025635 -1.1491281986236572 9.844351768493652 -0.022954031825065613 -1.1463934183120728 9.763406753540039 -0.014835037291049957 -1.1438573598861694 9.715141296386719 -0.007324695587158203 -1.1414563655853271 9.699237823486328 -0.0003563016653060913 -1.1391866207122803 9.714773178100586 0.00582859106361866 -1.1370582580566406 9.760526657104492 0.011632038280367851 -1.1350328922271729 9.835302352905273 0.016816919669508934 -1.1329894065856934 9.938055038452148 0.0212303064763546 -1.1309242248535156 10.06830883026123 0.025079689919948578 -1.1287201642990112 10.225261688232422 0.02828141301870346 -1.1262506246566772 10.40854263305664 0.030855536460876465 -1.1233798265457153 10.61808967590332 0.032469555735588074 -1.120107889175415 10.85427188873291 0.03351406753063202 -1.116481065750122 11.117658615112305 0.03362859785556793 -1.1123638153076172 11.407526016235352 0.032907500863075256 -1.1077039241790771 11.723618507385254 -0.13960319757461548 -1.1801856756210327 9.833938598632812 -0.12396827340126038 -1.1756720542907715 9.554779052734375 -0.10953029990196228 -1.1715078353881836 9.301056861877441 -0.0960838794708252 -1.167586088180542 9.074857711791992 -0.08356481790542603 -1.1638355255126953 8.878174781799316 -0.07185918092727661 -1.1603174209594727 8.712896347045898 -0.06107284128665924 -1.1570113897323608 8.580076217651367 -0.05119246244430542 -1.1539955139160156 8.479631423950195 -0.04201328754425049 -1.1511863470077515 8.411426544189453 -0.033678606152534485 -1.1485334634780884 8.375494003295898 -0.025894470512866974 -1.1459490060806274 8.371481895446777 -0.018898338079452515 -1.143540382385254 8.398773193359375 -0.01268908753991127 -1.1413100957870483 8.456121444702148 -0.0069620851427316666 -1.1391035318374634 8.542438507080078 -0.001980014145374298 -1.136960506439209 8.656839370727539 0.002207491546869278 -1.1347620487213135 8.798002243041992 0.0056802257895469666 -1.13241446018219 8.96582317352295 0.008374527096748352 -1.129927396774292 9.159577369689941 0.010354824364185333 -1.127135992050171 9.378664016723633 0.011465877294540405 -1.1240164041519165 9.622915267944336 0.011657118797302246 -1.120440125465393 9.892546653747559 0.010992974042892456 -1.116519808769226 10.18742847442627 0.009208112955093384 -1.1121022701263428 10.506746292114258 -0.1629430055618286 -1.1845412254333496 8.180753707885742 -0.14626574516296387 -1.1803275346755981 7.923498153686523 -0.1309707760810852 -1.1764124631881714 7.689571380615234 -0.11670300364494324 -1.1726001501083374 7.481789588928223 -0.10341322422027588 -1.1689212322235107 7.3024139404296875 -0.09102976322174072 -1.1654497385025024 7.1533203125 -0.07974722981452942 -1.1621694564819336 7.035464286804199 -0.06932076811790466 -1.1590542793273926 6.948925971984863 -0.05989581346511841 -1.1560628414154053 6.894194602966309 -0.051278501749038696 -1.1532176733016968 6.871195316314697 -0.04343046247959137 -1.1505036354064941 6.8796706199646 -0.03624502569437027 -1.1479569673538208 6.919210910797119 -0.02997686341404915 -1.145469069480896 6.988547325134277 -0.024352967739105225 -1.143099308013916 7.086645603179932 -0.019633717834949493 -1.1407939195632935 7.212418079376221 -0.01568843424320221 -1.1384735107421875 7.364805221557617 -0.012549050152301788 -1.1359745264053345 7.543357849121094 -0.010281190276145935 -1.1333770751953125 7.747418403625488 -0.008845888078212738 -1.1306613683700562 7.975933074951172 -0.008273422718048096 -1.1276417970657349 8.228557586669922 -0.008751198649406433 -1.1242365837097168 8.504975318908691 -0.010153084993362427 -1.1205195188522339 8.804708480834961 -0.012813776731491089 -1.1164288520812988 9.12700366973877 -0.18418270349502563 -1.1891192197799683 6.369541168212891 -0.1667730212211609 -1.185292363166809 6.133872985839844 -0.150551438331604 -1.1815283298492432 5.920409202575684 -0.13554251194000244 -1.1778548955917358 5.731936454772949 -0.12155410647392273 -1.1742985248565674 5.570858001708984 -0.10876750946044922 -1.1708279848098755 5.4386677742004395 -0.09693783521652222 -1.1674656867980957 5.336275577545166 -0.08611723780632019 -1.1642389297485352 5.26447868347168 -0.07631362974643707 -1.1611357927322388 5.223359107971191 -0.06755909323692322 -1.1580893993377686 5.213693618774414 -0.05945092439651489 -1.1551532745361328 5.235212802886963 -0.05232390761375427 -1.1522953510284424 5.287296295166016 -0.04605167731642723 -1.1495987176895142 5.368924140930176 -0.04047798737883568 -1.1469886302947998 5.479004859924316 -0.035881198942661285 -1.1444658041000366 5.616266250610352 -0.032124802470207214 -1.1418594121932983 5.78006649017334 -0.02925163507461548 -1.1393004655838013 5.969723224639893 -0.027417436242103577 -1.1366627216339111 6.183781147003174 -0.026442348957061768 -1.1338223218917847 6.421656608581543 -0.026443764567375183 -1.1308766603469849 6.683108329772949 -0.02759462594985962 -1.1277210712432861 6.966737270355225 -0.02970273792743683 -1.1242573261260986 7.271738052368164 -0.03310464322566986 -1.120492935180664 7.596973419189453 -0.2034512162208557 -1.1940224170684814 4.41343879699707 -0.18513625860214233 -1.190482497215271 4.200742721557617 -0.16811752319335938 -1.186950922012329 4.008695602416992 -0.15242308378219604 -1.1833913326263428 3.840264320373535 -0.13790565729141235 -1.17986261844635 3.6977128982543945 -0.12463772296905518 -1.1764490604400635 3.582803249359131 -0.1124245822429657 -1.173078179359436 3.496217727661133 -0.10136708617210388 -1.1697065830230713 3.439066171646118 -0.09127867221832275 -1.1663477420806885 3.4121100902557373 -0.08228009939193726 -1.1630133390426636 3.415867328643799 -0.07408377528190613 -1.1597400903701782 3.450443744659424 -0.06697665899991989 -1.1566026210784912 3.5152692794799805 -0.060564812272787094 -1.1535894870758057 3.6095616817474365 -0.05522768199443817 -1.1507254838943481 3.731961727142334 -0.05063561350107193 -1.1478393077850342 3.881518602371216 -0.0470329113304615 -1.1450605392456055 4.057187080383301 -0.044371046125888824 -1.1422979831695557 4.257992744445801 -0.04294118285179138 -1.1395114660263062 4.482443809509277 -0.04232442378997803 -1.1366758346557617 4.730038642883301 -0.042843714356422424 -1.1337379217147827 5.000191688537598 -0.04456353187561035 -1.1307055950164795 5.2910308837890625 -0.04747854173183441 -1.1274760961532593 5.601365089416504 -0.05156394839286804 -1.124025821685791 5.929811954498291 -0.2203352451324463 -1.1995337009429932 2.3296375274658203 -0.20128333568572998 -1.1961805820465088 2.1404433250427246 -0.18374359607696533 -1.1928210258483887 1.970409870147705 -0.16745805740356445 -1.1894097328186035 1.8223543167114258 -0.15242135524749756 -1.185929775238037 1.6986465454101562 -0.13870248198509216 -1.1824374198913574 1.6009511947631836 -0.12619781494140625 -1.1789778470993042 1.530231237411499 -0.11484971642494202 -1.1754553318023682 1.4877363443374634 -0.10471934080123901 -1.1717934608459473 1.474473476409912 -0.09539297223091125 -1.168078899383545 1.4916679859161377 -0.08719395101070404 -1.1644978523254395 1.5393803119659424 -0.08004304021596909 -1.1609742641448975 1.6172077655792236 -0.07362569868564606 -1.1575465202331543 1.7242743968963623 -0.06833303719758987 -1.1542036533355713 1.859663724899292 -0.06386592239141464 -1.1510355472564697 2.0221383571624756 -0.06027801334857941 -1.1479644775390625 2.2101540565490723 -0.057931751012802124 -1.1449695825576782 2.422447681427002 -0.056635595858097076 -1.1420073509216309 2.658094882965088 -0.05638502538204193 -1.1390442848205566 2.91591739654541 -0.05734877288341522 -1.1361232995986938 3.1946706771850586 -0.05965900421142578 -1.1332061290740967 3.4928600788116455 -0.06322938203811646 -1.130248785018921 3.8088741302490234 -0.06799791753292084 -1.127166986465454 4.140799522399902 -0.2349948287010193 -1.2055622339248657 0.13543462753295898 -0.21543747186660767 -1.202406883239746 -0.030217885971069336 -0.19725924730300903 -1.1992137432098389 -0.178145170211792 -0.180466890335083 -1.1958850622177124 -0.3057749271392822 -0.16506916284561157 -1.1924808025360107 -0.4109545946121216 -0.15103769302368164 -1.1889675855636597 -0.49186795949935913 -0.13823765516281128 -1.185288906097412 -0.5468422174453735 -0.12680917978286743 -1.1814318895339966 -0.5746282339096069 -0.11634171009063721 -1.1774433851242065 -0.5739474296569824 -0.10696148872375488 -1.1733436584472656 -0.5433285236358643 -0.09871171414852142 -1.1692795753479004 -0.48247671127319336 -0.09143701940774918 -1.165252447128296 -0.39163970947265625 -0.08511511981487274 -1.1612952947616577 -0.2715601921081543 -0.07981151342391968 -1.1575123071670532 -0.12287664413452148 -0.07535580545663834 -1.1538822650909424 0.05260038375854492 -0.07209095358848572 -1.1504502296447754 0.2534365653991699 -0.06976154446601868 -1.1471420526504517 0.47832202911376953 -0.06857912987470627 -1.1439573764801025 0.7257561683654785 -0.06863787770271301 -1.140956163406372 0.9941258430480957 -0.07003320753574371 -1.1380372047424316 1.28183913230896 -0.0728750079870224 -1.135157823562622 1.5874093770980835 -0.07699061930179596 -1.1323381662368774 1.9090040922164917 -0.08245012164115906 -1.1294933557510376 2.2447760105133057 -0.24766302108764648 -1.2123079299926758 -2.1526060104370117 -0.22741466760635376 -1.209398627281189 -2.29514741897583 -0.20876485109329224 -1.206381916999817 -2.421131134033203 -0.19150811433792114 -1.2031999826431274 -2.528869390487671 -0.175908625125885 -1.1997157335281372 -2.615832567214966 -0.16154563426971436 -1.1960101127624512 -2.679760694503784 -0.148634135723114 -1.1919784545898438 -2.7191240787506104 -0.13691478967666626 -1.1877902746200562 -2.7321853637695312 -0.1263790726661682 -1.1833579540252686 -2.7175097465515137 -0.11689832806587219 -1.178748607635498 -2.6736643314361572 -0.10861954092979431 -1.1740962266921997 -2.5997180938720703 -0.10132154822349548 -1.1694978475570679 -2.4958271980285645 -0.09504866600036621 -1.165036916732788 -2.3625340461730957 -0.08968716859817505 -1.160626769065857 -2.2008814811706543 -0.08539748191833496 -1.1563994884490967 -2.01198148727417 -0.08206282556056976 -1.152449607849121 -1.7974157333374023 -0.0798867866396904 -1.148736834526062 -1.5593271255493164 -0.07894376665353775 -1.1452436447143555 -1.2994413375854492 -0.07916776835918427 -1.142032265663147 -1.0200190544128418 -0.08080118894577026 -1.139079213142395 -0.7228274345397949 -0.08399417996406555 -1.1363109350204468 -0.40964603424072266 -0.08864927291870117 -1.1336442232131958 -0.08205008506774902 -0.09483647346496582 -1.1310184001922607 0.25803059339523315 -0.2581065893173218 -1.2199609279632568 -4.518773555755615 -0.23728644847869873 -1.217348575592041 -4.637863636016846 -0.2181662917137146 -1.2144986391067505 -4.742606163024902 -0.20063626766204834 -1.2113243341445923 -4.830715179443359 -0.18470990657806396 -1.20773446559906 -4.899727821350098 -0.1703321933746338 -1.203701138496399 -4.947165489196777 -0.15735602378845215 -1.199305534362793 -4.9708251953125 -0.14545729756355286 -1.1945570707321167 -4.969043254852295 -0.1348813772201538 -1.1896284818649292 -4.940242767333984 -0.12539051473140717 -1.1844663619995117 -4.883438587188721 -0.1170283854007721 -1.1791505813598633 -4.796934604644775 -0.10974719375371933 -1.1738165616989136 -4.6804914474487305 -0.10351411998271942 -1.1685359477996826 -4.53397274017334 -0.09815634787082672 -1.1634252071380615 -4.358704566955566 -0.09381572902202606 -1.1585127115249634 -4.155920028686523 -0.09047801047563553 -1.1538596153259277 -3.9273548126220703 -0.08838427811861038 -1.149592399597168 -3.675276756286621 -0.08760441839694977 -1.145780086517334 -3.402287006378174 -0.0878908783197403 -1.1423195600509644 -3.111231803894043 -0.08974084258079529 -1.1392498016357422 -2.8041019439697266 -0.09324723482131958 -1.1364213228225708 -2.4825854301452637 -0.09824132919311523 -1.1339088678359985 -2.148495674133301 -0.10507628321647644 -1.1315456628799438 -1.8039400577545166 -0.2662891149520874 -1.2290338277816772 -6.945838451385498 -0.24493789672851562 -1.226622223854065 -7.0428547859191895 -0.22550976276397705 -1.22380530834198 -7.126418590545654 -0.2077288031578064 -1.2205058336257935 -7.1949782371521 -0.19173848628997803 -1.2166454792022705 -7.246037483215332 -0.17732477188110352 -1.212256908416748 -7.277180194854736 -0.16429898142814636 -1.207250714302063 -7.285764217376709 -0.1525561809539795 -1.2019274234771729 -7.269448280334473 -0.1419524848461151 -1.1963565349578857 -7.227261543273926 -0.13246722519397736 -1.1904785633087158 -7.157595634460449 -0.12405344843864441 -1.1843453645706177 -7.058942794799805 -0.11672099679708481 -1.1780601739883423 -6.929903507232666 -0.11039365082979202 -1.1718806028366089 -6.770109176635742 -0.10508881509304047 -1.1659144163131714 -6.580620765686035 -0.10067559778690338 -1.1601585149765015 -6.363269805908203 -0.09736710786819458 -1.1547362804412842 -6.1199140548706055 -0.09536866843700409 -1.149891972541809 -5.853521347045898 -0.09443789720535278 -1.145564079284668 -5.567428112030029 -0.09494878351688385 -1.141709566116333 -5.264212608337402 -0.09687745571136475 -1.138317346572876 -4.94648551940918 -0.10055598616600037 -1.1354410648345947 -4.6163105964660645 -0.10589030385017395 -1.1329492330551147 -4.2756757736206055 -0.11302018165588379 -1.1307092905044556 -3.925543785095215 -0.27223581075668335 -1.239748239517212 -9.418834686279297 -0.25045883655548096 -1.2375109195709229 -9.493500709533691 -0.23087143898010254 -1.2345151901245117 -9.556221961975098 -0.21310383081436157 -1.2309014797210693 -9.605270385742188 -0.19719934463500977 -1.2265772819519043 -9.638786315917969 -0.18284058570861816 -1.2215840816497803 -9.65356159210205 -0.16985386610031128 -1.2160316705703735 -9.647189140319824 -0.15815436840057373 -1.2100164890289307 -9.617582321166992 -0.14758408069610596 -1.203537106513977 -9.563066482543945 -0.13816766440868378 -1.1967341899871826 -9.481009483337402 -0.1297246366739273 -1.1896520853042603 -9.369933128356934 -0.12229917198419571 -1.182350754737854 -9.22802448272705 -0.11594370007514954 -1.1750777959823608 -9.054706573486328 -0.11072985082864761 -1.167990803718567 -8.850934982299805 -0.10627757012844086 -1.1612493991851807 -8.61827564239502 -0.10289661586284637 -1.1550328731536865 -8.359501838684082 -0.10075236111879349 -1.1494418382644653 -8.078693389892578 -0.09982189536094666 -1.1444529294967651 -7.779046058654785 -0.10041400790214539 -1.1400066614151 -7.4633684158325195 -0.10234890878200531 -1.136186957359314 -7.134681701660156 -0.10604631900787354 -1.1330279111862183 -6.795589447021484 -0.11139741539955139 -1.1304041147232056 -6.4480366706848145 -0.11905771493911743 -1.1280815601348877 -6.091395378112793 -0.27608537673950195 -1.2526524066925049 -11.922566413879395 -0.25398266315460205 -1.250213861465454 -11.974202156066895 -0.2345314621925354 -1.2468490600585938 -12.015745162963867 -0.21704870462417603 -1.2426507472991943 -12.046544075012207 -0.20118707418441772 -1.2376608848571777 -12.062851905822754 -0.18700426816940308 -1.2319573163986206 -12.062024116516113 -0.1742554008960724 -1.2255779504776 -12.041163444519043 -0.16262024641036987 -1.2186956405639648 -11.998235702514648 -0.1520039141178131 -1.21133553981781 -11.931617736816406 -0.14254912734031677 -1.2034658193588257 -11.83801555633545 -0.13423137366771698 -1.195194959640503 -11.714451789855957 -0.1268121898174286 -1.186701774597168 -11.559364318847656 -0.1203623116016388 -1.1781350374221802 -11.372579574584961 -0.11509465426206589 -1.1697592735290527 -11.154306411743164 -0.1106320470571518 -1.1617177724838257 -10.906272888183594 -0.10718211531639099 -1.1544657945632935 -10.631576538085938 -0.1046999990940094 -1.1480867862701416 -10.335529327392578 -0.10396446287631989 -1.1423394680023193 -10.021978378295898 -0.10446926951408386 -1.137223243713379 -9.694195747375488 -0.10636399686336517 -1.1328409910202026 -9.3546781539917 -0.10981816053390503 -1.128989577293396 -9.006056785583496 -0.11508765816688538 -1.1260908842086792 -8.648904800415039 -0.12263497710227966 -1.1234699487686157 -8.286701202392578 0.5361170172691345 -1.002324104309082 -10.736449241638184 0.5372834205627441 -1.0022413730621338 -10.743453025817871 0.5324194431304932 -1.0121181011199951 -8.3894624710083 0.5335289239883423 -1.011922001838684 -8.394769668579102 0.5266152024269104 -1.0196713209152222 -6.069342136383057 0.5276216864585876 -1.0194165706634521 -6.072910308837891 0.5187264084815979 -1.026191234588623 -3.7908291816711426 0.5197088718414307 -1.0258276462554932 -3.7925639152526855 0.5085368752479553 -1.0316702127456665 -1.5696945190429688 0.5094430446624756 -1.0312161445617676 -1.569570541381836 0.49621719121932983 -1.0367375612258911 0.5778388977050781 0.49704664945602417 -1.0362337827682495 0.5796575546264648 0.481850266456604 -1.0410906076431274 2.635934829711914 0.48269450664520264 -1.040508508682251 2.639629364013672 0.46534091234207153 -1.0449990034103394 4.589071273803711 0.4661294221878052 -1.044340968132019 4.594577789306641 0.4468340277671814 -1.048406720161438 6.422151565551758 0.4475787281990051 -1.0476707220077515 6.429597854614258 0.42629706859588623 -1.0516682863235474 8.120014190673828 0.4270555377006531 -1.0508431196212769 8.129411697387695 0.4038039743900299 -1.0546590089797974 9.66781997680664 0.40451517701148987 -1.0537662506103516 9.679094314575195 0.3795897662639618 -1.0576540231704712 11.052322387695312 0.3802739083766937 -1.056692361831665 11.065322875976562 0.35363975167274475 -1.0606517791748047 12.260669708251953 0.3542444407939911 -1.059636116027832 12.275287628173828 0.3264065682888031 -1.0635807514190674 13.281867980957031 0.3270164132118225 -1.0625419616699219 13.2979736328125 0.2978784143924713 -1.0666770935058594 14.107278823852539 0.29845988750457764 -1.065569519996643 14.12497329711914 0.2678694725036621 -1.069691777229309 14.72821044921875 0.26842212677001953 -1.0685728788375854 14.7474365234375 0.2371530532836914 -1.0727035999298096 15.137723922729492 0.23760180175304413 -1.0715407133102417 15.158409118652344 0.2060365378856659 -1.076084852218628 15.33143138885498 0.206512451171875 -1.0749382972717285 15.353311538696289 0.1751358062028885 -1.080118179321289 15.309282302856445 0.1755739152431488 -1.0789711475372314 15.332301139831543 0.14472772181034088 -1.083866000175476 15.073382377624512 0.14509785175323486 -1.0827224254608154 15.097434043884277 0.11490689963102341 -1.0880110263824463 14.627068519592285 0.11524807661771774 -1.08689284324646 14.65183162689209 0.08594681322574615 -1.0924519300460815 13.975558280944824 0.08617439866065979 -1.091381549835205 14.000740051269531 0.058231160044670105 -1.096847653388977 13.127140045166016 0.05847790837287903 -1.0958104133605957 13.152620315551758 0.03176701068878174 -1.1016219854354858 12.090436935424805 0.03196878731250763 -1.1006673574447632 12.116070747375488 0.006779313087463379 -1.1062358617782593 10.876165390014648 0.006942838430404663 -1.1053193807601929 10.901901245117188 -0.016344815492630005 -1.1110862493515015 9.497235298156738 -0.016228795051574707 -1.1102421283721924 9.52298641204834 -0.03752456605434418 -1.1155192852020264 7.967318058013916 -0.03747011721134186 -1.1147428750991821 7.992948532104492 -0.05667950212955475 -1.1195625066757202 6.300919532775879 -0.05664001405239105 -1.1188699007034302 6.326455116271973 -0.07384772598743439 -1.1232417821884155 4.512700080871582 -0.07382550835609436 -1.1226307153701782 4.538106918334961 -0.08897212147712708 -1.1257857084274292 2.6188652515411377 -0.08901500701904297 -1.1252444982528687 2.6443748474121094 -0.10211712121963501 -1.127994418144226 0.6346259117126465 -0.10218936204910278 -1.1275569200515747 0.6600853204727173 -0.11316382884979248 -1.1288386583328247 -1.4242690801620483 -0.11334821581840515 -1.1284832954406738 -1.3987092971801758 -0.12193232774734497 -1.1284476518630981 -3.5411362648010254 -0.12217891216278076 -1.128178358078003 -3.515359401702881 -0.1282578408718109 -1.126201868057251 -5.70041561126709 -0.1285925805568695 -1.126013994216919 -5.6742753982543945 -0.13245436549186707 -1.121178388595581 -7.886551856994629 -0.13294002413749695 -1.1210439205169678 -7.859891414642334 -0.30659592151641846 -1.2711763381958008 -14.588018417358398 -0.3050839900970459 -1.2711098194122314 -14.590210914611816 -0.3066924810409546 -1.2726564407348633 -14.768351554870605 -0.3050839900970459 -1.2725472450256348 -14.770638465881348 -0.27835339307785034 -1.2691662311553955 -14.621858596801758 -0.25644367933273315 -1.2660245895385742 -14.647466659545898 -0.237240731716156 -1.261852502822876 -14.667399406433105 -0.21994918584823608 -1.2567124366760254 -14.678801536560059 -0.2043052315711975 -1.2505793571472168 -14.677488327026367 -0.19023901224136353 -1.243752360343933 -14.660659790039062 -0.17779770493507385 -1.23630690574646 -14.624683380126953 -0.16659045219421387 -1.2285497188568115 -14.56822395324707 -0.15576016902923584 -1.2205477952957153 -14.488924980163574 -0.14651580154895782 -1.2113447189331055 -14.383097648620605 -0.13822416961193085 -1.2012121677398682 -14.246122360229492 -0.1305852234363556 -1.1911677122116089 -14.076112747192383 -0.12431157380342484 -1.181462049484253 -13.874070167541504 -0.11877882480621338 -1.1712217330932617 -13.640249252319336 -0.11412713676691055 -1.1614255905151367 -13.375356674194336 -0.11042135208845139 -1.1525226831436157 -13.083335876464844 -0.10772129893302917 -1.1452317237854004 -12.77003288269043 -0.10698758065700531 -1.1391962766647339 -12.44284439086914 -0.1077832281589508 -1.133648157119751 -12.102602005004883 -0.10916295647621155 -1.127682089805603 -11.751337051391602 -0.11214873194694519 -1.122963309288025 -11.390766143798828 -0.11777663230895996 -1.1187912225723267 -11.022953033447266 -0.12498971819877625 -1.1151601076126099 -10.649194717407227 -0.27846992015838623 -1.2704946994781494 -14.800546646118164 -0.2566850781440735 -1.267179012298584 -14.824369430541992 -0.23741257190704346 -1.262890100479126 -14.84277629852295 -0.22008973360061646 -1.2576885223388672 -14.852903366088867 -0.204567551612854 -1.2514448165893555 -14.850515365600586 -0.1904357671737671 -1.2444946765899658 -14.832511901855469 -0.17810222506523132 -1.237016201019287 -14.795636177062988 -0.16694846749305725 -1.2292178869247437 -14.738411903381348 -0.1560642421245575 -1.2212401628494263 -14.658196449279785 -0.1468924880027771 -1.2118109464645386 -14.551737785339355 -0.1385551393032074 -1.2016345262527466 -14.413740158081055 -0.1309112012386322 -1.1914000511169434 -14.242676734924316 -0.12463586032390594 -1.1817030906677246 -14.03968620300293 -0.11906525492668152 -1.171401023864746 -13.804717063903809 -0.11445270478725433 -1.1615122556686401 -13.538626670837402 -0.11066107451915741 -1.152466893196106 -13.245558738708496 -0.10797438025474548 -1.1451184749603271 -12.931081771850586 -0.10711739957332611 -1.1391100883483887 -12.603143692016602 -0.10801766812801361 -1.1333328485488892 -12.26205062866211 -0.10935606062412262 -1.127314805984497 -11.909781455993652 -0.1122647225856781 -1.1226427555084229 -11.548468589782715 -0.11793398857116699 -1.1180905103683472 -11.180007934570312 -0.12503525614738464 -1.1144680976867676 -10.805557250976562 -0.1356494426727295 -1.113447904586792 -10.244359970092773 -0.13629406690597534 -1.1135269403457642 -10.217697143554688 -0.13570547103881836 -1.112844705581665 -10.400554656982422 -0.13628220558166504 -1.1129491329193115 -10.373810768127441 -0.08173477649688721 -1.0578036308288574 -11.324347496032715 -0.08239709585905075 -1.05783212184906 -11.327037811279297 -0.08174948394298553 -1.0572084188461304 -11.155555725097656 -0.08237512409687042 -1.057229995727539 -11.158348083496094 -0.09119318425655365 -1.056632399559021 -11.367010116577148 -0.09635280072689056 -1.0542850494384766 -11.40425968170166 -0.09954743087291718 -1.051202416419983 -11.442473411560059 -0.10143672674894333 -1.0474836826324463 -11.483316421508789 -0.10212035477161407 -1.043237566947937 -11.526885986328125 -0.10166072845458984 -1.0387864112854004 -11.57325267791748 -0.10047245025634766 -1.034234642982483 -11.625070571899414 -0.09839591383934021 -1.029496669769287 -11.684496879577637 -0.09560294449329376 -1.0245366096496582 -11.75110912322998 -0.09206630289554596 -1.0195213556289673 -11.82446575164795 -0.08805644512176514 -1.0145732164382935 -11.904821395874023 -0.08367494493722916 -1.0094746351242065 -11.991665840148926 -0.07823744416236877 -1.0043280124664307 -12.085275650024414 -0.07232885807752609 -0.9992153644561768 -12.186115264892578 -0.0655701607465744 -0.994316577911377 -12.294563293457031 -0.05852209031581879 -0.9894543886184692 -12.409568786621094 -0.05035868287086487 -0.9847867488861084 -12.530906677246094 -0.04168237745761871 -0.9803431034088135 -12.656915664672852 -0.031857654452323914 -0.976085901260376 -12.786863327026367 -0.021166205406188965 -0.9721829891204834 -12.918191909790039 -0.009222537279129028 -0.9686040878295898 -13.047782897949219 0.0038480162620544434 -0.9656423330307007 -13.175451278686523 0.018502309918403625 -0.9633582830429077 -13.300661087036133 -0.09119642525911331 -1.0561656951904297 -11.199989318847656 -0.09638216346502304 -1.0540145635604858 -11.238999366760254 -0.09959636628627777 -1.0509902238845825 -11.279047012329102 -0.10154207795858383 -1.0473411083221436 -11.321540832519531 -0.10224989801645279 -1.043211817741394 -11.366509437561035 -0.10174836218357086 -1.0388339757919312 -11.413978576660156 -0.10055375099182129 -1.034319519996643 -11.466901779174805 -0.09849029779434204 -1.0296440124511719 -11.527254104614258 -0.09575487673282623 -1.0247159004211426 -11.594537734985352 -0.09218233078718185 -1.0197879076004028 -11.66832160949707 -0.08819165080785751 -1.0148494243621826 -11.748790740966797 -0.08378668129444122 -1.0097968578338623 -11.83560562133789 -0.07835482060909271 -1.0047423839569092 -11.929109573364258 -0.07244028896093369 -0.9996657371520996 -12.029783248901367 -0.06565539538860321 -0.9948122501373291 -12.137712478637695 -0.05862809717655182 -0.9900065660476685 -12.252124786376953 -0.050511643290519714 -0.9853755235671997 -12.37271499633789 -0.041747838258743286 -0.9810167551040649 -12.497703552246094 -0.03198683261871338 -0.9768285751342773 -12.626522064208984 -0.021274179220199585 -0.97298264503479 -12.756797790527344 -0.009312301874160767 -0.9694896936416626 -12.885066032409668 0.003782808780670166 -0.9665882587432861 -13.011260032653809 0.018484771251678467 -0.9645166397094727 -13.134967803955078 0.03715817630290985 -0.9619934558868408 -13.431556701660156 0.0383220911026001 -0.9620754718780518 -13.440132141113281 0.03716839849948883 -0.9631835222244263 -13.264484405517578 0.038337111473083496 -0.9631768465042114 -13.272994995117188 -0.08172091841697693 -1.0494548082351685 -8.600400924682617 -0.08236115425825119 -1.049430251121521 -8.60507583618164 -0.08114971965551376 -1.0438556671142578 -6.229283332824707 -0.08165100961923599 -1.043890357017517 -6.236068248748779 -0.07954512536525726 -1.0398778915405273 -3.889547824859619 -0.0799892246723175 -1.0399407148361206 -3.8985142707824707 -0.07677747309207916 -1.0373660326004028 -1.598200798034668 -0.07712622731924057 -1.037481427192688 -1.609362006187439 -0.07264794409275055 -1.0356299877166748 0.6288175582885742 -0.07295402139425278 -1.035775899887085 0.6154618263244629 -0.06714797019958496 -1.0347492694854736 2.774359703063965 -0.0673811063170433 -1.034948468208313 2.75882625579834 -0.06029864773154259 -1.034011960029602 4.821688175201416 -0.060526393353939056 -1.0342527627944946 4.80398416519165 -0.05215295031666756 -1.0341637134552002 6.752417087554932 -0.05229629948735237 -1.0344510078430176 6.732565879821777 -0.042715251445770264 -1.0346392393112183 8.54968547821045 -0.04284188151359558 -1.0349692106246948 8.527891159057617 -0.032015860080718994 -1.0357320308685303 10.196854591369629 -0.032108426094055176 -1.036101222038269 10.173192977905273 -0.020468376576900482 -1.0372414588928223 11.67777156829834 -0.02051081508398056 -1.037636160850525 11.65234088897705 -0.008078500628471375 -1.0394175052642822 12.976926803588867 -0.008057430386543274 -1.0398472547531128 12.949972152709961 0.005194947123527527 -1.0424678325653076 14.081639289855957 0.0052887871861457825 -1.042904257774353 14.053564071655273 0.019268393516540527 -1.0458358526229858 14.980579376220703 0.01942959800362587 -1.0463109016418457 14.95146369934082 0.033882588148117065 -1.0498040914535522 15.664783477783203 0.03412717580795288 -1.0502827167510986 15.634891510009766 0.049003005027770996 -1.0544402599334717 16.127573013305664 0.049287088215351105 -1.0549452304840088 16.097333908081055 0.06435950100421906 -1.059597373008728 16.363636016845703 0.06474517285823822 -1.0600847005844116 16.333276748657227 0.08002805709838867 -1.0655241012573242 16.37061309814453 0.0804562121629715 -1.0660167932510376 16.34037971496582 0.09560926258563995 -1.0712705850601196 16.148025512695312 0.09606795758008957 -1.0717557668685913 16.11804962158203 0.11078644543886185 -1.0776597261428833 15.696130752563477 0.11131893843412399 -1.0781288146972656 15.666610717773438 0.12563955783843994 -1.0845746994018555 15.016916275024414 0.12621676921844482 -1.0850346088409424 14.988292694091797 0.14001259207725525 -1.0922397375106812 14.115703582763672 0.14069505035877228 -1.0926778316497803 14.088275909423828 0.1537632942199707 -1.1002485752105713 13.002153396606445 0.1544724553823471 -1.1006747484207153 12.976041793823242 0.16674979031085968 -1.1087145805358887 11.687265396118164 0.16752377152442932 -1.1091196537017822 11.662628173828125 0.1788882613182068 -1.1176701784133911 10.182708740234375 0.1796787977218628 -1.1180471181869507 10.159801483154297 0.190087229013443 -1.1267824172973633 8.50271224975586 0.19095055758953094 -1.1271226406097412 8.481571197509766 0.20008563995361328 -1.136557698249817 6.663025856018066 0.20099808275699615 -1.1368634700775146 6.643826484680176 0.20883828401565552 -1.1463295221328735 4.679265022277832 0.20974110066890717 -1.1465721130371094 4.662003517150879 0.2163039743900299 -1.1572239398956299 2.5668134689331055 0.21731172502040863 -1.157443881034851 2.5513782501220703 0.22251760959625244 -1.1684620380401611 0.34377622604370117 0.22354871034622192 -1.1686314344406128 0.330258846282959 0.22734996676445007 -1.1804792881011963 -1.9729686975479126 0.22846069931983948 -1.180625557899475 -1.9847403764724731 0.2309245765209198 -1.1929781436920166 -4.365963459014893 0.2320593148469925 -1.193097710609436 -4.376030921936035 0.2330349236726761 -1.2070271968841553 -6.8207879066467285 0.23430421948432922 -1.2071155309677124 -6.829092979431152 0.23397508263587952 -1.2228541374206543 -9.321938514709473 0.23533175885677338 -1.2229115962982178 -9.328394889831543 0.23412807285785675 -1.2414579391479492 -11.856374740600586 0.23570720851421356 -1.2414679527282715 -11.860651969909668 -0.09082819521427155 -1.0485039949417114 -8.676342010498047 -0.09616611897945404 -1.047195553779602 -8.742546081542969 -0.09971912205219269 -1.0453683137893677 -8.808440208435059 -0.10180430859327316 -1.0430431365966797 -8.87381649017334 -0.10266097635030746 -1.0403391122817993 -8.939343452453613 -0.1023842841386795 -1.0372689962387085 -9.005701065063477 -0.10116446018218994 -1.033833384513855 -9.074712753295898 -0.09923213720321655 -1.0302222967147827 -9.14744758605957 -0.09653525799512863 -1.0265107154846191 -9.224237442016602 -0.09316592663526535 -1.0227506160736084 -9.304646492004395 -0.08910565823316574 -1.0189307928085327 -9.38831901550293 -0.08451616764068604 -1.0149848461151123 -9.475568771362305 -0.07921517640352249 -1.0109925270080566 -9.567710876464844 -0.0732332170009613 -1.0070350170135498 -9.664718627929688 -0.06660550087690353 -1.0032026767730713 -9.765884399414062 -0.05932918190956116 -0.9994751214981079 -9.870845794677734 -0.05124577879905701 -0.9959752559661865 -9.979188919067383 -0.04237830638885498 -0.9926836490631104 -10.089557647705078 -0.03267867863178253 -0.9896062612533569 -10.201313972473145 -0.022022351622581482 -0.9869468212127686 -10.312929153442383 -0.009902745485305786 -0.9848736524581909 -10.422061920166016 0.0035770535469055176 -0.9832416772842407 -10.527246475219727 0.018644317984580994 -0.9820605516433716 -10.629371643066406 -0.08940180391073227 -1.0432604551315308 -6.336867809295654 -0.0946451798081398 -1.0423996448516846 -6.4287004470825195 -0.09814860671758652 -1.0413333177566528 -6.518197059631348 -0.10029137134552002 -1.039912462234497 -6.605291843414307 -0.10115592181682587 -1.0381441116333008 -6.690064430236816 -0.10095369815826416 -1.0360558032989502 -6.773290634155273 -0.09987032413482666 -1.0336360931396484 -6.856069564819336 -0.09800025820732117 -1.0310136079788208 -6.939850807189941 -0.09554972499608994 -1.028289794921875 -7.02503776550293 -0.09215909242630005 -1.0255303382873535 -7.111336708068848 -0.08810858428478241 -1.0226738452911377 -7.198266983032227 -0.08348993957042694 -1.0197163820266724 -7.286655426025391 -0.07820563018321991 -1.016757607460022 -7.377046585083008 -0.07235158979892731 -1.0137977600097656 -7.469875335693359 -0.06565097719430923 -1.010909914970398 -7.564594268798828 -0.05835403501987457 -1.0081706047058105 -7.660829544067383 -0.05020633339881897 -1.0056092739105225 -7.758085250854492 -0.0413619726896286 -1.0032968521118164 -7.855390548706055 -0.03164006769657135 -1.001249074935913 -7.951503753662109 -0.020805180072784424 -0.9994696378707886 -8.04546070098877 -0.008686155080795288 -0.9980945587158203 -8.136488914489746 0.004896610975265503 -0.9971417188644409 -8.222923278808594 0.019955337047576904 -0.9963893890380859 -8.304831504821777 -0.08693607896566391 -1.0395596027374268 -4.029745101928711 -0.09176754206418991 -1.039020299911499 -4.147370338439941 -0.09504722058773041 -1.0383597612380981 -4.2607316970825195 -0.09709540009498596 -1.037623643875122 -4.3693695068359375 -0.0981038361787796 -1.036636233329773 -4.47312593460083 -0.09782631695270538 -1.0353889465332031 -4.572608947753906 -0.09696504473686218 -1.0338609218597412 -4.668887138366699 -0.09501034766435623 -1.032172441482544 -4.762825965881348 -0.09258042275905609 -1.0302913188934326 -4.855462074279785 -0.08935271203517914 -1.02840256690979 -4.947051048278809 -0.08529102802276611 -1.026489019393921 -5.037345886230469 -0.08077877759933472 -1.02448308467865 -5.126361846923828 -0.07542067766189575 -1.0224370956420898 -5.214799880981445 -0.06970414519309998 -1.0203593969345093 -5.303125381469727 -0.06302060931921005 -1.0183922052383423 -5.390974044799805 -0.05566958338022232 -1.0164592266082764 -5.47844123840332 -0.04762756824493408 -1.0147802829742432 -5.564783096313477 -0.038815513253211975 -1.0133593082427979 -5.648944854736328 -0.02901497483253479 -1.0121214389801025 -5.729927062988281 -0.018068969249725342 -1.0110639333724976 -5.80704402923584 -0.005996972322463989 -1.010228157043457 -5.879648208618164 0.007410287857055664 -1.0095545053482056 -5.947397232055664 0.022026360034942627 -1.0091664791107178 -6.009929180145264 -0.08320541679859161 -1.0371350049972534 -1.7710456848144531 -0.08739115297794342 -1.0367556810379028 -1.9149450063705444 -0.09063674509525299 -1.0365005731582642 -2.051870584487915 -0.09255892038345337 -1.0361926555633545 -2.181367874145508 -0.0934094488620758 -1.0357962846755981 -2.3038063049316406 -0.09313024580478668 -1.0352822542190552 -2.4192867279052734 -0.09208869934082031 -1.0346100330352783 -2.528348922729492 -0.09024033695459366 -1.0337131023406982 -2.6322460174560547 -0.08779145032167435 -1.0326743125915527 -2.7317981719970703 -0.08456219732761383 -1.0315253734588623 -2.827754020690918 -0.08067579567432404 -1.0303988456726074 -2.9204540252685547 -0.0762074887752533 -1.0292863845825195 -3.009563446044922 -0.07096494734287262 -1.0281095504760742 -3.0956592559814453 -0.06518964469432831 -1.0269355773925781 -3.179309844970703 -0.05858812481164932 -1.0257304906845093 -3.260395050048828 -0.051188185811042786 -1.0246363878250122 -3.3389110565185547 -0.04322546720504761 -1.023719072341919 -3.414173126220703 -0.0343373566865921 -1.0229696035385132 -3.485261917114258 -0.024660900235176086 -1.02236008644104 -3.5514907836914062 -0.013897836208343506 -1.0218851566314697 -3.612077236175537 -0.0018560290336608887 -1.0213903188705444 -3.6666414737701416 0.011118277907371521 -1.0210402011871338 -3.714996814727783 0.025210320949554443 -1.0207403898239136 -3.755855083465576 -0.07829686254262924 -1.0356945991516113 0.42236781120300293 -0.08203817903995514 -1.0355455875396729 0.25290733575820923 -0.08485698699951172 -1.0354772806167603 0.09306764602661133 -0.08652493357658386 -1.0355180501937866 -0.05726790428161621 -0.08715622127056122 -1.0356394052505493 -0.19790220260620117 -0.08685757219791412 -1.035717248916626 -0.3288536071777344 -0.08558228611946106 -1.0357385873794556 -0.4507274627685547 -0.08376306295394897 -1.0356643199920654 -0.564265251159668 -0.08127531409263611 -1.0353813171386719 -0.6703109741210938 -0.07798396795988083 -1.0349910259246826 -0.7699737548828125 -0.07421141117811203 -1.0346038341522217 -0.8639068603515625 -0.06969401985406876 -1.0342167615890503 -0.9522495269775391 -0.06459377706050873 -1.0337488651275635 -1.0358295440673828 -0.0586964413523674 -1.0333513021469116 -1.1148338317871094 -0.05214451998472214 -1.0329561233520508 -1.1889705657958984 -0.04489675164222717 -1.0325371026992798 -1.2584009170532227 -0.03702855110168457 -1.0322885513305664 -1.3224573135375977 -0.0281999409198761 -1.0321342945098877 -1.3805046081542969 -0.018654420971870422 -1.0320014953613281 -1.432016372680664 -0.008123606443405151 -1.0319205522537231 -1.476283073425293 0.0033968091011047363 -1.0318113565444946 -1.5129867792129517 0.01602749526500702 -1.0317306518554688 -1.5412530899047852 0.029531896114349365 -1.0316414833068848 -1.560288429260254 -0.07208295911550522 -1.034924864768982 2.5353779792785645 -0.0753503292798996 -1.034945011138916 2.339914321899414 -0.07769165933132172 -1.0351732969284058 2.157197952270508 -0.07908709347248077 -1.035560131072998 1.9869261980056763 -0.07937444746494293 -1.0360524654388428 1.8287508487701416 -0.07902958989143372 -1.03667151927948 1.682657241821289 -0.07760410010814667 -1.0372374057769775 1.54826021194458 -0.0756261795759201 -1.0378262996673584 1.4251813888549805 -0.0729902982711792 -1.0383504629135132 1.3128461837768555 -0.06973133981227875 -1.038723349571228 1.2099628448486328 -0.06586193293333054 -1.0390355587005615 1.1155948638916016 -0.06140735000371933 -1.039266586303711 1.0284442901611328 -0.056285396218299866 -1.0394710302352905 0.9478187561035156 -0.050416842103004456 -1.0397107601165771 0.873774528503418 -0.0440177246928215 -1.0399696826934814 0.8066873550415039 -0.03683570772409439 -1.0402486324310303 0.7467136383056641 -0.029032498598098755 -1.0405564308166504 0.6939220428466797 -0.020531967282295227 -1.0408215522766113 0.6489591598510742 -0.011113658547401428 -1.0410852432250977 0.6123056411743164 -0.0009860098361968994 -1.0413615703582764 0.584492564201355 0.010040953755378723 -1.0416474342346191 0.5662658214569092 0.022144585847854614 -1.0418200492858887 0.5583486557006836 0.0353124737739563 -1.0418157577514648 0.5613155364990234 -0.06462119519710541 -1.0345889329910278 4.549279689788818 -0.06749315559864044 -1.0348613262176514 4.328968048095703 -0.0692121833562851 -1.0354057550430298 4.124285697937012 -0.07018789649009705 -1.0361413955688477 3.9345808029174805 -0.07021142542362213 -1.03703773021698 3.7593066692352295 -0.06936410069465637 -1.0380910634994507 3.598574638366699 -0.06787575781345367 -1.039249300956726 3.4523048400878906 -0.0657372921705246 -1.040459156036377 3.3203787803649902 -0.06312815845012665 -1.0415910482406616 3.2021522521972656 -0.05976386368274689 -1.0426281690597534 3.096302032470703 -0.055775776505470276 -1.0435855388641357 3.0014867782592773 -0.0512690469622612 -1.0443657636642456 2.9160146713256836 -0.046212971210479736 -1.045167326927185 2.838909149169922 -0.04041651636362076 -1.045963168144226 2.770242691040039 -0.03417479991912842 -1.046839952468872 2.710491180419922 -0.027049362659454346 -1.0477044582366943 2.6598854064941406 -0.019522279500961304 -1.0484546422958374 2.618584156036377 -0.011297881603240967 -1.0491961240768433 2.586820125579834 -0.0022135376930236816 -1.0498275756835938 2.565398693084717 0.007614850997924805 -1.050429105758667 2.554624557495117 0.01812228560447693 -1.0509991645812988 2.5551323890686035 0.02969670295715332 -1.0513620376586914 2.5678224563598633 0.04216182231903076 -1.0515494346618652 2.593507766723633 -0.05590997636318207 -1.0348173379898071 6.44887638092041 -0.05806586146354675 -1.0353213548660278 6.2039570808410645 -0.05933992564678192 -1.036097526550293 5.97765588760376 -0.05977986752986908 -1.0371320247650146 5.7689900398254395 -0.05937953293323517 -1.0384083986282349 5.577322483062744 -0.058291926980018616 -1.0399330854415894 5.402712821960449 -0.05659821629524231 -1.041654109954834 5.24521017074585 -0.05426409840583801 -1.0434495210647583 5.105216026306152 -0.051457613706588745 -1.0451675653457642 4.981764793395996 -0.0480489581823349 -1.0467780828475952 4.873140335083008 -0.04397088289260864 -1.0482064485549927 4.7778215408325195 -0.039444103837013245 -1.049574613571167 4.694214820861816 -0.03437672555446625 -1.0509092807769775 4.621321678161621 -0.028802290558815002 -1.0522427558898926 4.558481216430664 -0.02258765697479248 -1.0536130666732788 4.506300926208496 -0.015854373574256897 -1.054941177368164 4.465166091918945 -0.008451908826828003 -1.0562185049057007 4.435642242431641 -0.0005814880132675171 -1.0573328733444214 4.417845726013184 0.008052855730056763 -1.058358907699585 4.411914348602295 0.017508313059806824 -1.0592141151428223 4.418480396270752 0.02761615812778473 -1.0599868297576904 4.438321590423584 0.03849593549966812 -1.0605947971343994 4.471954345703125 0.050358839333057404 -1.060865879058838 4.520347595214844 -0.045862287282943726 -1.0355807542800903 8.216419219970703 -0.04735732078552246 -1.0363216400146484 7.948273181915283 -0.048042505979537964 -1.0372964143753052 7.701213836669922 -0.04792715609073639 -1.0386550426483154 7.47398042678833 -0.04717154800891876 -1.0403244495391846 7.26668643951416 -0.045766010880470276 -1.0422149896621704 7.079183101654053 -0.043764129281044006 -1.0443910360336304 6.911956787109375 -0.041380107402801514 -1.0466357469558716 6.764570713043213 -0.03836628794670105 -1.0488550662994385 6.636220932006836 -0.03479272127151489 -1.0509545803070068 6.525070667266846 -0.030786097049713135 -1.0530109405517578 6.429624080657959 -0.02607087790966034 -1.0549330711364746 6.348062515258789 -0.02109275758266449 -1.0567858219146729 6.279375076293945 -0.015614375472068787 -1.0585037469863892 6.222726821899414 -0.009480059146881104 -1.0602951049804688 6.178574562072754 -0.003070265054702759 -1.0621235370635986 6.1478776931762695 0.003972768783569336 -1.0638048648834229 6.130506992340088 0.011575236916542053 -1.06532621383667 6.126824378967285 0.019741103053092957 -1.0666148662567139 6.136898040771484 0.028621360659599304 -1.0677568912506104 6.161136627197266 0.038203515112400055 -1.0687131881713867 6.200514316558838 0.048623234033584595 -1.0693395137786865 6.255339622497559 0.059707313776016235 -1.0698108673095703 6.326601028442383 -0.034496746957302094 -1.0368523597717285 9.835832595825195 -0.03533150255680084 -1.0376428365707397 9.545969009399414 -0.03535608947277069 -1.0388673543930054 9.278618812561035 -0.034786075353622437 -1.0405545234680176 9.034097671508789 -0.033597081899642944 -1.0425957441329956 8.812257766723633 -0.03187975287437439 -1.0449587106704712 8.6134672164917 -0.02963252365589142 -1.0475122928619385 8.437704086303711 -0.027064025402069092 -1.0501545667648315 8.284100532531738 -0.023820877075195312 -1.052782654762268 8.151187896728516 -0.020181089639663696 -1.0553523302078247 8.03792953491211 -0.015846386551856995 -1.0578131675720215 7.942026615142822 -0.011314064264297485 -1.0602515935897827 7.862732887268066 -0.006366714835166931 -1.062538504600525 7.798439979553223 -0.0010050684213638306 -1.06480872631073 7.748714923858643 0.004804551601409912 -1.0670242309570312 7.713308811187744 0.011141031980514526 -1.0692514181137085 7.6932148933410645 0.017775699496269226 -1.0712828636169434 7.688783645629883 0.024954795837402344 -1.0730799436569214 7.699662208557129 0.032628029584884644 -1.0746808052062988 7.726088047027588 0.0409785732626915 -1.0760598182678223 7.768597602844238 0.05000991374254227 -1.0771539211273193 7.827476501464844 0.059790294617414474 -1.0779402256011963 7.903392791748047 0.07029226422309875 -1.0785627365112305 7.997079849243164 -0.021928906440734863 -1.0384849309921265 11.290969848632812 -0.022074460983276367 -1.0394350290298462 10.98049545288086 -0.02147737145423889 -1.0409067869186401 10.694957733154297 -0.02041533589363098 -1.0428922176361084 10.434812545776367 -0.018798932433128357 -1.0452921390533447 10.200214385986328 -0.016787514090538025 -1.0480611324310303 9.991649627685547 -0.014249682426452637 -1.0509997606277466 9.80868148803711 -0.011360377073287964 -1.0539755821228027 9.64992904663086 -0.007994532585144043 -1.056930422782898 9.513616561889648 -0.004202127456665039 -1.0598375797271729 9.398248672485352 0.00020338594913482666 -1.062764048576355 9.302179336547852 0.004774555563926697 -1.0656425952911377 9.22508716583252 0.009633585810661316 -1.0684014558792114 9.165750503540039 0.014955729246139526 -1.0710177421569824 9.123013496398926 0.020598411560058594 -1.0736573934555054 9.096945762634277 0.02646179497241974 -1.0762242078781128 9.088130950927734 0.032841794192790985 -1.0786093473434448 9.096824645996094 0.03954198956489563 -1.0807304382324219 9.122884750366211 0.04676004871726036 -1.0826468467712402 9.166348457336426 0.05452682077884674 -1.0841662883758545 9.227266311645508 0.06295555084943771 -1.085392951965332 9.305533409118652 0.07204744964838028 -1.08632493019104 9.402095794677734 0.08180685341358185 -1.087026596069336 9.518562316894531 -0.008514732122421265 -1.0407612323760986 12.567098617553711 -0.007896214723587036 -1.041831612586975 12.238218307495117 -0.006712168455123901 -1.0435055494308472 11.936885833740234 -0.005044922232627869 -1.0457556247711182 11.663304328918457 -0.0030858516693115234 -1.0485007762908936 11.41804313659668 -0.0005595684051513672 -1.0515273809432983 11.201330184936523 0.0022956430912017822 -1.0547891855239868 11.012190818786621 0.005557164549827576 -1.058113694190979 10.849166870117188 0.009057432413101196 -1.0613352060317993 10.710460662841797 0.012969642877578735 -1.064531683921814 10.593878746032715 0.017362043261528015 -1.067784309387207 10.498462677001953 0.021934255957603455 -1.0710633993148804 10.423973083496094 0.026803970336914062 -1.0742267370224 10.369698524475098 0.03184893727302551 -1.0772640705108643 10.334524154663086 0.03732214868068695 -1.0802255868911743 10.317839622497559 0.04298260062932968 -1.083142638206482 10.320717811584473 0.04890384525060654 -1.0858557224273682 10.342631340026855 0.05535098910331726 -1.0882868766784668 10.383988380432129 0.062100257724523544 -1.0904197692871094 10.444503784179688 0.06926951557397842 -1.092172384262085 10.523809432983398 0.07688520848751068 -1.0935192108154297 10.621853828430176 0.08530767261981964 -1.0944924354553223 10.739389419555664 0.094288669526577 -1.0952229499816895 10.87813949584961 0.005877703428268433 -1.043648362159729 13.652948379516602 0.0071296244859695435 -1.0448051691055298 13.30862808227539 0.008875250816345215 -1.0466887950897217 12.993789672851562 0.011165261268615723 -1.0491114854812622 12.709086418151855 0.013688638806343079 -1.0520614385604858 12.45465087890625 0.016618043184280396 -1.0554349422454834 12.230829238891602 0.019972994923591614 -1.058939814567566 12.036672592163086 0.0234566330909729 -1.0624293088912964 11.87033462524414 0.02718202769756317 -1.0659794807434082 11.730216979980469 0.031166300177574158 -1.0694496631622314 11.613983154296875 0.035575658082962036 -1.072988510131836 11.52017593383789 0.04019173979759216 -1.0766205787658691 11.448798179626465 0.04497973620891571 -1.0801984071731567 11.399847984313965 0.04992802441120148 -1.083602786064148 11.372458457946777 0.05510666221380234 -1.086877703666687 11.36568832397461 0.06053828448057175 -1.0900330543518066 11.37978744506836 0.06618411093950272 -1.0930196046829224 11.415201187133789 0.07213249802589417 -1.0957244634628296 11.471653938293457 0.07848590612411499 -1.0980544090270996 11.549009323120117 0.08507541567087173 -1.0999078750610352 11.646610260009766 0.09197471290826797 -1.1013736724853516 11.764334678649902 0.09955644607543945 -1.1024820804595947 11.90274429321289 0.10781212151050568 -1.1030302047729492 12.06312370300293 0.020886361598968506 -1.0471727848052979 14.537376403808594 0.022883713245391846 -1.0483059883117676 14.181533813476562 0.02531278133392334 -1.050264596939087 13.856081008911133 0.02818988263607025 -1.0528650283813477 13.56216812133789 0.0312504768371582 -1.0560314655303955 13.300739288330078 0.034787535667419434 -1.0595060586929321 13.070967674255371 0.038321152329444885 -1.063245177268982 12.872373580932617 0.042195916175842285 -1.0670911073684692 12.703737258911133 0.04629312455654144 -1.0709120035171509 12.563030242919922 0.05038623511791229 -1.0747098922729492 12.447978019714355 0.05483895540237427 -1.0785025358200073 12.35704231262207 0.05927114188671112 -1.0823898315429688 12.28985595703125 0.06396330893039703 -1.0862635374069214 12.246973037719727 0.06878551095724106 -1.0899702310562134 12.22744369506836 0.07375562191009521 -1.0935200452804565 12.230489730834961 0.07899726927280426 -1.0969334840774536 12.256214141845703 0.0843735933303833 -1.1001040935516357 12.304474830627441 0.08984224498271942 -1.1030243635177612 12.375563621520996 0.0956142321228981 -1.1055082082748413 12.469231605529785 0.10167302191257477 -1.1075716018676758 12.584494590759277 0.10802102088928223 -1.109121322631836 12.721386909484863 0.11481775343418121 -1.1102192401885986 12.880302429199219 0.12205681204795837 -1.1107795238494873 13.061685562133789 0.03666282445192337 -1.0512357950210571 15.21119213104248 0.039460524916648865 -1.0524184703826904 14.847469329833984 0.04246392846107483 -1.0544079542160034 14.514856338500977 0.04586811363697052 -1.0571495294570923 14.214715003967285 0.04957619309425354 -1.0603702068328857 13.947734832763672 0.05335478484630585 -1.0639705657958984 13.713525772094727 0.057413339614868164 -1.0679219961166382 13.511619567871094 0.06167152523994446 -1.071988582611084 13.341034889221191 0.06603239476680756 -1.0761574506759644 13.200331687927246 0.07034868001937866 -1.080235481262207 13.087440490722656 0.07465840876102448 -1.0842952728271484 13.000701904296875 0.07912994921207428 -1.0883322954177856 12.939626693725586 0.0837249606847763 -1.0923938751220703 12.903402328491211 0.0882926806807518 -1.0963554382324219 12.892043113708496 0.09307970106601715 -1.1001094579696655 12.90468978881836 0.09817188233137131 -1.103641390800476 12.94130802154541 0.10321604460477829 -1.1070261001586914 13.001875877380371 0.10844433307647705 -1.1101257801055908 13.086770057678223 0.11365227401256561 -1.1129039525985718 13.195616722106934 0.11897730827331543 -1.1151609420776367 13.328296661376953 0.12474635243415833 -1.1167385578155518 13.48381519317627 0.13064223527908325 -1.1178889274597168 13.661725044250488 0.137038916349411 -1.1185200214385986 13.863664627075195 0.05288022756576538 -1.055897831916809 15.66702651977539 0.05649968981742859 -1.0571956634521484 15.29894733428955 0.06021621823310852 -1.0591710805892944 14.962846755981445 0.06415773928165436 -1.0618699789047241 14.659194946289062 0.06832064688205719 -1.0651514530181885 14.389019012451172 0.07260066270828247 -1.0688607692718506 14.152254104614258 0.07708252966403961 -1.072832703590393 13.94823169708252 0.08165979385375977 -1.0771292448043823 13.776748657226562 0.08610917627811432 -1.0815140008926392 13.636811256408691 0.09065297245979309 -1.0859198570251465 13.526826858520508 0.09504617750644684 -1.090233325958252 13.445605278015137 0.09954626858234406 -1.0944719314575195 13.39107894897461 0.10399872809648514 -1.098647952079773 13.362273216247559 0.10847628861665726 -1.1027328968048096 13.359200477600098 0.11317198723554611 -1.1065698862075806 13.381429672241211 0.11784316599369049 -1.1102741956710815 13.427841186523438 0.12270529568195343 -1.1138708591461182 13.500024795532227 0.12745773792266846 -1.1171480417251587 13.59823226928711 0.1321841925382614 -1.1200573444366455 13.722000122070312 0.13697503507137299 -1.1224383115768433 13.870706558227539 0.14190131425857544 -1.1241919994354248 14.04358959197998 0.14711150527000427 -1.1254229545593262 14.240049362182617 0.15252214670181274 -1.1261851787567139 14.461620330810547 0.06936310231685638 -1.06111741065979 15.901376724243164 0.07388921827077866 -1.062371015548706 15.531594276428223 0.07833501696586609 -1.0643523931503296 15.194242477416992 0.08290168642997742 -1.0670522451400757 14.88985824584961 0.08756563067436218 -1.0703437328338623 14.618968963623047 0.09225389361381531 -1.0740095376968384 14.381488800048828 0.09699925780296326 -1.0781278610229492 14.17752456665039 0.10190221667289734 -1.082534670829773 14.007179260253906 0.10649292916059494 -1.0870792865753174 13.869593620300293 0.11107838898897171 -1.091707706451416 13.7636079788208 0.11577761173248291 -1.0962296724319458 13.687795639038086 0.12027741968631744 -1.100580096244812 13.640009880065918 0.12471175193786621 -1.1048715114593506 13.618906021118164 0.12908712029457092 -1.1090543270111084 13.624200820922852 0.13351166248321533 -1.113023042678833 13.655345916748047 0.13786783814430237 -1.1168712377548218 13.711858749389648 0.14226728677749634 -1.120652437210083 13.795169830322266 0.1466739922761917 -1.1240793466567993 13.906057357788086 0.150917187333107 -1.1270264387130737 14.043432235717773 0.15537333488464355 -1.129525899887085 14.206257820129395 0.15961000323295593 -1.131489872932434 14.395097732543945 0.16385531425476074 -1.132836103439331 14.609297752380371 0.1683380901813507 -1.1335842609405518 14.849977493286133 0.08613008260726929 -1.0667803287506104 15.909431457519531 0.09152690321207047 -1.0679420232772827 15.540685653686523 0.0968160554766655 -1.0699058771133423 15.20486068725586 0.10192142426967621 -1.0726432800292969 14.902376174926758 0.10705017298460007 -1.0759196281433105 14.633413314819336 0.1120765283703804 -1.0796855688095093 14.398138046264648 0.11710525304079056 -1.0838547945022583 14.196996688842773 0.12221895903348923 -1.0882861614227295 14.029887199401855 0.12710121273994446 -1.0928891897201538 13.89632797241211 0.1319020837545395 -1.0975677967071533 13.79532241821289 0.1365586817264557 -1.1021348237991333 13.725013732910156 0.14123773574829102 -1.106624722480774 13.683691024780273 0.1456560641527176 -1.1110423803329468 13.670248031616211 0.1498253047466278 -1.11534583568573 13.684270858764648 0.15400296449661255 -1.119452953338623 13.724687576293945 0.15795467793941498 -1.123477816581726 13.791831016540527 0.1619226038455963 -1.127270221710205 13.886577606201172 0.165973961353302 -1.1306962966918945 14.00843334197998 0.16990536451339722 -1.1337368488311768 14.157209396362305 0.17360490560531616 -1.1363474130630493 14.333061218261719 0.17727813124656677 -1.1384626626968384 14.536175727844238 0.18076616525650024 -1.1399242877960205 14.766902923583984 0.1841098964214325 -1.140753984451294 15.024704933166504 0.10268823057413101 -1.0725539922714233 15.690492630004883 0.10908694565296173 -1.0737804174423218 15.324745178222656 0.11510775238275528 -1.0758824348449707 14.993175506591797 0.12095753103494644 -1.0786302089691162 14.695352554321289 0.12649181485176086 -1.0819121599197388 14.431486129760742 0.1319822371006012 -1.0856472253799438 14.20135498046875 0.13736431300640106 -1.0898051261901855 14.005054473876953 0.1425756961107254 -1.0942413806915283 13.843414306640625 0.14778316020965576 -1.0988572835922241 13.715353012084961 0.15274690091609955 -1.103546142578125 13.619978904724121 0.1574110984802246 -1.1082243919372559 13.556011199951172 0.16215260326862335 -1.1127947568893433 13.521479606628418 0.16655336320400238 -1.1172949075698853 13.515729904174805 0.17051440477371216 -1.1216570138931274 13.538629531860352 0.17443051934242249 -1.1258985996246338 13.5891752243042 0.177980437874794 -1.1299697160720825 13.66739273071289 0.18171820044517517 -1.133678913116455 13.772521018981934 0.18537655472755432 -1.137099027633667 13.904410362243652 0.18872368335723877 -1.1402097940444946 14.063577651977539 0.19187358021736145 -1.1429804563522339 14.25112533569336 0.19472837448120117 -1.1452313661575317 14.467514038085938 0.1974535584449768 -1.1468918323516846 14.712759017944336 0.20002320408821106 -1.147763967514038 14.986291885375977 0.11904662102460861 -1.0788167715072632 15.246089935302734 0.1262350082397461 -1.0800803899765015 14.887228012084961 0.133061483502388 -1.082175850868225 14.561830520629883 0.1396183967590332 -1.0849716663360596 14.270858764648438 0.14580696821212769 -1.0882259607315063 14.013833999633789 0.15182805061340332 -1.0919712781906128 13.790827751159668 0.15750235319137573 -1.0961480140686035 13.602096557617188 0.16306132078170776 -1.1006126403808594 13.44726848602295 0.1683897078037262 -1.1052063703536987 13.326204299926758 0.173629030585289 -1.1098333597183228 13.237787246704102 0.17839287221431732 -1.1144825220108032 13.18083667755127 0.1828734576702118 -1.1190705299377441 13.154199600219727 0.18708379566669464 -1.1236413717269897 13.157142639160156 0.1909957379102707 -1.1280522346496582 13.18931770324707 0.19472570717334747 -1.1323206424713135 13.249910354614258 0.19812138378620148 -1.1363027095794678 13.338326454162598 0.20128874480724335 -1.1399654150009155 13.453404426574707 0.20432445406913757 -1.143385887145996 13.595072746276855 0.20720502734184265 -1.1465388536453247 13.764775276184082 0.209579199552536 -1.1493785381317139 13.963289260864258 0.21190059185028076 -1.1517834663391113 14.191413879394531 0.21383774280548096 -1.1535472869873047 14.449234008789062 0.21552753448486328 -1.1545242071151733 14.735686302185059 0.1351846158504486 -1.0857882499694824 14.58015251159668 0.14312028884887695 -1.086996078491211 14.231582641601562 0.15067939460277557 -1.0890265703201294 13.91554069519043 0.15791940689086914 -1.0917229652404785 13.633064270019531 0.16460219025611877 -1.0950052738189697 13.384687423706055 0.17112864553928375 -1.0986995697021484 13.169831275939941 0.17740383744239807 -1.1027811765670776 12.989511489868164 0.18328547477722168 -1.1071388721466064 12.843192100524902 0.18872129917144775 -1.1116703748703003 12.730415344238281 0.19405823945999146 -1.116289734840393 12.650062561035156 0.19883090257644653 -1.120959997177124 12.601436614990234 0.2032974809408188 -1.1255929470062256 12.584358215332031 0.20739063620567322 -1.1300876140594482 12.597125053405762 0.21112924814224243 -1.1344573497772217 12.638927459716797 0.2146354615688324 -1.1386170387268066 12.70950984954834 0.21768541634082794 -1.1425251960754395 12.807726860046387 0.22044067084789276 -1.1461830139160156 12.933011054992676 0.22291338443756104 -1.1495980024337769 13.085001945495605 0.22514477372169495 -1.1527694463729858 13.264961242675781 0.22699964046478271 -1.1556289196014404 13.473956108093262 0.22853922843933105 -1.1580692529678345 13.712616920471191 0.2297075390815735 -1.159801959991455 13.981029510498047 0.2305745780467987 -1.1607649326324463 14.277850151062012 0.15076610445976257 -1.0933223962783813 13.696819305419922 0.15949562191963196 -1.094380497932434 13.362380981445312 0.16776582598686218 -1.096193552017212 13.058587074279785 0.17560380697250366 -1.0987738370895386 12.786895751953125 0.1830560714006424 -1.1019351482391357 12.548580169677734 0.1899554580450058 -1.1055842638015747 12.343663215637207 0.19653932750225067 -1.109637975692749 12.172784805297852 0.2028058022260666 -1.1139723062515259 12.035905838012695 0.20857234299182892 -1.1184509992599487 11.932600975036621 0.21388046443462372 -1.122973918914795 11.861711502075195 0.21867595613002777 -1.1276350021362305 11.82322883605957 0.22322338819503784 -1.1321665048599243 11.816330909729004 0.22716829180717468 -1.1365865468978882 11.83957290649414 0.23071858286857605 -1.1408861875534058 11.891865730285645 0.23388442397117615 -1.1450276374816895 11.972757339477539 0.23663391172885895 -1.1488538980484009 12.081451416015625 0.23894503712654114 -1.152396321296692 12.216826438903809 0.2409391701221466 -1.155772089958191 12.379276275634766 0.24258646368980408 -1.158894658088684 12.569536209106445 0.2439417839050293 -1.1616122722625732 12.788336753845215 0.24468383193016052 -1.1639158725738525 13.036384582519531 0.24515652656555176 -1.1656785011291504 13.313565254211426 0.24525678157806396 -1.1666135787963867 13.618961334228516 0.16569548845291138 -1.1012521982192993 12.604703903198242 0.1752050220966339 -1.1022018194198608 12.286645889282227 0.18427792191505432 -1.1038762331008911 11.997648239135742 0.19270901381969452 -1.1062620878219604 11.739062309265137 0.20069310069084167 -1.1093393564224243 11.512557983398438 0.2081037163734436 -1.1129481792449951 11.319435119628906 0.21504561603069305 -1.1169023513793945 11.159636497497559 0.22154220938682556 -1.1211025714874268 11.033371925354004 0.22748057544231415 -1.1254998445510864 10.940452575683594 0.2328508198261261 -1.1299649477005005 10.880661010742188 0.23775061964988708 -1.134420394897461 10.853157997131348 0.24226900935173035 -1.1388964653015137 10.856965065002441 0.2460532784461975 -1.1432377099990845 10.891369819641113 0.24960875511169434 -1.1473870277404785 10.954761505126953 0.25249189138412476 -1.1513932943344116 11.046468734741211 0.25491416454315186 -1.155151605606079 11.16579818725586 0.25682884454727173 -1.15864098072052 11.31191349029541 0.25833800435066223 -1.1618728637695312 11.484676361083984 0.25944846868515015 -1.1648595333099365 11.684776306152344 0.26004737615585327 -1.1674973964691162 11.912567138671875 0.260326623916626 -1.1696548461914062 12.168993949890137 0.26009321212768555 -1.1712316274642944 12.453534126281738 0.2593235373497009 -1.1721001863479614 12.765033721923828 0.17961588501930237 -1.1097264289855957 11.312868118286133 0.1901228427886963 -1.1105070114135742 11.01390266418457 0.19978779554367065 -1.1119718551635742 10.741653442382812 0.20887964963912964 -1.1142315864562988 10.4981107711792 0.21737854182720184 -1.1172068119049072 10.285713195800781 0.22535233199596405 -1.1206347942352295 10.10567569732666 0.23259812593460083 -1.1244362592697144 9.95870304107666 0.23917168378829956 -1.1284904479980469 9.84461784362793 0.24538815021514893 -1.1327056884765625 9.763680458068848 0.25098031759262085 -1.137069821357727 9.71540355682373 0.2559794485569 -1.1414598226547241 9.699477195739746 0.26047587394714355 -1.145725965499878 9.71500015258789 0.26422715187072754 -1.1498768329620361 9.760769844055176 0.26758304238319397 -1.1538755893707275 9.835539817810059 0.27039068937301636 -1.1577112674713135 9.938313484191895 0.2724792957305908 -1.1613736152648926 10.06857681274414 0.2739938497543335 -1.1647982597351074 10.22555160522461 0.2750442624092102 -1.167885422706604 10.408870697021484 0.2754873037338257 -1.170609712600708 10.618420600891113 0.2754339873790741 -1.1730704307556152 10.854643821716309 0.2751392126083374 -1.1751642227172852 11.11810302734375 0.2741149663925171 -1.1766139268875122 11.407979011535645 0.27266573905944824 -1.1774444580078125 11.72413444519043 0.19287154078483582 -1.1184165477752686 9.834460258483887 0.20404291152954102 -1.1191277503967285 9.555243492126465 0.21439394354820251 -1.1205626726150513 9.301494598388672 0.22397255897521973 -1.1227092742919922 9.075230598449707 0.23302863538265228 -1.1254161596298218 8.87851619720459 0.24145007133483887 -1.1286985874176025 8.713215827941895 0.2491041123867035 -1.1322890520095825 8.580330848693848 0.2560812830924988 -1.1361095905303955 8.479879379272461 0.2624443471431732 -1.1401596069335938 8.411652565002441 0.26807036995887756 -1.1443135738372803 8.375722885131836 0.27329903841018677 -1.1484287977218628 8.371685028076172 0.27777349948883057 -1.1525676250457764 8.398993492126465 0.2814387083053589 -1.156564712524414 8.456326484680176 0.28474077582359314 -1.160422444343567 8.542651176452637 0.2872590720653534 -1.1640750169754028 8.657071113586426 0.2890743017196655 -1.1675374507904053 8.798261642456055 0.290346622467041 -1.1707537174224854 8.966111183166504 0.290749192237854 -1.1737116575241089 9.159879684448242 0.29076188802719116 -1.1762453317642212 9.378985404968262 0.29015663266181946 -1.1784946918487549 9.623271942138672 0.2889835834503174 -1.1803064346313477 9.892943382263184 0.2872821092605591 -1.1816271543502808 10.187886238098145 0.2849065065383911 -1.1824358701705933 10.507234573364258 0.20479848980903625 -1.127618432044983 8.181217193603516 0.2167891263961792 -1.12820303440094 7.923932075500488 0.22781504690647125 -1.1295069456100464 7.689944267272949 0.2380761206150055 -1.1314893960952759 7.482131004333496 0.24756547808647156 -1.1340608596801758 7.302699089050293 0.25643301010131836 -1.1371333599090576 7.153600692749023 0.26448097825050354 -1.1404907703399658 7.035713195800781 0.27188533544540405 -1.14407479763031 6.949124336242676 0.27847030758857727 -1.147841453552246 6.894385814666748 0.2842333912849426 -1.1516849994659424 6.8713788986206055 0.2894171178340912 -1.155644416809082 6.87985372543335 0.29391637444496155 -1.1595176458358765 6.919375896453857 0.29762768745422363 -1.1632659435272217 6.9887189865112305 0.3007497489452362 -1.166864037513733 7.086822986602783 0.30308330059051514 -1.1703128814697266 7.212619304656982 0.30461204051971436 -1.1735613346099854 7.365013122558594 0.3054417669773102 -1.176569938659668 7.543583393096924 0.3055296838283539 -1.1792526245117188 7.747677803039551 0.30499863624572754 -1.1816669702529907 7.976223945617676 0.30373096466064453 -1.1837399005889893 8.228880882263184 0.3017984926700592 -1.185341715812683 8.505331039428711 0.29925352334976196 -1.1864761114120483 8.805119514465332 0.29609817266464233 -1.1871505975723267 9.127473831176758 0.21568357944488525 -1.1370389461517334 6.369987487792969 0.228377103805542 -1.1375945806503296 6.134265899658203 0.24013859033584595 -1.1388365030288696 5.920747756958008 0.25092196464538574 -1.1407464742660522 5.73223876953125 0.26102858781814575 -1.1431721448898315 5.571130752563477 0.2701713442802429 -1.145932912826538 5.438892364501953 0.2786804437637329 -1.1489999294281006 5.336469650268555 0.28632616996765137 -1.1522544622421265 5.264657497406006 0.293215811252594 -1.1557284593582153 5.223509788513184 0.2991449236869812 -1.159358024597168 5.213836669921875 0.30442196130752563 -1.1629754304885864 5.235325336456299 0.3089076280593872 -1.1665128469467163 5.287423133850098 0.31252944469451904 -1.1699481010437012 5.369053840637207 0.31551510095596313 -1.1732419729232788 5.4791460037231445 0.31765133142471313 -1.1763942241668701 5.616423606872559 0.3189147710800171 -1.1793745756149292 5.78023624420166 0.3193926513195038 -1.182120680809021 5.969902515411377 0.3191111385822296 -1.1845940351486206 6.183994293212891 0.31809741258621216 -1.1867843866348267 6.421914100646973 0.31621330976486206 -1.1886770725250244 6.683406829833984 0.31349602341651917 -1.1901522874832153 6.967072010040283 0.3103373646736145 -1.1910945177078247 7.272118091583252 0.3063158392906189 -1.1915315389633179 7.597395896911621 0.22535711526870728 -1.1469268798828125 4.4138288497924805 0.23866498470306396 -1.1474934816360474 4.201088905334473 0.2511001229286194 -1.1486619710922241 4.008999824523926 0.26247525215148926 -1.1503633260726929 3.8405280113220215 0.2730090916156769 -1.1525245904922485 3.697925567626953 0.28267258405685425 -1.1550549268722534 3.5829811096191406 0.2914697825908661 -1.1578037738800049 3.496351718902588 0.2994285821914673 -1.1607671976089478 3.4391746520996094 0.306572288274765 -1.16388738155365 3.412226438522339 0.31265199184417725 -1.1670849323272705 3.415931463241577 0.3181886076927185 -1.1703011989593506 3.4505255222320557 0.32250016927719116 -1.1735012531280518 3.5153486728668213 0.3261881470680237 -1.1766244173049927 3.609632968902588 0.3288559317588806 -1.1795762777328491 3.7320640087127686 0.33085185289382935 -1.1823594570159912 3.881615400314331 0.33180513978004456 -1.1849995851516724 4.057295322418213 0.3321022093296051 -1.187407374382019 4.258119106292725 0.33125805854797363 -1.1895673274993896 4.482610702514648 0.3297562003135681 -1.1915982961654663 4.730263710021973 0.3273770809173584 -1.1932722330093384 5.000426292419434 0.32415542006492615 -1.1944870948791504 5.291316032409668 0.3200182318687439 -1.1952377557754517 5.601695537567139 0.3153555393218994 -1.195525050163269 5.930187225341797 0.23371580243110657 -1.1575443744659424 2.329982280731201 0.2476934790611267 -1.158027172088623 2.140754222869873 0.26057928800582886 -1.1590074300765991 1.9706659317016602 0.27250075340270996 -1.1605435609817505 1.8225593566894531 0.283541738986969 -1.1624184846878052 1.6987953186035156 0.2937246263027191 -1.1645478010177612 1.6010749340057373 0.302822470664978 -1.1669450998306274 1.5303266048431396 0.3110605478286743 -1.1695057153701782 1.4878265857696533 0.318320631980896 -1.1721746921539307 1.474496603012085 0.3247743844985962 -1.174983263015747 1.4916930198669434 0.3301602005958557 -1.1778124570846558 1.53941011428833 0.33459243178367615 -1.1806010007858276 1.6172153949737549 0.33825939893722534 -1.1832603216171265 1.7242968082427979 0.34074825048446655 -1.1858412027359009 1.8597002029418945 0.3424307405948639 -1.1882227659225464 2.022179126739502 0.34334367513656616 -1.1904464960098267 2.2102208137512207 0.343205064535141 -1.1924805641174316 2.4225473403930664 0.3420363664627075 -1.1943559646606445 2.6581785678863525 0.34006303548812866 -1.195982813835144 2.9160537719726562 0.33730393648147583 -1.197326898574829 3.1948747634887695 0.33341172337532043 -1.1983784437179565 3.4931068420410156 0.32861965894699097 -1.1989750862121582 3.8091626167297363 0.3231918215751648 -1.1991363763809204 4.141143321990967 0.24066653847694397 -1.1687383651733398 0.13575267791748047 0.2552904188632965 -1.1690820455551147 -0.02997612953186035 0.2686809003353119 -1.169918179512024 -0.1779494285583496 0.28126463294029236 -1.171152949333191 -0.30562901496887207 0.2927669584751129 -1.1726980209350586 -0.410839319229126 0.3032067120075226 -1.1745246648788452 -0.49179357290267944 0.3126883804798126 -1.1764780282974243 -0.5468235015869141 0.3210088014602661 -1.1785078048706055 -0.5746168494224548 0.32849806547164917 -1.1807353496551514 -0.573962926864624 0.33506572246551514 -1.1830432415008545 -0.5433650016784668 0.3405143916606903 -1.185373306274414 -0.4824955463409424 0.34505391120910645 -1.1876275539398193 -0.39170122146606445 0.34853053092956543 -1.1898201704025269 -0.27158546447753906 0.3511018455028534 -1.1919190883636475 -0.12292146682739258 0.3527498245239258 -1.1938143968582153 0.052576541900634766 0.35323435068130493 -1.1956220865249634 0.25343942642211914 0.3527471423149109 -1.1972564458847046 0.4783449172973633 0.3514007031917572 -1.1986926794052124 0.7258219718933105 0.34903985261917114 -1.1999367475509644 0.9942150115966797 0.34569352865219116 -1.2009834051132202 1.2819695472717285 0.3413037061691284 -1.201702356338501 1.5875965356826782 0.33592361211776733 -1.2020716667175293 1.909233808517456 0.32976382970809937 -1.2020467519760132 2.245100736618042 0.24627424776554108 -1.180544137954712 -2.152329921722412 0.26148003339767456 -1.1808712482452393 -2.2949254512786865 0.2755803167819977 -1.1815382242202759 -2.4209837913513184 0.2886572778224945 -1.1824783086776733 -2.5287821292877197 0.3004322052001953 -1.1836541891098022 -2.615793228149414 0.31120115518569946 -1.1849937438964844 -2.679757833480835 0.3208140432834625 -1.1863839626312256 -2.719146966934204 0.32940560579299927 -1.1879018545150757 -2.7322468757629395 0.3369264602661133 -1.1895231008529663 -2.7176103591918945 0.3436468243598938 -1.191220760345459 -2.6737494468688965 0.34918099641799927 -1.1929551362991333 -2.5998315811157227 0.3537404537200928 -1.1946676969528198 -2.495943546295166 0.35724467039108276 -1.1963415145874023 -2.3626232147216797 0.359754353761673 -1.1978238821029663 -2.2009801864624023 0.3611944615840912 -1.1992406845092773 -2.0120553970336914 0.3615778088569641 -1.20048189163208 -1.7975068092346191 0.36087942123413086 -1.2015900611877441 -1.5593628883361816 0.3591080605983734 -1.2024871110916138 -1.2994451522827148 0.35651636123657227 -1.2032290697097778 -1.0199894905090332 0.3527756929397583 -1.2038413286209106 -0.7227468490600586 0.34789952635765076 -1.2042880058288574 -0.40950870513916016 0.3419094681739807 -1.2044652700424194 -0.08186841011047363 0.3348878026008606 -1.2043687105178833 0.25829029083251953 0.2505386173725128 -1.193253993988037 -4.518534183502197 0.26644453406333923 -1.1935453414916992 -4.637729167938232 0.281090646982193 -1.193976640701294 -4.742534160614014 0.29452934861183167 -1.194596290588379 -4.830699920654297 0.3066064417362213 -1.195312261581421 -4.8997697830200195 0.317563533782959 -1.1961076259613037 -4.947233200073242 0.3271917402744293 -1.1969218254089355 -4.970941543579102 0.33597850799560547 -1.1977680921554565 -4.969166278839111 0.34363076090812683 -1.1986546516418457 -4.940399169921875 0.3503800928592682 -1.1996171474456787 -4.883608818054199 0.35610947012901306 -1.2006596326828003 -4.797115325927734 0.36077794432640076 -1.2017017602920532 -4.680676460266113 0.3642021119594574 -1.2026885747909546 -4.534172534942627 0.3665904998779297 -1.203543782234192 -4.358872413635254 0.36791059374809265 -1.2043036222457886 -4.15609884262085 0.3682025671005249 -1.204880952835083 -3.927488327026367 0.3672908544540405 -1.2053449153900146 -3.6753664016723633 0.3653286397457123 -1.2056413888931274 -3.4023795127868652 0.3624522387981415 -1.2057853937149048 -3.111265182495117 0.358500599861145 -1.2059396505355835 -2.8040833473205566 0.3531492054462433 -1.2060025930404663 -2.482509136199951 0.34672290086746216 -1.2058825492858887 -2.1483631134033203 0.33898216485977173 -1.205664038658142 -1.8037388324737549 0.25366154313087463 -1.207182765007019 -6.945671558380127 0.27024102210998535 -1.2074036598205566 -7.042777061462402 0.2853010594844818 -1.207611322402954 -7.126424312591553 0.298850417137146 -1.2077364921569824 -7.195031642913818 0.3110734522342682 -1.2078436613082886 -7.246132850646973 0.32200807332992554 -1.207943320274353 -7.277315139770508 0.3318924307823181 -1.2080212831497192 -7.285950660705566 0.34070688486099243 -1.20808744430542 -7.269659519195557 0.34859251976013184 -1.2081525325775146 -7.227496147155762 0.355310320854187 -1.2082760334014893 -7.157848358154297 0.3611988425254822 -1.208441138267517 -7.059202194213867 0.3658280372619629 -1.2086806297302246 -6.930177688598633 0.36929038166999817 -1.2089651823043823 -6.770366191864014 0.3715295195579529 -1.2090922594070435 -6.580874443054199 0.3728083670139313 -1.2090638875961304 -6.363491058349609 0.3728873133659363 -1.208884835243225 -6.120142459869385 0.37186965346336365 -1.208546757698059 -5.853707790374756 0.37000054121017456 -1.2081048488616943 -5.567572593688965 0.3668842613697052 -1.2076119184494019 -5.264324188232422 0.36264774203300476 -1.2070728540420532 -4.946544170379639 0.35708677768707275 -1.2065833806991577 -4.6163177490234375 0.35036295652389526 -1.2062067985534668 -4.275611877441406 0.3419584631919861 -1.2059111595153809 -3.925384998321533 0.255810409784317 -1.2228813171386719 -9.418729782104492 0.2727383077144623 -1.222882866859436 -9.49350357055664 0.28787457942962646 -1.2226277589797974 -9.556303024291992 0.30163487792015076 -1.2220642566680908 -9.605409622192383 0.3138428032398224 -1.221377968788147 -9.638983726501465 0.32479411363601685 -1.2206207513809204 -9.653804779052734 0.3346269726753235 -1.2197940349578857 -9.647446632385254 0.3435576856136322 -1.2188528776168823 -9.617879867553711 0.35155802965164185 -1.2179526090621948 -9.563382148742676 0.35843950510025024 -1.2171599864959717 -9.48134994506836 0.3642188310623169 -1.2164344787597656 -9.370288848876953 0.3688649833202362 -1.2157777547836304 -9.228382110595703 0.37240317463874817 -1.2150919437408447 -9.055072784423828 0.3745596706867218 -1.2143357992172241 -8.851274490356445 0.37572363018989563 -1.2134432792663574 -8.618610382080078 0.3757765293121338 -1.2123469114303589 -8.359785079956055 0.37484079599380493 -1.2110813856124878 -8.078971862792969 0.3727567195892334 -1.2097738981246948 -7.779253959655762 0.3695821464061737 -1.208412766456604 -7.463555335998535 0.3653407692909241 -1.2070393562316895 -7.134827613830566 0.3597464859485626 -1.2058759927749634 -6.795681953430176 0.3526225686073303 -1.2050554752349854 -6.448026180267334 0.3438509702682495 -1.2046513557434082 -6.091301441192627 0.25692519545555115 -1.2409050464630127 -11.922612190246582 0.27396270632743835 -1.2402446269989014 -11.974327087402344 0.2891058325767517 -1.2390835285186768 -12.015925407409668 0.30272993445396423 -1.237515926361084 -12.046773910522461 0.3149564266204834 -1.2358970642089844 -12.063141822814941 0.3259635269641876 -1.2341452836990356 -12.062345504760742 0.33571290969848633 -1.2322781085968018 -12.041509628295898 0.3444761633872986 -1.2302066087722778 -11.998595237731934 0.35257819294929504 -1.2281783819198608 -11.932018280029297 0.3595864176750183 -1.226398229598999 -11.838447570800781 0.36532774567604065 -1.2246772050857544 -11.714897155761719 0.36982712149620056 -1.222923755645752 -11.559818267822266 0.37340497970581055 -1.221098780632019 -11.373019218444824 0.37559598684310913 -1.219233512878418 -11.154741287231445 0.3767963647842407 -1.2172794342041016 -10.90668773651123 0.37683600187301636 -1.2151362895965576 -10.631946563720703 0.37594324350357056 -1.212806224822998 -10.33590316772461 0.37385302782058716 -1.210394263267517 -10.022319793701172 0.37080076336860657 -1.2080520391464233 -9.69446849822998 0.36662352085113525 -1.205815315246582 -9.354923248291016 0.3610400855541229 -1.2038567066192627 -9.006233215332031 0.35348713397979736 -1.2022895812988281 -8.649002075195312 0.3443395495414734 -1.201441764831543 -8.286758422851562 0.037157803773880005 -0.9813653230667114 -10.736358642578125 0.03845107555389404 -0.981360912322998 -10.743387222290039 0.03784233331680298 -0.9959644079208374 -8.389348983764648 0.038955703377723694 -0.9960143566131592 -8.39462661743164 0.03931352496147156 -1.0088804960250854 -6.069200038909912 0.04041491448879242 -1.0089386701583862 -6.072731971740723 0.041885048151016235 -1.0206621885299683 -3.7906622886657715 0.042904987931251526 -1.0207873582839966 -3.7923693656921387 0.045666664838790894 -1.0315825939178467 -1.5694942474365234 0.046607643365859985 -1.0317294597625732 -1.5693349838256836 0.05063214898109436 -1.0418891906738281 0.578068733215332 0.05154679715633392 -1.0420737266540527 0.5799064636230469 0.05683109164237976 -1.0517308712005615 2.636219024658203 0.05771765112876892 -1.0519516468048096 2.6398658752441406 0.06418776512145996 -1.0611295700073242 4.589345932006836 0.06501439958810806 -1.0613789558410645 4.594858169555664 0.07271513342857361 -1.0702149868011475 6.422487258911133 0.07354611158370972 -1.0705111026763916 6.429908752441406 0.08244173973798752 -1.0792694091796875 8.120336532592773 0.08319208770990372 -1.0795965194702148 8.129705429077148 0.09310396015644073 -1.0877983570098877 9.668190002441406 0.09386345744132996 -1.0881690979003906 9.679454803466797 0.10487549751996994 -1.0960144996643066 11.052684783935547 0.10561716556549072 -1.096412181854248 11.065725326538086 0.11744371056556702 -1.10373854637146 12.26107406616211 0.1180785596370697 -1.1041510105133057 12.275653839111328 0.1307632178068161 -1.1112127304077148 13.282283782958984 0.1313769519329071 -1.1116406917572021 13.29837417602539 0.14464545249938965 -1.119044303894043 14.10775375366211 0.14521831274032593 -1.1194789409637451 14.12535285949707 0.1587505042552948 -1.1267774105072021 14.728742599487305 0.15930700302124023 -1.1272239685058594 14.747905731201172 0.17325273156166077 -1.134061574935913 15.138212203979492 0.17374643683433533 -1.1345019340515137 15.158788681030273 0.1879408061504364 -1.141139268875122 15.331947326660156 0.18838447332382202 -1.1415793895721436 15.353751182556152 0.20252221822738647 -1.1484265327453613 15.309768676757812 0.2029385268688202 -1.1488769054412842 15.33270263671875 0.2170124650001526 -1.155214548110962 15.073862075805664 0.2173999845981598 -1.15567147731781 15.097867965698242 0.23123684525489807 -1.1615889072418213 14.627534866333008 0.2315102219581604 -1.1620339155197144 14.652276992797852 0.24487435817718506 -1.1672216653823853 13.976036071777344 0.24509155750274658 -1.167637825012207 14.00114631652832 0.25801581144332886 -1.1725943088531494 13.127548217773438 0.2581776976585388 -1.1730031967163086 13.152992248535156 0.2703073024749756 -1.177915096282959 12.090888977050781 0.2704741358757019 -1.1782807111740112 12.116485595703125 0.2815682888031006 -1.1828781366348267 10.876546859741211 0.2816876769065857 -1.183224081993103 10.902301788330078 0.29188501834869385 -1.1876490116119385 9.497620582580566 0.29195165634155273 -1.1879717111587524 9.523357391357422 0.3011913299560547 -1.1918351650238037 7.967639446258545 0.30121421813964844 -1.1921274662017822 7.99329137802124 0.30939722061157227 -1.195636510848999 6.3012518882751465 0.3094109296798706 -1.195885181427002 6.326763153076172 0.31636863946914673 -1.1990901231765747 4.513018608093262 0.31631118059158325 -1.1993036270141602 4.538449287414551 0.32201236486434937 -1.201911211013794 2.619163751602173 0.3219341039657593 -1.2020777463912964 2.6446757316589355 0.3263167142868042 -1.204054355621338 0.6349227428436279 0.32610881328582764 -1.2041709423065186 0.6603512763977051 0.3293613791465759 -1.2053111791610718 -1.4239898920059204 0.3291042447090149 -1.205394983291626 -1.3984251022338867 0.3312530517578125 -1.2055537700653076 -3.5409109592437744 0.33095258474349976 -1.20560622215271 -3.5151233673095703 0.33233851194381714 -1.204439401626587 -5.700232982635498 0.3319430351257324 -1.2044823169708252 -5.674067497253418 0.3325437903404236 -1.2010891437530518 -7.886416435241699 0.3320193290710449 -1.2011010646820068 -7.859721660614014 0.23384550213813782 -1.2644331455230713 -14.588048934936523 0.23547868430614471 -1.2644450664520264 -14.590328216552734 0.23383381962776184 -1.2660138607025146 -14.768413543701172 0.2354690432548523 -1.2659800052642822 -14.770610809326172 0.2573451101779938 -1.2631738185882568 -14.622052192687988 0.273998498916626 -1.2611031532287598 -14.647689819335938 0.2887319028377533 -1.258453130722046 -14.667765617370605 0.3021714389324188 -1.2555742263793945 -14.679167747497559 0.31454727053642273 -1.2524890899658203 -14.677857398986816 0.32525360584259033 -1.2493171691894531 -14.661117553710938 0.33492714166641235 -1.2460846900939941 -14.625164985656738 0.3438066840171814 -1.2429447174072266 -14.568727493286133 0.35189905762672424 -1.2399214506149292 -14.489326477050781 0.35896754264831543 -1.2370667457580566 -14.383698463439941 0.36443793773651123 -1.2338372468948364 -14.246641159057617 0.3688383102416992 -1.2306547164916992 -14.07663631439209 0.3722493648529053 -1.2275338172912598 -13.874629974365234 0.374478816986084 -1.2241954803466797 -13.640864372253418 0.3755650222301483 -1.220535397529602 -13.37588882446289 0.37593477964401245 -1.216672658920288 -13.083860397338867 0.3753507733345032 -1.2129848003387451 -12.77042293548584 0.3732602894306183 -1.2099921703338623 -12.443157196044922 0.37030303478240967 -1.2067298889160156 -12.103011131286621 0.3661598861217499 -1.2032089233398438 -11.75169849395752 0.360678106546402 -1.2000393867492676 -11.39109992980957 0.3534420132637024 -1.197396993637085 -11.02320384979248 0.34398353099823 -1.1952033042907715 -10.649467468261719 0.2573375105857849 -1.2645232677459717 -14.800802230834961 0.27398115396499634 -1.2622318267822266 -14.82468032836914 0.2886386215686798 -1.2595252990722656 -14.843124389648438 0.30213451385498047 -1.2565770149230957 -14.85330581665039 0.3144972622394562 -1.2533948421478271 -14.850954055786133 0.32518270611763 -1.2501044273376465 -14.833076477050781 0.3348616361618042 -1.2467982769012451 -14.796079635620117 0.34376829862594604 -1.2436206340789795 -14.738800048828125 0.3518534004688263 -1.2405457496643066 -14.658720016479492 0.3589266538619995 -1.2375348806381226 -14.55229377746582 0.36436575651168823 -1.2342464923858643 -14.414348602294922 0.3687784671783447 -1.2310665845870972 -14.243220329284668 0.37215977907180786 -1.2277132272720337 -14.040216445922852 0.3743812143802643 -1.2243400812149048 -13.805233001708984 0.37546882033348083 -1.2206454277038574 -13.53917407989502 0.37584322690963745 -1.2166856527328491 -13.246015548706055 0.3752959966659546 -1.2128090858459473 -12.931583404541016 0.3731902241706848 -1.2098174095153809 -12.603555679321289 0.3702543377876282 -1.2065167427062988 -12.262508392333984 0.36608701944351196 -1.202866792678833 -11.91012191772461 0.3606116771697998 -1.199671745300293 -11.548845291137695 0.3533775210380554 -1.1968748569488525 -11.180303573608398 0.3439311981201172 -1.194544792175293 -10.805740356445312 0.332289457321167 -1.1938025951385498 -10.24429702758789 0.3316776752471924 -1.1937460899353027 -10.217503547668457 0.33223628997802734 -1.1931707859039307 -10.40028190612793 0.3315960168838501 -1.1931724548339844 -10.373550415039062 -0.5573691129684448 -1.0499240159988403 -11.362723350524902 -1.0340594053268433 -1.0421416759490967 -11.403972625732422 -0.5573227405548096 -1.0492466688156128 -11.193885803222656 -1.0339361429214478 -1.041459560394287 -11.235197067260742 -0.5581133365631104 -1.0486637353897095 -11.027873039245605 -1.0347692966461182 -1.0408148765563965 -11.069074630737305 -0.5589171648025513 -1.048721432685852 -11.030776023864746 -1.0358123779296875 -1.0409314632415771 -11.071939468383789 -0.5595952272415161 -1.0497504472732544 -11.370903015136719 -1.0366816520690918 -1.0418806076049805 -11.412182807922363 -0.5596063137054443 -1.0492537021636963 -11.202309608459473 -1.036712646484375 -1.0414979457855225 -11.243498802185059 -0.5582162141799927 -1.050566554069519 -11.53406047821045 -1.0349416732788086 -1.0428001880645752 -11.575616836547852 -0.558889627456665 -1.0504279136657715 -11.536637306213379 -1.03590989112854 -1.0426058769226074 -11.578286170959473 -1.5126137733459473 -1.034661054611206 -11.448301315307617 -1.5133546590805054 -1.0345392227172852 -11.451038360595703 -1.5123610496520996 -1.0339823961257935 -11.279557228088379 -1.513232946395874 -1.0339925289154053 -11.282123565673828 -0.5642294883728027 -1.0481855869293213 -11.074396133422852 -1.0374259948730469 -1.040977120399475 -11.11584186553955 -0.5644234418869019 -1.0463314056396484 -11.114805221557617 -1.0325130224227905 -1.039078712463379 -11.155935287475586 -0.5623247027397156 -1.043149709701538 -11.15636157989502 -1.025238275527954 -1.035491943359375 -11.197139739990234 -0.559388279914856 -1.0390554666519165 -11.200263977050781 -1.0169974565505981 -1.0308661460876465 -11.240772247314453 -0.5562366843223572 -1.0342731475830078 -11.246281623840332 -1.0100799798965454 -1.0253450870513916 -11.286505699157715 -0.5526949167251587 -1.0291147232055664 -11.294495582580566 -1.0037105083465576 -1.0193748474121094 -11.3343505859375 -0.5485843420028687 -1.0234445333480835 -11.348284721374512 -0.9963393211364746 -1.0125312805175781 -11.38798713684082 -0.5437126159667969 -1.0173197984695435 -11.409424781799316 -0.9887518882751465 -1.0047931671142578 -11.449028015136719 -0.5389937162399292 -1.0109446048736572 -11.477222442626953 -0.9819600582122803 -0.997022271156311 -11.516584396362305 -0.5341473817825317 -1.0046894550323486 -11.551362037658691 -0.9757968187332153 -0.9892441034317017 -11.59067153930664 -0.529848039150238 -0.9983561038970947 -11.631913185119629 -0.971489429473877 -0.9815006256103516 -11.671090126037598 -0.5257190465927124 -0.9920287132263184 -11.71861457824707 -0.9677708148956299 -0.9739130735397339 -11.757743835449219 -0.5206554532051086 -0.9856729507446289 -11.812049865722656 -0.9628686904907227 -0.9661673307418823 -11.851325988769531 -0.5151520371437073 -0.9791020154953003 -11.912590026855469 -0.9577444195747375 -0.9580358266830444 -11.951910018920898 -0.5101466774940491 -0.9726711511611938 -12.019906997680664 -0.9548661112785339 -0.9501038789749146 -12.05917739868164 -0.5045900940895081 -0.9667593240737915 -12.134008407592773 -0.9502984285354614 -0.9429428577423096 -12.173603057861328 -0.4983701705932617 -0.9610426425933838 -12.254110336303711 -0.9460261464118958 -0.9360779523849487 -12.293807983398438 -0.4926047921180725 -0.955873966217041 -12.378216743469238 -0.9437858462333679 -0.9300322532653809 -12.417988777160645 -0.4858468770980835 -0.9513247013092041 -12.506250381469727 -0.9395657181739807 -0.9250857830047607 -12.54637622833252 -0.4779273271560669 -0.9474499225616455 -12.635759353637695 -0.9343140125274658 -0.921072244644165 -12.676076889038086 -0.4697369933128357 -0.9443728923797607 -12.762985229492188 -0.9299217462539673 -0.9182114601135254 -12.803584098815918 -0.4611252546310425 -0.941960334777832 -12.887870788574219 -0.9258620738983154 -0.9162893295288086 -12.928793907165527 -0.45057106018066406 -0.9405779838562012 -13.01047134399414 -0.9196345806121826 -0.9153637886047363 -13.051596641540527 -0.4360664486885071 -0.9379427433013916 -13.466440200805664 -0.9080910682678223 -0.9137601852416992 -13.509994506835938 -0.4360758066177368 -0.9390740394592285 -13.299510955810547 -0.908103346824646 -0.9147803783416748 -13.343042373657227 -0.5641729831695557 -1.0486249923706055 -11.57579517364502 -1.0373215675354004 -1.0403227806091309 -11.617480278015137 -0.5642050504684448 -1.0460041761398315 -11.610923767089844 -1.032273292541504 -1.0376545190811157 -11.652247428894043 -0.5620031356811523 -1.0425598621368408 -11.64682388305664 -1.024871587753296 -1.0337603092193604 -11.687755584716797 -0.5590240955352783 -1.038284182548523 -11.685474395751953 -1.0166314840316772 -1.029049277305603 -11.725872039794922 -0.5558525323867798 -1.0335631370544434 -11.727404594421387 -1.0096352100372314 -1.0239739418029785 -11.767548561096191 -0.5522387623786926 -1.0282667875289917 -11.772457122802734 -1.0031405687332153 -1.0179353952407837 -11.81248664855957 -0.5480457544326782 -1.022499918937683 -11.822920799255371 -0.9957352876663208 -1.0108463764190674 -11.862680435180664 -0.5432455539703369 -1.0162601470947266 -11.881170272827148 -0.9881280660629272 -1.0033035278320312 -11.920645713806152 -0.5384775996208191 -1.0099211931228638 -11.946868896484375 -0.9813441038131714 -0.9956313371658325 -11.986205101013184 -0.5336136817932129 -1.0036917924880981 -12.019636154174805 -0.9751458168029785 -0.9880894422531128 -12.058757781982422 -0.5293384790420532 -0.9975244998931885 -12.099945068359375 -0.9708937406539917 -0.9807337522506714 -12.139141082763672 -0.5252156853675842 -0.9910814762115479 -12.18702507019043 -0.9671390056610107 -0.9729936122894287 -12.226434707641602 -0.5201631784439087 -0.9845041036605835 -12.28070068359375 -0.9622355103492737 -0.9650008678436279 -12.320016860961914 -0.5145962238311768 -0.9779233932495117 -12.381729125976562 -0.9570971727371216 -0.9571311473846436 -12.42106819152832 -0.5096415281295776 -0.9716352224349976 -12.49105453491211 -0.9542312622070312 -0.9494311809539795 -12.530712127685547 -0.5040868520736694 -0.9654828310012817 -12.606527328491211 -0.9497255682945251 -0.9419229030609131 -12.646062850952148 -0.4979357421398163 -0.9598181247711182 -12.728694915771484 -0.9455015659332275 -0.9354733228683472 -12.768287658691406 -0.4922679662704468 -0.9546560049057007 -12.856176376342773 -0.9433183670043945 -0.9295108318328857 -12.896289825439453 -0.48546308279037476 -0.9497289657592773 -12.987281799316406 -0.9391945600509644 -0.9239528179168701 -13.027349472045898 -0.47766751050949097 -0.9457707405090332 -13.119686126708984 -0.9340109825134277 -0.9201364517211914 -13.1597900390625 -0.46950238943099976 -0.9426455497741699 -13.250994682312012 -0.9297932386398315 -0.9174222946166992 -13.291510581970215 -0.46096891164779663 -0.9400653839111328 -13.380569458007812 -0.9256649017333984 -0.9153742790222168 -13.421329498291016 -0.45052433013916016 -0.938011884689331 -13.507637023925781 -0.919614315032959 -0.9136743545532227 -13.54883098602295 -1.5107698440551758 -1.0329327583312988 -11.49181079864502 -1.500617504119873 -1.0304077863693237 -11.528063774108887 -1.487755537033081 -1.0262706279754639 -11.565093994140625 -1.4743369817733765 -1.0209336280822754 -11.604642868041992 -1.463428258895874 -1.0152626037597656 -11.647414207458496 -1.4544289112091064 -1.0084388256072998 -11.693159103393555 -1.4436533451080322 -1.0001263618469238 -11.74427604675293 -1.4331010580062866 -0.9909934997558594 -11.803054809570312 -1.424490213394165 -0.9819880127906799 -11.869104385375977 -1.4167712926864624 -0.9729927778244019 -11.94204044342041 -1.4124549627304077 -0.9641914367675781 -12.022428512573242 -1.4096027612686157 -0.9551361799240112 -12.109601974487305 -1.4044599533081055 -0.9459054470062256 -12.203182220458984 -1.3997907638549805 -0.9364674091339111 -12.304119110107422 -1.3994314670562744 -0.9272538423538208 -12.41314697265625 -1.3954945802688599 -0.9185354709625244 -12.5281982421875 -1.3931084871292114 -0.9109611511230469 -12.649858474731445 -1.3948140144348145 -0.9040486812591553 -12.776861190795898 -1.3929359912872314 -0.8981971740722656 -12.907086372375488 -1.3903542757034302 -0.8942692279815674 -13.03872299194336 -1.3900630474090576 -0.8919677734375 -13.169334411621094 -1.39034104347229 -0.8904237747192383 -13.297920227050781 -1.388817548751831 -0.8894226551055908 -13.42416000366211 -1.5107958316802979 -1.0332651138305664 -11.324566841125488 -1.5007150173187256 -1.0310025215148926 -11.362602233886719 -1.4878705739974976 -1.0269701480865479 -11.401552200317383 -1.474507451057434 -1.021672010421753 -11.442959785461426 -1.463585615158081 -1.0157876014709473 -11.487081527709961 -1.45465087890625 -1.0090031623840332 -11.533774375915527 -1.4439167976379395 -1.0007232427597046 -11.586043357849121 -1.4333562850952148 -0.9915573000907898 -11.64587688446045 -1.4247491359710693 -0.9824979901313782 -11.712556838989258 -1.41701340675354 -0.9733688831329346 -11.786046981811523 -1.412771224975586 -0.9644635915756226 -11.866426467895508 -1.4098246097564697 -0.9554196000099182 -11.953351974487305 -1.404754877090454 -0.9463108777999878 -12.046964645385742 -1.400061011314392 -0.9367512464523315 -12.147735595703125 -1.3997364044189453 -0.9274289608001709 -12.255945205688477 -1.3956900835037231 -0.9188677072525024 -12.370756149291992 -1.3933078050613403 -0.9111027717590332 -12.491701126098633 -1.395006537437439 -0.9041526317596436 -12.617376327514648 -1.3930747509002686 -0.898522138595581 -12.746782302856445 -1.390428066253662 -0.8945088386535645 -12.877511978149414 -1.3900887966156006 -0.8921091556549072 -13.006706237792969 -1.3903621435165405 -0.8906207084655762 -13.133759498596191 -1.3888124227523804 -0.8898866176605225 -13.258398056030273 -0.43467462062835693 -0.9402668476104736 -13.140920639038086 -0.9066183567047119 -0.9160053730010986 -13.18444538116455 -0.4332784414291382 -0.940310001373291 -13.14930534362793 -0.9050004482269287 -0.9161257743835449 -13.192880630493164 -0.43214482069015503 -0.9379150867462158 -13.491884231567383 -0.9038372039794922 -0.9135611057281494 -13.535621643066406 -0.4320254921913147 -0.93918776512146 -13.324956893920898 -0.9036092758178711 -0.9148523807525635 -13.368545532226562 -0.4347633123397827 -0.936722993850708 -13.6419677734375 -0.9067401885986328 -0.9125707149505615 -13.68559455871582 -0.43343329429626465 -0.9367268085479736 -13.650341033935547 -0.9052152633666992 -0.9123854637145996 -13.694231986999512 -1.379232406616211 -0.8893587589263916 -13.562320709228516 -1.377705454826355 -0.889493465423584 -13.570927619934082 -1.3790643215179443 -0.8905107975006104 -13.395235061645508 -1.3774521350860596 -0.8905797004699707 -13.403877258300781 -0.5548991560935974 -1.0362834930419922 -8.594837188720703 -1.0288500785827637 -1.0231990814208984 -8.594161033630371 -0.5495731830596924 -1.0243834257125854 -6.221092224121094 -1.018715739250183 -1.0047996044158936 -6.220192909240723 -0.5401689410209656 -1.0139492750167847 -3.878779411315918 -1.0012917518615723 -0.9880108833312988 -3.877847909927368 -0.526122510433197 -1.0050369501113892 -1.5848308801651 -0.9760665893554688 -0.9724302291870117 -1.5837382078170776 -0.5075258612632751 -0.9968984127044678 0.6446332931518555 -0.9428585767745972 -0.9581863880157471 0.6456446647644043 -0.48415565490722656 -0.9896214008331299 2.7927966117858887 -0.9016293287277222 -0.9442003965377808 2.7939658164978027 -0.45571285486221313 -0.982586145401001 4.842486381530762 -0.8516125679016113 -0.9312098026275635 4.843513011932373 -0.42275941371917725 -0.9763673543930054 6.7759599685668945 -0.7937451601028442 -0.9181187152862549 6.77728271484375 -0.38513070344924927 -0.9711865782737732 8.575247764587402 -0.7278342247009277 -0.9077572822570801 8.57636547088623 -0.3428633213043213 -0.9668178558349609 10.22469711303711 -0.654036283493042 -0.8976556062698364 10.225896835327148 -0.2967206835746765 -0.9629219770431519 11.707823753356934 -0.5732225179672241 -0.8880962133407593 11.709283828735352 -0.24722492694854736 -0.9606601595878601 13.008707046508789 -0.4862711429595947 -0.8814806938171387 13.010115623474121 -0.19408690929412842 -0.9604669809341431 14.114683151245117 -0.3935098648071289 -0.8780030012130737 14.11606216430664 -0.13838112354278564 -0.9608180522918701 15.014785766601562 -0.2958766222000122 -0.8754535913467407 15.016071319580078 -0.08039739727973938 -0.962620735168457 15.699857711791992 -0.19455939531326294 -0.8749246001243591 15.701157569885254 -0.02100306749343872 -0.9660110473632812 16.163124084472656 -0.09066376090049744 -0.8771926760673523 16.164430618286133 0.03985753655433655 -0.9712159633636475 16.398897171020508 0.015521585941314697 -0.8827992081642151 16.39980697631836 0.10103639960289001 -0.9771850109100342 16.405990600585938 0.12253166735172272 -0.8886748552322388 16.407100677490234 0.1622227430343628 -0.9837983250617981 16.18303871154785 0.2293643057346344 -0.8960140943527222 16.184083938598633 0.22270768880844116 -0.9915320873260498 15.730546951293945 0.3351610004901886 -0.9051893353462219 15.731481552124023 0.2820153534412384 -1.001121997833252 15.050262451171875 0.43911564350128174 -0.9175201058387756 15.051168441772461 0.33942514657974243 -1.012230396270752 14.147613525390625 0.5397353172302246 -0.9320954084396362 14.14837646484375 0.3944271206855774 -1.0239858627319336 13.032665252685547 0.6359158158302307 -0.9474622011184692 13.033571243286133 0.44623684883117676 -1.0367895364761353 11.716047286987305 0.7267243266105652 -0.9645754098892212 11.716901779174805 0.4946669340133667 -1.050663709640503 10.209640502929688 0.8115014433860779 -0.9830824136734009 10.210617065429688 0.5392262935638428 -1.0650575160980225 8.527445793151855 0.8894117474555969 -1.0030667781829834 8.528274536132812 0.5794808864593506 -1.0804810523986816 6.685596466064453 0.9599089622497559 -1.024144172668457 6.686433792114258 0.6153824329376221 -1.0961638689041138 4.699227333068848 1.0231642723083496 -1.0463271141052246 4.6996355056762695 0.6467490196228027 -1.1124709844589233 2.5847959518432617 1.0782910585403442 -1.0678926706314087 2.585407257080078 0.6733136773109436 -1.1292554140090942 0.35954713821411133 1.1254525184631348 -1.0902239084243774 0.36014747619628906 0.6952351331710815 -1.1462358236312866 -1.9589160680770874 1.164272427558899 -1.1117764711380005 -1.9580779075622559 0.712482750415802 -1.1636886596679688 -4.353847980499268 1.1954400539398193 -1.134340763092041 -4.352969646453857 0.7254538536071777 -1.1826761960983276 -6.810455322265625 1.2191932201385498 -1.1577719449996948 -6.809347629547119 0.7340406775474548 -1.204018235206604 -9.313941955566406 1.2357275485992432 -1.1850922107696533 -9.313106536865234 0.7388885617256165 -1.2291467189788818 -11.851042747497559 1.2454190254211426 -1.2167856693267822 -11.850295066833496 0.7428866624832153 -1.2569756507873535 -14.451836585998535 1.2522704601287842 -1.2511959075927734 -14.49612045288086 0.7448000907897949 -1.2570152282714844 -14.454136848449707 1.2544138431549072 -1.2513271570205688 -14.49833869934082 -0.5576643347740173 -1.0365718603134155 -8.608623504638672 -1.0328681468963623 -1.0236761569976807 -8.607868194580078 -0.5519915819168091 -1.0250282287597656 -6.241472244262695 -1.0225929021835327 -1.0059919357299805 -6.240615367889404 -0.5421936511993408 -1.0149720907211304 -3.9057328701019287 -1.0048151016235352 -0.9898042678833008 -3.904827356338501 -0.5280436277389526 -1.0064077377319336 -1.6185247898101807 -0.9792817831039429 -0.9748948216438293 -1.6176947355270386 -0.5092213749885559 -0.9986844062805176 0.604548454284668 -0.9459489583969116 -0.9612829089164734 0.6054935455322266 -0.4857115149497986 -0.9918078184127808 2.745948314666748 -0.9044758081436157 -0.9480516910552979 2.7468085289001465 -0.4572150707244873 -0.9851921796798706 4.789368629455566 -0.8545278310775757 -0.9357250332832336 4.7903242111206055 -0.42398667335510254 -0.9793733358383179 6.715994834899902 -0.7961626052856445 -0.9233458638191223 6.716841697692871 -0.3861693739891052 -0.9745870232582092 8.509765625 -0.7300659418106079 -0.9136332273483276 8.510712623596191 -0.34385138750076294 -0.9705842733383179 10.153457641601562 -0.6561460494995117 -0.9041800498962402 10.154341697692871 -0.2974931001663208 -0.9669806361198425 11.63095474243164 -0.5750938653945923 -0.8951859474182129 11.631741523742676 -0.2474803924560547 -0.9650238156318665 12.927339553833008 -0.48734307289123535 -0.889047384262085 12.928081512451172 -0.19410836696624756 -0.9650796055793762 14.029908180236816 -0.394253134727478 -0.886003315448761 14.030595779418945 -0.13823306560516357 -0.9656609296798706 14.927007675170898 -0.2963044047355652 -0.8838415741920471 14.927759170532227 -0.0798787772655487 -0.9676084518432617 15.609756469726562 -0.1944746971130371 -0.883587658405304 15.61046314239502 -0.02001848816871643 -0.9711546897888184 16.071876525878906 -0.08969736099243164 -0.8860559463500977 16.072532653808594 0.04098881781101227 -0.976386308670044 16.30784797668457 0.01672545075416565 -0.8917772173881531 16.308555603027344 0.10241992771625519 -0.9824160933494568 16.314931869506836 0.12407231330871582 -0.897657573223114 16.31553840637207 0.16371923685073853 -0.9889619946479797 16.092819213867188 0.23106850683689117 -0.9049715399742126 16.09334373474121 0.22461213171482086 -0.9966274499893188 15.641780853271484 0.3374974727630615 -0.9140372276306152 15.642328262329102 0.2842654287815094 -1.0061053037643433 14.964273452758789 0.44198042154312134 -0.926173210144043 14.964818954467773 0.3419749140739441 -1.017017126083374 14.06521224975586 0.5430101156234741 -0.9403679370880127 14.065668106079102 0.39707687497138977 -1.028512716293335 12.954017639160156 0.6393890380859375 -0.955339252948761 12.954410552978516 0.44912517070770264 -1.0410444736480713 11.641887664794922 0.7305478453636169 -0.9719580411911011 11.64232063293457 0.49770820140838623 -1.0546064376831055 10.140363693237305 0.8156183958053589 -0.9899163246154785 10.140644073486328 0.5424752235412598 -1.0686527490615845 8.463776588439941 0.8937601447105408 -1.009301781654358 8.464163780212402 0.5828474760055542 -1.0837208032608032 6.627695083618164 0.9646535515785217 -1.0297640562057495 6.628073692321777 0.618843138217926 -1.099013328552246 4.647711753845215 1.0277011394500732 -1.0512900352478027 4.648343086242676 0.650368869304657 -1.1149370670318604 2.538654327392578 1.083150863647461 -1.0721848011016846 2.5392866134643555 0.6769663095474243 -1.1313228607177734 0.3191666603088379 1.1301276683807373 -1.0938258171081543 0.31991052627563477 0.698959469795227 -1.1479017734527588 -1.9944417476654053 1.1691354513168335 -1.1147133111953735 -1.9937777519226074 0.7163912057876587 -1.1649786233901978 -4.384235382080078 1.200329065322876 -1.1366608142852783 -4.383478164672852 0.7297278046607971 -1.183599591255188 -6.835959434509277 1.224594235420227 -1.1594853401184082 -6.835358619689941 0.7390256524085999 -1.2046210765838623 -9.333581924438477 1.241950511932373 -1.1862393617630005 -9.332807540893555 0.7446783781051636 -1.2294423580169678 -11.863913536071777 1.2526073455810547 -1.2172954082489014 -11.863309860229492 -1.5054028034210205 -1.0103013515472412 -8.598311424255371 -1.506880760192871 -1.0105805397033691 -8.602886199951172 -1.4905933141708374 -0.9856294989585876 -6.226720809936523 -1.4919878244400024 -0.9862265586853027 -6.2335662841796875 -1.4650360345840454 -0.9627697467803955 -3.8867526054382324 -1.466383934020996 -0.9637099504470825 -3.895796298980713 -1.4285062551498413 -0.9405819773674011 -1.595165729522705 -1.4296287298202515 -0.9418476223945618 -1.6065460443496704 -1.3806610107421875 -0.9206967353820801 0.6318631172180176 -1.381882905960083 -0.9223105907440186 0.6184461116790771 -1.3213748931884766 -0.9001642465591431 2.7776265144348145 -1.322462797164917 -0.9021296501159668 2.7618303298950195 -1.2499792575836182 -0.8816227912902832 4.824788570404053 -1.2511165142059326 -0.8839786052703857 4.806995391845703 -1.1668686866760254 -0.8615975379943848 6.756006240844727 -1.1677970886230469 -0.8642810583114624 6.73573112487793 -1.072587251663208 -0.8465704321861267 8.553000450134277 -1.073506474494934 -0.8496012091636658 8.531017303466797 -0.9672045707702637 -0.830968976020813 10.200312614440918 -0.9680024981498718 -0.8343278765678406 10.176347732543945 -0.8514648079872131 -0.8156068921089172 11.681543350219727 -0.8522325158119202 -0.8192549347877502 11.655529022216797 -0.7267500162124634 -0.8048385381698608 12.980660438537598 -0.727175772190094 -0.8087376356124878 12.953149795532227 -0.5938807129859924 -0.798157811164856 14.085192680358887 -0.5942196249961853 -0.8022939562797546 14.056509971618652 -0.4541800022125244 -0.7930823564529419 14.9840726852417 -0.45440906286239624 -0.7973728179931641 14.954479217529297 -0.3092111349105835 -0.7902578711509705 15.668277740478516 -0.30915743112564087 -0.7947471737861633 15.637828826904297 -0.16019195318222046 -0.7914180755615234 16.130992889404297 -0.15984785556793213 -0.7959657311439514 16.100191116333008 -0.008439064025878906 -0.797835111618042 16.366378784179688 -0.00804668664932251 -0.8024827837944031 16.33578872680664 0.1445057988166809 -0.8033783435821533 16.37355613708496 0.1450272798538208 -0.8080084323883057 16.342885971069336 0.2972482144832611 -0.8113236427307129 16.150821685791016 0.29782164096832275 -0.815956711769104 16.12038230895996 0.4487704038619995 -0.822101354598999 15.698698043823242 0.4495919346809387 -0.8266612887382507 15.668834686279297 0.5977376103401184 -0.8371119499206543 15.019384384155273 0.5988070368766785 -0.8415704965591431 14.990428924560547 0.74192214012146 -0.8550289869308472 14.117864608764648 0.7430778741836548 -0.8592987060546875 14.090198516845703 0.8794251680374146 -0.8736419081687927 13.00448226928711 0.8806758522987366 -0.8777011632919312 12.977914810180664 1.009523630142212 -0.8950056433677673 11.689512252807617 1.0108942985534668 -0.898820698261261 11.664506912231445 1.1308116912841797 -0.917704701423645 10.185001373291016 1.1323052644729614 -0.9212405681610107 10.16153335571289 1.242326021194458 -0.9432492256164551 8.504877090454102 1.243866205215454 -0.9464551210403442 8.483342170715332 1.3432477712631226 -0.9696511626243591 6.665175437927246 1.3450168371200562 -0.9725449085235596 6.645624160766602 1.4337109327316284 -0.9987030625343323 4.680873870849609 1.4353700876235962 -1.0012900829315186 4.6637420654296875 1.5128339529037476 -1.024965763092041 2.5687618255615234 1.514615774154663 -1.0271852016448975 2.553339958190918 1.5803823471069336 -1.0528620481491089 0.34575796127319336 1.5820422172546387 -1.0547618865966797 0.33235931396484375 1.6362522840499878 -1.078444242477417 -1.9705064296722412 1.637977123260498 -1.0799635648727417 -1.9824457168579102 1.6812251806259155 -1.105783462524414 -4.36334228515625 1.6829216480255127 -1.1070045232772827 -4.373540878295898 1.7158915996551514 -1.1332900524139404 -6.817882061004639 1.7178150415420532 -1.1341732740402222 -6.8266520500183105 1.7406638860702515 -1.1665531396865845 -9.31942367553711 1.742897868156433 -1.1671570539474487 -9.326019287109375 1.755682110786438 -1.2045259475708008 -11.854211807250977 1.7582576274871826 -1.204822301864624 -11.858609199523926 -0.434095561504364 -0.9612839221954346 -10.73112678527832 -0.9045581817626953 -0.9410851001739502 -10.733234405517578 -0.4290482997894287 -0.9808838367462158 -8.385709762573242 -0.895500898361206 -0.9661104679107666 -8.387834548950195 -0.42061877250671387 -0.9985983371734619 -6.0670037269592285 -0.8800294399261475 -0.9886083602905273 -6.0691237449646 -0.4079064726829529 -1.0155589580535889 -3.7901272773742676 -0.8575975894927979 -1.010972023010254 -3.792290687561035 -0.39096057415008545 -1.0316057205200195 -1.5705909729003906 -0.8274013996124268 -1.032287836074829 -1.5728578567504883 -0.3696407675743103 -1.0463659763336182 0.5756320953369141 -0.7896881103515625 -1.0513598918914795 0.5734052658081055 -0.34416353702545166 -1.0610907077789307 2.6322669982910156 -0.7448371648788452 -1.0709648132324219 2.6300430297851562 -0.3142724633216858 -1.0757575035095215 4.583780288696289 -0.6927289366722107 -1.0909786224365234 4.581560134887695 -0.28031548857688904 -1.090132236480713 6.415241241455078 -0.6331386566162109 -1.1109247207641602 6.412952423095703 -0.2421359121799469 -1.1045708656311035 8.111488342285156 -0.5665484070777893 -1.1305885314941406 8.109275817871094 -0.20014670491218567 -1.1183667182922363 9.657693862915039 -0.4932634234428406 -1.1500248908996582 9.655513763427734 -0.1544405221939087 -1.1316535472869873 11.040634155273438 -0.4136110842227936 -1.168473482131958 11.038463592529297 -0.10556691884994507 -1.143505573272705 12.247817993164062 -0.3284905254840851 -1.1843056678771973 12.245750427246094 -0.05415162444114685 -1.155038595199585 13.267803192138672 -0.23872914910316467 -1.1999940872192383 13.265850067138672 -0.0004363059997558594 -1.1669785976409912 14.092060089111328 -0.14516013860702515 -1.2161211967468262 14.090217590332031 0.055198073387145996 -1.1791348457336426 14.711885452270508 -0.04800593852996826 -1.2323668003082275 14.710376739501953 0.11232739686965942 -1.1902241706848145 15.120269775390625 0.05166429281234741 -1.2474558353424072 15.118858337402344 0.16972780227661133 -1.2007622718811035 15.3130521774292 0.1523284912109375 -1.2614264488220215 15.312036514282227 0.22731077671051025 -1.2113187313079834 15.290023803710938 0.25259411334991455 -1.2753682136535645 15.289239883422852 0.2841564416885376 -1.2213678359985352 15.053266525268555 0.3517812490463257 -1.288764238357544 15.052821159362793 0.33984875679016113 -1.2297818660736084 14.606511116027832 0.4491555690765381 -1.2991411685943604 14.606437683105469 0.39369499683380127 -1.2365336418151855 13.954845428466797 0.5431234836578369 -1.3068795204162598 13.955111503601074 0.44520074129104614 -1.2428154945373535 13.106292724609375 0.6331833004951477 -1.313936710357666 13.106964111328125 0.49398982524871826 -1.2488396167755127 12.069501876831055 0.718370258808136 -1.3208322525024414 12.07051944732666 0.539386510848999 -1.2543408870697021 10.855247497558594 0.7979907989501953 -1.3266980648040771 10.85672378540039 0.5812686681747437 -1.2593486309051514 9.476387977600098 0.8714756369590759 -1.3320884704589844 9.478121757507324 0.6192956566810608 -1.2633390426635742 7.946753978729248 0.9382275938987732 -1.3355934619903564 7.94904088973999 0.6533170342445374 -1.2668638229370117 6.28060245513916 0.9979836344718933 -1.338930606842041 6.283227443695068 0.6829143762588501 -1.2702832221984863 4.4926300048828125 1.0503268241882324 -1.3421225547790527 4.495779037475586 0.7081963419914246 -1.2733700275421143 2.5989890098571777 1.0951915979385376 -1.3453106880187988 2.6026675701141357 0.7290351986885071 -1.275392770767212 0.6149901151657104 1.1324577331542969 -1.3471639156341553 0.6191586256027222 0.7453087568283081 -1.2771515846252441 -1.4437737464904785 1.1619436740875244 -1.3492772579193115 -1.4391130208969116 0.757371187210083 -1.2782986164093018 -3.560760498046875 1.183986783027649 -1.3512709140777588 -3.555555582046509 0.7657119631767273 -1.2783842086791992 -5.720211029052734 1.199300765991211 -1.3527016639709473 -5.714596271514893 0.77060866355896 -1.2764348983764648 -7.906558513641357 1.2087327241897583 -1.3520338535308838 -7.90036678314209 0.7729277610778809 -1.2706694602966309 -10.120347023010254 1.213602066040039 -1.3467411994934082 -10.15247917175293 0.7723504304885864 -1.270698070526123 -10.093453407287598 1.2130048274993896 -1.3468124866485596 -10.125570297241211 -0.42952626943588257 -0.9615442752838135 -10.752344131469727 -0.8989855051040649 -0.9415242671966553 -10.754546165466309 -0.4250068664550781 -0.9814250469207764 -8.401325225830078 -0.8903415203094482 -0.9671311378479004 -8.403167724609375 -0.4168128967285156 -0.9994843006134033 -6.077437400817871 -0.8750686645507812 -0.9901845455169678 -6.079415798187256 -0.4043099284172058 -1.0167887210845947 -3.794865608215332 -0.8526315689086914 -1.0131664276123047 -3.796718120574951 -0.38759881258010864 -1.0331971645355225 -1.5696754455566406 -0.822899580001831 -1.0351147651672363 -1.5714406967163086 -0.3663950562477112 -1.0483472347259521 0.5813426971435547 -0.7855203151702881 -1.0548174381256104 0.5793399810791016 -0.34082841873168945 -1.0634417533874512 2.643308639526367 -0.7404357194900513 -1.0750322341918945 2.6412715911865234 -0.3110958933830261 -1.0784666538238525 4.600545883178711 -0.6882291436195374 -1.0956907272338867 4.5985870361328125 -0.27706313133239746 -1.0931892395019531 6.437887191772461 -0.6287747621536255 -1.1162209510803223 6.436040878295898 -0.2389531135559082 -1.107947826385498 8.139829635620117 -0.562194287776947 -1.136444091796875 8.137924194335938 -0.1971437931060791 -1.122103214263916 9.691986083984375 -0.48901158571243286 -1.1564576625823975 9.690336227416992 -0.1516580581665039 -1.135662317276001 11.080364227294922 -0.4098283052444458 -1.1753933429718018 11.078887939453125 -0.10313068330287933 -1.147745132446289 12.291946411132812 -0.3250793218612671 -1.1916279792785645 12.290298461914062 -0.05158926546573639 -1.1595158576965332 13.31643295288086 -0.23523864150047302 -1.2077116966247559 13.314964294433594 0.0021522343158721924 -1.1716103553771973 14.145158767700195 -0.14158552885055542 -1.2241196632385254 14.143802642822266 0.05782473087310791 -1.1839213371276855 14.76955795288086 -0.04457652568817139 -1.2406463623046875 14.768289566040039 0.1145024299621582 -1.1950750350952148 15.182073593139648 0.054784953594207764 -1.2558739185333252 15.181142807006836 0.17208200693130493 -1.205653190612793 15.378572463989258 0.15529704093933105 -1.2698683738708496 15.37784481048584 0.22954320907592773 -1.216179609298706 15.359027862548828 0.2555851936340332 -1.2837274074554443 15.358762741088867 0.28609931468963623 -1.226123332977295 15.12569522857666 0.35431528091430664 -1.2970139980316162 15.12581729888916 0.3413100242614746 -1.234428882598877 14.681026458740234 0.45093852281570435 -1.3071820735931396 14.68150520324707 0.3949887752532959 -1.2410204410552979 14.030426025390625 0.5445743203163147 -1.314596176147461 14.031161308288574 0.4464561343193054 -1.2470862865447998 13.182686805725098 0.6345552802085876 -1.3213005065917969 13.183631896972656 0.4951290488243103 -1.25285005569458 12.14669418334961 0.7196581363677979 -1.3277614116668701 12.148229598999023 0.540342390537262 -1.2580571174621582 10.932771682739258 0.7990863919258118 -1.3331339359283447 10.934585571289062 0.5821788311004639 -1.2627112865447998 9.554098129272461 0.8722432255744934 -1.3379712104797363 9.55648136138916 0.6199505925178528 -1.266399621963501 8.023987770080566 0.9387454986572266 -1.3409006595611572 8.026592254638672 0.6538974046707153 -1.2695696353912354 6.357511520385742 0.9984990358352661 -1.3436479568481445 6.360584259033203 0.6835389137268066 -1.2726070880889893 4.569267749786377 1.0509016513824463 -1.3462035655975342 4.572821140289307 0.7085989117622375 -1.27531099319458 2.6756811141967773 1.0955257415771484 -1.348754644393921 2.679555654525757 0.729301393032074 -1.2769691944122314 0.6914495825767517 1.1327121257781982 -1.3499553203582764 0.6957889795303345 0.7455556988716125 -1.2783348560333252 -1.3670145273208618 1.1622092723846436 -1.351421594619751 -1.3621677160263062 0.7574501037597656 -1.2791428565979004 -3.483211040496826 1.1842141151428223 -1.3528416156768799 -3.4778504371643066 0.7654592990875244 -1.278928279876709 -5.641470909118652 1.1993470191955566 -1.3536896705627441 -5.635503768920898 0.7697968482971191 -1.27675199508667 -7.826417922973633 1.2080731391906738 -1.352626085281372 -7.820055961608887 -1.3733277320861816 -0.921055793762207 -10.742740631103516 -1.3713409900665283 -0.921295166015625 -10.74981689453125 -1.3603649139404297 -0.9521701335906982 -8.395416259765625 -1.3584842681884766 -0.9527053833007812 -8.400481224060059 -1.3380608558654785 -0.9795019626617432 -6.075315475463867 -1.3363120555877686 -0.9803214073181152 -6.078702926635742 -1.3057630062103271 -1.0076909065246582 -3.7967700958251953 -1.3039822578430176 -1.0088355541229248 -3.798205852508545 -1.2625782489776611 -1.0347919464111328 -1.575699806213379 -1.2609844207763672 -1.0362489223480225 -1.575150489807129 -1.2087451219558716 -1.0582432746887207 0.571721076965332 -1.207211971282959 -1.0600337982177734 0.5737924575805664 -1.1443493366241455 -1.08306884765625 2.6298370361328125 -1.1427865028381348 -1.0851726531982422 2.633625030517578 -1.0697832107543945 -1.1087517738342285 4.583066940307617 -1.0681476593017578 -1.1111621856689453 4.588823318481445 -0.9847365617752075 -1.1347484588623047 6.416204452514648 -0.9831227660179138 -1.1374754905700684 6.424009323120117 -0.8895843029022217 -1.1597752571105957 8.114173889160156 -0.8880298137664795 -1.162801742553711 8.123830795288086 -0.7850391268730164 -1.1853160858154297 9.662336349487305 -0.7834990620613098 -1.18861722946167 9.674089431762695 -0.6715982556343079 -1.2092852592468262 11.047002792358398 -0.6702373623847961 -1.2128424644470215 11.060661315917969 -0.5501527786254883 -1.229029655456543 12.255525588989258 -0.5489280223846436 -1.2328228950500488 12.270484924316406 -0.4222729206085205 -1.2492046356201172 13.277090072631836 -0.42101770639419556 -1.2531652450561523 13.293601989746094 -0.2886660695075989 -1.2697243690490723 14.102922439575195 -0.28738003969192505 -1.2738533020019531 14.120941162109375 -0.14996683597564697 -1.289942741394043 14.724624633789062 -0.14870285987854004 -1.294203281402588 14.744037628173828 -0.007587313652038574 -1.3093757629394531 15.13469123840332 -0.0064849853515625 -1.3137245178222656 15.155633926391602 0.13604044914245605 -1.3265156745910645 15.329355239868164 0.13711881637573242 -1.330876350402832 15.3513822555542 0.27933692932128906 -1.3440980911254883 15.308134078979492 0.28042781352996826 -1.3484129905700684 15.331475257873535 0.42071616649627686 -1.3607642650604248 15.073317527770996 0.4216080904006958 -1.3650038242340088 15.097816467285156 0.559424638748169 -1.37298583984375 14.628077507019043 0.5600917339324951 -1.37711501121521 14.653268814086914 0.6935309767723083 -1.3815605640411377 13.977489471435547 0.6940058469772339 -1.3855507373809814 14.002988815307617 0.8220596313476562 -1.388885498046875 13.130069732666016 0.822536826133728 -1.3926620483398438 13.155726432800293 0.9438080787658691 -1.396805763244629 12.094588279724121 0.9442890882492065 -1.4003970623016357 12.120631217956543 1.0575535297393799 -1.4025044441223145 10.881448745727539 1.0579087734222412 -1.4058194160461426 10.907515525817871 1.1625245809555054 -1.4083285331726074 9.503677368164062 1.162811517715454 -1.4113719463348389 9.52993106842041 1.2578399181365967 -1.4106454849243164 7.974958419799805 1.2580435276031494 -1.4133880138397217 8.000873565673828 1.3434348106384277 -1.4137773513793945 6.309744834899902 1.3435735702514648 -1.4162166118621826 6.335663318634033 1.41859769821167 -1.4164016246795654 4.522928237915039 1.4187949895858765 -1.418510913848877 4.548701286315918 1.4829514026641846 -1.4191298484802246 2.6305153369903564 1.4830410480499268 -1.420907974243164 2.656186580657959 1.5366675853729248 -1.4204833507537842 0.6476658582687378 1.5367772579193115 -1.4219582080841064 0.6732627153396606 1.5793819427490234 -1.4226453304290771 -1.4097017049789429 1.5795152187347412 -1.423783779144287 -1.384026288986206 1.6113808155059814 -1.4252464771270752 -3.5251271724700928 1.6115069389343262 -1.4260656833648682 -3.4991796016693115 1.6335633993148804 -1.4277675151824951 -5.682951927185059 1.6336174011230469 -1.4283044338226318 -5.656531810760498 1.6472028493881226 -1.4281961917877197 -7.8676300048828125 1.6470483541488647 -1.4284920692443848 -7.840775966644287 0.741070568561554 -1.2584543228149414 -14.630024909973145 1.2503721714019775 -1.252953052520752 -14.674525260925293 0.7410591840744019 -1.2602087259292603 -14.810407638549805 1.250704050064087 -1.2546076774597168 -14.855101585388184 0.7431058883666992 -1.2619632482528687 -14.992934226989746 1.2525297403335571 -1.2563154697418213 -15.037511825561523 0.7448591589927673 -1.2616454362869263 -14.99496078491211 1.254457712173462 -1.2561177015304565 -15.039477348327637 0.746602475643158 -1.2585757970809937 -14.636713981628418 1.2564623355865479 -1.252955675125122 -14.680920600891113 0.7465322613716125 -1.2600090503692627 -14.816930770874023 1.256469488143921 -1.2543609142303467 -14.861183166503906 1.7625105381011963 -1.24748957157135 -14.721046447753906 1.7647209167480469 -1.2475637197494507 -14.72318172454834 1.7627108097076416 -1.2491719722747803 -14.901660919189453 1.764695167541504 -1.248992681503296 -14.903681755065918 0.7636851668357849 -1.2601327896118164 -15.024277687072754 1.2701181173324585 -1.2544574737548828 -15.068770408630371 0.774937093257904 -1.2585806846618652 -15.045906066894531 1.2764267921447754 -1.2538459300994873 -15.090076446533203 0.7848867774009705 -1.2574145793914795 -15.061979293823242 1.2808763980865479 -1.2542626857757568 -15.105236053466797 0.794823408126831 -1.2566413879394531 -15.070789337158203 1.2877957820892334 -1.2558014392852783 -15.113916397094727 0.8044297695159912 -1.2562096118927002 -15.06724739074707 1.2947837114334106 -1.2582526206970215 -15.11026382446289 0.8120979070663452 -1.2561671733856201 -15.047948837280273 1.2992032766342163 -1.2614712715148926 -15.090484619140625 0.818572998046875 -1.2568316459655762 -15.009509086608887 1.3024792671203613 -1.2661635875701904 -15.051658630371094 0.8251733779907227 -1.2578978538513184 -14.951231956481934 1.3070800304412842 -1.2716596126556396 -14.993310928344727 0.8316819071769714 -1.259605884552002 -14.870344161987305 1.311773657798767 -1.277944564819336 -14.911993026733398 0.8364894986152649 -1.2621943950653076 -14.76293659210205 1.3142719268798828 -1.2863671779632568 -14.804256439208984 0.8391477465629578 -1.2651426792144775 -14.623730659484863 1.314157485961914 -1.2958223819732666 -14.664867401123047 0.8405922651290894 -1.268249750137329 -14.451326370239258 1.3127110004425049 -1.305227279663086 -14.492201805114746 0.8409264087677002 -1.271195888519287 -14.246896743774414 1.309828758239746 -1.3144009113311768 -14.287454605102539 0.8395860195159912 -1.2741386890411377 -14.010307312011719 1.3047795295715332 -1.3239681720733643 -14.050521850585938 0.8375794887542725 -1.2761108875274658 -13.74301528930664 1.2996578216552734 -1.3316965103149414 -13.783060073852539 0.8347493410110474 -1.2767906188964844 -13.448545455932617 1.2938721179962158 -1.3373022079467773 -13.488688468933105 0.8315634727478027 -1.2764828205108643 -13.133017539978027 1.2882276773452759 -1.340005874633789 -13.17292594909668 0.827335774898529 -1.2759602069854736 -12.804065704345703 1.2817740440368652 -1.3422610759735107 -12.843884468078613 0.8215283155441284 -1.2749569416046143 -12.461758613586426 1.273032784461975 -1.343782901763916 -12.501361846923828 0.8144532442092896 -1.2735011577606201 -12.108060836791992 1.262898325920105 -1.3445301055908203 -12.147416114807129 0.8069800138473511 -1.271862506866455 -11.745858192443848 1.253360390663147 -1.3445367813110352 -11.784944534301758 0.7978354692459106 -1.2701427936553955 -11.37646770477295 1.242489218711853 -1.344005823135376 -11.415498733520508 0.7860962152481079 -1.2691256999969482 -11.000764846801758 1.2280290126800537 -1.3440935611724854 -11.039314270019531 0.7735781073570251 -1.2699737548828125 -10.303139686584473 1.2143559455871582 -1.345931053161621 -10.335248947143555 0.7735962867736816 -1.2692267894744873 -10.459063529968262 1.2143826484680176 -1.3451342582702637 -10.491127967834473 0.7636914849281311 -1.2572181224822998 -14.487585067749023 1.2701729536056519 -1.2526605129241943 -14.531767845153809 0.7749764323234558 -1.2564592361450195 -14.51467227935791 1.2764196395874023 -1.2529270648956299 -14.55842399597168 0.7849838733673096 -1.2553188800811768 -14.53607177734375 1.2807526588439941 -1.2531253099441528 -14.579694747924805 0.7949181795120239 -1.2545363903045654 -14.548413276672363 1.2876331806182861 -1.2542500495910645 -14.591447830200195 0.8043946027755737 -1.2543449401855469 -14.54781723022461 1.2945115566253662 -1.2569870948791504 -14.590511322021484 0.8119146823883057 -1.2547507286071777 -14.531806945800781 1.2988944053649902 -1.2608318328857422 -14.57409381866455 0.8185008764266968 -1.255413293838501 -14.496856689453125 1.3019945621490479 -1.265364408493042 -14.539006233215332 0.8251291513442993 -1.2565264701843262 -14.440895080566406 1.3065848350524902 -1.270585298538208 -14.482640266418457 0.8314958810806274 -1.2583723068237305 -14.361796379089355 1.3111025094985962 -1.2771556377410889 -14.403307914733887 0.8362404108047485 -1.2614285945892334 -14.256914138793945 1.3134710788726807 -1.286200761795044 -14.298110961914062 0.8388603329658508 -1.264796495437622 -14.12059211730957 1.3133506774902344 -1.2960176467895508 -14.161601066589355 0.8403916358947754 -1.2680346965789795 -13.951306343078613 1.3118770122528076 -1.3056855201721191 -13.992022514343262 0.840532660484314 -1.2713897228240967 -13.75019359588623 1.308976173400879 -1.315361738204956 -13.790647506713867 0.8393099308013916 -1.2745192050933838 -13.517423629760742 1.3039681911468506 -1.3250367641448975 -13.557795524597168 0.837449848651886 -1.2766180038452148 -13.25332260131836 1.299081563949585 -1.3328320980072021 -13.293573379516602 0.8347444534301758 -1.277416467666626 -12.962152481079102 1.2934587001800537 -1.3384432792663574 -13.002083778381348 0.8316189050674438 -1.277273178100586 -12.649235725402832 1.287998914718628 -1.3413100242614746 -12.688944816589355 0.8274199962615967 -1.2770652770996094 -12.3225736618042 1.281489372253418 -1.3438658714294434 -12.36224365234375 0.8216301202774048 -1.276360034942627 -11.9833345413208 1.2727720737457275 -1.3459210395812988 -12.022789001464844 0.8145372867584229 -1.275036096572876 -11.632702827453613 1.2627973556518555 -1.3466432094573975 -11.67203140258789 0.8070720434188843 -1.2735674381256104 -11.272699356079102 1.2533025741577148 -1.3465611934661865 -11.311918258666992 0.7977286577224731 -1.2724394798278809 -10.90522289276123 1.2425638437271118 -1.3468255996704102 -10.944076538085938 0.7860361933708191 -1.2717084884643555 -10.532146453857422 1.2279975414276123 -1.3471641540527344 -10.571020126342773 1.7770004272460938 -1.2482103109359741 -14.755034446716309 1.778118371963501 -1.2492161989212036 -14.779479026794434 1.7763848304748535 -1.2508543729782104 -14.798148155212402 1.7805490493774414 -1.2541630268096924 -14.808477401733398 1.7851181030273438 -1.2596302032470703 -14.806228637695312 1.786330223083496 -1.266697883605957 -14.78836441040039 1.785719871520996 -1.275238275527954 -14.75162410736084 1.7886109352111816 -1.2848832607269287 -14.694353103637695 1.7912075519561768 -1.2960052490234375 -14.61398696899414 1.7912541627883911 -1.3106179237365723 -14.507532119750977 1.7883803844451904 -1.3270127773284912 -14.369856834411621 1.784145712852478 -1.3429701328277588 -14.19902515411377 1.7779109477996826 -1.3587369918823242 -13.996129989624023 1.7690577507019043 -1.3749325275421143 -13.761795043945312 1.7608978748321533 -1.3884339332580566 -13.496405601501465 1.7527329921722412 -1.3989882469177246 -13.20398998260498 1.744701623916626 -1.404834508895874 -12.889869689941406 1.736108422279358 -1.4099667072296143 -12.56221866607666 1.7244269847869873 -1.4145581722259521 -12.221647262573242 1.7113120555877686 -1.417245864868164 -11.869678497314453 1.6995189189910889 -1.4187994003295898 -11.508644104003906 1.687211036682129 -1.4199447631835938 -11.140058517456055 1.669625997543335 -1.4217517375946045 -10.765779495239258 1.7769616842269897 -1.2486939430236816 -14.934115409851074 1.7781885862350464 -1.249399185180664 -14.956705093383789 1.776442050933838 -1.2511154413223267 -14.97335433959961 1.780717372894287 -1.2545945644378662 -14.982608795166016 1.785308599472046 -1.2600054740905762 -14.979530334472656 1.786590576171875 -1.266812801361084 -14.960503578186035 1.7859840393066406 -1.2753994464874268 -14.922506332397461 1.7889354228973389 -1.2852075099945068 -14.864638328552246 1.7916285991668701 -1.296159267425537 -14.783605575561523 1.7917506694793701 -1.3106045722961426 -14.676274299621582 1.7888882160186768 -1.3269116878509521 -14.537629127502441 1.7846238613128662 -1.3427097797393799 -14.365768432617188 1.7784292697906494 -1.3583214282989502 -14.161771774291992 1.769504427909851 -1.3745362758636475 -13.926002502441406 1.7612721920013428 -1.387974739074707 -13.659541130065918 1.7529650926589966 -1.398583173751831 -13.366238594055176 1.7448664903640747 -1.4042890071868896 -13.051222801208496 1.7362703084945679 -1.4093799591064453 -12.722793579101562 1.7245557308197021 -1.413759469985962 -12.381180763244629 1.7113823890686035 -1.4165503978729248 -12.028109550476074 1.6995638608932495 -1.418027400970459 -11.666321754455566 1.6872515678405762 -1.4190011024475098 -11.29721736907959 1.6696796417236328 -1.420548677444458 -10.921839714050293 0.7729675769805908 -1.26857590675354 -10.58829402923584 1.2139018774032593 -1.3445219993591309 -10.62021255493164 0.7724273800849915 -1.268622875213623 -10.561331748962402 1.2133150100708008 -1.3446862697601318 -10.593376159667969 0.7717671990394592 -1.2699813842773438 -10.222565650939941 1.2124927043914795 -1.3459382057189941 -10.254673957824707 0.7717439532279968 -1.2692430019378662 -10.378561019897461 1.212594985961914 -1.34537935256958 -10.410689353942871 1.6547513008117676 -1.4218382835388184 -10.340536117553711 1.6541399955749512 -1.4219815731048584 -10.31369686126709 1.6548261642456055 -1.4210357666015625 -10.49637222290039 1.654107928276062 -1.420898675918579 -10.469476699829102 -0.5582065582275391 -1.0498950481414795 -11.365346908569336 -1.034928798675537 -1.042074203491211 -11.406795501708984 -0.5589109659194946 -1.0498133897781372 -11.368189811706543 -1.035965085029602 -1.0419535636901855 -11.409496307373047 -0.5581796765327454 -1.0492783784866333 -11.196712493896484 -1.0348904132843018 -1.0415010452270508 -11.237945556640625 -0.558932900428772 -1.0492918491363525 -11.199544906616211 -1.0359370708465576 -1.041513442993164 -11.240781784057617 -0.5641837120056152 -1.0485023260116577 -11.4086332321167 -1.0373806953430176 -1.0405561923980713 -11.45024299621582 -0.5642545819282532 -1.0461660623550415 -11.445549964904785 -1.0323371887207031 -1.0381367206573486 -11.48681640625 -0.5621120929718018 -1.0427662134170532 -11.483333587646484 -1.0249862670898438 -1.0343787670135498 -11.524206161499023 -0.5591540336608887 -1.0385446548461914 -11.523728370666504 -1.0167514085769653 -1.0296682119369507 -11.56418228149414 -0.5559676289558411 -1.0338153839111328 -11.56704044342041 -1.0097947120666504 -1.024453043937683 -11.607219696044922 -0.5523902773857117 -1.0285738706588745 -11.613134384155273 -1.003348708152771 -1.0184314250946045 -11.653127670288086 -0.5481966733932495 -1.022831678390503 -11.6647367477417 -0.9959371089935303 -1.0114128589630127 -11.704459190368652 -0.5434190034866333 -1.016609787940979 -11.723956108093262 -0.9883290529251099 -1.0038090944290161 -11.763471603393555 -0.5386422872543335 -1.0102781057357788 -11.790327072143555 -0.9815517663955688 -0.9961060285568237 -11.829668998718262 -0.5337754487991333 -1.0040141344070435 -11.863571166992188 -0.9753761887550354 -0.988490104675293 -11.902749061584473 -0.5295253396034241 -0.9978018999099731 -11.943952560424805 -0.9710803627967834 -0.980986475944519 -11.98315715789795 -0.5253452062606812 -0.991399884223938 -12.030875205993652 -0.9673417806625366 -0.9732867479324341 -12.070196151733398 -0.520322859287262 -0.9848929643630981 -12.12449836730957 -0.9624531865119934 -0.9654079675674438 -12.163803100585938 -0.5147758722305298 -0.9782986640930176 -12.225353240966797 -0.9572948217391968 -0.9574155807495117 -12.26469612121582 -0.5097663402557373 -0.9719702005386353 -12.333999633789062 -0.9544431567192078 -0.9496599435806274 -12.373544692993164 -0.5042200684547424 -0.9658974409103394 -12.449060440063477 -0.9499028921127319 -0.9422602653503418 -12.488588333129883 -0.49807924032211304 -0.9602178335189819 -12.570499420166016 -0.945663571357727 -0.9356703758239746 -12.610151290893555 -0.4923522472381592 -0.9550412893295288 -12.696849822998047 -0.9434418678283691 -0.9296543598175049 -12.736858367919922 -0.48558294773101807 -0.9502396583557129 -12.826944351196289 -0.9393268823623657 -0.9243292808532715 -12.867025375366211 -0.477771520614624 -0.9463253021240234 -12.958393096923828 -0.9341323375701904 -0.920419454574585 -12.998560905456543 -0.46958374977111816 -0.9431962966918945 -13.088325500488281 -0.9298387765884399 -0.9176831245422363 -13.128856658935547 -0.4610244035720825 -0.9406783580780029 -13.216331481933594 -0.9257502555847168 -0.915642261505127 -13.257143020629883 -0.4505561590194702 -0.9388465881347656 -13.341912269592285 -0.9196408987045288 -0.9142622947692871 -13.383056640625 -0.5641809105873108 -1.048356056213379 -11.24152946472168 -1.0374131202697754 -1.0407803058624268 -11.283031463623047 -0.56432044506073 -1.0462546348571777 -11.280195236206055 -1.032423734664917 -1.0386390686035156 -11.321366310119629 -0.5622313618659973 -1.0429601669311523 -11.319855690002441 -1.0250940322875977 -1.0349619388580322 -11.360689163208008 -0.5592652559280396 -1.0388113260269165 -11.361995697021484 -1.016878604888916 -1.030277132987976 -11.402471542358398 -0.5560994148254395 -1.0340296030044556 -11.40668773651123 -1.0099363327026367 -1.024919867515564 -11.44686222076416 -0.5525359511375427 -1.0288562774658203 -11.453811645507812 -1.0035399198532104 -1.018909215927124 -11.49375057220459 -0.5483651161193848 -1.0231479406356812 -11.506550788879395 -0.9961493015289307 -1.0119802951812744 -11.546210289001465 -0.5435692071914673 -1.0169568061828613 -11.566694259643555 -0.9885420203208923 -1.0042959451675415 -11.606253623962402 -0.5388222932815552 -1.0106306076049805 -11.633759498596191 -0.9817646741867065 -0.9965475797653198 -11.673128128051758 -0.5339581966400146 -1.0043323040008545 -11.707496643066406 -0.9755788445472717 -0.9888812303543091 -11.746718406677246 -0.52968829870224 -0.9980722665786743 -11.787911415100098 -0.9712738394737244 -0.9812312126159668 -11.827147483825684 -0.5255101919174194 -0.9917244911193848 -11.87474536895752 -0.9675635695457458 -0.9735959768295288 -11.91397476196289 -0.5204842686653137 -0.9852868318557739 -11.968301773071289 -0.962653636932373 -0.9657857418060303 -12.00758171081543 -0.5149567127227783 -0.9786893129348755 -12.068984985351562 -0.9575127363204956 -0.9577333927154541 -12.10831069946289 -0.509926438331604 -0.9723256826400757 -12.17697525024414 -0.9546434879302979 -0.9498841762542725 -12.216371536254883 -0.5044008493423462 -0.9663350582122803 -12.29153823852539 -0.9501159191131592 -0.9425901174545288 -12.331085205078125 -0.49821406602859497 -0.960634708404541 -12.412322998046875 -0.9458388686180115 -0.9358642101287842 -12.451982498168945 -0.4924885630607605 -0.9554475545883179 -12.537517547607422 -0.9436032772064209 -0.9298322200775146 -12.57744026184082 -0.48571985960006714 -0.950770378112793 -12.666607856750488 -0.9394503831863403 -0.9246838092803955 -12.70667552947998 -0.47784894704818726 -0.9468737840652466 -12.79705810546875 -0.9342312812805176 -0.9207494258880615 -12.837315559387207 -0.46969354152679443 -0.9437932968139648 -12.925652503967285 -0.9298945665359497 -0.9179329872131348 -12.966209411621094 -0.46107959747314453 -0.9413185119628906 -13.05211067199707 -0.9258140325546265 -0.915942907333374 -13.092965126037598 -0.45057106018066406 -0.9396958351135254 -13.176192283630371 -0.9196488857269287 -0.91481614112854 -13.217294692993164 -0.43474626541137695 -0.9379534721374512 -13.475014686584473 -0.9067587852478027 -0.9137189388275146 -13.518604278564453 -0.4333723783493042 -0.9379494190216064 -13.483542442321777 -0.9052088260650635 -0.9135947227478027 -13.527176856994629 -0.43475306034088135 -0.939084529876709 -13.308001518249512 -0.9067597389221191 -0.9147703647613525 -13.351572036743164 -0.43332934379577637 -0.9391098022460938 -13.316472053527832 -0.9051551818847656 -0.9148132801055908 -13.360034942626953 -0.5558247566223145 -1.0363657474517822 -8.599470138549805 -1.0301759243011475 -1.0233659744262695 -8.59877872467041 -0.5567271709442139 -1.036456823348999 -8.604070663452148 -1.0314958095550537 -1.023532748222351 -8.603349685668945 -0.5504624247550964 -1.0245862007141113 -6.227931022644043 -1.0200395584106445 -1.0051910877227783 -6.227080345153809 -0.5512865781784058 -1.0247995853424072 -6.234739303588867 -1.0213451385498047 -1.0055814981460571 -6.233904838562012 -0.5408985018730164 -1.0142827033996582 -3.88785457611084 -1.0025246143341064 -0.9886067509651184 -3.886958599090576 -0.5415888428688049 -1.0146276950836182 -3.896820306777954 -1.00367271900177 -0.9892069697380066 -3.895965099334717 -0.5268023014068604 -1.0055047273635864 -1.596179723739624 -0.9771528244018555 -0.9732527732849121 -1.5952060222625732 -0.5274775624275208 -1.0059559345245361 -1.607417106628418 -0.9782394170761108 -0.9740763902664185 -1.6065220832824707 -0.508150577545166 -0.9974887371063232 0.631127119064331 -0.9439404010772705 -0.9592120051383972 0.6320838928222656 -0.5087254047393799 -0.9980787038803101 0.6177535057067871 -0.944968581199646 -0.9602420926094055 0.6187007427215576 -0.4847264885902405 -0.9903590679168701 2.776987075805664 -0.9026141166687012 -0.9454933404922485 2.7780160903930664 -0.4852690100669861 -0.9910931587219238 2.7613720893859863 -0.903559684753418 -0.9467806816101074 2.762319564819336 -0.4562988877296448 -0.9834405183792114 4.824577808380127 -0.8526111841201782 -0.9327048659324646 4.825516223907471 -0.456784188747406 -0.9843066334724426 4.806858539581299 -0.8535861968994141 -0.9342062473297119 4.807779312133789 -0.42322224378585815 -0.9773882627487183 6.755687713623047 -0.7945824861526489 -0.9198777675628662 6.7568359375 -0.42364072799682617 -0.9783931374549866 6.7357306480407715 -0.7953958511352539 -0.9216137528419495 6.736690044403076 -0.38552528619766235 -0.9723127484321594 8.553157806396484 -0.7286182641983032 -0.9097070693969727 8.554142951965332 -0.3858882784843445 -0.9734504818916321 8.531309127807617 -0.7293374538421631 -0.9116578102111816 8.532262802124023 -0.3432365655899048 -0.9680802226066589 10.200630187988281 -0.6547719240188599 -0.8998414278030396 10.201676368713379 -0.3435935378074646 -0.9693381786346436 10.176895141601562 -0.655498743057251 -0.9020132422447205 10.177820205688477 -0.2970442771911621 -0.9643060564994812 11.68185043334961 -0.5738534927368164 -0.890472412109375 11.683006286621094 -0.2973175644874573 -0.9656644463539124 11.656231880187988 -0.5744567513465881 -0.892827033996582 11.657167434692383 -0.24733078479766846 -0.962139368057251 12.981206893920898 -0.4866725206375122 -0.8840186595916748 12.98233413696289 -0.24741482734680176 -0.9636021256446838 12.95409870147705 -0.4870423674583435 -0.8865392804145813 12.955001831054688 -0.1941487193107605 -0.962031364440918 14.086038589477539 -0.3937675952911377 -0.880689799785614 14.087095260620117 -0.19415393471717834 -0.9635692834854126 14.057774543762207 -0.39401620626449585 -0.8833487629890442 14.058612823486328 -0.13832813501358032 -0.962451696395874 14.985115051269531 -0.2960500717163086 -0.8782563209533691 14.986157417297363 -0.13826897740364075 -0.9640722274780273 14.955855369567871 -0.29619133472442627 -0.8810526132583618 14.956720352172852 -0.08025029301643372 -0.9642958641052246 15.669393539428711 -0.19455349445343018 -0.8778219223022461 15.670416831970215 -0.08008286356925964 -0.9659692049026489 15.639384269714355 -0.19451838731765747 -0.8806957602500916 15.64019775390625 -0.020690739154815674 -0.9677454233169556 16.132293701171875 -0.09033572673797607 -0.8801589012145996 16.133281707763672 -0.020346879959106445 -0.9694626331329346 16.10185432434082 -0.09001988172531128 -0.8831141591072083 16.10265350341797 0.04022085666656494 -0.9729208946228027 16.368106842041016 0.0159246027469635 -0.8857868313789368 16.368871688842773 0.04059639573097229 -0.974646806716919 16.33777618408203 0.01632934808731079 -0.8887701034545898 16.338449478149414 0.1015087142586708 -0.9789343476295471 16.375211715698242 0.12302148342132568 -0.8916795253753662 16.376073837280273 0.10196872055530548 -0.9806784391403198 16.344850540161133 0.12354663014411926 -0.8946682214736938 16.345552444458008 0.1627330183982849 -0.9855177402496338 16.152517318725586 0.22993317246437073 -0.8990136384963989 16.15330696105957 0.16324272751808167 -0.9872440099716187 16.122447967529297 0.23050138354301453 -0.9019884467124939 16.123071670532227 0.2233557403087616 -0.9932247400283813 15.70053482055664 0.3359561264514923 -0.9081332087516785 15.701250076293945 0.22399520874023438 -0.9949237108230591 15.670942306518555 0.3367389738559723 -0.9110789895057678 15.67154312133789 0.2827899754047394 -1.0027672052383423 15.021184921264648 0.4400879740715027 -0.9204044342041016 15.021875381469727 0.2835575044155121 -1.004433274269104 14.992507934570312 0.44106101989746094 -0.9232807755470276 14.993097305297852 0.340322345495224 -1.0138211250305176 14.1197509765625 0.5408393740653992 -0.9348501563072205 14.120359420776367 0.34116700291633606 -1.0154175758361816 14.092288970947266 0.5419337749481201 -0.937603235244751 14.092781066894531 0.3953571021556854 -1.0255060195922852 13.00606918334961 0.6370741128921509 -0.9500994086265564 13.0067138671875 0.3962252736091614 -1.0270159244537354 12.979852676391602 0.6382527947425842 -0.9527212977409363 12.98033332824707 0.44723963737487793 -1.0382118225097656 11.690971374511719 0.728031575679779 -0.967047929763794 11.691608428955078 0.44821763038635254 -1.039636254310608 11.666257858276367 0.7293050289154053 -0.9695010185241699 11.666759490966797 0.4957582354545593 -1.0520079135894775 10.18620491027832 0.81288081407547 -0.9853788018226624 10.186880111694336 0.49675995111465454 -1.0533230304718018 10.163125991821289 0.8142580389976501 -0.9876526594161987 10.163564682006836 0.54034423828125 -1.0662667751312256 8.505916595458984 0.8908964395523071 -1.0051555633544922 8.506534576416016 0.5414332151412964 -1.0674660205841064 8.484695434570312 0.8923406600952148 -1.0072333812713623 8.48517894744873 0.5806736946105957 -1.0815712213516235 6.666021347045898 0.9615243077278137 -1.026030421257019 6.666666030883789 0.5817870497703552 -1.0826548337936401 6.646712303161621 0.9630987644195557 -1.0279009342193604 6.647218704223633 0.6165753602981567 -1.0970693826675415 4.681802749633789 1.0247069597244263 -1.047959327697754 4.68226432800293 0.61775141954422 -1.0980193614959717 4.664641380310059 1.026228904724121 -1.0496060848236084 4.665153503417969 0.6479916572570801 -1.1132787466049194 2.5692291259765625 1.0799458026885986 -1.0693124532699585 2.5697784423828125 0.6492331624031067 -1.1140952110290527 2.5538225173950195 1.0815529823303223 -1.070742130279541 2.554398536682129 0.6745947003364563 -1.1299169063568115 0.3459162712097168 1.1270310878753662 -1.0914133787155151 0.34651803970336914 0.6758317351341248 -1.1306055784225464 0.33246374130249023 1.1285942792892456 -1.0926053524017334 0.3331160545349121 0.6965133547782898 -1.1467934846878052 -1.970913052558899 1.165927767753601 -1.1127578020095825 -1.9701361656188965 0.6977832913398743 -1.1473541259765625 -1.9827513694763184 1.167539119720459 -1.1137322187423706 -1.9820482730865479 0.7138465046882629 -1.1641230583190918 -4.364102363586426 1.1971039772033691 -1.1351141929626465 -4.363274097442627 0.7151558995246887 -1.164555311203003 -4.374228477478027 1.198734998703003 -1.135882019996643 -4.373445510864258 0.7269306778907776 -1.1830233335494995 -6.819067001342773 1.2210054397583008 -1.1583545207977295 -6.818110466003418 0.728354275226593 -1.1833341121673584 -6.8275465965271 1.2228095531463623 -1.1589267253875732 -6.826780796051025 0.7357580661773682 -1.2042171955108643 -9.32055377960205 1.2378523349761963 -1.1854536533355713 -9.319746017456055 0.7374400496482849 -1.2044211626052856 -9.327080726623535 1.2399306297302246 -1.185834288597107 -9.326321601867676 0.7408605217933655 -1.229250431060791 -11.855376243591309 1.2478172779083252 -1.2169699668884277 -11.854667663574219 0.7427997589111328 -1.2293486595153809 -11.859661102294922 1.250211477279663 -1.2171359062194824 -11.859004974365234 -0.43262720108032227 -0.9613907337188721 -10.738240242004395 -0.9027239084243774 -0.9412312507629395 -10.740374565124512 -0.43108445405960083 -0.9614772796630859 -10.745315551757812 -0.9008666276931763 -0.9413774013519287 -10.747467041015625 -0.4277752637863159 -0.9810433387756348 -8.390957832336426 -0.8937947750091553 -0.9664466381072998 -8.393004417419434 -0.42640239000320435 -0.9812288284301758 -8.396162033081055 -0.8920798301696777 -0.9667820930480957 -8.398123741149902 -0.41939985752105713 -0.9988908767700195 -6.070578098297119 -0.8784115314483643 -0.9891290664672852 -6.072651386260986 -0.418107271194458 -0.9991874694824219 -6.074063301086426 -0.8767704963684082 -0.9896557331085205 -6.076075553894043 -0.4068078398704529 -1.015942096710205 -3.791806697845459 -0.8559461832046509 -1.011702060699463 -3.7939014434814453 -0.40556108951568604 -1.0163555145263672 -3.793393135070801 -0.8543024063110352 -1.012425184249878 -3.7953691482543945 -0.3899116516113281 -1.0321009159088135 -1.5704240798950195 -0.825932502746582 -1.0332202911376953 -1.5725555419921875 -0.3887646198272705 -1.0326392650604248 -1.57012939453125 -0.8244216442108154 -1.0341627597808838 -1.5720996856689453 -0.3686203360557556 -1.0470192432403564 0.5773658752441406 -0.788318395614624 -1.0525031089782715 0.5751924514770508 -0.3675425052642822 -1.0476775169372559 0.5792675018310547 -0.7869381904602051 -1.0536575317382812 0.5771636962890625 -0.343111515045166 -1.0618696212768555 2.6357593536376953 -0.7433968782424927 -1.072321891784668 2.6335582733154297 -0.3419826030731201 -1.062657117843628 2.6394481658935547 -0.7419235706329346 -1.0736713409423828 2.6373043060302734 -0.3132641315460205 -1.076653003692627 4.589138031005859 -0.6912456154823303 -1.092543125152588 4.58697509765625 -0.3121890425682068 -1.0775623321533203 4.594722747802734 -0.689753532409668 -1.0941162109375 4.592639923095703 -0.279306560754776 -1.0911250114440918 6.422515869140625 -0.6317254304885864 -1.1126775741577148 6.420351028442383 -0.278221070766449 -1.092146635055542 6.430070877075195 -0.6302523016929626 -1.1144394874572754 6.428030014038086 -0.241148442029953 -1.1056852340698242 8.120660781860352 -0.5651289820671082 -1.1325364112854004 8.118492126464844 -0.2400672435760498 -1.1068179607391357 8.130105972290039 -0.5636571049690247 -1.1344857215881348 8.128040313720703 -0.19916674494743347 -1.119584321975708 9.668800354003906 -0.4918711185455322 -1.152165412902832 9.666753768920898 -0.19819539785385132 -1.1208364963531494 9.68023681640625 -0.49045729637145996 -1.1543030738830566 9.678356170654297 -0.15354475378990173 -1.1329519748687744 11.053558349609375 -0.4123712182044983 -1.1707611083984375 11.051532745361328 -0.15263667702674866 -1.134294033050537 11.066780090332031 -0.41110149025917053 -1.1730656623840332 11.06498908996582 -0.10481715947389603 -1.1449000835418701 12.26217269897461 -0.3273589313030243 -1.18674898147583 12.260185241699219 -0.10395996272563934 -1.146320104598999 12.276874542236328 -0.3262317180633545 -1.1891803741455078 12.275028228759766 -0.0532882958650589 -1.1565124988555908 13.283636093139648 -0.23760712146759033 -1.2025561332702637 13.281780242919922 -0.05244724452495575 -1.1580045223236084 13.299842834472656 -0.2364516258239746 -1.2051291465759277 13.29814338684082 0.0003898441791534424 -1.1685140132904053 14.109376907348633 -0.14398157596588135 -1.218778133392334 14.107625961303711 0.0012703537940979004 -1.170060634613037 14.127082824707031 -0.14279496669769287 -1.2214360237121582 14.125480651855469 0.056052982807159424 -1.1807401180267334 14.73069953918457 -0.04690510034561157 -1.2351348400115967 14.729209899902344 0.056903839111328125 -1.1823358535766602 14.74992561340332 -0.04575765132904053 -1.2378928661346436 14.748517990112305 0.11301547288894653 -1.191845417022705 15.140453338623047 0.05269283056259155 -1.250258207321167 15.139139175415039 0.1137535572052002 -1.1934623718261719 15.161067962646484 0.0537182092666626 -1.253058910369873 15.159883499145508 0.17055261135101318 -1.202401876449585 15.334482192993164 0.1533048152923584 -1.2642455101013184 15.33348560333252 0.1713012456893921 -1.2040331363677979 15.356332778930664 0.1542954444885254 -1.2670505046844482 15.355425834655762 0.22801810503005981 -1.2129402160644531 15.312621116638184 0.2535814642906189 -1.2781484127044678 15.311939239501953 0.22878986597061157 -1.2145586013793945 15.335631370544434 0.25458085536956787 -1.2809271812438965 15.335091590881348 0.2848108410835266 -1.222935676574707 15.076997756958008 0.35260623693466187 -1.2915124893188477 15.076681137084961 0.28543245792388916 -1.2245259284973145 15.101144790649414 0.3534473180770874 -1.2942578792572021 15.101009368896484 0.3403622508049011 -1.2313232421875 14.630964279174805 0.44973891973495483 -1.3018174171447754 14.631003379821777 0.3408448100090027 -1.2328739166259766 14.655802726745605 0.4503365755081177 -1.3044891357421875 14.656010627746582 0.3941616415977478 -1.238020896911621 13.979639053344727 0.543614387512207 -1.3094546794891357 13.980001449584961 0.3945789337158203 -1.2395191192626953 14.00485610961914 0.5440908074378967 -1.3120179176330566 14.005358695983887 0.4456745386123657 -1.244246482849121 13.131404876708984 0.6336382031440735 -1.316389560699463 13.132135391235352 0.4460707902908325 -1.2456715106964111 13.156866073608398 0.6340991854667664 -1.3188445568084717 13.157675743103027 0.49440431594848633 -1.2501561641693115 12.094898223876953 0.7188133001327515 -1.3231348991394043 12.096022605895996 0.4947970509529114 -1.2514991760253906 12.12063217163086 0.7192392945289612 -1.3254358768463135 12.121917724609375 0.5397636890411377 -1.2555692195892334 10.880788803100586 0.7983720898628235 -1.3288452625274658 10.882312774658203 0.5401068329811096 -1.2568142414093018 10.906624794006348 0.7987236380577087 -1.3309845924377441 10.908260345458984 0.5816215872764587 -1.2604374885559082 9.5020112991333 0.8717243671417236 -1.3340363502502441 9.503911018371582 0.5818815231323242 -1.261559247970581 9.527900695800781 0.8719915747642517 -1.3359899520874023 9.530010223388672 0.6195999979972839 -1.2643382549285889 7.9722490310668945 0.9383941888809204 -1.3373687267303467 7.974588394165039 0.6197842359542847 -1.2653656005859375 7.997989654541016 0.9385730624198914 -1.3391335010528564 8.000429153442383 0.6535688638687134 -1.2677371501922607 6.305995941162109 0.9981513619422913 -1.340484857559204 6.308746814727783 0.6537635922431946 -1.2686457633972168 6.331635475158691 0.9983233213424683 -1.3420593738555908 6.3345184326171875 0.683228611946106 -1.27103853225708 4.518000602722168 1.0505117177963257 -1.3434679508209229 4.521219253540039 0.683376669883728 -1.2718150615692139 4.543535232543945 1.0507094860076904 -1.344822645187378 4.546896934509277 0.7083855867385864 -1.2740118503570557 2.624379873275757 1.095296859741211 -1.3464624881744385 2.628091335296631 0.7085245847702026 -1.2746577262878418 2.649935245513916 1.095411777496338 -1.3476130962371826 2.653719663619995 0.7292079925537109 -1.2759127616882324 0.6403412818908691 1.132561445236206 -1.3480944633483887 0.6445437669754028 0.7292660474777222 -1.276442050933838 0.6658324599266052 1.1326494216918945 -1.3490188121795654 0.6700820326805115 0.7454450130462646 -1.2775399684906006 -1.4182912111282349 1.1620397567749023 -1.3499879837036133 -1.413590908050537 0.74549800157547 -1.2779369354248047 -1.3927152156829834 1.1621344089508057 -1.3507025241851807 -1.3879504203796387 0.7574512362480164 -1.2785735130310059 -3.5349857807159424 1.1840746402740479 -1.351790428161621 -3.5297622680664062 0.7574496865272522 -1.2788538932800293 -3.509145975112915 1.184154748916626 -1.3523142337799072 -3.503854990005493 0.7656513452529907 -1.2785439491271973 -5.694026947021484 1.199300765991211 -1.3530175685882568 -5.688302516937256 0.7655681371688843 -1.2787284851074219 -5.6677703857421875 1.1993145942687988 -1.353348731994629 -5.661949157714844 0.770409345626831 -1.2765564918518066 -7.879883289337158 1.2085545063018799 -1.3522372245788574 -7.873645782470703 0.7700875997543335 -1.276658535003662 -7.853156566619873 1.208324670791626 -1.352433443069458 -7.846873760223389 0.7430224418640137 -1.2584950923919678 -14.632232666015625 1.252446174621582 -1.2530189752578735 -14.67664909362793 0.7449473738670349 -1.2585521936416626 -14.634465217590332 1.2544530630111694 -1.2529914379119873 -14.678791999816895 0.7430949807167053 -1.2601447105407715 -14.812614440917969 1.2524901628494263 -1.2545441389083862 -14.857064247131348 0.7449616193771362 -1.2600876092910767 -14.814811706542969 1.2545709609985352 -1.2544434070587158 -14.859089851379395 0.763638436794281 -1.2581692934036255 -14.66645336151123 1.270190954208374 -1.253237247467041 -14.710737228393555 0.7749485373497009 -1.2571794986724854 -14.69173812866211 1.2764179706573486 -1.2532750368118286 -14.735637664794922 0.7849605679512024 -1.256014347076416 -14.711385726928711 1.2808029651641846 -1.253531575202942 -14.754852294921875 0.7948900461196899 -1.255213737487793 -14.722526550292969 1.2876806259155273 -1.2548058032989502 -14.76556396484375 0.8044337034225464 -1.254969596862793 -14.720937728881836 1.2945809364318848 -1.2574114799499512 -14.763705253601074 0.8119317889213562 -1.255202054977417 -14.703811645507812 1.299002766609192 -1.2610785961151123 -14.746214866638184 0.8185330629348755 -1.2558808326721191 -14.667689323425293 1.3021416664123535 -1.2656373977661133 -14.709839820861816 0.8251125812530518 -1.2569632530212402 -14.610942840576172 1.306717872619629 -1.2709681987762451 -14.652789115905762 0.8315123915672302 -1.2587957382202148 -14.531293869018555 1.3113279342651367 -1.2774255275726318 -14.572818756103516 0.8363110423088074 -1.2616784572601318 -14.425500869750977 1.3137680292129517 -1.2862732410430908 -14.46676254272461 0.8389216065406799 -1.2648968696594238 -14.2882719039917 1.3135974407196045 -1.2959675788879395 -14.329326629638672 0.840415358543396 -1.2681045532226562 -14.117908477783203 1.3121960163116455 -1.3055357933044434 -14.158672332763672 0.8407263159751892 -1.271327018737793 -13.915668487548828 1.309240460395813 -1.315068006515503 -13.956171035766602 0.8394217491149902 -1.274393081665039 -13.681673049926758 1.3042649030685425 -1.3247027397155762 -13.721986770629883 0.8374859690666199 -1.2764477729797363 -13.416515350341797 1.299262285232544 -1.3324556350708008 -13.456689834594727 0.8347235918045044 -1.2772233486175537 -13.124225616455078 1.293647289276123 -1.3380498886108398 -13.164260864257812 0.8315790891647339 -1.2770230770111084 -12.81046199798584 1.288082480430603 -1.3408777713775635 -12.85024642944336 0.8273273706436157 -1.2767078876495361 -12.4830904006958 1.28165602684021 -1.343353509902954 -12.522745132446289 0.8215672373771667 -1.2758865356445312 -12.142786026000977 1.2729350328445435 -1.3452229499816895 -12.182295799255371 0.8144959807395935 -1.2745428085327148 -11.79117488861084 1.2628710269927979 -1.3459506034851074 -11.83049201965332 0.8070628643035889 -1.2730252742767334 -11.43041706085205 1.2533700466156006 -1.3458690643310547 -11.469579696655273 0.7978811860084534 -1.271669626235962 -11.062322616577148 1.2424732446670532 -1.3459362983703613 -11.101234436035156 0.7861754894256592 -1.2707831859588623 -10.688329696655273 1.2280325889587402 -1.3460745811462402 -10.72711181640625 0.7637107968330383 -1.2591602802276611 -14.845344543457031 1.2701454162597656 -1.2538328170776367 -14.889760971069336 0.7749391794204712 -1.2578959465026855 -14.868804931640625 1.2764030694961548 -1.2535674571990967 -14.912846565246582 0.7849445939064026 -1.2567169666290283 -14.886675834655762 1.2808548212051392 -1.253894329071045 -14.93004035949707 0.794840931892395 -1.2559349536895752 -14.896635055541992 1.287733793258667 -1.255307674407959 -14.939716339111328 0.8044425249099731 -1.2556023597717285 -14.89406967163086 1.2946722507476807 -1.2578198909759521 -14.936943054199219 0.8119525909423828 -1.2556843757629395 -14.87584400177002 1.2991174459457397 -1.2612872123718262 -14.918333053588867 0.8185754418373108 -1.2563676834106445 -14.838590621948242 1.3022942543029785 -1.2659099102020264 -14.880748748779297 0.8251526355743408 -1.257427453994751 -14.781068801879883 1.3068735599517822 -1.2713191509246826 -14.823007583618164 0.8315922021865845 -1.2592153549194336 -14.700783729553223 1.3115506172180176 -1.2776768207550049 -14.7423734664917 0.8363952040672302 -1.2619471549987793 -14.594175338745117 1.3140285015106201 -1.2863209247589111 -14.635472297668457 0.8390293121337891 -1.265024185180664 -14.455965042114258 1.3138766288757324 -1.2959070205688477 -14.4970703125 0.8404994606971741 -1.2681896686553955 -14.284575462341309 1.3124542236328125 -1.3053762912750244 -14.325394630432129 0.8408227562904358 -1.2712759971618652 -14.081262588500977 1.309541940689087 -1.3147656917572021 -14.121771812438965 0.8395272493362427 -1.27425217628479 -13.84597396850586 1.304511308670044 -1.3243324756622314 -13.886223793029785 0.8375468254089355 -1.2762880325317383 -13.579745292663574 1.2994660139083862 -1.3320841789245605 -13.619866371154785 0.834734320640564 -1.2769815921783447 -13.286385536193848 1.2937320470809937 -1.3376753330230713 -13.326437950134277 0.8315544724464417 -1.276778221130371 -12.971718788146973 1.288159966468811 -1.3404405117034912 -13.011576652526855 0.8273229598999023 -1.2763502597808838 -12.643528938293457 1.2817201614379883 -1.3427925109863281 -12.683298110961914 0.8215410113334656 -1.275428056716919 -12.302267074584961 1.272972822189331 -1.3445281982421875 -12.341811180114746 0.8144787549972534 -1.2740309238433838 -11.949605941772461 1.2628952264785767 -1.3452482223510742 -11.988934516906738 0.8070272207260132 -1.2724432945251465 -11.588142395019531 1.2533538341522217 -1.3451876640319824 -11.627264022827148 0.7978664636611938 -1.2709195613861084 -11.219375610351562 1.2424802780151367 -1.3449759483337402 -11.258344650268555 0.7861362099647522 -1.2699642181396484 -10.844542503356934 1.2280347347259521 -1.3451554775238037 -10.883220672607422 0.7729560732841492 -1.2699863910675049 -10.276299476623535 1.2137296199798584 -1.3459463119506836 -10.308436393737793 0.7723454833030701 -1.2699944972991943 -10.24942398071289 1.213141679763794 -1.3459663391113281 -10.281543731689453 0.7729461193084717 -1.2691819667816162 -10.432241439819336 1.2137893438339233 -1.345160722732544 -10.464339256286621 0.7723734378814697 -1.2691941261291504 -10.40551471710205 1.213230848312378 -1.3453004360198975 -10.437508583068848</DataArray>
      </PointData>
    </Piece>
  </UnstructuredGrid>
</VTKFile>