<?xml version='1.0' encoding='utf-8'?>
<VTKFile type="UnstructuredGrid" version="0.1" byte_order="LittleEndian">
  <UnstructuredGrid>
    <Piece NumberOfPoints="2666" NumberOfCells="1248">
      <Points>
        <DataArray type="Float64" Name="" NumberOfComponents="3" format="ascii">-910.6 -610.6 -10.6 -910.6 -600.0 -10.6 -910.6 600.0 -10.6 -910.6 610.6 -10.6 -900.0 -610.6 -10.6 -900.0 -600.0 -10.6 -900.0 600.0 -10.6 -900.0 610.6 -10.6 900.0 -610.6 -10.6 900.0 -600.0 -10.6 900.0 600.0 -10.6 900.0 610.6 -10.6 910.6 -610.6 -10.6 910.6 -600.0 -10.6 910.6 600.0 -10.6 910.6 610.6 -10.6 -910.6 -610.6 0.0 -900.0 -610.6 0.0 -900.0 -600.0 0.0 -910.6 -600.0 0.0 -900.0 600.0 0.0 -910.6 600.0 0.0 -900.0 610.6 0.0 -910.6 610.6 0.0 900.0 -610.6 0.0 900.0 -600.0 0.0 900.0 600.0 0.0 900.0 610.6 0.0 910.6 -610.6 0.0 910.6 -600.0 0.0 910.6 600.0 0.0 910.6 610.6 0.0 -911.5273798333748 -611.5273798333748 10.6 -900.9273798333747 -611.5273798333748 10.6 -900.9273798333747 -600.9273798333747 10.6 -911.5273798333748 -600.9273798333747 10.6 -900.9273798333747 600.0 10.6 -911.5273798333748 600.0 10.6 -900.9273798333747 610.6 10.6 -911.5273798333748 610.6 10.6 900.0 -611.5273798333748 10.6 900.0 -600.9273798333747 10.6 900.0 600.0 10.6 900.0 610.6 10.6 910.6 -611.5273798333748 10.6 910.6 -600.9273798333747 10.6 910.6 600.0 10.6 910.6 610.6 10.6 -890.0 -610.6 0.0 -890.9273798333747 -611.5273798333748 10.6 -890.0 -600.0 0.0 -890.9273798333747 -600.9273798333747 10.6 -910.6 -590.0 0.0 -911.5273798333748 -590.9273798333747 10.6 -900.0 -590.0 0.0 -900.9273798333747 -590.9273798333747 10.6 -910.6 -590.0 0.0 -911.5273798333748 -590.9273798333747 10.6 -900.0 -590.0 0.0 -900.9273798333747 -590.9273798333747 10.6 -890.0 -600.0 0.0 -890.9273798333747 -600.9273798333747 10.6 -890.0 600.0 0.0 -890.9273798333747 600.0 10.6 -910.6 590.0 0.0 -911.5273798333748 590.0 10.6 -900.0 590.0 0.0 -900.9273798333747 590.0 10.6 -910.6 590.0 0.0 -911.5273798333748 590.0 10.6 -900.0 590.0 0.0 -900.9273798333747 590.0 10.6 -890.0 600.0 0.0 -890.9273798333747 600.0 10.6 -890.0 610.6 0.0 -890.9273798333747 610.6 10.6 890.0 -610.6 0.0 890.0 -611.5273798333748 10.6 890.0 -600.0 0.0 890.0 -600.9273798333747 10.6 -900.0 -590.0 0.0 -900.9273798333747 -590.9273798333747 10.6 900.0 -590.0 0.0 900.0 -590.9273798333747 10.6 -890.0 -610.6 0.0 -890.9273798333747 -611.5273798333748 10.6 -890.0 -600.0 0.0 -890.9273798333747 -600.9273798333747 10.6 -900.0 590.0 0.0 -900.9273798333747 590.0 10.6 900.0 590.0 0.0 900.0 590.0 10.6 890.0 600.0 0.0 890.0 600.0 10.6 890.0 610.6 0.0 890.0 610.6 10.6 -890.0 600.0 0.0 -890.9273798333747 600.0 10.6 -890.0 610.6 0.0 -890.9273798333747 610.6 10.6 900.0 -590.0 0.0 900.0 -590.9273798333747 10.6 910.6 -590.0 0.0 910.6 -590.9273798333747 10.6 890.0 -610.6 0.0 890.0 -611.5273798333748 10.6 890.0 -600.0 0.0 890.0 -600.9273798333747 10.6 900.0 -590.0 0.0 900.0 -590.9273798333747 10.6 910.6 -590.0 0.0 910.6 -590.9273798333747 10.6 900.0 590.0 0.0 900.0 590.0 10.6 910.6 590.0 0.0 910.6 590.0 10.6 890.0 -600.0 0.0 890.0 -600.9273798333747 10.6 890.0 600.0 0.0 890.0 600.0 10.6 900.0 590.0 0.0 900.0 590.0 10.6 910.6 590.0 0.0 910.6 590.0 10.6 890.0 600.0 0.0 890.0 600.0 10.6 890.0 610.6 0.0 890.0 610.6 10.6 -850.0 -610.6 -10.6 -800.0 -610.6 -10.6 -750.0 -610.6 -10.6 -700.0 -610.6 -10.6 -650.0 -610.6 -10.6 -600.0 -610.6 -10.6 -550.0 -610.6 -10.6 -500.0 -610.6 -10.6 -450.0 -610.6 -10.6 -400.0 -610.6 -10.6 -350.0 -610.6 -10.6 -300.0 -610.6 -10.6 -250.0 -610.6 -10.6 -200.0000000000001 -610.6 -10.6 -150.0000000000001 -610.6 -10.6 -100.0 -610.6 -10.6 -50.0 -610.6 -10.6 0.0 -610.6 -10.6 50.0 -610.6 -10.6 100.0 -610.6 -10.6 149.99999999999977 -610.6 -10.6 200.0 -610.6 -10.6 250.0 -610.6 -10.6 300.0 -610.6 -10.6 350.0 -610.6 -10.6 400.0 -610.6 -10.6 450.0 -610.6 -10.6 499.9999999999998 -610.6 -10.6 549.9999999999998 -610.6 -10.6 599.9999999999998 -610.6 -10.6 650.0 -610.6 -10.6 700.0 -610.6 -10.6 750.0 -610.6 -10.6 800.0 -610.6 -10.6 850.0 -610.6 -10.6 -850.0 -600.0 -10.6 -800.0 -600.0 -10.6 -750.0 -600.0 -10.6 -700.0 -600.0 -10.6 -650.0 -600.0 -10.6 -600.0 -600.0 -10.6 -550.0 -600.0 -10.6 -500.0 -600.0 -10.6 -450.0 -600.0 -10.6 -400.0 -600.0 -10.6 -350.0 -600.0 -10.6 -300.0 -600.0 -10.6 -250.0 -600.0 -10.6 -200.0000000000001 -600.0 -10.6 -150.0000000000001 -600.0 -10.6 -100.0 -600.0 -10.6 -50.0 -600.0 -10.6 0.0 -600.0 -10.6 50.0 -600.0 -10.6 100.0 -600.0 -10.6 149.99999999999977 -600.0 -10.6 200.0 -600.0 -10.6 250.0 -600.0 -10.6 300.0 -600.0 -10.6 350.0 -600.0 -10.6 400.0 -600.0 -10.6 450.0 -600.0 -10.6 499.9999999999998 -600.0 -10.6 549.9999999999998 -600.0 -10.6 599.9999999999998 -600.0 -10.6 650.0 -600.0 -10.6 700.0 -600.0 -10.6 750.0 -600.0 -10.6 800.0 -600.0 -10.6 850.0 -600.0 -10.6 -850.0 600.0 -10.6 -800.0 600.0 -10.6 -750.0 600.0 -10.6 -700.0 600.0 -10.6 -650.0 600.0 -10.6 -600.0 600.0 -10.6 -550.0 600.0 -10.6 -500.0 600.0 -10.6 -450.0 600.0 -10.6 -400.0 600.0 -10.6 -350.0 600.0 -10.6 -300.0 600.0 -10.6 -250.0 600.0 -10.6 -200.0000000000001 600.0 -10.6 -150.0000000000001 600.0 -10.6 -100.0 600.0 -10.6 -50.0 600.0 -10.6 0.0 600.0 -10.6 50.0 600.0 -10.6 100.0 600.0 -10.6 149.99999999999977 600.0 -10.6 200.0 600.0 -10.6 250.0 600.0 -10.6 300.0 600.0 -10.6 350.0 600.0 -10.6 400.0 600.0 -10.6 450.0 600.0 -10.6 499.9999999999998 600.0 -10.6 549.9999999999998 600.0 -10.6 599.9999999999998 600.0 -10.6 650.0 600.0 -10.6 700.0 600.0 -10.6 750.0 600.0 -10.6 800.0 600.0 -10.6 850.0 600.0 -10.6 -850.0 610.6 -10.6 -800.0 610.6 -10.6 -750.0 610.6 -10.6 -700.0 610.6 -10.6 -650.0 610.6 -10.6 -600.0 610.6 -10.6 -550.0 610.6 -10.6 -500.0 610.6 -10.6 -450.0 610.6 -10.6 -400.0 610.6 -10.6 -350.0 610.6 -10.6 -300.0 610.6 -10.6 -250.0 610.6 -10.6 -200.0000000000001 610.6 -10.6 -150.0000000000001 610.6 -10.6 -100.0 610.6 -10.6 -50.0 610.6 -10.6 0.0 610.6 -10.6 50.0 610.6 -10.6 100.0 610.6 -10.6 149.99999999999977 610.6 -10.6 200.0 610.6 -10.6 250.0 610.6 -10.6 300.0 610.6 -10.6 350.0 610.6 -10.6 400.0 610.6 -10.6 450.0 610.6 -10.6 499.9999999999998 610.6 -10.6 549.9999999999998 610.6 -10.6 599.9999999999998 610.6 -10.6 650.0 610.6 -10.6 700.0 610.6 -10.6 750.0 610.6 -10.6 800.0 610.6 -10.6 850.0 610.6 -10.6 -910.6 -550.0 -10.6 -910.6 -500.0 -10.6 -910.6 -450.0 -10.6 -910.6 -400.0 -10.6 -910.6 -350.0 -10.6 -910.6 -300.0 -10.6 -910.6 -250.00000000000006 -10.6 -910.6 -200.0 -10.6 -910.6 -150.0 -10.6 -910.6 -100.00000000000006 -10.6 -910.6 -50.0 -10.6 -910.6 0.0 -10.6 -910.6 50.0 -10.6 -910.6 99.99999999999989 -10.6 -910.6 150.0 -10.6 -910.6 200.0 -10.6 -910.6 249.9999999999999 -10.6 -910.6 300.0 -10.6 -910.6 350.0 -10.6 -910.6 399.9999999999999 -10.6 -910.6 450.0 -10.6 -910.6 500.0 -10.6 -910.6 550.0 -10.6 -900.0 -550.0 -10.6 -900.0 -500.0 -10.6 -900.0 -450.0 -10.6 -900.0 -400.0 -10.6 -900.0 -350.0 -10.6 -900.0 -300.0 -10.6 -900.0 -250.00000000000006 -10.6 -900.0 -200.0 -10.6 -900.0 -150.0 -10.6 -900.0 -100.00000000000006 -10.6 -900.0 -50.0 -10.6 -900.0 0.0 -10.6 -900.0 50.0 -10.6 -900.0 99.99999999999989 -10.6 -900.0 150.0 -10.6 -900.0 200.0 -10.6 -900.0 249.9999999999999 -10.6 -900.0 300.0 -10.6 -900.0 350.0 -10.6 -900.0 399.9999999999999 -10.6 -900.0 450.0 -10.6 -900.0 500.0 -10.6 -900.0 550.0 -10.6 900.0 -550.0 -10.6 900.0 -500.0 -10.6 900.0 -450.0 -10.6 900.0 -400.0 -10.6 900.0 -350.0 -10.6 900.0 -300.0 -10.6 900.0 -250.00000000000006 -10.6 900.0 -200.0 -10.6 900.0 -150.0 -10.6 900.0 -100.00000000000006 -10.6 900.0 -50.0 -10.6 900.0 0.0 -10.6 900.0 50.0 -10.6 900.0 99.99999999999989 -10.6 900.0 150.0 -10.6 900.0 200.0 -10.6 900.0 249.9999999999999 -10.6 900.0 300.0 -10.6 900.0 350.0 -10.6 900.0 399.9999999999999 -10.6 900.0 450.0 -10.6 900.0 500.0 -10.6 900.0 550.0 -10.6 910.6 -550.0 -10.6 910.6 -500.0 -10.6 910.6 -450.0 -10.6 910.6 -400.0 -10.6 910.6 -350.0 -10.6 910.6 -300.0 -10.6 910.6 -250.00000000000006 -10.6 910.6 -200.0 -10.6 910.6 -150.0 -10.6 910.6 -100.00000000000006 -10.6 910.6 -50.0 -10.6 910.6 0.0 -10.6 910.6 50.0 -10.6 910.6 99.99999999999989 -10.6 910.6 150.0 -10.6 910.6 200.0 -10.6 910.6 249.9999999999999 -10.6 910.6 300.0 -10.6 910.6 350.0 -10.6 910.6 399.9999999999999 -10.6 910.6 450.0 -10.6 910.6 500.0 -10.6 910.6 550.0 -10.6 -900.0 -550.0 0.0 -900.0 -500.0 0.0 -900.0 -450.0 0.0 -900.0 -400.0 0.0 -900.0 -350.0 0.0 -900.0 -300.0 0.0 -900.0 -250.00000000000006 0.0 -900.0 -200.0 0.0 -900.0 -150.0 0.0 -900.0 -100.00000000000006 0.0 -900.0 -50.0 0.0 -900.0 0.0 0.0 -900.0 50.0 0.0 -900.0 99.99999999999989 0.0 -900.0 150.0 0.0 -900.0 200.0 0.0 -900.0 249.9999999999999 0.0 -900.0 300.0 0.0 -900.0 350.0 0.0 -900.0 399.9999999999999 0.0 -900.0 450.0 0.0 -900.0 500.0 0.0 -900.0 550.0 0.0 -910.6 -550.0 0.0 -910.6 -500.0 0.0 -910.6 -450.0 0.0 -910.6 -400.0 0.0 -910.6 -350.0 0.0 -910.6 -300.0 0.0 -910.6 -250.00000000000006 0.0 -910.6 -200.0 0.0 -910.6 -150.0 0.0 -910.6 -100.00000000000006 0.0 -910.6 -50.0 0.0 -910.6 0.0 0.0 -910.6 50.0 0.0 -910.6 99.99999999999989 0.0 -910.6 150.0 0.0 -910.6 200.0 0.0 -910.6 249.9999999999999 0.0 -910.6 300.0 0.0 -910.6 350.0 0.0 -910.6 399.9999999999999 0.0 -910.6 450.0 0.0 -910.6 500.0 0.0 -910.6 550.0 0.0 -850.0 -610.6 0.0 -800.0 -610.6 0.0 -750.0 -610.6 0.0 -700.0 -610.6 0.0 -650.0 -610.6 0.0 -600.0 -610.6 0.0 -550.0 -610.6 0.0 -500.0 -610.6 0.0 -450.0 -610.6 0.0 -400.0 -610.6 0.0 -350.0 -610.6 0.0 -300.0 -610.6 0.0 -250.0 -610.6 0.0 -200.0000000000001 -610.6 0.0 -150.0000000000001 -610.6 0.0 -100.0 -610.6 0.0 -50.0 -610.6 0.0 0.0 -610.6 0.0 50.0 -610.6 0.0 100.0 -610.6 0.0 149.99999999999977 -610.6 0.0 200.0 -610.6 0.0 250.0 -610.6 0.0 300.0 -610.6 0.0 350.0 -610.6 0.0 400.0 -610.6 0.0 450.0 -610.6 0.0 499.9999999999998 -610.6 0.0 549.9999999999998 -610.6 0.0 599.9999999999998 -610.6 0.0 650.0 -610.6 0.0 700.0 -610.6 0.0 750.0 -610.6 0.0 800.0 -610.6 0.0 850.0 -610.6 0.0 -850.0 -600.0 0.0 -800.0 -600.0 0.0 -750.0 -600.0 0.0 -700.0 -600.0 0.0 -650.0 -600.0 0.0 -600.0 -600.0 0.0 -550.0 -600.0 0.0 -500.0 -600.0 0.0 -450.0 -600.0 0.0 -400.0 -600.0 0.0 -350.0 -600.0 0.0 -300.0 -600.0 0.0 -250.0 -600.0 0.0 -200.0000000000001 -600.0 0.0 -150.0000000000001 -600.0 0.0 -100.0 -600.0 0.0 -50.0 -600.0 0.0 0.0 -600.0 0.0 50.0 -600.0 0.0 100.0 -600.0 0.0 149.99999999999977 -600.0 0.0 200.0 -600.0 0.0 250.0 -600.0 0.0 300.0 -600.0 0.0 350.0 -600.0 0.0 400.0 -600.0 0.0 450.0 -600.0 0.0 499.9999999999998 -600.0 0.0 549.9999999999998 -600.0 0.0 599.9999999999998 -600.0 0.0 650.0 -600.0 0.0 700.0 -600.0 0.0 750.0 -600.0 0.0 800.0 -600.0 0.0 850.0 -600.0 0.0 900.0 -550.0 0.0 900.0 -500.0 0.0 900.0 -450.0 0.0 900.0 -400.0 0.0 900.0 -350.0 0.0 900.0 -300.0 0.0 900.0 -250.00000000000006 0.0 900.0 -200.0 0.0 900.0 -150.0 0.0 900.0 -100.00000000000006 0.0 900.0 -50.0 0.0 900.0 0.0 0.0 900.0 50.0 0.0 900.0 99.99999999999989 0.0 900.0 150.0 0.0 900.0 200.0 0.0 900.0 249.9999999999999 0.0 900.0 300.0 0.0 900.0 350.0 0.0 900.0 399.9999999999999 0.0 900.0 450.0 0.0 900.0 500.0 0.0 900.0 550.0 0.0 -850.0 600.0 0.0 -800.0 600.0 0.0 -750.0 600.0 0.0 -700.0 600.0 0.0 -650.0 600.0 0.0 -600.0 600.0 0.0 -550.0 600.0 0.0 -500.0 600.0 0.0 -450.0 600.0 0.0 -400.0 600.0 0.0 -350.0 600.0 0.0 -300.0 600.0 0.0 -250.0 600.0 0.0 -200.0000000000001 600.0 0.0 -150.0000000000001 600.0 0.0 -100.0 600.0 0.0 -50.0 600.0 0.0 0.0 600.0 0.0 50.0 600.0 0.0 100.0 600.0 0.0 149.99999999999977 600.0 0.0 200.0 600.0 0.0 250.0 600.0 0.0 300.0 600.0 0.0 350.0 600.0 0.0 400.0 600.0 0.0 450.0 600.0 0.0 499.9999999999998 600.0 0.0 549.9999999999998 600.0 0.0 599.9999999999998 600.0 0.0 650.0 600.0 0.0 700.0 600.0 0.0 750.0 600.0 0.0 800.0 600.0 0.0 850.0 600.0 0.0 -850.0 610.6 0.0 -800.0 610.6 0.0 -750.0 610.6 0.0 -700.0 610.6 0.0 -650.0 610.6 0.0 -600.0 610.6 0.0 -550.0 610.6 0.0 -500.0 610.6 0.0 -450.0 610.6 0.0 -400.0 610.6 0.0 -350.0 610.6 0.0 -300.0 610.6 0.0 -250.0 610.6 0.0 -200.0000000000001 610.6 0.0 -150.0000000000001 610.6 0.0 -100.0 610.6 0.0 -50.0 610.6 0.0 0.0 610.6 0.0 50.0 610.6 0.0 100.0 610.6 0.0 149.99999999999977 610.6 0.0 200.0 610.6 0.0 250.0 610.6 0.0 300.0 610.6 0.0 350.0 610.6 0.0 400.0 610.6 0.0 450.0 610.6 0.0 499.9999999999998 610.6 0.0 549.9999999999998 610.6 0.0 599.9999999999998 610.6 0.0 650.0 610.6 0.0 700.0 610.6 0.0 750.0 610.6 0.0 800.0 610.6 0.0 850.0 610.6 0.0 910.6 -550.0 0.0 910.6 -500.0 0.0 910.6 -450.0 0.0 910.6 -400.0 0.0 910.6 -350.0 0.0 910.6 -300.0 0.0 910.6 -250.00000000000006 0.0 910.6 -200.0 0.0 910.6 -150.0 0.0 910.6 -100.00000000000006 0.0 910.6 -50.0 0.0 910.6 0.0 0.0 910.6 50.0 0.0 910.6 99.99999999999989 0.0 910.6 150.0 0.0 910.6 200.0 0.0 910.6 249.9999999999999 0.0 910.6 300.0 0.0 910.6 350.0 0.0 910.6 399.9999999999999 0.0 910.6 450.0 0.0 910.6 500.0 0.0 910.6 550.0 0.0 -900.9273798333747 -550.9273798333747 10.6 -900.9273798333747 -500.9273798333748 10.6 -900.9273798333747 -450.9273798333748 10.6 -900.9273798333747 -400.9273798333748 10.6 -900.9273798333747 -350.9273798333748 10.6 -900.9273798333747 -300.9273798333748 10.6 -900.9273798333747 -250.92737983337486 10.6 -900.9273798333747 -200.9273798333748 10.6 -900.9273798333747 -150.9273798333748 10.6 -900.9273798333747 -100.92737983337486 10.6 -900.9273798333747 -50.92737983337479 10.6 -900.9273798333747 -0.9273798333747945 10.6 -900.9273798333747 50.0 10.6 -900.9273798333747 99.99999999999989 10.6 -900.9273798333747 150.0 10.6 -900.9273798333747 200.0 10.6 -900.9273798333747 249.9999999999999 10.6 -900.9273798333747 300.0 10.6 -900.9273798333747 350.0 10.6 -900.9273798333747 399.9999999999999 10.6 -900.9273798333747 450.0 10.6 -900.9273798333747 500.0 10.6 -900.9273798333747 550.0 10.6 -911.5273798333748 -550.9273798333747 10.6 -911.5273798333748 -500.9273798333748 10.6 -911.5273798333748 -450.9273798333748 10.6 -911.5273798333748 -400.9273798333748 10.6 -911.5273798333748 -350.9273798333748 10.6 -911.5273798333748 -300.9273798333748 10.6 -911.5273798333748 -250.92737983337486 10.6 -911.5273798333748 -200.9273798333748 10.6 -911.5273798333748 -150.9273798333748 10.6 -911.5273798333748 -100.92737983337486 10.6 -911.5273798333748 -50.92737983337479 10.6 -911.5273798333748 -0.9273798333747945 10.6 -911.5273798333748 50.0 10.6 -911.5273798333748 99.99999999999989 10.6 -911.5273798333748 150.0 10.6 -911.5273798333748 200.0 10.6 -911.5273798333748 249.9999999999999 10.6 -911.5273798333748 300.0 10.6 -911.5273798333748 350.0 10.6 -911.5273798333748 399.9999999999999 10.6 -911.5273798333748 450.0 10.6 -911.5273798333748 500.0 10.6 -911.5273798333748 550.0 10.6 -850.9273798333747 -611.5273798333748 10.6 -800.9273798333747 -611.5273798333748 10.6 -750.9273798333747 -611.5273798333748 10.6 -700.9273798333747 -611.5273798333748 10.6 -650.9273798333747 -611.5273798333748 10.6 -600.9273798333747 -611.5273798333748 10.6 -550.9273798333747 -611.5273798333748 10.6 -500.9273798333748 -611.5273798333748 10.6 -450.9273798333748 -611.5273798333748 10.6 -400.9273798333748 -611.5273798333748 10.6 -350.9273798333748 -611.5273798333748 10.6 -300.9273798333748 -611.5273798333748 10.6 -250.9273798333748 -611.5273798333748 10.6 -200.9273798333749 -611.5273798333748 10.6 -150.9273798333749 -611.5273798333748 10.6 -100.9273798333748 -611.5273798333748 10.6 -50.92737983337479 -611.5273798333748 10.6 -0.9273798333747945 -611.5273798333748 10.6 50.0 -611.5273798333748 10.6 100.0 -611.5273798333748 10.6 149.99999999999977 -611.5273798333748 10.6 200.0 -611.5273798333748 10.6 250.0 -611.5273798333748 10.6 300.0 -611.5273798333748 10.6 350.0 -611.5273798333748 10.6 400.0 -611.5273798333748 10.6 450.0 -611.5273798333748 10.6 499.9999999999998 -611.5273798333748 10.6 549.9999999999998 -611.5273798333748 10.6 599.9999999999998 -611.5273798333748 10.6 650.0 -611.5273798333748 10.6 700.0 -611.5273798333748 10.6 750.0 -611.5273798333748 10.6 800.0 -611.5273798333748 10.6 850.0 -611.5273798333748 10.6 -850.9273798333747 -600.9273798333747 10.6 -800.9273798333747 -600.9273798333747 10.6 -750.9273798333747 -600.9273798333747 10.6 -700.9273798333747 -600.9273798333747 10.6 -650.9273798333747 -600.9273798333747 10.6 -600.9273798333747 -600.9273798333747 10.6 -550.9273798333747 -600.9273798333747 10.6 -500.9273798333748 -600.9273798333747 10.6 -450.9273798333748 -600.9273798333747 10.6 -400.9273798333748 -600.9273798333747 10.6 -350.9273798333748 -600.9273798333747 10.6 -300.9273798333748 -600.9273798333747 10.6 -250.9273798333748 -600.9273798333747 10.6 -200.9273798333749 -600.9273798333747 10.6 -150.9273798333749 -600.9273798333747 10.6 -100.9273798333748 -600.9273798333747 10.6 -50.92737983337479 -600.9273798333747 10.6 -0.9273798333747945 -600.9273798333747 10.6 50.0 -600.9273798333747 10.6 100.0 -600.9273798333747 10.6 149.99999999999977 -600.9273798333747 10.6 200.0 -600.9273798333747 10.6 250.0 -600.9273798333747 10.6 300.0 -600.9273798333747 10.6 350.0 -600.9273798333747 10.6 400.0 -600.9273798333747 10.6 450.0 -600.9273798333747 10.6 499.9999999999998 -600.9273798333747 10.6 549.9999999999998 -600.9273798333747 10.6 599.9999999999998 -600.9273798333747 10.6 650.0 -600.9273798333747 10.6 700.0 -600.9273798333747 10.6 750.0 -600.9273798333747 10.6 800.0 -600.9273798333747 10.6 850.0 -600.9273798333747 10.6 -850.9273798333747 600.0 10.6 -800.9273798333747 600.0 10.6 -750.9273798333747 600.0 10.6 -700.9273798333747 600.0 10.6 -650.9273798333747 600.0 10.6 -600.9273798333747 600.0 10.6 -550.9273798333747 600.0 10.6 -500.9273798333748 600.0 10.6 -450.9273798333748 600.0 10.6 -400.9273798333748 600.0 10.6 -350.9273798333748 600.0 10.6 -300.9273798333748 600.0 10.6 -250.9273798333748 600.0 10.6 -200.9273798333749 600.0 10.6 -150.9273798333749 600.0 10.6 -100.9273798333748 600.0 10.6 -50.92737983337479 600.0 10.6 -0.9273798333747945 600.0 10.6 50.0 600.0 10.6 100.0 600.0 10.6 149.99999999999977 600.0 10.6 200.0 600.0 10.6 250.0 600.0 10.6 300.0 600.0 10.6 350.0 600.0 10.6 400.0 600.0 10.6 450.0 600.0 10.6 499.9999999999998 600.0 10.6 549.9999999999998 600.0 10.6 599.9999999999998 600.0 10.6 650.0 600.0 10.6 700.0 600.0 10.6 750.0 600.0 10.6 800.0 600.0 10.6 850.0 600.0 10.6 -850.9273798333747 610.6 10.6 -800.9273798333747 610.6 10.6 -750.9273798333747 610.6 10.6 -700.9273798333747 610.6 10.6 -650.9273798333747 610.6 10.6 -600.9273798333747 610.6 10.6 -550.9273798333747 610.6 10.6 -500.9273798333748 610.6 10.6 -450.9273798333748 610.6 10.6 -400.9273798333748 610.6 10.6 -350.9273798333748 610.6 10.6 -300.9273798333748 610.6 10.6 -250.9273798333748 610.6 10.6 -200.9273798333749 610.6 10.6 -150.9273798333749 610.6 10.6 -100.9273798333748 610.6 10.6 -50.92737983337479 610.6 10.6 -0.9273798333747945 610.6 10.6 50.0 610.6 10.6 100.0 610.6 10.6 149.99999999999977 610.6 10.6 200.0 610.6 10.6 250.0 610.6 10.6 300.0 610.6 10.6 350.0 610.6 10.6 400.0 610.6 10.6 450.0 610.6 10.6 499.9999999999998 610.6 10.6 549.9999999999998 610.6 10.6 599.9999999999998 610.6 10.6 650.0 610.6 10.6 700.0 610.6 10.6 750.0 610.6 10.6 800.0 610.6 10.6 850.0 610.6 10.6 910.6 -550.9273798333747 10.6 910.6 -500.9273798333748 10.6 910.6 -450.9273798333748 10.6 910.6 -400.9273798333748 10.6 910.6 -350.9273798333748 10.6 910.6 -300.9273798333748 10.6 910.6 -250.92737983337486 10.6 910.6 -200.9273798333748 10.6 910.6 -150.9273798333748 10.6 910.6 -100.92737983337486 10.6 910.6 -50.92737983337479 10.6 910.6 -0.9273798333747945 10.6 910.6 50.0 10.6 910.6 99.99999999999989 10.6 910.6 150.0 10.6 910.6 200.0 10.6 910.6 249.9999999999999 10.6 910.6 300.0 10.6 910.6 350.0 10.6 910.6 399.9999999999999 10.6 910.6 450.0 10.6 910.6 500.0 10.6 910.6 550.0 10.6 900.0 -550.9273798333747 10.6 900.0 -500.9273798333748 10.6 900.0 -450.9273798333748 10.6 900.0 -400.9273798333748 10.6 900.0 -350.9273798333748 10.6 900.0 -300.9273798333748 10.6 900.0 -250.92737983337486 10.6 900.0 -200.9273798333748 10.6 900.0 -150.9273798333748 10.6 900.0 -100.92737983337486 10.6 900.0 -50.92737983337479 10.6 900.0 -0.9273798333747945 10.6 900.0 50.0 10.6 900.0 99.99999999999989 10.6 900.0 150.0 10.6 900.0 200.0 10.6 900.0 249.9999999999999 10.6 900.0 300.0 10.6 900.0 350.0 10.6 900.0 399.9999999999999 10.6 900.0 450.0 10.6 900.0 500.0 10.6 900.0 550.0 10.6 -890.0 -550.0 0.0 -890.0 -500.0 0.0 -890.0 -450.0 0.0 -890.0 -400.0 0.0 -890.0 -350.0 0.0 -890.0 -300.0 0.0 -890.0 -250.00000000000006 0.0 -890.0 -200.0 0.0 -890.0 -150.0 0.0 -890.0 -100.00000000000006 0.0 -890.0 -50.0 0.0 -890.0 0.0 0.0 -890.0 50.0 0.0 -890.0 99.99999999999989 0.0 -890.0 150.0 0.0 -890.0 200.0 0.0 -890.0 249.9999999999999 0.0 -890.0 300.0 0.0 -890.0 350.0 0.0 -890.0 399.9999999999999 0.0 -890.0 450.0 0.0 -890.0 500.0 0.0 -890.0 550.0 0.0 -890.9273798333747 -550.9273798333747 10.6 -890.9273798333747 -500.9273798333748 10.6 -890.9273798333747 -450.9273798333748 10.6 -890.9273798333747 -400.9273798333748 10.6 -890.9273798333747 -350.9273798333748 10.6 -890.9273798333747 -300.9273798333748 10.6 -890.9273798333747 -250.92737983337486 10.6 -890.9273798333747 -200.9273798333748 10.6 -890.9273798333747 -150.9273798333748 10.6 -890.9273798333747 -100.92737983337486 10.6 -890.9273798333747 -50.92737983337479 10.6 -890.9273798333747 -0.9273798333747945 10.6 -890.9273798333747 50.0 10.6 -890.9273798333747 99.99999999999989 10.6 -890.9273798333747 150.0 10.6 -890.9273798333747 200.0 10.6 -890.9273798333747 249.9999999999999 10.6 -890.9273798333747 300.0 10.6 -890.9273798333747 350.0 10.6 -890.9273798333747 399.9999999999999 10.6 -890.9273798333747 450.0 10.6 -890.9273798333747 500.0 10.6 -890.9273798333747 550.0 10.6 -850.0 -590.0 0.0 -800.0 -590.0 0.0 -750.0 -590.0 0.0 -700.0 -590.0 0.0 -650.0 -590.0 0.0 -600.0 -590.0 0.0 -550.0 -590.0 0.0 -500.0 -590.0 0.0 -450.0 -590.0 0.0 -400.0 -590.0 0.0 -350.0 -590.0 0.0 -300.0 -590.0 0.0 -250.0 -590.0 0.0 -200.0000000000001 -590.0 0.0 -150.0000000000001 -590.0 0.0 -100.0 -590.0 0.0 -50.0 -590.0 0.0 0.0 -590.0 0.0 50.0 -590.0 0.0 100.0 -590.0 0.0 149.99999999999977 -590.0 0.0 200.0 -590.0 0.0 250.0 -590.0 0.0 300.0 -590.0 0.0 350.0 -590.0 0.0 400.0 -590.0 0.0 450.0 -590.0 0.0 499.9999999999998 -590.0 0.0 549.9999999999998 -590.0 0.0 599.9999999999998 -590.0 0.0 650.0 -590.0 0.0 700.0 -590.0 0.0 750.0 -590.0 0.0 800.0 -590.0 0.0 850.0 -590.0 0.0 -850.9273798333747 -590.9273798333747 10.6 -800.9273798333747 -590.9273798333747 10.6 -750.9273798333747 -590.9273798333747 10.6 -700.9273798333747 -590.9273798333747 10.6 -650.9273798333747 -590.9273798333747 10.6 -600.9273798333747 -590.9273798333747 10.6 -550.9273798333747 -590.9273798333747 10.6 -500.9273798333748 -590.9273798333747 10.6 -450.9273798333748 -590.9273798333747 10.6 -400.9273798333748 -590.9273798333747 10.6 -350.9273798333748 -590.9273798333747 10.6 -300.9273798333748 -590.9273798333747 10.6 -250.9273798333748 -590.9273798333747 10.6 -200.9273798333749 -590.9273798333747 10.6 -150.9273798333749 -590.9273798333747 10.6 -100.9273798333748 -590.9273798333747 10.6 -50.92737983337479 -590.9273798333747 10.6 -0.9273798333747945 -590.9273798333747 10.6 50.0 -590.9273798333747 10.6 100.0 -590.9273798333747 10.6 149.99999999999977 -590.9273798333747 10.6 200.0 -590.9273798333747 10.6 250.0 -590.9273798333747 10.6 300.0 -590.9273798333747 10.6 350.0 -590.9273798333747 10.6 400.0 -590.9273798333747 10.6 450.0 -590.9273798333747 10.6 499.9999999999998 -590.9273798333747 10.6 549.9999999999998 -590.9273798333747 10.6 599.9999999999998 -590.9273798333747 10.6 650.0 -590.9273798333747 10.6 700.0 -590.9273798333747 10.6 750.0 -590.9273798333747 10.6 800.0 -590.9273798333747 10.6 850.0 -590.9273798333747 10.6 -850.0 590.0 0.0 -800.0 590.0 0.0 -750.0 590.0 0.0 -700.0 590.0 0.0 -650.0 590.0 0.0 -600.0 590.0 0.0 -550.0 590.0 0.0 -500.0 590.0 0.0 -450.0 590.0 0.0 -400.0 590.0 0.0 -350.0 590.0 0.0 -300.0 590.0 0.0 -250.0 590.0 0.0 -200.0000000000001 590.0 0.0 -150.0000000000001 590.0 0.0 -100.0 590.0 0.0 -50.0 590.0 0.0 0.0 590.0 0.0 50.0 590.0 0.0 100.0 590.0 0.0 149.99999999999977 590.0 0.0 200.0 590.0 0.0 250.0 590.0 0.0 300.0 590.0 0.0 350.0 590.0 0.0 400.0 590.0 0.0 450.0 590.0 0.0 499.9999999999998 590.0 0.0 549.9999999999998 590.0 0.0 599.9999999999998 590.0 0.0 650.0 590.0 0.0 700.0 590.0 0.0 750.0 590.0 0.0 800.0 590.0 0.0 850.0 590.0 0.0 -850.9273798333747 590.0 10.6 -800.9273798333747 590.0 10.6 -750.9273798333747 590.0 10.6 -700.9273798333747 590.0 10.6 -650.9273798333747 590.0 10.6 -600.9273798333747 590.0 10.6 -550.9273798333747 590.0 10.6 -500.9273798333748 590.0 10.6 -450.9273798333748 590.0 10.6 -400.9273798333748 590.0 10.6 -350.9273798333748 590.0 10.6 -300.9273798333748 590.0 10.6 -250.9273798333748 590.0 10.6 -200.9273798333749 590.0 10.6 -150.9273798333749 590.0 10.6 -100.9273798333748 590.0 10.6 -50.92737983337479 590.0 10.6 -0.9273798333747945 590.0 10.6 50.0 590.0 10.6 100.0 590.0 10.6 149.99999999999977 590.0 10.6 200.0 590.0 10.6 250.0 590.0 10.6 300.0 590.0 10.6 350.0 590.0 10.6 400.0 590.0 10.6 450.0 590.0 10.6 499.9999999999998 590.0 10.6 549.9999999999998 590.0 10.6 599.9999999999998 590.0 10.6 650.0 590.0 10.6 700.0 590.0 10.6 750.0 590.0 10.6 800.0 590.0 10.6 850.0 590.0 10.6 890.0 -550.0 0.0 890.0 -500.0 0.0 890.0 -450.0 0.0 890.0 -400.0 0.0 890.0 -350.0 0.0 890.0 -300.0 0.0 890.0 -250.00000000000006 0.0 890.0 -200.0 0.0 890.0 -150.0 0.0 890.0 -100.00000000000006 0.0 890.0 -50.0 0.0 890.0 0.0 0.0 890.0 50.0 0.0 890.0 99.99999999999989 0.0 890.0 150.0 0.0 890.0 200.0 0.0 890.0 249.9999999999999 0.0 890.0 300.0 0.0 890.0 350.0 0.0 890.0 399.9999999999999 0.0 890.0 450.0 0.0 890.0 500.0 0.0 890.0 550.0 0.0 890.0 -550.9273798333747 10.6 890.0 -500.9273798333748 10.6 890.0 -450.9273798333748 10.6 890.0 -400.9273798333748 10.6 890.0 -350.9273798333748 10.6 890.0 -300.9273798333748 10.6 890.0 -250.92737983337486 10.6 890.0 -200.9273798333748 10.6 890.0 -150.9273798333748 10.6 890.0 -100.92737983337486 10.6 890.0 -50.92737983337479 10.6 890.0 -0.9273798333747945 10.6 890.0 50.0 10.6 890.0 99.99999999999989 10.6 890.0 150.0 10.6 890.0 200.0 10.6 890.0 249.9999999999999 10.6 890.0 300.0 10.6 890.0 350.0 10.6 890.0 399.9999999999999 10.6 890.0 450.0 10.6 890.0 500.0 10.6 890.0 550.0 10.6 -850.0000000000001 -550.0 -10.6 -849.9999999999999 -500.0 -10.6 -850.0 -450.00000000000006 -10.6 -850.0000000000001 -399.99999999999994 -10.6 -849.9999999999998 -350.0 -10.6 -850.0 -300.0 -10.6 -850.0 -249.99999999999994 -10.6 -850.0 -199.99999999999991 -10.6 -850.0 -150.0 -10.6 -850.0 -100.00000000000009 -10.6 -850.0 -50.0 -10.6 -850.0 0.0 -10.6 -850.0 50.00000000000006 -10.6 -850.0 99.99999999999989 -10.6 -850.0 150.00000000000003 -10.6 -850.0 200.0 -10.6 -850.0 249.99999999999986 -10.6 -850.0 300.0 -10.6 -849.9999999999999 350.00000000000006 -10.6 -850.0 399.9999999999999 -10.6 -850.0 450.00000000000006 -10.6 -850.0 500.00000000000006 -10.6 -850.0 549.9999999999999 -10.6 -800.0000000000001 -550.0 -10.6 -800.0 -500.00000000000006 -10.6 -800.0 -449.99999999999994 -10.6 -800.0 -400.0 -10.6 -800.0 -350.0 -10.6 -800.0000000000001 -300.0 -10.6 -800.0 -249.99999999999997 -10.6 -800.0 -199.99999999999994 -10.6 -800.0 -149.99999999999997 -10.6 -800.0 -100.00000000000009 -10.6 -800.0 -50.0 -10.6 -800.0 0.0 -10.6 -800.0 50.0 -10.6 -800.0 99.99999999999991 -10.6 -800.0 149.99999999999994 -10.6 -800.0 200.00000000000006 -10.6 -800.0 249.99999999999983 -10.6 -800.0000000000001 300.00000000000006 -10.6 -800.0 350.00000000000006 -10.6 -800.0 399.9999999999999 -10.6 -800.0 450.0 -10.6 -800.0 500.0 -10.6 -800.0000000000001 550.0 -10.6 -750.0 -550.0 -10.6 -750.0000000000001 -499.99999999999994 -10.6 -750.0000000000001 -450.0000000000001 -10.6 -750.0 -400.0 -10.6 -750.0 -350.00000000000006 -10.6 -750.0 -300.0 -10.6 -750.0 -249.9999999999999 -10.6 -750.0 -200.0 -10.6 -750.0 -150.0 -10.6 -750.0 -100.00000000000006 -10.6 -750.0 -50.00000000000006 -10.6 -750.0 0.0 -10.6 -750.0 50.00000000000006 -10.6 -750.0000000000001 99.99999999999989 -10.6 -750.0 150.0 -10.6 -750.0 200.0 -10.6 -750.0 249.9999999999999 -10.6 -750.0 300.0 -10.6 -750.0 350.00000000000006 -10.6 -749.9999999999999 399.9999999999999 -10.6 -750.0000000000001 450.00000000000006 -10.6 -750.0000000000001 500.00000000000006 -10.6 -750.0 549.9999999999999 -10.6 -700.0000000000002 -550.0 -10.6 -699.9999999999999 -500.0 -10.6 -700.0000000000001 -450.0 -10.6 -700.0000000000002 -400.0 -10.6 -699.9999999999999 -350.00000000000006 -10.6 -700.0 -300.0 -10.6 -700.0000000000001 -249.99999999999997 -10.6 -700.0 -199.99999999999994 -10.6 -700.0 -149.99999999999994 -10.6 -700.0000000000001 -100.00000000000003 -10.6 -700.0 -50.00000000000003 -10.6 -700.0 0.0 -10.6 -700.0 50.00000000000003 -10.6 -700.0000000000001 99.99999999999989 -10.6 -700.0 149.99999999999994 -10.6 -700.0 200.00000000000006 -10.6 -700.0 249.9999999999999 -10.6 -700.0 300.0 -10.6 -700.0 350.00000000000006 -10.6 -700.0000000000001 399.9999999999999 -10.6 -700.0000000000001 450.0 -10.6 -700.0 500.00000000000006 -10.6 -700.0 550.0 -10.6 -650.0 -550.0 -10.6 -650.0 -500.0 -10.6 -649.9999999999999 -450.0 -10.6 -650.0 -400.0 -10.6 -650.0 -350.0 -10.6 -650.0 -300.0 -10.6 -650.0 -249.99999999999997 -10.6 -650.0000000000002 -199.99999999999994 -10.6 -650.0 -150.00000000000006 -10.6 -650.0 -100.00000000000003 -10.6 -650.0 -49.99999999999997 -10.6 -650.0 0.0 -10.6 -650.0 50.000000000000085 -10.6 -650.0 99.99999999999986 -10.6 -650.0 150.00000000000006 -10.6 -650.0 200.00000000000003 -10.6 -649.9999999999999 249.99999999999983 -10.6 -650.0 300.0 -10.6 -649.9999999999999 350.0 -10.6 -650.0 399.99999999999983 -10.6 -649.9999999999999 450.0 -10.6 -650.0 500.0 -10.6 -650.0 550.0 -10.6 -600.0 -550.0 -10.6 -600.0 -500.00000000000006 -10.6 -599.9999999999999 -450.0 -10.6 -599.9999999999999 -399.9999999999999 -10.6 -600.0 -350.0 -10.6 -600.0 -300.0 -10.6 -600.0 -250.0 -10.6 -599.9999999999999 -199.9999999999999 -10.6 -600.0 -150.0 -10.6 -600.0 -100.00000000000003 -10.6 -600.0 -49.99999999999997 -10.6 -600.0 0.0 -10.6 -600.0 50.00000000000003 -10.6 -600.0 99.99999999999989 -10.6 -600.0 150.0 -10.6 -600.0 200.00000000000003 -10.6 -599.9999999999999 249.99999999999983 -10.6 -600.0 300.0 -10.6 -599.9999999999999 350.00000000000006 -10.6 -600.0 399.9999999999999 -10.6 -599.9999999999999 449.99999999999994 -10.6 -600.0 500.00000000000006 -10.6 -600.0 550.0 -10.6 -550.0000000000001 -549.9999999999999 -10.6 -549.9999999999997 -499.99999999999994 -10.6 -550.0 -450.0 -10.6 -550.0 -399.99999999999994 -10.6 -549.9999999999999 -350.0 -10.6 -549.9999999999999 -300.0 -10.6 -550.0 -250.0 -10.6 -550.0 -200.0 -10.6 -550.0 -150.00000000000003 -10.6 -550.0 -100.00000000000006 -10.6 -549.9999999999999 -50.0 -10.6 -550.0 -2.842170943040401e-14 -10.6 -550.0 50.0 -10.6 -550.0 99.9999999999998 -10.6 -550.0 150.00000000000006 -10.6 -550.0 200.00000000000006 -10.6 -550.0 249.9999999999998 -10.6 -549.9999999999999 299.99999999999994 -10.6 -550.0 350.0 -10.6 -550.0 399.99999999999983 -10.6 -550.0 450.0 -10.6 -549.9999999999999 500.00000000000006 -10.6 -550.0 549.9999999999999 -10.6 -500.0 -549.9999999999999 -10.6 -499.99999999999994 -500.0 -10.6 -500.0 -450.0 -10.6 -500.0 -400.00000000000006 -10.6 -499.9999999999999 -350.00000000000006 -10.6 -500.0 -300.0 -10.6 -500.0 -249.99999999999994 -10.6 -499.99999999999994 -199.99999999999994 -10.6 -500.0 -150.0 -10.6 -499.9999999999999 -100.00000000000006 -10.6 -500.0 -50.00000000000003 -10.6 -500.0 0.0 -10.6 -500.0 50.0 -10.6 -500.0 99.99999999999989 -10.6 -500.0 149.99999999999997 -10.6 -500.0 200.00000000000006 -10.6 -500.0 249.99999999999983 -10.6 -500.0 300.0 -10.6 -500.0 350.0000000000001 -10.6 -499.9999999999999 399.9999999999999 -10.6 -500.0 450.0 -10.6 -500.0 500.0 -10.6 -500.0 549.9999999999999 -10.6 -450.0 -550.0 -10.6 -450.0 -500.0 -10.6 -450.0 -450.0 -10.6 -450.0 -400.0 -10.6 -450.0 -350.0 -10.6 -450.0 -300.0 -10.6 -450.0 -249.99999999999997 -10.6 -450.0 -200.0 -10.6 -450.0 -150.0 -10.6 -450.0 -100.00000000000009 -10.6 -449.99999999999994 -50.0 -10.6 -450.0 0.0 -10.6 -450.0 50.0 -10.6 -450.0 99.99999999999989 -10.6 -450.0 150.0 -10.6 -450.0 200.0 -10.6 -449.9999999999999 249.99999999999983 -10.6 -450.0 300.0 -10.6 -450.0 350.0 -10.6 -449.99999999999994 399.99999999999983 -10.6 -450.0 450.0 -10.6 -450.0 500.0 -10.6 -450.0 550.0 -10.6 -400.0000000000001 -550.0 -10.6 -400.00000000000006 -500.0 -10.6 -400.0 -450.0 -10.6 -400.0000000000001 -399.99999999999994 -10.6 -400.0000000000001 -350.00000000000006 -10.6 -400.00000000000006 -300.0 -10.6 -400.0 -249.99999999999994 -10.6 -400.0 -199.99999999999991 -10.6 -400.0 -150.0 -10.6 -400.0 -100.0 -10.6 -400.0 -50.0 -10.6 -400.0 0.0 -10.6 -400.0 50.00000000000003 -10.6 -400.0 99.99999999999986 -10.6 -400.0 150.00000000000003 -10.6 -400.0 200.00000000000006 -10.6 -400.00000000000006 249.9999999999999 -10.6 -400.00000000000006 300.0 -10.6 -400.00000000000006 350.0000000000001 -10.6 -400.0 399.9999999999999 -10.6 -400.0 450.0 -10.6 -400.0000000000001 500.00000000000006 -10.6 -400.00000000000006 550.0 -10.6 -350.00000000000006 -549.9999999999999 -10.6 -350.0 -500.00000000000006 -10.6 -350.00000000000006 -450.0 -10.6 -350.0000000000001 -400.0 -10.6 -350.0 -350.0 -10.6 -350.0000000000001 -300.0 -10.6 -350.00000000000006 -250.0 -10.6 -350.0 -199.99999999999997 -10.6 -350.00000000000006 -149.99999999999997 -10.6 -350.0 -100.00000000000009 -10.6 -350.00000000000006 -50.0 -10.6 -350.0 0.0 -10.6 -350.0000000000001 50.00000000000003 -10.6 -350.0 99.99999999999986 -10.6 -350.00000000000006 149.99999999999994 -10.6 -350.0 200.00000000000003 -10.6 -350.00000000000006 249.99999999999986 -10.6 -350.0000000000001 300.00000000000006 -10.6 -350.0 350.0 -10.6 -350.0000000000001 399.99999999999983 -10.6 -350.00000000000006 450.0 -10.6 -350.00000000000006 500.0 -10.6 -350.0 549.9999999999999 -10.6 -300.0000000000001 -550.0 -10.6 -300.0000000000001 -499.99999999999994 -10.6 -300.00000000000006 -450.0 -10.6 -300.0 -399.9999999999999 -10.6 -300.0 -350.00000000000006 -10.6 -300.0000000000001 -300.0 -10.6 -300.0 -250.0 -10.6 -300.00000000000006 -199.99999999999986 -10.6 -300.0 -149.99999999999994 -10.6 -300.00000000000006 -100.00000000000003 -10.6 -300.0 -49.99999999999994 -10.6 -300.0 -2.842170943040401e-14 -10.6 -300.0 50.000000000000085 -10.6 -300.0 99.99999999999983 -10.6 -300.0 149.99999999999994 -10.6 -300.0000000000001 200.00000000000006 -10.6 -300.00000000000006 249.99999999999986 -10.6 -300.0000000000001 300.0 -10.6 -300.0 350.0 -10.6 -300.00000000000006 399.99999999999983 -10.6 -300.00000000000006 450.0 -10.6 -300.0000000000001 500.0 -10.6 -300.0000000000001 550.0 -10.6 -250.00000000000006 -550.0 -10.6 -250.0 -500.0000000000001 -10.6 -250.0000000000001 -450.0 -10.6 -250.0 -399.99999999999994 -10.6 -249.99999999999994 -350.0000000000001 -10.6 -250.00000000000003 -300.0 -10.6 -250.00000000000006 -250.0 -10.6 -250.00000000000006 -200.0 -10.6 -250.0 -150.0 -10.6 -250.00000000000003 -100.00000000000006 -10.6 -250.00000000000006 -50.0 -10.6 -250.0 2.842170943040401e-14 -10.6 -250.0 50.00000000000006 -10.6 -250.00000000000003 99.99999999999984 -10.6 -250.0 150.00000000000003 -10.6 -250.00000000000003 200.00000000000006 -10.6 -250.0 249.9999999999999 -10.6 -250.00000000000003 300.0 -10.6 -250.00000000000006 350.0000000000001 -10.6 -250.00000000000006 399.9999999999999 -10.6 -250.0000000000001 450.00000000000006 -10.6 -250.0 500.0000000000001 -10.6 -250.00000000000006 550.0 -10.6 -200.00000000000014 -549.9999999999999 -10.6 -200.00000000000006 -500.0 -10.6 -200.0 -450.0 -10.6 -200.00000000000017 -400.0 -10.6 -200.00000000000006 -350.0 -10.6 -200.0 -300.0 -10.6 -200.0000000000001 -250.0 -10.6 -200.00000000000003 -200.0 -10.6 -200.00000000000009 -150.0 -10.6 -200.00000000000009 -100.00000000000009 -10.6 -200.00000000000009 -49.99999999999997 -10.6 -200.0000000000001 0.0 -10.6 -200.0000000000001 50.00000000000003 -10.6 -200.00000000000014 99.99999999999986 -10.6 -200.00000000000009 150.0 -10.6 -199.99999999999997 200.00000000000003 -10.6 -200.00000000000009 249.99999999999986 -10.6 -200.00000000000006 300.0 -10.6 -200.00000000000006 350.0 -10.6 -200.00000000000006 399.99999999999983 -10.6 -200.0 450.0 -10.6 -200.00000000000006 500.00000000000006 -10.6 -200.00000000000017 549.9999999999999 -10.6 -150.00000000000017 -550.0 -10.6 -150.0000000000001 -500.00000000000006 -10.6 -150.0000000000001 -450.0 -10.6 -150.0000000000001 -399.99999999999994 -10.6 -150.00000000000006 -350.0 -10.6 -150.0000000000001 -300.0 -10.6 -150.0000000000001 -249.99999999999994 -10.6 -150.0000000000001 -199.99999999999994 -10.6 -150.00000000000009 -150.0 -10.6 -150.00000000000009 -100.0 -10.6 -150.0000000000001 -50.00000000000003 -10.6 -150.0000000000001 0.0 -10.6 -150.00000000000009 50.00000000000003 -10.6 -150.00000000000014 99.99999999999991 -10.6 -150.00000000000009 150.0 -10.6 -150.0000000000001 200.00000000000006 -10.6 -150.00000000000009 249.99999999999986 -10.6 -150.00000000000017 300.0 -10.6 -150.0000000000001 350.0 -10.6 -150.0000000000001 399.99999999999983 -10.6 -150.0000000000001 449.99999999999994 -10.6 -150.0000000000001 500.00000000000006 -10.6 -150.00000000000017 550.0 -10.6 -99.99999999999996 -550.0 -10.6 -99.99999999999991 -499.99999999999994 -10.6 -99.99999999999989 -450.0 -10.6 -99.9999999999999 -400.0 -10.6 -99.99999999999996 -350.0 -10.6 -100.0 -300.0 -10.6 -99.99999999999991 -250.0 -10.6 -99.99999999999997 -199.9999999999999 -10.6 -100.0 -150.0 -10.6 -99.99999999999991 -100.00000000000006 -10.6 -99.99999999999994 -50.00000000000003 -10.6 -100.0 0.0 -10.6 -99.99999999999997 50.0 -10.6 -99.99999999999989 99.99999999999989 -10.6 -100.0 150.0 -10.6 -99.99999999999997 200.00000000000006 -10.6 -100.0 249.9999999999999 -10.6 -100.0 300.0 -10.6 -99.99999999999994 350.0 -10.6 -99.99999999999989 399.9999999999999 -10.6 -99.99999999999989 450.0 -10.6 -99.99999999999989 500.0 -10.6 -99.99999999999994 550.0 -10.6 -49.99999999999992 -550.0 -10.6 -50.000000000000014 -500.0 -10.6 -50.0 -450.0 -10.6 -50.00000000000003 -400.0 -10.6 -49.99999999999997 -350.0 -10.6 -49.999999999999886 -300.0 -10.6 -49.99999999999997 -249.99999999999994 -10.6 -49.999999999999886 -200.0 -10.6 -49.99999999999994 -150.0 -10.6 -49.99999999999994 -100.00000000000006 -10.6 -50.00000000000003 -50.0 -10.6 -50.0 0.0 -10.6 -50.00000000000006 50.00000000000003 -10.6 -50.0 99.99999999999989 -10.6 -49.99999999999994 150.0 -10.6 -49.99999999999994 200.00000000000003 -10.6 -49.99999999999994 249.99999999999986 -10.6 -49.999999999999886 300.0 -10.6 -49.99999999999994 350.00000000000006 -10.6 -49.99999999999994 399.9999999999999 -10.6 -50.0 450.0 -10.6 -50.0 500.0 -10.6 -49.99999999999994 550.0 -10.6 0.0 -550.0 -10.6 0.0 -500.0 -10.6 0.0 -450.0 -10.6 0.0 -400.0 -10.6 0.0 -350.0 -10.6 0.0 -300.0 -10.6 0.0 -250.0 -10.6 0.0 -199.99999999999994 -10.6 0.0 -150.0 -10.6 0.0 -100.00000000000007 -10.6 0.0 -50.0 -10.6 0.0 0.0 -10.6 0.0 50.0 -10.6 0.0 99.99999999999989 -10.6 0.0 150.0 -10.6 0.0 200.00000000000003 -10.6 0.0 249.9999999999999 -10.6 0.0 300.0 -10.6 0.0 350.0 -10.6 0.0 399.9999999999999 -10.6 0.0 450.0 -10.6 0.0 500.0 -10.6 0.0 550.0 -10.6 49.999999999999915 -550.0 -10.6 50.00000000000001 -500.0 -10.6 50.0 -450.0 -10.6 50.00000000000003 -400.0 -10.6 49.999999999999986 -350.0 -10.6 49.999999999999886 -300.0 -10.6 49.99999999999997 -249.99999999999994 -10.6 49.999999999999886 -199.99999999999997 -10.6 49.99999999999994 -150.0 -10.6 49.99999999999994 -100.00000000000006 -10.6 50.00000000000003 -50.0 -10.6 50.0 0.0 -10.6 50.000000000000085 50.00000000000003 -10.6 50.0 99.99999999999989 -10.6 49.99999999999994 150.0 -10.6 49.99999999999994 200.00000000000003 -10.6 49.99999999999994 249.99999999999986 -10.6 49.999999999999886 300.0 -10.6 49.99999999999994 350.00000000000006 -10.6 50.0 399.9999999999999 -10.6 50.0 450.0 -10.6 50.0 500.0 -10.6 49.99999999999994 550.0 -10.6 99.99999999999997 -550.0 -10.6 99.99999999999993 -500.00000000000006 -10.6 99.99999999999989 -450.0 -10.6 99.99999999999991 -400.0 -10.6 99.99999999999996 -350.0 -10.6 100.0 -300.0 -10.6 99.99999999999991 -250.0 -10.6 99.99999999999997 -199.99999999999991 -10.6 100.0 -150.0 -10.6 99.99999999999989 -100.00000000000006 -10.6 99.99999999999994 -50.000000000000014 -10.6 100.0 0.0 -10.6 100.0 50.0 -10.6 99.99999999999989 99.99999999999989 -10.6 100.0 150.0 -10.6 100.0 200.00000000000006 -10.6 100.0 249.9999999999999 -10.6 100.0 300.0 -10.6 100.0 350.0 -10.6 99.99999999999989 399.9999999999999 -10.6 99.99999999999989 450.0 -10.6 99.99999999999989 500.0 -10.6 99.99999999999994 550.0 -10.6 149.99999999999983 -550.0 -10.6 149.99999999999972 -499.99999999999994 -10.6 149.99999999999977 -450.0 -10.6 149.99999999999977 -400.0 -10.6 149.99999999999974 -350.0000000000001 -10.6 149.99999999999977 -300.0 -10.6 149.99999999999972 -250.0 -10.6 149.99999999999972 -199.99999999999997 -10.6 149.99999999999974 -150.0 -10.6 149.9999999999998 -100.00000000000006 -10.6 149.99999999999972 -50.00000000000003 -10.6 149.99999999999974 0.0 -10.6 149.99999999999974 50.00000000000003 -10.6 149.99999999999974 99.99999999999989 -10.6 149.99999999999977 150.0 -10.6 149.99999999999972 200.00000000000003 -10.6 149.99999999999966 249.99999999999986 -10.6 149.99999999999977 300.0 -10.6 149.99999999999972 350.0000000000001 -10.6 149.99999999999977 399.9999999999999 -10.6 149.99999999999972 450.0 -10.6 149.99999999999972 500.00000000000006 -10.6 149.99999999999977 550.0 -10.6 200.00000000000006 -549.9999999999999 -10.6 199.99999999999994 -500.0 -10.6 199.9999999999999 -450.0 -10.6 200.0 -399.99999999999994 -10.6 200.0 -350.0 -10.6 199.99999999999994 -300.0 -10.6 200.0 -250.0 -10.6 199.9999999999999 -200.0 -10.6 199.99999999999997 -150.0 -10.6 200.0 -100.00000000000009 -10.6 199.9999999999999 -49.999999999999986 -10.6 200.00000000000003 0.0 -10.6 200.0 50.000000000000014 -10.6 199.9999999999999 99.99999999999986 -10.6 199.99999999999997 150.0 -10.6 199.99999999999994 200.00000000000003 -10.6 200.0 249.99999999999986 -10.6 199.99999999999994 300.0 -10.6 199.99999999999994 350.0 -10.6 199.99999999999994 399.99999999999983 -10.6 199.9999999999999 450.0 -10.6 199.99999999999994 500.0 -10.6 200.0 549.9999999999999 -10.6 250.00000000000003 -550.0 -10.6 250.00000000000003 -500.0000000000001 -10.6 250.0000000000001 -450.0 -10.6 250.0 -399.9999999999999 -10.6 250.00000000000003 -350.0 -10.6 250.00000000000006 -300.0 -10.6 249.99999999999997 -250.0 -10.6 250.00000000000003 -199.99999999999994 -10.6 250.0 -150.0 -10.6 249.99999999999991 -100.00000000000007 -10.6 250.00000000000003 -50.000000000000014 -10.6 249.99999999999997 0.0 -10.6 249.99999999999994 50.00000000000003 -10.6 250.0 99.99999999999986 -10.6 250.00000000000003 150.0 -10.6 249.99999999999994 200.00000000000006 -10.6 250.00000000000003 249.99999999999986 -10.6 250.00000000000003 300.0 -10.6 250.0 350.00000000000006 -10.6 250.0 399.9999999999999 -10.6 250.0000000000001 450.0 -10.6 249.99999999999994 500.0000000000001 -10.6 250.0000000000001 550.0 -10.6 300.0 -550.0 -10.6 300.0 -500.00000000000006 -10.6 300.0000000000001 -450.0 -10.6 300.00000000000006 -399.99999999999983 -10.6 300.0000000000001 -350.00000000000006 -10.6 300.0 -300.0 -10.6 300.0000000000001 -249.99999999999997 -10.6 300.0 -199.99999999999994 -10.6 300.0000000000001 -150.0 -10.6 299.99999999999994 -100.00000000000006 -10.6 300.0 -49.999999999999986 -10.6 300.0 -1.4210854715202004e-14 -10.6 300.0000000000001 50.00000000000004 -10.6 300.0000000000001 99.99999999999984 -10.6 300.0000000000001 150.0 -10.6 300.0 200.00000000000006 -10.6 300.0 249.99999999999983 -10.6 300.0 300.0 -10.6 300.0000000000001 350.00000000000006 -10.6 299.9999999999999 399.9999999999999 -10.6 300.0000000000001 450.00000000000006 -10.6 300.0 500.0 -10.6 300.0 550.0 -10.6 350.00000000000006 -549.9999999999999 -10.6 350.0 -499.99999999999994 -10.6 350.00000000000006 -450.0 -10.6 350.00000000000006 -400.0 -10.6 349.99999999999994 -350.0 -10.6 350.0000000000001 -300.00000000000006 -10.6 350.00000000000006 -250.0 -10.6 350.0 -199.99999999999991 -10.6 350.0 -149.99999999999997 -10.6 350.0 -100.00000000000007 -10.6 350.00000000000006 -50.000000000000014 -10.6 350.0 1.4210854715202004e-14 -10.6 350.0000000000001 50.000000000000014 -10.6 350.0 99.99999999999987 -10.6 350.0 149.99999999999994 -10.6 350.0000000000001 200.00000000000003 -10.6 350.0 249.99999999999986 -10.6 350.0 300.00000000000006 -10.6 350.0000000000001 350.0 -10.6 350.00000000000006 399.9999999999999 -10.6 350.00000000000006 450.0 -10.6 350.0000000000001 500.0 -10.6 349.99999999999994 549.9999999999999 -10.6 400.0000000000001 -550.0 -10.6 400.00000000000006 -500.0 -10.6 400.0 -450.0 -10.6 400.0000000000001 -399.99999999999994 -10.6 400.0000000000001 -350.00000000000006 -10.6 400.00000000000006 -300.0 -10.6 400.0 -249.99999999999997 -10.6 399.99999999999994 -199.99999999999991 -10.6 400.0 -150.0 -10.6 400.00000000000006 -99.99999999999999 -10.6 400.0000000000001 -49.999999999999986 -10.6 400.0 0.0 -10.6 400.0 50.000000000000014 -10.6 400.0000000000001 99.99999999999987 -10.6 400.0 150.00000000000003 -10.6 400.0 200.00000000000006 -10.6 400.00000000000006 249.9999999999999 -10.6 400.0 300.0 -10.6 400.0 350.0000000000001 -10.6 400.0000000000001 399.9999999999999 -10.6 400.0 450.0 -10.6 400.00000000000006 500.0 -10.6 400.0000000000001 550.0 -10.6 450.0 -550.0 -10.6 450.0 -500.0 -10.6 450.0 -450.0 -10.6 450.0 -400.0 -10.6 450.0 -350.0 -10.6 450.0 -300.0 -10.6 450.0 -250.0 -10.6 450.0 -200.0 -10.6 450.0 -150.0 -10.6 450.0 -100.00000000000009 -10.6 450.0 -50.0 -10.6 450.0 0.0 -10.6 450.0 50.0 -10.6 450.0 99.9999999999999 -10.6 450.0 150.0 -10.6 450.0 200.0 -10.6 450.0 249.99999999999983 -10.6 450.0 300.0 -10.6 450.0 350.0 -10.6 450.0 399.99999999999983 -10.6 450.0 450.0 -10.6 450.0 500.0 -10.6 450.0 550.0 -10.6 499.9999999999997 -549.9999999999999 -10.6 499.9999999999996 -500.0000000000001 -10.6 499.9999999999998 -450.0 -10.6 499.99999999999966 -400.0 -10.6 499.9999999999997 -350.00000000000006 -10.6 499.9999999999998 -300.0 -10.6 499.99999999999966 -249.99999999999994 -10.6 499.9999999999997 -199.99999999999997 -10.6 499.9999999999998 -150.0 -10.6 499.99999999999966 -100.00000000000006 -10.6 499.9999999999997 -49.999999999999964 -10.6 499.99999999999983 -1.4210854715202004e-14 -10.6 499.99999999999966 50.0 -10.6 499.9999999999998 99.99999999999983 -10.6 499.9999999999997 150.0 -10.6 499.9999999999998 200.00000000000006 -10.6 499.9999999999998 249.99999999999986 -10.6 499.99999999999983 300.0 -10.6 499.9999999999998 350.00000000000006 -10.6 499.99999999999966 399.9999999999999 -10.6 499.9999999999998 450.0 -10.6 499.9999999999998 500.00000000000006 -10.6 499.99999999999966 549.9999999999999 -10.6 549.9999999999998 -550.0 -10.6 549.9999999999998 -500.0 -10.6 549.9999999999997 -449.99999999999994 -10.6 549.9999999999997 -399.99999999999994 -10.6 549.9999999999998 -350.0 -10.6 549.9999999999997 -299.99999999999994 -10.6 549.9999999999997 -249.9999999999999 -10.6 549.9999999999997 -199.99999999999994 -10.6 549.9999999999995 -150.00000000000003 -10.6 549.9999999999998 -100.00000000000001 -10.6 549.9999999999997 -50.00000000000004 -10.6 549.9999999999998 1.4210854715202004e-14 -10.6 549.9999999999998 50.00000000000005 -10.6 549.9999999999997 99.99999999999991 -10.6 549.9999999999995 150.0 -10.6 549.9999999999998 200.00000000000006 -10.6 549.9999999999997 249.9999999999999 -10.6 549.9999999999995 299.99999999999994 -10.6 549.9999999999997 350.00000000000006 -10.6 549.9999999999997 399.9999999999999 -10.6 549.9999999999995 450.0 -10.6 549.9999999999997 500.0 -10.6 549.9999999999997 550.0 -10.6 599.9999999999995 -550.0 -10.6 599.9999999999995 -499.99999999999994 -10.6 599.9999999999995 -450.0 -10.6 599.9999999999997 -400.0 -10.6 599.9999999999998 -350.0000000000001 -10.6 599.9999999999997 -300.0 -10.6 599.9999999999997 -249.99999999999994 -10.6 599.9999999999997 -199.99999999999991 -10.6 599.9999999999997 -150.0 -10.6 599.9999999999997 -100.0 -10.6 599.9999999999995 -50.00000000000007 -10.6 599.9999999999998 7.105427357601002e-15 -10.6 599.9999999999995 49.99999999999999 -10.6 599.9999999999997 99.99999999999991 -10.6 599.9999999999997 150.00000000000003 -10.6 599.9999999999997 200.00000000000006 -10.6 599.9999999999997 249.99999999999983 -10.6 599.9999999999995 300.0 -10.6 599.9999999999998 350.00000000000006 -10.6 599.9999999999998 399.9999999999999 -10.6 599.9999999999995 449.99999999999994 -10.6 599.9999999999995 500.0 -10.6 599.9999999999995 550.0 -10.6 650.0 -550.0 -10.6 649.9999999999999 -500.0 -10.6 649.9999999999999 -450.00000000000006 -10.6 650.0 -399.99999999999994 -10.6 649.9999999999998 -350.0 -10.6 650.0 -300.0 -10.6 650.0 -250.0 -10.6 650.0000000000001 -199.99999999999994 -10.6 650.0 -150.00000000000006 -10.6 649.9999999999999 -100.00000000000006 -10.6 649.9999999999999 -50.0 -10.6 650.0 -2.1316282072803006e-14 -10.6 649.9999999999998 50.00000000000004 -10.6 649.9999999999999 99.99999999999989 -10.6 650.0 150.00000000000006 -10.6 649.9999999999999 200.00000000000003 -10.6 649.9999999999999 249.99999999999983 -10.6 650.0 300.0 -10.6 649.9999999999998 350.0 -10.6 650.0 399.9999999999999 -10.6 649.9999999999999 450.0 -10.6 649.9999999999999 500.0 -10.6 649.9999999999999 550.0 -10.6 700.0000000000002 -549.9999999999999 -10.6 700.0 -500.0 -10.6 700.0000000000001 -449.99999999999994 -10.6 700.0000000000003 -400.0 -10.6 700.0 -350.00000000000006 -10.6 700.0 -300.0 -10.6 700.0000000000001 -250.0 -10.6 700.0000000000001 -199.99999999999994 -10.6 700.0 -149.99999999999994 -10.6 700.0000000000002 -100.00000000000004 -10.6 700.0000000000001 -50.0 -10.6 700.0 2.1316282072803006e-14 -10.6 700.0000000000002 50.000000000000014 -10.6 700.0000000000001 99.9999999999999 -10.6 700.0 149.99999999999994 -10.6 700.0 200.00000000000003 -10.6 700.0000000000001 249.99999999999983 -10.6 700.0 300.0 -10.6 700.0000000000001 350.00000000000006 -10.6 700.0000000000001 399.99999999999983 -10.6 700.0000000000001 450.0 -10.6 700.0000000000001 500.0 -10.6 700.0000000000001 549.9999999999999 -10.6 750.0 -550.0 -10.6 750.0000000000001 -500.0 -10.6 750.0000000000001 -450.0 -10.6 750.0 -399.99999999999994 -10.6 750.0 -350.0 -10.6 750.0 -300.0 -10.6 750.0 -249.99999999999991 -10.6 750.0 -199.99999999999994 -10.6 750.0 -150.0 -10.6 750.0 -100.00000000000009 -10.6 750.0 -49.99999999999999 -10.6 750.0 -1.0658141036401503e-14 -10.6 750.0 50.00000000000003 -10.6 750.0000000000001 99.99999999999987 -10.6 750.0 150.0 -10.6 750.0 200.00000000000006 -10.6 750.0 249.99999999999986 -10.6 750.0 300.0 -10.6 750.0 350.0 -10.6 750.0 399.99999999999983 -10.6 750.0000000000001 450.00000000000006 -10.6 750.0000000000001 500.0 -10.6 750.0 550.0 -10.6 800.0000000000002 -550.0 -10.6 800.0 -500.0 -10.6 800.0 -450.0 -10.6 800.0000000000001 -400.0 -10.6 800.0 -350.0 -10.6 800.0000000000001 -300.00000000000006 -10.6 800.0 -249.99999999999994 -10.6 800.0000000000001 -199.99999999999997 -10.6 800.0 -149.99999999999997 -10.6 800.0000000000001 -100.00000000000007 -10.6 799.9999999999999 -50.000000000000014 -10.6 800.0 1.0658141036401503e-14 -10.6 800.0 49.99999999999998 -10.6 800.0 99.99999999999989 -10.6 800.0 149.99999999999994 -10.6 800.0000000000001 200.00000000000006 -10.6 800.0 249.99999999999983 -10.6 800.0000000000001 300.00000000000006 -10.6 800.0000000000001 350.0 -10.6 800.0 399.9999999999999 -10.6 800.0 450.0 -10.6 800.0000000000001 500.0 -10.6 800.0000000000002 550.0 -10.6 850.0000000000001 -549.9999999999999 -10.6 849.9999999999999 -500.0 -10.6 850.0 -450.0 -10.6 850.0000000000001 -399.99999999999994 -10.6 849.9999999999997 -350.0 -10.6 850.0 -300.00000000000006 -10.6 850.0 -249.99999999999997 -10.6 849.9999999999999 -199.9999999999999 -10.6 850.0 -150.0 -10.6 849.9999999999999 -100.00000000000007 -10.6 850.0 -49.99999999999998 -10.6 850.0 -2.3092638912203256e-14 -10.6 849.9999999999999 50.00000000000004 -10.6 850.0000000000001 99.99999999999989 -10.6 850.0 150.0 -10.6 849.9999999999999 200.00000000000009 -10.6 850.0 249.99999999999983 -10.6 850.0 300.0 -10.6 849.9999999999999 350.0 -10.6 850.0 399.99999999999983 -10.6 850.0 450.00000000000006 -10.6 850.0 500.00000000000006 -10.6 850.0 549.9999999999999 -10.6 -850.0000000000001 -550.0 0.0 -849.9999999999999 -500.0 0.0 -850.0 -450.00000000000006 0.0 -850.0000000000001 -399.99999999999994 0.0 -849.9999999999998 -350.0 0.0 -850.0 -300.0 0.0 -850.0 -249.99999999999994 0.0 -850.0 -199.99999999999991 0.0 -850.0 -150.0 0.0 -850.0 -100.00000000000009 0.0 -850.0 -50.0 0.0 -850.0 0.0 0.0 -850.0 50.00000000000006 0.0 -850.0 99.99999999999989 0.0 -850.0 150.00000000000003 0.0 -850.0 200.0 0.0 -850.0 249.99999999999986 0.0 -850.0 300.0 0.0 -849.9999999999999 350.00000000000006 0.0 -850.0 399.9999999999999 0.0 -850.0 450.00000000000006 0.0 -850.0 500.00000000000006 0.0 -850.0 549.9999999999999 0.0 -800.0000000000001 -550.0 0.0 -800.0 -500.00000000000006 0.0 -800.0 -449.99999999999994 0.0 -800.0 -400.0 0.0 -800.0 -350.0 0.0 -800.0000000000001 -300.0 0.0 -800.0 -249.99999999999997 0.0 -800.0 -199.99999999999994 0.0 -800.0 -149.99999999999997 0.0 -800.0 -100.00000000000009 0.0 -800.0 -50.0 0.0 -800.0 0.0 0.0 -800.0 50.0 0.0 -800.0 99.99999999999991 0.0 -800.0 149.99999999999994 0.0 -800.0 200.00000000000006 0.0 -800.0 249.99999999999983 0.0 -800.0000000000001 300.00000000000006 0.0 -800.0 350.00000000000006 0.0 -800.0 399.9999999999999 0.0 -800.0 450.0 0.0 -800.0 500.0 0.0 -800.0000000000001 550.0 0.0 -750.0 -550.0 0.0 -750.0000000000001 -499.99999999999994 0.0 -750.0000000000001 -450.0000000000001 0.0 -750.0 -400.0 0.0 -750.0 -350.00000000000006 0.0 -750.0 -300.0 0.0 -750.0 -249.9999999999999 0.0 -750.0 -200.0 0.0 -750.0 -150.0 0.0 -750.0 -100.00000000000006 0.0 -750.0 -50.00000000000006 0.0 -750.0 0.0 0.0 -750.0 50.00000000000006 0.0 -750.0000000000001 99.99999999999989 0.0 -750.0 150.0 0.0 -750.0 200.0 0.0 -750.0 249.9999999999999 0.0 -750.0 300.0 0.0 -750.0 350.00000000000006 0.0 -749.9999999999999 399.9999999999999 0.0 -750.0000000000001 450.00000000000006 0.0 -750.0000000000001 500.00000000000006 0.0 -750.0 549.9999999999999 0.0 -700.0000000000002 -550.0 0.0 -699.9999999999999 -500.0 0.0 -700.0000000000001 -450.0 0.0 -700.0000000000002 -400.0 0.0 -699.9999999999999 -350.00000000000006 0.0 -700.0 -300.0 0.0 -700.0000000000001 -249.99999999999997 0.0 -700.0 -199.99999999999994 0.0 -700.0 -149.99999999999994 0.0 -700.0000000000001 -100.00000000000003 0.0 -700.0 -50.00000000000003 0.0 -700.0 0.0 0.0 -700.0 50.00000000000003 0.0 -700.0000000000001 99.99999999999989 0.0 -700.0 149.99999999999994 0.0 -700.0 200.00000000000006 0.0 -700.0 249.9999999999999 0.0 -700.0 300.0 0.0 -700.0 350.00000000000006 0.0 -700.0000000000001 399.9999999999999 0.0 -700.0000000000001 450.0 0.0 -700.0 500.00000000000006 0.0 -700.0 550.0 0.0 -650.0 -550.0 0.0 -650.0 -500.0 0.0 -649.9999999999999 -450.0 0.0 -650.0 -400.0 0.0 -650.0 -350.0 0.0 -650.0 -300.0 0.0 -650.0 -249.99999999999997 0.0 -650.0000000000002 -199.99999999999994 0.0 -650.0 -150.00000000000006 0.0 -650.0 -100.00000000000003 0.0 -650.0 -49.99999999999997 0.0 -650.0 0.0 0.0 -650.0 50.000000000000085 0.0 -650.0 99.99999999999986 0.0 -650.0 150.00000000000006 0.0 -650.0 200.00000000000003 0.0 -649.9999999999999 249.99999999999983 0.0 -650.0 300.0 0.0 -649.9999999999999 350.0 0.0 -650.0 399.99999999999983 0.0 -649.9999999999999 450.0 0.0 -650.0 500.0 0.0 -650.0 550.0 0.0 -600.0 -550.0 0.0 -600.0 -500.00000000000006 0.0 -599.9999999999999 -450.0 0.0 -599.9999999999999 -399.9999999999999 0.0 -600.0 -350.0 0.0 -600.0 -300.0 0.0 -600.0 -250.0 0.0 -599.9999999999999 -199.9999999999999 0.0 -600.0 -150.0 0.0 -600.0 -100.00000000000003 0.0 -600.0 -49.99999999999997 0.0 -600.0 0.0 0.0 -600.0 50.00000000000003 0.0 -600.0 99.99999999999989 0.0 -600.0 150.0 0.0 -600.0 200.00000000000003 0.0 -599.9999999999999 249.99999999999983 0.0 -600.0 300.0 0.0 -599.9999999999999 350.00000000000006 0.0 -600.0 399.9999999999999 0.0 -599.9999999999999 449.99999999999994 0.0 -600.0 500.00000000000006 0.0 -600.0 550.0 0.0 -550.0000000000001 -549.9999999999999 0.0 -549.9999999999997 -499.99999999999994 0.0 -550.0 -450.0 0.0 -550.0 -399.99999999999994 0.0 -549.9999999999999 -350.0 0.0 -549.9999999999999 -300.0 0.0 -550.0 -250.0 0.0 -550.0 -200.0 0.0 -550.0 -150.00000000000003 0.0 -550.0 -100.00000000000006 0.0 -549.9999999999999 -50.0 0.0 -550.0 -2.842170943040401e-14 0.0 -550.0 50.0 0.0 -550.0 99.9999999999998 0.0 -550.0 150.00000000000006 0.0 -550.0 200.00000000000006 0.0 -550.0 249.9999999999998 0.0 -549.9999999999999 299.99999999999994 0.0 -550.0 350.0 0.0 -550.0 399.99999999999983 0.0 -550.0 450.0 0.0 -549.9999999999999 500.00000000000006 0.0 -550.0 549.9999999999999 0.0 -500.0 -549.9999999999999 0.0 -499.99999999999994 -500.0 0.0 -500.0 -450.0 0.0 -500.0 -400.00000000000006 0.0 -499.9999999999999 -350.00000000000006 0.0 -500.0 -300.0 0.0 -500.0 -249.99999999999994 0.0 -499.99999999999994 -199.99999999999994 0.0 -500.0 -150.0 0.0 -499.9999999999999 -100.00000000000006 0.0 -500.0 -50.00000000000003 0.0 -500.0 0.0 0.0 -500.0 50.0 0.0 -500.0 99.99999999999989 0.0 -500.0 149.99999999999997 0.0 -500.0 200.00000000000006 0.0 -500.0 249.99999999999983 0.0 -500.0 300.0 0.0 -500.0 350.0000000000001 0.0 -499.9999999999999 399.9999999999999 0.0 -500.0 450.0 0.0 -500.0 500.0 0.0 -500.0 549.9999999999999 0.0 -450.0 -550.0 0.0 -450.0 -500.0 0.0 -450.0 -450.0 0.0 -450.0 -400.0 0.0 -450.0 -350.0 0.0 -450.0 -300.0 0.0 -450.0 -249.99999999999997 0.0 -450.0 -200.0 0.0 -450.0 -150.0 0.0 -450.0 -100.00000000000009 0.0 -449.99999999999994 -50.0 0.0 -450.0 0.0 0.0 -450.0 50.0 0.0 -450.0 99.99999999999989 0.0 -450.0 150.0 0.0 -450.0 200.0 0.0 -449.9999999999999 249.99999999999983 0.0 -450.0 300.0 0.0 -450.0 350.0 0.0 -449.99999999999994 399.99999999999983 0.0 -450.0 450.0 0.0 -450.0 500.0 0.0 -450.0 550.0 0.0 -400.0000000000001 -550.0 0.0 -400.00000000000006 -500.0 0.0 -400.0 -450.0 0.0 -400.0000000000001 -399.99999999999994 0.0 -400.0000000000001 -350.00000000000006 0.0 -400.00000000000006 -300.0 0.0 -400.0 -249.99999999999994 0.0 -400.0 -199.99999999999991 0.0 -400.0 -150.0 0.0 -400.0 -100.0 0.0 -400.0 -50.0 0.0 -400.0 0.0 0.0 -400.0 50.00000000000003 0.0 -400.0 99.99999999999986 0.0 -400.0 150.00000000000003 0.0 -400.0 200.00000000000006 0.0 -400.00000000000006 249.9999999999999 0.0 -400.00000000000006 300.0 0.0 -400.00000000000006 350.0000000000001 0.0 -400.0 399.9999999999999 0.0 -400.0 450.0 0.0 -400.0000000000001 500.00000000000006 0.0 -400.00000000000006 550.0 0.0 -350.00000000000006 -549.9999999999999 0.0 -350.0 -500.00000000000006 0.0 -350.00000000000006 -450.0 0.0 -350.0000000000001 -400.0 0.0 -350.0 -350.0 0.0 -350.0000000000001 -300.0 0.0 -350.00000000000006 -250.0 0.0 -350.0 -199.99999999999997 0.0 -350.00000000000006 -149.99999999999997 0.0 -350.0 -100.00000000000009 0.0 -350.00000000000006 -50.0 0.0 -350.0 0.0 0.0 -350.0000000000001 50.00000000000003 0.0 -350.0 99.99999999999986 0.0 -350.00000000000006 149.99999999999994 0.0 -350.0 200.00000000000003 0.0 -350.00000000000006 249.99999999999986 0.0 -350.0000000000001 300.00000000000006 0.0 -350.0 350.0 0.0 -350.0000000000001 399.99999999999983 0.0 -350.00000000000006 450.0 0.0 -350.00000000000006 500.0 0.0 -350.0 549.9999999999999 0.0 -300.0000000000001 -550.0 0.0 -300.0000000000001 -499.99999999999994 0.0 -300.00000000000006 -450.0 0.0 -300.0 -399.9999999999999 0.0 -300.0 -350.00000000000006 0.0 -300.0000000000001 -300.0 0.0 -300.0 -250.0 0.0 -300.00000000000006 -199.99999999999986 0.0 -300.0 -149.99999999999994 0.0 -300.00000000000006 -100.00000000000003 0.0 -300.0 -49.99999999999994 0.0 -300.0 -2.842170943040401e-14 0.0 -300.0 50.000000000000085 0.0 -300.0 99.99999999999983 0.0 -300.0 149.99999999999994 0.0 -300.0000000000001 200.00000000000006 0.0 -300.00000000000006 249.99999999999986 0.0 -300.0000000000001 300.0 0.0 -300.0 350.0 0.0 -300.00000000000006 399.99999999999983 0.0 -300.00000000000006 450.0 0.0 -300.0000000000001 500.0 0.0 -300.0000000000001 550.0 0.0 -250.00000000000006 -550.0 0.0 -250.0 -500.0000000000001 0.0 -250.0000000000001 -450.0 0.0 -250.0 -399.99999999999994 0.0 -249.99999999999994 -350.0000000000001 0.0 -250.00000000000003 -300.0 0.0 -250.00000000000006 -250.0 0.0 -250.00000000000006 -200.0 0.0 -250.0 -150.0 0.0 -250.00000000000003 -100.00000000000006 0.0 -250.00000000000006 -50.0 0.0 -250.0 2.842170943040401e-14 0.0 -250.0 50.00000000000006 0.0 -250.00000000000003 99.99999999999984 0.0 -250.0 150.00000000000003 0.0 -250.00000000000003 200.00000000000006 0.0 -250.0 249.9999999999999 0.0 -250.00000000000003 300.0 0.0 -250.00000000000006 350.0000000000001 0.0 -250.00000000000006 399.9999999999999 0.0 -250.0000000000001 450.00000000000006 0.0 -250.0 500.0000000000001 0.0 -250.00000000000006 550.0 0.0 -200.00000000000014 -549.9999999999999 0.0 -200.00000000000006 -500.0 0.0 -200.0 -450.0 0.0 -200.00000000000017 -400.0 0.0 -200.00000000000006 -350.0 0.0 -200.0 -300.0 0.0 -200.0000000000001 -250.0 0.0 -200.00000000000003 -200.0 0.0 -200.00000000000009 -150.0 0.0 -200.00000000000009 -100.00000000000009 0.0 -200.00000000000009 -49.99999999999997 0.0 -200.0000000000001 0.0 0.0 -200.0000000000001 50.00000000000003 0.0 -200.00000000000014 99.99999999999986 0.0 -200.00000000000009 150.0 0.0 -199.99999999999997 200.00000000000003 0.0 -200.00000000000009 249.99999999999986 0.0 -200.00000000000006 300.0 0.0 -200.00000000000006 350.0 0.0 -200.00000000000006 399.99999999999983 0.0 -200.0 450.0 0.0 -200.00000000000006 500.00000000000006 0.0 -200.00000000000017 549.9999999999999 0.0 -150.00000000000017 -550.0 0.0 -150.0000000000001 -500.00000000000006 0.0 -150.0000000000001 -450.0 0.0 -150.0000000000001 -399.99999999999994 0.0 -150.00000000000006 -350.0 0.0 -150.0000000000001 -300.0 0.0 -150.0000000000001 -249.99999999999994 0.0 -150.0000000000001 -199.99999999999994 0.0 -150.00000000000009 -150.0 0.0 -150.00000000000009 -100.0 0.0 -150.0000000000001 -50.00000000000003 0.0 -150.0000000000001 0.0 0.0 -150.00000000000009 50.00000000000003 0.0 -150.00000000000014 99.99999999999991 0.0 -150.00000000000009 150.0 0.0 -150.0000000000001 200.00000000000006 0.0 -150.00000000000009 249.99999999999986 0.0 -150.00000000000017 300.0 0.0 -150.0000000000001 350.0 0.0 -150.0000000000001 399.99999999999983 0.0 -150.0000000000001 449.99999999999994 0.0 -150.0000000000001 500.00000000000006 0.0 -150.00000000000017 550.0 0.0 -99.99999999999996 -550.0 0.0 -99.99999999999991 -499.99999999999994 0.0 -99.99999999999989 -450.0 0.0 -99.9999999999999 -400.0 0.0 -99.99999999999996 -350.0 0.0 -100.0 -300.0 0.0 -99.99999999999991 -250.0 0.0 -99.99999999999997 -199.9999999999999 0.0 -100.0 -150.0 0.0 -99.99999999999991 -100.00000000000006 0.0 -99.99999999999994 -50.00000000000003 0.0 -100.0 0.0 0.0 -99.99999999999997 50.0 0.0 -99.99999999999989 99.99999999999989 0.0 -100.0 150.0 0.0 -99.99999999999997 200.00000000000006 0.0 -100.0 249.9999999999999 0.0 -100.0 300.0 0.0 -99.99999999999994 350.0 0.0 -99.99999999999989 399.9999999999999 0.0 -99.99999999999989 450.0 0.0 -99.99999999999989 500.0 0.0 -99.99999999999994 550.0 0.0 -49.99999999999992 -550.0 0.0 -50.000000000000014 -500.0 0.0 -50.0 -450.0 0.0 -50.00000000000003 -400.0 0.0 -49.99999999999997 -350.0 0.0 -49.999999999999886 -300.0 0.0 -49.99999999999997 -249.99999999999994 0.0 -49.999999999999886 -200.0 0.0 -49.99999999999994 -150.0 0.0 -49.99999999999994 -100.00000000000006 0.0 -50.00000000000003 -50.0 0.0 -50.0 0.0 0.0 -50.00000000000006 50.00000000000003 0.0 -50.0 99.99999999999989 0.0 -49.99999999999994 150.0 0.0 -49.99999999999994 200.00000000000003 0.0 -49.99999999999994 249.99999999999986 0.0 -49.999999999999886 300.0 0.0 -49.99999999999994 350.00000000000006 0.0 -49.99999999999994 399.9999999999999 0.0 -50.0 450.0 0.0 -50.0 500.0 0.0 -49.99999999999994 550.0 0.0 0.0 -550.0 0.0 0.0 -500.0 0.0 0.0 -450.0 0.0 0.0 -400.0 0.0 0.0 -350.0 0.0 0.0 -300.0 0.0 0.0 -250.0 0.0 0.0 -199.99999999999994 0.0 0.0 -150.0 0.0 0.0 -100.00000000000007 0.0 0.0 -50.0 0.0 0.0 0.0 0.0 0.0 50.0 0.0 0.0 99.99999999999989 0.0 0.0 150.0 0.0 0.0 200.00000000000003 0.0 0.0 249.9999999999999 0.0 0.0 300.0 0.0 0.0 350.0 0.0 0.0 399.9999999999999 0.0 0.0 450.0 0.0 0.0 500.0 0.0 0.0 550.0 0.0 49.999999999999915 -550.0 0.0 50.00000000000001 -500.0 0.0 50.0 -450.0 0.0 50.00000000000003 -400.0 0.0 49.999999999999986 -350.0 0.0 49.999999999999886 -300.0 0.0 49.99999999999997 -249.99999999999994 0.0 49.999999999999886 -199.99999999999997 0.0 49.99999999999994 -150.0 0.0 49.99999999999994 -100.00000000000006 0.0 50.00000000000003 -50.0 0.0 50.0 0.0 0.0 50.000000000000085 50.00000000000003 0.0 50.0 99.99999999999989 0.0 49.99999999999994 150.0 0.0 49.99999999999994 200.00000000000003 0.0 49.99999999999994 249.99999999999986 0.0 49.999999999999886 300.0 0.0 49.99999999999994 350.00000000000006 0.0 50.0 399.9999999999999 0.0 50.0 450.0 0.0 50.0 500.0 0.0 49.99999999999994 550.0 0.0 99.99999999999997 -550.0 0.0 99.99999999999993 -500.00000000000006 0.0 99.99999999999989 -450.0 0.0 99.99999999999991 -400.0 0.0 99.99999999999996 -350.0 0.0 100.0 -300.0 0.0 99.99999999999991 -250.0 0.0 99.99999999999997 -199.99999999999991 0.0 100.0 -150.0 0.0 99.99999999999989 -100.00000000000006 0.0 99.99999999999994 -50.000000000000014 0.0 100.0 0.0 0.0 100.0 50.0 0.0 99.99999999999989 99.99999999999989 0.0 100.0 150.0 0.0 100.0 200.00000000000006 0.0 100.0 249.9999999999999 0.0 100.0 300.0 0.0 100.0 350.0 0.0 99.99999999999989 399.9999999999999 0.0 99.99999999999989 450.0 0.0 99.99999999999989 500.0 0.0 99.99999999999994 550.0 0.0 149.99999999999983 -550.0 0.0 149.99999999999972 -499.99999999999994 0.0 149.99999999999977 -450.0 0.0 149.99999999999977 -400.0 0.0 149.99999999999974 -350.0000000000001 0.0 149.99999999999977 -300.0 0.0 149.99999999999972 -250.0 0.0 149.99999999999972 -199.99999999999997 0.0 149.99999999999974 -150.0 0.0 149.9999999999998 -100.00000000000006 0.0 149.99999999999972 -50.00000000000003 0.0 149.99999999999974 0.0 0.0 149.99999999999974 50.00000000000003 0.0 149.99999999999974 99.99999999999989 0.0 149.99999999999977 150.0 0.0 149.99999999999972 200.00000000000003 0.0 149.99999999999966 249.99999999999986 0.0 149.99999999999977 300.0 0.0 149.99999999999972 350.0000000000001 0.0 149.99999999999977 399.9999999999999 0.0 149.99999999999972 450.0 0.0 149.99999999999972 500.00000000000006 0.0 149.99999999999977 550.0 0.0 200.00000000000006 -549.9999999999999 0.0 199.99999999999994 -500.0 0.0 199.9999999999999 -450.0 0.0 200.0 -399.99999999999994 0.0 200.0 -350.0 0.0 199.99999999999994 -300.0 0.0 200.0 -250.0 0.0 199.9999999999999 -200.0 0.0 199.99999999999997 -150.0 0.0 200.0 -100.00000000000009 0.0 199.9999999999999 -49.999999999999986 0.0 200.00000000000003 0.0 0.0 200.0 50.000000000000014 0.0 199.9999999999999 99.99999999999986 0.0 199.99999999999997 150.0 0.0 199.99999999999994 200.00000000000003 0.0 200.0 249.99999999999986 0.0 199.99999999999994 300.0 0.0 199.99999999999994 350.0 0.0 199.99999999999994 399.99999999999983 0.0 199.9999999999999 450.0 0.0 199.99999999999994 500.0 0.0 200.0 549.9999999999999 0.0 250.00000000000003 -550.0 0.0 250.00000000000003 -500.0000000000001 0.0 250.0000000000001 -450.0 0.0 250.0 -399.9999999999999 0.0 250.00000000000003 -350.0 0.0 250.00000000000006 -300.0 0.0 249.99999999999997 -250.0 0.0 250.00000000000003 -199.99999999999994 0.0 250.0 -150.0 0.0 249.99999999999991 -100.00000000000007 0.0 250.00000000000003 -50.000000000000014 0.0 249.99999999999997 0.0 0.0 249.99999999999994 50.00000000000003 0.0 250.0 99.99999999999986 0.0 250.00000000000003 150.0 0.0 249.99999999999994 200.00000000000006 0.0 250.00000000000003 249.99999999999986 0.0 250.00000000000003 300.0 0.0 250.0 350.00000000000006 0.0 250.0 399.9999999999999 0.0 250.0000000000001 450.0 0.0 249.99999999999994 500.0000000000001 0.0 250.0000000000001 550.0 0.0 300.0 -550.0 0.0 300.0 -500.00000000000006 0.0 300.0000000000001 -450.0 0.0 300.00000000000006 -399.99999999999983 0.0 300.0000000000001 -350.00000000000006 0.0 300.0 -300.0 0.0 300.0000000000001 -249.99999999999997 0.0 300.0 -199.99999999999994 0.0 300.0000000000001 -150.0 0.0 299.99999999999994 -100.00000000000006 0.0 300.0 -49.999999999999986 0.0 300.0 -1.4210854715202004e-14 0.0 300.0000000000001 50.00000000000004 0.0 300.0000000000001 99.99999999999984 0.0 300.0000000000001 150.0 0.0 300.0 200.00000000000006 0.0 300.0 249.99999999999983 0.0 300.0 300.0 0.0 300.0000000000001 350.00000000000006 0.0 299.9999999999999 399.9999999999999 0.0 300.0000000000001 450.00000000000006 0.0 300.0 500.0 0.0 300.0 550.0 0.0 350.00000000000006 -549.9999999999999 0.0 350.0 -499.99999999999994 0.0 350.00000000000006 -450.0 0.0 350.00000000000006 -400.0 0.0 349.99999999999994 -350.0 0.0 350.0000000000001 -300.00000000000006 0.0 350.00000000000006 -250.0 0.0 350.0 -199.99999999999991 0.0 350.0 -149.99999999999997 0.0 350.0 -100.00000000000007 0.0 350.00000000000006 -50.000000000000014 0.0 350.0 1.4210854715202004e-14 0.0 350.0000000000001 50.000000000000014 0.0 350.0 99.99999999999987 0.0 350.0 149.99999999999994 0.0 350.0000000000001 200.00000000000003 0.0 350.0 249.99999999999986 0.0 350.0 300.00000000000006 0.0 350.0000000000001 350.0 0.0 350.00000000000006 399.9999999999999 0.0 350.00000000000006 450.0 0.0 350.0000000000001 500.0 0.0 349.99999999999994 549.9999999999999 0.0 400.0000000000001 -550.0 0.0 400.00000000000006 -500.0 0.0 400.0 -450.0 0.0 400.0000000000001 -399.99999999999994 0.0 400.0000000000001 -350.00000000000006 0.0 400.00000000000006 -300.0 0.0 400.0 -249.99999999999997 0.0 399.99999999999994 -199.99999999999991 0.0 400.0 -150.0 0.0 400.00000000000006 -99.99999999999999 0.0 400.0000000000001 -49.999999999999986 0.0 400.0 0.0 0.0 400.0 50.000000000000014 0.0 400.0000000000001 99.99999999999987 0.0 400.0 150.00000000000003 0.0 400.0 200.00000000000006 0.0 400.00000000000006 249.9999999999999 0.0 400.0 300.0 0.0 400.0 350.0000000000001 0.0 400.0000000000001 399.9999999999999 0.0 400.0 450.0 0.0 400.00000000000006 500.0 0.0 400.0000000000001 550.0 0.0 450.0 -550.0 0.0 450.0 -500.0 0.0 450.0 -450.0 0.0 450.0 -400.0 0.0 450.0 -350.0 0.0 450.0 -300.0 0.0 450.0 -250.0 0.0 450.0 -200.0 0.0 450.0 -150.0 0.0 450.0 -100.00000000000009 0.0 450.0 -50.0 0.0 450.0 0.0 0.0 450.0 50.0 0.0 450.0 99.9999999999999 0.0 450.0 150.0 0.0 450.0 200.0 0.0 450.0 249.99999999999983 0.0 450.0 300.0 0.0 450.0 350.0 0.0 450.0 399.99999999999983 0.0 450.0 450.0 0.0 450.0 500.0 0.0 450.0 550.0 0.0 499.9999999999997 -549.9999999999999 0.0 499.9999999999996 -500.0000000000001 0.0 499.9999999999998 -450.0 0.0 499.99999999999966 -400.0 0.0 499.9999999999997 -350.00000000000006 0.0 499.9999999999998 -300.0 0.0 499.99999999999966 -249.99999999999994 0.0 499.9999999999997 -199.99999999999997 0.0 499.9999999999998 -150.0 0.0 499.99999999999966 -100.00000000000006 0.0 499.9999999999997 -49.999999999999964 0.0 499.99999999999983 -1.4210854715202004e-14 0.0 499.99999999999966 50.0 0.0 499.9999999999998 99.99999999999983 0.0 499.9999999999997 150.0 0.0 499.9999999999998 200.00000000000006 0.0 499.9999999999998 249.99999999999986 0.0 499.99999999999983 300.0 0.0 499.9999999999998 350.00000000000006 0.0 499.99999999999966 399.9999999999999 0.0 499.9999999999998 450.0 0.0 499.9999999999998 500.00000000000006 0.0 499.99999999999966 549.9999999999999 0.0 549.9999999999998 -550.0 0.0 549.9999999999998 -500.0 0.0 549.9999999999997 -449.99999999999994 0.0 549.9999999999997 -399.99999999999994 0.0 549.9999999999998 -350.0 0.0 549.9999999999997 -299.99999999999994 0.0 549.9999999999997 -249.9999999999999 0.0 549.9999999999997 -199.99999999999994 0.0 549.9999999999995 -150.00000000000003 0.0 549.9999999999998 -100.00000000000001 0.0 549.9999999999997 -50.00000000000004 0.0 549.9999999999998 1.4210854715202004e-14 0.0 549.9999999999998 50.00000000000005 0.0 549.9999999999997 99.99999999999991 0.0 549.9999999999995 150.0 0.0 549.9999999999998 200.00000000000006 0.0 549.9999999999997 249.9999999999999 0.0 549.9999999999995 299.99999999999994 0.0 549.9999999999997 350.00000000000006 0.0 549.9999999999997 399.9999999999999 0.0 549.9999999999995 450.0 0.0 549.9999999999997 500.0 0.0 549.9999999999997 550.0 0.0 599.9999999999995 -550.0 0.0 599.9999999999995 -499.99999999999994 0.0 599.9999999999995 -450.0 0.0 599.9999999999997 -400.0 0.0 599.9999999999998 -350.0000000000001 0.0 599.9999999999997 -300.0 0.0 599.9999999999997 -249.99999999999994 0.0 599.9999999999997 -199.99999999999991 0.0 599.9999999999997 -150.0 0.0 599.9999999999997 -100.0 0.0 599.9999999999995 -50.00000000000007 0.0 599.9999999999998 7.105427357601002e-15 0.0 599.9999999999995 49.99999999999999 0.0 599.9999999999997 99.99999999999991 0.0 599.9999999999997 150.00000000000003 0.0 599.9999999999997 200.00000000000006 0.0 599.9999999999997 249.99999999999983 0.0 599.9999999999995 300.0 0.0 599.9999999999998 350.00000000000006 0.0 599.9999999999998 399.9999999999999 0.0 599.9999999999995 449.99999999999994 0.0 599.9999999999995 500.0 0.0 599.9999999999995 550.0 0.0 650.0 -550.0 0.0 649.9999999999999 -500.0 0.0 649.9999999999999 -450.00000000000006 0.0 650.0 -399.99999999999994 0.0 649.9999999999998 -350.0 0.0 650.0 -300.0 0.0 650.0 -250.0 0.0 650.0000000000001 -199.99999999999994 0.0 650.0 -150.00000000000006 0.0 649.9999999999999 -100.00000000000006 0.0 649.9999999999999 -50.0 0.0 650.0 -2.1316282072803006e-14 0.0 649.9999999999998 50.00000000000004 0.0 649.9999999999999 99.99999999999989 0.0 650.0 150.00000000000006 0.0 649.9999999999999 200.00000000000003 0.0 649.9999999999999 249.99999999999983 0.0 650.0 300.0 0.0 649.9999999999998 350.0 0.0 650.0 399.9999999999999 0.0 649.9999999999999 450.0 0.0 649.9999999999999 500.0 0.0 649.9999999999999 550.0 0.0 700.0000000000002 -549.9999999999999 0.0 700.0 -500.0 0.0 700.0000000000001 -449.99999999999994 0.0 700.0000000000003 -400.0 0.0 700.0 -350.00000000000006 0.0 700.0 -300.0 0.0 700.0000000000001 -250.0 0.0 700.0000000000001 -199.99999999999994 0.0 700.0 -149.99999999999994 0.0 700.0000000000002 -100.00000000000004 0.0 700.0000000000001 -50.0 0.0 700.0 2.1316282072803006e-14 0.0 700.0000000000002 50.000000000000014 0.0 700.0000000000001 99.9999999999999 0.0 700.0 149.99999999999994 0.0 700.0 200.00000000000003 0.0 700.0000000000001 249.99999999999983 0.0 700.0 300.0 0.0 700.0000000000001 350.00000000000006 0.0 700.0000000000001 399.99999999999983 0.0 700.0000000000001 450.0 0.0 700.0000000000001 500.0 0.0 700.0000000000001 549.9999999999999 0.0 750.0 -550.0 0.0 750.0000000000001 -500.0 0.0 750.0000000000001 -450.0 0.0 750.0 -399.99999999999994 0.0 750.0 -350.0 0.0 750.0 -300.0 0.0 750.0 -249.99999999999991 0.0 750.0 -199.99999999999994 0.0 750.0 -150.0 0.0 750.0 -100.00000000000009 0.0 750.0 -49.99999999999999 0.0 750.0 -1.0658141036401503e-14 0.0 750.0 50.00000000000003 0.0 750.0000000000001 99.99999999999987 0.0 750.0 150.0 0.0 750.0 200.00000000000006 0.0 750.0 249.99999999999986 0.0 750.0 300.0 0.0 750.0 350.0 0.0 750.0 399.99999999999983 0.0 750.0000000000001 450.00000000000006 0.0 750.0000000000001 500.0 0.0 750.0 550.0 0.0 800.0000000000002 -550.0 0.0 800.0 -500.0 0.0 800.0 -450.0 0.0 800.0000000000001 -400.0 0.0 800.0 -350.0 0.0 800.0000000000001 -300.00000000000006 0.0 800.0 -249.99999999999994 0.0 800.0000000000001 -199.99999999999997 0.0 800.0 -149.99999999999997 0.0 800.0000000000001 -100.00000000000007 0.0 799.9999999999999 -50.000000000000014 0.0 800.0 1.0658141036401503e-14 0.0 800.0 49.99999999999998 0.0 800.0 99.99999999999989 0.0 800.0 149.99999999999994 0.0 800.0000000000001 200.00000000000006 0.0 800.0 249.99999999999983 0.0 800.0000000000001 300.00000000000006 0.0 800.0000000000001 350.0 0.0 800.0 399.9999999999999 0.0 800.0 450.0 0.0 800.0000000000001 500.0 0.0 800.0000000000002 550.0 0.0 850.0000000000001 -549.9999999999999 0.0 849.9999999999999 -500.0 0.0 850.0 -450.0 0.0 850.0000000000001 -399.99999999999994 0.0 849.9999999999997 -350.0 0.0 850.0 -300.00000000000006 0.0 850.0 -249.99999999999997 0.0 849.9999999999999 -199.9999999999999 0.0 850.0 -150.0 0.0 849.9999999999999 -100.00000000000007 0.0 850.0 -49.99999999999998 0.0 850.0 -2.3092638912203256e-14 0.0 849.9999999999999 50.00000000000004 0.0 850.0000000000001 99.99999999999989 0.0 850.0 150.0 0.0 849.9999999999999 200.00000000000009 0.0 850.0 249.99999999999983 0.0 850.0 300.0 0.0 849.9999999999999 350.0 0.0 850.0 399.99999999999983 0.0 850.0 450.00000000000006 0.0 850.0 500.00000000000006 0.0 850.0 549.9999999999999 0.0</DataArray>
      </Points>
      <Cells>
        <DataArray type="Int64" Name="connectivity" NumberOfComponents="1" format="ascii">0 4 5 1 16 17 18 19 1 5 291 268 19 18 360 383 268 291 292 269 383 360 361 384 269 292 293 270 384 361 362 385 270 293 294 271 385 362 363 386 271 294 295 272 386 363 364 387 272 295 296 273 387 364 365 388 273 296 297 274 388 365 366 389 274 297 298 275 389 366 367 390 275 298 299 276 390 367 368 391 276 299 300 277 391 368 369 392 277 300 301 278 392 369 370 393 278 301 302 279 393 370 371 394 279 302 303 280 394 371 372 395 280 303 304 281 395 372 373 396 281 304 305 282 396 373 374 397 282 305 306 283 397 374 375 398 283 306 307 284 398 375 376 399 284 307 308 285 399 376 377 400 285 308 309 286 400 377 378 401 286 309 310 287 401 378 379 402 287 310 311 288 402 379 380 403 288 311 312 289 403 380 381 404 289 312 313 290 404 381 382 405 290 313 6 2 405 382 20 21 2 6 7 3 21 20 22 23 4 128 163 5 17 406 441 18 128 129 164 163 406 407 442 441 129 130 165 164 407 408 443 442 130 131 166 165 408 409 444 443 131 132 167 166 409 410 445 444 132 133 168 167 410 411 446 445 133 134 169 168 411 412 447 446 134 135 170 169 412 413 448 447 135 136 171 170 413 414 449 448 136 137 172 171 414 415 450 449 137 138 173 172 415 416 451 450 138 139 174 173 416 417 452 451 139 140 175 174 417 418 453 452 140 141 176 175 418 419 454 453 141 142 177 176 419 420 455 454 142 143 178 177 420 421 456 455 143 144 179 178 421 422 457 456 144 145 180 179 422 423 458 457 145 146 181 180 423 424 459 458 146 147 182 181 424 425 460 459 147 148 183 182 425 426 461 460 148 149 184 183 426 427 462 461 149 150 185 184 427 428 463 462 150 151 186 185 428 429 464 463 151 152 187 186 429 430 465 464 152 153 188 187 430 431 466 465 153 154 189 188 431 432 467 466 154 155 190 189 432 433 468 467 155 156 191 190 433 434 469 468 156 157 192 191 434 435 470 469 157 158 193 192 435 436 471 470 158 159 194 193 436 437 472 471 159 160 195 194 437 438 473 472 160 161 196 195 438 439 474 473 161 162 197 196 439 440 475 474 162 8 9 197 440 24 25 475 5 163 1056 291 18 441 1861 360 291 1056 1057 292 360 1861 1862 361 292 1057 1058 293 361 1862 1863 362 293 1058 1059 294 362 1863 1864 363 294 1059 1060 295 363 1864 1865 364 295 1060 1061 296 364 1865 1866 365 296 1061 1062 297 365 1866 1867 366 297 1062 1063 298 366 1867 1868 367 298 1063 1064 299 367 1868 1869 368 299 1064 1065 300 368 1869 1870 369 300 1065 1066 301 369 1870 1871 370 301 1066 1067 302 370 1871 1872 371 302 1067 1068 303 371 1872 1873 372 303 1068 1069 304 372 1873 1874 373 304 1069 1070 305 373 1874 1875 374 305 1070 1071 306 374 1875 1876 375 306 1071 1072 307 375 1876 1877 376 307 1072 1073 308 376 1877 1878 377 308 1073 1074 309 377 1878 1879 378 309 1074 1075 310 378 1879 1880 379 310 1075 1076 311 379 1880 1881 380 311 1076 1077 312 380 1881 1882 381 312 1077 1078 313 381 1882 1883 382 313 1078 198 6 382 1883 499 20 163 164 1079 1056 441 442 1884 1861 1056 1079 1080 1057 1861 1884 1885 1862 1057 1080 1081 1058 1862 1885 1886 1863 1058 1081 1082 1059 1863 1886 1887 1864 1059 1082 1083 1060 1864 1887 1888 1865 1060 1083 1084 1061 1865 1888 1889 1866 1061 1084 1085 1062 1866 1889 1890 1867 1062 1085 1086 1063 1867 1890 1891 1868 1063 1086 1087 1064 1868 1891 1892 1869 1064 1087 1088 1065 1869 1892 1893 1870 1065 1088 1089 1066 1870 1893 1894 1871 1066 1089 1090 1067 1871 1894 1895 1872 1067 1090 1091 1068 1872 1895 1896 1873 1068 1091 1092 1069 1873 1896 1897 1874 1069 1092 1093 1070 1874 1897 1898 1875 1070 1093 1094 1071 1875 1898 1899 1876 1071 1094 1095 1072 1876 1899 1900 1877 1072 1095 1096 1073 1877 1900 1901 1878 1073 1096 1097 1074 1878 1901 1902 1879 1074 1097 1098 1075 1879 1902 1903 1880 1075 1098 1099 1076 1880 1903 1904 1881 1076 1099 1100 1077 1881 1904 1905 1882 1077 1100 1101 1078 1882 1905 1906 1883 1078 1101 199 198 1883 1906 500 499 164 165 1102 1079 442 443 1907 1884 1079 1102 1103 1080 1884 1907 1908 1885 1080 1103 1104 1081 1885 1908 1909 1886 1081 1104 1105 1082 1886 1909 1910 1887 1082 1105 1106 1083 1887 1910 1911 1888 1083 1106 1107 1084 1888 1911 1912 1889 1084 1107 1108 1085 1889 1912 1913 1890 1085 1108 1109 1086 1890 1913 1914 1891 1086 1109 1110 1087 1891 1914 1915 1892 1087 1110 1111 1088 1892 1915 1916 1893 1088 1111 1112 1089 1893 1916 1917 1894 1089 1112 1113 1090 1894 1917 1918 1895 1090 1113 1114 1091 1895 1918 1919 1896 1091 1114 1115 1092 1896 1919 1920 1897 1092 1115 1116 1093 1897 1920 1921 1898 1093 1116 1117 1094 1898 1921 1922 1899 1094 1117 1118 1095 1899 1922 1923 1900 1095 1118 1119 1096 1900 1923 1924 1901 1096 1119 1120 1097 1901 1924 1925 1902 1097 1120 1121 1098 1902 1925 1926 1903 1098 1121 1122 1099 1903 1926 1927 1904 1099 1122 1123 1100 1904 1927 1928 1905 1100 1123 1124 1101 1905 1928 1929 1906 1101 1124 200 199 1906 1929 501 500 165 166 1125 1102 443 444 1930 1907 1102 1125 1126 1103 1907 1930 1931 1908 1103 1126 1127 1104 1908 1931 1932 1909 1104 1127 1128 1105 1909 1932 1933 1910 1105 1128 1129 1106 1910 1933 1934 1911 1106 1129 1130 1107 1911 1934 1935 1912 1107 1130 1131 1108 1912 1935 1936 1913 1108 1131 1132 1109 1913 1936 1937 1914 1109 1132 1133 1110 1914 1937 1938 1915 1110 1133 1134 1111 1915 1938 1939 1916 1111 1134 1135 1112 1916 1939 1940 1917 1112 1135 1136 1113 1917 1940 1941 1918 1113 1136 1137 1114 1918 1941 1942 1919 1114 1137 1138 1115 1919 1942 1943 1920 1115 1138 1139 1116 1920 1943 1944 1921 1116 1139 1140 1117 1921 1944 1945 1922 1117 1140 1141 1118 1922 1945 1946 1923 1118 1141 1142 1119 1923 1946 1947 1924 1119 1142 1143 1120 1924 1947 1948 1925 1120 1143 1144 1121 1925 1948 1949 1926 1121 1144 1145 1122 1926 1949 1950 1927 1122 1145 1146 1123 1927 1950 1951 1928 1123 1146 1147 1124 1928 1951 1952 1929 1124 1147 201 200 1929 1952 502 501 166 167 1148 1125 444 445 1953 1930 1125 1148 1149 1126 1930 1953 1954 1931 1126 1149 1150 1127 1931 1954 1955 1932 1127 1150 1151 1128 1932 1955 1956 1933 1128 1151 1152 1129 1933 1956 1957 1934 1129 1152 1153 1130 1934 1957 1958 1935 1130 1153 1154 1131 1935 1958 1959 1936 1131 1154 1155 1132 1936 1959 1960 1937 1132 1155 1156 1133 1937 1960 1961 1938 1133 1156 1157 1134 1938 1961 1962 1939 1134 1157 1158 1135 1939 1962 1963 1940 1135 1158 1159 1136 1940 1963 1964 1941 1136 1159 1160 1137 1941 1964 1965 1942 1137 1160 1161 1138 1942 1965 1966 1943 1138 1161 1162 1139 1943 1966 1967 1944 1139 1162 1163 1140 1944 1967 1968 1945 1140 1163 1164 1141 1945 1968 1969 1946 1141 1164 1165 1142 1946 1969 1970 1947 1142 1165 1166 1143 1947 1970 1971 1948 1143 1166 1167 1144 1948 1971 1972 1949 1144 1167 1168 1145 1949 1972 1973 1950 1145 1168 1169 1146 1950 1973 1974 1951 1146 1169 1170 1147 1951 1974 1975 1952 1147 1170 202 201 1952 1975 503 502 167 168 1171 1148 445 446 1976 1953 1148 1171 1172 1149 1953 1976 1977 1954 1149 1172 1173 1150 1954 1977 1978 1955 1150 1173 1174 1151 1955 1978 1979 1956 1151 1174 1175 1152 1956 1979 1980 1957 1152 1175 1176 1153 1957 1980 1981 1958 1153 1176 1177 1154 1958 1981 1982 1959 1154 1177 1178 1155 1959 1982 1983 1960 1155 1178 1179 1156 1960 1983 1984 1961 1156 1179 1180 1157 1961 1984 1985 1962 1157 1180 1181 1158 1962 1985 1986 1963 1158 1181 1182 1159 1963 1986 1987 1964 1159 1182 1183 1160 1964 1987 1988 1965 1160 1183 1184 1161 1965 1988 1989 1966 1161 1184 1185 1162 1966 1989 1990 1967 1162 1185 1186 1163 1967 1990 1991 1968 1163 1186 1187 1164 1968 1991 1992 1969 1164 1187 1188 1165 1969 1992 1993 1970 1165 1188 1189 1166 1970 1993 1994 1971 1166 1189 1190 1167 1971 1994 1995 1972 1167 1190 1191 1168 1972 1995 1996 1973 1168 1191 1192 1169 1973 1996 1997 1974 1169 1192 1193 1170 1974 1997 1998 1975 1170 1193 203 202 1975 1998 504 503 168 169 1194 1171 446 447 1999 1976 1171 1194 1195 1172 1976 1999 2000 1977 1172 1195 1196 1173 1977 2000 2001 1978 1173 1196 1197 1174 1978 2001 2002 1979 1174 1197 1198 1175 1979 2002 2003 1980 1175 1198 1199 1176 1980 2003 2004 1981 1176 1199 1200 1177 1981 2004 2005 1982 1177 1200 1201 1178 1982 2005 2006 1983 1178 1201 1202 1179 1983 2006 2007 1984 1179 1202 1203 1180 1984 2007 2008 1985 1180 1203 1204 1181 1985 2008 2009 1986 1181 1204 1205 1182 1986 2009 2010 1987 1182 1205 1206 1183 1987 2010 2011 1988 1183 1206 1207 1184 1988 2011 2012 1989 1184 1207 1208 1185 1989 2012 2013 1990 1185 1208 1209 1186 1990 2013 2014 1991 1186 1209 1210 1187 1991 2014 2015 1992 1187 1210 1211 1188 1992 2015 2016 1993 1188 1211 1212 1189 1993 2016 2017 1994 1189 1212 1213 1190 1994 2017 2018 1995 1190 1213 1214 1191 1995 2018 2019 1996 1191 1214 1215 1192 1996 2019 2020 1997 1192 1215 1216 1193 1997 2020 2021 1998 1193 1216 204 203 1998 2021 505 504 169 170 1217 1194 447 448 2022 1999 1194 1217 1218 1195 1999 2022 2023 2000 1195 1218 1219 1196 2000 2023 2024 2001 1196 1219 1220 1197 2001 2024 2025 2002 1197 1220 1221 1198 2002 2025 2026 2003 1198 1221 1222 1199 2003 2026 2027 2004 1199 1222 1223 1200 2004 2027 2028 2005 1200 1223 1224 1201 2005 2028 2029 2006 1201 1224 1225 1202 2006 2029 2030 2007 1202 1225 1226 1203 2007 2030 2031 2008 1203 1226 1227 1204 2008 2031 2032 2009 1204 1227 1228 1205 2009 2032 2033 2010 1205 1228 1229 1206 2010 2033 2034 2011 1206 1229 1230 1207 2011 2034 2035 2012 1207 1230 1231 1208 2012 2035 2036 2013 1208 1231 1232 1209 2013 2036 2037 2014 1209 1232 1233 1210 2014 2037 2038 2015 1210 1233 1234 1211 2015 2038 2039 2016 1211 1234 1235 1212 2016 2039 2040 2017 1212 1235 1236 1213 2017 2040 2041 2018 1213 1236 1237 1214 2018 2041 2042 2019 1214 1237 1238 1215 2019 2042 2043 2020 1215 1238 1239 1216 2020 2043 2044 2021 1216 1239 205 204 2021 2044 506 505 170 171 1240 1217 448 449 2045 2022 1217 1240 1241 1218 2022 2045 2046 2023 1218 1241 1242 1219 2023 2046 2047 2024 1219 1242 1243 1220 2024 2047 2048 2025 1220 1243 1244 1221 2025 2048 2049 2026 1221 1244 1245 1222 2026 2049 2050 2027 1222 1245 1246 1223 2027 2050 2051 2028 1223 1246 1247 1224 2028 2051 2052 2029 1224 1247 1248 1225 2029 2052 2053 2030 1225 1248 1249 1226 2030 2053 2054 2031 1226 1249 1250 1227 2031 2054 2055 2032 1227 1250 1251 1228 2032 2055 2056 2033 1228 1251 1252 1229 2033 2056 2057 2034 1229 1252 1253 1230 2034 2057 2058 2035 1230 1253 1254 1231 2035 2058 2059 2036 1231 1254 1255 1232 2036 2059 2060 2037 1232 1255 1256 1233 2037 2060 2061 2038 1233 1256 1257 1234 2038 2061 2062 2039 1234 1257 1258 1235 2039 2062 2063 2040 1235 1258 1259 1236 2040 2063 2064 2041 1236 1259 1260 1237 2041 2064 2065 2042 1237 1260 1261 1238 2042 2065 2066 2043 1238 1261 1262 1239 2043 2066 2067 2044 1239 1262 206 205 2044 2067 507 506 171 172 1263 1240 449 450 2068 2045 1240 1263 1264 1241 2045 2068 2069 2046 1241 1264 1265 1242 2046 2069 2070 2047 1242 1265 1266 1243 2047 2070 2071 2048 1243 1266 1267 1244 2048 2071 2072 2049 1244 1267 1268 1245 2049 2072 2073 2050 1245 1268 1269 1246 2050 2073 2074 2051 1246 1269 1270 1247 2051 2074 2075 2052 1247 1270 1271 1248 2052 2075 2076 2053 1248 1271 1272 1249 2053 2076 2077 2054 1249 1272 1273 1250 2054 2077 2078 2055 1250 1273 1274 1251 2055 2078 2079 2056 1251 1274 1275 1252 2056 2079 2080 2057 1252 1275 1276 1253 2057 2080 2081 2058 1253 1276 1277 1254 2058 2081 2082 2059 1254 1277 1278 1255 2059 2082 2083 2060 1255 1278 1279 1256 2060 2083 2084 2061 1256 1279 1280 1257 2061 2084 2085 2062 1257 1280 1281 1258 2062 2085 2086 2063 1258 1281 1282 1259 2063 2086 2087 2064 1259 1282 1283 1260 2064 2087 2088 2065 1260 1283 1284 1261 2065 2088 2089 2066 1261 1284 1285 1262 2066 2089 2090 2067 1262 1285 207 206 2067 2090 508 507 172 173 1286 1263 450 451 2091 2068 1263 1286 1287 1264 2068 2091 2092 2069 1264 1287 1288 1265 2069 2092 2093 2070 1265 1288 1289 1266 2070 2093 2094 2071 1266 1289 1290 1267 2071 2094 2095 2072 1267 1290 1291 1268 2072 2095 2096 2073 1268 1291 1292 1269 2073 2096 2097 2074 1269 1292 1293 1270 2074 2097 2098 2075 1270 1293 1294 1271 2075 2098 2099 2076 1271 1294 1295 1272 2076 2099 2100 2077 1272 1295 1296 1273 2077 2100 2101 2078 1273 1296 1297 1274 2078 2101 2102 2079 1274 1297 1298 1275 2079 2102 2103 2080 1275 1298 1299 1276 2080 2103 2104 2081 1276 1299 1300 1277 2081 2104 2105 2082 1277 1300 1301 1278 2082 2105 2106 2083 1278 1301 1302 1279 2083 2106 2107 2084 1279 1302 1303 1280 2084 2107 2108 2085 1280 1303 1304 1281 2085 2108 2109 2086 1281 1304 1305 1282 2086 2109 2110 2087 1282 1305 1306 1283 2087 2110 2111 2088 1283 1306 1307 1284 2088 2111 2112 2089 1284 1307 1308 1285 2089 2112 2113 2090 1285 1308 208 207 2090 2113 509 508 173 174 1309 1286 451 452 2114 2091 1286 1309 1310 1287 2091 2114 2115 2092 1287 1310 1311 1288 2092 2115 2116 2093 1288 1311 1312 1289 2093 2116 2117 2094 1289 1312 1313 1290 2094 2117 2118 2095 1290 1313 1314 1291 2095 2118 2119 2096 1291 1314 1315 1292 2096 2119 2120 2097 1292 1315 1316 1293 2097 2120 2121 2098 1293 1316 1317 1294 2098 2121 2122 2099 1294 1317 1318 1295 2099 2122 2123 2100 1295 1318 1319 1296 2100 2123 2124 2101 1296 1319 1320 1297 2101 2124 2125 2102 1297 1320 1321 1298 2102 2125 2126 2103 1298 1321 1322 1299 2103 2126 2127 2104 1299 1322 1323 1300 2104 2127 2128 2105 1300 1323 1324 1301 2105 2128 2129 2106 1301 1324 1325 1302 2106 2129 2130 2107 1302 1325 1326 1303 2107 2130 2131 2108 1303 1326 1327 1304 2108 2131 2132 2109 1304 1327 1328 1305 2109 2132 2133 2110 1305 1328 1329 1306 2110 2133 2134 2111 1306 1329 1330 1307 2111 2134 2135 2112 1307 1330 1331 1308 2112 2135 2136 2113 1308 1331 209 208 2113 2136 510 509 174 175 1332 1309 452 453 2137 2114 1309 1332 1333 1310 2114 2137 2138 2115 1310 1333 1334 1311 2115 2138 2139 2116 1311 1334 1335 1312 2116 2139 2140 2117 1312 1335 1336 1313 2117 2140 2141 2118 1313 1336 1337 1314 2118 2141 2142 2119 1314 1337 1338 1315 2119 2142 2143 2120 1315 1338 1339 1316 2120 2143 2144 2121 1316 1339 1340 1317 2121 2144 2145 2122 1317 1340 1341 1318 2122 2145 2146 2123 1318 1341 1342 1319 2123 2146 2147 2124 1319 1342 1343 1320 2124 2147 2148 2125 1320 1343 1344 1321 2125 2148 2149 2126 1321 1344 1345 1322 2126 2149 2150 2127 1322 1345 1346 1323 2127 2150 2151 2128 1323 1346 1347 1324 2128 2151 2152 2129 1324 1347 1348 1325 2129 2152 2153 2130 1325 1348 1349 1326 2130 2153 2154 2131 1326 1349 1350 1327 2131 2154 2155 2132 1327 1350 1351 1328 2132 2155 2156 2133 1328 1351 1352 1329 2133 2156 2157 2134 1329 1352 1353 1330 2134 2157 2158 2135 1330 1353 1354 1331 2135 2158 2159 2136 1331 1354 210 209 2136 2159 511 510 175 176 1355 1332 453 454 2160 2137 1332 1355 1356 1333 2137 2160 2161 2138 1333 1356 1357 1334 2138 2161 2162 2139 1334 1357 1358 1335 2139 2162 2163 2140 1335 1358 1359 1336 2140 2163 2164 2141 1336 1359 1360 1337 2141 2164 2165 2142 1337 1360 1361 1338 2142 2165 2166 2143 1338 1361 1362 1339 2143 2166 2167 2144 1339 1362 1363 1340 2144 2167 2168 2145 1340 1363 1364 1341 2145 2168 2169 2146 1341 1364 1365 1342 2146 2169 2170 2147 1342 1365 1366 1343 2147 2170 2171 2148 1343 1366 1367 1344 2148 2171 2172 2149 1344 1367 1368 1345 2149 2172 2173 2150 1345 1368 1369 1346 2150 2173 2174 2151 1346 1369 1370 1347 2151 2174 2175 2152 1347 1370 1371 1348 2152 2175 2176 2153 1348 1371 1372 1349 2153 2176 2177 2154 1349 1372 1373 1350 2154 2177 2178 2155 1350 1373 1374 1351 2155 2178 2179 2156 1351 1374 1375 1352 2156 2179 2180 2157 1352 1375 1376 1353 2157 2180 2181 2158 1353 1376 1377 1354 2158 2181 2182 2159 1354 1377 211 210 2159 2182 512 511 176 177 1378 1355 454 455 2183 2160 1355 1378 1379 1356 2160 2183 2184 2161 1356 1379 1380 1357 2161 2184 2185 2162 1357 1380 1381 1358 2162 2185 2186 2163 1358 1381 1382 1359 2163 2186 2187 2164 1359 1382 1383 1360 2164 2187 2188 2165 1360 1383 1384 1361 2165 2188 2189 2166 1361 1384 1385 1362 2166 2189 2190 2167 1362 1385 1386 1363 2167 2190 2191 2168 1363 1386 1387 1364 2168 2191 2192 2169 1364 1387 1388 1365 2169 2192 2193 2170 1365 1388 1389 1366 2170 2193 2194 2171 1366 1389 1390 1367 2171 2194 2195 2172 1367 1390 1391 1368 2172 2195 2196 2173 1368 1391 1392 1369 2173 2196 2197 2174 1369 1392 1393 1370 2174 2197 2198 2175 1370 1393 1394 1371 2175 2198 2199 2176 1371 1394 1395 1372 2176 2199 2200 2177 1372 1395 1396 1373 2177 2200 2201 2178 1373 1396 1397 1374 2178 2201 2202 2179 1374 1397 1398 1375 2179 2202 2203 2180 1375 1398 1399 1376 2180 2203 2204 2181 1376 1399 1400 1377 2181 2204 2205 2182 1377 1400 212 211 2182 2205 513 512 177 178 1401 1378 455 456 2206 2183 1378 1401 1402 1379 2183 2206 2207 2184 1379 1402 1403 1380 2184 2207 2208 2185 1380 1403 1404 1381 2185 2208 2209 2186 1381 1404 1405 1382 2186 2209 2210 2187 1382 1405 1406 1383 2187 2210 2211 2188 1383 1406 1407 1384 2188 2211 2212 2189 1384 1407 1408 1385 2189 2212 2213 2190 1385 1408 1409 1386 2190 2213 2214 2191 1386 1409 1410 1387 2191 2214 2215 2192 1387 1410 1411 1388 2192 2215 2216 2193 1388 1411 1412 1389 2193 2216 2217 2194 1389 1412 1413 1390 2194 2217 2218 2195 1390 1413 1414 1391 2195 2218 2219 2196 1391 1414 1415 1392 2196 2219 2220 2197 1392 1415 1416 1393 2197 2220 2221 2198 1393 1416 1417 1394 2198 2221 2222 2199 1394 1417 1418 1395 2199 2222 2223 2200 1395 1418 1419 1396 2200 2223 2224 2201 1396 1419 1420 1397 2201 2224 2225 2202 1397 1420 1421 1398 2202 2225 2226 2203 1398 1421 1422 1399 2203 2226 2227 2204 1399 1422 1423 1400 2204 2227 2228 2205 1400 1423 213 212 2205 2228 514 513 178 179 1424 1401 456 457 2229 2206 1401 1424 1425 1402 2206 2229 2230 2207 1402 1425 1426 1403 2207 2230 2231 2208 1403 1426 1427 1404 2208 2231 2232 2209 1404 1427 1428 1405 2209 2232 2233 2210 1405 1428 1429 1406 2210 2233 2234 2211 1406 1429 1430 1407 2211 2234 2235 2212 1407 1430 1431 1408 2212 2235 2236 2213 1408 1431 1432 1409 2213 2236 2237 2214 1409 1432 1433 1410 2214 2237 2238 2215 1410 1433 1434 1411 2215 2238 2239 2216 1411 1434 1435 1412 2216 2239 2240 2217 1412 1435 1436 1413 2217 2240 2241 2218 1413 1436 1437 1414 2218 2241 2242 2219 1414 1437 1438 1415 2219 2242 2243 2220 1415 1438 1439 1416 2220 2243 2244 2221 1416 1439 1440 1417 2221 2244 2245 2222 1417 1440 1441 1418 2222 2245 2246 2223 1418 1441 1442 1419 2223 2246 2247 2224 1419 1442 1443 1420 2224 2247 2248 2225 1420 1443 1444 1421 2225 2248 2249 2226 1421 1444 1445 1422 2226 2249 2250 2227 1422 1445 1446 1423 2227 2250 2251 2228 1423 1446 214 213 2228 2251 515 514 179 180 1447 1424 457 458 2252 2229 1424 1447 1448 1425 2229 2252 2253 2230 1425 1448 1449 1426 2230 2253 2254 2231 1426 1449 1450 1427 2231 2254 2255 2232 1427 1450 1451 1428 2232 2255 2256 2233 1428 1451 1452 1429 2233 2256 2257 2234 1429 1452 1453 1430 2234 2257 2258 2235 1430 1453 1454 1431 2235 2258 2259 2236 1431 1454 1455 1432 2236 2259 2260 2237 1432 1455 1456 1433 2237 2260 2261 2238 1433 1456 1457 1434 2238 2261 2262 2239 1434 1457 1458 1435 2239 2262 2263 2240 1435 1458 1459 1436 2240 2263 2264 2241 1436 1459 1460 1437 2241 2264 2265 2242 1437 1460 1461 1438 2242 2265 2266 2243 1438 1461 1462 1439 2243 2266 2267 2244 1439 1462 1463 1440 2244 2267 2268 2245 1440 1463 1464 1441 2245 2268 2269 2246 1441 1464 1465 1442 2246 2269 2270 2247 1442 1465 1466 1443 2247 2270 2271 2248 1443 1466 1467 1444 2248 2271 2272 2249 1444 1467 1468 1445 2249 2272 2273 2250 1445 1468 1469 1446 2250 2273 2274 2251 1446 1469 215 214 2251 2274 516 515 180 181 1470 1447 458 459 2275 2252 1447 1470 1471 1448 2252 2275 2276 2253 1448 1471 1472 1449 2253 2276 2277 2254 1449 1472 1473 1450 2254 2277 2278 2255 1450 1473 1474 1451 2255 2278 2279 2256 1451 1474 1475 1452 2256 2279 2280 2257 1452 1475 1476 1453 2257 2280 2281 2258 1453 1476 1477 1454 2258 2281 2282 2259 1454 1477 1478 1455 2259 2282 2283 2260 1455 1478 1479 1456 2260 2283 2284 2261 1456 1479 1480 1457 2261 2284 2285 2262 1457 1480 1481 1458 2262 2285 2286 2263 1458 1481 1482 1459 2263 2286 2287 2264 1459 1482 1483 1460 2264 2287 2288 2265 1460 1483 1484 1461 2265 2288 2289 2266 1461 1484 1485 1462 2266 2289 2290 2267 1462 1485 1486 1463 2267 2290 2291 2268 1463 1486 1487 1464 2268 2291 2292 2269 1464 1487 1488 1465 2269 2292 2293 2270 1465 1488 1489 1466 2270 2293 2294 2271 1466 1489 1490 1467 2271 2294 2295 2272 1467 1490 1491 1468 2272 2295 2296 2273 1468 1491 1492 1469 2273 2296 2297 2274 1469 1492 216 215 2274 2297 517 516 181 182 1493 1470 459 460 2298 2275 1470 1493 1494 1471 2275 2298 2299 2276 1471 1494 1495 1472 2276 2299 2300 2277 1472 1495 1496 1473 2277 2300 2301 2278 1473 1496 1497 1474 2278 2301 2302 2279 1474 1497 1498 1475 2279 2302 2303 2280 1475 1498 1499 1476 2280 2303 2304 2281 1476 1499 1500 1477 2281 2304 2305 2282 1477 1500 1501 1478 2282 2305 2306 2283 1478 1501 1502 1479 2283 2306 2307 2284 1479 1502 1503 1480 2284 2307 2308 2285 1480 1503 1504 1481 2285 2308 2309 2286 1481 1504 1505 1482 2286 2309 2310 2287 1482 1505 1506 1483 2287 2310 2311 2288 1483 1506 1507 1484 2288 2311 2312 2289 1484 1507 1508 1485 2289 2312 2313 2290 1485 1508 1509 1486 2290 2313 2314 2291 1486 1509 1510 1487 2291 2314 2315 2292 1487 1510 1511 1488 2292 2315 2316 2293 1488 1511 1512 1489 2293 2316 2317 2294 1489 1512 1513 1490 2294 2317 2318 2295 1490 1513 1514 1491 2295 2318 2319 2296 1491 1514 1515 1492 2296 2319 2320 2297 1492 1515 217 216 2297 2320 518 517 182 183 1516 1493 460 461 2321 2298 1493 1516 1517 1494 2298 2321 2322 2299 1494 1517 1518 1495 2299 2322 2323 2300 1495 1518 1519 1496 2300 2323 2324 2301 1496 1519 1520 1497 2301 2324 2325 2302 1497 1520 1521 1498 2302 2325 2326 2303 1498 1521 1522 1499 2303 2326 2327 2304 1499 1522 1523 1500 2304 2327 2328 2305 1500 1523 1524 1501 2305 2328 2329 2306 1501 1524 1525 1502 2306 2329 2330 2307 1502 1525 1526 1503 2307 2330 2331 2308 1503 1526 1527 1504 2308 2331 2332 2309 1504 1527 1528 1505 2309 2332 2333 2310 1505 1528 1529 1506 2310 2333 2334 2311 1506 1529 1530 1507 2311 2334 2335 2312 1507 1530 1531 1508 2312 2335 2336 2313 1508 1531 1532 1509 2313 2336 2337 2314 1509 1532 1533 1510 2314 2337 2338 2315 1510 1533 1534 1511 2315 2338 2339 2316 1511 1534 1535 1512 2316 2339 2340 2317 1512 1535 1536 1513 2317 2340 2341 2318 1513 1536 1537 1514 2318 2341 2342 2319 1514 1537 1538 1515 2319 2342 2343 2320 1515 1538 218 217 2320 2343 519 518 183 184 1539 1516 461 462 2344 2321 1516 1539 1540 1517 2321 2344 2345 2322 1517 1540 1541 1518 2322 2345 2346 2323 1518 1541 1542 1519 2323 2346 2347 2324 1519 1542 1543 1520 2324 2347 2348 2325 1520 1543 1544 1521 2325 2348 2349 2326 1521 1544 1545 1522 2326 2349 2350 2327 1522 1545 1546 1523 2327 2350 2351 2328 1523 1546 1547 1524 2328 2351 2352 2329 1524 1547 1548 1525 2329 2352 2353 2330 1525 1548 1549 1526 2330 2353 2354 2331 1526 1549 1550 1527 2331 2354 2355 2332 1527 1550 1551 1528 2332 2355 2356 2333 1528 1551 1552 1529 2333 2356 2357 2334 1529 1552 1553 1530 2334 2357 2358 2335 1530 1553 1554 1531 2335 2358 2359 2336 1531 1554 1555 1532 2336 2359 2360 2337 1532 1555 1556 1533 2337 2360 2361 2338 1533 1556 1557 1534 2338 2361 2362 2339 1534 1557 1558 1535 2339 2362 2363 2340 1535 1558 1559 1536 2340 2363 2364 2341 1536 1559 1560 1537 2341 2364 2365 2342 1537 1560 1561 1538 2342 2365 2366 2343 1538 1561 219 218 2343 2366 520 519 184 185 1562 1539 462 463 2367 2344 1539 1562 1563 1540 2344 2367 2368 2345 1540 1563 1564 1541 2345 2368 2369 2346 1541 1564 1565 1542 2346 2369 2370 2347 1542 1565 1566 1543 2347 2370 2371 2348 1543 1566 1567 1544 2348 2371 2372 2349 1544 1567 1568 1545 2349 2372 2373 2350 1545 1568 1569 1546 2350 2373 2374 2351 1546 1569 1570 1547 2351 2374 2375 2352 1547 1570 1571 1548 2352 2375 2376 2353 1548 1571 1572 1549 2353 2376 2377 2354 1549 1572 1573 1550 2354 2377 2378 2355 1550 1573 1574 1551 2355 2378 2379 2356 1551 1574 1575 1552 2356 2379 2380 2357 1552 1575 1576 1553 2357 2380 2381 2358 1553 1576 1577 1554 2358 2381 2382 2359 1554 1577 1578 1555 2359 2382 2383 2360 1555 1578 1579 1556 2360 2383 2384 2361 1556 1579 1580 1557 2361 2384 2385 2362 1557 1580 1581 1558 2362 2385 2386 2363 1558 1581 1582 1559 2363 2386 2387 2364 1559 1582 1583 1560 2364 2387 2388 2365 1560 1583 1584 1561 2365 2388 2389 2366 1561 1584 220 219 2366 2389 521 520 185 186 1585 1562 463 464 2390 2367 1562 1585 1586 1563 2367 2390 2391 2368 1563 1586 1587 1564 2368 2391 2392 2369 1564 1587 1588 1565 2369 2392 2393 2370 1565 1588 1589 1566 2370 2393 2394 2371 1566 1589 1590 1567 2371 2394 2395 2372 1567 1590 1591 1568 2372 2395 2396 2373 1568 1591 1592 1569 2373 2396 2397 2374 1569 1592 1593 1570 2374 2397 2398 2375 1570 1593 1594 1571 2375 2398 2399 2376 1571 1594 1595 1572 2376 2399 2400 2377 1572 1595 1596 1573 2377 2400 2401 2378 1573 1596 1597 1574 2378 2401 2402 2379 1574 1597 1598 1575 2379 2402 2403 2380 1575 1598 1599 1576 2380 2403 2404 2381 1576 1599 1600 1577 2381 2404 2405 2382 1577 1600 1601 1578 2382 2405 2406 2383 1578 1601 1602 1579 2383 2406 2407 2384 1579 1602 1603 1580 2384 2407 2408 2385 1580 1603 1604 1581 2385 2408 2409 2386 1581 1604 1605 1582 2386 2409 2410 2387 1582 1605 1606 1583 2387 2410 2411 2388 1583 1606 1607 1584 2388 2411 2412 2389 1584 1607 221 220 2389 2412 522 521 186 187 1608 1585 464 465 2413 2390 1585 1608 1609 1586 2390 2413 2414 2391 1586 1609 1610 1587 2391 2414 2415 2392 1587 1610 1611 1588 2392 2415 2416 2393 1588 1611 1612 1589 2393 2416 2417 2394 1589 1612 1613 1590 2394 2417 2418 2395 1590 1613 1614 1591 2395 2418 2419 2396 1591 1614 1615 1592 2396 2419 2420 2397 1592 1615 1616 1593 2397 2420 2421 2398 1593 1616 1617 1594 2398 2421 2422 2399 1594 1617 1618 1595 2399 2422 2423 2400 1595 1618 1619 1596 2400 2423 2424 2401 1596 1619 1620 1597 2401 2424 2425 2402 1597 1620 1621 1598 2402 2425 2426 2403 1598 1621 1622 1599 2403 2426 2427 2404 1599 1622 1623 1600 2404 2427 2428 2405 1600 1623 1624 1601 2405 2428 2429 2406 1601 1624 1625 1602 2406 2429 2430 2407 1602 1625 1626 1603 2407 2430 2431 2408 1603 1626 1627 1604 2408 2431 2432 2409 1604 1627 1628 1605 2409 2432 2433 2410 1605 1628 1629 1606 2410 2433 2434 2411 1606 1629 1630 1607 2411 2434 2435 2412 1607 1630 222 221 2412 2435 523 522 187 188 1631 1608 465 466 2436 2413 1608 1631 1632 1609 2413 2436 2437 2414 1609 1632 1633 1610 2414 2437 2438 2415 1610 1633 1634 1611 2415 2438 2439 2416 1611 1634 1635 1612 2416 2439 2440 2417 1612 1635 1636 1613 2417 2440 2441 2418 1613 1636 1637 1614 2418 2441 2442 2419 1614 1637 1638 1615 2419 2442 2443 2420 1615 1638 1639 1616 2420 2443 2444 2421 1616 1639 1640 1617 2421 2444 2445 2422 1617 1640 1641 1618 2422 2445 2446 2423 1618 1641 1642 1619 2423 2446 2447 2424 1619 1642 1643 1620 2424 2447 2448 2425 1620 1643 1644 1621 2425 2448 2449 2426 1621 1644 1645 1622 2426 2449 2450 2427 1622 1645 1646 1623 2427 2450 2451 2428 1623 1646 1647 1624 2428 2451 2452 2429 1624 1647 1648 1625 2429 2452 2453 2430 1625 1648 1649 1626 2430 2453 2454 2431 1626 1649 1650 1627 2431 2454 2455 2432 1627 1650 1651 1628 2432 2455 2456 2433 1628 1651 1652 1629 2433 2456 2457 2434 1629 1652 1653 1630 2434 2457 2458 2435 1630 1653 223 222 2435 2458 524 523 188 189 1654 1631 466 467 2459 2436 1631 1654 1655 1632 2436 2459 2460 2437 1632 1655 1656 1633 2437 2460 2461 2438 1633 1656 1657 1634 2438 2461 2462 2439 1634 1657 1658 1635 2439 2462 2463 2440 1635 1658 1659 1636 2440 2463 2464 2441 1636 1659 1660 1637 2441 2464 2465 2442 1637 1660 1661 1638 2442 2465 2466 2443 1638 1661 1662 1639 2443 2466 2467 2444 1639 1662 1663 1640 2444 2467 2468 2445 1640 1663 1664 1641 2445 2468 2469 2446 1641 1664 1665 1642 2446 2469 2470 2447 1642 1665 1666 1643 2447 2470 2471 2448 1643 1666 1667 1644 2448 2471 2472 2449 1644 1667 1668 1645 2449 2472 2473 2450 1645 1668 1669 1646 2450 2473 2474 2451 1646 1669 1670 1647 2451 2474 2475 2452 1647 1670 1671 1648 2452 2475 2476 2453 1648 1671 1672 1649 2453 2476 2477 2454 1649 1672 1673 1650 2454 2477 2478 2455 1650 1673 1674 1651 2455 2478 2479 2456 1651 1674 1675 1652 2456 2479 2480 2457 1652 1675 1676 1653 2457 2480 2481 2458 1653 1676 224 223 2458 2481 525 524 189 190 1677 1654 467 468 2482 2459 1654 1677 1678 1655 2459 2482 2483 2460 1655 1678 1679 1656 2460 2483 2484 2461 1656 1679 1680 1657 2461 2484 2485 2462 1657 1680 1681 1658 2462 2485 2486 2463 1658 1681 1682 1659 2463 2486 2487 2464 1659 1682 1683 1660 2464 2487 2488 2465 1660 1683 1684 1661 2465 2488 2489 2466 1661 1684 1685 1662 2466 2489 2490 2467 1662 1685 1686 1663 2467 2490 2491 2468 1663 1686 1687 1664 2468 2491 2492 2469 1664 1687 1688 1665 2469 2492 2493 2470 1665 1688 1689 1666 2470 2493 2494 2471 1666 1689 1690 1667 2471 2494 2495 2472 1667 1690 1691 1668 2472 2495 2496 2473 1668 1691 1692 1669 2473 2496 2497 2474 1669 1692 1693 1670 2474 2497 2498 2475 1670 1693 1694 1671 2475 2498 2499 2476 1671 1694 1695 1672 2476 2499 2500 2477 1672 1695 1696 1673 2477 2500 2501 2478 1673 1696 1697 1674 2478 2501 2502 2479 1674 1697 1698 1675 2479 2502 2503 2480 1675 1698 1699 1676 2480 2503 2504 2481 1676 1699 225 224 2481 2504 526 525 190 191 1700 1677 468 469 2505 2482 1677 1700 1701 1678 2482 2505 2506 2483 1678 1701 1702 1679 2483 2506 2507 2484 1679 1702 1703 1680 2484 2507 2508 2485 1680 1703 1704 1681 2485 2508 2509 2486 1681 1704 1705 1682 2486 2509 2510 2487 1682 1705 1706 1683 2487 2510 2511 2488 1683 1706 1707 1684 2488 2511 2512 2489 1684 1707 1708 1685 2489 2512 2513 2490 1685 1708 1709 1686 2490 2513 2514 2491 1686 1709 1710 1687 2491 2514 2515 2492 1687 1710 1711 1688 2492 2515 2516 2493 1688 1711 1712 1689 2493 2516 2517 2494 1689 1712 1713 1690 2494 2517 2518 2495 1690 1713 1714 1691 2495 2518 2519 2496 1691 1714 1715 1692 2496 2519 2520 2497 1692 1715 1716 1693 2497 2520 2521 2498 1693 1716 1717 1694 2498 2521 2522 2499 1694 1717 1718 1695 2499 2522 2523 2500 1695 1718 1719 1696 2500 2523 2524 2501 1696 1719 1720 1697 2501 2524 2525 2502 1697 1720 1721 1698 2502 2525 2526 2503 1698 1721 1722 1699 2503 2526 2527 2504 1699 1722 226 225 2504 2527 527 526 191 192 1723 1700 469 470 2528 2505 1700 1723 1724 1701 2505 2528 2529 2506 1701 1724 1725 1702 2506 2529 2530 2507 1702 1725 1726 1703 2507 2530 2531 2508 1703 1726 1727 1704 2508 2531 2532 2509 1704 1727 1728 1705 2509 2532 2533 2510 1705 1728 1729 1706 2510 2533 2534 2511 1706 1729 1730 1707 2511 2534 2535 2512 1707 1730 1731 1708 2512 2535 2536 2513 1708 1731 1732 1709 2513 2536 2537 2514 1709 1732 1733 1710 2514 2537 2538 2515 1710 1733 1734 1711 2515 2538 2539 2516 1711 1734 1735 1712 2516 2539 2540 2517 1712 1735 1736 1713 2517 2540 2541 2518 1713 1736 1737 1714 2518 2541 2542 2519 1714 1737 1738 1715 2519 2542 2543 2520 1715 1738 1739 1716 2520 2543 2544 2521 1716 1739 1740 1717 2521 2544 2545 2522 1717 1740 1741 1718 2522 2545 2546 2523 1718 1741 1742 1719 2523 2546 2547 2524 1719 1742 1743 1720 2524 2547 2548 2525 1720 1743 1744 1721 2525 2548 2549 2526 1721 1744 1745 1722 2526 2549 2550 2527 1722 1745 227 226 2527 2550 528 527 192 193 1746 1723 470 471 2551 2528 1723 1746 1747 1724 2528 2551 2552 2529 1724 1747 1748 1725 2529 2552 2553 2530 1725 1748 1749 1726 2530 2553 2554 2531 1726 1749 1750 1727 2531 2554 2555 2532 1727 1750 1751 1728 2532 2555 2556 2533 1728 1751 1752 1729 2533 2556 2557 2534 1729 1752 1753 1730 2534 2557 2558 2535 1730 1753 1754 1731 2535 2558 2559 2536 1731 1754 1755 1732 2536 2559 2560 2537 1732 1755 1756 1733 2537 2560 2561 2538 1733 1756 1757 1734 2538 2561 2562 2539 1734 1757 1758 1735 2539 2562 2563 2540 1735 1758 1759 1736 2540 2563 2564 2541 1736 1759 1760 1737 2541 2564 2565 2542 1737 1760 1761 1738 2542 2565 2566 2543 1738 1761 1762 1739 2543 2566 2567 2544 1739 1762 1763 1740 2544 2567 2568 2545 1740 1763 1764 1741 2545 2568 2569 2546 1741 1764 1765 1742 2546 2569 2570 2547 1742 1765 1766 1743 2547 2570 2571 2548 1743 1766 1767 1744 2548 2571 2572 2549 1744 1767 1768 1745 2549 2572 2573 2550 1745 1768 228 227 2550 2573 529 528 193 194 1769 1746 471 472 2574 2551 1746 1769 1770 1747 2551 2574 2575 2552 1747 1770 1771 1748 2552 2575 2576 2553 1748 1771 1772 1749 2553 2576 2577 2554 1749 1772 1773 1750 2554 2577 2578 2555 1750 1773 1774 1751 2555 2578 2579 2556 1751 1774 1775 1752 2556 2579 2580 2557 1752 1775 1776 1753 2557 2580 2581 2558 1753 1776 1777 1754 2558 2581 2582 2559 1754 1777 1778 1755 2559 2582 2583 2560 1755 1778 1779 1756 2560 2583 2584 2561 1756 1779 1780 1757 2561 2584 2585 2562 1757 1780 1781 1758 2562 2585 2586 2563 1758 1781 1782 1759 2563 2586 2587 2564 1759 1782 1783 1760 2564 2587 2588 2565 1760 1783 1784 1761 2565 2588 2589 2566 1761 1784 1785 1762 2566 2589 2590 2567 1762 1785 1786 1763 2567 2590 2591 2568 1763 1786 1787 1764 2568 2591 2592 2569 1764 1787 1788 1765 2569 2592 2593 2570 1765 1788 1789 1766 2570 2593 2594 2571 1766 1789 1790 1767 2571 2594 2595 2572 1767 1790 1791 1768 2572 2595 2596 2573 1768 1791 229 228 2573 2596 530 529 194 195 1792 1769 472 473 2597 2574 1769 1792 1793 1770 2574 2597 2598 2575 1770 1793 1794 1771 2575 2598 2599 2576 1771 1794 1795 1772 2576 2599 2600 2577 1772 1795 1796 1773 2577 2600 2601 2578 1773 1796 1797 1774 2578 2601 2602 2579 1774 1797 1798 1775 2579 2602 2603 2580 1775 1798 1799 1776 2580 2603 2604 2581 1776 1799 1800 1777 2581 2604 2605 2582 1777 1800 1801 1778 2582 2605 2606 2583 1778 1801 1802 1779 2583 2606 2607 2584 1779 1802 1803 1780 2584 2607 2608 2585 1780 1803 1804 1781 2585 2608 2609 2586 1781 1804 1805 1782 2586 2609 2610 2587 1782 1805 1806 1783 2587 2610 2611 2588 1783 1806 1807 1784 2588 2611 2612 2589 1784 1807 1808 1785 2589 2612 2613 2590 1785 1808 1809 1786 2590 2613 2614 2591 1786 1809 1810 1787 2591 2614 2615 2592 1787 1810 1811 1788 2592 2615 2616 2593 1788 1811 1812 1789 2593 2616 2617 2594 1789 1812 1813 1790 2594 2617 2618 2595 1790 1813 1814 1791 2595 2618 2619 2596 1791 1814 230 229 2596 2619 531 530 195 196 1815 1792 473 474 2620 2597 1792 1815 1816 1793 2597 2620 2621 2598 1793 1816 1817 1794 2598 2621 2622 2599 1794 1817 1818 1795 2599 2622 2623 2600 1795 1818 1819 1796 2600 2623 2624 2601 1796 1819 1820 1797 2601 2624 2625 2602 1797 1820 1821 1798 2602 2625 2626 2603 1798 1821 1822 1799 2603 2626 2627 2604 1799 1822 1823 1800 2604 2627 2628 2605 1800 1823 1824 1801 2605 2628 2629 2606 1801 1824 1825 1802 2606 2629 2630 2607 1802 1825 1826 1803 2607 2630 2631 2608 1803 1826 1827 1804 2608 2631 2632 2609 1804 1827 1828 1805 2609 2632 2633 2610 1805 1828 1829 1806 2610 2633 2634 2611 1806 1829 1830 1807 2611 2634 2635 2612 1807 1830 1831 1808 2612 2635 2636 2613 1808 1831 1832 1809 2613 2636 2637 2614 1809 1832 1833 1810 2614 2637 2638 2615 1810 1833 1834 1811 2615 2638 2639 2616 1811 1834 1835 1812 2616 2639 2640 2617 1812 1835 1836 1813 2617 2640 2641 2618 1813 1836 1837 1814 2618 2641 2642 2619 1814 1837 231 230 2619 2642 532 531 196 197 1838 1815 474 475 2643 2620 1815 1838 1839 1816 2620 2643 2644 2621 1816 1839 1840 1817 2621 2644 2645 2622 1817 1840 1841 1818 2622 2645 2646 2623 1818 1841 1842 1819 2623 2646 2647 2624 1819 1842 1843 1820 2624 2647 2648 2625 1820 1843 1844 1821 2625 2648 2649 2626 1821 1844 1845 1822 2626 2649 2650 2627 1822 1845 1846 1823 2627 2650 2651 2628 1823 1846 1847 1824 2628 2651 2652 2629 1824 1847 1848 1825 2629 2652 2653 2630 1825 1848 1849 1826 2630 2653 2654 2631 1826 1849 1850 1827 2631 2654 2655 2632 1827 1850 1851 1828 2632 2655 2656 2633 1828 1851 1852 1829 2633 2656 2657 2634 1829 1852 1853 1830 2634 2657 2658 2635 1830 1853 1854 1831 2635 2658 2659 2636 1831 1854 1855 1832 2636 2659 2660 2637 1832 1855 1856 1833 2637 2660 2661 2638 1833 1856 1857 1834 2638 2661 2662 2639 1834 1857 1858 1835 2639 2662 2663 2640 1835 1858 1859 1836 2640 2663 2664 2641 1836 1859 1860 1837 2641 2664 2665 2642 1837 1860 232 231 2642 2665 533 532 197 9 314 1838 475 25 476 2643 1838 314 315 1839 2643 476 477 2644 1839 315 316 1840 2644 477 478 2645 1840 316 317 1841 2645 478 479 2646 1841 317 318 1842 2646 479 480 2647 1842 318 319 1843 2647 480 481 2648 1843 319 320 1844 2648 481 482 2649 1844 320 321 1845 2649 482 483 2650 1845 321 322 1846 2650 483 484 2651 1846 322 323 1847 2651 484 485 2652 1847 323 324 1848 2652 485 486 2653 1848 324 325 1849 2653 486 487 2654 1849 325 326 1850 2654 487 488 2655 1850 326 327 1851 2655 488 489 2656 1851 327 328 1852 2656 489 490 2657 1852 328 329 1853 2657 490 491 2658 1853 329 330 1854 2658 491 492 2659 1854 330 331 1855 2659 492 493 2660 1855 331 332 1856 2660 493 494 2661 1856 332 333 1857 2661 494 495 2662 1857 333 334 1858 2662 495 496 2663 1858 334 335 1859 2663 496 497 2664 1859 335 336 1860 2664 497 498 2665 1860 336 10 232 2665 498 26 533 6 198 233 7 20 499 534 22 198 199 234 233 499 500 535 534 199 200 235 234 500 501 536 535 200 201 236 235 501 502 537 536 201 202 237 236 502 503 538 537 202 203 238 237 503 504 539 538 203 204 239 238 504 505 540 539 204 205 240 239 505 506 541 540 205 206 241 240 506 507 542 541 206 207 242 241 507 508 543 542 207 208 243 242 508 509 544 543 208 209 244 243 509 510 545 544 209 210 245 244 510 511 546 545 210 211 246 245 511 512 547 546 211 212 247 246 512 513 548 547 212 213 248 247 513 514 549 548 213 214 249 248 514 515 550 549 214 215 250 249 515 516 551 550 215 216 251 250 516 517 552 551 216 217 252 251 517 518 553 552 217 218 253 252 518 519 554 553 218 219 254 253 519 520 555 554 219 220 255 254 520 521 556 555 220 221 256 255 521 522 557 556 221 222 257 256 522 523 558 557 222 223 258 257 523 524 559 558 223 224 259 258 524 525 560 559 224 225 260 259 525 526 561 560 225 226 261 260 526 527 562 561 226 227 262 261 527 528 563 562 227 228 263 262 528 529 564 563 228 229 264 263 529 530 565 564 229 230 265 264 530 531 566 565 230 231 266 265 531 532 567 566 231 232 267 266 532 533 568 567 232 10 11 267 533 26 27 568 8 12 13 9 24 28 29 25 9 13 337 314 25 29 569 476 314 337 338 315 476 569 570 477 315 338 339 316 477 570 571 478 316 339 340 317 478 571 572 479 317 340 341 318 479 572 573 480 318 341 342 319 480 573 574 481 319 342 343 320 481 574 575 482 320 343 344 321 482 575 576 483 321 344 345 322 483 576 577 484 322 345 346 323 484 577 578 485 323 346 347 324 485 578 579 486 324 347 348 325 486 579 580 487 325 348 349 326 487 580 581 488 326 349 350 327 488 581 582 489 327 350 351 328 489 582 583 490 328 351 352 329 490 583 584 491 329 352 353 330 491 584 585 492 330 353 354 331 492 585 586 493 331 354 355 332 493 586 587 494 332 355 356 333 494 587 588 495 333 356 357 334 495 588 589 496 334 357 358 335 496 589 590 497 335 358 359 336 497 590 591 498 336 359 14 10 498 591 30 26 10 14 15 11 26 30 31 27 16 17 18 19 32 33 34 35 19 18 360 383 35 34 592 615 383 360 361 384 615 592 593 616 384 361 362 385 616 593 594 617 385 362 363 386 617 594 595 618 386 363 364 387 618 595 596 619 387 364 365 388 619 596 597 620 388 365 366 389 620 597 598 621 389 366 367 390 621 598 599 622 390 367 368 391 622 599 600 623 391 368 369 392 623 600 601 624 392 369 370 393 624 601 602 625 393 370 371 394 625 602 603 626 394 371 372 395 626 603 604 627 395 372 373 396 627 604 605 628 396 373 374 397 628 605 606 629 397 374 375 398 629 606 607 630 398 375 376 399 630 607 608 631 399 376 377 400 631 608 609 632 400 377 378 401 632 609 610 633 401 378 379 402 633 610 611 634 402 379 380 403 634 611 612 635 403 380 381 404 635 612 613 636 404 381 382 405 636 613 614 637 405 382 20 21 637 614 36 37 21 20 22 23 37 36 38 39 17 406 441 18 33 638 673 34 406 407 442 441 638 639 674 673 407 408 443 442 639 640 675 674 408 409 444 443 640 641 676 675 409 410 445 444 641 642 677 676 410 411 446 445 642 643 678 677 411 412 447 446 643 644 679 678 412 413 448 447 644 645 680 679 413 414 449 448 645 646 681 680 414 415 450 449 646 647 682 681 415 416 451 450 647 648 683 682 416 417 452 451 648 649 684 683 417 418 453 452 649 650 685 684 418 419 454 453 650 651 686 685 419 420 455 454 651 652 687 686 420 421 456 455 652 653 688 687 421 422 457 456 653 654 689 688 422 423 458 457 654 655 690 689 423 424 459 458 655 656 691 690 424 425 460 459 656 657 692 691 425 426 461 460 657 658 693 692 426 427 462 461 658 659 694 693 427 428 463 462 659 660 695 694 428 429 464 463 660 661 696 695 429 430 465 464 661 662 697 696 430 431 466 465 662 663 698 697 431 432 467 466 663 664 699 698 432 433 468 467 664 665 700 699 433 434 469 468 665 666 701 700 434 435 470 469 666 667 702 701 435 436 471 470 667 668 703 702 436 437 472 471 668 669 704 703 437 438 473 472 669 670 705 704 438 439 474 473 670 671 706 705 439 440 475 474 671 672 707 706 440 24 25 475 672 40 41 707 20 499 534 22 36 708 743 38 499 500 535 534 708 709 744 743 500 501 536 535 709 710 745 744 501 502 537 536 710 711 746 745 502 503 538 537 711 712 747 746 503 504 539 538 712 713 748 747 504 505 540 539 713 714 749 748 505 506 541 540 714 715 750 749 506 507 542 541 715 716 751 750 507 508 543 542 716 717 752 751 508 509 544 543 717 718 753 752 509 510 545 544 718 719 754 753 510 511 546 545 719 720 755 754 511 512 547 546 720 721 756 755 512 513 548 547 721 722 757 756 513 514 549 548 722 723 758 757 514 515 550 549 723 724 759 758 515 516 551 550 724 725 760 759 516 517 552 551 725 726 761 760 517 518 553 552 726 727 762 761 518 519 554 553 727 728 763 762 519 520 555 554 728 729 764 763 520 521 556 555 729 730 765 764 521 522 557 556 730 731 766 765 522 523 558 557 731 732 767 766 523 524 559 558 732 733 768 767 524 525 560 559 733 734 769 768 525 526 561 560 734 735 770 769 526 527 562 561 735 736 771 770 527 528 563 562 736 737 772 771 528 529 564 563 737 738 773 772 529 530 565 564 738 739 774 773 530 531 566 565 739 740 775 774 531 532 567 566 740 741 776 775 532 533 568 567 741 742 777 776 533 26 27 568 742 42 43 777 24 28 29 25 40 44 45 41 25 29 569 476 41 45 778 801 476 569 570 477 801 778 779 802 477 570 571 478 802 779 780 803 478 571 572 479 803 780 781 804 479 572 573 480 804 781 782 805 480 573 574 481 805 782 783 806 481 574 575 482 806 783 784 807 482 575 576 483 807 784 785 808 483 576 577 484 808 785 786 809 484 577 578 485 809 786 787 810 485 578 579 486 810 787 788 811 486 579 580 487 811 788 789 812 487 580 581 488 812 789 790 813 488 581 582 489 813 790 791 814 489 582 583 490 814 791 792 815 490 583 584 491 815 792 793 816 491 584 585 492 816 793 794 817 492 585 586 493 817 794 795 818 493 586 587 494 818 795 796 819 494 587 588 495 819 796 797 820 495 588 589 496 820 797 798 821 496 589 590 497 821 798 799 822 497 590 591 498 822 799 800 823 498 591 30 26 823 800 46 42 26 30 31 27 42 46 47 43 17 18 34 33 48 50 51 49 34 18 19 35 55 54 52 53 34 18 19 35 59 58 56 57 18 360 592 34 60 824 847 61 360 361 593 592 824 825 848 847 361 362 594 593 825 826 849 848 362 363 595 594 826 827 850 849 363 364 596 595 827 828 851 850 364 365 597 596 828 829 852 851 365 366 598 597 829 830 853 852 366 367 599 598 830 831 854 853 367 368 600 599 831 832 855 854 368 369 601 600 832 833 856 855 369 370 602 601 833 834 857 856 370 371 603 602 834 835 858 857 371 372 604 603 835 836 859 858 372 373 605 604 836 837 860 859 373 374 606 605 837 838 861 860 374 375 607 606 838 839 862 861 375 376 608 607 839 840 863 862 376 377 609 608 840 841 864 863 377 378 610 609 841 842 865 864 378 379 611 610 842 843 866 865 379 380 612 611 843 844 867 866 380 381 613 612 844 845 868 867 381 382 614 613 845 846 869 868 382 20 36 614 846 62 63 869 21 20 36 37 64 66 67 65 21 20 36 37 68 70 71 69 20 22 38 36 72 74 75 73 41 25 24 40 79 78 76 77 673 441 18 34 905 870 80 81 674 442 441 673 906 871 870 905 675 443 442 674 907 872 871 906 676 444 443 675 908 873 872 907 677 445 444 676 909 874 873 908 678 446 445 677 910 875 874 909 679 447 446 678 911 876 875 910 680 448 447 679 912 877 876 911 681 449 448 680 913 878 877 912 682 450 449 681 914 879 878 913 683 451 450 682 915 880 879 914 684 452 451 683 916 881 880 915 685 453 452 684 917 882 881 916 686 454 453 685 918 883 882 917 687 455 454 686 919 884 883 918 688 456 455 687 920 885 884 919 689 457 456 688 921 886 885 920 690 458 457 689 922 887 886 921 691 459 458 690 923 888 887 922 692 460 459 691 924 889 888 923 693 461 460 692 925 890 889 924 694 462 461 693 926 891 890 925 695 463 462 694 927 892 891 926 696 464 463 695 928 893 892 927 697 465 464 696 929 894 893 928 698 466 465 697 930 895 894 929 699 467 466 698 931 896 895 930 700 468 467 699 932 897 896 931 701 469 468 700 933 898 897 932 702 470 469 701 934 899 898 933 703 471 470 702 935 900 899 934 704 472 471 703 936 901 900 935 705 473 472 704 937 902 901 936 706 474 473 705 938 903 902 937 707 475 474 706 939 904 903 938 41 25 475 707 83 82 904 939 17 18 34 33 84 86 87 85 20 499 708 36 88 940 975 89 499 500 709 708 940 941 976 975 500 501 710 709 941 942 977 976 501 502 711 710 942 943 978 977 502 503 712 711 943 944 979 978 503 504 713 712 944 945 980 979 504 505 714 713 945 946 981 980 505 506 715 714 946 947 982 981 506 507 716 715 947 948 983 982 507 508 717 716 948 949 984 983 508 509 718 717 949 950 985 984 509 510 719 718 950 951 986 985 510 511 720 719 951 952 987 986 511 512 721 720 952 953 988 987 512 513 722 721 953 954 989 988 513 514 723 722 954 955 990 989 514 515 724 723 955 956 991 990 515 516 725 724 956 957 992 991 516 517 726 725 957 958 993 992 517 518 727 726 958 959 994 993 518 519 728 727 959 960 995 994 519 520 729 728 960 961 996 995 520 521 730 729 961 962 997 996 521 522 731 730 962 963 998 997 522 523 732 731 963 964 999 998 523 524 733 732 964 965 1000 999 524 525 734 733 965 966 1001 1000 525 526 735 734 966 967 1002 1001 526 527 736 735 967 968 1003 1002 527 528 737 736 968 969 1004 1003 528 529 738 737 969 970 1005 1004 529 530 739 738 970 971 1006 1005 530 531 740 739 971 972 1007 1006 531 532 741 740 972 973 1008 1007 532 533 742 741 973 974 1009 1008 533 26 42 742 974 90 91 1009 43 27 26 42 95 94 92 93 20 22 38 36 96 98 99 97 45 29 25 41 103 102 100 101 41 25 24 40 107 106 104 105 45 29 25 41 111 110 108 109 26 30 46 42 112 114 115 113 801 476 25 41 1033 1010 116 117 802 477 476 801 1034 1011 1010 1033 803 478 477 802 1035 1012 1011 1034 804 479 478 803 1036 1013 1012 1035 805 480 479 804 1037 1014 1013 1036 806 481 480 805 1038 1015 1014 1037 807 482 481 806 1039 1016 1015 1038 808 483 482 807 1040 1017 1016 1039 809 484 483 808 1041 1018 1017 1040 810 485 484 809 1042 1019 1018 1041 811 486 485 810 1043 1020 1019 1042 812 487 486 811 1044 1021 1020 1043 813 488 487 812 1045 1022 1021 1044 814 489 488 813 1046 1023 1022 1045 815 490 489 814 1047 1024 1023 1046 816 491 490 815 1048 1025 1024 1047 817 492 491 816 1049 1026 1025 1048 818 493 492 817 1050 1027 1026 1049 819 494 493 818 1051 1028 1027 1050 820 495 494 819 1052 1029 1028 1051 821 496 495 820 1053 1030 1029 1052 822 497 496 821 1054 1031 1030 1053 823 498 497 822 1055 1032 1031 1054 42 26 498 823 119 118 1032 1055 26 30 46 42 120 122 123 121 43 27 26 42 127 126 124 125</DataArray>
        <DataArray type="Int64" Name="offsets" NumberOfComponents="1" format="ascii">0 8 16 24 32 40 48 56 64 72 80 88 96 104 112 120 128 136 144 152 160 168 176 184 192 200 208 216 224 232 240 248 256 264 272 280 288 296 304 312 320 328 336 344 352 360 368 376 384 392 400 408 416 424 432 440 448 456 464 472 480 488 496 504 512 520 528 536 544 552 560 568 576 584 592 600 608 616 624 632 640 648 656 664 672 680 688 696 704 712 720 728 736 744 752 760 768 776 784 792 800 808 816 824 832 840 848 856 864 872 880 888 896 904 912 920 928 936 944 952 960 968 976 984 992 1000 1008 1016 1024 1032 1040 1048 1056 1064 1072 1080 1088 1096 1104 1112 1120 1128 1136 1144 1152 1160 1168 1176 1184 1192 1200 1208 1216 1224 1232 1240 1248 1256 1264 1272 1280 1288 1296 1304 1312 1320 1328 1336 1344 1352 1360 1368 1376 1384 1392 1400 1408 1416 1424 1432 1440 1448 1456 1464 1472 1480 1488 1496 1504 1512 1520 1528 1536 1544 1552 1560 1568 1576 1584 1592 1600 1608 1616 1624 1632 1640 1648 1656 1664 1672 1680 1688 1696 1704 1712 1720 1728 1736 1744 1752 1760 1768 1776 1784 1792 1800 1808 1816 1824 1832 1840 1848 1856 1864 1872 1880 1888 1896 1904 1912 1920 1928 1936 1944 1952 1960 1968 1976 1984 1992 2000 2008 2016 2024 2032 2040 2048 2056 2064 2072 2080 2088 2096 2104 2112 2120 2128 2136 2144 2152 2160 2168 2176 2184 2192 2200 2208 2216 2224 2232 2240 2248 2256 2264 2272 2280 2288 2296 2304 2312 2320 2328 2336 2344 2352 2360 2368 2376 2384 2392 2400 2408 2416 2424 2432 2440 2448 2456 2464 2472 2480 2488 2496 2504 2512 2520 2528 2536 2544 2552 2560 2568 2576 2584 2592 2600 2608 2616 2624 2632 2640 2648 2656 2664 2672 2680 2688 2696 2704 2712 2720 2728 2736 2744 2752 2760 2768 2776 2784 2792 2800 2808 2816 2824 2832 2840 2848 2856 2864 2872 2880 2888 2896 2904 2912 2920 2928 2936 2944 2952 2960 2968 2976 2984 2992 3000 3008 3016 3024 3032 3040 3048 3056 3064 3072 3080 3088 3096 3104 3112 3120 3128 3136 3144 3152 3160 3168 3176 3184 3192 3200 3208 3216 3224 3232 3240 3248 3256 3264 3272 3280 3288 3296 3304 3312 3320 3328 3336 3344 3352 3360 3368 3376 3384 3392 3400 3408 3416 3424 3432 3440 3448 3456 3464 3472 3480 3488 3496 3504 3512 3520 3528 3536 3544 3552 3560 3568 3576 3584 3592 3600 3608 3616 3624 3632 3640 3648 3656 3664 3672 3680 3688 3696 3704 3712 3720 3728 3736 3744 3752 3760 3768 3776 3784 3792 3800 3808 3816 3824 3832 3840 3848 3856 3864 3872 3880 3888 3896 3904 3912 3920 3928 3936 3944 3952 3960 3968 3976 3984 3992 4000 4008 4016 4024 4032 4040 4048 4056 4064 4072 4080 4088 4096 4104 4112 4120 4128 4136 4144 4152 4160 4168 4176 4184 4192 4200 4208 4216 4224 4232 4240 4248 4256 4264 4272 4280 4288 4296 4304 4312 4320 4328 4336 4344 4352 4360 4368 4376 4384 4392 4400 4408 4416 4424 4432 4440 4448 4456 4464 4472 4480 4488 4496 4504 4512 4520 4528 4536 4544 4552 4560 4568 4576 4584 4592 4600 4608 4616 4624 4632 4640 4648 4656 4664 4672 4680 4688 4696 4704 4712 4720 4728 4736 4744 4752 4760 4768 4776 4784 4792 4800 4808 4816 4824 4832 4840 4848 4856 4864 4872 4880 4888 4896 4904 4912 4920 4928 4936 4944 4952 4960 4968 4976 4984 4992 5000 5008 5016 5024 5032 5040 5048 5056 5064 5072 5080 5088 5096 5104 5112 5120 5128 5136 5144 5152 5160 5168 5176 5184 5192 5200 5208 5216 5224 5232 5240 5248 5256 5264 5272 5280 5288 5296 5304 5312 5320 5328 5336 5344 5352 5360 5368 5376 5384 5392 5400 5408 5416 5424 5432 5440 5448 5456 5464 5472 5480 5488 5496 5504 5512 5520 5528 5536 5544 5552 5560 5568 5576 5584 5592 5600 5608 5616 5624 5632 5640 5648 5656 5664 5672 5680 5688 5696 5704 5712 5720 5728 5736 5744 5752 5760 5768 5776 5784 5792 5800 5808 5816 5824 5832 5840 5848 5856 5864 5872 5880 5888 5896 5904 5912 5920 5928 5936 5944 5952 5960 5968 5976 5984 5992 6000 6008 6016 6024 6032 6040 6048 6056 6064 6072 6080 6088 6096 6104 6112 6120 6128 6136 6144 6152 6160 6168 6176 6184 6192 6200 6208 6216 6224 6232 6240 6248 6256 6264 6272 6280 6288 6296 6304 6312 6320 6328 6336 6344 6352 6360 6368 6376 6384 6392 6400 6408 6416 6424 6432 6440 6448 6456 6464 6472 6480 6488 6496 6504 6512 6520 6528 6536 6544 6552 6560 6568 6576 6584 6592 6600 6608 6616 6624 6632 6640 6648 6656 6664 6672 6680 6688 6696 6704 6712 6720 6728 6736 6744 6752 6760 6768 6776 6784 6792 6800 6808 6816 6824 6832 6840 6848 6856 6864 6872 6880 6888 6896 6904 6912 6920 6928 6936 6944 6952 6960 6968 6976 6984 6992 7000 7008 7016 7024 7032 7040 7048 7056 7064 7072 7080 7088 7096 7104 7112 7120 7128 7136 7144 7152 7160 7168 7176 7184 7192 7200 7208 7216 7224 7232 7240 7248 7256 7264 7272 7280 7288 7296 7304 7312 7320 7328 7336 7344 7352 7360 7368 7376 7384 7392 7400 7408 7416 7424 7432 7440 7448 7456 7464 7472 7480 7488 7496 7504 7512 7520 7528 7536 7544 7552 7560 7568 7576 7584 7592 7600 7608 7616 7624 7632 7640 7648 7656 7664 7672 7680 7688 7696 7704 7712 7720 7728 7736 7744 7752 7760 7768 7776 7784 7792 7800 7808 7816 7824 7832 7840 7848 7856 7864 7872 7880 7888 7896 7904 7912 7920 7928 7936 7944 7952 7960 7968 7976 7984 7992 8000 8008 8016 8024 8032 8040 8048 8056 8064 8072 8080 8088 8096 8104 8112 8120 8128 8136 8144 8152 8160 8168 8176 8184 8192 8200 8208 8216 8224 8232 8240 8248 8256 8264 8272 8280 8288 8296 8304 8312 8320 8328 8336 8344 8352 8360 8368 8376 8384 8392 8400 8408 8416 8424 8432 8440 8448 8456 8464 8472 8480 8488 8496 8504 8512 8520 8528 8536 8544 8552 8560 8568 8576 8584 8592 8600 8608 8616 8624 8632 8640 8648 8656 8664 8672 8680 8688 8696 8704 8712 8720 8728 8736 8744 8752 8760 8768 8776 8784 8792 8800 8808 8816 8824 8832 8840 8848 8856 8864 8872 8880 8888 8896 8904 8912 8920 8928 8936 8944 8952 8960 8968 8976 8984 8992 9000 9008 9016 9024 9032 9040 9048 9056 9064 9072 9080 9088 9096 9104 9112 9120 9128 9136 9144 9152 9160 9168 9176 9184 9192 9200 9208 9216 9224 9232 9240 9248 9256 9264 9272 9280 9288 9296 9304 9312 9320 9328 9336 9344 9352 9360 9368 9376 9384 9392 9400 9408 9416 9424 9432 9440 9448 9456 9464 9472 9480 9488 9496 9504 9512 9520 9528 9536 9544 9552 9560 9568 9576 9584 9592 9600 9608 9616 9624 9632 9640 9648 9656 9664 9672 9680 9688 9696 9704 9712 9720 9728 9736 9744 9752 9760 9768 9776 9784 9792 9800 9808 9816 9824 9832 9840 9848 9856 9864 9872 9880 9888 9896 9904 9912 9920 9928 9936 9944 9952 9960 9968 9976 9984</DataArray>
        <DataArray type="UInt8" Name="types" NumberOfComponents="1" format="ascii">12 12 12 12 12 12 12 12 12 12 12 12 12 12 12 12 12 12 12 12 12 12 12 12 12 12 12 12 12 12 12 12 12 12 12 12 12 12 12 12 12 12 12 12 12 12 12 12 12 12 12 12 12 12 12 12 12 12 12 12 12 12 12 12 12 12 12 12 12 12 12 12 12 12 12 12 12 12 12 12 12 12 12 12 12 12 12 12 12 12 12 12 12 12 12 12 12 12 12 12 12 12 12 12 12 12 12 12 12 12 12 12 12 12 12 12 12 12 12 12 12 12 12 12 12 12 12 12 12 12 12 12 12 12 12 12 12 12 12 12 12 12 12 12 12 12 12 12 12 12 12 12 12 12 12 12 12 12 12 12 12 12 12 12 12 12 12 12 12 12 12 12 12 12 12 12 12 12 12 12 12 12 12 12 12 12 12 12 12 12 12 12 12 12 12 12 12 12 12 12 12 12 12 12 12 12 12 12 12 12 12 12 12 12 12 12 12 12 12 12 12 12 12 12 12 12 12 12 12 12 12 12 12 12 12 12 12 12 12 12 12 12 12 12 12 12 12 12 12 12 12 12 12 12 12 12 12 12 12 12 12 12 12 12 12 12 12 12 12 12 12 12 12 12 12 12 12 12 12 12 12 12 12 12 12 12 12 12 12 12 12 12 12 12 12 12 12 12 12 12 12 12 12 12 12 12 12 12 12 12 12 12 12 12 12 12 12 12 12 12 12 12 12 12 12 12 12 12 12 12 12 12 12 12 12 12 12 12 12 12 12 12 12 12 12 12 12 12 12 12 12 12 12 12 12 12 12 12 12 12 12 12 12 12 12 12 12 12 12 12 12 12 12 12 12 12 12 12 12 12 12 12 12 12 12 12 12 12 12 12 12 12 12 12 12 12 12 12 12 12 12 12 12 12 12 12 12 12 12 12 12 12 12 12 12 12 12 12 12 12 12 12 12 12 12 12 12 12 12 12 12 12 12 12 12 12 12 12 12 12 12 12 12 12 12 12 12 12 12 12 12 12 12 12 12 12 12 12 12 12 12 12 12 12 12 12 12 12 12 12 12 12 12 12 12 12 12 12 12 12 12 12 12 12 12 12 12 12 12 12 12 12 12 12 12 12 12 12 12 12 12 12 12 12 12 12 12 12 12 12 12 12 12 12 12 12 12 12 12 12 12 12 12 12 12 12 12 12 12 12 12 12 12 12 12 12 12 12 12 12 12 12 12 12 12 12 12 12 12 12 12 12 12 12 12 12 12 12 12 12 12 12 12 12 12 12 12 12 12 12 12 12 12 12 12 12 12 12 12 12 12 12 12 12 12 12 12 12 12 12 12 12 12 12 12 12 12 12 12 12 12 12 12 12 12 12 12 12 12 12 12 12 12 12 12 12 12 12 12 12 12 12 12 12 12 12 12 12 12 12 12 12 12 12 12 12 12 12 12 12 12 12 12 12 12 12 12 12 12 12 12 12 12 12 12 12 12 12 12 12 12 12 12 12 12 12 12 12 12 12 12 12 12 12 12 12 12 12 12 12 12 12 12 12 12 12 12 12 12 12 12 12 12 12 12 12 12 12 12 12 12 12 12 12 12 12 12 12 12 12 12 12 12 12 12 12 12 12 12 12 12 12 12 12 12 12 12 12 12 12 12 12 12 12 12 12 12 12 12 12 12 12 12 12 12 12 12 12 12 12 12 12 12 12 12 12 12 12 12 12 12 12 12 12 12 12 12 12 12 12 12 12 12 12 12 12 12 12 12 12 12 12 12 12 12 12 12 12 12 12 12 12 12 12 12 12 12 12 12 12 12 12 12 12 12 12 12 12 12 12 12 12 12 12 12 12 12 12 12 12 12 12 12 12 12 12 12 12 12 12 12 12 12 12 12 12 12 12 12 12 12 12 12 12 12 12 12 12 12 12 12 12 12 12 12 12 12 12 12 12 12 12 12 12 12 12 12 12 12 12 12 12 12 12 12 12 12 12 12 12 12 12 12 12 12 12 12 12 12 12 12 12 12 12 12 12 12 12 12 12 12 12 12 12 12 12 12 12 12 12 12 12 12 12 12 12 12 12 12 12 12 12 12 12 12 12 12 12 12 12 12 12 12 12 12 12 12 12 12 12 12 12 12 12 12 12 12 12 12 12 12 12 12 12 12 12 12 12 12 12 12 12 12 12 12 12 12 12 12 12 12 12 12 12 12 12 12 12 12 12 12 12 12 12 12 12 12 12 12 12 12 12 12 12 12 12 12 12 12 12 12 12 12 12 12 12 12 12 12 12 12 12 12 12 12 12 12 12 12 12 12 12 12 12 12 12 12 12 12 12 12 12 12 12 12 12 12 12 12 12 12 12 12 12 12 12 12 12 12 12 12 12 12 12 12 12 12 12 12 12 12 12 12 12 12 12 12 12 12 12 12 12 12 12 12 12 12 12 12 12 12 12 12 12 12 12 12 12 12 12 12 12 12 12 12 12 12 12 12 12 12 12 12 12 12 12 12 12 12 12 12 12 12 12 12 12 12 12 12 12 12 12 12 12 12 12 12 12 12 12 12 12 12 12 12 12 12 12 12 12 12 12 12 12 12 12 12 12 12 12 12 12 12 12 12 12 12 12 12 12 12 12 12 12 12 12 12 12 12 12 12 12 12 12 12 12 12 12 12 12 12 12 12 12 12 12 12 12 12 12 12 12 12 12 12 12 12 12 12 12 12 12 12 12 12 12 12 12 12 12 12 12 12 12 12 12 12 12 12 12 12 12 12 12 12 12 12 12 12 12 12 12 12 12 12 12 12 12 12 12 12 12 12 12 12 12 12 12</DataArray>
      </Cells>
      <PointData>
        <DataArray type="Float64" Name="Displacement" NumberOfComponents="3" format="ascii">12.190044403076172 -6.833333969116211 -0.14017200469970703 12.152316093444824 -6.833313465118408 -0.13315486907958984 7.90131950378418 -6.826957702636719 0.9361371994018555 7.863766670227051 -6.826889514923096 0.9468417167663574 12.189910888671875 -6.795739650726318 -0.1475677490234375 12.152318000793457 -6.795711994171143 -0.14065933227539062 7.9012908935546875 -6.789480209350586 0.9291032552719116 7.863821029663086 -6.7894744873046875 0.9396877288818359 12.203432083129883 -0.42322003841400146 0.6930256485939026 12.16572380065918 -0.4232560396194458 0.6815853118896484 7.900649070739746 -0.4208749532699585 -0.3238697052001953 7.863115310668945 -0.42090463638305664 -0.33007240295410156 12.203431129455566 -0.38568687438964844 0.7074443697929382 12.16572093963623 -0.3856099843978882 0.6958433389663696 7.900672912597656 -0.3833138942718506 -0.3243703842163086 7.863243103027344 -0.3833765983581543 -0.3305521011352539 12.197437286376953 -6.8402581214904785 -0.14003944396972656 12.197455406188965 -6.802623271942139 -0.14756298065185547 12.159820556640625 -6.802611351013184 -0.14066314697265625 12.159839630126953 -6.840267658233643 -0.13317012786865234 7.908334732055664 -6.800074100494385 0.9291024208068848 7.90834903717041 -6.837543964385986 0.9361543655395508 7.870847702026367 -6.8000664710998535 0.9396539926528931 7.870855331420898 -6.837527751922607 0.9467310905456543 12.189109802246094 -0.4117780923843384 0.6930346488952637 12.151384353637695 -0.4117546081542969 0.681584358215332 7.901165962219238 -0.41467416286468506 -0.32387447357177734 7.863589286804199 -0.4146667718887329 -0.3300819396972656 12.189172744750977 -0.37409114837646484 0.7073377370834351 12.15140151977539 -0.3741641044616699 0.6958371996879578 7.90118408203125 -0.377066969871521 -0.3243999481201172 7.863619804382324 -0.37707579135894775 -0.33063793182373047 12.208389282226562 -6.850416660308838 -0.13990116119384766 12.208263397216797 -6.812832832336426 -0.1475076675415039 12.170634269714355 -6.812815189361572 -0.1406106948852539 12.170624732971191 -6.8503899574279785 -0.1331195831298828 7.9154253005981445 -6.813918113708496 0.9297081232070923 7.915444374084473 -6.851398944854736 0.9368118047714233 7.877946853637695 -6.813884258270264 0.9402627944946289 7.877881050109863 -6.851371765136719 0.9472321271896362 12.178141593933105 -0.40033280849456787 0.693998396396637 12.140430450439453 -0.4003150463104248 0.6825792789459229 7.901699066162109 -0.40845727920532227 -0.3238840103149414 7.864101409912109 -0.40847063064575195 -0.3300924301147461 12.178082466125488 -0.3627192974090576 0.7083008289337158 12.140457153320312 -0.3627278804779053 0.6968389749526978 7.9017229080200195 -0.3708658218383789 -0.3244295120239258 7.864195823669434 -0.37084054946899414 -0.3307485580444336 12.19764518737793 -6.767241954803467 -0.15430164337158203 12.208168029785156 -6.777137279510498 -0.15430641174316406 12.159758567810059 -6.767312049865723 -0.1478261947631836 12.170628547668457 -6.777186870574951 -0.14764690399169922 12.124402046203613 -6.84037446975708 -0.12687969207763672 12.134995460510254 -6.850252628326416 -0.1269540786743164 12.124524116516113 -6.802706241607666 -0.13412857055664062 12.135015487670898 -6.812900543212891 -0.13398170471191406 12.124244689941406 -6.840274333953857 -0.1266937255859375 12.135177612304688 -6.850458145141602 -0.12665176391601562 12.124295234680176 -6.802725791931152 -0.1343822479248047 12.135115623474121 -6.812729835510254 -0.1341991424560547 12.159780502319336 -6.767062664031982 -0.1478109359741211 12.17068099975586 -6.7773284912109375 -0.14777755737304688 7.908332824707031 -6.764714241027832 0.9224481582641602 7.915419578552246 -6.778639793395996 0.9230654239654541 7.94343376159668 -6.837497234344482 0.9263137578964233 7.95075798034668 -6.851287364959717 0.9269998073577881 7.9434003829956055 -6.800177097320557 0.918990969657898 7.950773239135742 -6.814079284667969 0.9195069074630737 7.944095611572266 -6.837502956390381 0.9258582592010498 7.950516700744629 -6.851564407348633 0.9262731075286865 7.944212913513184 -6.799968242645264 0.9193034172058105 7.9504499435424805 -6.813851356506348 0.9200223684310913 7.9083757400512695 -6.764588832855225 0.9222595691680908 7.915427207946777 -6.778520584106445 0.9229505062103271 7.870868682861328 -6.764549255371094 0.9330037832260132 7.878028869628906 -6.778591156005859 0.9334940910339355 12.189153671264648 -0.4471476078033447 0.6793174147605896 12.178159713745117 -0.4361339807510376 0.6803357601165771 12.151277542114258 -0.44724535942077637 0.6683683395385742 12.140523910522461 -0.4360618591308594 0.6693131327629089 12.1243896484375 -6.802586078643799 -0.13409996032714844 12.135171890258789 -6.812868118286133 -0.1340007781982422 12.115599632263184 -0.41174912452697754 0.6709363460540771 12.104680061340332 -0.400412917137146 0.6719096302986145 12.197391510009766 -6.766860008239746 -0.1549386978149414 12.208404541015625 -6.777295112609863 -0.1548595428466797 12.159773826599121 -6.766876697540283 -0.14770126342773438 12.170576095581055 -6.777289867401123 -0.14769268035888672 7.943690299987793 -6.800099849700928 0.9192014932632446 7.950732231140137 -6.813908100128174 0.9198697805404663 7.936542510986328 -0.4147152900695801 -0.31792545318603516 7.937139511108398 -0.40845561027526855 -0.31795215606689453 7.901156425476074 -0.449840784072876 -0.3237142562866211 7.901636123657227 -0.4441196918487549 -0.32381534576416016 7.863624572753906 -0.4497795104980469 -0.3294553756713867 7.864081382751465 -0.44403767585754395 -0.3294515609741211 7.9083251953125 -6.764898300170898 0.9223376512527466 7.915470123291016 -6.77851676940918 0.9229451417922974 7.870781898498535 -6.764822483062744 0.932685375213623 7.8781280517578125 -6.778590679168701 0.9332695007324219 12.115756034851074 -0.41168248653411865 0.6709031462669373 12.105205535888672 -0.4002549648284912 0.6717782616615295 12.115753173828125 -0.37430524826049805 0.6847351789474487 12.105234146118164 -0.3626960515975952 0.6858468651771545 12.189078330993652 -0.4476137161254883 0.6797845363616943 12.17823600769043 -0.4356505870819092 0.6809266805648804 12.151493072509766 -0.4476168155670166 0.6677836179733276 12.140421867370605 -0.4357401132583618 0.6689523458480835 12.116035461425781 -0.411590576171875 0.6710701584815979 12.105344772338867 -0.40026676654815674 0.6718963980674744 12.116077423095703 -0.37428033351898193 0.6848203539848328 12.105354309082031 -0.3628511428833008 0.6859021186828613 7.936581611633301 -0.41456735134124756 -0.31805992126464844 7.937234878540039 -0.40848374366760254 -0.31803226470947266 7.936738014221191 -0.3770637512207031 -0.3185691833496094 7.937276840209961 -0.37076592445373535 -0.31864452362060547 12.151348114013672 -0.4470202922821045 0.6682755351066589 12.140495300292969 -0.4356062412261963 0.6692648530006409 7.901122093200684 -0.45014166831970215 -0.32329845428466797 7.901726722717285 -0.4439396858215332 -0.32329750061035156 7.936856269836426 -0.4147791862487793 -0.31820106506347656 7.937200546264648 -0.4083843231201172 -0.31818294525146484 7.9369096755981445 -0.3768737316131592 -0.31867313385009766 7.937168121337891 -0.37102723121643066 -0.31870174407958984 7.901216506958008 -0.4498697519302368 -0.32361793518066406 7.901613235473633 -0.4440133571624756 -0.32349586486816406 7.863533020019531 -0.4499070644378662 -0.32929134368896484 7.864091873168945 -0.444119930267334 -0.3293037414550781 12.189764976501465 -6.6182990074157715 -0.18311309814453125 12.189772605895996 -6.440814018249512 -0.21865272521972656 12.189745903015137 -6.263349533081055 -0.25340747833251953 12.189756393432617 -6.085983753204346 -0.28690147399902344 12.189687728881836 -5.9086456298828125 -0.3192253112792969 12.18985652923584 -5.731395721435547 -0.3498861789703369 12.189994812011719 -5.554226875305176 -0.37805604934692383 12.190322875976562 -5.37701416015625 -0.4034953713417053 12.190836906433105 -5.19986629486084 -0.42522287368774414 12.191446304321289 -5.022715091705322 -0.44249582290649414 12.192193984985352 -4.845571517944336 -0.45440149307250977 12.192842483520508 -4.668503284454346 -0.46105122566223145 12.193649291992188 -4.491473197937012 -0.4618818759918213 12.19443130493164 -4.314558029174805 -0.4567379951477051 12.195261001586914 -4.137627601623535 -0.44594860076904297 12.196215629577637 -3.9606399536132812 -0.42873096466064453 12.197346687316895 -3.7836413383483887 -0.4041581153869629 12.198311805725098 -3.6068997383117676 -0.3723788261413574 12.198975563049316 -3.4301533699035645 -0.3346133232116699 12.19959545135498 -3.2532944679260254 -0.29227781295776367 12.2000150680542 -3.0763816833496094 -0.24620580673217773 12.200380325317383 -2.899510622024536 -0.19684267044067383 12.200709342956543 -2.722654342651367 -0.1446232795715332 12.201042175292969 -2.5457136631011963 -0.09027671813964844 12.201379776000977 -2.3688905239105225 -0.03340649604797363 12.201761245727539 -2.191831588745117 0.02550959587097168 12.201957702636719 -2.015047311782837 0.08667182922363281 12.202251434326172 -1.838207721710205 0.14874696731567383 12.202574729919434 -1.661186933517456 0.2126598358154297 12.202966690063477 -1.484292984008789 0.2787587642669678 12.203239440917969 -1.3074135780334473 0.3465766906738281 12.203327178955078 -1.1305160522460938 0.41544413566589355 12.203436851501465 -0.953742504119873 0.48465055227279663 12.20350170135498 -0.7768871784210205 0.5542392730712891 12.203508377075195 -0.6000542640686035 0.6238502264022827 12.152209281921387 -6.618281841278076 -0.17612457275390625 12.152144432067871 -6.440810203552246 -0.21144628524780273 12.152166366577148 -6.263356685638428 -0.2460169792175293 12.152183532714844 -6.085980415344238 -0.27942609786987305 12.152176856994629 -5.90866756439209 -0.3114159107208252 12.152290344238281 -5.731429100036621 -0.34177064895629883 12.152482986450195 -5.55423641204834 -0.36984026432037354 12.152796745300293 -5.377066135406494 -0.3950577974319458 12.153316497802734 -5.199916839599609 -0.4165913462638855 12.153943061828613 -5.02279806137085 -0.43363988399505615 12.154622077941895 -4.84563684463501 -0.44547224044799805 12.155324935913086 -4.668575763702393 -0.45209240913391113 12.15609359741211 -4.4915618896484375 -0.4530456066131592 12.156903266906738 -4.314655780792236 -0.44817304611206055 12.157649993896484 -4.137699127197266 -0.43767833709716797 12.158613204956055 -3.960738182067871 -0.4208064079284668 12.15970230102539 -3.7837610244750977 -0.39672040939331055 12.160636901855469 -3.6069865226745605 -0.36567068099975586 12.161330223083496 -3.4301867485046387 -0.32885313034057617 12.161897659301758 -3.253335952758789 -0.2874932289123535 12.16232967376709 -3.076413154602051 -0.24226808547973633 12.162708282470703 -2.899550437927246 -0.19384479522705078 12.163064956665039 -2.722681999206543 -0.14260005950927734 12.163400650024414 -2.5457491874694824 -0.08896398544311523 12.163692474365234 -2.3689167499542236 -0.03289365768432617 12.164093017578125 -2.1918749809265137 0.025340557098388672 12.164310455322266 -2.0150814056396484 0.08539342880249023 12.164554595947266 -1.8382141590118408 0.14660978317260742 12.164899826049805 -1.6612319946289062 0.20971083641052246 12.165246963500977 -1.4843254089355469 0.27480649948120117 12.165472030639648 -1.307426929473877 0.34146010875701904 12.165597915649414 -1.1305222511291504 0.40909743309020996 12.165685653686523 -0.9537558555603027 0.4771568179130554 12.16575813293457 -0.776883602142334 0.5454122424125671 12.165776252746582 -0.6000382900238037 0.6136932969093323 7.901315689086914 -6.612457275390625 0.896027684211731 7.901451110839844 -6.436059474945068 0.863573431968689 7.90131950378418 -6.259507656097412 0.8310818672180176 7.900847434997559 -6.0829691886901855 0.7966364622116089 7.900321006774902 -5.906421661376953 0.7594785690307617 7.899777412414551 -5.729753017425537 0.7195490598678589 7.899164199829102 -5.553038120269775 0.6765204668045044 7.898512840270996 -5.376276016235352 0.6297774314880371 7.897894859313965 -5.199604034423828 0.5793235301971436 7.897275924682617 -5.023056507110596 0.5252063274383545 7.896732330322266 -4.846457481384277 0.4679558277130127 7.896282196044922 -4.66988468170166 0.4080922603607178 7.896050453186035 -4.493276596069336 0.3469715118408203 7.89598274230957 -4.316671371459961 0.2858123779296875 7.896050453186035 -4.140023231506348 0.22569990158081055 7.896116256713867 -3.9634060859680176 0.16689252853393555 7.896196365356445 -3.786752700805664 0.1097254753112793 7.896236419677734 -3.610048770904541 0.05462360382080078 7.89637565612793 -3.4333324432373047 0.0019245147705078125 7.896655082702637 -3.2565808296203613 -0.04753255844116211 7.897056579589844 -3.079768657684326 -0.09299993515014648 7.897615432739258 -2.9026942253112793 -0.133514404296875 7.89814567565918 -2.725480794906616 -0.16884231567382812 7.898662567138672 -2.5483450889587402 -0.1991424560546875 7.8991804122924805 -2.371076822280884 -0.22399687767028809 7.899593353271484 -2.193838119506836 -0.24422883987426758 7.899862289428711 -2.01643705368042 -0.2603718042373657 7.899968147277832 -1.8390755653381348 -0.27370166778564453 7.900099754333496 -1.6617779731750488 -0.2848106026649475 7.900235176086426 -1.4844212532043457 -0.29391539096832275 7.900320053100586 -1.3070552349090576 -0.30135440826416016 7.900356292724609 -1.129823923110962 -0.3079495429992676 7.900437355041504 -0.9524965286254883 -0.3135952949523926 7.9005126953125 -0.7753458023071289 -0.31817197799682617 7.900609970092773 -0.5981112718582153 -0.32135725021362305 7.863869667053223 -6.612460136413574 0.9068493843078613 7.864154815673828 -6.436063289642334 0.8746618032455444 7.863934516906738 -6.25947904586792 0.8426049947738647 7.863443374633789 -6.082912921905518 0.8083784580230713 7.862892150878906 -5.906361103057861 0.7712316513061523 7.8622894287109375 -5.729691982269287 0.7312414646148682 7.861616134643555 -5.552999019622803 0.6879206895828247 7.8609724044799805 -5.376195430755615 0.640866756439209 7.8603363037109375 -5.199540138244629 0.5897359848022461 7.859705924987793 -5.022990703582764 0.5348484516143799 7.859077453613281 -4.846405029296875 0.47669529914855957 7.858643531799316 -4.669837951660156 0.41565418243408203 7.858341217041016 -4.493244647979736 0.3532581329345703 7.858311653137207 -4.3166985511779785 0.2907567024230957 7.858366012573242 -4.1400322914123535 0.22962093353271484 7.858501434326172 -3.963420867919922 0.1696910858154297 7.858552932739258 -3.786738395690918 0.11153078079223633 7.858584403991699 -3.6100683212280273 0.05525779724121094 7.858682632446289 -3.4333691596984863 0.0014290809631347656 7.858989715576172 -3.2566065788269043 -0.04909467697143555 7.859386444091797 -3.0798397064208984 -0.09555721282958984 7.859914779663086 -2.9027628898620605 -0.13681507110595703 7.860507965087891 -2.7255210876464844 -0.17273473739624023 7.861001968383789 -2.5483996868133545 -0.20361757278442383 7.861553192138672 -2.3711442947387695 -0.22885346412658691 7.861961364746094 -2.1938672065734863 -0.2492358684539795 7.86225700378418 -2.016446352005005 -0.2654721736907959 7.862335205078125 -1.8390896320343018 -0.27902019023895264 7.862462043762207 -1.661799430847168 -0.2903096377849579 7.862632751464844 -1.4844474792480469 -0.2995789051055908 7.862743377685547 -1.3070619106292725 -0.30715060234069824 7.86275577545166 -1.1298584938049316 -0.3138561248779297 7.862833023071289 -0.952507734298706 -0.31957149505615234 7.8629608154296875 -0.775367021560669 -0.32428550720214844 7.862984657287598 -0.5981242656707764 -0.32759761810302734 11.975272178649902 -6.833140850067139 -0.10070991516113281 11.797931671142578 -6.832919120788574 -0.06766366958618164 11.620758056640625 -6.83268928527832 -0.03369569778442383 11.443587303161621 -6.832371711730957 0.0013341903686523438 11.266246795654297 -6.832049369812012 0.038126468658447266 11.088934898376465 -6.831606864929199 0.07716774940490723 10.911678314208984 -6.831270694732666 0.11838102340698242 10.734273910522461 -6.830948829650879 0.16139662265777588 10.556822776794434 -6.8307318687438965 0.20585280656814575 10.379409790039062 -6.830551624298096 0.25119608640670776 10.202070236206055 -6.830356121063232 0.2966786324977875 10.024581909179688 -6.830151557922363 0.3424815535545349 9.84723949432373 -6.8298020362854 0.38884425163269043 9.669994354248047 -6.829532146453857 0.4355888366699219 9.49266242980957 -6.82916784286499 0.483168363571167 9.315452575683594 -6.8287434577941895 0.5315525531768799 9.138221740722656 -6.828291416168213 0.5813312530517578 8.961176872253418 -6.8279595375061035 0.6318275928497314 8.784171104431152 -6.827566623687744 0.682868480682373 8.607364654541016 -6.827288627624512 0.7342276573181152 8.430593490600586 -6.827098846435547 0.7856864929199219 8.254119873046875 -6.827027797698975 0.8363771438598633 8.077729225158691 -6.826976299285889 0.8863903284072876 11.975211143493652 -6.795550346374512 -0.10806846618652344 11.79791259765625 -6.795312881469727 -0.07492256164550781 11.62074089050293 -6.7950663566589355 -0.04079437255859375 11.443553924560547 -6.794770240783691 -0.0054950714111328125 11.266215324401855 -6.7943878173828125 0.03157806396484375 11.088887214660645 -6.79402494430542 0.07072901725769043 10.911637306213379 -6.79366397857666 0.11192941665649414 10.73423957824707 -6.793356895446777 0.15485787391662598 10.556805610656738 -6.793098449707031 0.19919639825820923 10.379383087158203 -6.792920112609863 0.2445003092288971 10.202032089233398 -6.792758464813232 0.29000458121299744 10.024554252624512 -6.792501449584961 0.3359072804450989 9.847185134887695 -6.792256832122803 0.38230788707733154 9.669960975646973 -6.79194450378418 0.42901623249053955 9.492635726928711 -6.791600704193115 0.4763462543487549 9.315406799316406 -6.79116678237915 0.5246236324310303 9.138185501098633 -6.790748119354248 0.57430100440979 8.961137771606445 -6.790440082550049 0.6246829032897949 8.784151077270508 -6.79011344909668 0.6755738258361816 8.607346534729004 -6.789824485778809 0.7267816066741943 8.430604934692383 -6.7896552085876465 0.7780874967575073 8.254119873046875 -6.789601802825928 0.8288294076919556 8.07776927947998 -6.789519309997559 0.8790426254272461 11.987289428710938 -0.4232679605484009 0.6274261474609375 11.80910587310791 -0.4230588674545288 0.5743179321289062 11.631108283996582 -0.42286086082458496 0.5227291584014893 11.453181266784668 -0.42277097702026367 0.47243189811706543 11.275253295898438 -0.42280125617980957 0.4228149652481079 11.097267150878906 -0.4229400157928467 0.3727481961250305 10.919293403625488 -0.42310667037963867 0.3220639228820801 10.74120044708252 -0.4231330156326294 0.27104651927948 10.563344955444336 -0.4229315519332886 0.22105884552001953 10.38534164428711 -0.4225890636444092 0.172959566116333 10.207414627075195 -0.42216956615448 0.12741291522979736 10.029595375061035 -0.42184722423553467 0.08444297313690186 9.851741790771484 -0.42170047760009766 0.04341483116149902 9.674016952514648 -0.42162609100341797 0.0036880970001220703 9.496397018432617 -0.4214593172073364 -0.03448176383972168 9.318975448608398 -0.4213050603866577 -0.07072663307189941 9.141523361206055 -0.4212064743041992 -0.10545825958251953 8.96420669555664 -0.4211907386779785 -0.1390838623046875 8.786903381347656 -0.4211932420730591 -0.17202091217041016 8.609692573547363 -0.4211071729660034 -0.20403099060058594 8.432510375976562 -0.4209871292114258 -0.23491811752319336 8.255242347717285 -0.42093539237976074 -0.26505088806152344 8.077939987182617 -0.4208775758743286 -0.294558048248291 11.987266540527344 -0.38570451736450195 0.6404713988304138 11.809097290039062 -0.3855283260345459 0.5861117243766785 11.631099700927734 -0.38532721996307373 0.5334835052490234 11.453195571899414 -0.38518285751342773 0.48218047618865967 11.275279998779297 -0.38526105880737305 0.43173444271087646 11.09730052947998 -0.3853909969329834 0.3806877136230469 10.919305801391602 -0.3856133222579956 0.32883787155151367 10.741166114807129 -0.3855934143066406 0.27654749155044556 10.563359260559082 -0.3853985071182251 0.22570228576660156 10.385308265686035 -0.38503873348236084 0.1766362190246582 10.207390785217285 -0.3845769166946411 0.13019049167633057 10.029573440551758 -0.38422274589538574 0.08668112754821777 9.851727485656738 -0.3841273784637451 0.045137643814086914 9.674023628234863 -0.3840392827987671 0.004930973052978516 9.496362686157227 -0.3839215040206909 -0.03378725051879883 9.318948745727539 -0.383695125579834 -0.07033753395080566 9.141535758972168 -0.38358402252197266 -0.10512828826904297 8.964205741882324 -0.38365018367767334 -0.13888168334960938 8.786892890930176 -0.38363826274871826 -0.17208480834960938 8.609673500061035 -0.3835688829421997 -0.20431232452392578 8.432497024536133 -0.38344407081604004 -0.23527145385742188 8.255252838134766 -0.38333702087402344 -0.26545190811157227 8.077935218811035 -0.38331449031829834 -0.2950105667114258 11.982597351074219 -6.802499294281006 -0.10805892944335938 11.805177688598633 -6.8024420738220215 -0.07492828369140625 11.627812385559082 -6.802412986755371 -0.040791988372802734 11.450348854064941 -6.802422523498535 -0.005506038665771484 11.272784233093262 -6.802468776702881 0.03157186508178711 11.095352172851562 -6.802548408508301 0.0707237720489502 10.918109893798828 -6.802591323852539 0.11192989349365234 10.740790367126465 -6.802614688873291 0.1548476219177246 10.563434600830078 -6.802628040313721 0.19919979572296143 10.38608455657959 -6.8025803565979 0.24449290335178375 10.208715438842773 -6.802431106567383 0.29000377655029297 10.03116512298584 -6.8022918701171875 0.3358924388885498 9.853761672973633 -6.802112102508545 0.38229620456695557 9.676541328430176 -6.801933288574219 0.4289894104003906 9.499429702758789 -6.801723003387451 0.4763317108154297 9.322321891784668 -6.801558017730713 0.5246021747589111 9.145272254943848 -6.801363945007324 0.5742790699005127 8.968301773071289 -6.801178455352783 0.6246635913848877 8.791451454162598 -6.800950527191162 0.675544023513794 8.614770889282227 -6.80071496963501 0.7267637252807617 8.438155174255371 -6.800495147705078 0.7780805826187134 8.26162338256836 -6.800296306610107 0.828824520111084 8.085044860839844 -6.800156116485596 0.8790329694747925 11.982583999633789 -6.840087890625 -0.10074138641357422 11.805195808410645 -6.840030193328857 -0.06765556335449219 11.627829551696777 -6.840025424957275 -0.0337066650390625 11.450368881225586 -6.840057373046875 0.0013418197631835938 11.272784233093262 -6.84011173248291 0.03810930252075195 11.095337867736816 -6.840154647827148 0.07714676856994629 10.91810131072998 -6.840165138244629 0.11835265159606934 10.74079704284668 -6.84022331237793 0.16140615940093994 10.56344985961914 -6.840219974517822 0.20584464073181152 10.386080741882324 -6.840178966522217 0.25117772817611694 10.208746910095215 -6.84006404876709 0.29668793082237244 10.031156539916992 -6.8399248123168945 0.3424357771873474 9.853768348693848 -6.839683532714844 0.38883185386657715 9.676575660705566 -6.839497089385986 0.43558454513549805 9.499454498291016 -6.839272499084473 0.48314714431762695 9.322346687316895 -6.839108467102051 0.5315370559692383 9.14527416229248 -6.83891487121582 0.5813050270080566 8.968313217163086 -6.838671684265137 0.6317946910858154 8.791467666625977 -6.838433742523193 0.6828353404998779 8.614812850952148 -6.8381829261779785 0.7342319488525391 8.438173294067383 -6.837921142578125 0.7856489419937134 8.261661529541016 -6.837748050689697 0.836383581161499 8.085046768188477 -6.837616920471191 0.8863441944122314 12.197304725646973 -6.625290393829346 -0.18310546875 12.197166442871094 -6.44803524017334 -0.2186570167541504 12.196966171264648 -6.270748615264893 -0.2534031867980957 12.196696281433105 -6.093516826629639 -0.2868795394897461 12.196331977844238 -5.916468143463135 -0.31920909881591797 12.196030616760254 -5.739530563354492 -0.34989380836486816 12.195684432983398 -5.562464237213135 -0.3780364990234375 12.195314407348633 -5.385516166687012 -0.4035119414329529 12.194960594177246 -5.2085161209106445 -0.4252161383628845 12.194561004638672 -5.03162956237793 -0.44249582290649414 12.194101333618164 -4.8545427322387695 -0.4544069766998291 12.193682670593262 -4.677526473999023 -0.461076021194458 12.193259239196777 -4.500338554382324 -0.4618833065032959 12.192770957946777 -4.323206424713135 -0.4567399024963379 12.192370414733887 -4.14594030380249 -0.44596052169799805 12.191911697387695 -3.968630313873291 -0.4287443161010742 12.19145393371582 -3.7911734580993652 -0.40415430068969727 12.191061019897461 -3.6136622428894043 -0.3723931312561035 12.19066047668457 -3.4359560012817383 -0.33461618423461914 12.190380096435547 -3.2581796646118164 -0.29228639602661133 12.190065383911133 -3.0803351402282715 -0.2462024688720703 12.18979549407959 -2.902541160583496 -0.19684219360351562 12.189605712890625 -2.7247180938720703 -0.14461803436279297 12.189400672912598 -2.547060251235962 -0.09029078483581543 12.1892671585083 -2.3693976402282715 -0.033423662185668945 12.189181327819824 -2.191638231277466 0.025507450103759766 12.189138412475586 -2.01381516456604 0.08667135238647461 12.189030647277832 -1.8360836505889893 0.14873194694519043 12.188996315002441 -1.6582536697387695 0.21265172958374023 12.188962936401367 -1.480348825454712 0.2787351608276367 12.18898868560791 -1.302288293838501 0.3465847969055176 12.188907623291016 -1.124164342880249 0.415468692779541 12.188956260681152 -0.9462554454803467 0.4846140742301941 12.189007759094238 -0.768085241317749 0.5542270541191101 12.189083099365234 -0.589860200881958 0.6238446235656738 12.159727096557617 -6.625277996063232 -0.176116943359375 12.159582138061523 -6.448009490966797 -0.21143865585327148 12.159375190734863 -6.270725250244141 -0.2460041046142578 12.15913200378418 -6.093501091003418 -0.27941226959228516 12.158822059631348 -5.916428565979004 -0.3114025592803955 12.15849781036377 -5.739485740661621 -0.34177064895629883 12.158154487609863 -5.562445163726807 -0.36982882022857666 12.15778923034668 -5.385472297668457 -0.3950536251068115 12.157442092895508 -5.208490371704102 -0.4166024625301361 12.157020568847656 -5.031586170196533 -0.4336545467376709 12.15658950805664 -4.8545050621032715 -0.4454841613769531 12.156136512756348 -4.677481174468994 -0.45210766792297363 12.155680656433105 -4.500309944152832 -0.4530677795410156 12.155219078063965 -4.323154926300049 -0.4481825828552246 12.154778480529785 -4.145914554595947 -0.4376969337463379 12.15429973602295 -3.96858549118042 -0.42082929611206055 12.15381908416748 -3.791151523590088 -0.3967423439025879 12.153388023376465 -3.6136221885681152 -0.3656806945800781 12.152989387512207 -3.4359469413757324 -0.3288745880126953 12.152677536010742 -3.2581615447998047 -0.28750085830688477 12.15236759185791 -3.080321788787842 -0.2422780990600586 12.152105331420898 -2.9025168418884277 -0.19384384155273438 12.151920318603516 -2.7247166633605957 -0.1426081657409668 12.151731491088867 -2.5470495223999023 -0.08896088600158691 12.15158748626709 -2.3693759441375732 -0.03290987014770508 12.151479721069336 -2.1916229724884033 0.02532958984375 12.1514310836792 -2.013807773590088 0.0853884220123291 12.151361465454102 -1.8360700607299805 0.1465921401977539 12.151274681091309 -1.6582508087158203 0.20969510078430176 12.151237487792969 -1.4803359508514404 0.274794340133667 12.151193618774414 -1.3022902011871338 0.34144556522369385 12.151174545288086 -1.124173641204834 0.4090808629989624 12.151209831237793 -0.9462437629699707 0.4771590828895569 12.151232719421387 -0.7680904865264893 0.5454120635986328 12.151274681091309 -0.5898802280426025 0.613693356513977 11.974248886108398 -0.41179871559143066 0.6274233460426331 11.797309875488281 -0.41192662715911865 0.5743155479431152 11.620362281799316 -0.4120384454727173 0.5227266550064087 11.44343376159668 -0.4121549129486084 0.4724087119102478 11.266345977783203 -0.4122183322906494 0.4227856993675232 11.08937931060791 -0.4122321605682373 0.37275564670562744 10.912521362304688 -0.41226375102996826 0.32207900285720825 10.735639572143555 -0.4123568534851074 0.2710533142089844 10.55870246887207 -0.41249382495880127 0.22101819515228271 10.381686210632324 -0.4126129150390625 0.17294847965240479 10.20457649230957 -0.41277015209198 0.12737905979156494 10.02733039855957 -0.4129410982131958 0.08444595336914062 9.849995613098145 -0.41313016414642334 0.043418169021606445 9.672752380371094 -0.4133298397064209 0.003687143325805664 9.495662689208984 -0.41356444358825684 -0.03448057174682617 9.318517684936523 -0.41377925872802734 -0.07073020935058594 9.141212463378906 -0.41396570205688477 -0.10545825958251953 8.964001655578613 -0.4141390323638916 -0.13907527923583984 8.78693962097168 -0.41428494453430176 -0.1720123291015625 8.60992431640625 -0.4144318103790283 -0.2040395736694336 8.432847023010254 -0.4145303964614868 -0.2349252700805664 8.255663871765137 -0.4146212339401245 -0.2650632858276367 8.078396797180176 -0.41465139389038086 -0.2945551872253418 7.90825080871582 -6.623282432556152 0.8960046768188477 7.908295631408691 -6.447189807891846 0.8635522127151489 7.908357620239258 -6.2710280418396 0.8311021327972412 7.908416748046875 -6.094663143157959 0.7966527938842773 7.908485412597656 -5.918133735656738 0.7595013380050659 7.908576965332031 -5.7413859367370605 0.7195776700973511 7.908670425415039 -5.564424514770508 0.6765514612197876 7.908843040466309 -5.3872761726379395 0.6298015117645264 7.909014701843262 -5.20997428894043 0.5793428421020508 7.9091339111328125 -5.032653331756592 0.5252368450164795 7.909192085266113 -4.855117321014404 0.4679830074310303 7.909182548522949 -4.67739200592041 0.4081113338470459 7.909078598022461 -4.499523162841797 0.3469810485839844 7.9088945388793945 -4.32171630859375 0.28581905364990234 7.908682823181152 -4.143962383270264 0.2257089614868164 7.908453941345215 -3.966233730316162 0.1668868064880371 7.908146858215332 -3.7885489463806152 0.1097421646118164 7.907721519470215 -3.6107258796691895 0.05463981628417969 7.907260894775391 -3.4328627586364746 0.001934051513671875 7.906772613525391 -3.255061626434326 -0.04752492904663086 7.906225204467773 -3.0772743225097656 -0.09298944473266602 7.905679702758789 -2.8994247913360596 -0.13351821899414062 7.905130386352539 -2.721621036529541 -0.16884279251098633 7.9045209884643555 -2.5439255237579346 -0.1991419792175293 7.903951644897461 -2.366299629211426 -0.22399616241455078 7.903433799743652 -2.188816785812378 -0.24422764778137207 7.902972221374512 -2.011310338973999 -0.2603633403778076 7.902554512023926 -1.8337912559509277 -0.27368682622909546 7.90224552154541 -1.656334638595581 -0.2848016619682312 7.901981353759766 -1.4787933826446533 -0.293906569480896 7.9018096923828125 -1.3013114929199219 -0.30135202407836914 7.901667594909668 -1.123971939086914 -0.30794382095336914 7.901533126831055 -0.9465670585632324 -0.3135995864868164 7.901332855224609 -0.7692601680755615 -0.3181610107421875 7.901147842407227 -0.5919108390808105 -0.32135581970214844 7.870851516723633 -6.623268127441406 0.9068336486816406 7.870969772338867 -6.4471845626831055 0.8746423721313477 7.871004104614258 -6.271021842956543 0.8426229953765869 7.870999336242676 -6.094667434692383 0.8083981275558472 7.871061325073242 -5.91815710067749 0.7712522745132446 7.871081352233887 -5.741395950317383 0.7312684059143066 7.871151924133301 -5.564435958862305 0.6879408359527588 7.871268272399902 -5.387313365936279 0.6408951282501221 7.871425628662109 -5.209986209869385 0.5897517204284668 7.87153434753418 -5.032665729522705 0.5348718166351318 7.871548652648926 -4.855142116546631 0.47672247886657715 7.871476173400879 -4.677393436431885 0.41567206382751465 7.871377944946289 -4.499536991119385 0.35326623916625977 7.871212959289551 -4.321667194366455 0.2907547950744629 7.871015548706055 -4.143932342529297 0.22960519790649414 7.870794296264648 -3.966217041015625 0.16971063613891602 7.8704729080200195 -3.7885189056396484 0.11153602600097656 7.87001895904541 -3.610689640045166 0.05528593063354492 7.869573593139648 -3.432835102081299 0.0014672279357910156 7.869081497192383 -3.2550058364868164 -0.049105167388916016 7.868537902832031 -3.0772290229797363 -0.09552764892578125 7.867999076843262 -2.8993918895721436 -0.1367812156677246 7.867431640625 -2.7215843200683594 -0.1727299690246582 7.866891860961914 -2.5438642501831055 -0.20362472534179688 7.866325378417969 -2.3662614822387695 -0.22882318496704102 7.865814208984375 -2.1887764930725098 -0.2492237091064453 7.865331649780273 -2.011291265487671 -0.26544737815856934 7.864935874938965 -1.8337578773498535 -0.2790016531944275 7.86460018157959 -1.6563036441802979 -0.2903065085411072 7.864341735839844 -1.47878098487854 -0.29957401752471924 7.864217758178711 -1.3012654781341553 -0.3071634769439697 7.864067077636719 -1.1239511966705322 -0.31384825706481934 7.863948822021484 -0.9465391635894775 -0.319582462310791 7.863750457763672 -0.7692394256591797 -0.32427406311035156 7.863551139831543 -0.5918998718261719 -0.32758474349975586 11.974250793457031 -0.37427985668182373 0.6405009031295776 11.797324180603027 -0.3744007349014282 0.5860859751701355 11.620368957519531 -0.37452566623687744 0.5334903597831726 11.443438529968262 -0.3746131658554077 0.48217713832855225 11.266345977783203 -0.3746830224990845 0.4317644238471985 11.089380264282227 -0.3747274875640869 0.38068240880966187 10.912530899047852 -0.3747605085372925 0.32884180545806885 10.735675811767578 -0.3748372793197632 0.2765253186225891 10.558694839477539 -0.37496232986450195 0.2257136106491089 10.38169002532959 -0.3750791549682617 0.17662334442138672 10.204601287841797 -0.37520623207092285 0.1301875114440918 10.027360916137695 -0.3753519058227539 0.08666026592254639 9.850016593933105 -0.3755214214324951 0.04514789581298828 9.672775268554688 -0.3757692575454712 0.00492548942565918 9.495689392089844 -0.37600862979888916 -0.03377413749694824 9.318549156188965 -0.376192569732666 -0.07034039497375488 9.141220092773438 -0.37636709213256836 -0.10512828826904297 8.964012145996094 -0.3765751123428345 -0.13885211944580078 8.786956787109375 -0.3767409324645996 -0.17208099365234375 8.609946250915527 -0.3769036531448364 -0.20430707931518555 8.43287181854248 -0.37696993350982666 -0.23529434204101562 8.255672454833984 -0.377005934715271 -0.26546239852905273 8.078384399414062 -0.3771042823791504 -0.2949857711791992 11.993123054504395 -6.812741756439209 -0.10802650451660156 11.81578540802002 -6.812836647033691 -0.07491111755371094 11.638238906860352 -6.813047409057617 -0.040802955627441406 11.460577011108398 -6.8133392333984375 -0.0055713653564453125 11.282642364501953 -6.813826560974121 0.03146839141845703 11.105043411254883 -6.81436014175415 0.0705716609954834 10.927807807922363 -6.814801216125488 0.11173868179321289 10.750688552856445 -6.815170764923096 0.15462374687194824 10.573392868041992 -6.81544828414917 0.19895005226135254 10.396035194396973 -6.815520763397217 0.24423468112945557 10.218748092651367 -6.815428733825684 0.28971603512763977 10.04096508026123 -6.815365314483643 0.33559924364089966 9.860268592834473 -6.815272331237793 0.3828613758087158 9.683172225952148 -6.815210819244385 0.42954862117767334 9.50631046295166 -6.815151214599609 0.47690629959106445 9.329263687133789 -6.815219402313232 0.5252094268798828 9.152280807495117 -6.815288543701172 0.5748844146728516 8.975394248962402 -6.81520414352417 0.6252894401550293 8.798774719238281 -6.815075397491455 0.676154613494873 8.622262954711914 -6.81489896774292 0.7274031639099121 8.445755004882812 -6.814608097076416 0.7786998748779297 8.269204139709473 -6.814277648925781 0.8294657468795776 8.092368125915527 -6.81408166885376 0.8796534538269043 11.993144989013672 -6.850307941436768 -0.10072898864746094 11.815763473510742 -6.850462913513184 -0.06761741638183594 11.638209342956543 -6.8506903648376465 -0.03370094299316406 11.460517883300781 -6.850982666015625 0.0013098716735839844 11.28259563446045 -6.851486682891846 0.038010597229003906 11.105001449584961 -6.85195255279541 0.07696056365966797 10.927767753601074 -6.852353096008301 0.11812949180603027 10.750656127929688 -6.852736473083496 0.16120386123657227 10.573358535766602 -6.853041172027588 0.20560044050216675 10.396041870117188 -6.853125095367432 0.25089138746261597 10.21873664855957 -6.853008270263672 0.29644644260406494 10.04098129272461 -6.853021144866943 0.34212541580200195 9.860274314880371 -6.8528218269348145 0.3893674612045288 9.683160781860352 -6.852746486663818 0.436163067817688 9.506315231323242 -6.852669715881348 0.48375916481018066 9.32924747467041 -6.852781295776367 0.5321416854858398 9.152270317077637 -6.852773666381836 0.5818805694580078 8.97542953491211 -6.8526835441589355 0.6324052810668945 8.798761367797852 -6.852510452270508 0.6834394931793213 8.622282028198242 -6.852363586425781 0.7348787784576416 8.445767402648926 -6.852032661437988 0.7862777709960938 8.269233703613281 -6.851739883422852 0.8370643854141235 8.092390060424805 -6.851513862609863 0.8869459629058838 12.208134651184082 -6.635584831237793 -0.18304061889648438 12.20787239074707 -6.458549499511719 -0.21862316131591797 12.207469940185547 -6.281478404998779 -0.25340890884399414 12.206939697265625 -6.1042609214782715 -0.2868685722351074 12.206257820129395 -5.927602291107178 -0.3192763328552246 12.205526351928711 -5.75100040435791 -0.3500392436981201 12.204649925231934 -5.573982238769531 -0.37818384170532227 12.203588485717773 -5.397316932678223 -0.40375852584838867 12.202361106872559 -5.220459938049316 -0.425542950630188 12.200965881347656 -5.043825149536133 -0.4429323673248291 12.199363708496094 -4.866809844970703 -0.454923152923584 12.197795867919922 -4.68985652923584 -0.46172571182250977 12.196159362792969 -4.512497425079346 -0.46259331703186035 12.194440841674805 -4.335134983062744 -0.4575512409210205 12.192808151245117 -4.157578945159912 -0.4468722343444824 12.190903663635254 -3.979940414428711 -0.42972564697265625 12.188932418823242 -3.8019275665283203 -0.40520763397216797 12.187128067016602 -3.623774528503418 -0.37355470657348633 12.185644149780273 -3.4417519569396973 -0.33504390716552734 12.184489250183105 -3.2629780769348145 -0.2926340103149414 12.183426856994629 -3.084286689758301 -0.24649763107299805 12.182548522949219 -2.9055843353271484 -0.19705963134765625 12.18173599243164 -2.726745367050171 -0.1447453498840332 12.18106746673584 -2.5484204292297363 -0.09037399291992188 12.180489540100098 -2.3699591159820557 -0.03344321250915527 12.179866790771484 -2.19149112701416 0.025523900985717773 12.179545402526855 -2.012568950653076 0.08678960800170898 12.179180145263672 -1.833965539932251 0.14891743659973145 12.178664207458496 -1.6553242206573486 0.21293425559997559 12.178313255310059 -1.476442813873291 0.2790865898132324 12.177985191345215 -1.29718017578125 0.3470473289489746 12.177824020385742 -1.1177198886871338 0.4160583019256592 12.177793502807617 -0.9388382434844971 0.485237181186676 12.177827835083008 -0.7592823505401611 0.5549935102462769 12.177928924560547 -0.5797219276428223 0.6247120499610901 12.170546531677246 -6.635563850402832 -0.1760549545288086 12.170306205749512 -6.458532810211182 -0.2113962173461914 12.16991138458252 -6.281420707702637 -0.2459874153137207 12.169400215148926 -6.104206562042236 -0.27942895889282227 12.168776512145996 -5.927551746368408 -0.3114511966705322 12.168004035949707 -5.750913619995117 -0.3418865203857422 12.167141914367676 -5.5739054679870605 -0.3699915409088135 12.166085243225098 -5.39722204208374 -0.3952872157096863 12.164875984191895 -5.220331192016602 -0.41691824793815613 12.163433074951172 -5.043667793273926 -0.43407976627349854 12.161866188049316 -4.866672039031982 -0.4459969997406006 12.160248756408691 -4.689703941345215 -0.4527277946472168 12.158574104309082 -4.512337684631348 -0.4537804126739502 12.156854629516602 -4.334996700286865 -0.4489719867706299 12.1552095413208 -4.1573991775512695 -0.43857526779174805 12.153284072875977 -3.97976016998291 -0.42179012298583984 12.151248931884766 -3.8017401695251465 -0.39780616760253906 12.149456977844238 -3.623626708984375 -0.3668251037597656 12.147909164428711 -3.44162654876709 -0.32930994033813477 12.146716117858887 -3.262874126434326 -0.287869930267334 12.145676612854004 -3.084195137023926 -0.24256086349487305 12.144766807556152 -2.905505657196045 -0.19407224655151367 12.14405345916748 -2.7266793251037598 -0.14274358749389648 12.14334774017334 -2.548367500305176 -0.08903717994689941 12.142733573913574 -2.369908571243286 -0.03293204307556152 12.142157554626465 -2.1914429664611816 0.025370121002197266 12.141826629638672 -2.012554407119751 0.08552050590515137 12.141448974609375 -1.8339200019836426 0.14679980278015137 12.140946388244629 -1.6552813053131104 0.20998334884643555 12.140493392944336 -1.476409912109375 0.2751586437225342 12.140199661254883 -1.2971632480621338 0.3419160842895508 12.140019416809082 -1.117713212966919 0.4096336364746094 12.139967918395996 -0.938833475112915 0.4778076410293579 12.139993667602539 -0.7592768669128418 0.5461863279342651 12.14004135131836 -0.5797514915466309 0.6145782470703125 7.9152116775512695 -6.6372761726379395 0.8966460227966309 7.91513729095459 -6.461493492126465 0.8641535043716431 7.915398597717285 -6.285831451416016 0.8316842317581177 7.915961265563965 -6.109658718109131 0.7972815036773682 7.91666316986084 -5.933143615722656 0.7601926326751709 7.917359352111816 -5.756394386291504 0.7202802896499634 7.9181976318359375 -5.579056262969971 0.677367091178894 7.919142723083496 -5.4016642570495605 0.630664587020874 7.92011833190918 -5.223614692687988 0.5802493095397949 7.921009063720703 -5.045521259307861 0.5262587070465088 7.921689987182617 -4.867244720458984 0.4690377712249756 7.922089576721191 -4.688270568847656 0.40924549102783203 7.922147750854492 -4.5091094970703125 0.34816980361938477 7.921842575073242 -4.329934120178223 0.2869582176208496 7.921391487121582 -4.151167869567871 0.22681283950805664 7.920825958251953 -3.972416400909424 0.16798782348632812 7.920129776000977 -3.7936668395996094 0.11083030700683594 7.919251441955566 -3.614722728729248 0.05571413040161133 7.918193817138672 -3.4324522018432617 0.0019807815551757812 7.916921615600586 -3.253520965576172 -0.04745960235595703 7.9154157638549805 -3.0747897624969482 -0.0929112434387207 7.913764953613281 -2.896284818649292 -0.13342952728271484 7.912140846252441 -2.717796564102173 -0.16874933242797852 7.910432815551758 -2.5394930839538574 -0.1990642547607422 7.908756256103516 -2.3615775108337402 -0.22391533851623535 7.907288551330566 -2.183893918991089 -0.24417471885681152 7.906075477600098 -2.0063061714172363 -0.26031172275543213 7.905153274536133 -1.828477144241333 -0.2736319899559021 7.904390335083008 -1.6508469581604004 -0.28476157784461975 7.903730392456055 -1.4731576442718506 -0.29387474060058594 7.903280258178711 -1.295409917831421 -0.3013327121734619 7.902994155883789 -1.1180181503295898 -0.30791497230529785 7.902643203735352 -0.9405572414398193 -0.3135685920715332 7.902154922485352 -0.7631731033325195 -0.31813859939575195 7.901691436767578 -0.5856516361236572 -0.3213372230529785 7.8778276443481445 -6.637284278869629 0.9074082374572754 7.877811431884766 -6.461526393890381 0.8752301931381226 7.8780517578125 -6.285866737365723 0.84321129322052 7.878574371337891 -6.109716415405273 0.8090387582778931 7.879220962524414 -5.933220863342285 0.7719480991363525 7.879825592041016 -5.756453037261963 0.7320202589035034 7.880640029907227 -5.579156875610352 0.6887353658676147 7.881568908691406 -5.401758670806885 0.641777515411377 7.882506370544434 -5.223703384399414 0.5906996726989746 7.88337516784668 -5.045593738555908 0.5358684062957764 7.883996963500977 -4.867276191711426 0.47783470153808594 7.8843183517456055 -4.688293933868408 0.41681575775146484 7.88441276550293 -4.5090861320495605 0.35442543029785156 7.884084701538086 -4.329902172088623 0.2919015884399414 7.883669853210449 -4.151118278503418 0.23076343536376953 7.88313102722168 -3.9723472595214844 0.1708526611328125 7.882401466369629 -3.7935914993286133 0.11264991760253906 7.881492614746094 -3.6146326065063477 0.05636405944824219 7.880403518676758 -3.432333469390869 0.0015382766723632812 7.879194259643555 -3.2533912658691406 -0.049037933349609375 7.877686500549316 -3.074646472930908 -0.09543514251708984 7.876046180725098 -2.896125078201294 -0.13668012619018555 7.87443733215332 -2.717649459838867 -0.17261934280395508 7.872702598571777 -2.5393197536468506 -0.20355701446533203 7.871124267578125 -2.3614084720611572 -0.22874116897583008 7.869626998901367 -2.183778762817383 -0.24912619590759277 7.86846923828125 -2.0061886310577393 -0.2653782367706299 7.867487907409668 -1.8284077644348145 -0.2789478302001953 7.866741180419922 -1.6507878303527832 -0.2902752161026001 7.866062164306641 -1.4730830192565918 -0.29956257343292236 7.865703582763672 -1.295405387878418 -0.3071622848510742 7.865357398986816 -1.1179888248443604 -0.31384849548339844 7.865020751953125 -0.9405205249786377 -0.3195810317993164 7.864543914794922 -0.7631363868713379 -0.32422733306884766 7.864118576049805 -0.5856552124023438 -0.32757043838500977 11.96440315246582 -0.3628321886062622 0.6415435075759888 11.788825988769531 -0.36328065395355225 0.5871073007583618 11.612850189208984 -0.3636929988861084 0.5344711542129517 11.436956405639648 -0.36403846740722656 0.4831163287162781 11.260604858398438 -0.364119291305542 0.4327050447463989 11.084745407104492 -0.3640388250350952 0.38162750005722046 10.9089994430542 -0.36393487453460693 0.3298295736312866 10.733516693115234 -0.364078164100647 0.2774779200553894 10.557265281677246 -0.3645416498184204 0.22667253017425537 10.38129997253418 -0.36509931087493896 0.17754840850830078 10.205085754394531 -0.36583614349365234 0.1310412883758545 10.028481483459473 -0.3664466142654419 0.08745920658111572 9.848323822021484 -0.3669605255126953 0.04517817497253418 9.671561241149902 -0.3674880266189575 0.0049436092376708984 9.494990348815918 -0.36808574199676514 -0.033736467361450195 9.318187713623047 -0.3687114715576172 -0.07032561302185059 9.140914916992188 -0.3691070079803467 -0.10510969161987305 8.963766098022461 -0.3695218563079834 -0.13882207870483398 8.787067413330078 -0.36983156204223633 -0.17206716537475586 8.610212326049805 -0.3702528476715088 -0.20428705215454102 8.43328857421875 -0.3704860210418701 -0.23531198501586914 8.256078720092773 -0.3707237243652344 -0.2654595375061035 8.078824996948242 -0.37083935737609863 -0.29497337341308594 11.964365005493164 -0.400288462638855 0.6284210681915283 11.788789749145508 -0.4007284641265869 0.5753083229064941 11.612811088562012 -0.40115952491760254 0.5236897468566895 11.436923027038574 -0.4015086889266968 0.4733511805534363 11.260589599609375 -0.4015929698944092 0.4236939549446106 11.084739685058594 -0.40148282051086426 0.37367820739746094 10.909000396728516 -0.40137994289398193 0.32299119234085083 10.733503341674805 -0.40154457092285156 0.27203357219696045 10.557186126708984 -0.40202903747558594 0.2219395637512207 10.38123607635498 -0.40260910987854004 0.17385554313659668 10.204998970031738 -0.40332460403442383 0.12823057174682617 10.028453826904297 -0.4040027856826782 0.0852651596069336 9.848271369934082 -0.4045374393463135 0.04343819618225098 9.671531677246094 -0.40502142906188965 0.003741741180419922 9.494905471801758 -0.4056358337402344 -0.034468889236450195 9.31814193725586 -0.4062354564666748 -0.0706949234008789 9.140877723693848 -0.40671801567077637 -0.10542535781860352 8.963728904724121 -0.40707945823669434 -0.13907146453857422 8.787041664123535 -0.4073653221130371 -0.17198514938354492 8.61018180847168 -0.4077448844909668 -0.2040262222290039 8.433280944824219 -0.4080636501312256 -0.23488521575927734 8.256054878234863 -0.4082634449005127 -0.2650585174560547 8.078804969787598 -0.40845680236816406 -0.29456281661987305 11.982606887817383 -6.76706075668335 -0.11483573913574219 11.805173873901367 -6.766930103302002 -0.08182430267333984 11.627833366394043 -6.76690149307251 -0.04748392105102539 11.450339317321777 -6.766870498657227 -0.012107372283935547 11.27279281616211 -6.766896724700928 0.025352954864501953 11.095365524291992 -6.767099380493164 0.06467604637145996 10.918107986450195 -6.767169952392578 0.10588502883911133 10.74079704284668 -6.767171382904053 0.14859437942504883 10.563444137573242 -6.767180442810059 0.19287461042404175 10.386064529418945 -6.767141342163086 0.23822468519210815 10.208718299865723 -6.76696252822876 0.28363656997680664 10.03116226196289 -6.766753673553467 0.32977962493896484 9.85373592376709 -6.766704082489014 0.37613487243652344 9.676515579223633 -6.766558647155762 0.42268896102905273 9.499441146850586 -6.766347408294678 0.46983957290649414 9.322272300720215 -6.766178131103516 0.5179884433746338 9.14527702331543 -6.765949249267578 0.5677018165588379 8.968281745910645 -6.765851020812988 0.6179885864257812 8.791428565979004 -6.765674114227295 0.6685922145843506 8.614744186401367 -6.765383720397949 0.7196788787841797 8.438146591186523 -6.765222072601318 0.7709041833877563 8.261610984802246 -6.764977931976318 0.8216598033905029 8.085043907165527 -6.764784336090088 0.8721203804016113 11.993082046508789 -6.77727746963501 -0.1148061752319336 11.815796852111816 -6.777347087860107 -0.08180570602416992 11.638259887695312 -6.777545928955078 -0.04750871658325195 11.460639953613281 -6.777827739715576 -0.012156486511230469 11.282687187194824 -6.778305530548096 0.02524566650390625 11.105083465576172 -6.77888298034668 0.06452155113220215 10.92782974243164 -6.779372215270996 0.10569000244140625 10.750715255737305 -6.779689788818359 0.14837992191314697 10.573410034179688 -6.779989719390869 0.1926400065422058 10.396028518676758 -6.7800493240356445 0.23795852065086365 10.218750953674316 -6.779909610748291 0.2833680510520935 10.040945053100586 -6.779895782470703 0.3294863700866699 9.860269546508789 -6.779781341552734 0.37669479846954346 9.683175086975098 -6.7798004150390625 0.4232780933380127 9.50631332397461 -6.77971887588501 0.47042226791381836 9.329291343688965 -6.779844760894775 0.5186009407043457 9.1522798538208 -6.779852390289307 0.5682973861694336 8.975372314453125 -6.779850006103516 0.6185948848724365 8.798796653747559 -6.779706954956055 0.6692159175872803 8.622241020202637 -6.779573917388916 0.720322847366333 8.445737838745117 -6.779265880584717 0.7715522050857544 8.269186019897461 -6.778985977172852 0.8223036527633667 8.092360496520996 -6.778749942779541 0.8727318048477173 12.124288558959961 -6.625267028808594 -0.16952896118164062 12.124204635620117 -6.448002338409424 -0.2046031951904297 12.123902320861816 -6.270714282989502 -0.23901128768920898 12.123804092407227 -6.093505859375 -0.27246809005737305 12.123498916625977 -5.9163994789123535 -0.3039836883544922 12.123138427734375 -5.739481449127197 -0.33414125442504883 12.122796058654785 -5.562421798706055 -0.3621410131454468 12.122454643249512 -5.385443687438965 -0.3870648145675659 12.122076988220215 -5.208482265472412 -0.40859219431877136 12.121654510498047 -5.031569004058838 -0.42545056343078613 12.121192932128906 -4.854475021362305 -0.4371638298034668 12.120718002319336 -4.677473545074463 -0.44378662109375 12.12021541595459 -4.500292778015137 -0.44492626190185547 12.119739532470703 -4.323146343231201 -0.44020819664001465 12.119220733642578 -4.14591646194458 -0.43007516860961914 12.118703842163086 -3.9685564041137695 -0.4134840965270996 12.118260383605957 -3.791152000427246 -0.39000511169433594 12.117768287658691 -3.6135940551757812 -0.35942792892456055 12.117276191711426 -3.4359545707702637 -0.3236222267150879 12.116960525512695 -3.2581405639648438 -0.283139705657959 12.116647720336914 -3.08029842376709 -0.2386608123779297 12.116392135620117 -2.9025018215179443 -0.1910843849182129 12.11622428894043 -2.7247097492218018 -0.14075231552124023 12.11608600616455 -2.5470426082611084 -0.08775568008422852 12.115877151489258 -2.3693599700927734 -0.032416582107543945 12.11575984954834 -2.1916136741638184 0.02516770362854004 12.11571216583252 -2.0138213634490967 0.08421182632446289 12.115681648254395 -1.8360509872436523 0.14453697204589844 12.115546226501465 -1.6582708358764648 0.20683598518371582 12.115478515625 -1.4803225994110107 0.2710902690887451 12.115377426147461 -1.3023099899291992 0.336592435836792 12.1153564453125 -1.1241631507873535 0.40296077728271484 12.1154146194458 -0.946251630783081 0.4701552987098694 12.115373611450195 -0.7680718898773193 0.5371079444885254 12.115391731262207 -0.5898995399475098 0.6041441559791565 12.135099411010742 -6.63552713394165 -0.16950130462646484 12.134836196899414 -6.458512783050537 -0.2045588493347168 12.1344633102417 -6.281385898590088 -0.23900175094604492 12.133991241455078 -6.104129314422607 -0.2724795341491699 12.1333646774292 -5.927515506744385 -0.30405497550964355 12.132614135742188 -5.750830173492432 -0.3342559337615967 12.131720542907715 -5.57383394241333 -0.3622894287109375 12.130698204040527 -5.397129535675049 -0.3873172402381897 12.129528045654297 -5.220201015472412 -0.4088899791240692 12.1280517578125 -5.043523788452148 -0.4258577823638916 12.126432418823242 -4.866526126861572 -0.43767642974853516 12.124871253967285 -4.689549922943115 -0.4443840980529785 12.123123168945312 -4.5121684074401855 -0.4456205368041992 12.121439933776855 -4.334848880767822 -0.4409787654876709 12.119709014892578 -4.157216548919678 -0.4309206008911133 12.11782455444336 -3.9795756340026855 -0.4144296646118164 12.115742683410645 -3.8015432357788086 -0.3910198211669922 12.113912582397461 -3.6234817504882812 -0.36055612564086914 12.112367630004883 -3.441476345062256 -0.32404661178588867 12.111163139343262 -3.2627549171447754 -0.28348827362060547 12.110116004943848 -3.0841121673583984 -0.23894882202148438 12.10919189453125 -2.90543270111084 -0.1912851333618164 12.10853099822998 -2.726616621017456 -0.14089250564575195 12.10780143737793 -2.548299789428711 -0.08782672882080078 12.107175827026367 -2.369879961013794 -0.032422542572021484 12.106584548950195 -2.191406726837158 0.025198698043823242 12.106297492980957 -2.0125300884246826 0.08432817459106445 12.105894088745117 -1.8338918685913086 0.14476442337036133 12.10538101196289 -1.6552250385284424 0.20713186264038086 12.10491943359375 -1.476377248764038 0.27144932746887207 12.10456657409668 -1.2971422672271729 0.33706462383270264 12.104436874389648 -1.1176888942718506 0.40352463722229004 12.104377746582031 -0.9388365745544434 0.47081631422042847 12.10435676574707 -0.7592658996582031 0.5378630757331848 12.104401588439941 -0.5797557830810547 0.6050117015838623 7.943490982055664 -6.6232781410217285 0.8858509063720703 7.943502426147461 -6.447188377380371 0.8531732559204102 7.943573951721191 -6.271032810211182 0.8202108144760132 7.943691253662109 -6.094656944274902 0.7856252193450928 7.943815231323242 -5.918130874633789 0.7484867572784424 7.944034576416016 -5.741400241851807 0.7085369825363159 7.944157600402832 -5.564417362213135 0.6659042835235596 7.944355010986328 -5.387277603149414 0.6193833351135254 7.944616317749023 -5.209973335266113 0.5696444511413574 7.944772720336914 -5.032670497894287 0.5163042545318604 7.944894790649414 -4.855110168457031 0.4596235752105713 7.944972991943359 -4.677407741546631 0.40104031562805176 7.944868087768555 -4.49951171875 0.34108495712280273 7.944673538208008 -4.3217644691467285 0.281221866607666 7.944423675537109 -4.14397668838501 0.22199440002441406 7.944189071655273 -3.9662346839904785 0.16411590576171875 7.943918228149414 -3.7885656356811523 0.10802888870239258 7.9435014724731445 -3.6107726097106934 0.053981781005859375 7.943053245544434 -3.432868480682373 0.002239704132080078 7.942558288574219 -3.255093574523926 -0.046138763427734375 7.941912651062012 -3.077317714691162 -0.09067869186401367 7.941401481628418 -2.899425506591797 -0.13067197799682617 7.940835952758789 -2.721653699874878 -0.16528654098510742 7.940136909484863 -2.543966770172119 -0.19501876831054688 7.939576148986816 -2.3663036823272705 -0.21967172622680664 7.938968658447266 -2.1888458728790283 -0.23964166641235352 7.938545227050781 -2.0113282203674316 -0.2557229995727539 7.938114166259766 -1.833817481994629 -0.26867204904556274 7.937788963317871 -1.6563549041748047 -0.27963787317276 7.937532424926758 -1.4788103103637695 -0.28862297534942627 7.937300682067871 -1.3013200759887695 -0.29576706886291504 7.937175750732422 -1.1239738464355469 -0.30234837532043457 7.937054634094238 -0.9465808868408203 -0.30791616439819336 7.936789512634277 -0.7692866325378418 -0.3124246597290039 7.936624526977539 -0.5919032096862793 -0.3154749870300293 7.950503349304199 -6.637294292449951 0.8864566087722778 7.950372695922852 -6.461478233337402 0.8537678718566895 7.950649261474609 -6.285793781280518 0.8208104372024536 7.951262474060059 -6.109585285186768 0.7862540483474731 7.951955795288086 -5.933072566986084 0.7491534948348999 7.952739715576172 -5.75633430480957 0.7092515230178833 7.953603744506836 -5.578960418701172 0.6666750907897949 7.954585075378418 -5.401559829711914 0.6202232837677002 7.955585479736328 -5.2235212326049805 0.5705571174621582 7.956504821777344 -5.045428276062012 0.5172772407531738 7.957197189331055 -4.867205619812012 0.4606666564941406 7.957684516906738 -4.688230514526367 0.40213751792907715 7.957707405090332 -4.509114742279053 0.34221649169921875 7.957386016845703 -4.329956531524658 0.2823448181152344 7.9569501876831055 -4.1512346267700195 0.22311782836914062 7.956367492675781 -3.9724698066711426 0.16522932052612305 7.955672264099121 -3.793748378753662 0.10910940170288086 7.954870223999023 -3.6147899627685547 0.05500650405883789 7.953760147094727 -3.432577133178711 0.0023102760314941406 7.952466011047363 -3.2536392211914062 -0.046036720275878906 7.951009750366211 -3.074920654296875 -0.09057998657226562 7.949342727661133 -2.896458625793457 -0.13057231903076172 7.947683334350586 -2.717952251434326 -0.1651930809020996 7.945981979370117 -2.5396640300750732 -0.19492149353027344 7.944250106811523 -2.36175537109375 -0.21958112716674805 7.942792892456055 -2.184015989303589 -0.23955059051513672 7.94156551361084 -2.006430149078369 -0.2556689977645874 7.940637588500977 -1.8285157680511475 -0.26859742403030396 7.939939498901367 -1.6509151458740234 -0.27959972620010376 7.939216613769531 -1.4731965065002441 -0.28858494758605957 7.938783645629883 -1.295426368713379 -0.29573726654052734 7.938443183898926 -1.1180343627929688 -0.302323579788208 7.938127517700195 -0.94059157371521 -0.30789613723754883 7.937652587890625 -0.7632114887237549 -0.3123922348022461 7.937135696411133 -0.5856542587280273 -0.3154420852661133 11.974238395690918 -0.44697606563568115 0.6150041818618774 11.797301292419434 -0.44709181785583496 0.5631850957870483 11.620359420776367 -0.44720780849456787 0.5124950408935547 11.443427085876465 -0.447406530380249 0.46317580342292786 11.266352653503418 -0.44743597507476807 0.4142373204231262 11.089374542236328 -0.4473731517791748 0.36531996726989746 10.912497520446777 -0.4474167823791504 0.31570130586624146 10.73564624786377 -0.4475780725479126 0.2659202218055725 10.558683395385742 -0.4477730989456177 0.2164955735206604 10.381715774536133 -0.44780898094177246 0.16938161849975586 10.204573631286621 -0.4480428695678711 0.12466371059417725 10.027314186096191 -0.4482671022415161 0.08241939544677734 9.850001335144043 -0.44848382472991943 0.04174685478210449 9.672748565673828 -0.44867873191833496 0.0025484561920166016 9.495660781860352 -0.44890081882476807 -0.03526902198791504 9.318504333496094 -0.4491603374481201 -0.07108712196350098 9.141214370727539 -0.449393630027771 -0.10581636428833008 8.963991165161133 -0.44952714443206787 -0.13933181762695312 8.7869234085083 -0.4496276378631592 -0.1719202995300293 8.60992431640625 -0.4498147964477539 -0.20382308959960938 8.432835578918457 -0.4499375820159912 -0.23448753356933594 8.25566291809082 -0.45004522800445557 -0.26470088958740234 8.078417778015137 -0.45010995864868164 -0.29424190521240234 11.96431827545166 -0.4356834888458252 0.6159957647323608 11.788775444030762 -0.43614745140075684 0.5641744136810303 11.61274528503418 -0.43651700019836426 0.5134282112121582 11.436915397644043 -0.4369419813156128 0.46410420536994934 11.260574340820312 -0.43697333335876465 0.41512739658355713 11.084748268127441 -0.4368572235107422 0.3662172555923462 10.909011840820312 -0.43675053119659424 0.31665295362472534 10.733478546142578 -0.4369072914123535 0.26687222719192505 10.557132720947266 -0.4374336004257202 0.2174174189567566 10.381178855895996 -0.43799304962158203 0.17027974128723145 10.20492172241211 -0.43876028060913086 0.125510573387146 10.028421401977539 -0.4394712448120117 0.08322298526763916 9.848220825195312 -0.44001317024230957 0.041784048080444336 9.671485900878906 -0.44043397903442383 0.0025796890258789062 9.494823455810547 -0.4410831928253174 -0.035225629806518555 9.318098068237305 -0.44166994094848633 -0.07105064392089844 9.140838623046875 -0.4421858787536621 -0.10578536987304688 8.963704109191895 -0.4425225257873535 -0.13930845260620117 8.78702163696289 -0.44277310371398926 -0.17190933227539062 8.61014461517334 -0.44315195083618164 -0.2037820816040039 8.433271408081055 -0.44347381591796875 -0.23447847366333008 8.256025314331055 -0.4437274932861328 -0.26468849182128906 8.078784942626953 -0.4439225196838379 -0.29421567916870117 11.975022315979004 -6.618128299713135 -0.14293956756591797 11.797844886779785 -6.617878437042236 -0.10907936096191406 11.620649337768555 -6.617604732513428 -0.073944091796875 11.443452835083008 -6.617283821105957 -0.03743457794189453 11.266087532043457 -6.616934299468994 0.0005550384521484375 11.088786125183105 -6.616573810577393 0.040166378021240234 10.911532402038574 -6.616264343261719 0.08133924007415771 10.734174728393555 -6.615988254547119 0.1240389347076416 10.556707382202148 -6.615745544433594 0.16796380281448364 10.379326820373535 -6.615530014038086 0.21297279000282288 10.201904296875 -6.61531400680542 0.2585245370864868 10.024449348449707 -6.6151041984558105 0.3046252727508545 9.84707260131836 -6.614908218383789 0.35106658935546875 9.669763565063477 -6.614715576171875 0.39782631397247314 9.492504119873047 -6.6144328117370605 0.4443793296813965 9.315267562866211 -6.614017486572266 0.49195194244384766 9.138111114501953 -6.613681793212891 0.5408072471618652 8.961030960083008 -6.613411903381348 0.5906693935394287 8.784064292907715 -6.613213062286377 0.6410999298095703 8.60726261138916 -6.613069534301758 0.691802978515625 8.430561065673828 -6.612921237945557 0.7425670623779297 8.254079818725586 -6.61275577545166 0.7937060594558716 8.077741622924805 -6.612602710723877 0.8449243307113647 11.97493839263916 -6.440687656402588 -0.1774296760559082 11.797807693481445 -6.440464019775391 -0.14266633987426758 11.620597839355469 -6.44016695022583 -0.10668468475341797 11.443349838256836 -6.439873695373535 -0.06914448738098145 11.266002655029297 -6.439576625823975 -0.03031754493713379 11.088766098022461 -6.439337730407715 0.009822845458984375 10.911510467529297 -6.439109802246094 0.05099749565124512 10.734159469604492 -6.438868999481201 0.09337371587753296 10.55674934387207 -6.438647747039795 0.13701210916042328 10.379338264465332 -6.438425064086914 0.1816691756248474 10.201887130737305 -6.438239097595215 0.22718989849090576 10.024447441101074 -6.438066482543945 0.27318906784057617 9.847071647644043 -6.4379096031188965 0.3194594383239746 9.669710159301758 -6.43777322769165 0.36577296257019043 9.49246597290039 -6.437590599060059 0.4122190475463867 9.315292358398438 -6.437356472015381 0.45926499366760254 9.138175964355469 -6.43712043762207 0.5073504447937012 8.961078643798828 -6.436947345733643 0.5564179420471191 8.784087181091309 -6.43681526184082 0.6061899662017822 8.607298851013184 -6.436676979064941 0.6565091609954834 8.430604934692383 -6.436509609222412 0.7073142528533936 8.25406265258789 -6.436316013336182 0.7589045763015747 8.077680587768555 -6.436164855957031 0.8110624551773071 11.974943161010742 -6.263287544250488 -0.21117353439331055 11.797778129577637 -6.263094902038574 -0.1756572723388672 11.620579719543457 -6.2628326416015625 -0.13884592056274414 11.443315505981445 -6.2625508308410645 -0.10051465034484863 11.265946388244629 -6.262340545654297 -0.060861825942993164 11.08875846862793 -6.262164115905762 -0.020485758781433105 10.9114990234375 -6.262002944946289 0.020844340324401855 10.7341890335083 -6.2617974281311035 0.06304442137479782 10.556840896606445 -6.2615838050842285 0.10637170076370239 10.379398345947266 -6.26138162612915 0.15077155828475952 10.201946258544922 -6.26122522354126 0.19604861736297607 10.024503707885742 -6.2611165046691895 0.2416841983795166 9.847129821777344 -6.261036396026611 0.28757357597351074 9.669792175292969 -6.260952472686768 0.33350110054016113 9.492520332336426 -6.260822772979736 0.379685640335083 9.31534194946289 -6.260686874389648 0.4262864589691162 9.138211250305176 -6.260560989379883 0.4736611843109131 8.961132049560547 -6.260428428649902 0.5219156742095947 8.784159660339355 -6.260318756103516 0.5710363388061523 8.607321739196777 -6.26018762588501 0.6209461688995361 8.430587768554688 -6.260029315948486 0.6718087196350098 8.253997802734375 -6.259881973266602 0.7237728834152222 8.07754898071289 -6.259637355804443 0.7769055366516113 11.974977493286133 -6.085879802703857 -0.24380970001220703 11.797831535339355 -6.085725784301758 -0.20750975608825684 11.620635032653809 -6.085516452789307 -0.16998982429504395 11.443365097045898 -6.085336208343506 -0.1311953067779541 11.265989303588867 -6.085195541381836 -0.09121370315551758 11.088820457458496 -6.08506965637207 -0.05042064189910889 10.91157341003418 -6.084918975830078 -0.009035937488079071 10.734268188476562 -6.084743976593018 0.033134520053863525 10.556921005249023 -6.084580421447754 0.07627785205841064 10.379486083984375 -6.084408760070801 0.12033975124359131 10.202024459838867 -6.084266662597656 0.1650550365447998 10.024608612060547 -6.084191799163818 0.21034502983093262 9.847238540649414 -6.084158420562744 0.25577425956726074 9.66987133026123 -6.084115982055664 0.30131077766418457 9.492603302001953 -6.0840582847595215 0.34688568115234375 9.315415382385254 -6.0839948654174805 0.3927755355834961 9.138283729553223 -6.083924770355225 0.4393892288208008 8.96118450164795 -6.083828926086426 0.4868340492248535 8.784209251403809 -6.083743095397949 0.5353333950042725 8.607311248779297 -6.0836358070373535 0.5848758220672607 8.43055248260498 -6.08349084854126 0.6356818675994873 8.253896713256836 -6.083334445953369 0.6880154609680176 8.07728099822998 -6.08315896987915 0.7417932748794556 11.975067138671875 -5.908605575561523 -0.27487969398498535 11.797983169555664 -5.908493995666504 -0.23780298233032227 11.620783805847168 -5.908366680145264 -0.19984591007232666 11.443480491638184 -5.9082255363464355 -0.16074371337890625 11.266164779663086 -5.908097743988037 -0.12068396806716919 11.088963508605957 -5.907984256744385 -0.07963089644908905 10.911689758300781 -5.9078826904296875 -0.03810936212539673 10.73440170288086 -5.9077558517456055 0.003972947597503662 10.557021141052246 -5.907617568969727 0.04676103591918945 10.379606246948242 -5.907493591308594 0.09031271934509277 10.202138900756836 -5.907400608062744 0.13446223735809326 10.024747848510742 -5.9073381423950195 0.17908549308776855 9.847342491149902 -5.907284736633301 0.22405576705932617 9.66998291015625 -5.90729284286499 0.26914453506469727 9.492717742919922 -5.907316207885742 0.3140902519226074 9.315536499023438 -5.907289981842041 0.35934901237487793 9.13840103149414 -5.907244682312012 0.4049069881439209 8.961289405822754 -5.907166957855225 0.45142388343811035 8.784266471862793 -5.907097816467285 0.4990880489349365 8.607314109802246 -5.907003402709961 0.5481600761413574 8.430490493774414 -5.906887531280518 0.5988514423370361 8.253692626953125 -5.906739711761475 0.6509318351745605 8.076936721801758 -5.9065775871276855 0.7046352624893188 11.975193977355957 -5.731395244598389 -0.30402183532714844 11.798163414001465 -5.731350898742676 -0.26624977588653564 11.621013641357422 -5.731265068054199 -0.22792071104049683 11.443704605102539 -5.731147289276123 -0.18869003653526306 11.266386985778809 -5.7310333251953125 -0.14848142862319946 11.08915901184082 -5.7309651374816895 -0.10760867595672607 10.91187858581543 -5.730877876281738 -0.06612211465835571 10.73454475402832 -5.730780124664307 -0.02415788173675537 10.557195663452148 -5.730690002441406 0.018245577812194824 10.379806518554688 -5.7306060791015625 0.06110405921936035 10.202322959899902 -5.7305192947387695 0.10454750061035156 10.024923324584961 -5.730474948883057 0.14839553833007812 9.84748363494873 -5.73045015335083 0.19262218475341797 9.670143127441406 -5.730459213256836 0.2370162010192871 9.492854118347168 -5.730506420135498 0.28148531913757324 9.315645217895508 -5.730561256408691 0.3259117603302002 9.13851547241211 -5.7305378913879395 0.3706181049346924 8.961430549621582 -5.7305192947387695 0.41602230072021484 8.784322738647461 -5.730442523956299 0.46255040168762207 8.607308387756348 -5.730290412902832 0.5107641220092773 8.430350303649902 -5.730161190032959 0.5606448650360107 8.253438949584961 -5.730013370513916 0.6121203899383545 8.07658576965332 -5.729884624481201 0.6651711463928223 11.975400924682617 -5.554257392883301 -0.33118224143981934 11.79842472076416 -5.554238319396973 -0.29271334409713745 11.621297836303711 -5.5541558265686035 -0.2538534998893738 11.444011688232422 -5.554102897644043 -0.21441158652305603 11.266679763793945 -5.5540571212768555 -0.174333393573761 11.089442253112793 -5.553984642028809 -0.13367998600006104 10.912137985229492 -5.553913116455078 -0.09254956245422363 10.734794616699219 -5.55384635925293 -0.05088937282562256 10.557405471801758 -5.553780555725098 -0.008900165557861328 10.380062103271484 -5.553734302520752 0.03338909149169922 10.202566146850586 -5.553692817687988 0.07591128349304199 10.025138854980469 -5.553640842437744 0.11879801750183105 9.847728729248047 -5.5536274909973145 0.16196298599243164 9.670365333557129 -5.553643703460693 0.20542335510253906 9.493040084838867 -5.553704261779785 0.24898982048034668 9.315771102905273 -5.553753852844238 0.292588472366333 9.138618469238281 -5.553797245025635 0.33634400367736816 8.961509704589844 -5.553806781768799 0.38056206703186035 8.784366607666016 -5.553720474243164 0.4257941246032715 8.60726261138916 -5.553635120391846 0.472567081451416 8.43021297454834 -5.553490161895752 0.5210306644439697 8.253172874450684 -5.553346633911133 0.5712244510650635 8.076194763183594 -5.553167819976807 0.6231651306152344 11.975757598876953 -5.377103328704834 -0.3556310534477234 11.798809051513672 -5.377125263214111 -0.31635212898254395 11.621648788452148 -5.377119064331055 -0.27721279859542847 11.444388389587402 -5.377072811126709 -0.2376784086227417 11.267051696777344 -5.377038955688477 -0.19769752025604248 11.08978271484375 -5.377004146575928 -0.1572730541229248 10.912492752075195 -5.376943588256836 -0.11656022071838379 10.735124588012695 -5.376884937286377 -0.07543683052062988 10.557723045349121 -5.376873970031738 -0.03399538993835449 10.380342483520508 -5.376852989196777 0.007447242736816406 10.20286750793457 -5.376838207244873 0.049030303955078125 10.025428771972656 -5.3768439292907715 0.09079432487487793 9.848033905029297 -5.376832485198975 0.1327953338623047 9.670621871948242 -5.3768720626831055 0.17494416236877441 9.493261337280273 -5.37692403793335 0.21716904640197754 9.315942764282227 -5.37697696685791 0.2594571113586426 9.138727188110352 -5.377041816711426 0.30196452140808105 8.96155834197998 -5.377076625823975 0.3448193073272705 8.784370422363281 -5.377054214477539 0.3884694576263428 8.607185363769531 -5.376950740814209 0.4334983825683594 8.430051803588867 -5.376834392547607 0.4800448417663574 8.252897262573242 -5.376676082611084 0.5283567905426025 8.075746536254883 -5.376474380493164 0.5783991813659668 11.976306915283203 -5.199992656707764 -0.3763265609741211 11.799291610717773 -5.200072765350342 -0.33659064769744873 11.622115135192871 -5.200088024139404 -0.29724276065826416 11.444825172424316 -5.200079917907715 -0.25783205032348633 11.267484664916992 -5.2000322341918945 -0.21808922290802002 11.090187072753906 -5.200015544891357 -0.1779768466949463 10.912874221801758 -5.199976444244385 -0.13762807846069336 10.73552131652832 -5.199965000152588 -0.09708213806152344 10.558096885681152 -5.199961185455322 -0.05658102035522461 10.380640983581543 -5.199962139129639 -0.01618814468383789 10.203210830688477 -5.19996452331543 0.02422475814819336 10.025755882263184 -5.199978351593018 0.06486940383911133 9.848321914672852 -5.200042724609375 0.10550069808959961 9.670886993408203 -5.200115203857422 0.14597010612487793 9.49348258972168 -5.2001633644104 0.18637871742248535 9.316128730773926 -5.200222969055176 0.22684049606323242 9.138858795166016 -5.200264930725098 0.2676239013671875 8.961615562438965 -5.200331211090088 0.3088407516479492 8.784374237060547 -5.200329780578613 0.35062360763549805 8.607100486755371 -5.200259208679199 0.39351797103881836 8.429871559143066 -5.200157165527344 0.4377472400665283 8.252599716186523 -5.199997901916504 0.48343920707702637 8.0752534866333 -5.1998138427734375 0.5307695865631104 11.976922035217285 -5.022896766662598 -0.3925672769546509 11.799836158752441 -5.0230231285095215 -0.3525276184082031 11.622653007507324 -5.023076057434082 -0.31331801414489746 11.445353507995605 -5.023088455200195 -0.2742290496826172 11.267988204956055 -5.023070812225342 -0.23485708236694336 11.090631484985352 -5.023073196411133 -0.1952197551727295 10.913294792175293 -5.0230488777160645 -0.15553712844848633 10.735919952392578 -5.02303409576416 -0.11577916145324707 10.558485984802246 -5.023079872131348 -0.07633423805236816 10.381023406982422 -5.023115634918213 -0.03716158866882324 10.203587532043457 -5.023138999938965 0.0018744468688964844 10.02607536315918 -5.0231614112854 0.04093456268310547 9.848600387573242 -5.023226261138916 0.0798492431640625 9.671133041381836 -5.023316383361816 0.1183631420135498 9.493703842163086 -5.023407936096191 0.1566143035888672 9.31632137298584 -5.023448467254639 0.1949307918548584 9.13901138305664 -5.023497581481934 0.2335987091064453 8.961688041687012 -5.023530960083008 0.2727622985839844 8.784381866455078 -5.023563385009766 0.31233906745910645 8.607037544250488 -5.02353572845459 0.352766752243042 8.42969799041748 -5.023463249206543 0.39415526390075684 8.252313613891602 -5.023337364196777 0.43659305572509766 8.074817657470703 -5.023179054260254 0.4803190231323242 11.977540016174316 -4.845787048339844 -0.4040505886077881 11.800408363342285 -4.845986843109131 -0.36394548416137695 11.623207092285156 -4.8460845947265625 -0.3249497413635254 11.4459228515625 -4.846108913421631 -0.28635454177856445 11.268540382385254 -4.846099376678467 -0.24764418601989746 11.091137886047363 -4.846118450164795 -0.20873570442199707 10.913759231567383 -4.846136093139648 -0.1697556972503662 10.73635196685791 -4.846158504486084 -0.13112878799438477 10.558944702148438 -4.846203804016113 -0.09291958808898926 10.38145923614502 -4.846253871917725 -0.05511760711669922 10.203962326049805 -4.846304416656494 -0.017653942108154297 10.026446342468262 -4.846381187438965 0.019374608993530273 9.848905563354492 -4.8464884757995605 0.05599546432495117 9.671411514282227 -4.846575736999512 0.09224843978881836 9.4939546585083 -4.846668720245361 0.12817907333374023 9.31655502319336 -4.846726894378662 0.16404223442077637 9.139141082763672 -4.846738815307617 0.20017313957214355 8.961801528930664 -4.846777439117432 0.23674321174621582 8.784395217895508 -4.846786022186279 0.2738230228424072 8.6069917678833 -4.846790790557861 0.31137561798095703 8.429543495178223 -4.846768856048584 0.3495149612426758 8.252046585083008 -4.846705913543701 0.3881800174713135 8.074470520019531 -4.846592426300049 0.42749619483947754 11.978170394897461 -4.668773651123047 -0.4105563163757324 11.800999641418457 -4.668978214263916 -0.3708004951477051 11.623777389526367 -4.669088363647461 -0.33219242095947266 11.446479797363281 -4.669135570526123 -0.2940101623535156 11.269100189208984 -4.669163227081299 -0.25611233711242676 11.091682434082031 -4.669173240661621 -0.21813678741455078 10.914238929748535 -4.669208526611328 -0.18027782440185547 10.73681640625 -4.669262409210205 -0.1428818702697754 10.559408187866211 -4.669309139251709 -0.10605120658874512 10.38188362121582 -4.669402122497559 -0.06973671913146973 10.20434284210205 -4.669511795043945 -0.03423738479614258 10.026817321777344 -4.669632434844971 0.000457763671875 9.849258422851562 -4.669734477996826 0.03445911407470703 9.671725273132324 -4.669824123382568 0.06803297996520996 9.494239807128906 -4.669902324676514 0.1013650894165039 9.316773414611816 -4.669971466064453 0.13448452949523926 9.13933277130127 -4.670008182525635 0.16765570640563965 8.961946487426758 -4.669977188110352 0.20128822326660156 8.784455299377441 -4.669979572296143 0.23547005653381348 8.606966018676758 -4.670033931732178 0.269822359085083 8.429418563842773 -4.670066833496094 0.30408525466918945 8.251832962036133 -4.670039653778076 0.33835768699645996 8.074174880981445 -4.669973850250244 0.3729979991912842 11.978864669799805 -4.491764545440674 -0.41236257553100586 11.8016357421875 -4.4919538497924805 -0.37294769287109375 11.624378204345703 -4.492093086242676 -0.33477306365966797 11.44702434539795 -4.492154598236084 -0.29733848571777344 11.269644737243652 -4.492161750793457 -0.26025938987731934 11.092219352722168 -4.492183685302734 -0.22352290153503418 10.91476058959961 -4.49224853515625 -0.18708300590515137 10.737297058105469 -4.492325782775879 -0.1510307788848877 10.559809684753418 -4.492407321929932 -0.11557817459106445 10.382268905639648 -4.492527008056641 -0.08114290237426758 10.204740524291992 -4.492649555206299 -0.04788661003112793 10.027181625366211 -4.492790699005127 -0.015786170959472656 9.849631309509277 -4.492923736572266 0.015457868576049805 9.672079086303711 -4.493051052093506 0.04617047309875488 9.494544982910156 -4.4931464195251465 0.07647943496704102 9.317032814025879 -4.493238925933838 0.10646295547485352 9.13953971862793 -4.493246555328369 0.13652539253234863 8.962072372436523 -4.493228912353516 0.1669785976409912 8.784539222717285 -4.493227958679199 0.19756841659545898 8.606945991516113 -4.493286609649658 0.2281358242034912 8.429341316223145 -4.493319988250732 0.2581658363342285 8.251683235168457 -4.493329048156738 0.28783226013183594 8.073972702026367 -4.49329948425293 0.3174266815185547 11.979580879211426 -4.31479024887085 -0.4085850715637207 11.802335739135742 -4.314962387084961 -0.3700528144836426 11.624979972839355 -4.315088272094727 -0.3325674533843994 11.447601318359375 -4.315155982971191 -0.2960808277130127 11.270181655883789 -4.315190315246582 -0.26020336151123047 11.092740058898926 -4.315234661102295 -0.22477102279663086 10.91529369354248 -4.3153300285339355 -0.1899406909942627 10.737740516662598 -4.315394878387451 -0.15566372871398926 10.560192108154297 -4.31549072265625 -0.12212824821472168 10.382620811462402 -4.3156328201293945 -0.08971261978149414 10.205081939697266 -4.315808296203613 -0.05866527557373047 10.027549743652344 -4.315979480743408 -0.029154539108276367 9.849998474121094 -4.316122531890869 -0.0008082389831542969 9.672446250915527 -4.316248416900635 0.026844263076782227 9.49483585357666 -4.316376686096191 0.053742408752441406 9.317302703857422 -4.316433906555176 0.08033180236816406 9.139745712280273 -4.316465377807617 0.10703396797180176 8.96219253540039 -4.316498756408691 0.1337597370147705 8.784612655639648 -4.316534519195557 0.16046142578125 8.606965065002441 -4.316580772399902 0.18669748306274414 8.429296493530273 -4.316627025604248 0.21229076385498047 8.251638412475586 -4.316649913787842 0.2373332977294922 8.073887825012207 -4.316666603088379 0.26178407669067383 11.980319023132324 -4.137836933135986 -0.3992924690246582 11.803020477294922 -4.137973785400391 -0.36187219619750977 11.625580787658691 -4.13809061050415 -0.3256063461303711 11.448173522949219 -4.138192176818848 -0.29022932052612305 11.270715713500977 -4.138279438018799 -0.25574350357055664 11.093241691589355 -4.138347625732422 -0.22200846672058105 10.915748596191406 -4.138422012329102 -0.1890404224395752 10.738182067871094 -4.138520240783691 -0.15689945220947266 10.560569763183594 -4.138614654541016 -0.12564420700073242 10.382990837097168 -4.138742923736572 -0.0955512523651123 10.205387115478516 -4.138922214508057 -0.06683588027954102 10.02785587310791 -4.13913631439209 -0.03982806205749512 9.850320816040039 -4.139309406280518 -0.0143890380859375 9.672744750976562 -4.13947057723999 0.00985264778137207 9.495134353637695 -4.139570713043213 0.03321361541748047 9.317550659179688 -4.139640808105469 0.05631685256958008 9.139967918395996 -4.139692306518555 0.07924747467041016 8.962366104125977 -4.139779090881348 0.1020345687866211 8.784722328186035 -4.139848232269287 0.12434148788452148 8.607047080993652 -4.13989782333374 0.14615297317504883 8.429325103759766 -4.139950275421143 0.16724681854248047 8.251632690429688 -4.14001989364624 0.18757915496826172 8.073860168457031 -4.140033721923828 0.2069249153137207 11.98116397857666 -3.960862636566162 -0.38402795791625977 11.803711891174316 -3.9610209465026855 -0.34828615188598633 11.626222610473633 -3.9611406326293945 -0.3137650489807129 11.448701858520508 -3.9612274169921875 -0.28004026412963867 11.271188735961914 -3.9613218307495117 -0.24728965759277344 11.0936861038208 -3.961425304412842 -0.21541213989257812 10.916139602661133 -3.9615478515625 -0.18455934524536133 10.738558769226074 -3.9616408348083496 -0.15479207038879395 10.56092357635498 -3.9617581367492676 -0.12600445747375488 10.38331413269043 -3.9618916511535645 -0.09852433204650879 10.205676078796387 -3.9620537757873535 -0.07239603996276855 10.02812385559082 -3.9622907638549805 -0.04813075065612793 9.85057258605957 -3.962494373321533 -0.02579951286315918 9.673016548156738 -3.9626526832580566 -0.004979610443115234 9.495403289794922 -3.9627647399902344 0.01501321792602539 9.317795753479004 -3.9628663063049316 0.034440040588378906 9.140198707580566 -3.962960720062256 0.0534214973449707 8.962554931640625 -3.963036060333252 0.07198572158813477 8.784873962402344 -3.963123321533203 0.08988237380981445 8.607172012329102 -3.963186264038086 0.10715389251708984 8.42941665649414 -3.963282585144043 0.12352371215820312 8.251680374145508 -3.9633498191833496 0.1388993263244629 8.073895454406738 -3.9633989334106445 0.1533045768737793 11.98198127746582 -3.7839436531066895 -0.3623671531677246 11.804435729980469 -3.7840676307678223 -0.32918739318847656 11.62685775756836 -3.784184455871582 -0.2969202995300293 11.449251174926758 -3.7842788696289062 -0.26557445526123047 11.271657943725586 -3.7843666076660156 -0.23500823974609375 11.094076156616211 -3.7844743728637695 -0.20533275604248047 10.916505813598633 -3.7845964431762695 -0.17689728736877441 10.738899230957031 -3.784712791442871 -0.14952635765075684 10.561248779296875 -3.784864902496338 -0.12347936630249023 10.383618354797363 -3.7850208282470703 -0.09873366355895996 10.205940246582031 -3.7852044105529785 -0.07562017440795898 10.028350830078125 -3.7854418754577637 -0.05447578430175781 9.850791931152344 -3.7856459617614746 -0.03523063659667969 9.673239707946777 -3.7858290672302246 -0.017580032348632812 9.495641708374023 -3.785966396331787 -0.0011303424835205078 9.318034172058105 -3.7860469818115234 0.014565229415893555 9.14041519165039 -3.7861380577087402 0.02962517738342285 8.962764739990234 -3.786256790161133 0.043975830078125 8.785074234008789 -3.7863736152648926 0.05752134323120117 8.607316017150879 -3.786477565765381 0.07002735137939453 8.429560661315918 -3.786557197570801 0.08150291442871094 8.251768112182617 -3.786653518676758 0.09190893173217773 8.073967933654785 -3.7867650985717773 0.1011343002319336 11.982732772827148 -3.6070895195007324 -0.33472442626953125 11.805099487304688 -3.6071906089782715 -0.304567813873291 11.627437591552734 -3.6072773933410645 -0.2753448486328125 11.449777603149414 -3.607361316680908 -0.2467360496520996 11.272090911865234 -3.607417583465576 -0.21890759468078613 11.094436645507812 -3.6075096130371094 -0.1919410228729248 10.91684341430664 -3.6076531410217285 -0.16616249084472656 10.739219665527344 -3.607778549194336 -0.14153647422790527 10.561552047729492 -3.6079297065734863 -0.11827611923217773 10.383879661560059 -3.6081204414367676 -0.09658122062683105 10.206192016601562 -3.6083321571350098 -0.07670283317565918 10.028596878051758 -3.6085286140441895 -0.0587763786315918 9.850997924804688 -3.6087441444396973 -0.04268050193786621 9.673456192016602 -3.6089248657226562 -0.028309345245361328 9.495882034301758 -3.60906982421875 -0.015162944793701172 9.318251609802246 -3.6092286109924316 -0.0031108856201171875 9.140657424926758 -3.6093454360961914 0.007964611053466797 8.96298599243164 -3.609440326690674 0.018159151077270508 8.785257339477539 -3.6095495223999023 0.027333736419677734 8.607519149780273 -3.6096816062927246 0.03521871566772461 8.429736137390137 -3.60982084274292 0.041652679443359375 8.25194263458252 -3.6099343299865723 0.046808719635009766 8.074116706848145 -3.6100096702575684 0.051108360290527344 11.983343124389648 -3.430245876312256 -0.3018059730529785 11.805657386779785 -3.4303507804870605 -0.27532339096069336 11.62794017791748 -3.430403709411621 -0.24947452545166016 11.450206756591797 -3.4304208755493164 -0.2240886688232422 11.272475242614746 -3.430488109588623 -0.19921278953552246 11.094799041748047 -3.4306163787841797 -0.17543649673461914 10.917162895202637 -3.4307117462158203 -0.1526014804840088 10.739522933959961 -3.430844783782959 -0.13102293014526367 10.561842918395996 -3.4310035705566406 -0.11078643798828125 10.384147644042969 -3.431201457977295 -0.09226775169372559 10.206441879272461 -3.43141508102417 -0.0756535530090332 10.028799057006836 -3.4316277503967285 -0.060941457748413086 9.851231575012207 -3.431818962097168 -0.048062801361083984 9.673683166503906 -3.4320054054260254 -0.03683161735534668 9.496101379394531 -3.432180404663086 -0.027011394500732422 9.3184814453125 -3.432345390319824 -0.01854109764099121 9.140859603881836 -3.4324827194213867 -0.011407613754272461 8.963171005249023 -3.432602882385254 -0.005411386489868164 8.785443305969238 -3.432742118835449 -0.0006444454193115234 8.607704162597656 -3.4328956604003906 0.0025930404663085938 8.429959297180176 -3.4330577850341797 0.004205226898193359 8.252191543579102 -3.4331650733947754 0.004496097564697266 8.07431697845459 -3.433272361755371 0.0037860870361328125 11.983885765075684 -3.2533440589904785 -0.26471519470214844 11.806112289428711 -3.2534003257751465 -0.24214506149291992 11.628376007080078 -3.253455638885498 -0.21998023986816406 11.450570106506348 -3.2535009384155273 -0.19812798500061035 11.272819519042969 -3.253568649291992 -0.17670798301696777 11.095146179199219 -3.253668785095215 -0.15596461296081543 10.917460441589355 -3.2538223266601562 -0.13633275032043457 10.73979663848877 -3.253936767578125 -0.11807370185852051 10.562115669250488 -3.2540998458862305 -0.1011359691619873 10.384376525878906 -3.2542757987976074 -0.08592343330383301 10.206683158874512 -3.254455089569092 -0.07251548767089844 10.02901554107666 -3.254664421081543 -0.060933589935302734 9.851445198059082 -3.2548794746398926 -0.05121207237243652 9.673898696899414 -3.255080223083496 -0.0431218147277832 9.496286392211914 -3.2552566528320312 -0.03674793243408203 9.31864070892334 -3.255429744720459 -0.03196382522583008 9.141014099121094 -3.2555909156799316 -0.028719663619995117 8.96336555480957 -3.255746364593506 -0.02693033218383789 8.785635948181152 -3.255906581878662 -0.02659893035888672 8.607904434204102 -3.256063461303711 -0.02785205841064453 8.430181503295898 -3.2562079429626465 -0.030593395233154297 8.252424240112305 -3.256364345550537 -0.0349278450012207 8.074554443359375 -3.2565059661865234 -0.040680885314941406 11.984293937683105 -3.076441764831543 -0.22388744354248047 11.806554794311523 -3.0764899253845215 -0.2055802345275879 11.62877368927002 -3.0765299797058105 -0.1873157024383545 11.450936317443848 -3.0765862464904785 -0.16919398307800293 11.273177146911621 -3.076629161834717 -0.15145564079284668 11.095436096191406 -3.0767269134521484 -0.13408803939819336 10.91773509979248 -3.0768799781799316 -0.11783862113952637 10.74006462097168 -3.0770411491394043 -0.10286092758178711 10.562346458435059 -3.077174186706543 -0.08944845199584961 10.384621620178223 -3.0773019790649414 -0.0775148868560791 10.20693302154541 -3.077497959136963 -0.06733441352844238 10.029251098632812 -3.0777363777160645 -0.05891585350036621 9.851642608642578 -3.077944755554199 -0.05237865447998047 9.674057006835938 -3.078131675720215 -0.04760122299194336 9.496408462524414 -3.078322410583496 -0.04471087455749512 9.318788528442383 -3.078493118286133 -0.04365849494934082 9.141159057617188 -3.0786876678466797 -0.04429054260253906 8.963523864746094 -3.0788521766662598 -0.04652214050292969 8.785842895507812 -3.079005241394043 -0.05034303665161133 8.608100891113281 -3.079157829284668 -0.05578780174255371 8.430401802062988 -3.0793237686157227 -0.0628352165222168 8.252689361572266 -3.079493522644043 -0.07155847549438477 8.074907302856445 -3.079623222351074 -0.08163738250732422 11.98470687866211 -2.8995962142944336 -0.17991113662719727 11.806955337524414 -2.8995847702026367 -0.1657867431640625 11.629162788391113 -2.8996214866638184 -0.15154123306274414 11.451327323913574 -2.8996944427490234 -0.13746356964111328 11.273507118225098 -2.899766206741333 -0.12354373931884766 11.095731735229492 -2.8998539447784424 -0.11008453369140625 10.918008804321289 -2.89993953704834 -0.0972146987915039 10.740293502807617 -2.900073289871216 -0.08554601669311523 10.562569618225098 -2.9002175331115723 -0.07549023628234863 10.384864807128906 -2.9003729820251465 -0.06693148612976074 10.207182884216309 -2.9005491733551025 -0.05999016761779785 10.029495239257812 -2.90075945854187 -0.054912567138671875 9.851814270019531 -2.90097713470459 -0.05176138877868652 9.674172401428223 -2.901167154312134 -0.05057120323181152 9.496515274047852 -2.90134596824646 -0.051262617111206055 9.318896293640137 -2.9015443325042725 -0.053763389587402344 9.141298294067383 -2.9017162322998047 -0.05817294120788574 8.963665962219238 -2.901872158050537 -0.06420326232910156 8.78603458404541 -2.902021884918213 -0.07184672355651855 8.608317375183105 -2.9021987915039062 -0.08116602897644043 8.430676460266113 -2.9023489952087402 -0.09222245216369629 8.253023147583008 -2.902463912963867 -0.1046605110168457 8.075329780578613 -2.90260648727417 -0.11847925186157227 11.985095977783203 -2.7226996421813965 -0.13288331031799316 11.807328224182129 -2.722742795944214 -0.12292838096618652 11.629541397094727 -2.7227649688720703 -0.11283564567565918 11.451708793640137 -2.722817897796631 -0.1027669906616211 11.27385139465332 -2.722895383834839 -0.0929265022277832 11.096023559570312 -2.7229409217834473 -0.08339071273803711 10.918264389038086 -2.7230331897735596 -0.07436680793762207 10.740486145019531 -2.723130226135254 -0.06617498397827148 10.562789916992188 -2.7232635021209717 -0.059369802474975586 10.385079383850098 -2.723412275314331 -0.054187774658203125 10.207381248474121 -2.7235982418060303 -0.05068492889404297 10.02966594696045 -2.7237889766693115 -0.04903435707092285 9.851972579956055 -2.7239959239959717 -0.049555063247680664 9.674306869506836 -2.724198341369629 -0.05200695991516113 9.496625900268555 -2.72436785697937 -0.056401729583740234 9.319001197814941 -2.7245452404022217 -0.06253361701965332 9.141414642333984 -2.72470760345459 -0.07035589218139648 8.96383285522461 -2.724860191345215 -0.07979130744934082 8.786224365234375 -2.7250101566314697 -0.09091711044311523 8.608583450317383 -2.725172758102417 -0.10367965698242188 8.4309720993042 -2.7252895832061768 -0.1180262565612793 8.253393173217773 -2.7254133224487305 -0.13379693031311035 8.075782775878906 -2.7254581451416016 -0.15089845657348633 11.985443115234375 -2.5458362102508545 -0.08295965194702148 11.807727813720703 -2.5458717346191406 -0.07716131210327148 11.629892349243164 -2.5458974838256836 -0.07115840911865234 11.452055931091309 -2.5459415912628174 -0.06525802612304688 11.274189949035645 -2.5459914207458496 -0.059613943099975586 11.096287727355957 -2.5460472106933594 -0.05413556098937988 10.918519973754883 -2.5461254119873047 -0.04915618896484375 10.740704536437988 -2.5461907386779785 -0.04476666450500488 10.562962532043457 -2.5462982654571533 -0.04139423370361328 10.38525104522705 -2.5464468002319336 -0.03974032402038574 10.207496643066406 -2.5466160774230957 -0.03977072238922119 10.029757499694824 -2.5468084812164307 -0.04175996780395508 9.852094650268555 -2.5470075607299805 -0.045892953872680664 9.674400329589844 -2.547196388244629 -0.052080392837524414 9.496724128723145 -2.547373056411743 -0.06017005443572998 9.319095611572266 -2.547515392303467 -0.06973934173583984 9.141541481018066 -2.5476255416870117 -0.08068585395812988 8.963983535766602 -2.547750949859619 -0.09307742118835449 8.786428451538086 -2.5478994846343994 -0.10724949836730957 8.608844757080078 -2.548037052154541 -0.12296342849731445 8.431278228759766 -2.5481739044189453 -0.14022207260131836 8.253743171691895 -2.5482678413391113 -0.15876984596252441 8.076201438903809 -2.548341751098633 -0.17859148979187012 11.985859870910645 -2.3689374923706055 -0.030859947204589844 11.808040618896484 -2.3689889907836914 -0.02881479263305664 11.63019847869873 -2.3690249919891357 -0.02697014808654785 11.452345848083496 -2.3690738677978516 -0.02522134780883789 11.274468421936035 -2.3691117763519287 -0.023842811584472656 11.096529006958008 -2.3691751956939697 -0.022710561752319336 10.91872787475586 -2.369211435317993 -0.021854639053344727 10.740922927856445 -2.369248628616333 -0.021410226821899414 10.563100814819336 -2.369359016418457 -0.022007346153259277 10.38534164428711 -2.3695225715637207 -0.024061203002929688 10.207548141479492 -2.369685173034668 -0.027811646461486816 10.029792785644531 -2.3698525428771973 -0.033580660820007324 9.852113723754883 -2.3700411319732666 -0.04133427143096924 9.674428939819336 -2.370215892791748 -0.05118000507354736 9.496779441833496 -2.370313882827759 -0.06273519992828369 9.319170951843262 -2.3704028129577637 -0.07540702819824219 9.141590118408203 -2.370497465133667 -0.08922159671783447 8.964092254638672 -2.370622158050537 -0.10433566570281982 8.786589622497559 -2.3707518577575684 -0.12105941772460938 8.609073638916016 -2.3708767890930176 -0.13927197456359863 8.431550979614258 -2.3709890842437744 -0.1589195728302002 8.25406265258789 -2.3710854053497314 -0.1798863410949707 8.076613426208496 -2.37105655670166 -0.20177412033081055 11.986112594604492 -2.1920268535614014 0.023864030838012695 11.808279991149902 -2.1920931339263916 0.021448135375976562 11.630449295043945 -2.192086696624756 0.01916646957397461 11.452570915222168 -2.192138910293579 0.01681375503540039 11.274669647216797 -2.1922073364257812 0.014069795608520508 11.096746444702148 -2.192286729812622 0.010680198669433594 10.918906211853027 -2.1923069953918457 0.007302999496459961 10.741053581237793 -2.19236159324646 0.0034564733505249023 10.56319808959961 -2.192446231842041 -0.0013986825942993164 10.385408401489258 -2.19254469871521 -0.007471442222595215 10.20758056640625 -2.1927192211151123 -0.015167474746704102 10.029814720153809 -2.192908525466919 -0.0247802734375 9.852088928222656 -2.1930651664733887 -0.03622710704803467 9.674436569213867 -2.193203926086426 -0.04953742027282715 9.496807098388672 -2.19327974319458 -0.06422960758209229 9.319204330444336 -2.1932969093322754 -0.07982110977172852 9.141644477844238 -2.1933493614196777 -0.09631991386413574 8.964170455932617 -2.193455457687378 -0.113852858543396 8.786697387695312 -2.1935689449310303 -0.13278770446777344 8.609208106994629 -2.193648099899292 -0.1530916690826416 8.431795120239258 -2.1937222480773926 -0.17471396923065186 8.254329681396484 -2.193784475326538 -0.1973717212677002 8.076942443847656 -2.193833589553833 -0.2206413745880127 11.986306190490723 -2.0151047706604004 0.07928657531738281 11.808500289916992 -2.015122652053833 0.07326292991638184 11.630657196044922 -2.015190601348877 0.06702733039855957 11.45270824432373 -2.0152461528778076 0.06036710739135742 11.274808883666992 -2.015312910079956 0.053269386291503906 11.096914291381836 -2.015363931655884 0.04569840431213379 10.919023513793945 -2.015401840209961 0.03775060176849365 10.741151809692383 -2.015446186065674 0.02933335304260254 10.563284873962402 -2.015530824661255 0.02015542984008789 10.38546371459961 -2.015652894973755 0.0098494291305542 10.207633972167969 -2.01582407951355 -0.0019190311431884766 10.029848098754883 -2.0159757137298584 -0.015366911888122559 9.852104187011719 -2.016101121902466 -0.03052687644958496 9.674428939819336 -2.0161783695220947 -0.047027528285980225 9.49679946899414 -2.016197443008423 -0.06457215547561646 9.319231033325195 -2.016192674636841 -0.08295959234237671 9.141716957092285 -2.0162160396575928 -0.10198473930358887 8.964224815368652 -2.0162856578826904 -0.12176358699798584 8.786762237548828 -2.0163745880126953 -0.14275312423706055 8.609304428100586 -2.016430377960205 -0.16488301753997803 8.431939125061035 -2.0164759159088135 -0.18801069259643555 8.254562377929688 -2.01650333404541 -0.2118760347366333 8.077194213867188 -2.0164785385131836 -0.23615121841430664 11.986578941345215 -1.8381972312927246 0.1365363597869873 11.80870246887207 -1.838219165802002 0.12643003463745117 11.630794525146484 -1.838310718536377 0.11596488952636719 11.452825546264648 -1.8383517265319824 0.10483288764953613 11.274909973144531 -1.8383746147155762 0.09329462051391602 11.09697151184082 -1.8384225368499756 0.08133459091186523 10.919097900390625 -1.8384907245635986 0.0690070390701294 10.741229057312012 -1.838557481765747 0.0560760498046875 10.563364028930664 -1.8386387825012207 0.042410850524902344 10.385526657104492 -1.8387506008148193 0.027772247791290283 10.207679748535156 -1.8388645648956299 0.012024462223052979 10.029895782470703 -1.8389766216278076 -0.005188882350921631 9.852132797241211 -1.8390543460845947 -0.023774802684783936 9.674449920654297 -1.8391027450561523 -0.043461620807647705 9.496810913085938 -1.839094877243042 -0.06390732526779175 9.319265365600586 -1.8391036987304688 -0.08487668633460999 9.141741752624512 -1.8390910625457764 -0.10632023215293884 8.964263916015625 -1.8391058444976807 -0.1283610761165619 8.786813735961914 -1.839148998260498 -0.15117833018302917 8.609410285949707 -1.8391737937927246 -0.1748836636543274 8.432063102722168 -1.83917236328125 -0.19909924268722534 8.25474739074707 -1.8391649723052979 -0.22382378578186035 8.077370643615723 -1.839141845703125 -0.24886834621429443 11.986774444580078 -1.6613051891326904 0.19547510147094727 11.808877944946289 -1.6613218784332275 0.18074488639831543 11.630911827087402 -1.6613645553588867 0.16566991806030273 11.452934265136719 -1.6614303588867188 0.14990770816802979 11.274972915649414 -1.6614773273468018 0.1337108612060547 11.097017288208008 -1.6614913940429688 0.11717963218688965 10.919103622436523 -1.661531925201416 0.10036730766296387 10.741255760192871 -1.6616334915161133 0.08299672603607178 10.563404083251953 -1.6616930961608887 0.06495523452758789 10.385564804077148 -1.661755084991455 0.04633671045303345 10.207706451416016 -1.6618473529815674 0.026660174131393433 10.029909133911133 -1.6619360446929932 0.0058484673500061035 9.852155685424805 -1.6619970798492432 -0.016044646501541138 9.674463272094727 -1.6620078086853027 -0.03873266279697418 9.496849060058594 -1.6619956493377686 -0.06184518337249756 9.319296836853027 -1.661968469619751 -0.08534860610961914 9.141780853271484 -1.6619672775268555 -0.10923127830028534 8.964314460754395 -1.6619319915771484 -0.13357655704021454 8.786859512329102 -1.6618967056274414 -0.1581013798713684 8.609493255615234 -1.6618809700012207 -0.1830129474401474 8.432174682617188 -1.6618361473083496 -0.20815707743167877 8.254892349243164 -1.6618249416351318 -0.2336021214723587 8.077531814575195 -1.6617803573608398 -0.2592644691467285 11.986933708190918 -1.4843838214874268 0.2557413578033447 11.808991432189941 -1.484429121017456 0.2361583709716797 11.631014823913574 -1.484501600265503 0.21612834930419922 11.452987670898438 -1.4845328330993652 0.19549405574798584 11.275005340576172 -1.4845633506774902 0.17442286014556885 11.097064971923828 -1.4845690727233887 0.15312814712524414 10.919133186340332 -1.4846386909484863 0.13167446851730347 10.741247177124023 -1.4847042560577393 0.10981923341751099 10.563408851623535 -1.4847259521484375 0.08764153718948364 10.38552188873291 -1.4847586154937744 0.06508088111877441 10.207672119140625 -1.484818458557129 0.04166106879711151 10.029865264892578 -1.4848618507385254 0.01733342558145523 9.852151870727539 -1.484867811203003 -0.007648564875125885 9.674483299255371 -1.4848721027374268 -0.03300032019615173 9.496841430664062 -1.484844446182251 -0.05868685245513916 9.319292068481445 -1.4848520755767822 -0.08461350202560425 9.141801834106445 -1.4848134517669678 -0.11085116863250732 8.964351654052734 -1.4847350120544434 -0.13712304830551147 8.786910057067871 -1.4846391677856445 -0.16335231065750122 8.60956859588623 -1.484565258026123 -0.18937742710113525 8.432246208190918 -1.484544277191162 -0.21540749073028564 8.254962921142578 -1.484494924545288 -0.2415790557861328 8.077640533447266 -1.484400749206543 -0.26757800579071045 11.987075805664062 -1.3074841499328613 0.3170888423919678 11.809077262878418 -1.3075740337371826 0.2922852039337158 11.631073951721191 -1.3076236248016357 0.2669926881790161 11.452997207641602 -1.3076303005218506 0.2414541244506836 11.275064468383789 -1.3076741695404053 0.2154226303100586 11.097092628479004 -1.307739019393921 0.18920600414276123 10.919173240661621 -1.3077242374420166 0.16297119855880737 10.741275787353516 -1.3077268600463867 0.1366906464099884 10.563356399536133 -1.307755947113037 0.11028745770454407 10.385445594787598 -1.3077638149261475 0.08355831354856491 10.207566261291504 -1.3077614307403564 0.05644237995147705 10.029783248901367 -1.3077614307403564 0.028945207595825195 9.852082252502441 -1.3077449798583984 0.0012380778789520264 9.6744384765625 -1.3077104091644287 -0.0267641544342041 9.496805191040039 -1.3076856136322021 -0.054828941822052 9.319263458251953 -1.3076496124267578 -0.08313441276550293 9.141796112060547 -1.3075666427612305 -0.11136925220489502 8.964338302612305 -1.3074841499328613 -0.13925182819366455 8.786943435668945 -1.3074066638946533 -0.1668710708618164 8.60959243774414 -1.3073277473449707 -0.1941978931427002 8.432269096374512 -1.3072352409362793 -0.22128593921661377 8.255017280578613 -1.3071203231811523 -0.24809026718139648 8.077661514282227 -1.307088851928711 -0.27452874183654785 11.98720645904541 -1.1305904388427734 0.37914907932281494 11.809182167053223 -1.130683422088623 0.3487328290939331 11.631081581115723 -1.1307094097137451 0.31816643476486206 11.45301342010498 -1.1306991577148438 0.287462055683136 11.275063514709473 -1.1307449340820312 0.25659865140914917 11.097112655639648 -1.1307625770568848 0.22545790672302246 10.919206619262695 -1.1307778358459473 0.19457998871803284 10.741275787353516 -1.1307811737060547 0.16367532312870026 10.563339233398438 -1.1307485103607178 0.13272926211357117 10.385394096374512 -1.1307365894317627 0.1018865555524826 10.207504272460938 -1.1307291984558105 0.07099461555480957 10.02969741821289 -1.1306750774383545 0.04027557373046875 9.851953506469727 -1.1306052207946777 0.009885668754577637 9.67432975769043 -1.130537748336792 -0.02037835121154785 9.496761322021484 -1.1304798126220703 -0.050713419914245605 9.319229125976562 -1.1304361820220947 -0.08103322982788086 9.141767501831055 -1.1303422451019287 -0.11103451251983643 8.964300155639648 -1.1302430629730225 -0.14038395881652832 8.786924362182617 -1.1301672458648682 -0.16929364204406738 8.60960865020752 -1.1300675868988037 -0.19780802726745605 8.432300567626953 -1.1299631595611572 -0.22592616081237793 8.255040168762207 -1.1298415660858154 -0.2534301280975342 8.077680587768555 -1.1297938823699951 -0.2805824279785156 11.987296104431152 -0.9537777900695801 0.44155406951904297 11.809231758117676 -0.9537699222564697 0.40555888414382935 11.631123542785645 -0.953751802444458 0.36963802576065063 11.453076362609863 -0.9537703990936279 0.33364617824554443 11.27511215209961 -0.9538061618804932 0.29775917530059814 11.097132682800293 -0.9538044929504395 0.26195552945137024 10.91919994354248 -0.953805685043335 0.2262452095746994 10.741252899169922 -0.9538042545318604 0.19053807854652405 10.563339233398438 -0.9537720680236816 0.155000239610672 10.385348320007324 -0.9537324905395508 0.11996769905090332 10.207462310791016 -0.9536595344543457 0.08534306287765503 10.029624938964844 -0.9535455703735352 0.05135864019393921 9.851846694946289 -0.9534413814544678 0.018222451210021973 9.674200057983398 -0.9533436298370361 -0.014324307441711426 9.496667861938477 -0.95328688621521 -0.04649543762207031 9.319153785705566 -0.9531917572021484 -0.07852983474731445 9.141707420349121 -0.9530878067016602 -0.10999059677124023 8.964273452758789 -0.9529910087585449 -0.14080262184143066 8.786907196044922 -0.9528732299804688 -0.1709904670715332 8.609634399414062 -0.9527668952941895 -0.20044279098510742 8.432366371154785 -0.9527051448822021 -0.22931337356567383 8.255083084106445 -0.9526126384735107 -0.2576279640197754 8.077751159667969 -0.9525656700134277 -0.28569889068603516 11.987286567687988 -0.776890754699707 0.5039334893226624 11.809205055236816 -0.7768630981445312 0.4624282419681549 11.631153106689453 -0.7768478393554688 0.4211347699165344 11.453121185302734 -0.7768595218658447 0.38009408116340637 11.275161743164062 -0.7768261432647705 0.33925727009773254 11.097164154052734 -0.7767984867095947 0.29865676164627075 10.919215202331543 -0.7768380641937256 0.2580142617225647 10.741271018981934 -0.7768404483795166 0.21741154789924622 10.563310623168945 -0.7767846584320068 0.17720705270767212 10.385335922241211 -0.7766528129577637 0.137875497341156 10.20744514465332 -0.7765078544616699 0.09964412450790405 10.029584884643555 -0.7763817310333252 0.06253612041473389 9.851764678955078 -0.7762293815612793 0.02656257152557373 9.674102783203125 -0.7760813236236572 -0.008265137672424316 9.496543884277344 -0.7759766578674316 -0.04227089881896973 9.319075584411621 -0.7759180068969727 -0.07581496238708496 9.141621589660645 -0.7758114337921143 -0.10859417915344238 8.964210510253906 -0.7756955623626709 -0.14058709144592285 8.786917686462402 -0.7755935192108154 -0.17182254791259766 8.609692573547363 -0.7754843235015869 -0.2021775245666504 8.43240737915039 -0.7754378318786621 -0.23169612884521484 8.255131721496582 -0.7753951549530029 -0.2607426643371582 8.077850341796875 -0.7753438949584961 -0.2895083427429199 11.987257957458496 -0.6000003814697266 0.5658762454986572 11.809158325195312 -0.5999488830566406 0.5185900926589966 11.631105422973633 -0.5998508930206299 0.4721050262451172 11.453145027160645 -0.59983229637146 0.4263497591018677 11.275174140930176 -0.5998542308807373 0.380946546792984 11.097196578979492 -0.5998713970184326 0.3355615735054016 10.919242858886719 -0.5999190807342529 0.2901897728443146 10.741268157958984 -0.5999224185943604 0.24435049295425415 10.563287734985352 -0.5997791290283203 0.1991845965385437 10.385334014892578 -0.5995545387268066 0.15560966730117798 10.207416534423828 -0.5993397235870361 0.11372697353363037 10.029561996459961 -0.599139928817749 0.07356822490692139 9.85171127319336 -0.5989817380905151 0.0349806547164917 9.674004554748535 -0.598814845085144 -0.002269268035888672 9.496455192565918 -0.5986951589584351 -0.03826022148132324 9.318985939025879 -0.5985921621322632 -0.07312178611755371 9.141512870788574 -0.5985136032104492 -0.10700035095214844 8.964163780212402 -0.5984176397323608 -0.1399827003479004 8.786931991577148 -0.5983165502548218 -0.17200040817260742 8.609688758850098 -0.5982353687286377 -0.20311594009399414 8.432465553283691 -0.5981906652450562 -0.2334294319152832 8.25517463684082 -0.5981571674346924 -0.2630648612976074 8.077916145324707 -0.5981248617172241 -0.2923159599304199 11.982394218444824 -6.625219821929932 -0.14293766021728516 11.805025100708008 -6.625170707702637 -0.10908222198486328 11.627635955810547 -6.625195503234863 -0.07394838333129883 11.450201034545898 -6.6251702308654785 -0.03744029998779297 11.272665023803711 -6.625155448913574 0.0005428791046142578 11.095245361328125 -6.625135898590088 0.04015398025512695 10.918004989624023 -6.625160217285156 0.081329345703125 10.740700721740723 -6.62518310546875 0.12403059005737305 10.563308715820312 -6.625178813934326 0.16795235872268677 10.385990142822266 -6.625133514404297 0.21296274662017822 10.208564758300781 -6.625031471252441 0.25851112604141235 10.031102180480957 -6.6249165534973145 0.30460798740386963 9.853740692138672 -6.624792575836182 0.3510410785675049 9.67646598815918 -6.624598503112793 0.39781129360198975 9.499288558959961 -6.624380588531494 0.4443502426147461 9.322196960449219 -6.624244213104248 0.4919257164001465 9.145212173461914 -6.624157905578613 0.5407800674438477 8.968276977539062 -6.624057769775391 0.5906453132629395 8.791400909423828 -6.623939037322998 0.6410810947418213 8.614705085754395 -6.62381649017334 0.6917846202850342 8.43806266784668 -6.623719215393066 0.7425535917282104 8.261478424072266 -6.62362003326416 0.7936888933181763 8.084955215454102 -6.623454570770264 0.8449143171310425 11.982168197631836 -6.447952747344971 -0.1774277687072754 11.80487060546875 -6.447951316833496 -0.14267444610595703 11.627485275268555 -6.447962284088135 -0.10669183731079102 11.450043678283691 -6.4479756355285645 -0.06915020942687988 11.272502899169922 -6.447950839996338 -0.030320167541503906 11.095197677612305 -6.447959899902344 0.0098114013671875 10.917922973632812 -6.447970867156982 0.050989389419555664 10.740629196166992 -6.44798469543457 0.09336215257644653 10.56328296661377 -6.448013782501221 0.13699252903461456 10.385931968688965 -6.447990894317627 0.1816500425338745 10.208511352539062 -6.447949409484863 0.2271711826324463 10.031119346618652 -6.447850227355957 0.273165225982666 9.853813171386719 -6.447729587554932 0.31943178176879883 9.676547050476074 -6.447592735290527 0.3657412528991699 9.499324798583984 -6.447480201721191 0.41219067573547363 9.32223892211914 -6.447431564331055 0.4592313766479492 9.14527702331543 -6.4474287033081055 0.5073294639587402 8.968348503112793 -6.4474334716796875 0.5563962459564209 8.791519165039062 -6.447427749633789 0.6061627864837646 8.614805221557617 -6.447393894195557 0.6564836502075195 8.438087463378906 -6.447352886199951 0.7072916030883789 8.261456489562988 -6.447320461273193 0.7588901519775391 8.084868431091309 -6.447262763977051 0.8110600709915161 11.981996536254883 -6.270721435546875 -0.2111668586730957 11.804667472839355 -6.270749092102051 -0.17565536499023438 11.627302169799805 -6.270788669586182 -0.13885045051574707 11.449906349182129 -6.270833492279053 -0.10052347183227539 11.27241325378418 -6.270829200744629 -0.06087160110473633 11.095158576965332 -6.2708234786987305 -0.02049434185028076 10.917874336242676 -6.270848274230957 0.02083289623260498 10.740581512451172 -6.270864963531494 0.06302864104509354 10.56328010559082 -6.270880699157715 0.1063544750213623 10.385905265808105 -6.270902633666992 0.15075570344924927 10.208534240722656 -6.270870208740234 0.19602978229522705 10.031166076660156 -6.2708210945129395 0.24166393280029297 9.853885650634766 -6.270772457122803 0.2875504493713379 9.676626205444336 -6.270707607269287 0.3334779739379883 9.49945068359375 -6.270651340484619 0.37965846061706543 9.322396278381348 -6.2706379890441895 0.42626380920410156 9.145421028137207 -6.270693302154541 0.47364044189453125 8.968499183654785 -6.270750999450684 0.5218968391418457 8.79166316986084 -6.270813941955566 0.5710163116455078 8.614908218383789 -6.270863056182861 0.6209297180175781 8.438165664672852 -6.270932197570801 0.6718027591705322 8.261499404907227 -6.271028518676758 0.7237635850906372 8.084864616394043 -6.27103328704834 0.7769039869308472 11.981741905212402 -6.093507289886475 -0.2438044548034668 11.804431915283203 -6.0935282707214355 -0.20750999450683594 11.627114295959473 -6.093608379364014 -0.16999340057373047 11.449764251708984 -6.093694686889648 -0.1311960220336914 11.272356033325195 -6.093760013580322 -0.09122204780578613 11.095107078552246 -6.0937819480896 -0.0504336953163147 10.917834281921387 -6.093767166137695 -0.009050294756889343 10.740545272827148 -6.093780994415283 0.03312000632286072 10.563244819641113 -6.093832015991211 0.07626432180404663 10.385893821716309 -6.09381628036499 0.12031948566436768 10.208562850952148 -6.09381628036499 0.16504037380218506 10.031251907348633 -6.093820095062256 0.2103266716003418 9.853974342346191 -6.093804359436035 0.25575709342956543 9.676692962646484 -6.0937676429748535 0.30129289627075195 9.499565124511719 -6.093749046325684 0.34686756134033203 9.322521209716797 -6.093784332275391 0.3927643299102783 9.145586013793945 -6.0938849449157715 0.439373254776001 8.968667030334473 -6.094000816345215 0.4868171215057373 8.79183292388916 -6.094122886657715 0.5353198051452637 8.615020751953125 -6.094267845153809 0.5848686695098877 8.438270568847656 -6.094417095184326 0.6356723308563232 8.261594772338867 -6.094579696655273 0.6880209445953369 8.084930419921875 -6.094684600830078 0.7417963743209839 11.981453895568848 -5.916383266448975 -0.2748737335205078 11.804214477539062 -5.916440010070801 -0.23780083656311035 11.626935005187988 -5.916534423828125 -0.19985032081604004 11.449594497680664 -5.916621208190918 -0.1607438325881958 11.272252082824707 -5.916691780090332 -0.12069189548492432 11.095038414001465 -5.916749477386475 -0.07963935285806656 10.917755126953125 -5.916733264923096 -0.038123905658721924 10.74048137664795 -5.916755676269531 0.003960967063903809 10.563189506530762 -5.916763782501221 0.046746253967285156 10.385899543762207 -5.916791915893555 0.09029781818389893 10.20857048034668 -5.9168171882629395 0.13444900512695312 10.031330108642578 -5.916831016540527 0.17906808853149414 9.854047775268555 -5.916842460632324 0.22404170036315918 9.676803588867188 -5.9168314933776855 0.26912784576416016 9.499655723571777 -5.916863918304443 0.31407642364501953 9.322615623474121 -5.916913032531738 0.35933423042297363 9.145695686340332 -5.916986465454102 0.40489792823791504 8.968799591064453 -5.917147636413574 0.45141053199768066 8.791987419128418 -5.917343616485596 0.4990837574005127 8.615166664123535 -5.917571067810059 0.5481598377227783 8.438427925109863 -5.917784214019775 0.5988481044769287 8.261724472045898 -5.917943954467773 0.6509358882904053 8.085051536560059 -5.918103218078613 0.7046513557434082 11.981181144714355 -5.739385604858398 -0.30401611328125 11.80400562286377 -5.73940372467041 -0.2662515640258789 11.626754760742188 -5.739481449127197 -0.22792470455169678 11.44940185546875 -5.739571571350098 -0.1887015402317047 11.272090911865234 -5.73964262008667 -0.14848625659942627 11.09490966796875 -5.739692687988281 -0.10761678218841553 10.917664527893066 -5.739729404449463 -0.06613397598266602 10.740385055541992 -5.739721775054932 -0.02417147159576416 10.563104629516602 -5.739729881286621 0.018237590789794922 10.385857582092285 -5.7397541999816895 0.06108546257019043 10.208542823791504 -5.7397780418396 0.10453367233276367 10.031330108642578 -5.739808082580566 0.14838552474975586 9.854087829589844 -5.739847660064697 0.19260692596435547 9.676910400390625 -5.739887714385986 0.23700237274169922 9.499757766723633 -5.73992395401001 0.28147387504577637 9.322731018066406 -5.739991664886475 0.32590389251708984 9.14577579498291 -5.740076541900635 0.3706073760986328 8.968936920166016 -5.740248680114746 0.41602158546447754 8.792089462280273 -5.740468978881836 0.4625422954559326 8.615320205688477 -5.740695953369141 0.5107612609863281 8.438600540161133 -5.740905284881592 0.5606474876403809 8.261886596679688 -5.741100788116455 0.6121301651000977 8.085197448730469 -5.74128532409668 0.665184736251831 11.980899810791016 -5.562427520751953 -0.33118367195129395 11.803757667541504 -5.562417507171631 -0.2927190065383911 11.626541137695312 -5.562452793121338 -0.25386208295822144 11.449219703674316 -5.562536716461182 -0.21442052721977234 11.271917343139648 -5.562614917755127 -0.17434370517730713 11.094720840454102 -5.562653064727783 -0.13368988037109375 10.917509078979492 -5.562685012817383 -0.0925605297088623 10.740257263183594 -5.562710285186768 -0.05090188980102539 10.562966346740723 -5.562717914581299 -0.008910417556762695 10.385762214660645 -5.5627241134643555 0.033377647399902344 10.208460807800293 -5.562737941741943 0.0758965015411377 10.031270980834961 -5.5627665519714355 0.11878752708435059 9.854087829589844 -5.562816143035889 0.16195058822631836 9.676965713500977 -5.5628743171691895 0.20541095733642578 9.499872207641602 -5.562934875488281 0.2489786148071289 9.322824478149414 -5.56300687789917 0.29257965087890625 9.145905494689941 -5.563106536865234 0.33634114265441895 8.96904468536377 -5.563267230987549 0.3805582523345947 8.792219161987305 -5.563465118408203 0.4257955551147461 8.615443229675293 -5.563721179962158 0.472567081451416 8.438761711120605 -5.563941955566406 0.5210402011871338 8.262049674987793 -5.564173221588135 0.5712394714355469 8.085392951965332 -5.564347743988037 0.623178243637085 11.980566024780273 -5.385456562042236 -0.35563749074935913 11.803488731384277 -5.385419845581055 -0.31635981798171997 11.6262788772583 -5.38545036315918 -0.27721548080444336 11.449012756347656 -5.385500431060791 -0.23768854141235352 11.271707534790039 -5.385559558868408 -0.19770514965057373 11.094484329223633 -5.385609149932861 -0.15728378295898438 10.917288780212402 -5.385617256164551 -0.11657428741455078 10.740031242370605 -5.385643482208252 -0.07544541358947754 10.562790870666504 -5.3856587409973145 -0.034009695053100586 10.38560962677002 -5.385647773742676 0.00743865966796875 10.208357810974121 -5.38566780090332 0.04901933670043945 10.031144142150879 -5.385721683502197 0.09078145027160645 9.85401725769043 -5.38575553894043 0.13278412818908691 9.676923751831055 -5.385818004608154 0.17493724822998047 9.499910354614258 -5.385875225067139 0.21715998649597168 9.322916030883789 -5.385960102081299 0.25945067405700684 9.146018981933594 -5.386085033416748 0.3019592761993408 8.969165802001953 -5.386220932006836 0.3448221683502197 8.792333602905273 -5.386442184448242 0.3884737491607666 8.615571975708008 -5.386657238006592 0.4335033893585205 8.43887710571289 -5.3868794441223145 0.4800598621368408 8.262205123901367 -5.387101173400879 0.5283699035644531 8.08553409576416 -5.3872389793396 0.5784177780151367 11.98023509979248 -5.20849084854126 -0.3763440251350403 11.80315113067627 -5.208444595336914 -0.3366011381149292 11.625950813293457 -5.208425521850586 -0.29725348949432373 11.448724746704102 -5.208461761474609 -0.2578451633453369 11.27143669128418 -5.208504676818848 -0.2181006669998169 11.094226837158203 -5.208542346954346 -0.17798590660095215 10.917016983032227 -5.208552837371826 -0.13763642311096191 10.739797592163086 -5.208557605743408 -0.09709739685058594 10.562592506408691 -5.208540439605713 -0.056593894958496094 10.385381698608398 -5.2085185050964355 -0.016196489334106445 10.208213806152344 -5.208556652069092 0.024214744567871094 10.031047821044922 -5.208596706390381 0.06485962867736816 9.853934288024902 -5.208639621734619 0.10549426078796387 9.676877975463867 -5.208676338195801 0.14596128463745117 9.499907493591309 -5.208734512329102 0.18637299537658691 9.322975158691406 -5.208824634552002 0.22683477401733398 9.146105766296387 -5.208953857421875 0.2676253318786621 8.969266891479492 -5.209123611450195 0.30884408950805664 8.792448997497559 -5.209285736083984 0.35062432289123535 8.615663528442383 -5.2094902992248535 0.3935277462005615 8.438984870910645 -5.209681034088135 0.437755823135376 8.262334823608398 -5.2098517417907715 0.48344898223876953 8.085647583007812 -5.209990978240967 0.5307862758636475 11.979865074157715 -5.031522274017334 -0.39257705211639404 11.802741050720215 -5.031400203704834 -0.352541446685791 11.62559986114502 -5.031356334686279 -0.313326358795166 11.44838809967041 -5.031397819519043 -0.2742424011230469 11.271129608154297 -5.0314531326293945 -0.23486924171447754 11.093904495239258 -5.0314836502075195 -0.19523215293884277 10.916707992553711 -5.031475067138672 -0.15555143356323242 10.739550590515137 -5.031440258026123 -0.11579012870788574 10.562349319458008 -5.031400680541992 -0.07634496688842773 10.385167121887207 -5.03140115737915 -0.037172794342041016 10.208038330078125 -5.0314154624938965 0.0018639564514160156 10.030905723571777 -5.031434059143066 0.040924787521362305 9.85385799407959 -5.031431674957275 0.07984066009521484 9.676846504211426 -5.03144645690918 0.11835741996765137 9.499876022338867 -5.031505107879639 0.15660977363586426 9.32299518585205 -5.031607151031494 0.1949293613433838 9.146169662475586 -5.03173828125 0.23359894752502441 8.969340324401855 -5.0318708419799805 0.27275872230529785 8.792526245117188 -5.032031536102295 0.3123502731323242 8.61575984954834 -5.032197952270508 0.35277342796325684 8.439065933227539 -5.032339096069336 0.3941640853881836 8.262409210205078 -5.032463550567627 0.43660879135131836 8.085779190063477 -5.03257417678833 0.4803352355957031 11.979446411132812 -4.854465961456299 -0.40406370162963867 11.802349090576172 -4.854344844818115 -0.3639566898345947 11.625205039978027 -4.8542866706848145 -0.32495737075805664 11.44802188873291 -4.854299068450928 -0.2863657474517822 11.270800590515137 -4.854328155517578 -0.24765491485595703 11.093574523925781 -4.854378700256348 -0.20874547958374023 10.916379928588867 -4.854371547698975 -0.1697711944580078 10.739222526550293 -4.854301929473877 -0.13113856315612793 10.562108993530273 -4.854259967803955 -0.09293270111083984 10.384910583496094 -4.854226112365723 -0.05512857437133789 10.207796096801758 -4.854205131530762 -0.017658710479736328 10.030742645263672 -4.854186058044434 0.019367456436157227 9.853734016418457 -4.8542070388793945 0.055989980697631836 9.676761627197266 -4.854221820831299 0.09224438667297363 9.49983024597168 -4.854264259338379 0.12817692756652832 9.32296371459961 -4.854350566864014 0.16403841972351074 9.146146774291992 -4.854442596435547 0.20017576217651367 8.969400405883789 -4.85458517074585 0.23674535751342773 8.792564392089844 -4.854691982269287 0.2738304138183594 8.615790367126465 -4.854816913604736 0.3113839626312256 8.439104080200195 -4.854907989501953 0.3495292663574219 8.262479782104492 -4.854961395263672 0.38819217681884766 8.085859298706055 -4.855043888092041 0.42751264572143555 11.979053497314453 -4.677399158477783 -0.4105699062347412 11.801960945129395 -4.677262783050537 -0.37080883979797363 11.62482738494873 -4.67721700668335 -0.3322000503540039 11.447647094726562 -4.677186489105225 -0.2940216064453125 11.270435333251953 -4.6772027015686035 -0.25612425804138184 11.093252182006836 -4.677220344543457 -0.2181532382965088 10.916068077087402 -4.67719030380249 -0.18029141426086426 10.738932609558105 -4.6771240234375 -0.1428995132446289 10.561800003051758 -4.677073955535889 -0.10605692863464355 10.384632110595703 -4.677018165588379 -0.06974220275878906 10.207557678222656 -4.676950931549072 -0.03424501419067383 10.030542373657227 -4.676907539367676 0.00045371055603027344 9.853569030761719 -4.6768879890441895 0.0344538688659668 9.676613807678223 -4.676909923553467 0.06802701950073242 9.499727249145508 -4.676941394805908 0.10135984420776367 9.322885513305664 -4.676990985870361 0.13448381423950195 9.146097183227539 -4.677075386047363 0.16765522956848145 8.969342231750488 -4.6771626472473145 0.20128703117370605 8.792553901672363 -4.677260875701904 0.2354743480682373 8.615802764892578 -4.677304744720459 0.2698357105255127 8.439109802246094 -4.677321434020996 0.3040907382965088 8.262493133544922 -4.677339553833008 0.33836913108825684 8.085872650146484 -4.677361011505127 0.3730189800262451 11.978681564331055 -4.500247478485107 -0.41237735748291016 11.801568984985352 -4.5001726150512695 -0.3729672431945801 11.624421119689941 -4.500088691711426 -0.3347795009613037 11.447256088256836 -4.5000505447387695 -0.29735326766967773 11.27008056640625 -4.4999895095825195 -0.26027345657348633 11.092920303344727 -4.499943733215332 -0.22353506088256836 10.915791511535645 -4.499934673309326 -0.18709731101989746 10.738645553588867 -4.499917507171631 -0.15103697776794434 10.561503410339355 -4.499819278717041 -0.11558866500854492 10.384379386901855 -4.499701499938965 -0.08115172386169434 10.207317352294922 -4.499574184417725 -0.04789590835571289 10.030324935913086 -4.4994916915893555 -0.015788793563842773 9.853373527526855 -4.499486923217773 0.0154571533203125 9.676443099975586 -4.499512672424316 0.046163320541381836 9.499595642089844 -4.499536037445068 0.07648038864135742 9.32278823852539 -4.499585151672363 0.10646224021911621 9.145965576171875 -4.499660968780518 0.13652253150939941 8.969234466552734 -4.499701499938965 0.16698169708251953 8.792500495910645 -4.499714374542236 0.1975691318511963 8.615769386291504 -4.499720096588135 0.22814226150512695 8.439096450805664 -4.499640941619873 0.2581756114959717 8.26242446899414 -4.499593257904053 0.28784751892089844 8.085786819458008 -4.499582767486572 0.31743907928466797 11.978195190429688 -4.323117256164551 -0.4085967540740967 11.80116081237793 -4.323012828826904 -0.37006616592407227 11.624015808105469 -4.322923183441162 -0.33258581161499023 11.4468412399292 -4.322809219360352 -0.2960972785949707 11.269697189331055 -4.3227434158325195 -0.2602212429046631 11.09257698059082 -4.322688102722168 -0.22478461265563965 10.915495872497559 -4.322648048400879 -0.18994975090026855 10.738360404968262 -4.32259464263916 -0.15567970275878906 10.561261177062988 -4.322494983673096 -0.12213587760925293 10.384153366088867 -4.322362422943115 -0.0897214412689209 10.2070951461792 -4.322231292724609 -0.05866885185241699 10.030085563659668 -4.322102069854736 -0.029156923294067383 9.853155136108398 -4.322047710418701 -0.0008108615875244141 9.676286697387695 -4.3220295906066895 0.026840686798095703 9.49942398071289 -4.322031021118164 0.053740501403808594 9.322619438171387 -4.322074890136719 0.08033227920532227 9.145829200744629 -4.322126388549805 0.10703611373901367 8.969087600708008 -4.322157382965088 0.13376760482788086 8.792391777038574 -4.322161674499512 0.16046428680419922 8.615673065185547 -4.322083950042725 0.18670344352722168 8.43895149230957 -4.3219895362854 0.2122962474822998 8.26227855682373 -4.321900367736816 0.23734283447265625 8.08561897277832 -4.321794509887695 0.26180124282836914 11.977751731872559 -4.1458516120910645 -0.3993086814880371 11.800707817077637 -4.145781993865967 -0.36188697814941406 11.62359619140625 -4.145676612854004 -0.32561731338500977 11.446465492248535 -4.145599842071533 -0.2902412414550781 11.269336700439453 -4.145507335662842 -0.2557559013366699 11.092247009277344 -4.145420074462891 -0.22202038764953613 10.915170669555664 -4.1453351974487305 -0.18904900550842285 10.738088607788086 -4.145237922668457 -0.1569070816040039 10.560978889465332 -4.145118713378906 -0.12564992904663086 10.383923530578613 -4.144992351531982 -0.09555459022521973 10.206840515136719 -4.144834518432617 -0.06683564186096191 10.02985954284668 -4.144678115844727 -0.03983187675476074 9.852953910827637 -4.144572734832764 -0.014389753341674805 9.676124572753906 -4.144502639770508 0.009851694107055664 9.499231338500977 -4.144481658935547 0.03321504592895508 9.322418212890625 -4.144520282745361 0.05631852149963379 9.145654678344727 -4.144542217254639 0.0792531967163086 8.96892261505127 -4.144570350646973 0.10203909873962402 8.79222297668457 -4.144524574279785 0.12434697151184082 8.615489959716797 -4.144442081451416 0.14615392684936523 8.438749313354492 -4.144354820251465 0.16725778579711914 8.262092590332031 -4.144218921661377 0.18758821487426758 8.085362434387207 -4.144069671630859 0.20693063735961914 11.977230072021484 -3.968585968017578 -0.38404273986816406 11.800264358520508 -3.968446731567383 -0.3482985496520996 11.623172760009766 -3.9683737754821777 -0.3137784004211426 11.446096420288086 -3.9682741165161133 -0.28005361557006836 11.268991470336914 -3.96816349029541 -0.2472999095916748 11.091913223266602 -3.968083381652832 -0.21541643142700195 10.914850234985352 -3.9679675102233887 -0.18456530570983887 10.737768173217773 -3.967855930328369 -0.15479564666748047 10.560691833496094 -3.967733860015869 -0.12601065635681152 10.383642196655273 -3.9675707817077637 -0.09852814674377441 10.206598281860352 -3.9674081802368164 -0.07239937782287598 10.029668807983398 -3.9672207832336426 -0.04812979698181152 9.852783203125 -3.967052459716797 -0.025801897048950195 9.67591667175293 -3.966958999633789 -0.004974842071533203 9.499032974243164 -3.9669394493103027 0.015014171600341797 9.322229385375977 -3.9669389724731445 0.03444528579711914 9.145458221435547 -3.9669394493103027 0.05342364311218262 8.968721389770508 -3.966905117034912 0.07199287414550781 8.791959762573242 -3.966855049133301 0.08988809585571289 8.615252494812012 -3.966759204864502 0.10716772079467773 8.43851375579834 -3.9666452407836914 0.12352848052978516 8.261845588684082 -3.966501235961914 0.13891124725341797 8.085103034973145 -3.966366767883301 0.15331745147705078 11.976750373840332 -3.7911014556884766 -0.36238718032836914 11.799779891967773 -3.7910003662109375 -0.32919883728027344 11.622773170471191 -3.7909140586853027 -0.2969322204589844 11.44571590423584 -3.7908449172973633 -0.2655830383300781 11.268648147583008 -3.7907586097717285 -0.2350177764892578 11.091577529907227 -3.790630340576172 -0.20533490180969238 10.914558410644531 -3.790515422821045 -0.17690205574035645 10.737479209899902 -3.790377616882324 -0.14953374862670898 10.560419082641602 -3.7902469635009766 -0.12348127365112305 10.383402824401855 -3.7901082038879395 -0.0987386703491211 10.20639419555664 -3.7898974418640137 -0.07562136650085449 10.029484748840332 -3.7897167205810547 -0.05447649955749512 9.852581977844238 -3.7895455360412598 -0.03522539138793945 9.675712585449219 -3.7894296646118164 -0.017574548721313477 9.49885368347168 -3.7893638610839844 -0.0011279582977294922 9.322015762329102 -3.789309501647949 0.014566659927368164 9.145240783691406 -3.7892608642578125 0.029630184173583984 8.96847915649414 -3.7892208099365234 0.04398155212402344 8.791704177856445 -3.7891392707824707 0.05752992630004883 8.614948272705078 -3.7890167236328125 0.07003211975097656 8.438251495361328 -3.788876533508301 0.08150625228881836 8.261544227600098 -3.788731098175049 0.09192276000976562 8.084806442260742 -3.788623332977295 0.10114622116088867 11.97628116607666 -3.6135897636413574 -0.334749698638916 11.79935359954834 -3.613469123840332 -0.30458879470825195 11.622386932373047 -3.6134138107299805 -0.27535247802734375 11.445359230041504 -3.6133437156677246 -0.2467484474182129 11.268280029296875 -3.6132326126098633 -0.21891307830810547 11.091268539428711 -3.613107681274414 -0.19195008277893066 10.91425895690918 -3.6129937171936035 -0.16616082191467285 10.737262725830078 -3.6128621101379395 -0.14154577255249023 10.56019401550293 -3.612704277038574 -0.11828255653381348 10.383196830749512 -3.6125311851501465 -0.09658598899841309 10.206198692321777 -3.612342357635498 -0.07670736312866211 10.029275894165039 -3.6121320724487305 -0.05877423286437988 9.852365493774414 -3.611966609954834 -0.042676448822021484 9.675501823425293 -3.6118335723876953 -0.028308391571044922 9.49863052368164 -3.6117424964904785 -0.015156984329223633 9.32176399230957 -3.6116747856140137 -0.003106355667114258 9.145005226135254 -3.611602783203125 0.007966279983520508 8.968218803405762 -3.611496925354004 0.01816082000732422 8.791431427001953 -3.611370086669922 0.027341842651367188 8.614651679992676 -3.6112003326416016 0.03521919250488281 8.437948226928711 -3.6110424995422363 0.041660308837890625 8.261236190795898 -3.610936164855957 0.046817779541015625 8.08443832397461 -3.6108431816101074 0.051117897033691406 11.975902557373047 -3.43593692779541 -0.30181312561035156 11.799017906188965 -3.435894012451172 -0.2753329277038574 11.622050285339355 -3.4358296394348145 -0.24949169158935547 11.445039749145508 -3.4357571601867676 -0.22409963607788086 11.267982482910156 -3.4356541633605957 -0.1992197036743164 11.090968132019043 -3.4355568885803223 -0.1754446029663086 10.913994789123535 -3.435426712036133 -0.15261054039001465 10.737024307250977 -3.435283660888672 -0.1310267448425293 10.56002140045166 -3.435123920440674 -0.1107950210571289 10.38300895690918 -3.434922695159912 -0.0922696590423584 10.205999374389648 -3.434739112854004 -0.07565498352050781 10.029026985168457 -3.4345507621765137 -0.06093597412109375 9.852132797241211 -3.4343624114990234 -0.048059701919555664 9.675252914428711 -3.4342312812805176 -0.036824941635131836 9.498381614685059 -3.434115409851074 -0.02700495719909668 9.321527481079102 -3.434000015258789 -0.018537521362304688 9.14474105834961 -3.4338607788085938 -0.01140141487121582 8.967948913574219 -3.433748722076416 -0.005405902862548828 8.791152000427246 -3.4335947036743164 -0.0006430149078369141 8.61440372467041 -3.433415412902832 0.0025959014892578125 8.437614440917969 -3.4332423210144043 0.00421142578125 8.260856628417969 -3.433121681213379 0.004504203796386719 8.084052085876465 -3.4329886436462402 0.003798961639404297 11.975598335266113 -3.2581725120544434 -0.26473283767700195 11.798718452453613 -3.258139133453369 -0.24215126037597656 11.621779441833496 -3.2581186294555664 -0.21999216079711914 11.444742202758789 -3.258098602294922 -0.1981353759765625 11.267756462097168 -3.2580432891845703 -0.17671608924865723 11.090747833251953 -3.2579593658447266 -0.15596771240234375 10.91375732421875 -3.257843494415283 -0.13634157180786133 10.736806869506836 -3.257676124572754 -0.11807942390441895 10.559850692749023 -3.2575125694274902 -0.10113835334777832 10.382823944091797 -3.2573161125183105 -0.08592987060546875 10.205798149108887 -3.257105827331543 -0.07252097129821777 10.028800964355469 -3.256916046142578 -0.06093263626098633 9.851893424987793 -3.256767749786377 -0.05120491981506348 9.675027847290039 -3.256610870361328 -0.04312300682067871 9.498148918151855 -3.256437301635742 -0.03674054145812988 9.321307182312012 -3.256277084350586 -0.03195834159851074 9.14449405670166 -3.25612735748291 -0.028714418411254883 8.967720031738281 -3.255971908569336 -0.02692866325378418 8.790911674499512 -3.255817413330078 -0.026590824127197266 8.614094734191895 -3.2556424140930176 -0.027844905853271484 8.437288284301758 -3.255453109741211 -0.030587196350097656 8.26049518585205 -3.2552924156188965 -0.034918785095214844 8.083620071411133 -3.255157947540283 -0.04066896438598633 11.975301742553711 -3.0803332328796387 -0.22389459609985352 11.79845905303955 -3.0803604125976562 -0.20558643341064453 11.621515274047852 -3.0803956985473633 -0.1873180866241455 11.444507598876953 -3.0803818702697754 -0.16920018196105957 11.267539024353027 -3.0803651809692383 -0.15146398544311523 11.090564727783203 -3.080305576324463 -0.1340923309326172 10.91360092163086 -3.080191135406494 -0.1178431510925293 10.736610412597656 -3.080050468444824 -0.10286927223205566 10.559633255004883 -3.0798659324645996 -0.08945417404174805 10.382604598999023 -3.07965087890625 -0.0775156021118164 10.205610275268555 -3.0794692039489746 -0.06733441352844238 10.028611183166504 -3.079324245452881 -0.05891561508178711 9.851700782775879 -3.0791406631469727 -0.05238008499145508 9.674842834472656 -3.078949451446533 -0.04759693145751953 9.497940063476562 -3.0787343978881836 -0.04470562934875488 9.321090698242188 -3.0785393714904785 -0.04365396499633789 9.14428424835205 -3.0783801078796387 -0.04428267478942871 8.967473983764648 -3.0782155990600586 -0.046515703201293945 8.790648460388184 -3.0780282020568848 -0.050340890884399414 8.613748550415039 -3.0778393745422363 -0.05578112602233887 8.436956405639648 -3.0776543617248535 -0.06282758712768555 8.260103225708008 -3.0774941444396973 -0.0715494155883789 8.083161354064941 -3.077350616455078 -0.08162975311279297 11.975055694580078 -2.9025661945343018 -0.17992210388183594 11.798185348510742 -2.902611494064331 -0.16579270362854004 11.621268272399902 -2.9026238918304443 -0.15154147148132324 11.444279670715332 -2.9026682376861572 -0.1374671459197998 11.267311096191406 -2.902676820755005 -0.12354278564453125 11.090368270874023 -2.9026527404785156 -0.11008691787719727 10.913394927978516 -2.9025537967681885 -0.0972146987915039 10.73640251159668 -2.9023892879486084 -0.08554887771606445 10.559381484985352 -2.9021856784820557 -0.07548904418945312 10.382373809814453 -2.9020230770111084 -0.06693625450134277 10.205409049987793 -2.90183162689209 -0.05999183654785156 10.028443336486816 -2.9016354084014893 -0.05491352081298828 9.851506233215332 -2.9014389514923096 -0.05176115036010742 9.674641609191895 -2.901219129562378 -0.050568342208862305 9.497753143310547 -2.901012420654297 -0.05126023292541504 9.320905685424805 -2.900806188583374 -0.05375814437866211 9.144061088562012 -2.900608777999878 -0.058168649673461914 8.967204093933105 -2.900421619415283 -0.0641942024230957 8.790338516235352 -2.9002344608306885 -0.07183670997619629 8.613404273986816 -2.900029182434082 -0.08115577697753906 8.436539649963379 -2.8998515605926514 -0.09221649169921875 8.259628295898438 -2.8996825218200684 -0.10465145111083984 8.08267879486084 -2.899533987045288 -0.11847782135009766 11.97481918334961 -2.724785804748535 -0.13288235664367676 11.797929763793945 -2.724868059158325 -0.12293457984924316 11.621015548706055 -2.724910020828247 -0.11284089088439941 11.444052696228027 -2.7249293327331543 -0.10276436805725098 11.267069816589355 -2.724949359893799 -0.09292960166931152 11.090085983276367 -2.724926471710205 -0.08338761329650879 10.913169860839844 -2.7248666286468506 -0.07436776161193848 10.736164093017578 -2.7247257232666016 -0.06617212295532227 10.559162139892578 -2.7245311737060547 -0.05937600135803223 10.382184982299805 -2.7243447303771973 -0.05419158935546875 10.205222129821777 -2.7241439819335938 -0.050684213638305664 10.028255462646484 -2.723917007446289 -0.04903435707092285 9.851344108581543 -2.723673105239868 -0.04955601692199707 9.67445182800293 -2.723466634750366 -0.05200552940368652 9.497573852539062 -2.723245859146118 -0.05639910697937012 9.320694923400879 -2.723069190979004 -0.06252503395080566 9.143808364868164 -2.7228822708129883 -0.07034778594970703 8.966887474060059 -2.7226815223693848 -0.07978582382202148 8.789983749389648 -2.7224745750427246 -0.09090638160705566 8.613014221191406 -2.72229266166687 -0.10367488861083984 8.436058044433594 -2.7221028804779053 -0.11801719665527344 8.259136199951172 -2.7219200134277344 -0.13379240036010742 8.08214282989502 -2.721733808517456 -0.15089988708496094 11.97463321685791 -2.5470850467681885 -0.08296751976013184 11.797734260559082 -2.547128200531006 -0.07716917991638184 11.620773315429688 -2.547165870666504 -0.07116842269897461 11.44383430480957 -2.5471699237823486 -0.0652627944946289 11.266855239868164 -2.5471653938293457 -0.059613943099975586 11.089842796325684 -2.5471692085266113 -0.054132699966430664 10.91294002532959 -2.5471251010894775 -0.04915809631347656 10.73595905303955 -2.547027111053467 -0.044774532318115234 10.558990478515625 -2.5468432903289795 -0.04139900207519531 10.38204288482666 -2.546617269515991 -0.03974151611328125 10.205050468444824 -2.546414613723755 -0.03977000713348389 10.028107643127441 -2.546159029006958 -0.04175698757171631 9.851208686828613 -2.545908212661743 -0.045891761779785156 9.674300193786621 -2.545677661895752 -0.05207693576812744 9.497385025024414 -2.5454955101013184 -0.060162901878356934 9.320452690124512 -2.5453386306762695 -0.0697317123413086 9.143521308898926 -2.5451595783233643 -0.08067870140075684 8.966588020324707 -2.5449416637420654 -0.09306859970092773 8.789607048034668 -2.5447330474853516 -0.10724306106567383 8.6126127243042 -2.544539451599121 -0.1229548454284668 8.435595512390137 -2.5443742275238037 -0.14021754264831543 8.258609771728516 -2.544199228286743 -0.15876317024230957 8.08159065246582 -2.544036626815796 -0.1785907745361328 11.974525451660156 -2.3693735599517822 -0.030875205993652344 11.797563552856445 -2.3694000244140625 -0.028818368911743164 11.62060546875 -2.3694071769714355 -0.026973485946655273 11.443618774414062 -2.369410514831543 -0.025238752365112305 11.266644477844238 -2.3693742752075195 -0.023838043212890625 11.089645385742188 -2.3693981170654297 -0.022707700729370117 10.912737846374512 -2.3693621158599854 -0.021860837936401367 10.735794067382812 -2.369249105453491 -0.021416902542114258 10.558846473693848 -2.3690805435180664 -0.022008657455444336 10.381919860839844 -2.368919610977173 -0.024060845375061035 10.204928398132324 -2.3686766624450684 -0.02781367301940918 10.027990341186523 -2.368415594100952 -0.033579111099243164 9.851082801818848 -2.3681745529174805 -0.04133033752441406 9.67416000366211 -2.3679239749908447 -0.051177144050598145 9.497201919555664 -2.367739677429199 -0.06272923946380615 9.320229530334473 -2.367602825164795 -0.07539916038513184 9.143245697021484 -2.3674392700195312 -0.0892103910446167 8.96628189086914 -2.3672473430633545 -0.10432636737823486 8.789288520812988 -2.3670425415039062 -0.12105274200439453 8.6122407913208 -2.366863250732422 -0.1392686367034912 8.435194969177246 -2.366680383682251 -0.1589183807373047 8.258139610290527 -2.3665385246276855 -0.1798861026763916 8.081045150756836 -2.366392135620117 -0.20177721977233887 11.974417686462402 -2.1916003227233887 0.0238645076751709 11.797457695007324 -2.1915853023529053 0.02144908905029297 11.62048053741455 -2.1916139125823975 0.019153356552124023 11.443471908569336 -2.1916069984436035 0.016848087310791016 11.266467094421387 -2.191549062728882 0.014056921005249023 11.089487075805664 -2.191560745239258 0.010677814483642578 10.91257095336914 -2.191559314727783 0.007299900054931641 10.735662460327148 -2.1914548873901367 0.0034532546997070312 10.558730125427246 -2.191290855407715 -0.001402139663696289 10.381803512573242 -2.191098690032959 -0.007475495338439941 10.204842567443848 -2.190887689590454 -0.015166044235229492 10.027887344360352 -2.190674304962158 -0.024778366088867188 9.85095500946045 -2.1904377937316895 -0.03622138500213623 9.67399787902832 -2.190217971801758 -0.0495302677154541 9.4970064163208 -2.1900646686553955 -0.06422233581542969 9.320002555847168 -2.1899001598358154 -0.07981467247009277 9.142997741699219 -2.1897552013397217 -0.09631621837615967 8.966011047363281 -2.18959641456604 -0.11384367942810059 8.788982391357422 -2.1894052028656006 -0.13277852535247803 8.611919403076172 -2.1891963481903076 -0.1530853509902954 8.434856414794922 -2.189023733139038 -0.17471098899841309 8.257712364196777 -2.1889054775238037 -0.19736242294311523 8.080560684204102 -2.1888580322265625 -0.22062897682189941 11.974390029907227 -2.01381778717041 0.07927322387695312 11.797368049621582 -2.013831615447998 0.07325005531311035 11.620373725891113 -2.0138282775878906 0.06702947616577148 11.443381309509277 -2.013787031173706 0.060365915298461914 11.266400337219238 -2.0137360095977783 0.053264617919921875 11.089400291442871 -2.0137195587158203 0.04569900035858154 10.912467956542969 -2.013669967651367 0.03774452209472656 10.735567092895508 -2.0135886669158936 0.02932894229888916 10.55862808227539 -2.0134737491607666 0.020152568817138672 10.381722450256348 -2.01332426071167 0.009847760200500488 10.204751968383789 -2.0131499767303467 -0.0019131898880004883 10.02778434753418 -2.0129449367523193 -0.015369296073913574 9.85078239440918 -2.0127267837524414 -0.0305214524269104 9.673789024353027 -2.0125625133514404 -0.04702073335647583 9.49676513671875 -2.0123844146728516 -0.06456679105758667 9.319774627685547 -2.0122241973876953 -0.08295625448226929 9.142765998840332 -2.0121140480041504 -0.10197430849075317 8.965757369995117 -2.0119762420654297 -0.121756911277771 8.788708686828613 -2.0117998123168945 -0.14274370670318604 8.611605644226074 -2.0116305351257324 -0.16487789154052734 8.434527397155762 -2.011492967605591 -0.1880025863647461 8.257349014282227 -2.011382818222046 -0.21187269687652588 8.080153465270996 -2.0113368034362793 -0.23614192008972168 11.974258422851562 -1.8360590934753418 0.13652515411376953 11.7973051071167 -1.8360488414764404 0.1264195442199707 11.620330810546875 -1.8360202312469482 0.11596345901489258 11.443330764770508 -1.8359358310699463 0.10479307174682617 11.266372680664062 -1.8358924388885498 0.09327149391174316 11.089378356933594 -1.8358595371246338 0.08133924007415771 10.912447929382324 -1.835819959640503 0.06900274753570557 10.735523223876953 -1.8357417583465576 0.05607342720031738 10.558599472045898 -1.8356506824493408 0.04240596294403076 10.3816556930542 -1.8355424404144287 0.027767658233642578 10.20465087890625 -1.8353755474090576 0.012025535106658936 10.027628898620605 -1.8351755142211914 -0.005186855792999268 9.850592613220215 -1.8349897861480713 -0.023769915103912354 9.673564910888672 -1.834836483001709 -0.043456077575683594 9.49652099609375 -1.8347065448760986 -0.06390166282653809 9.3195219039917 -1.8346076011657715 -0.08486756682395935 9.142511367797852 -1.8344824314117432 -0.10631188750267029 8.965524673461914 -1.8343582153320312 -0.12835285067558289 8.788440704345703 -1.8342070579528809 -0.15117138624191284 8.611328125 -1.8340928554534912 -0.17487645149230957 8.43419361114502 -1.8339803218841553 -0.19909536838531494 8.257035255432129 -1.8338820934295654 -0.22381669282913208 8.079827308654785 -1.8338518142700195 -0.24886667728424072 11.974143028259277 -1.6582341194152832 0.19546961784362793 11.797239303588867 -1.6581666469573975 0.1807386875152588 11.620294570922852 -1.6580991744995117 0.16566944122314453 11.443320274353027 -1.6580307483673096 0.14990293979644775 11.266359329223633 -1.6579983234405518 0.13372397422790527 11.089410781860352 -1.6579318046569824 0.11716318130493164 10.912455558776855 -1.6579182147979736 0.10036754608154297 10.735551834106445 -1.6578752994537354 0.08299708366394043 10.55860710144043 -1.657811164855957 0.0649493932723999 10.381599426269531 -1.6577003002166748 0.04633736610412598 10.204549789428711 -1.657552719116211 0.026660561561584473 10.027499198913574 -1.6574029922485352 0.005851924419403076 9.850441932678223 -1.6572625637054443 -0.01603984832763672 9.673343658447266 -1.65714693069458 -0.03872932493686676 9.496278762817383 -1.6570558547973633 -0.06183673441410065 9.319252967834473 -1.6569507122039795 -0.08534294366836548 9.14225959777832 -1.6568450927734375 -0.10922585427761078 8.965237617492676 -1.6567556858062744 -0.13356980681419373 8.78816032409668 -1.6566600799560547 -0.15809030830860138 8.611016273498535 -1.6565749645233154 -0.18300850689411163 8.433897972106934 -1.656477928161621 -0.20815423130989075 8.256756782531738 -1.656395673751831 -0.23359449207782745 8.07949161529541 -1.656360387802124 -0.2592583894729614 11.974042892456055 -1.4802801609039307 0.25573277473449707 11.797142028808594 -1.4802265167236328 0.2361539602279663 11.620270729064941 -1.4801864624023438 0.21612203121185303 11.443284034729004 -1.4801137447357178 0.1954808235168457 11.266349792480469 -1.4800615310668945 0.17442309856414795 11.089424133300781 -1.4800481796264648 0.1531209945678711 10.912493705749512 -1.4800539016723633 0.13168013095855713 10.735562324523926 -1.4800293445587158 0.10981792211532593 10.558589935302734 -1.4799883365631104 0.08763760328292847 10.381571769714355 -1.479896068572998 0.06508556008338928 10.204497337341309 -1.479759931564331 0.041664883494377136 10.027406692504883 -1.479628086090088 0.017340339720249176 9.850300788879395 -1.4795277118682861 -0.007643476128578186 9.673203468322754 -1.4794631004333496 -0.03299698233604431 9.496084213256836 -1.4793758392333984 -0.05867937207221985 9.319051742553711 -1.479318618774414 -0.0846039354801178 9.14201545715332 -1.4792444705963135 -0.11084425449371338 8.964944839477539 -1.479170322418213 -0.13711702823638916 8.787824630737305 -1.4791021347045898 -0.16334420442581177 8.61074161529541 -1.4790539741516113 -0.18936651945114136 8.43362808227539 -1.4790103435516357 -0.21539688110351562 8.256499290466309 -1.4789378643035889 -0.2415769100189209 8.079233169555664 -1.4788854122161865 -0.267572283744812 11.973983764648438 -1.3022782802581787 0.31709110736846924 11.797144889831543 -1.302262544631958 0.29228222370147705 11.620244979858398 -1.302232265472412 0.26700687408447266 11.443257331848145 -1.3021597862243652 0.2414189577102661 11.266342163085938 -1.3021268844604492 0.21544504165649414 11.089431762695312 -1.3021855354309082 0.18920618295669556 10.912517547607422 -1.3021578788757324 0.1629648208618164 10.735555648803711 -1.3021483421325684 0.13668754696846008 10.558577537536621 -1.3021235466003418 0.11029058694839478 10.381548881530762 -1.3020572662353516 0.0835566446185112 10.204459190368652 -1.3019678592681885 0.0564475953578949 10.027339935302734 -1.3019084930419922 0.028946787118911743 9.850214004516602 -1.3018324375152588 0.0012443959712982178 9.67308235168457 -1.301764726638794 -0.026757776737213135 9.495953559875488 -1.3017172813415527 -0.054826319217681885 9.31887435913086 -1.3016436100006104 -0.08312815427780151 9.141814231872559 -1.301621437072754 -0.11136400699615479 8.964665412902832 -1.3015961647033691 -0.1392381191253662 8.787557601928711 -1.3015789985656738 -0.1668604612350464 8.610477447509766 -1.3015611171722412 -0.19419384002685547 8.433379173278809 -1.301516056060791 -0.22127604484558105 8.256271362304688 -1.301494836807251 -0.24808692932128906 8.079024314880371 -1.3014490604400635 -0.27452516555786133 11.97400951385498 -1.1241965293884277 0.37915194034576416 11.79716682434082 -1.1242125034332275 0.34872984886169434 11.620203018188477 -1.1242151260375977 0.31817132234573364 11.443243026733398 -1.1241717338562012 0.2874458432197571 11.26634693145752 -1.124157190322876 0.2565932869911194 11.089398384094238 -1.12418532371521 0.22546088695526123 10.912490844726562 -1.1242284774780273 0.19458717107772827 10.735570907592773 -1.1242187023162842 0.16367708146572113 10.55859375 -1.1241965293884277 0.1327175348997116 10.381529808044434 -1.1241936683654785 0.10189233720302582 10.204442977905273 -1.1241931915283203 0.07099801301956177 10.027328491210938 -1.124192714691162 0.04028046131134033 9.850156784057617 -1.1241848468780518 0.00989389419555664 9.67301082611084 -1.1241159439086914 -0.020375728607177734 9.495868682861328 -1.1240456104278564 -0.05070769786834717 9.318734169006348 -1.1240301132202148 -0.0810246467590332 9.141613960266113 -1.1240463256835938 -0.1110231876373291 8.964465141296387 -1.124074935913086 -0.14037394523620605 8.787352561950684 -1.1240782737731934 -0.169281005859375 8.61026382446289 -1.1240694522857666 -0.19780373573303223 8.43315315246582 -1.124047040939331 -0.2259202003479004 8.256053924560547 -1.1240699291229248 -0.25342750549316406 8.078866004943848 -1.1240148544311523 -0.2805783748626709 11.974061012268066 -0.9461872577667236 0.4415374994277954 11.797163009643555 -0.9461321830749512 0.40555667877197266 11.620197296142578 -0.9461274147033691 0.3696257472038269 11.443245887756348 -0.9461677074432373 0.33365878462791443 11.26634407043457 -0.9461896419525146 0.29776015877723694 11.089378356933594 -0.9462394714355469 0.2619554400444031 10.912485122680664 -0.9462320804595947 0.22624658048152924 10.735555648803711 -0.9462356567382812 0.19053493440151215 10.558622360229492 -0.9462928771972656 0.15500177443027496 10.381536483764648 -0.9463486671447754 0.11996454000473022 10.204422950744629 -0.9463739395141602 0.08533966541290283 10.027274131774902 -0.9464387893676758 0.05136650800704956 9.850080490112305 -0.9464883804321289 0.018230676651000977 9.672927856445312 -0.9464914798736572 -0.01431417465209961 9.495767593383789 -0.946476936340332 -0.046484947204589844 9.318593978881836 -0.9464514255523682 -0.07852387428283691 9.141443252563477 -0.9464898109436035 -0.10997819900512695 8.964282989501953 -0.9465210437774658 -0.1407938003540039 8.787178993225098 -0.9465460777282715 -0.17098569869995117 8.61009407043457 -0.9465935230255127 -0.2004392147064209 8.432961463928223 -0.946636438369751 -0.22931170463562012 8.255863189697266 -0.9466490745544434 -0.25762319564819336 8.078692436218262 -0.9466366767883301 -0.28569984436035156 11.974099159240723 -0.7680754661560059 0.503929853439331 11.797211647033691 -0.7680878639221191 0.4624186158180237 11.620275497436523 -0.7681326866149902 0.4211331009864807 11.44328498840332 -0.768165111541748 0.3800840973854065 11.266329765319824 -0.76820969581604 0.3392466604709625 11.089366912841797 -0.7681939601898193 0.29865917563438416 10.912436485290527 -0.7682135105133057 0.25803107023239136 10.73556900024414 -0.7682607173919678 0.21741831302642822 10.558624267578125 -0.7683358192443848 0.17721372842788696 10.381551742553711 -0.768425464630127 0.13786864280700684 10.204421043395996 -0.7685234546661377 0.09964191913604736 10.027213096618652 -0.7686293125152588 0.06253838539123535 9.849991798400879 -0.7687249183654785 0.026570558547973633 9.672821044921875 -0.7688019275665283 -0.008257508277893066 9.49566650390625 -0.7688186168670654 -0.042261362075805664 9.318495750427246 -0.7688775062561035 -0.07580089569091797 9.141300201416016 -0.7689428329467773 -0.10858154296875 8.964118957519531 -0.7689952850341797 -0.14057350158691406 8.78702163696289 -0.7690575122833252 -0.17181825637817383 8.60995864868164 -0.7691426277160645 -0.20216894149780273 8.432838439941406 -0.7692286968231201 -0.2316908836364746 8.255695343017578 -0.769282341003418 -0.26073360443115234 8.078535079956055 -0.7692723274230957 -0.2895073890686035 11.974225997924805 -0.5899314880371094 0.5658670663833618 11.797290802001953 -0.5900101661682129 0.5185961127281189 11.620357513427734 -0.5900917053222656 0.472098171710968 11.443349838256836 -0.5901904106140137 0.4263683557510376 11.266324996948242 -0.590245246887207 0.38094305992126465 11.089340209960938 -0.5902602672576904 0.3355703353881836 10.912446975708008 -0.5902502536773682 0.29015499353408813 10.735565185546875 -0.5902445316314697 0.24435240030288696 10.558633804321289 -0.5903549194335938 0.19917571544647217 10.381614685058594 -0.5905098915100098 0.1555737853050232 10.204456329345703 -0.5906481742858887 0.11373507976531982 10.027239799499512 -0.5908064842224121 0.07354450225830078 9.849908828735352 -0.5909583568572998 0.034979939460754395 9.672745704650879 -0.5910601615905762 -0.002265453338623047 9.495620727539062 -0.5911879539489746 -0.038248538970947266 9.318424224853516 -0.5913136005401611 -0.07311797142028809 9.141178131103516 -0.5914316177368164 -0.10698890686035156 8.963991165161133 -0.5915267467498779 -0.13997936248779297 8.78692626953125 -0.5916266441345215 -0.17199993133544922 8.609865188598633 -0.5917327404022217 -0.2031087875366211 8.43278694152832 -0.5918450355529785 -0.2334308624267578 8.255600929260254 -0.5919153690338135 -0.26306676864624023 8.078437805175781 -0.5919656753540039 -0.2923164367675781</DataArray>
      </PointData>
    </Piece>
  </UnstructuredGrid>
</VTKFile>