<?xml version='1.0' encoding='utf-8'?>
<VTKFile type="UnstructuredGrid" version="0.1" byte_order="LittleEndian">
  <UnstructuredGrid>
    <Piece NumberOfPoints="525" NumberOfCells="480">
      <Points>
        <DataArray type="Float64" Name="" NumberOfComponents="3" format="ascii">0.0 0.0 0.0 1000.0 0.0 0.0 1000.0 1000.0 0.0 0.0 1000.0 0.0 0.0 0.0 5.0 1000.0 0.0 5.0 1000.0 0.0 5.0 1000.0 1000.0 5.0 1000.0 1000.0 5.0 0.0 1000.0 5.0 0.0 1000.0 5.0 0.0 0.0 5.0 50.0 0.0 0.0 100.0 0.0 0.0 150.00000000000003 0.0 0.0 200.0 0.0 0.0 250.0 0.0 0.0 300.00000000000006 0.0 0.0 350.00000000000006 0.0 0.0 400.0 0.0 0.0 450.0 0.0 0.0 500.0 0.0 0.0 550.0 0.0 0.0 600.0000000000001 0.0 0.0 650.0 0.0 0.0 700.0000000000001 0.0 0.0 750.0 0.0 0.0 800.0 0.0 0.0 850.0000000000001 0.0 0.0 900.0 0.0 0.0 950.0000000000001 0.0 0.0 1000.0 50.0 0.0 1000.0 100.0 0.0 1000.0 150.00000000000003 0.0 1000.0 200.0 0.0 1000.0 250.0 0.0 1000.0 300.00000000000006 0.0 1000.0 350.00000000000006 0.0 1000.0 400.0 0.0 1000.0 450.0 0.0 1000.0 500.0 0.0 1000.0 550.0 0.0 1000.0 600.0000000000001 0.0 1000.0 650.0 0.0 1000.0 700.0000000000001 0.0 1000.0 750.0 0.0 1000.0 800.0 0.0 1000.0 850.0000000000001 0.0 1000.0 900.0 0.0 1000.0 950.0000000000001 0.0 950.0 1000.0 0.0 900.0 1000.0 0.0 850.0 1000.0 0.0 800.0 1000.0 0.0 750.0 1000.0 0.0 700.0 1000.0 0.0 650.0 1000.0 0.0 600.0 1000.0 0.0 550.0 1000.0 0.0 500.0 1000.0 0.0 450.0 1000.0 0.0 399.9999999999999 1000.0 0.0 350.0 1000.0 0.0 299.9999999999999 1000.0 0.0 250.0 1000.0 0.0 200.0 1000.0 0.0 149.9999999999999 1000.0 0.0 100.0 1000.0 0.0 49.999999999999886 1000.0 0.0 0.0 950.0 0.0 0.0 900.0 0.0 0.0 850.0 0.0 0.0 800.0 0.0 0.0 750.0 0.0 0.0 700.0 0.0 0.0 650.0 0.0 0.0 600.0 0.0 0.0 550.0 0.0 0.0 500.0 0.0 0.0 450.0 0.0 0.0 399.9999999999999 0.0 0.0 350.0 0.0 0.0 299.9999999999999 0.0 0.0 250.0 0.0 0.0 200.0 0.0 0.0 149.9999999999999 0.0 0.0 100.0 0.0 0.0 49.999999999999886 0.0 50.0 0.0 5.0 100.0 0.0 5.0 150.00000000000003 0.0 5.0 200.0 0.0 5.0 250.0 0.0 5.0 300.00000000000006 0.0 5.0 350.00000000000006 0.0 5.0 400.0 0.0 5.0 450.0 0.0 5.0 500.0 0.0 5.0 550.0 0.0 5.0 600.0000000000001 0.0 5.0 650.0 0.0 5.0 700.0000000000001 0.0 5.0 750.0 0.0 5.0 800.0 0.0 5.0 850.0000000000001 0.0 5.0 900.0 0.0 5.0 950.0000000000001 0.0 5.0 1000.0 50.0 5.0 1000.0 100.0 5.0 1000.0 150.00000000000003 5.0 1000.0 200.0 5.0 1000.0 250.0 5.0 1000.0 300.00000000000006 5.0 1000.0 350.00000000000006 5.0 1000.0 400.0 5.0 1000.0 450.0 5.0 1000.0 500.0 5.0 1000.0 550.0 5.0 1000.0 600.0000000000001 5.0 1000.0 650.0 5.0 1000.0 700.0000000000001 5.0 1000.0 750.0 5.0 1000.0 800.0 5.0 1000.0 850.0000000000001 5.0 1000.0 900.0 5.0 1000.0 950.0000000000001 5.0 950.0 1000.0 5.0 900.0 1000.0 5.0 850.0 1000.0 5.0 800.0 1000.0 5.0 750.0 1000.0 5.0 700.0 1000.0 5.0 650.0 1000.0 5.0 600.0 1000.0 5.0 550.0 1000.0 5.0 500.0 1000.0 5.0 450.0 1000.0 5.0 399.9999999999999 1000.0 5.0 350.0 1000.0 5.0 299.9999999999999 1000.0 5.0 250.0 1000.0 5.0 200.0 1000.0 5.0 149.9999999999999 1000.0 5.0 100.0 1000.0 5.0 49.999999999999886 1000.0 5.0 0.0 950.0 5.0 0.0 900.0 5.0 0.0 850.0 5.0 0.0 800.0 5.0 0.0 750.0 5.0 0.0 700.0 5.0 0.0 650.0 5.0 0.0 600.0 5.0 0.0 550.0 5.0 0.0 500.0 5.0 0.0 450.0 5.0 0.0 399.9999999999999 5.0 0.0 350.0 5.0 0.0 299.9999999999999 5.0 0.0 250.0 5.0 0.0 200.0 5.0 0.0 149.9999999999999 5.0 0.0 100.0 5.0 0.0 49.999999999999886 5.0 49.99999999999994 49.99999999999994 0.0 50.0 99.99999999999994 0.0 49.99999999999994 149.9999999999999 0.0 49.99999999999994 200.0 0.0 50.0 249.99999999999997 0.0 50.0 299.99999999999994 0.0 50.0 350.0 0.0 50.0 399.99999999999994 0.0 50.00000000000006 450.0 0.0 50.0 500.0 0.0 50.0 550.0 0.0 50.0 600.0 0.0 49.999999999999886 650.0 0.0 50.0 700.0 0.0 50.0 750.0 0.0 50.0 800.0 0.0 50.00000000000006 850.0 0.0 50.0 900.0 0.0 50.0 950.0 0.0 100.0 49.99999999999994 0.0 99.99999999999994 99.99999999999994 0.0 99.99999999999994 149.9999999999999 0.0 99.99999999999994 199.99999999999994 0.0 100.00000000000006 250.0 0.0 100.00000000000006 300.0 0.0 100.00000000000006 350.0 0.0 99.99999999999994 399.99999999999994 0.0 99.99999999999994 450.0 0.0 100.0 500.0 0.0 100.0 550.0 0.0 100.0 600.0 0.0 99.99999999999994 650.0 0.0 99.99999999999994 700.0 0.0 99.99999999999994 750.0 0.0 100.0 800.0 0.0 99.99999999999994 850.0 0.0 100.0 900.0 0.0 100.0 950.0 0.0 150.0 49.99999999999994 0.0 150.0 99.99999999999994 0.0 150.0 150.0 0.0 150.0 200.0 0.0 150.0 250.0 0.0 150.0 300.0 0.0 150.0 350.0 0.0 150.00000000000006 400.0 0.0 150.0 450.0 0.0 150.0 500.0 0.0 150.0 550.0 0.0 150.0 600.0 0.0 150.00000000000006 650.0 0.0 150.0 700.0 0.0 150.0 750.0 0.0 150.0 800.0 0.0 150.0 850.0 0.0 150.0 900.0 0.0 150.0 950.0 0.0 200.0 50.00000000000006 0.0 200.0 100.0 0.0 200.0 150.0 0.0 200.0 200.0 0.0 200.0 249.99999999999994 0.0 200.0 300.0 0.0 200.0 350.0 0.0 200.00000000000006 400.0 0.0 200.0 450.0 0.0 200.0 500.0 0.0 199.99999999999994 550.0 0.0 200.0 600.0 0.0 200.0 650.0 0.0 200.0 700.0 0.0 200.00000000000006 750.0 0.0 200.0 800.0 0.0 200.0 850.0 0.0 200.0 900.0 0.0 200.0 950.0 0.0 250.0 49.99999999999994 0.0 250.0 99.99999999999994 0.0 250.0 150.0 0.0 250.0 200.00000000000006 0.0 250.0 249.99999999999991 0.0 250.0 299.99999999999994 0.0 250.0 350.0 0.0 250.0 400.0 0.0 250.0 450.0 0.0 249.99999999999994 500.0 0.0 249.99999999999994 550.0 0.0 250.0 600.0 0.0 250.0 650.0 0.0 249.99999999999994 700.0 0.0 249.99999999999991 750.0 0.0 250.0 800.0 0.0 250.0 850.0 0.0 250.0 900.0 0.0 250.0 950.0 0.0 300.0 49.99999999999994 0.0 300.0 99.99999999999994 0.0 300.0 150.0 0.0 300.0 200.00000000000006 0.0 300.0 249.99999999999991 0.0 300.0 300.0 0.0 300.0 350.0 0.0 300.0 400.0 0.0 300.0 450.0 0.0 300.0 500.0 0.0 299.99999999999994 550.0 0.0 299.99999999999994 600.0 0.0 300.0 650.0 0.0 299.99999999999994 700.0 0.0 300.0 750.0 0.0 300.0 800.0 0.0 300.0 850.0 0.0 300.0 900.0 0.0 299.99999999999994 950.0 0.0 350.0 49.99999999999994 0.0 350.0 100.0 0.0 350.0 150.00000000000006 0.0 350.0 200.00000000000006 0.0 350.0 250.0 0.0 350.0 300.0 0.0 350.0 350.0 0.0 350.0 400.0 0.0 350.0 450.0 0.0 350.0 500.0 0.0 350.0 550.0 0.0 350.0 600.0 0.0 349.99999999999994 650.0 0.0 350.0 700.0 0.0 350.0 750.0 0.0 350.0 800.0 0.0 350.0 850.0 0.0 350.0 900.0 0.0 350.0 950.0 0.0 400.0 50.00000000000006 0.0 400.0 99.99999999999994 0.0 400.0 150.00000000000006 0.0 400.0 200.00000000000006 0.0 400.0 250.0 0.0 400.0 300.0 0.0 400.0 350.0 0.0 400.0 400.0 0.0 400.0 450.0 0.0 400.0 500.0 0.0 400.0 550.0 0.0 400.0 600.0 0.0 400.0 650.0 0.0 400.0 700.0 0.0 400.0 750.0 0.0 400.0 800.0 0.0 399.99999999999994 850.0 0.0 400.0 900.0 0.0 399.99999999999994 950.0 0.0 450.0 50.0 0.0 450.0 99.99999999999994 0.0 450.0 150.0 0.0 450.0 200.0 0.0 450.0 250.0 0.0 450.0 300.0 0.0 450.0 350.0 0.0 450.0 400.0 0.0 450.0 450.0 0.0 450.0 500.0 0.0 450.0 550.0 0.0 450.0 600.0 0.0 450.0 650.0 0.0 450.0 700.0 0.0 450.0 750.0 0.0 450.0 800.0 0.0 450.0 850.0 0.0 450.0 900.0 0.0 450.0 950.0 0.0 500.0 49.99999999999994 0.0 500.0 100.0 0.0 500.0 149.99999999999994 0.0 500.0 199.99999999999994 0.0 500.0 250.0 0.0 500.0 300.0 0.0 500.0 350.0 0.0 500.0 400.0 0.0 500.0 450.0 0.0 500.0 500.0 0.0 500.0 550.0 0.0 500.0 600.0 0.0 500.0 650.0 0.0 500.0 700.0 0.0 500.0 750.0 0.0 500.0 800.0 0.0 500.0 850.0 0.0 500.0 900.0 0.0 500.0 950.0 0.0 550.0 49.99999999999994 0.0 550.0 100.00000000000006 0.0 550.0 150.0 0.0 550.0 200.0 0.0 550.0 250.0 0.0 550.0 300.0 0.0 550.0 350.0 0.0 550.0 400.0 0.0 550.0 450.0 0.0 550.0 500.0 0.0 550.0 550.0 0.0 550.0 600.0 0.0 550.0 650.0 0.0 550.0 700.0 0.0 550.0 750.0 0.0 550.0 800.0 0.0 550.0 850.0 0.0 550.0 900.0 0.0 550.0 950.0 0.0 600.0 50.0 0.0 600.0 100.00000000000006 0.0 600.0 149.99999999999994 0.0 600.0 200.0 0.0 600.0 250.0 0.0 600.0 300.0 0.0 600.0 350.0 0.0 600.0 400.0 0.0 600.0 450.0 0.0 600.0 500.0 0.0 600.0 550.0 0.0 600.0 600.0 0.0 600.0 650.0 0.0 600.0 700.0 0.0 600.0 750.0 0.0 600.0 800.0 0.0 600.0 850.0 0.0 600.0 900.0 0.0 600.0 950.0 0.0 650.0 50.0 0.0 650.0 100.0 0.0 650.0 149.99999999999994 0.0 650.0000000000001 199.99999999999994 0.0 650.0000000000001 249.99999999999994 0.0 650.0000000000001 300.0 0.0 650.0000000000001 350.0 0.0 650.0 400.0 0.0 650.0 450.0 0.0 650.0 500.0 0.0 650.0 550.0 0.0 650.0 600.0 0.0 650.0 650.0 0.0 650.0 700.0 0.0 650.0 750.0 0.0 650.0 800.0 0.0 650.0 850.0 0.0 650.0 900.0 0.0 650.0 950.0 0.0 700.0 50.00000000000006 0.0 700.0 99.99999999999994 0.0 700.0 150.0 0.0 700.0000000000001 200.0 0.0 700.0000000000001 249.99999999999994 0.0 700.0 299.99999999999994 0.0 700.0 350.0 0.0 700.0 400.0 0.0 700.0 450.0 0.0 700.0 500.0 0.0 700.0 550.0 0.0 700.0 600.0 0.0 700.0 650.0 0.0 700.0 700.0 0.0 700.0 750.0 0.0 700.0 800.0 0.0 700.0 850.0 0.0 700.0 900.0 0.0 700.0 950.0000000000002 0.0 750.0 49.99999999999994 0.0 750.0 99.99999999999994 0.0 750.0 150.0 0.0 750.0 200.00000000000006 0.0 750.0 249.99999999999997 0.0 750.0 300.0 0.0 750.0 350.0 0.0 750.0 400.0 0.0 750.0 450.0 0.0 750.0 500.0 0.0 750.0 550.0 0.0 750.0 600.0 0.0 750.0 650.0 0.0 750.0 700.0 0.0 750.0 750.0 0.0 750.0 800.0 0.0 750.0 850.0000000000001 0.0 750.0 900.0000000000001 0.0 750.0 950.0000000000001 0.0 800.0 50.0 0.0 800.0 100.0 0.0 800.0 150.0 0.0 800.0 200.0 0.0 800.0 250.0 0.0 800.0 300.0 0.0 800.0 350.0 0.0 800.0 400.0 0.0 800.0 450.0 0.0 800.0 500.0 0.0 800.0 550.0 0.0 800.0 600.0 0.0 800.0 650.0 0.0 800.0 700.0 0.0 800.0 750.0 0.0 800.0 800.0 0.0 800.0 850.0 0.0 800.0 900.0000000000001 0.0 800.0 950.0000000000001 0.0 850.0000000000001 49.99999999999994 0.0 850.0 100.0 0.0 850.0 150.0 0.0 850.0 200.0 0.0 850.0 250.0 0.0 850.0 300.0 0.0 850.0 350.0 0.0 850.0 400.0 0.0 850.0 450.0 0.0 850.0 500.0 0.0 850.0 550.0 0.0 850.0 600.0 0.0 850.0 650.0 0.0 850.0 700.0 0.0 850.0 750.0 0.0 850.0 800.0 0.0 850.0 850.0 0.0 850.0 900.0 0.0 850.0 950.0 0.0 900.0 49.99999999999994 0.0 900.0 99.99999999999994 0.0 900.0 149.99999999999994 0.0 900.0 200.0 0.0 900.0 250.0 0.0 900.0 300.0 0.0 900.0 350.0 0.0 900.0 400.0 0.0 900.0 450.0 0.0 900.0 500.0 0.0 900.0 550.0 0.0 900.0 600.0 0.0 900.0 650.0 0.0 900.0 700.0 0.0 900.0 750.0 0.0 900.0 800.0 0.0 900.0 850.0 0.0 900.0 900.0 0.0 900.0 950.0 0.0 950.0 49.99999999999994 0.0 950.0 100.0 0.0 950.0 150.0 0.0 950.0 200.0 0.0 950.0 250.0 0.0 950.0 300.0 0.0 950.0 350.0 0.0 950.0 400.0 0.0 950.0 450.0 0.0 950.0 500.0 0.0 950.0 550.0 0.0 950.0 600.0 0.0 950.0 650.0 0.0 950.0 700.0 0.0 950.0 750.0 0.0 950.0 800.0 0.0 950.0 850.0 0.0 950.0 900.0 0.0 950.0 950.0 0.0</DataArray>
      </Points>
      <Cells>
        <DataArray type="Int64" Name="connectivity" NumberOfComponents="1" format="ascii">0 12 164 87 87 164 165 86 86 165 166 85 85 166 167 84 84 167 168 83 83 168 169 82 82 169 170 81 81 170 171 80 80 171 172 79 79 172 173 78 78 173 174 77 77 174 175 76 76 175 176 75 75 176 177 74 74 177 178 73 73 178 179 72 72 179 180 71 71 180 181 70 70 181 182 69 69 182 68 3 12 13 183 164 164 183 184 165 165 184 185 166 166 185 186 167 167 186 187 168 168 187 188 169 169 188 189 170 170 189 190 171 171 190 191 172 172 191 192 173 173 192 193 174 174 193 194 175 175 194 195 176 176 195 196 177 177 196 197 178 178 197 198 179 179 198 199 180 180 199 200 181 181 200 201 182 182 201 67 68 13 14 202 183 183 202 203 184 184 203 204 185 185 204 205 186 186 205 206 187 187 206 207 188 188 207 208 189 189 208 209 190 190 209 210 191 191 210 211 192 192 211 212 193 193 212 213 194 194 213 214 195 195 214 215 196 196 215 216 197 197 216 217 198 198 217 218 199 199 218 219 200 200 219 220 201 201 220 66 67 14 15 221 202 202 221 222 203 203 222 223 204 204 223 224 205 205 224 225 206 206 225 226 207 207 226 227 208 208 227 228 209 209 228 229 210 210 229 230 211 211 230 231 212 212 231 232 213 213 232 233 214 214 233 234 215 215 234 235 216 216 235 236 217 217 236 237 218 218 237 238 219 219 238 239 220 220 239 65 66 15 16 240 221 221 240 241 222 222 241 242 223 223 242 243 224 224 243 244 225 225 244 245 226 226 245 246 227 227 246 247 228 228 247 248 229 229 248 249 230 230 249 250 231 231 250 251 232 232 251 252 233 233 252 253 234 234 253 254 235 235 254 255 236 236 255 256 237 237 256 257 238 238 257 258 239 239 258 64 65 16 17 259 240 240 259 260 241 241 260 261 242 242 261 262 243 243 262 263 244 244 263 264 245 245 264 265 246 246 265 266 247 247 266 267 248 248 267 268 249 249 268 269 250 250 269 270 251 251 270 271 252 252 271 272 253 253 272 273 254 254 273 274 255 255 274 275 256 256 275 276 257 257 276 277 258 258 277 63 64 17 18 278 259 259 278 279 260 260 279 280 261 261 280 281 262 262 281 282 263 263 282 283 264 264 283 284 265 265 284 285 266 266 285 286 267 267 286 287 268 268 287 288 269 269 288 289 270 270 289 290 271 271 290 291 272 272 291 292 273 273 292 293 274 274 293 294 275 275 294 295 276 276 295 296 277 277 296 62 63 18 19 297 278 278 297 298 279 279 298 299 280 280 299 300 281 281 300 301 282 282 301 302 283 283 302 303 284 284 303 304 285 285 304 305 286 286 305 306 287 287 306 307 288 288 307 308 289 289 308 309 290 290 309 310 291 291 310 311 292 292 311 312 293 293 312 313 294 294 313 314 295 295 314 315 296 296 315 61 62 19 20 316 297 297 316 317 298 298 317 318 299 299 318 319 300 300 319 320 301 301 320 321 302 302 321 322 303 303 322 323 304 304 323 324 305 305 324 325 306 306 325 326 307 307 326 327 308 308 327 328 309 309 328 329 310 310 329 330 311 311 330 331 312 312 331 332 313 313 332 333 314 314 333 334 315 315 334 60 61 20 21 335 316 316 335 336 317 317 336 337 318 318 337 338 319 319 338 339 320 320 339 340 321 321 340 341 322 322 341 342 323 323 342 343 324 324 343 344 325 325 344 345 326 326 345 346 327 327 346 347 328 328 347 348 329 329 348 349 330 330 349 350 331 331 350 351 332 332 351 352 333 333 352 353 334 334 353 59 60 21 22 354 335 335 354 355 336 336 355 356 337 337 356 357 338 338 357 358 339 339 358 359 340 340 359 360 341 341 360 361 342 342 361 362 343 343 362 363 344 344 363 364 345 345 364 365 346 346 365 366 347 347 366 367 348 348 367 368 349 349 368 369 350 350 369 370 351 351 370 371 352 352 371 372 353 353 372 58 59 22 23 373 354 354 373 374 355 355 374 375 356 356 375 376 357 357 376 377 358 358 377 378 359 359 378 379 360 360 379 380 361 361 380 381 362 362 381 382 363 363 382 383 364 364 383 384 365 365 384 385 366 366 385 386 367 367 386 387 368 368 387 388 369 369 388 389 370 370 389 390 371 371 390 391 372 372 391 57 58 23 24 392 373 373 392 393 374 374 393 394 375 375 394 395 376 376 395 396 377 377 396 397 378 378 397 398 379 379 398 399 380 380 399 400 381 381 400 401 382 382 401 402 383 383 402 403 384 384 403 404 385 385 404 405 386 386 405 406 387 387 406 407 388 388 407 408 389 389 408 409 390 390 409 410 391 391 410 56 57 24 25 411 392 392 411 412 393 393 412 413 394 394 413 414 395 395 414 415 396 396 415 416 397 397 416 417 398 398 417 418 399 399 418 419 400 400 419 420 401 401 420 421 402 402 421 422 403 403 422 423 404 404 423 424 405 405 424 425 406 406 425 426 407 407 426 427 408 408 427 428 409 409 428 429 410 410 429 55 56 25 26 430 411 411 430 431 412 412 431 432 413 413 432 433 414 414 433 434 415 415 434 435 416 416 435 436 417 417 436 437 418 418 437 438 419 419 438 439 420 420 439 440 421 421 440 441 422 422 441 442 423 423 442 443 424 424 443 444 425 425 444 445 426 426 445 446 427 427 446 447 428 428 447 448 429 429 448 54 55 26 27 449 430 430 449 450 431 431 450 451 432 432 451 452 433 433 452 453 434 434 453 454 435 435 454 455 436 436 455 456 437 437 456 457 438 438 457 458 439 439 458 459 440 440 459 460 441 441 460 461 442 442 461 462 443 443 462 463 444 444 463 464 445 445 464 465 446 446 465 466 447 447 466 467 448 448 467 53 54 27 28 468 449 449 468 469 450 450 469 470 451 451 470 471 452 452 471 472 453 453 472 473 454 454 473 474 455 455 474 475 456 456 475 476 457 457 476 477 458 458 477 478 459 459 478 479 460 460 479 480 461 461 480 481 462 462 481 482 463 463 482 483 464 464 483 484 465 465 484 485 466 466 485 486 467 467 486 52 53 28 29 487 468 468 487 488 469 469 488 489 470 470 489 490 471 471 490 491 472 472 491 492 473 473 492 493 474 474 493 494 475 475 494 495 476 476 495 496 477 477 496 497 478 478 497 498 479 479 498 499 480 480 499 500 481 481 500 501 482 482 501 502 483 483 502 503 484 484 503 504 485 485 504 505 486 486 505 51 52 29 30 506 487 487 506 507 488 488 507 508 489 489 508 509 490 490 509 510 491 491 510 511 492 492 511 512 493 493 512 513 494 494 513 514 495 495 514 515 496 496 515 516 497 497 516 517 498 498 517 518 499 499 518 519 500 500 519 520 501 501 520 521 502 502 521 522 503 503 522 523 504 504 523 524 505 505 524 50 51 30 1 31 506 506 31 32 507 507 32 33 508 508 33 34 509 509 34 35 510 510 35 36 511 511 36 37 512 512 37 38 513 513 38 39 514 514 39 40 515 515 40 41 516 516 41 42 517 517 42 43 518 518 43 44 519 519 44 45 520 520 45 46 521 521 46 47 522 522 47 48 523 523 48 49 524 524 49 2 50 0 4 88 12 12 88 89 13 13 89 90 14 14 90 91 15 15 91 92 16 16 92 93 17 17 93 94 18 18 94 95 19 19 95 96 20 20 96 97 21 21 97 98 22 22 98 99 23 23 99 100 24 24 100 101 25 25 101 102 26 26 102 103 27 27 103 104 28 28 104 105 29 29 105 106 30 30 106 5 1 1 6 107 31 31 107 108 32 32 108 109 33 33 109 110 34 34 110 111 35 35 111 112 36 36 112 113 37 37 113 114 38 38 114 115 39 39 115 116 40 40 116 117 41 41 117 118 42 42 118 119 43 43 119 120 44 44 120 121 45 45 121 122 46 46 122 123 47 47 123 124 48 48 124 125 49 49 125 7 2 2 8 126 50 50 126 127 51 51 127 128 52 52 128 129 53 53 129 130 54 54 130 131 55 55 131 132 56 56 132 133 57 57 133 134 58 58 134 135 59 59 135 136 60 60 136 137 61 61 137 138 62 62 138 139 63 63 139 140 64 64 140 141 65 65 141 142 66 66 142 143 67 67 143 144 68 68 144 9 3 3 10 145 69 69 145 146 70 70 146 147 71 71 147 148 72 72 148 149 73 73 149 150 74 74 150 151 75 75 151 152 76 76 152 153 77 77 153 154 78 78 154 155 79 79 155 156 80 80 156 157 81 81 157 158 82 82 158 159 83 83 159 160 84 84 160 161 85 85 161 162 86 86 162 163 87 87 163 11 0</DataArray>
        <DataArray type="Int64" Name="offsets" NumberOfComponents="1" format="ascii">0 4 8 12 16 20 24 28 32 36 40 44 48 52 56 60 64 68 72 76 80 84 88 92 96 100 104 108 112 116 120 124 128 132 136 140 144 148 152 156 160 164 168 172 176 180 184 188 192 196 200 204 208 212 216 220 224 228 232 236 240 244 248 252 256 260 264 268 272 276 280 284 288 292 296 300 304 308 312 316 320 324 328 332 336 340 344 348 352 356 360 364 368 372 376 380 384 388 392 396 400 404 408 412 416 420 424 428 432 436 440 444 448 452 456 460 464 468 472 476 480 484 488 492 496 500 504 508 512 516 520 524 528 532 536 540 544 548 552 556 560 564 568 572 576 580 584 588 592 596 600 604 608 612 616 620 624 628 632 636 640 644 648 652 656 660 664 668 672 676 680 684 688 692 696 700 704 708 712 716 720 724 728 732 736 740 744 748 752 756 760 764 768 772 776 780 784 788 792 796 800 804 808 812 816 820 824 828 832 836 840 844 848 852 856 860 864 868 872 876 880 884 888 892 896 900 904 908 912 916 920 924 928 932 936 940 944 948 952 956 960 964 968 972 976 980 984 988 992 996 1000 1004 1008 1012 1016 1020 1024 1028 1032 1036 1040 1044 1048 1052 1056 1060 1064 1068 1072 1076 1080 1084 1088 1092 1096 1100 1104 1108 1112 1116 1120 1124 1128 1132 1136 1140 1144 1148 1152 1156 1160 1164 1168 1172 1176 1180 1184 1188 1192 1196 1200 1204 1208 1212 1216 1220 1224 1228 1232 1236 1240 1244 1248 1252 1256 1260 1264 1268 1272 1276 1280 1284 1288 1292 1296 1300 1304 1308 1312 1316 1320 1324 1328 1332 1336 1340 1344 1348 1352 1356 1360 1364 1368 1372 1376 1380 1384 1388 1392 1396 1400 1404 1408 1412 1416 1420 1424 1428 1432 1436 1440 1444 1448 1452 1456 1460 1464 1468 1472 1476 1480 1484 1488 1492 1496 1500 1504 1508 1512 1516 1520 1524 1528 1532 1536 1540 1544 1548 1552 1556 1560 1564 1568 1572 1576 1580 1584 1588 1592 1596 1600 1604 1608 1612 1616 1620 1624 1628 1632 1636 1640 1644 1648 1652 1656 1660 1664 1668 1672 1676 1680 1684 1688 1692 1696 1700 1704 1708 1712 1716 1720 1724 1728 1732 1736 1740 1744 1748 1752 1756 1760 1764 1768 1772 1776 1780 1784 1788 1792 1796 1800 1804 1808 1812 1816 1820 1824 1828 1832 1836 1840 1844 1848 1852 1856 1860 1864 1868 1872 1876 1880 1884 1888 1892 1896 1900 1904 1908 1912 1916 1920</DataArray>
        <DataArray type="UInt8" Name="types" NumberOfComponents="1" format="ascii">9 9 9 9 9 9 9 9 9 9 9 9 9 9 9 9 9 9 9 9 9 9 9 9 9 9 9 9 9 9 9 9 9 9 9 9 9 9 9 9 9 9 9 9 9 9 9 9 9 9 9 9 9 9 9 9 9 9 9 9 9 9 9 9 9 9 9 9 9 9 9 9 9 9 9 9 9 9 9 9 9 9 9 9 9 9 9 9 9 9 9 9 9 9 9 9 9 9 9 9 9 9 9 9 9 9 9 9 9 9 9 9 9 9 9 9 9 9 9 9 9 9 9 9 9 9 9 9 9 9 9 9 9 9 9 9 9 9 9 9 9 9 9 9 9 9 9 9 9 9 9 9 9 9 9 9 9 9 9 9 9 9 9 9 9 9 9 9 9 9 9 9 9 9 9 9 9 9 9 9 9 9 9 9 9 9 9 9 9 9 9 9 9 9 9 9 9 9 9 9 9 9 9 9 9 9 9 9 9 9 9 9 9 9 9 9 9 9 9 9 9 9 9 9 9 9 9 9 9 9 9 9 9 9 9 9 9 9 9 9 9 9 9 9 9 9 9 9 9 9 9 9 9 9 9 9 9 9 9 9 9 9 9 9 9 9 9 9 9 9 9 9 9 9 9 9 9 9 9 9 9 9 9 9 9 9 9 9 9 9 9 9 9 9 9 9 9 9 9 9 9 9 9 9 9 9 9 9 9 9 9 9 9 9 9 9 9 9 9 9 9 9 9 9 9 9 9 9 9 9 9 9 9 9 9 9 9 9 9 9 9 9 9 9 9 9 9 9 9 9 9 9 9 9 9 9 9 9 9 9 9 9 9 9 9 9 9 9 9 9 9 9 9 9 9 9 9 9 9 9 9 9 9 9 9 9 9 9 9 9 9 9 9 9 9 9 9 9 9 9 9 9 9 9 9 9 9 9 9 9 9 9 9 9 9 9 9 9 9 9 9 9 9 9 9 9 9 9 9 9 9 9 9 9 9 9 9 9 9 9 9 9 9 9 9 9 9 9 9 9 9 9 9 9 9 9 9 9 9 9 9 9 9 9 9 9 9 9 9 9 9 9 9 9 9 9 9 9 9 9</DataArray>
      </Cells>
      <PointData>
        <DataArray type="Float64" Name="Displacement" NumberOfComponents="6" format="ascii">0.0 0.0 0.0 0.0 0.0 0.0 0.0 0.0 0.0 0.0 0.0 0.0 0.0 0.0 0.0 0.0 0.0 0.0 0.0 0.0 0.0 0.0 0.0 0.0 0.0 0.0 0.0 0.0 0.0 0.0 0.0 0.0 0.0 0.0 0.0 0.0 0.0 0.0 0.0 0.0 0.0 0.0 0.0 0.0 0.0 0.0 0.0 0.0 0.0 0.0 0.0 0.0 0.0 0.0 0.0 0.0 0.0 0.0 0.0 0.0 0.0 0.0 0.0 0.0 0.0 0.0 0.0 0.0 0.0 0.0 0.0 0.0 1.0612328410210065e-06 5.039071163759638e-06 -8.193163184932111e-08 1.8278813614621547e-06 -2.9222018858433648e-08 1.897196968501859e-07 1.995304479885704e-06 2.318425174386636e-05 -8.362581199690377e-08 9.668577633074781e-06 -1.0366837955497825e-07 5.190051861362566e-07 2.77208254474462e-06 5.8062485072047234e-05 -2.0229864920361458e-09 2.486216318506592e-05 -1.3002710460748664e-07 8.20835083894499e-07 3.133985625282781e-06 0.00010296379980045362 7.647693968046716e-08 4.4118726691177875e-05 -1.5380992103987516e-07 9.177041243695436e-07 3.1247325403651205e-06 0.00015153360823120992 1.6144113564634631e-07 6.480577677279237e-05 -1.4578975529476074e-07 9.537445050000505e-07 2.8226773687841032e-06 0.0001983286101377739 2.339750508996263e-07 8.462626928732428e-05 -1.365030137070957e-07 8.55982214826345e-07 2.299011902919466e-06 0.00023905946059934216 2.972928522203042e-07 0.00010182579771703236 -1.0757285282481084e-07 7.14370301637754e-07 1.6171247059641032e-06 0.00027044619420069646 3.421304086418481e-07 0.0001150488341073737 -7.812827828189409e-08 4.993781456026368e-07 8.33469321956418e-07 0.0002901920250817983 3.719390919507424e-07 0.00012335894951989008 -3.914621409918536e-08 2.614299694652584e-07 4.0939765533560056e-17 0.000296924776697586 3.8032859124060245e-07 0.00012618962152163287 1.0183255323497558e-18 -6.689320163672992e-17 -8.334693218750072e-07 0.0002901920250816589 3.7193909194366497e-07 0.00012335894951972612 3.9146214096106873e-08 -2.614299693223908e-07 -1.6171247058992795e-06 0.00027044619420217645 3.421304086877862e-07 0.0001150488341083442 7.812827829109112e-08 -4.993781457201864e-07 -2.2990119028029717e-06 0.00023905946059903744 2.972928522137807e-07 0.00010182579771681887 1.075728528167487e-07 -7.143703015682946e-07 -2.8226773687105024e-06 0.00019832861013716586 2.3397505088349237e-07 8.462626928685723e-05 1.3650301370999494e-07 -8.55982214902628e-07 -3.1247325402840883e-06 0.00015153360823030325 1.6144113564255568e-07 6.480577677240826e-05 1.4578975529434225e-07 -9.537445049427122e-07 -3.133985625216521e-06 0.00010296379980041979 7.647693968097311e-08 4.4118726691132684e-05 1.5380992104298658e-07 -9.177041244044347e-07 -2.7720825446911224e-06 5.806248507155228e-05 -2.0229864959666024e-09 2.4862163184827993e-05 1.300271046041528e-07 -8.208350838759223e-07 -1.995304479834645e-06 2.3184251743935787e-05 -8.362581198893671e-08 9.66857763316721e-06 1.0366837955525629e-07 -5.190051861356263e-07 -1.0612328409876917e-06 5.0390711636710986e-06 -8.193163185157259e-08 1.827881361420277e-06 2.9222018857862298e-08 -1.897196968518489e-07 -5.039071163432866e-06 1.0612328410003324e-06 -8.193163185768903e-08 2.9222018857085237e-08 1.8278813613011617e-06 1.8971969685246565e-07 -2.3184251743847357e-05 1.9953044798488405e-06 -8.362581198856057e-08 1.0366837955723402e-07 9.668577633097639e-06 5.190051861307898e-07 -5.806248507184572e-05 2.772082544685058e-06 -2.02298649733351e-09 1.3002710460288738e-07 2.4862163184958588e-05 8.20835083902279e-07 -0.00010296379980072177 3.1339856251955535e-06 7.647693969035785e-08 1.5380992104169798e-07 4.4118726691290625e-05 9.177041243700226e-07 -0.0001515336082305886 3.124732540286688e-06 1.6144113564602378e-07 1.4578975529100687e-07 6.480577677251834e-05 9.537445049664635e-07 -0.00019832861013732681 2.822677368720197e-06 2.3397505087373394e-07 1.3650301371194764e-07 8.462626928679538e-05 8.559822148772304e-07 -0.00023905946060076368 2.299011902872538e-06 2.9729285220809806e-07 1.0757285282563145e-07 0.00010182579771741649 7.143703016457771e-07 -0.00027044619420493716 1.6171247059489188e-06 3.421304086665673e-07 7.812827829634003e-08 0.00011504883410924634 4.993781457060966e-07 -0.00029019202508757887 8.334693219349348e-07 3.7193909195513216e-07 3.9146214104543745e-08 0.0001233589495222897 2.614299694469204e-07 -0.00029692477670558494 -3.056264954955957e-17 3.803285912544212e-07 6.1592075282839434e-18 0.00012618962152498463 3.843481726519259e-17 -0.0002901920250907842 -8.334693219995429e-07 3.719390919699588e-07 -3.9146214097330016e-08 0.00012335894952371628 -2.614299694025637e-07 -0.00027044619421046876 -1.617124706041609e-06 3.4213040867781493e-07 -7.812827828816498e-08 0.00011504883411161905 -4.993781456572683e-07 -0.00023905946060799317 -2.299011903011053e-06 2.9729285223560116e-07 -1.0757285282579373e-07 0.00010182579772059422 -7.143703016353093e-07 -0.0001983286101444777 -2.8226773689109193e-06 2.3397505088785493e-07 -1.3650301370909766e-07 8.462626928985119e-05 -8.55982214885187e-07 -0.00015153360823693315 -3.124732540511282e-06 1.6144113566691654e-07 -1.4578975530167292e-07 6.480577677528575e-05 -9.53744504993671e-07 -0.00010296379980498756 -3.1339856254259693e-06 7.647693968642738e-08 -1.538099210419861e-07 4.411872669303129e-05 -9.177041244173487e-07 -5.806248507476481e-05 -2.7720825448958677e-06 -2.022986488663242e-09 -1.3002710461184658e-07 2.486216318620053e-05 -8.208350839180555e-07 -2.3184251745305693e-05 -1.995304480022111e-06 -8.362581199489056e-08 -1.0366837955806623e-07 9.668577633654817e-06 -5.19005186160189e-07 -5.039071164202152e-06 -1.0612328411426528e-06 -8.193163185564905e-08 -2.9222018860506804e-08 1.8278813616074763e-06 -1.8971969686591436e-07 -1.0612328411496685e-06 -5.039071164364827e-06 -8.193163185619289e-08 -1.8278813616493123e-06 2.9222018861408788e-08 1.897196968781542e-07 -1.9953044800266717e-06 -2.3184251745894195e-05 -8.362581199264293e-08 -9.668577633886626e-06 1.0366837955723372e-07 5.190051861579374e-07 -2.7720825449011354e-06 -5.8062485075668334e-05 -2.0229864936586746e-09 -2.4862163186477962e-05 1.3002710461475167e-07 8.208350839403139e-07 -3.133985625420875e-06 -0.00010296379980682981 7.647693969162083e-08 -4.4118726693762755e-05 1.5380992104171262e-07 9.177041244242309e-07 -3.1247325405015454e-06 -0.00015153360823935263 1.614411356591152e-07 -6.480577677614255e-05 1.4578975530856714e-07 9.537445050166097e-07 -2.8226773688990875e-06 -0.00019832861014858224 2.339750508978336e-07 -8.462626929151658e-05 1.3650301370671681e-07 8.559822149177405e-07 -2.299011902985992e-06 -0.00023905946061310806 2.9729285223211933e-07 -0.00010182579772258033 1.0757285283912718e-07 7.143703016500444e-07 -1.617124706000328e-06 -0.00027044619421723987 3.4213040868664223e-07 -0.0001150488341143664 7.812827828246313e-08 4.993781457004563e-07 -8.33469321944792e-07 -0.00029019202509893155 3.7193909197468856e-07 -0.0001233589495269989 3.914621411260018e-08 2.614299694172406e-07 4.691094535712837e-17 -0.0002969247767154689 3.803285912669696e-07 -0.00012618962152903426 -1.3434140602449413e-17 1.1953894542294221e-17 8.334693220279308e-07 -0.00029019202509907184 3.7193909197370235e-07 -0.000123358949527044 -3.914621408659587e-08 -2.6142996943639076e-07 1.6171247060781885e-06 -0.0002704461942175452 3.4213040868407816e-07 -0.0001150488341144534 -7.812827830535536e-08 -4.993781456712739e-07 2.2990119030617436e-06 -0.00023905946061411913 2.9729285223748406e-07 -0.00010182579772305436 -1.0757285281415171e-07 -7.143703016570191e-07 2.8226773689756576e-06 -0.0001983286101497318 2.3397505089605543e-07 -8.462626929197691e-05 -1.365030137240948e-07 -8.559822148978726e-07 3.1247325405916536e-06 -0.00015153360824110746 1.6144113566669292e-07 -6.480577677696038e-05 -1.4578975529223666e-07 -9.537445050214605e-07 3.133985625515158e-06 -0.0001029637998082214 7.647693969132546e-08 -4.4118726694327794e-05 -1.5380992105427944e-07 -9.177041244253095e-07 2.7720825450001315e-06 -5.806248507702268e-05 -2.0229864885191355e-09 -2.4862163187114334e-05 -1.300271046085571e-07 -8.208350839489868e-07 1.995304480120549e-06 -2.318425174643417e-05 -8.362581199521093e-08 -9.668577634074475e-06 -1.0366837956511578e-07 -5.190051861719144e-07 1.0612328412202717e-06 -5.039071164668113e-06 -8.193163185749033e-08 -1.8278813617765405e-06 -2.9222018859533725e-08 -1.8971969688158815e-07 5.039071164627789e-06 -1.0612328412287617e-06 -8.193163186102673e-08 -2.9222018860438264e-08 -1.8278813617352156e-06 1.8971969688797253e-07 2.3184251746760198e-05 -1.9953044801222264e-06 -8.362581198920519e-08 -1.0366837956345636e-07 -9.668577634248203e-06 5.190051861714456e-07 5.806248507708658e-05 -2.7720825450113017e-06 -2.0229864955128855e-09 -1.3002710461148657e-07 -2.4862163187084055e-05 8.208350839473345e-07 0.00010296379980967331 -3.133985625552965e-06 7.647693970878427e-08 -1.5380992105163836e-07 -4.4118726695033725e-05 9.177041244637958e-07 0.0001515336082423281 -3.1247325406012776e-06 1.6144113566602223e-07 -1.4578975530202434e-07 -6.48057767774595e-05 9.537445049869985e-07 0.00019832861014964316 -2.8226773689474514e-06 2.3397505088222105e-07 -1.365030137158535e-07 -8.462626929182065e-05 8.559822148997178e-07 0.00023905946061465855 -2.2990119030691463e-06 2.9729285223277287e-07 -1.075728528221781e-07 -0.00010182579772327585 7.143703016712807e-07 0.0002704461942192193 -1.617124706079045e-06 3.4213040872220703e-07 -7.812827828972263e-08 -0.0001150488341155216 4.993781456766406e-07 0.0002901920250994573 -8.334693220181911e-07 3.719390919931395e-07 -3.914621409348263e-08 -0.00012335894952736478 2.614299693867493e-07 0.0002969247767123076 -1.1944422171936004e-17 3.803285912480527e-07 -7.492393820352764e-19 -0.00012618962152757221 -9.22987764677944e-17 0.0002901920250950589 8.334693219080754e-07 3.7193909196353377e-07 3.914621410520437e-08 -0.00012335894952536316 -2.6142996936771217e-07 0.0002704461942111938 1.617124705994956e-06 3.421304086658983e-07 7.812827830066526e-08 -0.00011504883411176429 -4.993781458068644e-07 0.00023905946060919555 2.2990119028468717e-06 2.972928522165233e-07 1.0757285283191373e-07 -0.00010182579772063829 -7.143703015263014e-07 0.0001983286101432998 2.822677368787155e-06 2.3397505091345367e-07 1.3650301370846083e-07 -8.46262692895708e-05 -8.559822150342683e-07 0.00015153360823469641 3.1247325403914967e-06 1.6144113565476942e-07 1.4578975530205562e-07 -6.480577677416299e-05 -9.53744504904467e-07 0.00010296379980319718 3.1339856252943137e-06 7.647693968326726e-08 1.538099210395493e-07 -4.411872669214463e-05 -9.177041244770455e-07 5.8062485073268364e-05 2.7720825447666007e-06 -2.0229865003419953e-09 1.300271046091233e-07 -2.486216318543247e-05 -8.208350838606136e-07 2.3184251744511786e-05 1.9953044799116e-06 -8.362581198819058e-08 1.0366837955546706e-07 -9.668577633335426e-06 -5.190051861821811e-07 5.039071163654287e-06 1.0612328410488775e-06 -8.193163185921656e-08 2.9222018858041468e-08 -1.8278813613591464e-06 -1.8971969684039895e-07 0.0 0.0 0.0 0.0 0.0 0.0 0.0 0.0 0.0 0.0 0.0 0.0 0.0 0.0 0.0 0.0 0.0 0.0 0.0 0.0 0.0 0.0 0.0 0.0 0.0 0.0 0.0 0.0 0.0 0.0 0.0 0.0 0.0 0.0 0.0 0.0 0.0 0.0 0.0 0.0 0.0 0.0 0.0 0.0 0.0 0.0 0.0 0.0 0.0 0.0 0.0 0.0 0.0 0.0 0.0 0.0 0.0 0.0 0.0 0.0 0.0 0.0 0.0 0.0 0.0 0.0 0.0 0.0 0.0 0.0 0.0 0.0 0.0 0.0 0.0 0.0 0.0 0.0 0.0 0.0 0.0 0.0 0.0 0.0 0.0 0.0 0.0 0.0 0.0 0.0 0.0 0.0 0.0 0.0 0.0 0.0 0.0 0.0 0.0 0.0 0.0 0.0 0.0 0.0 0.0 0.0 0.0 0.0 0.0 0.0 0.0 0.0 0.0 0.0 0.0 0.0 0.0 0.0 0.0 0.0 0.0 0.0 0.0 0.0 0.0 0.0 0.0 0.0 0.0 0.0 0.0 0.0 0.0 0.0 0.0 0.0 0.0 0.0 0.0 0.0 0.0 0.0 0.0 0.0 0.0 0.0 0.0 0.0 0.0 0.0 0.0 0.0 0.0 0.0 0.0 0.0 0.0 0.0 0.0 0.0 0.0 0.0 0.0 0.0 0.0 0.0 0.0 0.0 0.0 0.0 0.0 0.0 0.0 0.0 0.0 0.0 0.0 0.0 0.0 0.0 0.0 0.0 0.0 0.0 0.0 0.0 0.0 0.0 0.0 0.0 0.0 0.0 0.0 0.0 0.0 0.0 0.0 0.0 0.0 0.0 0.0 0.0 0.0 0.0 0.0 0.0 0.0 0.0 0.0 0.0 0.0 0.0 0.0 0.0 0.0 0.0 0.0 0.0 0.0 0.0 0.0 0.0 0.0 0.0 0.0 0.0 0.0 0.0 0.0 0.0 0.0 0.0 0.0 0.0 0.0 0.0 0.0 0.0 0.0 0.0 0.0 0.0 0.0 0.0 0.0 0.0 0.0 0.0 0.0 0.0 0.0 0.0 0.0 0.0 0.0 0.0 0.0 0.0 0.0 0.0 0.0 0.0 0.0 0.0 0.0 0.0 0.0 0.0 0.0 0.0 0.0 0.0 0.0 0.0 0.0 0.0 0.0 0.0 0.0 0.0 0.0 0.0 0.0 0.0 0.0 0.0 0.0 0.0 0.0 0.0 0.0 0.0 0.0 0.0 0.0 0.0 0.0 0.0 0.0 0.0 0.0 0.0 0.0 0.0 0.0 0.0 0.0 0.0 0.0 0.0 0.0 0.0 0.0 0.0 0.0 0.0 0.0 0.0 0.0 0.0 0.0 0.0 0.0 0.0 0.0 0.0 0.0 0.0 0.0 0.0 0.0 0.0 0.0 0.0 0.0 0.0 0.0 0.0 0.0 0.0 0.0 0.0 0.0 0.0 0.0 0.0 0.0 0.0 0.0 0.0 0.0 0.0 0.0 0.0 0.0 0.0 0.0 0.0 0.0 0.0 0.0 0.0 0.0 0.0 0.0 0.0 0.0 0.0 0.0 0.0 0.0 0.0 0.0 0.0 0.0 0.0 0.0 0.0 0.0 0.0 0.0 0.0 0.0 0.0 0.0 0.0 0.0 0.0 0.0 0.0 0.0 0.0 0.0 0.0 0.0 0.0 0.0 0.0 0.0 0.0 0.0 0.0 0.0 0.0 0.0 0.0 0.0 0.0 0.0 0.0 0.0 0.0 0.0 0.0 0.0 0.0 0.0 0.0 0.0 0.0 0.0 0.0 0.0 0.0 0.0 0.0 0.0 0.0 0.0 0.0 0.0 0.0 0.0 0.0 0.0 0.0 0.0 0.0 0.0 0.0 0.0 0.0 0.0 0.0 0.0 0.0 0.0 0.0 0.0 0.0 0.0 0.0 0.0 0.0 0.0 0.0 4.278771509280047e-06 4.2787715090388436e-06 0.0009638512449301982 3.682631830589003e-05 -3.6826318306002056e-05 1.4409448966603045e-23 1.931582320741403e-05 1.571175349072512e-06 0.004010136730193751 8.511032859387382e-05 -0.00015083779554064697 -1.4334410822630094e-23 4.749764977911859e-05 -1.835221248776399e-06 0.009013658651641547 0.00011515621426349362 -0.00033567316312241 1.4801530062907626e-23 8.482337907812811e-05 -4.516791303288832e-06 0.01510026389194667 0.0001284602397073274 -0.0005597601878772502 1.4177941866202796e-23 0.00012594508561075782 -6.082794005440803e-06 0.021494528838962714 0.00012747267484880702 -0.0007947172717097146 -2.316389361231803e-23 0.00016608190752431064 -6.492233792581177e-06 0.027555711952152985 0.00011513029749464833 -0.001017230772701554 -2.9499928705791e-23 0.00020130855434130943 -5.864085061155328e-06 0.03277864427183427 9.392215478462429e-05 -0.0012088529017325698 1.0695742134370526e-23 0.00022860330979479663 -4.398916753805873e-06 0.03677917512807317 6.620332924363675e-05 -0.0013555799089776115 2.6625825077186224e-24 0.0002458292300778642 -2.3494862828093553e-06 0.0392869524684901 3.4173191901334605e-05 -0.0014475365090078063 6.71320618671792e-24 0.000251712275713041 -1.8021349688999195e-15 0.04014072120188069 2.1744861552870218e-15 -0.0014788418077751168 -9.317881639326836e-24 0.0002458292300811319 2.3494862794541524e-06 0.0392869524687851 -3.41731918938585e-05 -0.0014475365090175598 2.258519927820816e-24 0.00022860330980020726 4.398916750863865e-06 0.03677917512879052 -6.620332923422008e-05 -0.0013555799090024542 1.697401503488141e-23 0.00020130855434646384 5.864085058887795e-06 0.03277864427288808 -9.392215478058638e-05 -0.001208852901772058 3.287420485518861e-23 0.0001660819075297539 6.492233790476234e-06 0.027555711953290967 -0.00011513029749531062 -0.0010172307727448907 -6.033382020210388e-25 0.0001259450856168809 6.082794003738089e-06 0.021494528839994552 -0.00012747267485239806 -0.0007947172717476671 1.8375483558498757e-23 8.482337908326366e-05 4.516791301921594e-06 0.015100263892741043 -0.00012846023971323 -0.000559760187906098 -4.504595589054921e-24 4.749764978246513e-05 1.8352212475389723e-06 0.009013658652166454 -0.00011515621426837912 -0.00033567316314174424 -2.4362535646886133e-24 1.931582320939333e-05 -1.571175350262838e-06 0.004010136730471867 -8.51103285988668e-05 -0.0001508377955508586 1.6511995733036422e-23 4.278771510179458e-06 -4.2787715101077254e-06 0.0009638512450107049 -3.682631830880214e-05 -3.6826318308847734e-05 -1.7264058039337698e-23 1.571175349608356e-06 1.9315823206523006e-05 0.0040101367301921586 0.0001508377955408505 -8.511032859368768e-05 1.5725174947771505e-24 1.3630261441133962e-05 1.363026143980536e-05 0.015131933189840517 0.00029407822899520444 -0.0002940782289953536 -9.675141040223e-24 3.664750258862234e-05 7.140889553806119e-06 0.0321889852903984 0.00038824248924788083 -0.0005913043636882277 -4.4926452481669354e-24 6.741965954046625e-05 1.354940725504447e-06 0.05263757852834402 0.0004297525866511974 -0.0009415947523671437 1.2793097124799318e-23 0.00010178714907312562 -2.8178259091279268e-06 0.07402492615259615 0.00042580128960352623 -0.001306258462438008 3.650807992655043e-24 0.00013568672019499757 -5.1055818320203475e-06 0.0942801170851548 0.00038446878560523045 -0.001651409141074981 -3.007119020016757e-23 0.00016566463375278535 -5.602333318162687e-06 0.11173454370893389 0.0003137652855059821 -0.0019489662659371188 1.3030691926346248e-24 0.00018901034576765833 -4.61540221022449e-06 0.125108313613415 0.0002212310146845318 -0.002177107595986616 -2.163437747705773e-23 0.00020378954797213347 -2.5787272809417455e-06 0.13349407664654198 0.00011422866903640919 -0.0023202326744908067 2.0026731543798898e-23 0.00020884438428423567 -2.8955435200334503e-15 0.1363495418511042 1.0695068246804687e-14 -0.0023689822563660386 1.3459348702591788e-23 0.00020378954797433934 2.578727275444278e-06 0.13349407664768434 -0.000114228669012095 -0.002320232674515005 -6.954644229495921e-24 0.00018901034577144246 4.6154022053559564e-06 0.12510831361572855 -0.0002212310146620321 -0.0021771075960256886 -2.5812963863017823e-23 0.0001656646337570282 5.602333313824027e-06 0.11173454371211766 -0.0003137652854936475 -0.0019489662659827767 8.77173827368062e-24 0.00013568672019966058 5.105581828052288e-06 0.09428011708866794 -0.0003844687856043908 -0.001651409141126509 -2.6007833885324118e-23 0.00010178714907785558 2.817825905626726e-06 0.07402492615587097 -0.00042580128961389673 -0.0013062584624897503 1.4626062478062103e-23 6.741965954442027e-05 -1.3549407285961237e-06 0.05263757853095207 -0.0004297525866674861 -0.0009415947524108527 2.2984627613003015e-23 3.664750259138492e-05 -7.140889556664325e-06 0.032188985292174635 -0.0003882424892648704 -0.0005913043637189446 1.3120576858013899e-24 1.3630261442756418e-05 -1.3630261442573558e-05 0.015131933190779802 -0.00029407822901168985 -0.0002940782290115857 -1.1551498195868456e-23 1.5711753503366486e-06 -1.9315823209205664e-05 0.004010136730468157 -0.00015083779555089284 -8.511032859866807e-05 1.7580438980649266e-23 -1.8352212479479645e-06 4.7497649777320304e-05 0.009013658651611245 0.0003356731631215588 -0.00011515621426254197 -1.0913154120462452e-23 7.140889555597764e-06 3.664750258630648e-05 0.03218898529035443 0.0005913043636885405 -0.0003882424892459554 -3.583593541885982e-24 2.591746039158249e-05 2.5917460388683607e-05 0.06594299774639496 0.0007588099092259761 -0.000758809909224543 -1.4906890571117964e-23 5.126683483936228e-05 1.63227298691734e-05 0.1057335782554905 0.0008327705224003978 -0.0011821074429543808 2.8502892180187873e-25 7.975242982428754e-05 8.678092705009194e-06 0.1471253974460871 0.0008228691441370867 -0.0016175302948756465 -4.9933862762369826e-24 0.00010802892842483257 3.3357595475618478e-06 0.18626346396946178 0.0007426296679771468 -0.0020276104802570104 2.57365509099482e-24 0.00013316493599251027 2.3328926140414855e-07 0.21998316665399986 0.0006061427603513617 -0.0023805926794422208 -2.9753647253612395e-23 0.0001528152279714369 -9.797353557614993e-07 0.2458250857843825 0.0004275242857376541 -0.0026511234223328007 -1.9168142835463293e-23 0.00016528575330820435 -8.409627072557445e-07 0.2620331779781739 0.00022079431944751018 -0.0028208577175216176 -3.253047369391109e-23 0.0001695561068431521 -3.662690871249153e-15 0.2675530769125005 2.48356252194073e-14 -0.00287867419691138 -1.9319647769237435e-23 0.00016528575330968843 8.409627001452743e-07 0.2620331779804549 -0.0002207943194059554 -0.0028208577175428684 -6.825094970701782e-24 0.00015281522797418943 9.797353490680253e-07 0.24582508578859671 -0.0004275242857018257 -0.0026511234223696454 6.4811825302734934e-24 0.00013316493599578336 -2.3328926761936792e-07 0.21998316665965262 -0.0006061427603296926 -0.002380592679495344 2.1626768101560286e-23 0.00010802892842847492 -3.335759553373915e-06 0.1862634639757124 -0.0007426296679748798 -0.0020276104803150993 -2.870292192100764e-24 7.975242982788617e-05 -8.67809271038687e-06 0.14712539745202644 -0.0008228691441518026 -0.0016175302949304727 3.011153613571805e-23 5.126683484235915e-05 -1.6322729874183834e-05 0.10573357826037827 -0.0008327705224277461 -0.001182107443001821 -2.311225034700277e-23 2.591746039370834e-05 -2.591746039350579e-05 0.06594299774977712 -0.000758809909258843 -0.0007588099092580455 3.04936914155076e-23 7.140889556825721e-06 -3.6647502591084205e-05 0.03218898529215429 -0.0005913043637189545 -0.00038824248926414896 1.4829012915040172e-23 -1.835221247433114e-06 -4.7497649782177035e-05 0.009013658652156725 -0.00033567316314131674 -0.00011515621426834282 -4.466258812706473e-24 -4.516791302211189e-06 8.48233790751483e-05 0.015100263891867678 0.0005597601878750592 -0.00012846023970631933 2.360845754095539e-23 1.3549407277876447e-06 6.741965953694067e-05 0.052637578528148286 0.0009415947523646605 -0.00042975258664706896 2.3143861517996594e-23 1.6322729872655933e-05 5.126683483522569e-05 0.10573357825525842 0.0011821074429554238 -0.0008327705223925201 -1.756872976960022e-23 3.699746788749585e-05 3.6997467882791225e-05 0.16743204026712932 0.001285700010531677 -0.0012857000105234518 -1.2457940218203106e-24 6.035696782608901e-05 2.51593424144321e-05 0.2312221574556655 0.0012657871429356188 -0.0017461251864225207 1.3466300171634033e-24 8.362079569236764e-05 1.59934641129125e-05 0.2913885728090185 0.001140769872964344 -0.0021771029975096 -2.6948691222275085e-23 0.00010436046074317751 9.392491255541857e-06 0.34317800817758803 0.0009307280403064492 -0.002546846673972024 1.612785949499132e-23 0.00012061158155423024 4.9562373471536265e-06 0.3828581830340956 0.0006564213220259415 -0.0028297980307123603 2.559212729507239e-23 0.00013094151655455803 2.0736213623185874e-06 0.4077452332292705 0.00033902566726917526 -0.003007192339346679 -1.3852496646581575e-24 0.00013448173717486644 -4.313113856272809e-15 0.4162211667967939 3.693040754260092e-14 -0.0030676070153157387 -4.7327604250157556e-24 0.000130941516555606 -2.0736213708280015e-06 0.40774523323270057 -0.0003390256672058581 -0.0030071923393714924 5.570485806759778e-24 0.00012061158155621048 -4.95623735536536e-06 0.38285818304029 -0.0006564213219786578 -0.002829798030754872 -4.991801444469784e-24 0.0001043604607456589 -9.39249126339916e-06 0.3431780081858208 -0.0009307280402722525 -0.002546846674022034 2.4548920755390036e-23 8.362079569507621e-05 -1.5993464120447e-05 0.2913885728181863 -0.0011407698729611403 -0.002177102997568035 2.448857977631344e-23 6.0356967828734706e-05 -2.515934242162597e-05 0.2312221574643709 -0.0012657871429573014 -0.0017461251864783196 2.3150936562699438e-23 3.6997467889668895e-05 -3.699746788974801e-05 0.16743204027432712 -0.0012857000105702804 -0.0012857000105684301 2.1200080441946987e-23 1.632272987418108e-05 -5.1266834842094184e-05 0.10573357826027592 -0.0011821074430040227 -0.0008327705224244407 2.3399085784235832e-24 1.3549407286544122e-06 -6.741965954387146e-05 0.05263757853083222 -0.0009415947524093862 -0.00042975258666423904 -6.691054276931787e-24 -4.516791301833779e-06 -8.482337908238373e-05 0.015100263892689958 -0.0005597601879047864 -0.0001284602397115996 -3.252420557086346e-23 -6.082794004028089e-06 0.00012594508560645918 0.02149452883876618 0.000794717271703239 -0.00012747267484511894 -3.85406129036381e-24 -2.8178259063059298e-06 0.00010178714906813545 0.07402492615205489 0.0013062584624306877 -0.0004258012895938158 -3.277131010716624e-23 8.678092709064372e-06 7.975242981878696e-05 0.1471253974452242 0.0016175302948700976 -0.0008228691441197625 -5.2072876231768304e-24 2.515934241963241e-05 6.035696782013874e-05 0.23122215745488225 0.0017461251864312633 -0.001265787142912467 -1.0486317650446881e-23 4.393809614482165e-05 4.3938096138496366e-05 0.3176976276494718 0.0017126994033830074 -0.0017126994033604505 -5.615989192481656e-24 6.26900253537831e-05 3.0579747476226477e-05 0.3990389783632119 0.0015407870517294858 -0.0021286514132893434 -7.008021874320995e-25 7.94322271532426e-05 2.0075438129472803e-05 0.46896399214630663 0.0012560777482494047 -0.002484274670960014 -3.252561095314942e-23 9.256606733560402e-05 1.1953164711948866e-05 0.5225081672561744 0.0008855892372014548 -0.0027558413110332696 -1.1258056691863482e-23 0.00010092144022655182 5.533760112001631e-06 0.556082662211073 0.000457329392155646 -0.0029259185987047503 -1.7406072135828936e-24 0.00010378620517339498 -4.90937264143717e-15 0.5675164130210691 4.568791511444855e-14 -0.002983807850947408 -1.715646308372334e-23 0.0001009214402273046 -5.533760121732541e-06 0.5560826622154873 -0.00045732939207047567 -0.0029259185987192053 1.737617914640531e-23 9.256606733698766e-05 -1.1953164721489875e-05 0.5225081672643308 -0.0008855892371369702 -0.0027558413110689997 -4.282019864538565e-24 7.94322271550751e-05 -2.0075438138770165e-05 0.4689639921571657 -0.0012560777482057655 -0.0024842746710151287 -2.317391438799144e-23 6.26900253557596e-05 -3.057974748530543e-05 0.3990389783752048 -0.0015407870517277964 -0.002128651413344046 -1.351323222600942e-23 4.3938096146702164e-05 -4.3938096147391066e-05 0.31769762766080073 -0.0017126994034112313 -0.0017126994034095734 -6.463212569884202e-24 2.515934242113111e-05 -6.0356967828946e-05 0.23122215746424132 -0.0017461251864818604 -0.0012657871429539178 1.29759633673334e-23 8.678092710054862e-06 -7.975242982761532e-05 0.14712539745176006 -0.0016175302949323878 -0.0008228691441485615 1.050327701211824e-23 -2.8178259058059495e-06 -0.00010178714907714614 0.07402492615559006 -0.0013062584624884029 -0.0004258012896106995 2.4554631662287454e-24 -6.082794003791854e-06 -0.00012594508561580842 0.02149452883986484 -0.0007947172717429808 -0.0001274726748508978 -2.4348702257001362e-23 -6.49223379060141e-06 0.00016608190751779694 0.02755571195176029 0.0010172307726881225 -0.00011513029749048665 -1.705232152687523e-23 -5.1055818287201496e-06 0.00013568672018820897 0.09428011708393215 0.001651409141055194 -0.0003844687855877037 5.52336640665269e-24 3.3357595520687483e-06 0.00010802892841783911 0.18626346396732857 0.002027610480240397 -0.0007426296679436224 1.6569042315536314e-23 1.5993464118492252e-05 8.362079568511593e-05 0.29138857280646213 0.002177102997509236 -0.0011407698729166086 -5.596448401644763e-24 3.057974748283899e-05 6.269002534630941e-05 0.39903897836133406 0.0021286514133169007 -0.0015407870516768673 2.3235324813617708e-23 4.519275355691312e-05 4.519275354929377e-05 0.5000517667171385 0.0019116338671240618 -0.0019116338670765486 -1.7022053809156793e-23 5.825387675298447e-05 3.081811837305683e-05 0.5867707647543412 0.0015569420385493319 -0.0022277218321602146 -1.3813351614342752e-25 6.850532784874817e-05 1.901380539117162e-05 0.6531276482981331 0.0010971973789545837 -0.0024686275785774344 -3.14508430955808e-23 7.502912714235005e-05 9.03399484344847e-06 0.6947218245864004 0.0005664862156944543 -0.0026193154111433564 2.233552746160569e-23 7.726629082755586e-05 -5.405236731890818e-15 0.708884682577714 5.372826711322173e-14 -0.002670582881748108 1.7862521918587402e-23 7.50291271428803e-05 -9.033994854223222e-06 0.6947218245917334 -0.0005664862155885762 -0.0026193154111657656 1.5959073276283275e-23 6.850532784969063e-05 -1.9013805401808172e-05 0.6531276483082123 -0.0010971973788706086 -0.0024686275786188986 2.3844798002150007e-23 5.825387675424661e-05 -3.081811838359209e-05 0.5867707647677343 -0.001556942038500824 -0.0022277218322063266 8.310797381646024e-24 4.519275355828741e-05 -4.519275355974301e-05 0.5000517667316984 -0.0019116338671259089 -0.0019116338671244313 3.1480355587117193e-23 3.0579747484132824e-05 -6.269002535673701e-05 0.39903897837500457 -0.002128651413350576 -0.001540787051721423 -1.298431946282255e-24 1.599346411948899e-05 -8.362079569560607e-05 0.2913885728177824 -0.0021771029975695684 -0.0011407698729536217 2.1631357806180255e-23 3.3357595526586195e-06 -0.00010802892842855642 0.1862634639752829 -0.0020276104803146613 -0.0007426296679715792 2.5892098932646405e-23 -5.10558182849236e-06 -0.00013568672019940252 0.09428011708828354 -0.0016514091411250786 -0.00038446878560345697 -1.3515953865582833e-23 -6.492233790595131e-06 -0.0001660819075294395 0.02755571195311967 -0.001017230772737851 -0.00011513029749513686 3.257296059083601e-23 -5.8640850588889485e-06 0.00020130855433259277 0.03277864427116848 0.0012088529017095409 -9.392215477784085e-05 1.026679500213254e-23 -5.602333314616419e-06 0.00016566463374442092 0.11173454370666282 0.0019489662658959276 -0.00031376528548153487 9.462813277217075e-25 2.332892661678037e-07 0.00013316493598407894 0.21998316664981035 0.0023805926794067188 -0.0006061427603026625 5.292689848148878e-24 9.392491261372865e-06 0.00010436046073480886 0.3431780081720446 0.002546846673953345 -0.0009307280402346926 2.8215043271781963e-23 2.0075438136292444e-05 7.943222714483925e-05 0.468963992140933 0.002484274670985555 -0.001256077748162266 1.6083036741881e-23 3.0818118380744533e-05 5.825387674452926e-05 0.5867707647509112 0.0022277218322122863 -0.001556942038459543 -2.1506802839899488e-23 4.043068969825819e-05 4.0430689689801415e-05 0.6877901222174658 0.0018128292416982159 -0.0018128292416129822 3.148741194457706e-23 4.7977809032664136e-05 2.533860163507235e-05 0.7650378948570808 0.001276916612388366 -0.002007530003425558 -3.21808061462953e-23 5.278108108591327e-05 1.2171994552127815e-05 0.8134414215723607 0.000659123104963908 -0.0021291982550957493 3.163758567663335e-23 5.4428288448868904e-05 -5.806456171817727e-15 0.8299203542548914 7.254293077883637e-14 -0.0021705677560695026 -1.6769757442771773e-23 5.278108108626726e-05 -1.2171994563717386e-05 0.8134414215789793 -0.0006591231048442951 -0.0021291982551246346 1.2416560444482496e-23 4.797780903329723e-05 -2.5338601646603225e-05 0.7650378948690598 -0.0012769166122936508 -0.0020075300034597893 -2.884318885382006e-23 4.0430689699110375e-05 -4.043068970129804e-05 0.6877901222330032 -0.0018128292416505333 -0.001812829241652724 1.7652282076339003e-23 3.081811838169262e-05 -5.825387675605275e-05 0.586770764767696 -0.0022277218322100624 -0.001556942038500743 -7.768999407447717e-24 2.007543813713041e-05 -7.943222715646563e-05 0.4689639921568736 -0.002484274671021551 -0.0012560777482084923 -1.56664063174087e-23 9.392491262017358e-06 -0.00010436046074664111 0.3431780081853198 -0.0025468466740239714 -0.000930728040275898 2.0091486217150326e-23 2.3328926651822344e-07 -0.00013316493599637832 0.21998316665914946 -0.0023805926794935226 -0.0006061427603300674 1.9699533130633596e-23 -5.602333314526056e-06 -0.0001656646337572845 0.1117345437117375 -0.0019489662659796718 -0.0003137652854947377 -1.8871307448144783e-23 -5.864085059090159e-06 -0.00020130855434633067 0.03277864427273454 -0.0012088529017661297 -9.392215478147133e-05 2.6493126348032566e-23 -4.398916751327737e-06 0.00022860330978477291 0.03677917512694585 0.0013555799089369448 -6.620332923195146e-05 -2.851159349582106e-23 -4.6154022064608194e-06 0.00018901034575790547 0.12510831360974636 0.0021771075959256285 -0.00022123101465308347 2.525472031739013e-24 -9.797353507650923e-07 0.00015281522796177597 0.2458250857776285 0.002651123422270418 -0.0004275242856837715 1.1406641431192002e-23 4.956237353174275e-06 0.00012061158154470035 0.38285818302486574 0.0028297980306757255 -0.0006564213219503166 -1.537037129480961e-23 1.1953164718884107e-05 9.256606732618333e-05 0.5225081672462116 0.002755841311040569 -0.0008855892371050278 -2.742157371687381e-23 1.901380539888039e-05 6.850532783946966e-05 0.6531276482895729 0.002468627578626268 -0.0010971973788393222 3.035668837729573e-23 2.5338601643492273e-05 4.797780902352945e-05 0.7650378948519083 0.002007530003512168 -0.001276916612266774 1.1877546041428415e-23 3.030573593045998e-05 3.030573592147682e-05 0.850568641809104 0.0014135133520186752 -0.0014135133518983517 -7.713100670534254e-24 3.346709803109731e-05 1.46369206436902e-05 0.904146479781028 0.0007294855964717212 -0.0014988043624558564 2.8494391780203617e-23 3.4551222566759044e-05 -6.087308861262667e-15 0.922384585581175 8.469566465228315e-14 -0.0015277973194617437 1.807808600132296e-23 3.3467098031329795e-05 -1.4636920655874308e-05 0.9041464797885376 -0.0007294855963407885 -0.0014988043624626479 -1.604312987580304e-23 3.030573593087767e-05 -3.03057359336589e-05 0.850568641822424 -0.0014135133519170744 -0.0014135133519180343 3.9599398359436824e-24 2.533860164406276e-05 -4.797780903575019e-05 0.7650378948691602 -0.0020075300034566655 -0.0012769166122954896 1.2695054256090134e-24 1.901380539951466e-05 -6.85053278518028e-05 0.6531276483084881 -0.002468627578615109 -0.0010971973788832929 -2.1759627998240522e-23 1.195316471942714e-05 -9.256606733872804e-05 0.5225081672644938 -0.0027558413110771503 -0.0008855892371524223 8.507894261149913e-24 4.956237353580358e-06 -0.00012061158155757293 0.3828581830401528 -0.0028297980307588357 -0.0006564213219895497 2.6061604277724694e-24 -9.797353505598102e-07 -0.00015281522797518543 0.24582508578830406 -0.0026511234223717934 -0.0004275242857098537 -2.840563063562248e-23 -4.615402206451543e-06 -0.00018901034577202547 0.12510831361551322 -0.0021771075960205434 -0.0002212310146675623 -2.6955069926337115e-23 -4.398916751550463e-06 -0.00022860330979999677 0.03677917512873215 -0.0013555799090012523 -6.620332923714135e-05 -1.689685815088532e-24 -2.3494862805620245e-06 0.00024582923006559606 0.03928695246688741 0.0014475365089491998 -3.417319189401675e-05 9.58743544133121e-24 -2.5787272770598104e-06 0.0002037895479604781 0.13349407664145574 0.002320232674410123 -0.00011422866901117502 1.6571157891808885e-23 -8.409627022089112e-07 0.00016528575329710946 0.2620331779689095 0.002820857717435152 -0.00022079431940099593 -2.7589114332759663e-23 2.0736213683764413e-06 0.00013094151654391455 0.40774523321641787 0.0030071923392897175 -0.0003390256671998499 -2.209340753232936e-23 5.533760118931389e-06 0.00010092144021633975 0.5560826621964047 0.0029259185986889964 -0.00045732939206389635 -1.1824842585844957e-23 9.033994851140153e-06 7.502912713246452e-05 0.6947218245723026 0.00261931541118207 -0.0005664862155881649 2.2870182509442967e-23 1.2171994560466873e-05 5.278108107631011e-05 0.8134414215613679 0.0021291982551811125 -0.0006591231048527475 2.932591680814452e-23 1.463692065251519e-05 3.3467098021743706e-05 0.9041464797749906 0.0014988043625687763 -0.0007294855963506068 1.63143818357079e-23 1.6205766772380007e-05 1.6205766763241257e-05 0.960954709495964 0.000773402163685159 -0.0007734021635566422 -2.0986618751940148e-23 1.6743761889071427e-05 -6.260228727308967e-15 0.980290798014097 7.99808704938641e-14 -0.0007883257868699293 1.6820496757279563e-23 1.6205766772528983e-05 -1.6205766775776507e-05 0.9609547095037144 -0.0007734021635350852 -0.0007734021635595263 1.9614360207975903e-23 1.4636920652778807e-05 -3.3467098034297e-05 0.9041464797892305 -0.0014988043624593107 -0.0007294855963675467 -1.001624446936582e-23 1.2171994560808825e-05 -5.2781081088955674e-05 0.8134414215800856 -0.0021291982551113597 -0.0006591231048827736 7.789910329427473e-24 9.033994851529949e-06 -7.502912714526566e-05 0.6947218245931928 -0.002619315411165012 -0.0005664862156231358 -1.8930589954800883e-23 5.533760119277488e-06 -0.00010092144022942749 0.5560826622166942 -0.0029259185987300564 -0.00045732939209676643 -3.6940955611052816e-25 2.0736213686347986e-06 -0.00013094151655744578 0.40774523323339457 -0.003007192339381172 -0.000339025667228195 1.810073269792415e-23 -8.409627020476432e-07 -0.00016528575331126307 0.2620331779807698 -0.002820857717548274 -0.00022079431942225854 2.9830888875368867e-23 -2.578727277029852e-06 -0.0002037895479754335 0.13349407664788462 -0.002320232674514269 -0.00011422866902317343 -1.8335213969770582e-23 -2.34948628062753e-06 -0.000245829230081577 0.03928695246888942 -0.0014475365090220868 -3.4173191897447436e-05 -3.142905047581824e-23 4.412340066421638e-16 0.00025171227569898113 0.040140721200040114 0.001478841807707438 5.353264602449859e-17 -9.178053595520959e-24 8.541349196574697e-16 0.00020884438427111465 0.13634954184504186 0.0023689822562649064 3.118231291377773e-15 -1.2433076199486714e-23 1.239818611459221e-15 0.00016955610683100985 0.267553076901237 0.0028786741968044914 8.634119638798188e-15 -6.265644523195506e-25 1.6002332113745962e-15 0.00013448173716353436 0.4162211667809234 0.0030676070152384043 1.4400738324675642e-14 -2.555028376003687e-23 1.9142068687085315e-15 0.00010378620516263608 0.5675164130023781 0.002983807850911889 2.3430531739997166e-14 -7.999493979849296e-24 2.1660515676045417e-15 7.72662908172876e-05 0.7088846825589012 0.00267058288177888 2.8528609109251566e-14 7.285438572399435e-24 2.3938850122398475e-15 5.442828843897524e-05 0.829920354238399 0.0021705677561313415 3.634439995329534e-14 5.7166474576079354e-24 2.5607077603977592e-15 3.455122255719811e-05 0.9223845855688676 0.0015277973195674556 4.509542177790764e-14 -2.3861783771488575e-23 2.678444350152116e-15 1.6743761879791906e-05 0.9802907980076317 0.0007883257869977877 5.0090797647672726e-14 2.5141998169121758e-23 2.732159703696684e-15 -6.302360068986328e-15 1.0 8.573746876919247e-14 4.5034863588920114e-14 -3.257967645785808e-24 2.747110820951916e-15 -1.6743761892397342e-05 0.980290798015836 -0.0007883257868411311 3.483167398092725e-14 3.224681651697923e-24 2.6844958546749673e-15 -3.4551222569848824e-05 0.922384585584017 -0.0015277973194463494 2.5521745017203472e-14 -1.0192562661477978e-23 2.5653911116702543e-15 -5.442828845172889e-05 0.829920354258396 -0.002170567756058509 1.5207952516163793e-14 -7.254474757795393e-24 2.3784474639341865e-15 -7.726629083022591e-05 0.7088846825812075 -0.002670582881759436 6.845959932359721e-15 -2.0594769081795026e-23 2.1238227483074032e-15 -0.00010378620517588586 0.5675164130239708 -0.0029838078509598098 4.145335729574094e-15 -9.48403044006683e-24 1.8030041728134085e-15 -0.00013448173717725515 0.41622116679895754 -0.003067607015332802 4.563376917747329e-16 -1.632149877200004e-24 1.4406238898513029e-15 -0.00016955610684542835 0.26755307691390545 -0.002878674196924711 -2.4449482561173575e-15 5.0186478094728304e-24 1.0081636247457583e-15 -0.00020884438428643708 0.13634954185187675 -0.002368982256377977 -1.1173560454382493e-15 -2.5394914167283575e-23 5.311354771692933e-16 -0.0002517122757154604 0.04014072120213676 -0.001478841807783862 -3.1166358135623813e-16 -3.792557668806732e-24 2.349486281442387e-06 0.0002458292300654715 0.039286952466831296 0.0014475365089471305 3.417319189616525e-05 -2.839895389685437e-23 2.5787272788275254e-06 0.00020378954796041582 0.13349407664110657 0.0023202326744004406 0.00011422866901891639 3.034736646221171e-23 8.409627047391073e-07 0.00016528575329707385 0.2620331779681358 0.0028208577174279165 0.00022079431941468582 -5.5760156006693145e-24 -2.073621365148438e-06 0.00013094151654387547 0.40774523321511763 0.003007192339275839 0.0003390256672230408 -9.537427553070041e-24 -5.533760115097552e-06 0.00010092144021632279 0.5560826621943932 0.002925918598674515 0.00045732939209746243 -2.978326121538582e-23 -9.033994846778037e-06 7.502912713248499e-05 0.6947218245696754 0.0026193154111718016 0.000566486215636215 5.164249776356e-24 -1.2171994555652021e-05 5.2781081076357035e-05 0.8134414215579712 0.0021291982551606796 0.0006591231049158585 -3.957040511204055e-24 -1.4636920647363112e-05 3.346709802179535e-05 0.9041464797708604 0.001498804362559864 0.0007294855964257128 1.2114387726334357e-23 -1.6205766767005322e-05 1.620576676329954e-05 0.960954709491555 0.0007734021636829183 0.0007734021636327579 6.821654733200946e-24 -1.6743761883584588e-05 -6.203838861042754e-15 0.9802907980098993 9.074889555945889e-14 0.0007883257869477431 1.2840202357967534e-23 -1.6205766767030625e-05 -1.6205766775716206e-05 0.9609547095001921 -0.0007734021635189724 0.0007734021636307011 2.3362930796629812e-23 -1.4636920647394319e-05 -3.346709803424052e-05 0.9041464797866554 -0.0014988043624374777 0.000729485596419472 3.819898687464306e-24 -1.2171994555664723e-05 -5.278108108888592e-05 0.8134414215785464 -0.0021291982550918948 0.0006591231049139977 3.2802641887173734e-23 -9.03399484675203e-06 -7.502912714519959e-05 0.6947218245923755 -0.0026193154111555654 0.0005664862156421396 2.4195023263138885e-23 -5.533760115026378e-06 -0.00010092144022933319 0.55608266221627 -0.0029259185987237733 0.00045732939210543826 -9.72526205108678e-24 -2.073621365015743e-06 -0.00013094151655732643 0.40774523323329304 -0.0030071923393745915 0.00033902566723134826 -1.4111808192519124e-23 8.409627049290295e-07 -0.00016528575331111841 0.26203317798082704 -0.002820857717548506 0.0002207943194249007 4.4422322052061434e-24 2.5787272790614064e-06 -0.0002037895479752744 0.13349407664792262 -0.0023202326745147884 0.00011422866902389389 3.206069402437271e-23 2.3494862817240287e-06 -0.00024582923008143197 0.03928695246890125 -0.0014475365090226048 3.4173191897601196e-05 2.3099432798939404e-23 4.398916752426933e-06 0.00022860330978497685 0.0367791751268018 0.001355579908930138 6.62033292333099e-05 -2.469738824545752e-23 4.61540220824596e-06 0.00018901034575776555 0.1251083136091543 0.002177107595914594 0.00022123101465503994 -3.0260785781066306e-23 9.797353533269201e-07 0.00015281522796170937 0.24582508577635778 0.002651123422254231 0.0004275242856899508 -5.2594864136180625e-24 -4.956237349935402e-06 0.00012061158154467804 0.3828581830226348 0.002829798030653593 0.0006564213219643711 2.549694932094796e-25 -1.195316471503068e-05 9.256606732623933e-05 0.522508167242745 0.002755841311013181 0.0008855892371297072 1.3627393232997514e-23 -1.9013805394495052e-05 6.850532783956052e-05 0.6531276482847725 0.0024686275786003943 0.001097197378878218 -1.8361891356482263e-23 -2.5338601638636836e-05 4.797780902364556e-05 0.7650378948458817 0.002007530003488956 0.0012769166123089283 3.045086032729628e-23 -3.0305735925243117e-05 3.030573592159215e-05 0.8505686418019867 0.0014135133519983859 0.001413513351942634 -1.0926802842285941e-23 -3.346709802566042e-05 1.4636920643807704e-05 0.9041464797734026 0.0007294855964716262 0.0014988043625083485 -1.343642291212794e-23 -3.4551222561208234e-05 -5.986332810565028e-15 0.9223845855736298 8.795556609581077e-14 0.001527797319517848 -2.280608335750605e-23 -3.346709802578416e-05 -1.4636920655786984e-05 0.9041464797817282 -0.0007294855963145723 0.001498804362522898 -3.06437092700742e-23 -3.0305735925459832e-05 -3.0305735933568316e-05 0.8505686418171693 -0.0014135133518811645 0.0014135133519734132 2.90162208383561e-23 -2.5338601638885562e-05 -4.797780903563929e-05 0.7650378948656836 -0.0020075300034214576 0.0012769166123416708 2.319678818361607e-23 -1.9013805394700234e-05 -6.850532785165313e-05 0.6531276483064768 -0.0024686275785916977 0.0010971973789121222 -2.786628744834594e-23 -1.1953164715157779e-05 -9.256606733853378e-05 0.5225081672634709 -0.0027558413110610586 0.0008855892371676922 -6.006226549033415e-24 -4.9562373499391545e-06 -0.000120611581557326 0.38285818303967295 -0.0028297980307532026 0.0006564213220015821 -1.1964438363294194e-24 9.797353534569062e-07 -0.00015281522797487736 0.2458250857880541 -0.002651123422368228 0.00042752428571945844 1.8321831272644427e-23 4.615402208517673e-06 -0.0001890103457716649 0.1251083136154025 -0.002177107596018538 0.00022123101467279275 1.946453492567841e-23 4.39891675269667e-06 -0.0002286033097996202 0.03677917512870088 -0.0013555799090000837 6.620332923871122e-05 1.4169644415412727e-23 5.864085060043926e-06 0.0002013085543323862 0.032778644271043475 0.0012088529017047587 9.392215477573074e-05 -3.218173347843857e-23 5.602333316399426e-06 0.00016566463374418435 0.11173454370611399 0.0019489662658837479 0.0003137652854778626 -1.591300438481314e-23 -2.3328926364603163e-07 0.00013316493598407447 0.21998316664842793 0.0023805926793855747 0.0006061427603009626 2.231946975107494e-24 -9.392491258144108e-06 0.00010436046073485197 0.3431780081694063 0.0025468466739242525 0.0009307280402369163 -2.726233012162719e-23 -2.0075438132408748e-05 7.943222714496756e-05 0.4689639921366472 0.002484274670948764 0.0012560777481703048 -1.6202540671611588e-23 -3.0818118376304393e-05 5.825387674467185e-05 0.5867707647448488 0.0022277218321780294 0.0015569420384710369 -1.5254448383396237e-23 -4.043068969333584e-05 4.043068968994896e-05 0.6877901222099246 0.0018128292416732894 0.0018128292416312837 2.6517674759753643e-23 -4.7977809027358064e-05 2.5338601635229165e-05 0.7650378948481396 0.0012769166123572288 0.0020075300034544242 5.245902416600076e-25 -5.278108108038093e-05 1.2171994552284499e-05 0.8134414215626162 0.0006591231049630469 0.0021291982551280785 -3.071452610133818e-23 -5.442828844321788e-05 -5.66010583857267e-15 0.8299203542452638 7.797537614968153e-14 0.002170567756096769 7.347538573287573e-24 -5.27810810806279e-05 -1.2171994563590356e-05 0.8134414215699819 -0.0006591231048244032 0.002129198255151905 -1.2628423901697075e-23 -4.797780902780812e-05 -2.5338601646488825e-05 0.7650378948615285 -0.0012769166122549463 0.002007530003495299 2.041111434222777e-23 -4.0430689693889684e-05 -4.043068970115034e-05 0.6877901222274433 -0.001812829241610433 0.001812829241689933 2.101471430844596e-23 -3.081811837683954e-05 -5.8253876755844886e-05 0.5867707647640732 -0.0022277218321726877 0.0015569420385363741 1.6483331697521922e-23 -2.007543813282561e-05 -7.943222715619828e-05 0.46896399215473233 -0.0024842746709996958 0.0012560777482380214 2.895503166642332e-23 -9.392491258365045e-06 -0.00010436046074629066 0.3431780081840248 -0.0025468466740119398 0.0009307280402964243 1.1771198644827291e-23 -2.3328926361376144e-07 -0.00013316493599590973 0.21998316665835646 -0.002380592679485458 0.000606142760342214 -1.7420151108901628e-23 5.602333316597882e-06 -0.00016566463375668932 0.11173454371132711 -0.0019489662659724432 0.0003137652855014784 1.5615006811788962e-23 5.864085060242269e-06 -0.0002013085543455954 0.03277864427261352 -0.0012088529017617723 9.39221547834981e-05 -5.264209902141045e-24 6.492233791675115e-06 0.0001660819075175615 0.02755571195169911 0.0010172307726861666 0.00011513029749005023 1.3026061510613455e-23 5.105581830497954e-06 0.00013568672018821553 0.09428011708349861 0.0016514091410422104 0.00038446878558677934 2.5600865425829308e-23 -3.3357595495578953e-06 0.00010802892841779481 0.1862634639660589 0.002027610480219994 0.0007426296679408035 -1.9111318668124273e-23 -1.5993464115276587e-05 8.362079568519659e-05 0.2913885728039121 0.0021771029974783783 0.0011407698729108949 -1.532495290334605e-23 -3.057974747894091e-05 6.269002534648255e-05 0.399038978357078 0.00212865141327959 0.0015407870516676353 -2.4753479175902715e-23 -4.519275355237892e-05 4.519275354950017e-05 0.5000517667111192 0.0019116338670907953 0.001911633867063458 -1.0061330700639553e-24 -5.825387674798195e-05 3.081811837325102e-05 0.5867707647464298 0.0015569420385069352 0.0022277218321568254 -1.9854297405032016e-23 -6.850532784331425e-05 1.9013805391358032e-05 0.6531276482883867 0.0010971973789236642 0.0024686275785805764 4.375760444251123e-25 -7.502912713668068e-05 9.033994843640074e-06 0.694721824575801 0.0005664862156912071 0.002619315411145183 3.07295025198239e-23 -7.726629082177747e-05 -5.23560688913545e-15 0.7088846825672507 6.23662179726202e-14 0.002670582881754142 3.1083215582504693e-23 -7.502912713709548e-05 -9.033994854061685e-06 0.6947218245819091 -0.0005664862155716202 0.0026193154111716277 -6.228321599136321e-24 -6.850532784408594e-05 -1.901380540167101e-05 0.6531276482996065 -0.0010971973788388362 0.002468627578626542 -2.693647893442092e-23 -5.8253876748948676e-05 -3.0818118383410044e-05 0.5867707647608589 -0.0015569420384633605 0.0022277218322216542 2.663354075405154e-23 -4.5192753553365225e-05 -4.519275355952007e-05 0.5000517667266793 -0.0019116338670891225 0.001911633867144623 -1.161723097210311e-23 -3.0579747479764974e-05 -6.269002535644276e-05 0.39903897837155544 -0.00212865141332459 0.0015407870517441583 9.893065674790998e-24 -1.5993464115830655e-05 -8.362079569520095e-05 0.2913885728154885 -0.002177102997549363 0.0011407698729730775 -1.8146884511045736e-23 -3.3357595497702532e-06 -0.0001080289284279808 0.18626346397388735 -0.0020276104802989248 0.0007426296679835121 1.1531557378235692e-23 5.105581830527119e-06 -0.00013568672019860625 0.09428011708758474 -0.001651409141112936 0.00038446878560826676 4.5354890394001285e-24 6.492233791707689e-06 -0.00016608190752840076 0.02755571195291637 -0.0010172307727301794 0.00011513029749638559 -1.071348906415788e-23 6.082794004902411e-06 0.00012594508560600902 0.021494528838698797 0.0007947172717009342 0.00012747267484579196 -1.592331850941859e-23 2.8178259079516686e-06 0.00010178714906795131 0.07402492615166457 0.0013062584624200554 0.00042580128959299397 1.9299285652503484e-23 -8.678092706635763e-06 7.975242981883049e-05 0.14712539744415237 0.0016175302948534898 0.0008228691441146815 2.13470822807653e-23 -2.5159342416429406e-05 6.035696782032882e-05 0.23122215745269714 0.0017461251864033173 0.0012657871429035572 -2.746312605386404e-23 -4.393809614087181e-05 4.3938096138762084e-05 0.3176976276458477 0.0017126994033534431 0.0017126994033444607 5.105680766456136e-25 -6.269002534913955e-05 3.05797474765149e-05 0.39903897835786384 0.0015407870516900184 0.0021286514132755623 1.9771611216177757e-23 -7.943222714813515e-05 2.0075438129735505e-05 0.4689639921388515 0.0012560777482046861 0.002484274670945024 -1.2072946100771142e-23 -9.256606733002114e-05 1.1953164712194898e-05 0.5225081672470676 0.0008855892371800878 0.002755841311004709 -2.937182381436344e-23 -0.00010092144022070257 5.533760112218167e-06 0.5560826622012632 0.00045732939214891693 0.002925918598671445 -2.174512889615356e-23 -0.00010378620516742114 -4.71244926359651e-15 0.5675164130112043 5.016321888326866e-14 0.002983807850917521 1.4957830340714352e-23 -0.00010092144022135381 -5.533760121582261e-06 0.5560826622060857 -0.0004573293920564012 0.0029259185986964 1.84636107540928e-23 -9.256606733121894e-05 -1.195316472135585e-05 0.5225081672559051 -0.000885589237112036 0.002755841311053985 -2.623424011032225e-23 -7.943222714965378e-05 -2.0075438138613667e-05 0.46896399215002305 -0.001256077748179367 0.002484274671010534 -3.432067991856305e-24 -6.269002535071087e-05 -3.0579747485116284e-05 0.39903897836953733 -0.001540787051695226 0.0021286514133498744 -3.0433632700015525e-23 -4.3938096142261766e-05 -4.3938096147139206e-05 0.31769762765659126 -0.0017126994033854885 0.0017126994034172823 -2.5963224746858545e-23 -2.5159342417453594e-05 -6.035696782856417e-05 0.2312221574612878 -0.0017461251864572982 0.001265787142960777 -4.11945161287783e-24 -8.678092707218711e-06 -7.975242982703223e-05 0.14712539744995554 -0.0016175302949110253 0.0008228691441529897 -2.8387929994630634e-23 2.8178259077360094e-06 -0.00010178714907627593 0.07402492615472002 -0.0013062584624724007 0.0004258012896127288 -2.921015686503917e-23 6.082794004809738e-06 -0.00012594508561456912 0.021494528839619338 -0.0007947172717339938 0.00012747267485134942 1.6506788395497164e-23 4.516791302967638e-06 8.482337907504583e-05 0.015100263891784883 0.0005597601878717909 0.00012846023970625712 -7.967076398066863e-24 -1.3549407263156581e-06 6.7419659536926e-05 0.052637578527837285 0.0009415947523588013 0.000429752586644726 3.9515891705908015e-24 -1.632272987036839e-05 5.1266834835377836e-05 0.10573357825446784 0.0011821074429420883 0.0008327705223863229 1.4487713268118724e-23 -3.6997467884327295e-05 3.69974678830763e-05 0.16743204026546157 0.0012857000105099359 0.0012857000105116964 -2.1117688146574524e-23 -6.035696782206572e-05 2.5159342414789757e-05 0.23122215745277874 0.0012657871429085793 0.0017461251864089905 7.18619120340707e-24 -8.362079568756258e-05 1.59934641132724e-05 0.2913885728045724 0.001140769872929054 0.0021771029974873364 3.133027617599368e-23 -0.00010436046073784415 9.392491255829772e-06 0.34317800817146044 0.0009307280402744751 0.0025468466739340103 -1.5959419374719465e-24 -0.00012061158154847046 4.956237347417098e-06 0.3828581830267863 0.00065642132201067 0.0028297980306689636 -2.033769621931256e-24 -0.00013094151654845126 2.0736213625538894e-06 0.40774523322144857 0.00033902566726390316 0.003007192339300469 -5.121828570079146e-24 -0.00013448173716869427 -4.114648018900578e-15 0.416221166788853 3.747297205867746e-14 0.0030676070152686166 -1.9606755157526817e-23 -0.0001309415165494152 -2.0736213706842893e-06 0.4077452332250248 -0.00033902566719580106 0.0030071923393253566 -1.7324175999030314e-23 -0.00012061158155022909 -4.9562373552712e-06 0.3828581830331944 -0.0006564213219655223 0.002829798030716826 -1.7512501250825152e-23 -0.0001043604607400813 -9.39249126329568e-06 0.3431780081794765 -0.0009307280402552734 0.0025468466739946793 6.1851818337489714e-24 -8.362079568989405e-05 -1.5993464120311483e-05 0.29138857281286373 -0.0011407698729372809 0.0021771029975482994 2.2302926370029735e-24 -6.03569678241714e-05 -2.515934242145193e-05 0.23122215746024868 -0.0012657871429331664 0.0017461251864670652 2.3235756862134127e-24 -3.699746788596931e-05 -3.699746788946456e-05 0.16743204027140626 -0.0012857000105463714 0.0012857000105603153 -2.375108177119184e-23 -1.6322729871416063e-05 -5.126683484159133e-05 0.10573357825849503 -0.0011821074429823543 0.0008327705224190624 1.949149764577366e-23 -1.3549407268410329e-06 -6.74196595430641e-05 0.05263757852997554 -0.0009415947523940717 0.0004297525866616841 2.717547608712492e-23 4.516791302734144e-06 -8.482337908122783e-05 0.015100263892446219 -0.0005597601878955988 0.00012846023971106973 -9.428307808016502e-24 1.835221248563134e-06 4.749764977713793e-05 0.0090136586515495 0.00033567316311933237 0.00011515621426176234 2.3806355912675798e-24 -7.140889554297694e-06 3.664750258629784e-05 0.03218898529016836 0.0005913043636857892 0.00038824248924329156 2.5417136000307556e-23 -2.591746038944882e-05 2.591746038884678e-05 0.0659429977459264 0.0007588099092174198 0.0007588099092178843 -3.100596380229966e-23 -5.126683483625205e-05 1.6322729869490265e-05 0.10573357825438216 0.000832770522383364 0.00118210744294375 7.70568520224174e-24 -7.975242982014865e-05 8.67809270541602e-06 0.14712539744402325 0.0008228691441159128 0.001617530294856264 -2.4583059755809978e-23 -0.00010802892841979944 3.3357595479599803e-06 0.18626346396632776 0.0007426296679555148 0.0020276104802267386 2.9013448616342156e-23 -0.00013316493598685583 2.332892616851648e-07 0.21998316664981998 0.0006061427603311376 0.0023805926794022753 -4.515251002278554e-24 -0.00015281522796547925 -9.79735355506571e-07 0.24582508577942008 0.00042752428572661325 0.0026511234222823827 2.19154083899271e-23 -0.0001652857533018504 -8.409627070010465e-07 0.2620331779728639 0.000220794319444608 0.0028208577174674092 -2.838598795461969e-23 -0.0001695561068366702 -3.4125910724920036e-15 0.26755307690712654 2.5176295743928667e-14 0.0028786741968558813 3.682557625711412e-24 -0.00016528575330321152 8.409627002991826e-07 0.26203317797521064 -0.00022079431940109752 0.002820857717491681 2.3329969161373622e-23 -0.00015281522796795597 9.797353491278399e-07 0.24582508578360282 -0.0004275242856967027 0.0026511234223235087 -1.5184496085263835e-23 -0.00013316493599000833 -2.3328926758713736e-07 0.2199831666550418 -0.0006061427603194631 0.0023805926794534106 4.306994914336254e-24 -0.0001080289284231032 -3.3357595533285963e-06 0.18626346397172583 -0.0007426296679601663 0.002027610480281465 1.5043296531997032e-23 -7.975242982313174e-05 -8.678092710313907e-06 0.1471253974488422 -0.0008228691441344042 0.001617530294904251 -2.1729234535493112e-23 -5.126683483860062e-05 -1.632272987404166e-05 0.1057335782581202 -0.0008327705224081048 0.001182107442983402 1.2335068598242406e-23 -2.591746039102147e-05 -2.5917460393180217e-05 0.06594299774842173 -0.0007588099092423813 0.0007588099092464144 1.5010611140671118e-23 -7.140889555151161e-06 -3.664750259048686e-05 0.032188985291506794 -0.000591304363707113 0.0003882424892583345 2.5713084674280062e-24 1.8352212482164495e-06 -4.7497649781255274e-05 0.00901365865197281 -0.0003356731631346077 0.00011515621426648748 1.1721852810673436e-23 -1.5711753491384028e-06 1.9315823206405448e-05 0.004010136730168636 0.0001508377955398051 8.511032859293924e-05 1.908797905759266e-23 -1.3630261440034935e-05 1.3630261439761148e-05 0.015131933189766722 0.00029407822899425143 0.0002940782289935331 -6.899698486115552e-24 -3.6647502586689344e-05 7.140889553948116e-06 0.03218898529018302 0.000388242489243147 0.0005913043636847495 2.5993437121730663e-23 -6.741965953745944e-05 1.3549407258108625e-06 0.05263757852774712 0.00042975258664068735 0.0009415947523573096 2.6202201953156757e-23 -0.00010178714906887724 -2.817825908689063e-06 0.0740249261514753 0.0004258012895930779 0.001306258462419674 4.318389457625413e-24 -0.00013568672018967064 -5.105581831610872e-06 0.09428011708350027 0.00038446878559432305 0.0016514091410461513 5.160679908824235e-24 -0.0001656646337467749 -5.602333317906942e-06 0.11173454370675011 0.00031376528549572583 0.0019489662658972737 1.6260273490997314e-23 -0.0001890103457615118 -4.615402210031675e-06 0.12510831361080144 0.0002212310146775786 0.0021771075959430724 5.786540019797048e-24 -0.00020378954796546587 -2.5787272806928054e-06 0.1334940766437267 0.00011422866903530278 0.002320232674445223 2.940940825187542e-23 -0.0002088443842774175 -2.5782442097870966e-15 0.1363495418483171 1.292747343197047e-14 0.0023689822563180535 -1.0300257498682947e-23 -0.00020378954796732373 2.5787272756560896e-06 0.1334940766449674 -0.00011422866901153312 0.0023202326744651883 -7.421918715967672e-25 -0.00018901034576487084 4.615402205354586e-06 0.12510831361304942 -0.00022123101466105875 0.002177107595979333 -5.971528593487002e-24 -0.00016566463375106236 5.602333313727756e-06 0.11173454370955505 -0.0003137652854899803 0.001948966265942792 3.184422960775812e-24 -0.00013568672019412693 5.105581828003925e-06 0.09428011708637597 -0.0003844687855972146 0.0016514091410923118 -2.0354704470396058e-23 -0.00010178714907286536 2.817825905597668e-06 0.07402492615403182 -0.0004258012896029697 0.0013062584624621589 9.336684155471358e-24 -6.741965954054845e-05 -1.3549407285912164e-06 0.05263757852967283 -0.00042975258665601667 0.000941594752390159 -1.8424513208623088e-24 -3.6647502588766886e-05 -7.140889556522927e-06 0.0321889852914159 -0.00038824248925552527 0.0005913043637067125 1.5148495404747594e-23 -1.3630261441205904e-05 -1.3630261442225514e-05 0.015131933190424548 -0.00029407822900488875 0.00029407822900571774 -8.610870388310688e-24 -1.5711753496683218e-06 -1.9315823208679243e-05 0.00401013673037336 -0.00015083779554728188 8.511032859695382e-05 -1.1492444984598746e-24 -4.278771508890421e-06 4.27877150896636e-06 0.0009638512449270885 3.682631830580893e-05 3.682631830593383e-05 2.86364512779978e-23 -1.9315823206540617e-05 1.5711753490298318e-06 0.004010136730176565 8.511032859338849e-05 0.00015083779554019827 2.069584238564744e-23 -4.7497649777424164e-05 -1.8352212487443018e-06 0.009013658651571494 0.00011515621426186504 0.00033567316312007635 -2.819643068132396e-23 -8.48233790753561e-05 -4.516791303097042e-06 0.01510026389176073 0.00012846023970431616 0.0005597601878706568 2.7281643618959576e-23 -0.00012594508560651312 -6.082794005133746e-06 0.02149452883861079 0.0001274726748451773 0.0007947172716972949 2.663762110059359e-23 -0.00016608190751842887 -6.4922337921693075e-06 0.027555711951649797 0.0001151302974922271 0.0010172307726842719 -3.137311624044467e-23 -0.00020130855433456778 -5.864085060943232e-06 0.0327786442711999 9.392215478178172e-05 0.0012088529017104293 -2.749093273447435e-23 -0.00022860330978846473 -4.398916753597469e-06 0.036779175127279566 6.620332924012018e-05 0.0013555799089483855 1.1744707746365938e-23 -0.0002458292300709168 -2.349486282722637e-06 0.03928695246761383 3.41731919015479e-05 0.0014475365089758466 -2.849998339434969e-23 -0.0002517122757060542 -1.5235355452743174e-15 0.04014072120105528 3.979979131650314e-15 0.001478841807744673 2.8175637187564946e-24 -0.00024582923007338854 2.349486279786233e-06 0.03928695246800271 -3.4173191893944995e-05 0.0014475365089899554 -1.959496427174985e-23 -0.00022860330979290565 4.39891675093677e-06 0.036779175127980034 -6.620332923525766e-05 0.0013555799089740093 2.677567006012373e-23 -0.0002013085543401904 5.864085058693193e-06 0.032778644272073554 -9.392215477970641e-05 0.0012088529017421576 1.981832746835814e-23 -0.00016608190752425705 6.492233790361029e-06 0.027555711952548915 -0.00011513029749329254 0.0010172307727171548 -2.724903579920038e-23 -0.00012594508561161074 6.082794003708661e-06 0.021494528839392946 -0.00012747267484878284 0.0007947172717257839 1.0411906020999703e-23 -8.482337907914661e-05 4.5167913018822934e-06 0.015100263892334464 -0.00012846023970905558 0.0005597601878918663 -2.923080813700604e-23 -4.749764977993325e-05 1.8352212475771379e-06 0.009013658651929088 -0.00011515621426577157 0.0003356731631331297 3.0497600515242246e-23 -1.9315823207945286e-05 -1.5711753501062972e-06 0.004010136730360001 -8.511032859645728e-05 0.00015083779554698383 -3.414092940325246e-24 -4.2787715095809734e-06 -4.278771509879746e-06 0.0009638512449832371 -3.6826318307831295e-05 3.68263183078711e-05 1.3437762527737457e-23</DataArray>
      </PointData>
      <CellData>
        <DataArray type="Float64" Name="Stress" NumberOfComponents="6" format="ascii">-0.0005787787629480684 -0.0005787787629488065 0.0 -0.00021691691297619307 0.0 0.0 -0.002391061613230244 -0.001457744456989946 0.0 -0.000741715314970819 0.0 0.0 -0.005708264605316711 -0.0026103244714033563 0.0 -0.0012215470483249418 0.0 0.0 -0.010254960800416695 -0.004258459072509167 0.0 -0.001488240149642545 0.0 0.0 -0.01535135437827125 -0.00614633845893647 0.0 -0.0015658722760877228 0.0 0.0 -0.020424942332567378 -0.008053575241656874 0.0 -0.001486590310595485 0.0 0.0 -0.025013007069717097 -0.00979178726652298 0.0 -0.0012826805168474765 0.0 0.0 -0.028758801774662564 -0.011218205197604863 0.0 -0.0009835266996486211 0.0 0.0 -0.031399766142672855 -0.012226557512135071 0.0 -0.0006169757428355273 0.0 0.0 -0.03276325832997029 -0.012748019781264585 0.0 -0.00021013276718930685 0.0 0.0 -0.032763258330090264 -0.012748019781342348 0.0 0.0002101327671081325 0.0 0.0 -0.031399766143067886 -0.012226557512308089 0.0 0.0006169757427139168 0.0 0.0 -0.028758801775358913 -0.01121820519782424 0.0 0.0009835266995247582 0.0 0.0 -0.025013007070635838 -0.009791787266841056 0.0 0.0012826805168129898 0.0 0.0 -0.020424942333482164 -0.00805357524199005 0.0 0.0014865903106208943 0.0 0.0 -0.015351354379014328 -0.006146338459207598 0.0 0.0015658722761386114 0.0 0.0 -0.010254960800962006 -0.004258459072736123 0.0 0.0014882401496960319 0.0 0.0 -0.0057082646056458046 -0.002610324471533053 0.0 0.0012215470483778708 0.0 0.0 -0.00239106161338364 -0.0014577444570706476 0.0 0.0007417153150121538 0.0 0.0 -0.0005787787629867522 -0.0005787787629868775 0.0 0.0002169169129868129 0.0 0.0 -0.0014577444569868613 -0.0023910616132374243 0.0 -0.0007417153149724178 0.0 0.0 -0.003331960027808958 -0.0033319600278138004 0.0 -0.0021134517131954464 0.0 0.0 -0.0055839251040447485 -0.003574629185679344 0.0 -0.00318529076088517 0.0 0.0 -0.0082265748628078 -0.0039234463624227625 0.0 -0.0038064653795706533 0.0 0.0 -0.01113401636030617 -0.004461605618428389 0.0 -0.003980770926469722 0.0 0.0 -0.014046209627520187 -0.005108706994583862 0.0 -0.00377372596214934 0.0 0.0 -0.016708495529452253 -0.005762967811235348 0.0 -0.0032553853880241197 0.0 0.0 -0.018902331637120524 -0.006333880697070952 0.0 -0.0024966193560780623 0.0 0.0 -0.020459631705578508 -0.006752666798324365 0.0 -0.0015664480181334405 0.0 0.0 -0.021266811402558226 -0.006973423816184015 0.0 -0.0005335775601360157 0.0 0.0 -0.021266811402769013 -0.006973423816323414 0.0 0.0005335775598978501 0.0 0.0 -0.020459631705947483 -0.006752666798462793 0.0 0.0015664480179183268 0.0 0.0 -0.018902331637313856 -0.006333880696980806 0.0 0.0024966193559123294 0.0 0.0 -0.0167084955295637 -0.005762967811112638 0.0 0.0032553853879428917 0.0 0.0 -0.014046209627736306 -0.005108706994520226 0.0 0.003773725962176245 0.0 0.0 -0.011134016360635178 -0.004461605618470251 0.0 0.0039807709265733595 0.0 0.0 -0.008226574863141019 -0.003923446362555582 0.0 0.003806465379708766 0.0 0.0 -0.005583925104264369 -0.0035746291857697873 0.0 0.0031852907610333777 0.0 0.0 -0.0033319600279519365 -0.003331960027954161 0.0 0.00211345171331 0.0 0.0 -0.0014577444570681144 -0.0023910616133835747 0.0 0.0007417153150122875 0.0 0.0 -0.002610324471394523 -0.005708264605321203 0.0 -0.0012215470483169948 0.0 0.0 -0.0035746291856449466 -0.005583925104048652 0.0 -0.003185290760881264 0.0 0.0 -0.004648153664511747 -0.004648153664542044 0.0 -0.004471426733493006 0.0 0.0 -0.005800495940379939 -0.003628712275407494 0.0 -0.005204669238420993 0.0 0.0 -0.007013785218689786 -0.0027851613723540655 0.0 -0.005395912714283925 0.0 0.0 -0.008233201502470398 -0.0021538616902092005 0.0 -0.005101236682884566 0.0 0.0 -0.009363675807577132 -0.0017095584635035176 0.0 -0.004398881414928679 0.0 0.0 -0.010309123745683471 -0.0014143829790140817 0.0 -0.0033745554478955358 0.0 0.0 -0.01098781759560383 -0.0012360494430809891 0.0 -0.0021181969149565707 0.0 0.0 -0.011342047432251817 -0.001152392188600447 0.0 -0.0007216741331080968 0.0 0.0 -0.011342047432198183 -0.0011523921885219846 0.0 0.0007216741327851372 0.0 0.0 -0.010987817595522236 -0.0012360494429624763 0.0 0.0021181969147364677 0.0 0.0 -0.010309123745649015 -0.0014143829787469752 0.0 0.0033745554477232135 0.0 0.0 -0.009363675807616961 -0.0017095584632027417 0.0 0.004398881414841071 0.0 0.0 -0.008233201502472275 -0.002153861689919009 0.0 0.005101236682892666 0.0 0.0 -0.007013785218703753 -0.002785161372166372 0.0 0.005395912714375538 0.0 0.0 -0.00580049594044489 -0.0036287122753670457 0.0 0.005204669238592146 0.0 0.0 -0.004648153664593974 -0.004648153664603158 0.0 0.004471426733684389 0.0 0.0 -0.0035746291857666956 -0.005583925104268276 0.0 0.003185290761029471 0.0 0.0 -0.0026103244715338855 -0.0057082646056445035 0.0 0.0012215470483748513 0.0 0.0 -0.004258459072501165 -0.01025496080040454 0.0 -0.0014882401496313534 0.0 0.0 -0.003923446362396253 -0.008226574862816558 0.0 -0.003806465379542055 0.0 0.0 -0.003628712275319541 -0.00580049594040319 0.0 -0.005204669238398487 0.0 0.0 -0.0033569546368677275 -0.003356954636973287 0.0 -0.005930020781423988 0.0 0.0 -0.00311571065208657 -0.001142969428566166 0.0 -0.006081051543227093 0.0 0.0 -0.002923709400728908 0.000738001586430926 0.0 -0.0057194175696877675 0.0 0.0 -0.0027884404870015416 0.0022528767766009004 0.0 -0.004920567076471227 0.0 0.0 -0.0027026947479575937 0.003391681244503577 0.0 -0.0037713136728116385 0.0 0.0 -0.002654814312990969 0.004151892051909422 0.0 -0.0023664498957982256 0.0 0.0 -0.0026339418506499995 0.004532296539658809 0.0 -0.0008062048034585782 0.0 0.0 -0.00263394185060717 0.0045322965398658585 0.0 0.000806204803129346 0.0 0.0 -0.0026548143130082193 0.004151892052127268 0.0 0.0023664498955581334 0.0 0.0 -0.002702694747872903 0.0033916812448182413 0.0 0.0037713136726334313 0.0 0.0 -0.002788440486745719 0.0022528767772144374 0.0 0.004920567076365433 0.0 0.0 -0.0029237094005639995 0.00073800158692332 0.0 0.005719417569717354 0.0 0.0 -0.0031157106519463826 -0.00114296942820852 0.0 0.00608105154333992 0.0 0.0 -0.0033569546367613508 -0.0033569546367728303 0.0 0.0059300207815971015 0.0 0.0 -0.0036287122753301906 -0.005800495940470882 0.0 0.00520466923859259 0.0 0.0 -0.003923446362507809 -0.008226574863121552 0.0 0.003806465379695022 0.0 0.0 -0.004258459072711024 -0.010254960800937855 0.0 0.0014882401496904981 0.0 0.0 -0.006146338458875502 -0.015351354378194026 0.0 -0.0015658722760525628 0.0 0.0 -0.0044616056183201264 -0.011134016360263862 0.0 -0.003980770926405104 0.0 0.0 -0.002785161372192493 -0.007013785218689351 0.0 -0.005395912714203945 0.0 0.0 -0.0011429694283703975 -0.003115710652233178 0.0 -0.006081051543184214 0.0 0.0 0.0004180275585910695 0.0004180275583795402 0.0 -0.00617999416203155 0.0 0.0 0.0018367843229390136 0.0034787676757856785 0.0 -0.0057802802359495815 0.0 0.0 0.0030502729152058028 0.005996567705420845 0.0 -0.004957081156263136 0.0 0.0 0.004005353043851876 0.007924508237566205 0.0 -0.0037927528024997168 0.0 0.0 0.0046631697793036225 0.009228802703899378 0.0 -0.0023778602227215342 0.0 0.0 0.004998290093145785 0.009886792815844916 0.0 -0.0008097947456810973 0.0 0.0 0.004998290093346324 0.009886792816094671 0.0 0.0008097947453980625 0.0 0.0 0.004663169779674229 0.00922880270441969 0.0 0.0023778602224393394 0.0 0.0 0.004005353044021446 0.007924508237979338 0.0 0.003792752802302052 0.0 0.0 0.0030502729155229523 0.005996567706282534 0.0 0.004957081156196869 0.0 0.0 0.0018367843233085578 0.00347876767648674 0.0 0.005780280235995546 0.0 0.0 0.0004180275588840575 0.00041802755889293303 0.0 0.006179994162148064 0.0 0.0 -0.0011429694282020335 -0.003115710651948272 0.0 0.006081051543350027 0.0 0.0 -0.002785161372204044 -0.007013785218780914 0.0 0.005395912714375935 0.0 0.0 -0.004461605618488759 -0.01113401636066747 0.0 0.003980770926551709 0.0 0.0 -0.0061463384591840965 -0.015351354378949798 0.0 0.0015658722761157122 0.0 0.0 -0.008053575241575288 -0.020424942332389857 0.0 -0.0014865903105424863 0.0 0.0 -0.005108706994443046 -0.014046209627401537 0.0 -0.0037737259620153184 0.0 0.0 -0.0021538616899391618 -0.008233201502418967 0.0 -0.005101236682719234 0.0 0.0 0.0007380015867775301 -0.002923709400902747 0.0 -0.0057194175695462176 0.0 0.0 0.0034787676762425704 0.001836784322698455 0.0 -0.005780280235920659 0.0 0.0 0.005967904623718521 0.005967904623358162 0.0 -0.005381670643189743 0.0 0.0 0.008103614736049928 0.009386667769738158 0.0 -0.004600940418345203 0.0 0.0 0.009793453750783767 0.012020447342746394 0.0 -0.003513415022652144 0.0 0.0 0.010963006960827129 0.013810920715913529 0.0 -0.002200321564050432 0.0 0.0 0.011560893695769297 0.014716836006156914 0.0 -0.0007489692251116346 0.0 0.0 0.011560893695709597 0.01471683600621211 0.0 0.0007489692248459021 0.0 0.0 0.010963006960860631 0.013810920716356102 0.0 0.002200321563758915 0.0 0.0 0.00979345375108044 0.012020447343431639 0.0 0.003513415022473724 0.0 0.0 0.008103614736665333 0.009386667770910427 0.0 0.004600940418327199 0.0 0.0 0.005967904624134911 0.00596790462414419 0.0 0.00538167064324265 0.0 0.0 0.003478767676570393 0.0018367843233201271 0.0 0.005780280236015313 0.0 0.0 0.0007380015869504798 -0.002923709400579799 0.0 0.005719417569685263 0.0 0.0 -0.0021538616899694735 -0.008233201502527238 0.0 0.0051012366828740155 0.0 0.0 -0.005108706994607455 -0.014046209627856477 0.0 0.0037737259621560405 0.0 0.0 -0.008053575241953388 -0.020424942333356216 0.0 0.0014865903106021576 0.0 0.0 -0.009791787266340933 -0.02501300706933673 0.0 -0.0012826805167776866 0.0 0.0 -0.005762967810998291 -0.016708495529111498 0.0 -0.003255385387806791 0.0 0.0 -0.0017095584632779751 -0.00936367580757824 0.0 -0.004398881414643124 0.0 0.0 0.002252876776915151 -0.002788440487208532 0.0 -0.00492056707620673 0.0 0.0 0.005996567705778464 0.0030502729146248807 0.0 -0.004957081156118247 0.0 0.0 0.00938666777043339 0.008103614735861159 0.0 -0.004600940418362662 0.0 0.0 0.01228977661519616 0.01228977661465682 0.0 -0.0039235819551737446 0.0 0.0 0.014585045416374905 0.015521627045229799 0.0 -0.0029909893100773105 0.0 0.0 0.016173600804149174 0.01772302285219887 0.0 -0.001871151212999706 0.0 0.0 0.016985804354062026 0.018838355052877842 0.0 -0.000636612464679762 0.0 0.0 0.016985804354111927 0.018838355053168908 0.0 0.0006366124643105035 0.0 0.0 0.016173600804376187 0.01772302285275965 0.0 0.001871151212821513 0.0 0.0 0.01458504541692178 0.015521627046274904 0.0 0.0029909893100009168 0.0 0.0 0.012289776615798137 0.012289776615856337 0.0 0.003923581955144097 0.0 0.0 0.009386667770815725 0.008103614736713786 0.0 0.00460094041834154 0.0 0.0 0.005996567705989618 0.0030502729153195243 0.0 0.004957081156197332 0.0 0.0 0.0022528767770048372 -0.0027884404868784986 0.0 0.004920567076356969 0.0 0.0 -0.0017095584632859215 -0.009363675807666227 0.0 0.004398881414817884 0.0 0.0 -0.0057629678111914915 -0.016708495529675127 0.0 0.003255385387939352 0.0 0.0 -0.009791787266793401 -0.025013007070487665 0.0 0.0012826805168209652 0.0 0.0 -0.01121820519727219 -0.028758801773956424 0.0 -0.000983526699507132 0.0 0.0 -0.0063338806967379166 -0.018902331636596253 0.0 -0.002496619355811151 0.0 0.0 -0.0014143829788839958 -0.010309123745674102 0.0 -0.003374555447562694 0.0 0.0 0.003391681244414568 -0.0027026947484169684 0.0 -0.0037713136724925795 0.0 0.0 0.007924508237307039 0.00400535304286741 0.0 -0.003792752802242194 0.0 0.0 0.012020447342838156 0.009793453750140721 0.0 -0.003513415022499407 0.0 0.0 0.015521627045628572 0.014585045415826456 0.0 -0.0029909893100643972 0.0 0.0 0.01828608532827463 0.01828608532777546 0.0 -0.00227702319873896 0.0 0.0 0.020197843145885137 0.02080899566446087 0.0 -0.001423292138692732 0.0 0.0 0.021174918984988064 0.022087965454702013 0.0 -0.0004840310411061001 0.0 0.0 0.02117491898555415 0.022087965455567904 0.0 0.0004840310408494157 0.0 0.0 0.020197843146575876 0.02080899566528006 0.0 0.0014232921385597872 0.0 0.0 0.018286085329016637 0.01828608532900353 0.0 0.0022770231986309164 0.0 0.0 0.01552162704614671 0.014585045416930332 0.0 0.002990989309939958 0.0 0.0 0.012020447343191853 0.009793453751138664 0.0 0.0035134150224325187 0.0 0.0 0.007924508237694193 0.004005353043828531 0.0 0.0037927528023277753 0.0 0.0 0.003391681244608459 -0.0027026947480050245 0.0 0.003771313672676012 0.0 0.0 -0.0014143829789375376 -0.01030912374580349 0.0 0.0033745554477367158 0.0 0.0 -0.0063338806970573884 -0.01890233163732146 0.0 0.0024966193559343266 0.0 0.0 -0.011218205197817736 -0.028758801775279213 0.0 0.0009835266995596543 0.0 0.0 -0.012226557511756263 -0.031399766141612544 0.0 -0.0006169757427008696 0.0 0.0 -0.006752666798245585 -0.020459631705114206 0.0 -0.0015664480178688488 0.0 0.0 -0.0012360494432033856 -0.010987817595574496 0.0 -0.002118196914647442 0.0 0.0 0.004151892051487415 -0.0026548143137064707 0.0 -0.0023664498954823346 0.0 0.0 0.009228802703366214 0.004663169778244358 0.0 -0.0023778602224126524 0.0 0.0 0.013810920715295846 0.010963006959624719 0.0 -0.0022003215638122693 0.0 0.0 0.01772302285156671 0.01617360080305632 0.0 -0.001871151212918095 0.0 0.0 0.020808995664053396 0.020197843145113456 0.0 -0.001423292138630066 0.0 0.0 0.022941663465095363 0.022941663464980964 0.0 -0.000889124068166997 0.0 0.0 0.02403122581647374 0.024332941052318743 0.0 -0.00030229350627202336 0.0 0.0 0.024031225816749366 0.02433294105291222 0.0 0.00030229350620165647 0.0 0.0 0.02294166346550467 0.022941663465843934 0.0 0.0008891240679727964 0.0 0.0 0.020808995664473896 0.020197843146138466 0.0 0.00142329213847007 0.0 0.0 0.01772302285211343 0.016173600804242707 0.0 0.0018711512127712003 0.0 0.0 0.013810920716072362 0.010963006960988937 0.0 0.002200321563798378 0.0 0.0 0.009228802704122506 0.004663169779508379 0.0 0.002377860222498664 0.0 0.0 0.004151892051856765 -0.002654814313170999 0.0 0.002366449895620273 0.0 0.0 -0.0012360494431974856 -0.010987817595741651 0.0 0.0021181969147900798 0.0 0.0 -0.006752666798497712 -0.020459631705854964 0.0 0.0015664480179893657 0.0 0.0 -0.01222655751233296 -0.03139976614310203 0.0 0.0006169757427599968 0.0 0.0 -0.012748019780770366 -0.03276325832860737 0.0 -0.00021013276711711226 0.0 0.0 -0.006973423816110361 -0.021266811401957922 0.0 -0.0005335775599256467 0.0 0.0 -0.0011523921888327167 -0.011342047432213946 0.0 -0.0007216741328166159 0.0 0.0 0.004532296539010638 -0.0026339418514872317 0.0 -0.0008062048031665998 0.0 0.0 0.009886792814967732 0.00499829009197473 0.0 -0.0008097947453921841 0.0 0.0 0.01471683600502755 0.011560893694118144 0.0 -0.0007489692249117602 0.0 0.0 0.018838355052194642 0.01698580435301815 0.0 -0.0006366124644527265 0.0 0.0 0.022087965454437124 0.021174918984173643 0.0 -0.0004840310408845778 0.0 0.0 0.024332941052258687 0.024031225816077244 0.0 -0.0003022935062155723 0.0 0.0 0.025479640364408453 0.025479640364379712 0.0 -0.0001027544871552667 0.0 0.0 0.025479640364377745 0.025479640364614333 0.0 0.00010275448702606759 0.0 0.0 0.02433294105243975 0.024031225816910626 0.0 0.0003022935060848895 0.0 0.0 0.02208796545492596 0.021174918985247083 0.0 0.0004840310407794048 0.0 0.0 0.018838355052958066 0.01698580435438095 0.0 0.000636612464413037 0.0 0.0 0.014716836005938419 0.011560893695731333 0.0 0.0007489692249425737 0.0 0.0 0.009886792815755548 0.004998290093249425 0.0 0.0008097947454608344 0.0 0.0 0.00453229653952297 -0.0026339418508206118 0.0 0.0008062048032360114 0.0 0.0 -0.001152392188702039 -0.011342047432339995 0.0 0.0007216741329284794 0.0 0.0 -0.006973423816311867 -0.021266811402739384 0.0 0.0005335775600109052 0.0 0.0 -0.012748019781387659 -0.032763258330228806 0.0 0.0002101327671404123 0.0 0.0 -0.012748019780737025 -0.03276325832857486 0.0 0.00021013276713791688 0.0 0.0 -0.006973423816030895 -0.021266811401849346 0.0 0.0005335775600149224 0.0 0.0 -0.0011523921888676356 -0.01134204743225215 0.0 0.0007216741329428224 0.0 0.0 0.004532296538933795 -0.0026339418514515684 0.0 0.0008062048033219305 0.0 0.0 0.009886792814746036 0.004998290091892304 0.0 0.0008097947455992267 0.0 0.0 0.014716836004742582 0.01156089369396239 0.0 0.0007489692250919934 0.0 0.0 0.018838355052022606 0.016985804353051245 0.0 0.0006366124646754733 0.0 0.0 0.02208796545408937 0.021174918983919377 0.0 0.00048403104109747644 0.0 0.0 0.024332941051761453 0.0240312258158117 0.0 0.00030229350629672164 0.0 0.0 0.02547964036391457 0.025479640364052054 0.0 0.00010275448709595668 0.0 0.0 0.025479640364224718 0.025479640364499713 0.0 -0.00010275448721809458 0.0 0.0 0.024332941052441222 0.024031225816853973 0.0 -0.0003022935063560943 0.0 0.0 0.02208796545495776 0.021174918985283623 0.0 -0.0004840310410757586 0.0 0.0 0.018838355053079025 0.01698580435452948 0.0 -0.0006366124646218214 0.0 0.0 0.014716836006021682 0.011560893695796555 0.0 -0.0007489692250580697 0.0 0.0 0.009886792815785656 0.004998290093258742 0.0 -0.0008097947455566287 0.0 0.0 0.0045322965396720274 -0.0026339418506926135 0.0 -0.0008062048032855121 0.0 0.0 -0.0011523921885755685 -0.011342047432286385 0.0 -0.000721674132928216 0.0 0.0 -0.006973423816266927 -0.02126681140272157 0.0 -0.0005335775600091285 0.0 0.0 -0.012748019781380203 -0.032763258330231505 0.0 -0.00021013276714310777 0.0 0.0 -0.012226557511723041 -0.031399766141515094 0.0 0.0006169757427397453 0.0 0.0 -0.006752666798265962 -0.020459631705006677 0.0 0.0015664480179192202 0.0 0.0 -0.0012360494433477397 -0.01098781759560422 0.0 0.0021181969147256803 0.0 0.0 0.004151892051349891 -0.0026548143136351896 0.0 0.0023664498956106885 0.0 0.0 0.009228802703180392 0.004663169778229603 0.0 0.0023778602225678984 0.0 0.0 0.013810920715054657 0.010963006959471696 0.0 0.0022003215640208967 0.0 0.0 0.01772302285124498 0.016173600803003164 0.0 0.0018711512130529739 0.0 0.0 0.02080899566336946 0.020197843144695492 0.0 0.0014232921387340343 0.0 0.0 0.022941663464320798 0.02294166346440257 0.0 0.00088912406823491 0.0 0.0 0.024031225815857545 0.02433294105190845 0.0 0.00030229350631131685 0.0 0.0 0.024031225816227377 0.024332941052420315 0.0 -0.0003022935062195493 0.0 0.0 0.022941663465343293 0.02294166346562524 0.0 -0.0008891240681459481 0.0 0.0 0.02080899566470864 0.020197843146263394 0.0 -0.0014232921386848035 0.0 0.0 0.017723022852513336 0.016173600804621168 0.0 -0.0018711512129850753 0.0 0.0 0.013810920716318793 0.01096300696119306 0.0 -0.002200321563971785 0.0 0.0 0.009228802704355995 0.004663169779704166 0.0 -0.0023778602225652643 0.0 0.0 0.004151892052088511 -0.0026548143129886256 0.0 -0.002366449895645197 0.0 0.0 -0.0012360494430511844 -0.01098781759566398 0.0 -0.002118196914839844 0.0 0.0 -0.006752666798422174 -0.02045963170581638 0.0 -0.0015664480180245816 0.0 0.0 -0.01222655751231405 -0.03139976614309005 0.0 -0.0006169757427783338 0.0 0.0 -0.011218205197259214 -0.028758801773839528 0.0 0.0009835266995010044 0.0 0.0 -0.006333880696792009 -0.01890233163650537 0.0 0.0024966193558074636 0.0 0.0 -0.0014143829789766385 -0.010309123745566985 0.0 0.003374555447611904 0.0 0.0 0.0033916812442459283 -0.0027026947483445637 0.0 0.0037713136725826763 0.0 0.0 0.007924508237030784 0.004005353042888084 0.0 0.0037927528023643645 0.0 0.0 0.012020447342295789 0.009793453749883777 0.0 0.0035134150226303687 0.0 0.0 0.01552162704496286 0.014585045415440553 0.0 0.0029909893101401036 0.0 0.0 0.01828608532782467 0.018286085327628446 0.0 0.002277023198832075 0.0 0.0 0.02019784314522345 0.02080899566369151 0.0 0.0014232921387777816 0.0 0.0 0.021174918984360983 0.022087965454354434 0.0 0.00048403104109702726 0.0 0.0 0.021174918984642202 0.022087965454828638 0.0 -0.000484031040819521 0.0 0.0 0.020197843145812893 0.020808995664689717 0.0 -0.0014232921385359193 0.0 0.0 0.018286085328671597 0.018286085328859114 0.0 -0.0022770231986867515 0.0 0.0 0.015521627046191493 0.014585045417094464 0.0 -0.002990989310077173 0.0 0.0 0.01202044734355272 0.00979345375151244 0.0 -0.0035134150225766257 0.0 0.0 0.007924508238062847 0.004005353044180175 0.0 -0.0037927528024188665 0.0 0.0 0.003391681244769652 -0.002702694747878402 0.0 -0.003771313672757917 0.0 0.0 -0.001414382978876882 -0.010309123745753473 0.0 -0.0033745554478108964 0.0 0.0 -0.006333880697015434 -0.018902331637266043 0.0 -0.002496619355998731 0.0 0.0 -0.011218205197787065 -0.028758801775215247 0.0 -0.0009835266995891208 0.0 0.0 -0.00979178726629126 -0.025013007069251553 0.0 0.0012826805167655147 0.0 0.0 -0.00576296781085794 -0.016708495528868984 0.0 0.003255385387797774 0.0 0.0 -0.0017095584631799069 -0.009363675807373392 0.0 0.0043988814146496144 0.0 0.0 0.002252876776895494 -0.0027884404870306217 0.0 0.004920567076219104 0.0 0.0 0.005996567705546614 0.003050272914675436 0.0 0.004957081156139672 0.0 0.0 0.0093866677699053 0.008103614735584625 0.0 0.004600940418364182 0.0 0.0 0.012289776614646374 0.012289776614434823 0.0 0.003923581955295358 0.0 0.0 0.014585045415787872 0.015521627044942334 0.0 0.0029909893102031703 0.0 0.0 0.016173600803207046 0.017723022851242585 0.0 0.001871151213017001 0.0 0.0 0.01698580435336256 0.018838355052415948 0.0 0.0006366124646748006 0.0 0.0 0.016985804353498956 0.01883835505269567 0.0 -0.0006366124643118852 0.0 0.0 0.01617360080363239 0.01772302285212547 0.0 -0.0018711512127514603 0.0 0.0 0.014585045416298471 0.015521627045955494 0.0 -0.0029909893099350814 0.0 0.0 0.012289776615372271 0.012289776615721032 0.0 -0.003923581955123317 0.0 0.0 0.009386667770678581 0.008103614736923432 0.0 -0.004600940418370696 0.0 0.0 0.005996567705972044 0.003050272915470485 0.0 -0.004957081156289716 0.0 0.0 0.0022528767770309687 -0.0027884404867808054 0.0 -0.004920567076475196 0.0 0.0 -0.0017095584632893352 -0.009363675807619818 0.0 -0.004398881414912501 0.0 0.0 -0.005762967811187864 -0.016708495529596423 0.0 -0.003255385388003068 0.0 0.0 -0.009791787266748949 -0.025013007070355076 0.0 -0.0012826805168503544 0.0 0.0 -0.008053575241544203 -0.020424942332335005 0.0 0.001486590310548844 0.0 0.0 -0.005108706994337981 -0.014046209627160921 0.0 0.0037737259620049006 0.0 0.0 -0.002153861689902799 -0.008233201502268708 0.0 0.005101236682680352 0.0 0.0 0.000738001586816485 -0.0029237094006665256 0.0 0.005719417569504243 0.0 0.0 0.0034787676761637667 0.001836784322749336 0.0 0.005780280235850569 0.0 0.0 0.005967904623659938 0.005967904623393872 0.0 0.005381670643183709 0.0 0.0 0.008103614735974452 0.009386667769851424 0.0 0.004600940418409839 0.0 0.0 0.009793453750105303 0.012020447342126482 0.0 0.0035134150226048756 0.0 0.0 0.010963006959833795 0.01381092071509285 0.0 0.0022003215640092025 0.0 0.0 0.011560893694817753 0.014716836005544987 0.0 0.0007489692251671959 0.0 0.0 0.011560893694859428 0.014716836005692324 0.0 -0.0007489692247960684 0.0 0.0 0.01096300696013109 0.013810920715807116 0.0 -0.00220032156369136 0.0 0.0 0.00979345375054319 0.012020447343145859 0.0 -0.0035134150223475663 0.0 0.0 0.008103614736234327 0.00938666777068382 0.0 -0.00460094041822091 0.0 0.0 0.005967904623871982 0.005967904624216633 0.0 -0.005381670643215353 0.0 0.0 0.0034787676762769513 0.0018367843232747786 0.0 -0.005780280236050249 0.0 0.0 0.0007380015867490717 -0.002923709400579968 0.0 -0.005719417569762275 0.0 0.0 -0.0021538616900487135 -0.008233201502464324 0.0 -0.005101236682947886 0.0 0.0 -0.0051087069945947704 -0.014046209627730382 0.0 -0.003773725962198429 0.0 0.0 -0.008053575241887264 -0.02042494233316977 0.0 -0.0014865903106183612 0.0 0.0 -0.0061463384588594655 -0.015351354378132327 0.0 0.0015658722760666245 0.0 0.0 -0.004461605618296773 -0.011134016360141795 0.0 0.003980770926385167 0.0 0.0 -0.0027851613721616994 -0.007013785218538568 0.0 0.005395912714152934 0.0 0.0 -0.0011429694283243026 -0.0031157106520145043 0.0 0.006081051543123477 0.0 0.0 0.0004180275586205861 0.0004180275584619959 0.0 0.0061799941619751384 0.0 0.0 0.001836784322956679 0.0034787676759745288 0.0 0.0057802802359082014 0.0 0.0 0.0030502729148441004 0.005996567705294536 0.0 0.004957081156146022 0.0 0.0 0.004005353043215034 0.007924508236910517 0.0 0.003792752802368113 0.0 0.0 0.0046631697788609506 0.009228802703475359 0.0 0.002377860222669886 0.0 0.0 0.004998290092711086 0.009886792815500282 0.0 0.0008097947456996448 0.0 0.0 0.004998290092777113 0.009886792815674837 0.0 -0.0008097947453408879 0.0 0.0 0.004663169779061004 0.009228802704034356 0.0 -0.0023778602223277017 0.0 0.0 0.00400535304345558 0.007924508237700231 0.0 -0.003792752802153891 0.0 0.0 0.003050272914889273 0.005996567705899189 0.0 -0.004957081156070805 0.0 0.0 0.0018367843228131993 0.0034787676763551227 0.0 -0.005780280235926536 0.0 0.0 0.0004180275584896012 0.0004180275587516136 0.0 -0.006179994162138237 0.0 0.0 -0.0011429694284697132 -0.003115710651996725 0.0 -0.006081051543354668 0.0 0.0 -0.002785161372319013 -0.007013785218703827 0.0 -0.005395912714380207 0.0 0.0 -0.004461605618491806 -0.01113401636053009 0.0 -0.003980770926555415 0.0 0.0 -0.00614633845911395 -0.01535135437874634 0.0 -0.0015658722761230236 0.0 0.0 -0.004258459072485633 -0.010254960800343764 0.0 0.0014882401496278507 0.0 0.0 -0.003923446362396263 -0.008226574862782783 0.0 0.003806465379517095 0.0 0.0 -0.003628712275267884 -0.005800495940246322 0.0 0.005204669238348241 0.0 0.0 -0.0033569546367805962 -0.0033569546367667362 0.0 0.005930020781362859 0.0 0.0 -0.00311571065209645 -0.0011429694284741082 0.0 0.006081051543158757 0.0 0.0 -0.002923709400848383 0.0007380015864701486 0.0 0.005719417569554261 0.0 0.0 -0.002788440487136738 0.002252876776497692 0.0 0.004920567076293901 0.0 0.0 -0.002702694748181503 0.0033916812441546476 0.0 0.0037713136727004883 0.0 0.0 -0.002654814313250979 0.004151892051623753 0.0 0.0023664498957537607 0.0 0.0 -0.0026339418508816337 0.004532296539475165 0.0 0.000806204803443913 0.0 0.0 -0.0026339418508274687 0.004532296539635913 0.0 -0.0008062048030908706 0.0 0.0 -0.0026548143131748685 0.004151892052025734 0.0 -0.002366449895465723 0.0 0.0 -0.0027026947481801314 0.0033916812446056696 0.0 -0.0037713136725309676 0.0 0.0 -0.002788440487134022 0.002252876776945926 0.0 -0.004920567076255236 0.0 0.0 -0.0029237094009168917 0.0007380015867532189 0.0 -0.005719417569608964 0.0 0.0 -0.0031157106522530075 -0.0011429694283495483 0.0 -0.006081051543269049 0.0 0.0 -0.0033569546369309543 -0.0033569546367824402 0.0 -0.00593002078153755 0.0 0.0 -0.0036287122753910104 -0.005800495940379697 0.0 -0.0052046692385391245 0.0 0.0 -0.003923446362508628 -0.008226574863002545 0.0 -0.003806465379660429 0.0 0.0 -0.004258459072654771 -0.010254960800761733 0.0 -0.0014882401496797066 0.0 0.0 -0.002610324471380383 -0.005708264605283028 0.0 0.001221547048311901 0.0 0.0 -0.003574629185635423 -0.005583925104038041 0.0 0.0031852907608648654 0.0 0.0 -0.004648153664421272 -0.004648153664406419 0.0 0.004471426733458496 0.0 0.0 -0.0058004959402668315 -0.0036287122752165224 0.0 0.005204669238354372 0.0 0.0 -0.0070137852186472815 -0.002785161372294047 0.0 0.005395912714168895 0.0 0.0 -0.00823320150243175 -0.00215386169018495 0.0 0.005101236682738781 0.0 0.0 -0.009363675807562115 -0.0017095584635208102 0.0 0.004398881414785495 0.0 0.0 -0.010309123745653829 -0.0014143829791279812 0.0 0.003374555447795984 0.0 0.0 -0.010987817595479702 -0.0012360494431706251 0.0 0.002118196914917768 0.0 0.0 -0.011342047432083011 -0.001152392188598104 0.0 0.0007216741330829562 0.0 0.0 -0.011342047432096521 -0.001152392188511803 0.0 -0.0007216741327665639 0.0 0.0 -0.010987817595502767 -0.001236049442964527 0.0 -0.002118196914678373 0.0 0.0 -0.010309123745659851 -0.0014143829788305386 0.0 -0.003374555447651672 0.0 0.0 -0.009363675807634057 -0.001709558463288901 0.0 -0.0043988814147441855 0.0 0.0 -0.008233201502520977 -0.0021538616900023777 0.0 -0.005101236682797416 0.0 0.0 -0.007013785218755767 -0.0027851613722139974 0.0 -0.005395912714279147 0.0 0.0 -0.0058004959404518155 -0.003628712275313579 0.0 -0.005204669238492535 0.0 0.0 -0.004648153664567673 -0.004648153664516211 0.0 -0.004471426733606447 0.0 0.0 -0.0035746291857264726 -0.0055839251041639336 0.0 -0.003185290760980067 0.0 0.0 -0.0026103244714864617 -0.005708264605526116 0.0 -0.0012215470483582578 0.0 0.0 -0.0014577444569751484 -0.002391061613222678 0.0 0.0007417153149689027 0.0 0.0 -0.0033319600277861975 -0.0033319600278005463 0.0 0.002113451713189287 0.0 0.0 -0.005583925103995625 -0.0035746291856078374 0.0 0.0031852907608652756 0.0 0.0 -0.008226574862725596 -0.0039234463623150475 0.0 0.0038064653795017505 0.0 0.0 -0.011134016360196189 -0.0044616056183763575 0.0 0.003980770926376238 0.0 0.0 -0.014046209627308974 -0.005108706994506115 0.0 0.0037737259620490684 0.0 0.0 -0.016708495529091504 -0.005762967811096876 0.0 0.0032553853879160074 0.0 0.0 -0.01890233163674125 -0.006333880696946202 0.0 0.002496619355999721 0.0 0.0 -0.02045963170528622 -0.006752666798303871 0.0 0.0015664480181029404 0.0 0.0 -0.021266811402204072 -0.006973423816089059 0.0 0.0005335775601296251 0.0 0.0 -0.02126681140226837 -0.0069734238160880525 0.0 -0.0005335775598867125 0.0 0.0 -0.020459631705452157 -0.00675266679826399 0.0 -0.0015664480179019388 0.0 0.0 -0.018902331636991915 -0.006333880696901767 0.0 -0.0024966193558835577 0.0 0.0 -0.016708495529385047 -0.005762967811086376 0.0 -0.003255385387891027 0.0 0.0 -0.014046209627613488 -0.005108706994523527 0.0 -0.0037737259620902026 0.0 0.0 -0.01113401636048916 -0.004461605618422619 0.0 -0.0039807709264775 0.0 0.0 -0.008226574863000538 -0.0039234463624603375 0.0 -0.0038064653796190335 0.0 0.0 -0.005583925104185206 -0.0035746291857074496 0.0 -0.0031852907609627055 0.0 0.0 -0.0033319600278982463 -0.0033319600278838993 0.0 -0.0021134517132676365 0.0 0.0 -0.0014577444570395847 -0.0023910616133286065 0.0 -0.0007417153149989013 0.0 0.0 -0.0005787787629503029 -0.000578778762949623 0.0 0.0002169169129777737 0.0 0.0 -0.0023910616132301146 -0.0014577444569857211 0.0 0.0007417153149701145 0.0 0.0 -0.005708264605292033 -0.002610324471381414 0.0 0.001221547048314996 0.0 0.0 -0.010254960800325763 -0.004258459072457626 0.0 0.0014882401496155806 0.0 0.0 -0.015351354378076264 -0.006146338458851066 0.0 0.0015658722760489845 0.0 0.0 -0.02042494233227209 -0.008053575241549564 0.0 0.001486590310561827 0.0 0.0 -0.025013007069296416 -0.009791787266351463 0.0 0.001282680516819203 0.0 0.0 -0.028758801774097325 -0.011218205197372799 0.0 0.0009835266995923393 0.0 0.0 -0.03139976614202358 -0.012226557511913186 0.0 0.000616975742817435 0.0 0.0 -0.03276325832929855 -0.012748019781010424 0.0 0.00021013276719980566 0.0 0.0 -0.03276325832945603 -0.012748019781068718 0.0 -0.00021013276708816537 0.0 0.0 -0.03139976614245885 -0.012226557512057423 0.0 -0.0006169757427243794 0.0 0.0 -0.02875880177473107 -0.011218205197594701 0.0 -0.0009835266995365148 0.0 0.0 -0.025013007070009478 -0.009791787266601416 0.0 -0.0012826805167990617 0.0 0.0 -0.02042494233295015 -0.008053575241791766 0.0 -0.0014865903105796636 0.0 0.0 -0.015351354378628428 -0.006146338459058652 0.0 -0.0015658722760885195 0.0 0.0 -0.010254960800712292 -0.004258459072619809 0.0 -0.001488240149661021 0.0 0.0 -0.005708264605515728 -0.0026103244714780734 0.0 -0.001221547048348905 0.0 0.0 -0.002391061613329301 -0.0014577444570338957 0.0 -0.0007417153149955033 0.0 0.0 -0.0005787787629756008 -0.0005787787629740903 0.0 -0.00021691691298393533 0.0 0.0 -7.276530683667281e-05 0.0 -0.00020370109569595253 0.0 -2.4889934686054908e-05 0.0 -0.0005323669053950502 0.0 -0.0013460369172270908 0.0 -5.5854008170491564e-05 0.0 -0.0016345883322798382 0.0 -0.004098344534877112 0.0 -6.785813988749888e-05 0.0 -0.0032851945390198318 0.0 -0.008219612198551156 0.0 -7.978652209053256e-05 0.0 -0.005198749757413529 0.0 -0.012995742056895118 0.0 -8.25024324471525e-05 0.0 -0.0071370731174768805 0.0 -0.017837575471657013 0.0 -7.672787665515404e-05 0.0 -0.008908516585506935 0.0 -0.022261740124950434 0.0 -6.518043329059261e-05 0.0 -0.010363370421214208 0.0 -0.02589675367701251 0.0 -4.912859882024603e-05 0.0 -0.011393251425229716 0.0 -0.028469485882877527 0.0 -3.05640536882179e-05 0.0 -0.011925897550610009 0.0 -0.029800442892715433 0.0 -1.0290471517704514e-05 0.0 -0.011925897550605163 0.0 -0.029800442892696396 0.0 1.0290471511586228e-05 0.0 -0.01139325142526707 0.0 -0.02846948588297701 0.0 3.0564053688140475e-05 0.0 -0.010363370421253742 0.0 -0.025896753677107965 0.0 4.912859880763696e-05 0.0 -0.008908516585472225 0.0 -0.02226174012486623 0.0 6.518043328262002e-05 0.0 -0.007137073117436902 0.0 -0.017837575471553915 0.0 7.672787664929484e-05 0.0 -0.005198749757392008 0.0 -0.012995742056843252 0.0 8.250243244391957e-05 0.0 -0.0032851945390069753 0.0 -0.00821961219851736 0.0 7.978652208496886e-05 0.0 -0.0016345883322729175 0.0 -0.004098344534860197 0.0 6.785813988567287e-05 0.0 -0.0005323669053979137 0.0 -0.0013460369172338634 0.0 5.585400816692523e-05 0.0 -7.276530683498778e-05 0.0 -0.00020370109569086556 0.0 2.488993468496329e-05 0.0 0.0 -7.276530682888126e-05 -0.0002037010956758998 0.0 0.0 -2.4889934685839982e-05 0.0 -0.0005323669053885719 -0.0013460369172106842 0.0 0.0 -5.5854008167834184e-05 0.0 -0.0016345883322763889 -0.00409834453486759 0.0 0.0 -6.785813988448618e-05 0.0 -0.0032851945390205504 -0.008219612198552445 0.0 0.0 -7.97865220841549e-05 0.0 -0.005198749757405795 -0.012995742056876855 0.0 0.0 -8.250243244383636e-05 0.0 -0.007137073117438229 -0.01783757547155864 0.0 0.0 -7.672787665045425e-05 0.0 -0.008908516585497513 -0.022261740124928375 0.0 0.0 -6.518043328122064e-05 0.0 -0.010363370421323025 -0.025896753677282964 0.0 0.0 -4.912859880859828e-05 0.0 -0.011393251425433164 -0.028469485883389038 0.0 0.0 -3.0564053682058765e-05 0.0 -0.011925897550886818 -0.029800442893403115 0.0 0.0 -1.0290471507842672e-05 0.0 -0.011925897550955111 -0.029800442893574575 0.0 0.0 1.0290471521810558e-05 0.0 -0.011393251425615715 -0.0284694858838446 0.0 0.0 3.056405369437094e-05 0.0 -0.010363370421589265 -0.02589675367794838 0.0 0.0 4.912859882190638e-05 0.0 -0.008908516585796732 -0.022261740125675583 0.0 0.0 6.51804332925858e-05 0.0 -0.007137073117717367 -0.017837575472256118 0.0 0.0 7.672787666302502e-05 0.0 -0.005198749757621103 -0.012995742057415483 0.0 0.0 8.250243245366916e-05 0.0 -0.0032851945391629478 -0.00821961219890814 0.0 0.0 7.978652209592332e-05 0.0 -0.001634588332361563 -0.004098344535081805 0.0 0.0 6.78581398940906e-05 0.0 -0.0005323669054293077 -0.001346036917312899 0.0 0.0 5.585400817670901e-05 0.0 -7.276530684203058e-05 -0.00020370109571199498 0.0 0.0 2.4889934689341257e-05 -7.276530684405911e-05 0.0 -0.00020370109571693563 0.0 2.4889934689007228e-05 0.0 -0.0005323669054422761 0.0 -0.0013460369173456208 0.0 5.5854008176077224e-05 0.0 -0.001634588332385966 0.0 -0.004098344535142216 0.0 6.785813989359015e-05 0.0 -0.0032851945392109397 0.0 -0.008219612199028245 0.0 7.978652209323063e-05 0.0 -0.0051987497576968566 0.0 -0.01299574205760435 0.0 8.250243245167322e-05 0.0 -0.007137073117837715 0.0 -0.017837575472556697 0.0 7.672787665732173e-05 0.0 -0.008908516585970869 0.0 -0.022261740126111033 0.0 6.51804332884818e-05 0.0 -0.010363370421815456 0.0 -0.025896753678512734 0.0 4.9128598814705715e-05 0.0 -0.011393251425903321 0.0 -0.028469485884563994 0.0 3.056405368697745e-05 0.0 -0.011925897551305784 0.0 -0.029800442894449795 0.0 1.029047151199726e-05 0.0 -0.011925897551307246 0.0 -0.029800442894454795 0.0 -1.029047151864464e-05 0.0 -0.011393251425909955 0.0 -0.028469485884579503 0.0 -3.056405369322978e-05 0.0 -0.01036337042184185 0.0 -0.025896753678579677 0.0 -4.912859882239543e-05 0.0 -0.00890851658601586 0.0 -0.022261740126222826 0.0 -6.518043329430802e-05 0.0 -0.007137073117898724 0.0 -0.017837575472709494 0.0 -7.672787666512085e-05 0.0 -0.005198749757763149 0.0 -0.012995742057769882 0.0 -8.250243245711595e-05 0.0 -0.0032851945392683457 0.0 -0.008219612199171833 0.0 -7.97865221000596e-05 0.0 -0.0016345883324252123 0.0 -0.004098344535240593 0.0 -6.785813989804004e-05 0.0 -0.0005323669054569442 0.0 -0.0013460369173826092 0.0 -5.5854008181117815e-05 0.0 -7.276530684925615e-05 0.0 -0.00020370109573160752 0.0 -2.488993469095636e-05 0.0 0.0 -7.276530684709486e-05 -0.00020370109572625687 0.0 0.0 2.4889934691191797e-05 0.0 -0.0005323669054633662 -0.0013460369173986652 0.0 0.0 5.585400818046748e-05 0.0 -0.001634588332431869 -0.004098344535257503 0.0 0.0 6.785813989934978e-05 0.0 -0.0032851945393011796 -0.008219612199253578 0.0 0.0 7.978652209777643e-05 0.0 -0.005198749757820799 -0.012995742057915125 0.0 0.0 8.250243245946955e-05 0.0 -0.00713707311791524 -0.017837575472748935 0.0 0.0 7.672787666800991e-05 0.0 -0.008908516586017809 -0.022261740126228276 0.0 0.0 6.518043329160803e-05 0.0 -0.010363370421904824 -0.025896753678737172 0.0 0.0 4.912859881881258e-05 0.0 -0.01139325142597831 -0.0284694858847515 0.0 0.0 3.056405369722988e-05 0.0 -0.011925897551252857 -0.029800442894318963 0.0 0.0 1.0290471528194653e-05 0.0 -0.01192589755115753 -0.029800442894077708 0.0 0.0 -1.0290471510241492e-05 0.0 -0.011393251425698516 -0.028469485884055096 0.0 0.0 -3.0564053679957385e-05 0.0 -0.010363370421598487 -0.025896753677967902 0.0 0.0 -4.912859881254007e-05 0.0 -0.0089085165857832 -0.022261740125647193 0.0 0.0 -6.51804332798716e-05 0.0 -0.007137073117654075 -0.017837575472091832 0.0 0.0 -7.672787664904508e-05 0.0 -0.005198749757522773 -0.012995742057173675 0.0 0.0 -8.250243244661826e-05 0.0 -0.003285194539084868 -0.00821961219870995 0.0 0.0 -7.978652208691728e-05 0.0 -0.0016345883323088206 -0.004098344534951465 0.0 0.0 -6.785813988846119e-05 0.0 -0.0005323669054031873 -0.0013460369172459915 0.0 0.0 -5.5854008169756034e-05 0.0 -7.276530683084808e-05 -0.00020370109568233224 0.0 0.0 -2.4889934687803045e-05</DataArray>
        <DataArray type="Float64" Name="Strain" NumberOfComponents="6" format="ascii">-3.472672577685458e-07 -3.4726725776957916e-07 0.0 -6.073673563333406e-07 0.0 0.0 -1.807963830434265e-06 -5.013198116978485e-07 0.0 -2.076802881918293e-06 0.0 0.0 -4.664134816755367e-06 -3.270186292766721e-07 0.0 -3.420331735309837e-06 0.0 0.0 -8.551577171413028e-06 -1.564747523424888e-07 0.0 -4.167072418999125e-06 0.0 0.0 -1.289281899469666e-05 -5.79670762796923e-09 0.0 -4.384442373045624e-06 0.0 0.0 -1.7203512235904624e-05 1.1640169137007737e-07 0.0 -4.162452869667358e-06 0.0 0.0 -2.1096292163107898e-05 2.1341556136385857e-07 0.0 -3.591505447172934e-06 0.0 0.0 -2.427151969562062e-05 2.853155122601638e-07 0.0 -2.753874759016139e-06 0.0 0.0 -2.6509143137818824e-05 3.333489449340704e-07 0.0 -1.7275320799394766e-06 0.0 0.0 -2.7664050417464455e-05 3.5728355072353273e-07 0.0 -5.883717481300591e-07 0.0 0.0 -2.766405041755332e-05 3.572835506937576e-07 0.0 5.88371747902771e-07 0.0 0.0 -2.6509143138144647e-05 3.333489449190668e-07 0.0 1.727532079598967e-06 0.0 0.0 -2.4271519696229216e-05 2.8531551231932585e-07 0.0 2.7538747586693226e-06 0.0 0.0 -2.1096292163899413e-05 2.1341556141328043e-07 0.0 3.5915054470763712e-06 0.0 0.0 -1.7203512236686144e-05 1.1640169140281657e-07 0.0 4.162452869738504e-06 0.0 0.0 -1.2892818995331288e-05 -5.796707601866136e-09 0.0 4.384442373188112e-06 0.0 0.0 -8.551577171867556e-06 -1.564747523513201e-07 0.0 4.167072419148889e-06 0.0 0.0 -4.664134817032583e-06 -3.2701862927473077e-07 0.0 3.420331735458038e-06 0.0 0.0 -1.8079638305553813e-06 -5.013198117171911e-07 0.0 2.0768028820340306e-06 0.0 0.0 -3.472672577920011e-07 -3.4726725779217667e-07 0.0 6.073673563630761e-07 0.0 0.0 -5.013198116918916e-07 -1.8079638304426795e-06 0.0 -2.07680288192277e-06 0.0 0.0 -1.9991760166834375e-06 -1.999176016690217e-06 0.0 -5.9176647969472495e-06 0.0 0.0 -4.1540734297730106e-06 -1.3410591440614442e-06 0.0 -8.918814130478475e-06 0.0 0.0 -6.6571963178386935e-06 -6.328164172996429e-07 0.0 -1.0658103062797829e-05 0.0 0.0 -9.349374112934814e-06 -7.999074305920932e-09 0.0 -1.1146158594115222e-05 0.0 0.0 -1.200272682968664e-05 5.097768564242132e-07 0.0 -1.0566432694018151e-05 0.0 0.0 -1.440330840495811e-05 9.204304005455526e-07 0.0 -9.115079086467533e-06 0.0 0.0 -1.636877935829214e-05 1.2270519577772565e-06 0.0 -6.990534197018574e-06 0.0 0.0 -1.775856498624876e-05 1.4311858839070381e-06 0.0 -4.386054450773633e-06 0.0 0.0 -1.847744187608462e-05 1.5333007448392768e-06 0.0 -1.4940171683808438e-06 0.0 0.0 -1.8477441876239645e-05 1.533300744784192e-06 0.0 1.4940171677139803e-06 0.0 0.0 -1.7758564986562365e-05 1.4311858839162005e-06 0.0 4.386054450171315e-06 0.0 0.0 -1.6368779358521532e-05 1.2270519579447375e-06 0.0 6.990534196554522e-06 0.0 0.0 -1.4403308405118644e-05 9.204304007128426e-07 0.0 9.115079086240096e-06 0.0 0.0 -1.2002726829928214e-05 5.097768565742965e-07 0.0 1.0566432694093485e-05 0.0 0.0 -9.349374113247076e-06 -7.999074216180147e-09 0.0 1.1146158594405405e-05 0.0 0.0 -6.657196318118785e-06 -6.328164172991746e-07 0.0 1.0658103063184543e-05 0.0 0.0 -4.154073429956454e-06 -1.3410591440640393e-06 0.0 8.918814130893457e-06 0.0 0.0 -1.999176016770272e-06 -1.999176016773386e-06 0.0 5.917664797268e-06 0.0 0.0 -5.013198117146844e-07 -1.8079638305563287e-06 0.0 2.076802882034405e-06 0.0 0.0 -3.270186292660418e-07 -4.6641348167633936e-06 0.0 -3.420331735287585e-06 0.0 0.0 -1.341059144025486e-06 -4.154073429790673e-06 0.0 -8.91881413046754e-06 0.0 0.0 -2.7888921986949295e-06 -2.7888921987373443e-06 0.0 -1.2519994853780416e-05 0.0 0.0 -4.349011030216941e-06 -1.3085138992555174e-06 0.0 -1.457307386757878e-05 0.0 0.0 -5.899720669748159e-06 2.0352715121848203e-08 0.0 -1.510855559999499e-05 0.0 0.0 -7.371656826386717e-06 1.1394189107789589e-06 0.0 -1.4283462712076784e-05 0.0 0.0 -8.679852422175724e-06 2.035911859527335e-06 0.0 -1.2316867961800301e-05 0.0 0.0 -9.743370554077838e-06 2.709266519259307e-06 0.0 -9.4487552541075e-06 0.0 0.0 -1.0493397818371433e-05 3.159077595160543e-06 0.0 -5.9309513618783966e-06 0.0 0.0 -1.0881090556811637e-05 3.3844267843002794e-06 0.0 -2.020687572702671e-06 0.0 0.0 -1.0881090556789389e-05 3.384426784357289e-06 0.0 2.020687571798384e-06 0.0 0.0 -1.0493397818337245e-05 3.1590775952464185e-06 0.0 5.930951361262109e-06 0.0 0.0 -9.743370554150223e-06 2.7092665195126305e-06 0.0 9.448755253624997e-06 0.0 0.0 -8.679852422335862e-06 2.0359118598440423e-06 0.0 1.2316867961554997e-05 0.0 0.0 -7.371656826504671e-06 1.1394189110699011e-06 0.0 1.4283462712099465e-05 0.0 0.0 -5.899720669837204e-06 2.0352715315129617e-08 0.0 1.5108555600251506e-05 0.0 0.0 -4.349011030298071e-06 -1.3085138991890895e-06 0.0 1.457307386805801e-05 0.0 0.0 -2.788892198752711e-06 -2.788892198765567e-06 0.0 1.2519994854316288e-05 0.0 0.0 -1.341059144059385e-06 -4.154073429961597e-06 0.0 8.918814130882518e-06 0.0 0.0 -3.2701862927608385e-07 -4.664134817030949e-06 0.0 3.4203317354495836e-06 0.0 0.0 -1.564747523393483e-07 -8.551577171404074e-06 0.0 -4.167072418967789e-06 0.0 0.0 -6.3281641726963e-07 -6.657196317858057e-06 0.0 -1.0658103062717754e-05 0.0 0.0 -1.3085138991582651e-06 -4.3490110302753736e-06 0.0 -1.4573073867515763e-05 0.0 0.0 -2.0141727820784122e-06 -2.014172782226196e-06 0.0 -1.6604058187987166e-05 0.0 0.0 -2.658522880660103e-06 1.0331483226846163e-07 0.0 -1.702694432103586e-05 0.0 0.0 -3.218910035301278e-06 1.9074853467224894e-06 0.0 -1.601436919512575e-05 0.0 0.0 -3.689591197641902e-06 3.3682529714015167e-06 0.0 -1.3777587814119433e-05 0.0 0.0 -4.059367245759024e-06 4.472759143686614e-06 0.0 -1.0559678283872587e-05 0.0 0.0 -4.315571133754738e-06 5.213817777105809e-06 0.0 -6.626059708235031e-06 0.0 0.0 -4.446860466513523e-06 5.585873279918808e-06 0.0 -2.257373449684019e-06 0.0 0.0 -4.446860466553513e-06 5.585873280108726e-06 0.0 2.2573734487621687e-06 0.0 0.0 -4.315571133859126e-06 5.213817777330555e-06 0.0 6.6260597075627725e-06 0.0 0.0 -4.0593672458002e-06 4.4727591439674026e-06 0.0 1.0559678283373607e-05 0.0 0.0 -3.6895911976314935e-06 3.3682529719127248e-06 0.0 1.377758781382321e-05 0.0 0.0 -3.2189100353333272e-06 1.9074853471489197e-06 0.0 1.601436919520859e-05 0.0 0.0 -2.6585228806629744e-06 1.03314832570033e-07 0.0 1.7026944321351772e-05 0.0 0.0 -2.014172782052218e-06 -2.0141727820682898e-06 0.0 1.6604058188471882e-05 0.0 0.0 -1.308513899141838e-06 -4.3490110303388045e-06 0.0 1.457307386805925e-05 0.0 0.0 -6.328164172591879e-07 -6.657196318118428e-06 0.0 1.0658103063146061e-05 0.0 0.0 -1.564747523358814e-07 -8.551577171853444e-06 0.0 4.1670724191333944e-06 0.0 0.0 -5.796707597890612e-09 -1.2892818994643824e-05 0.0 -4.384442372947176e-06 0.0 0.0 -7.999074214582862e-09 -9.349374112935809e-06 0.0 -1.1146158593934294e-05 0.0 0.0 2.0352715283247363e-08 -5.899720669812354e-06 0.0 -1.5108555599771047e-05 0.0 0.0 1.0331483252287359e-07 -2.6585228808850186e-06 0.0 -1.7026944320915798e-05 0.0 0.0 2.508165352392534e-07 2.5081653494311236e-07 0.0 -1.730398365368834e-05 0.0 0.0 4.452772526247418e-07 2.744053946610073e-06 0.0 -1.6184784660658825e-05 0.0 0.0 6.516458330374643e-07 4.776458539338524e-06 0.0 -1.3879827237536781e-05 0.0 0.0 8.355497488253938e-07 6.322367020025453e-06 0.0 -1.0619707846999207e-05 0.0 0.0 9.716486977438712e-07 7.363534792177928e-06 0.0 -6.658008623620295e-06 0.0 0.0 1.0435729668078187e-06 7.887476778586601e-06 0.0 -2.2674252879070724e-06 0.0 0.0 1.043572966908455e-06 7.887476778756142e-06 0.0 2.2674252871145748e-06 0.0 0.0 9.71648697906353e-07 7.363534792549997e-06 0.0 6.65800862283015e-06 0.0 0.0 8.355497488297105e-07 6.322367020370759e-06 0.0 1.0619707846445745e-05 0.0 0.0 6.51645833009939e-07 4.776458540073352e-06 0.0 1.3879827237351233e-05 0.0 0.0 4.452772527138616e-07 2.744053947163317e-06 0.0 1.6184784660787527e-05 0.0 0.0 2.5081653532688425e-07 2.5081653533931e-07 0.0 1.730398365401458e-05 0.0 0.0 1.0331483257727561e-07 -2.6585228806674586e-06 0.0 1.7026944321380074e-05 0.0 0.0 2.035271530832188e-08 -5.8997206698992965e-06 0.0 1.5108555600252619e-05 0.0 0.0 -7.999074221770585e-09 -9.349374113271966e-06 0.0 1.1146158594344786e-05 0.0 0.0 -5.796707604177188e-09 -1.2892818995276158e-05 0.0 4.384442373123994e-06 0.0 0.0 1.1640169138065617e-07 -1.720351223575974e-05 0.0 -4.162452869518961e-06 0.0 0.0 5.097768565175686e-07 -1.2002726829624318e-05 0.0 -1.056643269364289e-05 0.0 0.0 1.1394189110284249e-06 -7.3716568264433014e-06 0.0 -1.4283462711613854e-05 0.0 0.0 1.9074853471386286e-06 -3.2189100356137587e-06 0.0 -1.6014369194729407e-05 0.0 0.0 2.744053947163188e-06 4.452772522014266e-07 0.0 -1.6184784660577845e-05 0.0 0.0 3.5807427743752553e-06 3.5807427738707536e-06 0.0 -1.5068677800931277e-05 0.0 0.0 4.348947628154664e-06 6.145221875318187e-06 0.0 -1.2882633171366567e-05 0.0 0.0 4.9852748136852085e-06 8.103065842432887e-06 0.0 -9.837562063426001e-06 0.0 0.0 5.438638674461715e-06 9.425717931582677e-06 0.0 -6.160900379341209e-06 0.0 0.0 5.67415929330653e-06 1.0092478527849195e-05 0.0 -2.0971138303125765e-06 0.0 0.0 5.6741592932247545e-06 1.0092478527928269e-05 0.0 2.097113829568526e-06 0.0 0.0 5.4386386743181915e-06 9.425717932011846e-06 0.0 6.1609003785249614e-06 0.0 0.0 4.9852748137077845e-06 8.103065842999462e-06 0.0 9.837562062926426e-06 0.0 0.0 4.348947628301162e-06 6.145221876244293e-06 0.0 1.2882633171316155e-05 0.0 0.0 3.5807427744772347e-06 3.580742774490225e-06 0.0 1.5068677801079418e-05 0.0 0.0 2.7440539472423417e-06 4.4527725269196997e-07 0.0 1.6184784660842875e-05 0.0 0.0 1.9074853471823995e-06 -3.218910035359991e-06 0.0 1.6014369195118734e-05 0.0 0.0 1.1394189110414218e-06 -7.371656826539448e-06 0.0 1.4283462712047243e-05 0.0 0.0 5.097768565351373e-07 -1.2002726830013495e-05 0.0 1.0566432694036913e-05 0.0 0.0 1.16401691389098e-07 -1.7203512236574857e-05 0.0 4.162452869686041e-06 0.0 0.0 2.1341556139375915e-07 -2.1096292162800354e-05 0.0 -3.5915054469775225e-06 0.0 0.0 9.204304006463079e-07 -1.440330840471218e-05 0.0 -9.115079085859015e-06 0.0 0.0 2.0359118597533217e-06 -8.67985242226705e-06 0.0 -1.2316867961000744e-05 0.0 0.0 3.368252971798563e-06 -3.689591197974592e-06 0.0 -1.3777587813378842e-05 0.0 0.0 4.776458539928511e-06 6.516458323134948e-07 0.0 -1.3879827237131091e-05 0.0 0.0 6.145221876088924e-06 4.3489476276878035e-06 0.0 -1.2882633171415451e-05 0.0 0.0 7.37386596933343e-06 7.373865968578357e-06 0.0 -1.0986029474486484e-05 0.0 0.0 8.376394598282984e-06 9.687608878679835e-06 0.0 -8.374770068216469e-06 0.0 0.0 9.084391663269625e-06 1.12535825305392e-05 0.0 -5.2392233963991765e-06 0.0 0.0 9.450462332910887e-06 1.2044033311253031e-05 0.0 -1.7825149011033334e-06 0.0 0.0 9.450462332844363e-06 1.2044033311524136e-05 0.0 1.7825149000694096e-06 0.0 0.0 9.084391663272328e-06 1.1253582531009172e-05 0.0 5.239223395900236e-06 0.0 0.0 8.376394598411818e-06 9.68760887950619e-06 0.0 8.374770068002566e-06 0.0 0.0 7.3738659694556024e-06 7.373865969537081e-06 0.0 1.0986029474403471e-05 0.0 0.0 6.14522187613021e-06 4.348947628387495e-06 0.0 1.2882633171356311e-05 0.0 0.0 4.776458539861807e-06 6.516458329236774e-07 0.0 1.387982723735253e-05 0.0 0.0 3.3682529717562363e-06 -3.6895911976804334e-06 0.0 1.3777587813799512e-05 0.0 0.0 2.0359118597805694e-06 -8.679852422351858e-06 0.0 1.2316867961490075e-05 0.0 0.0 9.204304006785608e-07 -1.440330840519853e-05 0.0 9.115079086230185e-06 0.0 0.0 2.1341556140166504e-07 -2.10962921637703e-05 0.0 3.5915054470987024e-06 0.0 0.0 2.853155123103818e-07 -2.4271519695047547e-05 0.0 -2.7538747586199694e-06 0.0 0.0 1.2270519579005849e-06 -1.6368779357901087e-05 0.0 -6.990534196271223e-06 0.0 0.0 2.709266519385644e-06 -9.743370554120503e-06 0.0 -9.448755253175543e-06 0.0 0.0 4.472759143781355e-06 -4.059367246182795e-06 0.0 -1.0559678282979221e-05 0.0 0.0 6.322367020160075e-06 8.35549747944594e-07 0.0 -1.0619707846278143e-05 0.0 0.0 8.103065842781866e-06 4.9852748130054595e-06 0.0 -9.83756206299834e-06 0.0 0.0 9.687608879297988e-06 8.376394597575026e-06 0.0 -8.374770068180312e-06 0.0 0.0 1.0971651197164445e-05 1.0971651196465609e-05 0.0 -6.375664956469088e-06 0.0 0.0 1.1874244880100791e-05 1.272985840610681e-05 0.0 -3.985217988339649e-06 0.0 0.0 1.2339732803107258e-05 1.3617997860706786e-05 0.0 -1.3552869150970802e-06 0.0 0.0 1.2339732803326985e-05 1.3617997861346243e-05 0.0 1.3552869143783638e-06 0.0 0.0 1.187424488046385e-05 1.2729858406649712e-05 0.0 3.985217987967404e-06 0.0 0.0 1.0971651197415224e-05 1.0971651197396874e-05 0.0 6.375664956166566e-06 0.0 0.0 9.687608879374575e-06 8.376394598471647e-06 0.0 8.374770067831882e-06 0.0 0.0 8.103065842736388e-06 4.985274813861921e-06 0.0 9.837562062811052e-06 0.0 0.0 6.3223670201627794e-06 8.355497487508535e-07 0.0 1.061970784651777e-05 0.0 0.0 4.4727591438104685e-06 -4.059367245848408e-06 0.0 1.0559678283492833e-05 0.0 0.0 2.7092665193838586e-06 -9.743370554228474e-06 0.0 9.448755253662804e-06 0.0 0.0 1.227051957871196e-06 -1.6368779358498503e-05 0.0 6.990534196616113e-06 0.0 0.0 2.853155122939494e-07 -2.4271519696152115e-05 0.0 2.7538747587670317e-06 0.0 0.0 3.333489448887545e-07 -2.6509143136910036e-05 0.0 -1.727532079562435e-06 0.0 0.0 1.4311858838000962e-06 -1.775856498581597e-05 0.0 -4.386054450032777e-06 0.0 0.0 3.1590775950264127e-06 -1.0493397818293142e-05 0.0 -5.930951361012837e-06 0.0 0.0 5.213817776970003e-06 -4.315571134301436e-06 0.0 -6.6260597073505366e-06 0.0 0.0 7.3635347920684715e-06 9.716486968978718e-07 0.0 -6.658008622755426e-06 0.0 0.0 9.425717931445957e-06 5.438638673506379e-06 0.0 -6.1609003786743535e-06 0.0 0.0 1.1253582530344183e-05 9.084391662429632e-06 0.0 -5.239223396170666e-06 0.0 0.0 1.2729858406008015e-05 1.1874244879492094e-05 0.0 -3.985217988164185e-06 0.0 0.0 1.3764998079102971e-05 1.3764998078942821e-05 0.0 -2.4895473908675915e-06 0.0 0.0 1.429804939554624e-05 1.4720450725729246e-05 0.0 -8.464218175616653e-07 0.0 0.0 1.4298049395584476e-05 1.472045072621247e-05 0.0 8.464218173646381e-07 0.0 0.0 1.3764998079167095e-05 1.3764998079642064e-05 0.0 2.48954739032383e-06 0.0 0.0 1.272985840601851e-05 1.1874244880348905e-05 0.0 3.985217987716196e-06 0.0 0.0 1.1253582530416346e-05 9.084391663397334e-06 0.0 5.239223395759361e-06 0.0 0.0 9.425717931676785e-06 5.438638674559992e-06 0.0 6.1609003786354586e-06 0.0 0.0 7.3635347923191534e-06 9.716486978593766e-07 0.0 6.658008622996258e-06 0.0 0.0 5.213817777125165e-06 -4.315571133913705e-06 0.0 6.626059707736764e-06 0.0 0.0 3.1590775950991754e-06 -1.0493397818462657e-05 0.0 5.9309513614122235e-06 0.0 0.0 1.431185883844274e-06 -1.7758564986455876e-05 0.0 4.386054450370224e-06 0.0 0.0 3.333489449078532e-07 -2.6509143138168845e-05 0.0 1.727532079727991e-06 0.0 0.0 3.572835506725827e-07 -2.766405041629922e-05 0.0 -5.883717479279143e-07 0.0 0.0 1.5333007446728067e-06 -1.8477441875513772e-05 0.0 -1.4940171677918103e-06 0.0 0.0 3.384426784052861e-06 -1.0881090556680857e-05 0.0 -2.020687571886525e-06 0.0 0.0 5.58587327960553e-06 -4.446860467091487e-06 0.0 -2.257373448866479e-06 0.0 0.0 7.88747677817784e-06 1.043572965987636e-06 0.0 -2.267425287098115e-06 0.0 0.0 1.009247852738029e-05 5.674159292107123e-06 0.0 -2.0971138297529283e-06 0.0 0.0 1.2044033310987383e-05 9.45046233214029e-06 0.0 -1.7825149004676343e-06 0.0 0.0 1.3617997860767667e-05 1.2339732802398789e-05 0.0 -1.3552869144768176e-06 0.0 0.0 1.4720450725827792e-05 1.4298049395173765e-05 0.0 -8.464218174036024e-07 0.0 0.0 1.5287784218656564e-05 1.528778421861633e-05 0.0 -2.8771256403474673e-07 0.0 0.0 1.528778421853201e-05 1.5287784218863233e-05 0.0 2.8771256367298923e-07 0.0 0.0 1.4720450725675502e-05 1.4298049395934721e-05 0.0 8.464218170376905e-07 0.0 0.0 1.3617997860827122e-05 1.23397328032767e-05 0.0 1.3552869141823333e-06 0.0 0.0 1.2044033311205685e-05 9.450462333197721e-06 0.0 1.7825149003565036e-06 0.0 0.0 1.0092478527645885e-05 5.674159293355964e-06 0.0 2.0971138298392062e-06 0.0 0.0 7.887476778455777e-06 1.043572966947206e-06 0.0 2.2674252872903362e-06 0.0 0.0 5.585873279851214e-06 -4.4468604666298e-06 0.0 2.2573734490608317e-06 0.0 0.0 3.384426784233959e-06 -1.0881090556859178e-05 0.0 2.020687572199742e-06 0.0 0.0 1.533300744783885e-06 -1.8477441876214634e-05 0.0 1.4940171680305343e-06 0.0 0.0 3.5728355070386574e-07 -2.7664050417673744e-05 0.0 5.883717479931544e-07 0.0 0.0 3.5728355069292017e-07 -2.766405041628005e-05 0.0 5.883717479861673e-07 0.0 0.0 1.5333007447088443e-06 -1.8477441875436987e-05 0.0 1.4940171680417825e-06 0.0 0.0 3.384426784033224e-06 -1.0881090556705096e-05 0.0 2.0206875722399024e-06 0.0 0.0 5.585873279514421e-06 -4.446860467025086e-06 0.0 2.257373449301405e-06 0.0 0.0 7.887476777989114e-06 1.043572965993889e-06 0.0 2.2674252876778343e-06 0.0 0.0 1.0092478527157624e-05 5.674159292065356e-06 0.0 2.0971138302575812e-06 0.0 0.0 1.2044033310802106e-05 9.450462332242202e-06 0.0 1.782514901091325e-06 0.0 0.0 1.361799786052162e-05 1.2339732802283628e-05 0.0 1.355286915072934e-06 0.0 0.0 1.472045072543677e-05 1.4298049395107116e-05 0.0 8.464218176308205e-07 0.0 0.0 1.528778421829375e-05 1.5287784218486222e-05 0.0 2.8771256386867867e-07 0.0 0.0 1.5287784218424832e-05 1.5287784218809822e-05 0.0 -2.877125642106648e-07 0.0 0.0 1.472045072569963e-05 1.4298049395877482e-05 0.0 -8.464218177970639e-07 0.0 0.0 1.3617997860844312e-05 1.2339732803300515e-05 0.0 -1.355286915012124e-06 0.0 0.0 1.2044033311267231e-05 9.45046233329787e-06 0.0 -1.7825149009411e-06 0.0 0.0 1.009247852770306e-05 5.674159293387881e-06 0.0 -2.097113830162595e-06 0.0 0.0 7.887476778482159e-06 1.0435729669444784e-06 0.0 -2.2674252875585602e-06 0.0 0.0 5.585873279949073e-06 -4.4468604665614245e-06 0.0 -2.257373449199434e-06 0.0 0.0 3.3844267843389855e-06 -1.0881090556856157e-05 0.0 -2.0206875721990047e-06 0.0 0.0 1.5333007448217026e-06 -1.84774418762148e-05 0.0 -1.4940171680255597e-06 0.0 0.0 3.5728355071240087e-07 -2.7664050417679422e-05 0.0 -5.883717480007017e-07 0.0 0.0 3.333489448829983e-07 -2.6509143136825878e-05 0.0 1.7275320796712867e-06 0.0 0.0 1.4311858837367091e-06 -1.7758564985700292e-05 0.0 4.386054450173816e-06 0.0 0.0 3.159077594893948e-06 -1.0493397818265124e-05 0.0 5.930951361231905e-06 0.0 0.0 5.2138177768039665e-06 -4.3155711341751464e-06 0.0 6.626059707709927e-06 0.0 0.0 7.36353479188855e-06 9.71648696957446e-07 0.0 6.658008623190116e-06 0.0 0.0 9.425717931265978e-06 5.438638673449833e-06 0.0 6.160900379258511e-06 0.0 0.0 1.1253582530043712e-05 9.084391662505172e-06 0.0 5.239223396548326e-06 0.0 0.0 1.2729858405491262e-05 1.1874244879347706e-05 0.0 3.9852179884552955e-06 0.0 0.0 1.3764998078559767e-05 1.376499807867425e-05 0.0 2.489547391057748e-06 0.0 0.0 1.4298049395094166e-05 1.4720450725565428e-05 0.0 8.464218176716871e-07 0.0 0.0 1.429804939525925e-05 1.4720450725929363e-05 0.0 -8.46421817414738e-07 0.0 0.0 1.3764998079093195e-05 1.376499807948792e-05 0.0 -2.4895473908086545e-06 0.0 0.0 1.2729858406203281e-05 1.1874244880379937e-05 0.0 -3.985217988317449e-06 0.0 0.0 1.1253582530664867e-05 9.08439166361583e-06 0.0 -5.2392233963582106e-06 0.0 0.0 9.425717931841569e-06 5.438638674665542e-06 0.0 -6.160900379120997e-06 0.0 0.0 7.363534792474328e-06 9.716486979617672e-07 0.0 -6.65800862318274e-06 0.0 0.0 5.213817777283961e-06 -4.31557113382403e-06 0.0 -6.626059707806551e-06 0.0 0.0 3.159077595214408e-06 -1.0493397818443505e-05 0.0 -5.930951361551563e-06 0.0 0.0 1.4311858839043778e-06 -1.7758564986447507e-05 0.0 -4.3860544504688285e-06 0.0 0.0 3.3334894492196994e-07 -2.6509143138164427e-05 0.0 -1.7275320797793347e-06 0.0 0.0 2.853155122765986e-07 -2.427151969493584e-05 0.0 2.7538747586028123e-06 0.0 0.0 1.22705195781014e-06 -1.6368779357788568e-05 0.0 6.990534196260897e-06 0.0 0.0 2.709266519250156e-06 -9.743370553976329e-06 0.0 9.44875525331333e-06 0.0 0.0 4.472759143583753e-06 -4.059367246042935e-06 0.0 1.0559678283231493e-05 0.0 0.0 6.322367019875551e-06 8.355497480757695e-07 0.0 1.0619707846620222e-05 0.0 0.0 8.103065842342277e-06 4.985274812965462e-06 0.0 9.837562063365032e-06 0.0 0.0 9.687608878786639e-06 8.376394597455406e-06 0.0 8.374770068392289e-06 0.0 0.0 1.0971651196773292e-05 1.0971651196498575e-05 0.0 6.37566495672981e-06 0.0 0.0 1.187424487974685e-05 1.2729858405602125e-05 0.0 3.985217988577788e-06 0.0 0.0 1.2339732802619209e-05 1.3617997860610038e-05 0.0 1.3552869150716762e-06 0.0 0.0 1.2339732802710743e-05 1.3617997860971756e-05 0.0 -1.3552869142946588e-06 0.0 0.0 1.1874244879937005e-05 1.2729858406364558e-05 0.0 -3.985217987900574e-06 0.0 0.0 1.0971651197127953e-05 1.0971651197390472e-05 0.0 -6.3756649563229035e-06 0.0 0.0 9.687608879353707e-06 8.376394598617866e-06 0.0 -8.374770068216084e-06 0.0 0.0 8.103065842947744e-06 4.985274814091349e-06 0.0 -9.837562063214552e-06 0.0 0.0 6.322367020390778e-06 8.355497489550351e-07 0.0 -1.0619707846772825e-05 0.0 0.0 4.472759143921012e-06 -4.059367245786263e-06 0.0 -1.0559678283722168e-05 0.0 0.0 2.709266519424507e-06 -9.743370554202719e-06 0.0 -9.44875525387051e-06 0.0 0.0 1.2270519578909836e-06 -1.636877935845987e-05 0.0 -6.990534196796447e-06 0.0 0.0 2.853155122990348e-07 -2.427151969610042e-05 0.0 -2.753874758849538e-06 0.0 0.0 2.134155614093635e-07 -2.1096292162735048e-05 0.0 3.5915054469434413e-06 0.0 0.0 9.20430400689654e-07 -1.4403308404525807e-05 0.0 9.115079085833765e-06 0.0 0.0 2.03591185976945e-06 -8.679852422101427e-06 0.0 1.2316867961018918e-05 0.0 0.0 3.3682529717077432e-06 -3.6895911977888193e-06 0.0 1.377758781341349e-05 0.0 0.0 4.776458539676438e-06 6.516458324567907e-07 0.0 1.387982723719108e-05 0.0 0.0 6.1452218756714505e-06 4.348947627622503e-06 0.0 1.288263317141971e-05 0.0 0.0 7.373865968872443e-06 7.373865968576272e-06 0.0 1.0986029474827003e-05 0.0 0.0 8.376394597810938e-06 9.687608878627183e-06 0.0 8.374770068568877e-06 0.0 0.0 9.08439166271001e-06 1.1253582529959764e-05 0.0 5.239223396447603e-06 0.0 0.0 9.450462332396182e-06 1.2044033311070923e-05 0.0 1.7825149010894416e-06 0.0 0.0 9.450462332420685e-06 1.2044033311296086e-05 0.0 -1.7825149000732784e-06 0.0 0.0 9.0843916627822e-06 1.1253582530672514e-05 0.0 -5.2392233957040885e-06 0.0 0.0 8.376394597916273e-06 9.687608879436105e-06 0.0 -8.374770067818228e-06 0.0 0.0 7.3738659690838575e-06 7.373865969572122e-06 0.0 -1.0986029474345287e-05 0.0 0.0 6.145221875909206e-06 4.348947628652e-06 0.0 -1.2882633171437948e-05 0.0 0.0 4.776458539783849e-06 6.516458330816678e-07 0.0 -1.3879827237611203e-05 0.0 0.0 3.3682529717432907e-06 -3.6895911975931928e-06 0.0 -1.3777587814130548e-05 0.0 0.0 2.035911859758592e-06 -8.679852422304083e-06 0.0 -1.2316867961755004e-05 0.0 0.0 9.204304006507051e-07 -1.4403308405121276e-05 0.0 -9.11507908640859e-06 0.0 0.0 2.1341556139308428e-07 -2.1096292163655498e-05 0.0 -3.5915054471809925e-06 0.0 0.0 1.1640169138979825e-07 -1.720351223571732e-05 0.0 4.162452869536763e-06 0.0 0.0 5.097768565263872e-07 -1.2002726829425726e-05 0.0 1.0566432693613722e-05 0.0 0.0 1.1394189110046842e-06 -7.371656826307587e-06 0.0 1.4283462711504983e-05 0.0 0.0 1.907485347083095e-06 -3.2189100353931193e-06 0.0 1.601436919461188e-05 0.0 0.0 2.7440539470640315e-06 4.4527725228382937e-07 0.0 1.618478466038159e-05 0.0 0.0 3.5807427743023893e-06 3.580742773929896e-06 0.0 1.5068677800914384e-05 0.0 0.0 4.348947628033882e-06 6.145221875461641e-06 0.0 1.2882633171547548e-05 0.0 0.0 4.98527481325471e-06 8.103065842084358e-06 0.0 9.83756206329365e-06 0.0 0.0 5.438638673796654e-06 9.425717931159331e-06 0.0 6.160900379225767e-06 0.0 0.0 5.674159292599758e-06 1.0092478527617884e-05 0.0 2.0971138304681485e-06 0.0 0.0 5.674159292582499e-06 1.009247852774855e-05 0.0 -2.0971138294289916e-06 0.0 0.0 5.438638673808243e-06 9.425717931754679e-06 0.0 -6.160900378335807e-06 0.0 0.0 4.985274813284846e-06 8.103065842928583e-06 0.0 -9.837562062573185e-06 0.0 0.0 4.3489476279608e-06 6.145221876190087e-06 0.0 -1.2882633171018545e-05 0.0 0.0 3.580742774185329e-06 3.5807427746678396e-06 0.0 -1.5068677801002987e-05 0.0 0.0 2.7440539469670394e-06 4.4527725276399784e-07 0.0 -1.6184784660940697e-05 0.0 0.0 1.907485346981059e-06 -3.2189100352795966e-06 0.0 -1.601436919533437e-05 0.0 0.0 1.1394189109370171e-06 -7.37165682644484e-06 0.0 -1.428346271225408e-05 0.0 0.0 5.097768564973807e-07 -1.200272682989247e-05 0.0 -1.0566432694155601e-05 0.0 0.0 1.164016913806468e-07 -1.7203512236414866e-05 0.0 -4.162452869731411e-06 0.0 0.0 -5.796707606533941e-09 -1.2892818994588539e-05 0.0 4.3844423729865485e-06 0.0 0.0 -7.999074240055624e-09 -9.349374112823086e-06 0.0 1.1146158593878467e-05 0.0 0.0 2.0352715253727616e-08 -5.8997206696738875e-06 0.0 1.5108555599628216e-05 0.0 0.0 1.0331483248149926e-07 -2.658522880684783e-06 0.0 1.7026944320745734e-05 0.0 0.0 2.508165352357877e-07 2.508165350137614e-07 0.0 1.7303983653530387e-05 0.0 0.0 4.4527725256686734e-07 2.744053946791857e-06 0.0 1.618478466054296e-05 0.0 0.0 6.516458327262858e-07 4.776458539356895e-06 0.0 1.387982723720886e-05 0.0 0.0 8.355497484508254e-07 6.322367019624504e-06 0.0 1.0619707846630715e-05 0.0 0.0 9.716486974708064e-07 7.363534791930978e-06 0.0 6.65800862347568e-06 0.0 0.0 1.0435729665109727e-06 7.887476778415848e-06 0.0 2.2674252879590052e-06 0.0 0.0 1.0435729665071782e-06 7.88747677856399e-06 0.0 -2.267425286954486e-06 0.0 0.0 9.716486974472619e-07 7.3635347924099545e-06 0.0 -6.658008622517565e-06 0.0 0.0 8.355497483754872e-07 6.322367020317999e-06 0.0 -1.0619707846030894e-05 0.0 0.0 6.51645832529597e-07 4.77645853994348e-06 0.0 -1.3879827236998253e-05 0.0 0.0 4.452772522711504e-07 2.7440539472298424e-06 0.0 -1.6184784660594298e-05 0.0 0.0 2.508165349889557e-07 2.508165353557731e-07 0.0 -1.7303983653987063e-05 0.0 0.0 1.03314832328977e-07 -2.6585228806088397e-06 0.0 -1.702694432139307e-05 0.0 0.0 2.0352715162518202e-08 -5.899720669776221e-06 0.0 -1.5108555600264579e-05 0.0 0.0 -7.999074279769855e-09 -9.349374113133367e-06 0.0 -1.114615859435516e-05 0.0 0.0 -5.796707615414592e-09 -1.2892818995100758e-05 0.0 -4.384442373144466e-06 0.0 0.0 -1.5647475234812679e-07 -8.55157717134951e-06 0.0 4.1670724189579815e-06 0.0 0.0 -6.328164172831492e-07 -6.657196317824277e-06 0.0 1.0658103062647867e-05 0.0 0.0 -1.3085138991693549e-06 -4.349011030139168e-06 0.0 1.4573073867375073e-05 0.0 0.0 -2.014172782073902e-06 -2.0141727820544975e-06 0.0 1.6604058187816004e-05 0.0 0.0 -2.6585228807068067e-06 1.0331483236447192e-07 0.0 1.702694432084452e-05 0.0 0.0 -3.218910035436442e-06 1.9074853468095017e-06 0.0 1.6014369194751928e-05 0.0 0.0 -3.6895911977358153e-06 3.3682529713523875e-06 0.0 1.3777587813622921e-05 0.0 0.0 -4.059367245843362e-06 4.472759143427249e-06 0.0 1.0559678283561367e-05 0.0 0.0 -4.31557113390048e-06 5.213817776924144e-06 0.0 6.62605970811053e-06 0.0 0.0 -4.446860466671699e-06 5.5858732798278175e-06 0.0 2.2573734496429564e-06 0.0 0.0 -4.446860466681834e-06 5.5858732799669e-06 0.0 -2.2573734486544376e-06 0.0 0.0 -4.315571133985162e-06 5.213817777295682e-06 0.0 -6.626059707304024e-06 0.0 0.0 -4.0593672460223985e-06 4.472759143877721e-06 0.0 -1.0559678283086708e-05 0.0 0.0 -3.689591197912392e-06 3.3682529717995345e-06 0.0 -1.377758781351466e-05 0.0 0.0 -3.2189100356181793e-06 1.9074853471199757e-06 0.0 -1.60143691949051e-05 0.0 0.0 -2.658522880913188e-06 1.0331483255165474e-07 0.0 -1.7026944321153336e-05 0.0 0.0 -2.014172782217978e-06 -2.0141727820100584e-06 0.0 -1.660405818830514e-05 0.0 0.0 -1.3085138992391311e-06 -4.349011030223293e-06 0.0 -1.4573073867909549e-05 0.0 0.0 -6.328164173076095e-07 -6.657196317999093e-06 0.0 -1.0658103063049201e-05 0.0 0.0 -1.5647475235007737e-07 -8.551577171699824e-06 0.0 -4.167072419103178e-06 0.0 0.0 -3.2701862926717127e-07 -4.664134816730875e-06 0.0 3.4203317352733224e-06 0.0 0.0 -1.3410591440202066e-06 -4.154073429783871e-06 0.0 8.918814130421622e-06 0.0 0.0 -2.788892198658704e-06 -2.78889219863791e-06 0.0 1.2519994853683788e-05 0.0 0.0 -4.349011030180221e-06 -1.3085138991097898e-06 0.0 1.457307386739224e-05 0.0 0.0 -5.899720669729662e-06 2.0352715164865377e-08 0.0 1.5108555599672904e-05 0.0 0.0 -7.371656826357769e-06 1.1394189107877498e-06 0.0 1.4283462711668586e-05 0.0 0.0 -8.679852422153789e-06 2.035911859504035e-06 0.0 1.2316867961399385e-05 0.0 0.0 -9.743370554002636e-06 2.7092665191335507e-06 0.0 9.448755253828754e-06 0.0 0.0 -1.049339781821145e-05 3.1590775950212556e-06 0.0 5.93095136176975e-06 0.0 0.0 -1.0881090556643769e-05 3.3844267842351007e-06 0.0 2.0206875726322773e-06 0.0 0.0 -1.0881090556691799e-05 3.384426784326805e-06 0.0 -2.0206875717463786e-06 0.0 0.0 -1.0493397818316957e-05 3.1590775952365806e-06 0.0 -5.930951361099445e-06 0.0 0.0 -9.743370554127635e-06 2.709266519433402e-06 0.0 -9.44875525342468e-06 0.0 0.0 -8.679852422318495e-06 2.035911859764721e-06 0.0 -1.231686796128372e-05 0.0 0.0 -7.371656826520026e-06 1.1394189110060132e-06 0.0 -1.4283462711832764e-05 0.0 0.0 -5.899720669870167e-06 2.0352715288309232e-08 0.0 -1.5108555599981612e-05 0.0 0.0 -4.349011030326383e-06 -1.3085138991328528e-06 0.0 -1.4573073867779097e-05 0.0 0.0 -2.7888921987611882e-06 -2.7888921986891405e-06 0.0 -1.251999485409805e-05 0.0 0.0 -1.3410591440608995e-06 -4.154073429873343e-06 0.0 -8.918814130744187e-06 0.0 0.0 -3.27018629276015e-07 -4.6641348169315304e-06 0.0 -3.4203317354031217e-06 0.0 0.0 -5.013198116860775e-07 -1.8079638304326182e-06 0.0 2.0768028819129274e-06 0.0 0.0 -1.999176016665979e-06 -1.999176016686067e-06 0.0 5.917664796930003e-06 0.0 0.0 -4.1540734297524895e-06 -1.3410591440095871e-06 0.0 8.918814130422772e-06 0.0 0.0 -6.6571963177995776e-06 -6.328164172248084e-07 0.0 1.0658103062604902e-05 0.0 0.0 -9.349374112845645e-06 -7.999074297882106e-09 0.0 1.1146158593853465e-05 0.0 0.0 -1.2002726829506528e-05 5.097768564174757e-07 0.0 1.056643269373739e-05 0.0 0.0 -1.4403308404652752e-05 9.204304005397255e-07 0.0 9.11507908616482e-06 0.0 0.0 -1.636877935796277e-05 1.227051957750298e-06 0.0 6.990534196799218e-06 0.0 0.0 -1.775856498596467e-05 1.431185883810618e-06 0.0 4.386054450688233e-06 0.0 0.0 -1.8477441875768444e-05 1.5333007447925689e-06 0.0 1.4940171683629503e-06 0.0 0.0 -1.847744187583315e-05 1.5333007448192968e-06 0.0 -1.494017167682795e-06 0.0 0.0 -1.775856498614656e-05 1.4311858839168732e-06 0.0 -4.386054450125429e-06 0.0 0.0 -1.6368779358231207e-05 1.2270519578949993e-06 0.0 -6.990534196473961e-06 0.0 0.0 -1.4403308404950496e-05 9.204304006676438e-07 0.0 -9.115079086094874e-06 0.0 0.0 -1.2002726829804076e-05 5.097768565218679e-07 0.0 -1.0566432693852567e-05 0.0 0.0 -9.349374113120111e-06 -7.999074226954664e-09 0.0 -1.1146158594137e-05 0.0 0.0 -6.657196318016401e-06 -6.328164172601228e-07 0.0 -1.0658103062933293e-05 0.0 0.0 -4.1540734299022254e-06 -1.3410591440333672e-06 0.0 -8.918814130695574e-06 0.0 0.0 -1.9991760167446865e-06 -1.9991760167246008e-06 0.0 -5.917664797149381e-06 0.0 0.0 -5.013198117081419e-07 -1.8079638305127728e-06 0.0 -2.0768028819969234e-06 0.0 0.0 -3.4726725777045367e-07 -3.4726725776950187e-07 0.0 6.073673563377663e-07 0.0 0.0 -1.807963830435826e-06 -5.013198116936754e-07 0.0 2.0768028819163206e-06 0.0 0.0 -4.6641348167394666e-06 -3.2701862926460116e-07 0.0 3.420331735281989e-06 0.0 0.0 -8.551577171342714e-06 -1.564747523273205e-07 0.0 4.167072418923626e-06 0.0 0.0 -1.2892818994535838e-05 -5.7967076205600986e-09 0.0 4.384442372937156e-06 0.0 0.0 -1.7203512235652262e-05 1.1640169135927182e-07 0.0 4.162452869573116e-06 0.0 0.0 -2.1096292162755834e-05 2.1341556136710382e-07 0.0 3.5915054470937685e-06 0.0 0.0 -2.42715196951482e-05 2.853155122661317e-07 0.0 2.7538747588585498e-06 0.0 0.0 -2.650914313725831e-05 3.3334894489624925e-07 0.0 1.727532079888818e-06 0.0 0.0 -2.7664050416894382e-05 3.572835507089991e-07 0.0 5.883717481594558e-07 0.0 0.0 -2.7664050417028538e-05 3.5728355071369254e-07 0.0 -5.88371747846863e-07 0.0 0.0 -2.6509143137635882e-05 3.3334894492611966e-07 0.0 -1.7275320796282621e-06 0.0 0.0 -2.427151969569319e-05 2.8531551229772963e-07 0.0 -2.7538747587022417e-06 0.0 0.0 -2.1096292163368906e-05 2.13415561402374e-07 0.0 -3.591505447037372e-06 0.0 0.0 -1.720351223623345e-05 1.1640169138829544e-07 0.0 -4.1624528696230575e-06 0.0 0.0 -1.2892818995004965e-05 -5.7967076072798925e-09 0.0 -4.384442373047854e-06 0.0 0.0 -8.551577171664368e-06 -1.56474752334892e-07 0.0 -4.167072419050859e-06 0.0 0.0 -4.6641348169244975e-06 -3.2701862927178214e-07 0.0 -3.420331735376933e-06 0.0 0.0 -1.8079638305157424e-06 -5.013198117021754e-07 0.0 -2.076802881987409e-06 0.0 0.0 -3.472672577859647e-07 -3.472672577838499e-07 0.0 -6.073673563550189e-07 0.0 0.0 8.715131441708206e-09 0.0 -1.7459497296128339e-07 0.0 -6.969181712095373e-08 0.0 6.047861495786267e-09 0.0 -1.1330901550690708e-06 0.0 -1.5639122287737637e-07 0.0 4.749481671006735e-09 0.0 -3.4445092019651763e-06 0.0 -1.9000279168499686e-07 0.0 2.650340400631165e-09 0.0 -6.9055343829432235e-06 0.0 -2.2340226185349115e-07 0.0 -4.5293465548167364e-10 0.0 -1.0916242153929706e-05 0.0 -2.3100681085202697e-07 0.0 -2.0429288140731142e-09 0.0 -1.4982746224666262e-05 0.0 -2.148380546344313e-07 0.0 -3.820535526760462e-09 0.0 -1.8698333490747658e-05 0.0 -1.825052132136593e-07 0.0 -4.66895040920246e-09 0.0 -2.1751405508526825e-05 0.0 -1.3756007669668887e-07 0.0 -5.457072078703068e-09 0.0 -2.391218531278564e-05 0.0 -8.557935032701012e-08 0.0 -5.720393523833265e-09 0.0 -2.503008387247143e-05 0.0 -2.8813320249572637e-08 0.0 -5.720393526604493e-09 0.0 -2.5030083872454327e-05 0.0 2.8813320232441435e-08 0.0 -5.457072076264756e-09 0.0 -2.391218531287018e-05 0.0 8.557935032679333e-08 0.0 -4.668950410555851e-09 0.0 -2.1751405508606466e-05 0.0 1.3756007666138348e-07 0.0 -3.820535525731965e-09 0.0 -1.869833349067734e-05 0.0 1.8250521319133607e-07 0.0 -2.042928815335018e-09 0.0 -1.4982746224579153e-05 0.0 2.1483805461802554e-07 0.0 -4.529346547071017e-10 0.0 -1.0916242153886448e-05 0.0 2.3100681084297478e-07 0.0 2.6503403999688516e-09 0.0 -6.905534382914569e-06 0.0 2.2340226183791278e-07 0.0 4.749481671161822e-09 0.0 -3.4445092019510304e-06 0.0 1.90002791679884e-07 0.0 6.047861495631747e-09 0.0 -1.133090155074698e-06 0.0 1.5639122286739064e-07 0.0 8.715131441358448e-09 0.0 -1.7459497295687045e-07 0.0 6.96918171178972e-08 0.0 0.0 8.715131441478667e-09 -1.7459497294434728e-07 0.0 0.0 -6.969181712035194e-08 0.0 6.047861495701839e-09 -1.1330901550552553e-06 0.0 0.0 -1.563912228699357e-07 0.0 4.749481670647283e-09 -3.4445092019570338e-06 0.0 0.0 -1.9000279167656131e-07 0.0 2.65034040042752e-09 -6.905534382944224e-06 0.0 0.0 -2.2340226183563373e-07 0.0 -4.529346550530667e-10 -1.0916242153914535e-05 0.0 0.0 -2.310068108427418e-07 0.0 -2.0429288147725715e-09 -1.4982746224583348e-05 0.0 0.0 -2.148380546212719e-07 0.0 -3.820535526162059e-09 -1.869833349072937e-05 0.0 0.0 -1.825052131874178e-07 0.0 -4.668950409839395e-09 -2.175140550875375e-05 0.0 0.0 -1.375600766640752e-07 0.0 -5.4570720775480785e-09 -2.3912185313215772e-05 0.0 0.0 -8.557935030976453e-08 0.0 -5.720393525570119e-09 -2.5030083873048388e-05 0.0 0.0 -2.8813320221959482e-08 0.0 -5.720393525279816e-09 -2.503008387319253e-05 0.0 0.0 2.881332026106956e-08 0.0 -5.457072077873602e-09 -2.3912185313598313e-05 0.0 0.0 8.557935034423861e-08 0.0 -4.668950409914042e-09 -2.175140550931267e-05 0.0 0.0 1.3756007670133786e-07 0.0 -3.820535526499878e-09 -1.8698333491356888e-05 0.0 0.0 1.825052132192402e-07 0.0 -2.0429288149187923e-09 -1.4982746225169171e-05 0.0 0.0 2.1483805465647003e-07 0.0 -4.5293465491009515e-10 -1.091624215436704e-05 0.0 0.0 2.3100681087027365e-07 0.0 2.6503404003080817e-09 -6.90553438324296e-06 0.0 0.0 2.2340226186858528e-07 0.0 4.749481671158916e-09 -3.4445092021371795e-06 0.0 0.0 1.9000279170345366e-07 0.0 6.047861495851821e-09 -1.1330901551411756e-06 0.0 0.0 1.5639122289478522e-07 0.0 8.715131442767404e-09 -1.7459497297518272e-07 0.0 0.0 6.969181713015552e-08 8.715131442715143e-09 0.0 -1.7459497297931195e-07 0.0 6.969181712922023e-08 0.0 6.047861495972199e-09 0.0 -1.1330901551687103e-06 0.0 1.5639122289301622e-07 0.0 4.749481670920873e-09 0.0 -3.4445092021878295e-06 0.0 1.900027917020524e-07 0.0 2.6503404003582253e-09 0.0 -6.905534383343868e-06 0.0 2.2340226186104573e-07 0.0 -4.529346551170822e-10 0.0 -1.0916242154525605e-05 0.0 2.3100681086468498e-07 0.0 -2.0429288150358896e-09 0.0 -1.4982746225421609e-05 0.0 2.1483805464050082e-07 0.0 -3.8205355264539895e-09 0.0 -1.8698333491722687e-05 0.0 1.8250521320774903e-07 0.0 -4.6689504103607625e-09 0.0 -2.175140550978655e-05 0.0 1.37560076681176e-07 0.0 -5.4570720777232025e-09 0.0 -2.3912185314202664e-05 0.0 8.557935032353686e-08 0.0 -5.7203935258641624e-09 0.0 -2.503008387392748e-05 0.0 2.8813320233592328e-08 0.0 -5.720393525326753e-09 0.0 -2.5030083873931894e-05 0.0 -2.881332025220499e-08 0.0 -5.4570720781537335e-09 0.0 -2.391218531421552e-05 0.0 -8.557935034104339e-08 0.0 -4.6689504099781096e-09 0.0 -2.1751405509842934e-05 0.0 -1.375600767027072e-07 0.0 -3.820535526730595e-09 0.0 -1.869833349181648e-05 0.0 -1.8250521322406246e-07 0.0 -2.0429288149240862e-09 0.0 -1.4982746225550006e-05 0.0 -2.1483805466233838e-07 0.0 -4.5293465519655937e-10 0.0 -1.091624215466462e-05 0.0 -2.3100681087992464e-07 0.0 2.6503404003870344e-09 0.0 -6.9055343834644935e-06 0.0 -2.2340226188016686e-07 0.0 4.749481671025113e-09 0.0 -3.444509202270508e-06 0.0 -1.900027917145121e-07 0.0 6.047861496099497e-09 0.0 -1.1330901551998313e-06 0.0 -1.5639122290712988e-07 0.0 8.715131443386855e-09 0.0 -1.7459497299190503e-07 0.0 -6.96918171346778e-08 0.0 0.0 8.715131443407892e-09 -1.745949729874189e-07 0.0 0.0 6.969181713533703e-08 0.0 6.047861496099915e-09 -1.1330901552133187e-06 0.0 0.0 1.5639122290530892e-07 0.0 4.749481671131865e-09 -3.444509202284754e-06 0.0 0.0 1.9000279171817938e-07 0.0 2.650340400252022e-09 -6.905534383533106e-06 0.0 0.0 2.23402261873774e-07 0.0 -4.529346547489008e-10 -1.0916242154786805e-05 0.0 0.0 2.310068108865147e-07 0.0 -2.0429288156654568e-09 -1.4982746225582838e-05 0.0 0.0 2.1483805467042776e-07 0.0 -3.820535526498682e-09 -1.869833349182115e-05 0.0 0.0 1.8250521321650248e-07 0.0 -4.6689504099546085e-09 -2.175140550997524e-05 0.0 0.0 1.375600766926752e-07 0.0 -5.457072077709628e-09 -2.3912185314360175e-05 0.0 0.0 8.557935035224365e-08 0.0 -5.720393525271986e-09 -2.503008387381782e-05 0.0 0.0 2.8813320278945027e-08 0.0 -5.720393526446064e-09 -2.5030083873614694e-05 0.0 0.0 -2.8813320228676176e-08 0.0 -5.457072076477272e-09 -2.3912185313775688e-05 0.0 0.0 -8.557935030388067e-08 0.0 -4.668950411324797e-09 -2.1751405509328504e-05 0.0 0.0 -1.3756007667511219e-07 0.0 -3.820535524323157e-09 -1.869833349133391e-05 0.0 0.0 -1.8250521318364046e-07 0.0 -2.0429288173414322e-09 -1.4982746225030202e-05 0.0 0.0 -2.148380546173262e-07 0.0 -4.529346533023836e-10 -1.0916242154164566e-05 0.0 0.0 -2.310068108505311e-07 0.0 2.6503403991128024e-09 -6.9055343830760035e-06 0.0 0.0 -2.2340226184336836e-07 0.0 4.749481671765691e-09 -3.4445092020279368e-06 0.0 0.0 -1.9000279168769133e-07 0.0 6.047861495209391e-09 -1.1330901550847166e-06 0.0 0.0 -1.5639122287531688e-07 0.0 8.715131442084805e-09 -1.74594972949993e-07 0.0 0.0 -6.969181712584853e-08</DataArray>
      </CellData>
    </Piece>
  </UnstructuredGrid>
</VTKFile>