<?xml version='1.0' encoding='utf-8'?>
<VTKFile type="UnstructuredGrid" version="0.1" byte_order="LittleEndian">
  <UnstructuredGrid>
    <Piece NumberOfPoints="2914" NumberOfCells="1372">
      <Points>
        <DataArray type="Float64" Name="" NumberOfComponents="3" format="ascii">-903.6 -603.6 -3.6 -903.6 -600.0 -3.6 -903.6 600.0 -3.6 -903.6 603.6 -3.6 -900.0 -603.6 -3.6 -900.0 -600.0 -3.6 -900.0 600.0 -3.6 -900.0 603.6 -3.6 900.0 -603.6 -3.6 900.0 -600.0 -3.6 900.0 600.0 -3.6 900.0 603.6 -3.6 903.6 -603.6 -3.6 903.6 -600.0 -3.6 903.6 600.0 -3.6 903.6 603.6 -3.6 -903.6 -603.6 0.0 -900.0 -603.6 0.0 -900.0 -600.0 0.0 -903.6 -600.0 0.0 -900.0 600.0 0.0 -903.6 600.0 0.0 -900.0 603.6 0.0 -903.6 603.6 0.0 900.0 -603.6 0.0 900.0 -600.0 0.0 900.0 600.0 0.0 900.0 603.6 0.0 903.6 -603.6 0.0 903.6 -600.0 0.0 903.6 600.0 0.0 903.6 603.6 0.0 -904.1599274465659 -604.1599274465659 6.4 -900.5599274465659 -604.1599274465659 6.4 -900.5599274465659 -600.5599274465659 6.4 -904.1599274465659 -600.5599274465659 6.4 -900.5599274465659 600.0 6.4 -904.1599274465659 600.0 6.4 -900.5599274465659 603.6 6.4 -904.1599274465659 603.6 6.4 900.0 -604.1599274465659 6.4 900.0 -600.5599274465659 6.4 900.0 600.0 6.4 900.0 603.6 6.4 903.6 -604.1599274465659 6.4 903.6 -600.5599274465659 6.4 903.6 600.0 6.4 903.6 603.6 6.4 -904.4748866352593 -604.4748866352593 10.0 -900.8748866352593 -604.4748866352593 10.0 -900.8748866352593 -600.8748866352593 10.0 -904.4748866352593 -600.8748866352593 10.0 -900.8748866352593 600.0 10.0 -904.4748866352593 600.0 10.0 -900.8748866352593 603.6 10.0 -904.4748866352593 603.6 10.0 900.0 -604.4748866352593 10.0 900.0 -600.8748866352593 10.0 900.0 600.0 10.0 900.0 603.6 10.0 903.6 -604.4748866352593 10.0 903.6 -600.8748866352593 10.0 903.6 600.0 10.0 903.6 603.6 10.0 -890.5599274465659 -604.1599274465659 6.4 -890.8748866352593 -604.4748866352593 10.0 -890.5599274465659 -600.5599274465659 6.4 -890.8748866352593 -600.8748866352593 10.0 -904.1599274465659 -590.5599274465659 6.4 -904.4748866352593 -590.8748866352593 10.0 -900.5599274465659 -590.5599274465659 6.4 -900.8748866352593 -590.8748866352593 10.0 -904.1599274465659 -590.5599274465659 6.4 -904.4748866352593 -590.8748866352593 10.0 -900.5599274465659 -590.5599274465659 6.4 -900.8748866352593 -590.8748866352593 10.0 -890.5599274465659 -600.5599274465659 6.4 -890.8748866352593 -600.8748866352593 10.0 -890.5599274465659 600.0 6.4 -890.8748866352593 600.0 10.0 -904.1599274465659 590.0 6.4 -904.4748866352593 590.0 10.0 -900.5599274465659 590.0 6.4 -900.8748866352593 590.0 10.0 -904.1599274465659 590.0 6.4 -904.4748866352593 590.0 10.0 -900.5599274465659 590.0 6.4 -900.8748866352593 590.0 10.0 -890.5599274465659 600.0 6.4 -890.8748866352593 600.0 10.0 -890.5599274465659 603.6 6.4 -890.8748866352593 603.6 10.0 890.0 -604.1599274465659 6.4 890.0 -604.4748866352593 10.0 890.0 -600.5599274465659 6.4 890.0 -600.8748866352593 10.0 -900.5599274465659 -590.5599274465659 6.4 -900.8748866352593 -590.8748866352593 10.0 900.0 -590.5599274465659 6.4 900.0 -590.8748866352593 10.0 -890.5599274465659 -604.1599274465659 6.4 -890.8748866352593 -604.4748866352593 10.0 -890.5599274465659 -600.5599274465659 6.4 -890.8748866352593 -600.8748866352593 10.0 -900.5599274465659 590.0 6.4 -900.8748866352593 590.0 10.0 900.0 590.0 6.4 900.0 590.0 10.0 890.0 600.0 6.4 890.0 600.0 10.0 890.0 603.6 6.4 890.0 603.6 10.0 -890.5599274465659 600.0 6.4 -890.8748866352593 600.0 10.0 -890.5599274465659 603.6 6.4 -890.8748866352593 603.6 10.0 900.0 -590.5599274465659 6.4 900.0 -590.8748866352593 10.0 903.6 -590.5599274465659 6.4 903.6 -590.8748866352593 10.0 890.0 -604.1599274465659 6.4 890.0 -604.4748866352593 10.0 890.0 -600.5599274465659 6.4 890.0 -600.8748866352593 10.0 900.0 -590.5599274465659 6.4 900.0 -590.8748866352593 10.0 903.6 -590.5599274465659 6.4 903.6 -590.8748866352593 10.0 900.0 590.0 6.4 900.0 590.0 10.0 903.6 590.0 6.4 903.6 590.0 10.0 890.0 -600.5599274465659 6.4 890.0 -600.8748866352593 10.0 890.0 600.0 6.4 890.0 600.0 10.0 900.0 590.0 6.4 900.0 590.0 10.0 903.6 590.0 6.4 903.6 590.0 10.0 890.0 600.0 6.4 890.0 600.0 10.0 890.0 603.6 6.4 890.0 603.6 10.0 -850.0 -603.6 -3.6 -800.0 -603.6 -3.6 -750.0 -603.6 -3.6 -700.0 -603.6 -3.6 -650.0 -603.6 -3.6 -600.0 -603.6 -3.6 -550.0 -603.6 -3.6 -500.0 -603.6 -3.6 -450.0 -603.6 -3.6 -400.0 -603.6 -3.6 -350.0 -603.6 -3.6 -300.0 -603.6 -3.6 -250.0 -603.6 -3.6 -200.0000000000001 -603.6 -3.6 -150.0000000000001 -603.6 -3.6 -100.0 -603.6 -3.6 -50.0 -603.6 -3.6 0.0 -603.6 -3.6 50.0 -603.6 -3.6 100.0 -603.6 -3.6 149.99999999999977 -603.6 -3.6 200.0 -603.6 -3.6 250.0 -603.6 -3.6 300.0 -603.6 -3.6 350.0 -603.6 -3.6 400.0 -603.6 -3.6 450.0 -603.6 -3.6 499.9999999999998 -603.6 -3.6 549.9999999999998 -603.6 -3.6 599.9999999999998 -603.6 -3.6 650.0 -603.6 -3.6 700.0 -603.6 -3.6 750.0 -603.6 -3.6 800.0 -603.6 -3.6 850.0 -603.6 -3.6 -850.0 -600.0 -3.6 -800.0 -600.0 -3.6 -750.0 -600.0 -3.6 -700.0 -600.0 -3.6 -650.0 -600.0 -3.6 -600.0 -600.0 -3.6 -550.0 -600.0 -3.6 -500.0 -600.0 -3.6 -450.0 -600.0 -3.6 -400.0 -600.0 -3.6 -350.0 -600.0 -3.6 -300.0 -600.0 -3.6 -250.0 -600.0 -3.6 -200.0000000000001 -600.0 -3.6 -150.0000000000001 -600.0 -3.6 -100.0 -600.0 -3.6 -50.0 -600.0 -3.6 0.0 -600.0 -3.6 50.0 -600.0 -3.6 100.0 -600.0 -3.6 149.99999999999977 -600.0 -3.6 200.0 -600.0 -3.6 250.0 -600.0 -3.6 300.0 -600.0 -3.6 350.0 -600.0 -3.6 400.0 -600.0 -3.6 450.0 -600.0 -3.6 499.9999999999998 -600.0 -3.6 549.9999999999998 -600.0 -3.6 599.9999999999998 -600.0 -3.6 650.0 -600.0 -3.6 700.0 -600.0 -3.6 750.0 -600.0 -3.6 800.0 -600.0 -3.6 850.0 -600.0 -3.6 -850.0 600.0 -3.6 -800.0 600.0 -3.6 -750.0 600.0 -3.6 -700.0 600.0 -3.6 -650.0 600.0 -3.6 -600.0 600.0 -3.6 -550.0 600.0 -3.6 -500.0 600.0 -3.6 -450.0 600.0 -3.6 -400.0 600.0 -3.6 -350.0 600.0 -3.6 -300.0 600.0 -3.6 -250.0 600.0 -3.6 -200.0000000000001 600.0 -3.6 -150.0000000000001 600.0 -3.6 -100.0 600.0 -3.6 -50.0 600.0 -3.6 0.0 600.0 -3.6 50.0 600.0 -3.6 100.0 600.0 -3.6 149.99999999999977 600.0 -3.6 200.0 600.0 -3.6 250.0 600.0 -3.6 300.0 600.0 -3.6 350.0 600.0 -3.6 400.0 600.0 -3.6 450.0 600.0 -3.6 499.9999999999998 600.0 -3.6 549.9999999999998 600.0 -3.6 599.9999999999998 600.0 -3.6 650.0 600.0 -3.6 700.0 600.0 -3.6 750.0 600.0 -3.6 800.0 600.0 -3.6 850.0 600.0 -3.6 -850.0 603.6 -3.6 -800.0 603.6 -3.6 -750.0 603.6 -3.6 -700.0 603.6 -3.6 -650.0 603.6 -3.6 -600.0 603.6 -3.6 -550.0 603.6 -3.6 -500.0 603.6 -3.6 -450.0 603.6 -3.6 -400.0 603.6 -3.6 -350.0 603.6 -3.6 -300.0 603.6 -3.6 -250.0 603.6 -3.6 -200.0000000000001 603.6 -3.6 -150.0000000000001 603.6 -3.6 -100.0 603.6 -3.6 -50.0 603.6 -3.6 0.0 603.6 -3.6 50.0 603.6 -3.6 100.0 603.6 -3.6 149.99999999999977 603.6 -3.6 200.0 603.6 -3.6 250.0 603.6 -3.6 300.0 603.6 -3.6 350.0 603.6 -3.6 400.0 603.6 -3.6 450.0 603.6 -3.6 499.9999999999998 603.6 -3.6 549.9999999999998 603.6 -3.6 599.9999999999998 603.6 -3.6 650.0 603.6 -3.6 700.0 603.6 -3.6 750.0 603.6 -3.6 800.0 603.6 -3.6 850.0 603.6 -3.6 -903.6 -550.0 -3.6 -903.6 -500.0 -3.6 -903.6 -450.0 -3.6 -903.6 -400.0 -3.6 -903.6 -350.0 -3.6 -903.6 -300.0 -3.6 -903.6 -250.00000000000006 -3.6 -903.6 -200.0 -3.6 -903.6 -150.0 -3.6 -903.6 -100.00000000000006 -3.6 -903.6 -50.0 -3.6 -903.6 0.0 -3.6 -903.6 50.0 -3.6 -903.6 99.99999999999989 -3.6 -903.6 150.0 -3.6 -903.6 200.0 -3.6 -903.6 249.9999999999999 -3.6 -903.6 300.0 -3.6 -903.6 350.0 -3.6 -903.6 399.9999999999999 -3.6 -903.6 450.0 -3.6 -903.6 500.0 -3.6 -903.6 550.0 -3.6 -900.0 -550.0 -3.6 -900.0 -500.0 -3.6 -900.0 -450.0 -3.6 -900.0 -400.0 -3.6 -900.0 -350.0 -3.6 -900.0 -300.0 -3.6 -900.0 -250.00000000000006 -3.6 -900.0 -200.0 -3.6 -900.0 -150.0 -3.6 -900.0 -100.00000000000006 -3.6 -900.0 -50.0 -3.6 -900.0 0.0 -3.6 -900.0 50.0 -3.6 -900.0 99.99999999999989 -3.6 -900.0 150.0 -3.6 -900.0 200.0 -3.6 -900.0 249.9999999999999 -3.6 -900.0 300.0 -3.6 -900.0 350.0 -3.6 -900.0 399.9999999999999 -3.6 -900.0 450.0 -3.6 -900.0 500.0 -3.6 -900.0 550.0 -3.6 900.0 -550.0 -3.6 900.0 -500.0 -3.6 900.0 -450.0 -3.6 900.0 -400.0 -3.6 900.0 -350.0 -3.6 900.0 -300.0 -3.6 900.0 -250.00000000000006 -3.6 900.0 -200.0 -3.6 900.0 -150.0 -3.6 900.0 -100.00000000000006 -3.6 900.0 -50.0 -3.6 900.0 0.0 -3.6 900.0 50.0 -3.6 900.0 99.99999999999989 -3.6 900.0 150.0 -3.6 900.0 200.0 -3.6 900.0 249.9999999999999 -3.6 900.0 300.0 -3.6 900.0 350.0 -3.6 900.0 399.9999999999999 -3.6 900.0 450.0 -3.6 900.0 500.0 -3.6 900.0 550.0 -3.6 903.6 -550.0 -3.6 903.6 -500.0 -3.6 903.6 -450.0 -3.6 903.6 -400.0 -3.6 903.6 -350.0 -3.6 903.6 -300.0 -3.6 903.6 -250.00000000000006 -3.6 903.6 -200.0 -3.6 903.6 -150.0 -3.6 903.6 -100.00000000000006 -3.6 903.6 -50.0 -3.6 903.6 0.0 -3.6 903.6 50.0 -3.6 903.6 99.99999999999989 -3.6 903.6 150.0 -3.6 903.6 200.0 -3.6 903.6 249.9999999999999 -3.6 903.6 300.0 -3.6 903.6 350.0 -3.6 903.6 399.9999999999999 -3.6 903.6 450.0 -3.6 903.6 500.0 -3.6 903.6 550.0 -3.6 -900.0 -550.0 0.0 -900.0 -500.0 0.0 -900.0 -450.0 0.0 -900.0 -400.0 0.0 -900.0 -350.0 0.0 -900.0 -300.0 0.0 -900.0 -250.00000000000006 0.0 -900.0 -200.0 0.0 -900.0 -150.0 0.0 -900.0 -100.00000000000006 0.0 -900.0 -50.0 0.0 -900.0 0.0 0.0 -900.0 50.0 0.0 -900.0 99.99999999999989 0.0 -900.0 150.0 0.0 -900.0 200.0 0.0 -900.0 249.9999999999999 0.0 -900.0 300.0 0.0 -900.0 350.0 0.0 -900.0 399.9999999999999 0.0 -900.0 450.0 0.0 -900.0 500.0 0.0 -900.0 550.0 0.0 -903.6 -550.0 0.0 -903.6 -500.0 0.0 -903.6 -450.0 0.0 -903.6 -400.0 0.0 -903.6 -350.0 0.0 -903.6 -300.0 0.0 -903.6 -250.00000000000006 0.0 -903.6 -200.0 0.0 -903.6 -150.0 0.0 -903.6 -100.00000000000006 0.0 -903.6 -50.0 0.0 -903.6 0.0 0.0 -903.6 50.0 0.0 -903.6 99.99999999999989 0.0 -903.6 150.0 0.0 -903.6 200.0 0.0 -903.6 249.9999999999999 0.0 -903.6 300.0 0.0 -903.6 350.0 0.0 -903.6 399.9999999999999 0.0 -903.6 450.0 0.0 -903.6 500.0 0.0 -903.6 550.0 0.0 -850.0 -603.6 0.0 -800.0 -603.6 0.0 -750.0 -603.6 0.0 -700.0 -603.6 0.0 -650.0 -603.6 0.0 -600.0 -603.6 0.0 -550.0 -603.6 0.0 -500.0 -603.6 0.0 -450.0 -603.6 0.0 -400.0 -603.6 0.0 -350.0 -603.6 0.0 -300.0 -603.6 0.0 -250.0 -603.6 0.0 -200.0000000000001 -603.6 0.0 -150.0000000000001 -603.6 0.0 -100.0 -603.6 0.0 -50.0 -603.6 0.0 0.0 -603.6 0.0 50.0 -603.6 0.0 100.0 -603.6 0.0 149.99999999999977 -603.6 0.0 200.0 -603.6 0.0 250.0 -603.6 0.0 300.0 -603.6 0.0 350.0 -603.6 0.0 400.0 -603.6 0.0 450.0 -603.6 0.0 499.9999999999998 -603.6 0.0 549.9999999999998 -603.6 0.0 599.9999999999998 -603.6 0.0 650.0 -603.6 0.0 700.0 -603.6 0.0 750.0 -603.6 0.0 800.0 -603.6 0.0 850.0 -603.6 0.0 -850.0 -600.0 0.0 -800.0 -600.0 0.0 -750.0 -600.0 0.0 -700.0 -600.0 0.0 -650.0 -600.0 0.0 -600.0 -600.0 0.0 -550.0 -600.0 0.0 -500.0 -600.0 0.0 -450.0 -600.0 0.0 -400.0 -600.0 0.0 -350.0 -600.0 0.0 -300.0 -600.0 0.0 -250.0 -600.0 0.0 -200.0000000000001 -600.0 0.0 -150.0000000000001 -600.0 0.0 -100.0 -600.0 0.0 -50.0 -600.0 0.0 0.0 -600.0 0.0 50.0 -600.0 0.0 100.0 -600.0 0.0 149.99999999999977 -600.0 0.0 200.0 -600.0 0.0 250.0 -600.0 0.0 300.0 -600.0 0.0 350.0 -600.0 0.0 400.0 -600.0 0.0 450.0 -600.0 0.0 499.9999999999998 -600.0 0.0 549.9999999999998 -600.0 0.0 599.9999999999998 -600.0 0.0 650.0 -600.0 0.0 700.0 -600.0 0.0 750.0 -600.0 0.0 800.0 -600.0 0.0 850.0 -600.0 0.0 900.0 -550.0 0.0 900.0 -500.0 0.0 900.0 -450.0 0.0 900.0 -400.0 0.0 900.0 -350.0 0.0 900.0 -300.0 0.0 900.0 -250.00000000000006 0.0 900.0 -200.0 0.0 900.0 -150.0 0.0 900.0 -100.00000000000006 0.0 900.0 -50.0 0.0 900.0 0.0 0.0 900.0 50.0 0.0 900.0 99.99999999999989 0.0 900.0 150.0 0.0 900.0 200.0 0.0 900.0 249.9999999999999 0.0 900.0 300.0 0.0 900.0 350.0 0.0 900.0 399.9999999999999 0.0 900.0 450.0 0.0 900.0 500.0 0.0 900.0 550.0 0.0 -850.0 600.0 0.0 -800.0 600.0 0.0 -750.0 600.0 0.0 -700.0 600.0 0.0 -650.0 600.0 0.0 -600.0 600.0 0.0 -550.0 600.0 0.0 -500.0 600.0 0.0 -450.0 600.0 0.0 -400.0 600.0 0.0 -350.0 600.0 0.0 -300.0 600.0 0.0 -250.0 600.0 0.0 -200.0000000000001 600.0 0.0 -150.0000000000001 600.0 0.0 -100.0 600.0 0.0 -50.0 600.0 0.0 0.0 600.0 0.0 50.0 600.0 0.0 100.0 600.0 0.0 149.99999999999977 600.0 0.0 200.0 600.0 0.0 250.0 600.0 0.0 300.0 600.0 0.0 350.0 600.0 0.0 400.0 600.0 0.0 450.0 600.0 0.0 499.9999999999998 600.0 0.0 549.9999999999998 600.0 0.0 599.9999999999998 600.0 0.0 650.0 600.0 0.0 700.0 600.0 0.0 750.0 600.0 0.0 800.0 600.0 0.0 850.0 600.0 0.0 -850.0 603.6 0.0 -800.0 603.6 0.0 -750.0 603.6 0.0 -700.0 603.6 0.0 -650.0 603.6 0.0 -600.0 603.6 0.0 -550.0 603.6 0.0 -500.0 603.6 0.0 -450.0 603.6 0.0 -400.0 603.6 0.0 -350.0 603.6 0.0 -300.0 603.6 0.0 -250.0 603.6 0.0 -200.0000000000001 603.6 0.0 -150.0000000000001 603.6 0.0 -100.0 603.6 0.0 -50.0 603.6 0.0 0.0 603.6 0.0 50.0 603.6 0.0 100.0 603.6 0.0 149.99999999999977 603.6 0.0 200.0 603.6 0.0 250.0 603.6 0.0 300.0 603.6 0.0 350.0 603.6 0.0 400.0 603.6 0.0 450.0 603.6 0.0 499.9999999999998 603.6 0.0 549.9999999999998 603.6 0.0 599.9999999999998 603.6 0.0 650.0 603.6 0.0 700.0 603.6 0.0 750.0 603.6 0.0 800.0 603.6 0.0 850.0 603.6 0.0 903.6 -550.0 0.0 903.6 -500.0 0.0 903.6 -450.0 0.0 903.6 -400.0 0.0 903.6 -350.0 0.0 903.6 -300.0 0.0 903.6 -250.00000000000006 0.0 903.6 -200.0 0.0 903.6 -150.0 0.0 903.6 -100.00000000000006 0.0 903.6 -50.0 0.0 903.6 0.0 0.0 903.6 50.0 0.0 903.6 99.99999999999989 0.0 903.6 150.0 0.0 903.6 200.0 0.0 903.6 249.9999999999999 0.0 903.6 300.0 0.0 903.6 350.0 0.0 903.6 399.9999999999999 0.0 903.6 450.0 0.0 903.6 500.0 0.0 903.6 550.0 0.0 -900.5599274465659 -550.5599274465659 6.4 -900.5599274465659 -500.5599274465659 6.4 -900.5599274465659 -450.5599274465659 6.4 -900.5599274465659 -400.5599274465659 6.4 -900.5599274465659 -350.5599274465659 6.4 -900.5599274465659 -300.5599274465659 6.4 -900.5599274465659 -250.55992744656598 6.4 -900.5599274465659 -200.55992744656592 6.4 -900.5599274465659 -150.55992744656592 6.4 -900.5599274465659 -100.55992744656596 6.4 -900.5599274465659 -50.559927446565915 6.4 -900.5599274465659 -0.5599274465659136 6.4 -900.5599274465659 50.0 6.4 -900.5599274465659 99.99999999999989 6.4 -900.5599274465659 150.0 6.4 -900.5599274465659 200.0 6.4 -900.5599274465659 249.9999999999999 6.4 -900.5599274465659 300.0 6.4 -900.5599274465659 350.0 6.4 -900.5599274465659 399.9999999999999 6.4 -900.5599274465659 450.0 6.4 -900.5599274465659 500.0 6.4 -900.5599274465659 550.0 6.4 -904.1599274465659 -550.5599274465659 6.4 -904.1599274465659 -500.5599274465659 6.4 -904.1599274465659 -450.5599274465659 6.4 -904.1599274465659 -400.5599274465659 6.4 -904.1599274465659 -350.5599274465659 6.4 -904.1599274465659 -300.5599274465659 6.4 -904.1599274465659 -250.55992744656598 6.4 -904.1599274465659 -200.55992744656592 6.4 -904.1599274465659 -150.55992744656592 6.4 -904.1599274465659 -100.55992744656596 6.4 -904.1599274465659 -50.559927446565915 6.4 -904.1599274465659 -0.5599274465659136 6.4 -904.1599274465659 50.0 6.4 -904.1599274465659 99.99999999999989 6.4 -904.1599274465659 150.0 6.4 -904.1599274465659 200.0 6.4 -904.1599274465659 249.9999999999999 6.4 -904.1599274465659 300.0 6.4 -904.1599274465659 350.0 6.4 -904.1599274465659 399.9999999999999 6.4 -904.1599274465659 450.0 6.4 -904.1599274465659 500.0 6.4 -904.1599274465659 550.0 6.4 -850.5599274465659 -604.1599274465659 6.4 -800.5599274465659 -604.1599274465659 6.4 -750.5599274465659 -604.1599274465659 6.4 -700.5599274465659 -604.1599274465659 6.4 -650.5599274465659 -604.1599274465659 6.4 -600.5599274465659 -604.1599274465659 6.4 -550.5599274465659 -604.1599274465659 6.4 -500.5599274465659 -604.1599274465659 6.4 -450.5599274465659 -604.1599274465659 6.4 -400.5599274465659 -604.1599274465659 6.4 -350.5599274465659 -604.1599274465659 6.4 -300.5599274465659 -604.1599274465659 6.4 -250.55992744656592 -604.1599274465659 6.4 -200.55992744656604 -604.1599274465659 6.4 -150.55992744656604 -604.1599274465659 6.4 -100.55992744656591 -604.1599274465659 6.4 -50.559927446565915 -604.1599274465659 6.4 -0.5599274465659136 -604.1599274465659 6.4 50.0 -604.1599274465659 6.4 100.0 -604.1599274465659 6.4 149.99999999999977 -604.1599274465659 6.4 200.0 -604.1599274465659 6.4 250.0 -604.1599274465659 6.4 300.0 -604.1599274465659 6.4 350.0 -604.1599274465659 6.4 400.0 -604.1599274465659 6.4 450.0 -604.1599274465659 6.4 499.9999999999998 -604.1599274465659 6.4 549.9999999999998 -604.1599274465659 6.4 599.9999999999998 -604.1599274465659 6.4 650.0 -604.1599274465659 6.4 700.0 -604.1599274465659 6.4 750.0 -604.1599274465659 6.4 800.0 -604.1599274465659 6.4 850.0 -604.1599274465659 6.4 -850.5599274465659 -600.5599274465659 6.4 -800.5599274465659 -600.5599274465659 6.4 -750.5599274465659 -600.5599274465659 6.4 -700.5599274465659 -600.5599274465659 6.4 -650.5599274465659 -600.5599274465659 6.4 -600.5599274465659 -600.5599274465659 6.4 -550.5599274465659 -600.5599274465659 6.4 -500.5599274465659 -600.5599274465659 6.4 -450.5599274465659 -600.5599274465659 6.4 -400.5599274465659 -600.5599274465659 6.4 -350.5599274465659 -600.5599274465659 6.4 -300.5599274465659 -600.5599274465659 6.4 -250.55992744656592 -600.5599274465659 6.4 -200.55992744656604 -600.5599274465659 6.4 -150.55992744656604 -600.5599274465659 6.4 -100.55992744656591 -600.5599274465659 6.4 -50.559927446565915 -600.5599274465659 6.4 -0.5599274465659136 -600.5599274465659 6.4 50.0 -600.5599274465659 6.4 100.0 -600.5599274465659 6.4 149.99999999999977 -600.5599274465659 6.4 200.0 -600.5599274465659 6.4 250.0 -600.5599274465659 6.4 300.0 -600.5599274465659 6.4 350.0 -600.5599274465659 6.4 400.0 -600.5599274465659 6.4 450.0 -600.5599274465659 6.4 499.9999999999998 -600.5599274465659 6.4 549.9999999999998 -600.5599274465659 6.4 599.9999999999998 -600.5599274465659 6.4 650.0 -600.5599274465659 6.4 700.0 -600.5599274465659 6.4 750.0 -600.5599274465659 6.4 800.0 -600.5599274465659 6.4 850.0 -600.5599274465659 6.4 -850.5599274465659 600.0 6.4 -800.5599274465659 600.0 6.4 -750.5599274465659 600.0 6.4 -700.5599274465659 600.0 6.4 -650.5599274465659 600.0 6.4 -600.5599274465659 600.0 6.4 -550.5599274465659 600.0 6.4 -500.5599274465659 600.0 6.4 -450.5599274465659 600.0 6.4 -400.5599274465659 600.0 6.4 -350.5599274465659 600.0 6.4 -300.5599274465659 600.0 6.4 -250.55992744656592 600.0 6.4 -200.55992744656604 600.0 6.4 -150.55992744656604 600.0 6.4 -100.55992744656591 600.0 6.4 -50.559927446565915 600.0 6.4 -0.5599274465659136 600.0 6.4 50.0 600.0 6.4 100.0 600.0 6.4 149.99999999999977 600.0 6.4 200.0 600.0 6.4 250.0 600.0 6.4 300.0 600.0 6.4 350.0 600.0 6.4 400.0 600.0 6.4 450.0 600.0 6.4 499.9999999999998 600.0 6.4 549.9999999999998 600.0 6.4 599.9999999999998 600.0 6.4 650.0 600.0 6.4 700.0 600.0 6.4 750.0 600.0 6.4 800.0 600.0 6.4 850.0 600.0 6.4 -850.5599274465659 603.6 6.4 -800.5599274465659 603.6 6.4 -750.5599274465659 603.6 6.4 -700.5599274465659 603.6 6.4 -650.5599274465659 603.6 6.4 -600.5599274465659 603.6 6.4 -550.5599274465659 603.6 6.4 -500.5599274465659 603.6 6.4 -450.5599274465659 603.6 6.4 -400.5599274465659 603.6 6.4 -350.5599274465659 603.6 6.4 -300.5599274465659 603.6 6.4 -250.55992744656592 603.6 6.4 -200.55992744656604 603.6 6.4 -150.55992744656604 603.6 6.4 -100.55992744656591 603.6 6.4 -50.559927446565915 603.6 6.4 -0.5599274465659136 603.6 6.4 50.0 603.6 6.4 100.0 603.6 6.4 149.99999999999977 603.6 6.4 200.0 603.6 6.4 250.0 603.6 6.4 300.0 603.6 6.4 350.0 603.6 6.4 400.0 603.6 6.4 450.0 603.6 6.4 499.9999999999998 603.6 6.4 549.9999999999998 603.6 6.4 599.9999999999998 603.6 6.4 650.0 603.6 6.4 700.0 603.6 6.4 750.0 603.6 6.4 800.0 603.6 6.4 850.0 603.6 6.4 903.6 -550.5599274465659 6.4 903.6 -500.5599274465659 6.4 903.6 -450.5599274465659 6.4 903.6 -400.5599274465659 6.4 903.6 -350.5599274465659 6.4 903.6 -300.5599274465659 6.4 903.6 -250.55992744656598 6.4 903.6 -200.55992744656592 6.4 903.6 -150.55992744656592 6.4 903.6 -100.55992744656596 6.4 903.6 -50.559927446565915 6.4 903.6 -0.5599274465659136 6.4 903.6 50.0 6.4 903.6 99.99999999999989 6.4 903.6 150.0 6.4 903.6 200.0 6.4 903.6 249.9999999999999 6.4 903.6 300.0 6.4 903.6 350.0 6.4 903.6 399.9999999999999 6.4 903.6 450.0 6.4 903.6 500.0 6.4 903.6 550.0 6.4 900.0 -550.5599274465659 6.4 900.0 -500.5599274465659 6.4 900.0 -450.5599274465659 6.4 900.0 -400.5599274465659 6.4 900.0 -350.5599274465659 6.4 900.0 -300.5599274465659 6.4 900.0 -250.55992744656598 6.4 900.0 -200.55992744656592 6.4 900.0 -150.55992744656592 6.4 900.0 -100.55992744656596 6.4 900.0 -50.559927446565915 6.4 900.0 -0.5599274465659136 6.4 900.0 50.0 6.4 900.0 99.99999999999989 6.4 900.0 150.0 6.4 900.0 200.0 6.4 900.0 249.9999999999999 6.4 900.0 300.0 6.4 900.0 350.0 6.4 900.0 399.9999999999999 6.4 900.0 450.0 6.4 900.0 500.0 6.4 900.0 550.0 6.4 -900.8748866352593 -550.8748866352593 10.0 -900.8748866352593 -500.87488663525926 10.0 -900.8748866352593 -450.87488663525926 10.0 -900.8748866352593 -400.87488663525926 10.0 -900.8748866352593 -350.87488663525926 10.0 -900.8748866352593 -300.87488663525926 10.0 -900.8748866352593 -250.8748866352593 10.0 -900.8748866352593 -200.87488663525923 10.0 -900.8748866352593 -150.87488663525923 10.0 -900.8748866352593 -100.8748866352593 10.0 -900.8748866352593 -50.87488663525924 10.0 -900.8748866352593 -0.87488663525924 10.0 -900.8748866352593 50.0 10.0 -900.8748866352593 99.99999999999989 10.0 -900.8748866352593 150.0 10.0 -900.8748866352593 200.0 10.0 -900.8748866352593 249.9999999999999 10.0 -900.8748866352593 300.0 10.0 -900.8748866352593 350.0 10.0 -900.8748866352593 399.9999999999999 10.0 -900.8748866352593 450.0 10.0 -900.8748866352593 500.0 10.0 -900.8748866352593 550.0 10.0 -904.4748866352593 -550.8748866352593 10.0 -904.4748866352593 -500.87488663525926 10.0 -904.4748866352593 -450.87488663525926 10.0 -904.4748866352593 -400.87488663525926 10.0 -904.4748866352593 -350.87488663525926 10.0 -904.4748866352593 -300.87488663525926 10.0 -904.4748866352593 -250.8748866352593 10.0 -904.4748866352593 -200.87488663525923 10.0 -904.4748866352593 -150.87488663525923 10.0 -904.4748866352593 -100.8748866352593 10.0 -904.4748866352593 -50.87488663525924 10.0 -904.4748866352593 -0.87488663525924 10.0 -904.4748866352593 50.0 10.0 -904.4748866352593 99.99999999999989 10.0 -904.4748866352593 150.0 10.0 -904.4748866352593 200.0 10.0 -904.4748866352593 249.9999999999999 10.0 -904.4748866352593 300.0 10.0 -904.4748866352593 350.0 10.0 -904.4748866352593 399.9999999999999 10.0 -904.4748866352593 450.0 10.0 -904.4748866352593 500.0 10.0 -904.4748866352593 550.0 10.0 -850.8748866352593 -604.4748866352593 10.0 -800.8748866352593 -604.4748866352593 10.0 -750.8748866352593 -604.4748866352593 10.0 -700.8748866352593 -604.4748866352593 10.0 -650.8748866352593 -604.4748866352593 10.0 -600.8748866352593 -604.4748866352593 10.0 -550.8748866352593 -604.4748866352593 10.0 -500.87488663525926 -604.4748866352593 10.0 -450.87488663525926 -604.4748866352593 10.0 -400.87488663525926 -604.4748866352593 10.0 -350.87488663525926 -604.4748866352593 10.0 -300.87488663525926 -604.4748866352593 10.0 -250.87488663525923 -604.4748866352593 10.0 -200.87488663525934 -604.4748866352593 10.0 -150.87488663525934 -604.4748866352593 10.0 -100.87488663525924 -604.4748866352593 10.0 -50.87488663525924 -604.4748866352593 10.0 -0.87488663525924 -604.4748866352593 10.0 50.0 -604.4748866352593 10.0 100.0 -604.4748866352593 10.0 149.99999999999977 -604.4748866352593 10.0 200.0 -604.4748866352593 10.0 250.0 -604.4748866352593 10.0 300.0 -604.4748866352593 10.0 350.0 -604.4748866352593 10.0 400.0 -604.4748866352593 10.0 450.0 -604.4748866352593 10.0 499.9999999999998 -604.4748866352593 10.0 549.9999999999998 -604.4748866352593 10.0 599.9999999999998 -604.4748866352593 10.0 650.0 -604.4748866352593 10.0 700.0 -604.4748866352593 10.0 750.0 -604.4748866352593 10.0 800.0 -604.4748866352593 10.0 850.0 -604.4748866352593 10.0 -850.8748866352593 -600.8748866352593 10.0 -800.8748866352593 -600.8748866352593 10.0 -750.8748866352593 -600.8748866352593 10.0 -700.8748866352593 -600.8748866352593 10.0 -650.8748866352593 -600.8748866352593 10.0 -600.8748866352593 -600.8748866352593 10.0 -550.8748866352593 -600.8748866352593 10.0 -500.87488663525926 -600.8748866352593 10.0 -450.87488663525926 -600.8748866352593 10.0 -400.87488663525926 -600.8748866352593 10.0 -350.87488663525926 -600.8748866352593 10.0 -300.87488663525926 -600.8748866352593 10.0 -250.87488663525923 -600.8748866352593 10.0 -200.87488663525934 -600.8748866352593 10.0 -150.87488663525934 -600.8748866352593 10.0 -100.87488663525924 -600.8748866352593 10.0 -50.87488663525924 -600.8748866352593 10.0 -0.87488663525924 -600.8748866352593 10.0 50.0 -600.8748866352593 10.0 100.0 -600.8748866352593 10.0 149.99999999999977 -600.8748866352593 10.0 200.0 -600.8748866352593 10.0 250.0 -600.8748866352593 10.0 300.0 -600.8748866352593 10.0 350.0 -600.8748866352593 10.0 400.0 -600.8748866352593 10.0 450.0 -600.8748866352593 10.0 499.9999999999998 -600.8748866352593 10.0 549.9999999999998 -600.8748866352593 10.0 599.9999999999998 -600.8748866352593 10.0 650.0 -600.8748866352593 10.0 700.0 -600.8748866352593 10.0 750.0 -600.8748866352593 10.0 800.0 -600.8748866352593 10.0 850.0 -600.8748866352593 10.0 -850.8748866352593 600.0 10.0 -800.8748866352593 600.0 10.0 -750.8748866352593 600.0 10.0 -700.8748866352593 600.0 10.0 -650.8748866352593 600.0 10.0 -600.8748866352593 600.0 10.0 -550.8748866352593 600.0 10.0 -500.87488663525926 600.0 10.0 -450.87488663525926 600.0 10.0 -400.87488663525926 600.0 10.0 -350.87488663525926 600.0 10.0 -300.87488663525926 600.0 10.0 -250.87488663525923 600.0 10.0 -200.87488663525934 600.0 10.0 -150.87488663525934 600.0 10.0 -100.87488663525924 600.0 10.0 -50.87488663525924 600.0 10.0 -0.87488663525924 600.0 10.0 50.0 600.0 10.0 100.0 600.0 10.0 149.99999999999977 600.0 10.0 200.0 600.0 10.0 250.0 600.0 10.0 300.0 600.0 10.0 350.0 600.0 10.0 400.0 600.0 10.0 450.0 600.0 10.0 499.9999999999998 600.0 10.0 549.9999999999998 600.0 10.0 599.9999999999998 600.0 10.0 650.0 600.0 10.0 700.0 600.0 10.0 750.0 600.0 10.0 800.0 600.0 10.0 850.0 600.0 10.0 -850.8748866352593 603.6 10.0 -800.8748866352593 603.6 10.0 -750.8748866352593 603.6 10.0 -700.8748866352593 603.6 10.0 -650.8748866352593 603.6 10.0 -600.8748866352593 603.6 10.0 -550.8748866352593 603.6 10.0 -500.87488663525926 603.6 10.0 -450.87488663525926 603.6 10.0 -400.87488663525926 603.6 10.0 -350.87488663525926 603.6 10.0 -300.87488663525926 603.6 10.0 -250.87488663525923 603.6 10.0 -200.87488663525934 603.6 10.0 -150.87488663525934 603.6 10.0 -100.87488663525924 603.6 10.0 -50.87488663525924 603.6 10.0 -0.87488663525924 603.6 10.0 50.0 603.6 10.0 100.0 603.6 10.0 149.99999999999977 603.6 10.0 200.0 603.6 10.0 250.0 603.6 10.0 300.0 603.6 10.0 350.0 603.6 10.0 400.0 603.6 10.0 450.0 603.6 10.0 499.9999999999998 603.6 10.0 549.9999999999998 603.6 10.0 599.9999999999998 603.6 10.0 650.0 603.6 10.0 700.0 603.6 10.0 750.0 603.6 10.0 800.0 603.6 10.0 850.0 603.6 10.0 903.6 -550.8748866352593 10.0 903.6 -500.87488663525926 10.0 903.6 -450.87488663525926 10.0 903.6 -400.87488663525926 10.0 903.6 -350.87488663525926 10.0 903.6 -300.87488663525926 10.0 903.6 -250.8748866352593 10.0 903.6 -200.87488663525923 10.0 903.6 -150.87488663525923 10.0 903.6 -100.8748866352593 10.0 903.6 -50.87488663525924 10.0 903.6 -0.87488663525924 10.0 903.6 50.0 10.0 903.6 99.99999999999989 10.0 903.6 150.0 10.0 903.6 200.0 10.0 903.6 249.9999999999999 10.0 903.6 300.0 10.0 903.6 350.0 10.0 903.6 399.9999999999999 10.0 903.6 450.0 10.0 903.6 500.0 10.0 903.6 550.0 10.0 900.0 -550.8748866352593 10.0 900.0 -500.87488663525926 10.0 900.0 -450.87488663525926 10.0 900.0 -400.87488663525926 10.0 900.0 -350.87488663525926 10.0 900.0 -300.87488663525926 10.0 900.0 -250.8748866352593 10.0 900.0 -200.87488663525923 10.0 900.0 -150.87488663525923 10.0 900.0 -100.8748866352593 10.0 900.0 -50.87488663525924 10.0 900.0 -0.87488663525924 10.0 900.0 50.0 10.0 900.0 99.99999999999989 10.0 900.0 150.0 10.0 900.0 200.0 10.0 900.0 249.9999999999999 10.0 900.0 300.0 10.0 900.0 350.0 10.0 900.0 399.9999999999999 10.0 900.0 450.0 10.0 900.0 500.0 10.0 900.0 550.0 10.0 -890.5599274465659 -550.5599274465659 6.4 -890.5599274465659 -500.5599274465659 6.4 -890.5599274465659 -450.5599274465659 6.4 -890.5599274465659 -400.5599274465659 6.4 -890.5599274465659 -350.5599274465659 6.4 -890.5599274465659 -300.5599274465659 6.4 -890.5599274465659 -250.55992744656598 6.4 -890.5599274465659 -200.55992744656592 6.4 -890.5599274465659 -150.55992744656592 6.4 -890.5599274465659 -100.55992744656596 6.4 -890.5599274465659 -50.559927446565915 6.4 -890.5599274465659 -0.5599274465659136 6.4 -890.5599274465659 50.0 6.4 -890.5599274465659 99.99999999999989 6.4 -890.5599274465659 150.0 6.4 -890.5599274465659 200.0 6.4 -890.5599274465659 249.9999999999999 6.4 -890.5599274465659 300.0 6.4 -890.5599274465659 350.0 6.4 -890.5599274465659 399.9999999999999 6.4 -890.5599274465659 450.0 6.4 -890.5599274465659 500.0 6.4 -890.5599274465659 550.0 6.4 -890.8748866352593 -550.8748866352593 10.0 -890.8748866352593 -500.87488663525926 10.0 -890.8748866352593 -450.87488663525926 10.0 -890.8748866352593 -400.87488663525926 10.0 -890.8748866352593 -350.87488663525926 10.0 -890.8748866352593 -300.87488663525926 10.0 -890.8748866352593 -250.8748866352593 10.0 -890.8748866352593 -200.87488663525923 10.0 -890.8748866352593 -150.87488663525923 10.0 -890.8748866352593 -100.8748866352593 10.0 -890.8748866352593 -50.87488663525924 10.0 -890.8748866352593 -0.87488663525924 10.0 -890.8748866352593 50.0 10.0 -890.8748866352593 99.99999999999989 10.0 -890.8748866352593 150.0 10.0 -890.8748866352593 200.0 10.0 -890.8748866352593 249.9999999999999 10.0 -890.8748866352593 300.0 10.0 -890.8748866352593 350.0 10.0 -890.8748866352593 399.9999999999999 10.0 -890.8748866352593 450.0 10.0 -890.8748866352593 500.0 10.0 -890.8748866352593 550.0 10.0 -850.5599274465659 -590.5599274465659 6.4 -800.5599274465659 -590.5599274465659 6.4 -750.5599274465659 -590.5599274465659 6.4 -700.5599274465659 -590.5599274465659 6.4 -650.5599274465659 -590.5599274465659 6.4 -600.5599274465659 -590.5599274465659 6.4 -550.5599274465659 -590.5599274465659 6.4 -500.5599274465659 -590.5599274465659 6.4 -450.5599274465659 -590.5599274465659 6.4 -400.5599274465659 -590.5599274465659 6.4 -350.5599274465659 -590.5599274465659 6.4 -300.5599274465659 -590.5599274465659 6.4 -250.55992744656592 -590.5599274465659 6.4 -200.55992744656604 -590.5599274465659 6.4 -150.55992744656604 -590.5599274465659 6.4 -100.55992744656591 -590.5599274465659 6.4 -50.559927446565915 -590.5599274465659 6.4 -0.5599274465659136 -590.5599274465659 6.4 50.0 -590.5599274465659 6.4 100.0 -590.5599274465659 6.4 149.99999999999977 -590.5599274465659 6.4 200.0 -590.5599274465659 6.4 250.0 -590.5599274465659 6.4 300.0 -590.5599274465659 6.4 350.0 -590.5599274465659 6.4 400.0 -590.5599274465659 6.4 450.0 -590.5599274465659 6.4 499.9999999999998 -590.5599274465659 6.4 549.9999999999998 -590.5599274465659 6.4 599.9999999999998 -590.5599274465659 6.4 650.0 -590.5599274465659 6.4 700.0 -590.5599274465659 6.4 750.0 -590.5599274465659 6.4 800.0 -590.5599274465659 6.4 850.0 -590.5599274465659 6.4 -850.8748866352593 -590.8748866352593 10.0 -800.8748866352593 -590.8748866352593 10.0 -750.8748866352593 -590.8748866352593 10.0 -700.8748866352593 -590.8748866352593 10.0 -650.8748866352593 -590.8748866352593 10.0 -600.8748866352593 -590.8748866352593 10.0 -550.8748866352593 -590.8748866352593 10.0 -500.87488663525926 -590.8748866352593 10.0 -450.87488663525926 -590.8748866352593 10.0 -400.87488663525926 -590.8748866352593 10.0 -350.87488663525926 -590.8748866352593 10.0 -300.87488663525926 -590.8748866352593 10.0 -250.87488663525923 -590.8748866352593 10.0 -200.87488663525934 -590.8748866352593 10.0 -150.87488663525934 -590.8748866352593 10.0 -100.87488663525924 -590.8748866352593 10.0 -50.87488663525924 -590.8748866352593 10.0 -0.87488663525924 -590.8748866352593 10.0 50.0 -590.8748866352593 10.0 100.0 -590.8748866352593 10.0 149.99999999999977 -590.8748866352593 10.0 200.0 -590.8748866352593 10.0 250.0 -590.8748866352593 10.0 300.0 -590.8748866352593 10.0 350.0 -590.8748866352593 10.0 400.0 -590.8748866352593 10.0 450.0 -590.8748866352593 10.0 499.9999999999998 -590.8748866352593 10.0 549.9999999999998 -590.8748866352593 10.0 599.9999999999998 -590.8748866352593 10.0 650.0 -590.8748866352593 10.0 700.0 -590.8748866352593 10.0 750.0 -590.8748866352593 10.0 800.0 -590.8748866352593 10.0 850.0 -590.8748866352593 10.0 -850.5599274465659 590.0 6.4 -800.5599274465659 590.0 6.4 -750.5599274465659 590.0 6.4 -700.5599274465659 590.0 6.4 -650.5599274465659 590.0 6.4 -600.5599274465659 590.0 6.4 -550.5599274465659 590.0 6.4 -500.5599274465659 590.0 6.4 -450.5599274465659 590.0 6.4 -400.5599274465659 590.0 6.4 -350.5599274465659 590.0 6.4 -300.5599274465659 590.0 6.4 -250.55992744656592 590.0 6.4 -200.55992744656604 590.0 6.4 -150.55992744656604 590.0 6.4 -100.55992744656591 590.0 6.4 -50.559927446565915 590.0 6.4 -0.5599274465659136 590.0 6.4 50.0 590.0 6.4 100.0 590.0 6.4 149.99999999999977 590.0 6.4 200.0 590.0 6.4 250.0 590.0 6.4 300.0 590.0 6.4 350.0 590.0 6.4 400.0 590.0 6.4 450.0 590.0 6.4 499.9999999999998 590.0 6.4 549.9999999999998 590.0 6.4 599.9999999999998 590.0 6.4 650.0 590.0 6.4 700.0 590.0 6.4 750.0 590.0 6.4 800.0 590.0 6.4 850.0 590.0 6.4 -850.8748866352593 590.0 10.0 -800.8748866352593 590.0 10.0 -750.8748866352593 590.0 10.0 -700.8748866352593 590.0 10.0 -650.8748866352593 590.0 10.0 -600.8748866352593 590.0 10.0 -550.8748866352593 590.0 10.0 -500.87488663525926 590.0 10.0 -450.87488663525926 590.0 10.0 -400.87488663525926 590.0 10.0 -350.87488663525926 590.0 10.0 -300.87488663525926 590.0 10.0 -250.87488663525923 590.0 10.0 -200.87488663525934 590.0 10.0 -150.87488663525934 590.0 10.0 -100.87488663525924 590.0 10.0 -50.87488663525924 590.0 10.0 -0.87488663525924 590.0 10.0 50.0 590.0 10.0 100.0 590.0 10.0 149.99999999999977 590.0 10.0 200.0 590.0 10.0 250.0 590.0 10.0 300.0 590.0 10.0 350.0 590.0 10.0 400.0 590.0 10.0 450.0 590.0 10.0 499.9999999999998 590.0 10.0 549.9999999999998 590.0 10.0 599.9999999999998 590.0 10.0 650.0 590.0 10.0 700.0 590.0 10.0 750.0 590.0 10.0 800.0 590.0 10.0 850.0 590.0 10.0 890.0 -550.5599274465659 6.4 890.0 -500.5599274465659 6.4 890.0 -450.5599274465659 6.4 890.0 -400.5599274465659 6.4 890.0 -350.5599274465659 6.4 890.0 -300.5599274465659 6.4 890.0 -250.55992744656598 6.4 890.0 -200.55992744656592 6.4 890.0 -150.55992744656592 6.4 890.0 -100.55992744656596 6.4 890.0 -50.559927446565915 6.4 890.0 -0.5599274465659136 6.4 890.0 50.0 6.4 890.0 99.99999999999989 6.4 890.0 150.0 6.4 890.0 200.0 6.4 890.0 249.9999999999999 6.4 890.0 300.0 6.4 890.0 350.0 6.4 890.0 399.9999999999999 6.4 890.0 450.0 6.4 890.0 500.0 6.4 890.0 550.0 6.4 890.0 -550.8748866352593 10.0 890.0 -500.87488663525926 10.0 890.0 -450.87488663525926 10.0 890.0 -400.87488663525926 10.0 890.0 -350.87488663525926 10.0 890.0 -300.87488663525926 10.0 890.0 -250.8748866352593 10.0 890.0 -200.87488663525923 10.0 890.0 -150.87488663525923 10.0 890.0 -100.8748866352593 10.0 890.0 -50.87488663525924 10.0 890.0 -0.87488663525924 10.0 890.0 50.0 10.0 890.0 99.99999999999989 10.0 890.0 150.0 10.0 890.0 200.0 10.0 890.0 249.9999999999999 10.0 890.0 300.0 10.0 890.0 350.0 10.0 890.0 399.9999999999999 10.0 890.0 450.0 10.0 890.0 500.0 10.0 890.0 550.0 10.0 -850.0000000000001 -550.0 -3.6 -849.9999999999999 -500.0 -3.6 -850.0 -450.00000000000006 -3.6 -850.0000000000001 -399.99999999999994 -3.6 -849.9999999999998 -350.0 -3.6 -850.0 -300.0 -3.6 -850.0 -249.99999999999994 -3.6 -850.0 -199.99999999999991 -3.6 -850.0 -150.0 -3.6 -850.0 -100.00000000000009 -3.6 -850.0 -50.0 -3.6 -850.0 0.0 -3.6 -850.0 50.00000000000006 -3.6 -850.0 99.99999999999989 -3.6 -850.0 150.00000000000003 -3.6 -850.0 200.0 -3.6 -850.0 249.99999999999986 -3.6 -850.0 300.0 -3.6 -849.9999999999999 350.00000000000006 -3.6 -850.0 399.9999999999999 -3.6 -850.0 450.00000000000006 -3.6 -850.0 500.00000000000006 -3.6 -850.0 549.9999999999999 -3.6 -800.0000000000001 -550.0 -3.6 -800.0 -500.00000000000006 -3.6 -800.0 -449.99999999999994 -3.6 -800.0 -400.0 -3.6 -800.0 -350.0 -3.6 -800.0000000000001 -300.0 -3.6 -800.0 -249.99999999999997 -3.6 -800.0 -199.99999999999994 -3.6 -800.0 -149.99999999999997 -3.6 -800.0 -100.00000000000009 -3.6 -800.0 -50.0 -3.6 -800.0 0.0 -3.6 -800.0 50.0 -3.6 -800.0 99.99999999999991 -3.6 -800.0 149.99999999999994 -3.6 -800.0 200.00000000000006 -3.6 -800.0 249.99999999999983 -3.6 -800.0000000000001 300.00000000000006 -3.6 -800.0 350.00000000000006 -3.6 -800.0 399.9999999999999 -3.6 -800.0 450.0 -3.6 -800.0 500.0 -3.6 -800.0000000000001 550.0 -3.6 -750.0 -550.0 -3.6 -750.0000000000001 -499.99999999999994 -3.6 -750.0000000000001 -450.0000000000001 -3.6 -750.0 -400.0 -3.6 -750.0 -350.00000000000006 -3.6 -750.0 -300.0 -3.6 -750.0 -249.9999999999999 -3.6 -750.0 -200.0 -3.6 -750.0 -150.0 -3.6 -750.0 -100.00000000000006 -3.6 -750.0 -50.00000000000006 -3.6 -750.0 0.0 -3.6 -750.0 50.00000000000006 -3.6 -750.0000000000001 99.99999999999989 -3.6 -750.0 150.0 -3.6 -750.0 200.0 -3.6 -750.0 249.9999999999999 -3.6 -750.0 300.0 -3.6 -750.0 350.00000000000006 -3.6 -749.9999999999999 399.9999999999999 -3.6 -750.0000000000001 450.00000000000006 -3.6 -750.0000000000001 500.00000000000006 -3.6 -750.0 549.9999999999999 -3.6 -700.0000000000002 -550.0 -3.6 -699.9999999999999 -500.0 -3.6 -700.0000000000001 -450.0 -3.6 -700.0000000000002 -400.0 -3.6 -699.9999999999999 -350.00000000000006 -3.6 -700.0 -300.0 -3.6 -700.0000000000001 -249.99999999999997 -3.6 -700.0 -199.99999999999994 -3.6 -700.0 -149.99999999999994 -3.6 -700.0000000000001 -100.00000000000003 -3.6 -700.0 -50.00000000000003 -3.6 -700.0 0.0 -3.6 -700.0 50.00000000000003 -3.6 -700.0000000000001 99.99999999999989 -3.6 -700.0 149.99999999999994 -3.6 -700.0 200.00000000000006 -3.6 -700.0 249.9999999999999 -3.6 -700.0 300.0 -3.6 -700.0 350.00000000000006 -3.6 -700.0000000000001 399.9999999999999 -3.6 -700.0000000000001 450.0 -3.6 -700.0 500.00000000000006 -3.6 -700.0 550.0 -3.6 -650.0 -550.0 -3.6 -650.0 -500.0 -3.6 -649.9999999999999 -450.0 -3.6 -650.0 -400.0 -3.6 -650.0 -350.0 -3.6 -650.0 -300.0 -3.6 -650.0 -249.99999999999997 -3.6 -650.0000000000002 -199.99999999999994 -3.6 -650.0 -150.00000000000006 -3.6 -650.0 -100.00000000000003 -3.6 -650.0 -49.99999999999997 -3.6 -650.0 0.0 -3.6 -650.0 50.000000000000085 -3.6 -650.0 99.99999999999986 -3.6 -650.0 150.00000000000006 -3.6 -650.0 200.00000000000003 -3.6 -649.9999999999999 249.99999999999983 -3.6 -650.0 300.0 -3.6 -649.9999999999999 350.0 -3.6 -650.0 399.99999999999983 -3.6 -649.9999999999999 450.0 -3.6 -650.0 500.0 -3.6 -650.0 550.0 -3.6 -600.0 -550.0 -3.6 -600.0 -500.00000000000006 -3.6 -599.9999999999999 -450.0 -3.6 -599.9999999999999 -399.9999999999999 -3.6 -600.0 -350.0 -3.6 -600.0 -300.0 -3.6 -600.0 -250.0 -3.6 -599.9999999999999 -199.9999999999999 -3.6 -600.0 -150.0 -3.6 -600.0 -100.00000000000003 -3.6 -600.0 -49.99999999999997 -3.6 -600.0 0.0 -3.6 -600.0 50.00000000000003 -3.6 -600.0 99.99999999999989 -3.6 -600.0 150.0 -3.6 -600.0 200.00000000000003 -3.6 -599.9999999999999 249.99999999999983 -3.6 -600.0 300.0 -3.6 -599.9999999999999 350.00000000000006 -3.6 -600.0 399.9999999999999 -3.6 -599.9999999999999 449.99999999999994 -3.6 -600.0 500.00000000000006 -3.6 -600.0 550.0 -3.6 -550.0000000000001 -549.9999999999999 -3.6 -549.9999999999997 -499.99999999999994 -3.6 -550.0 -450.0 -3.6 -550.0 -399.99999999999994 -3.6 -549.9999999999999 -350.0 -3.6 -549.9999999999999 -300.0 -3.6 -550.0 -250.0 -3.6 -550.0 -200.0 -3.6 -550.0 -150.00000000000003 -3.6 -550.0 -100.00000000000006 -3.6 -549.9999999999999 -50.0 -3.6 -550.0 -2.842170943040401e-14 -3.6 -550.0 50.0 -3.6 -550.0 99.9999999999998 -3.6 -550.0 150.00000000000006 -3.6 -550.0 200.00000000000006 -3.6 -550.0 249.9999999999998 -3.6 -549.9999999999999 299.99999999999994 -3.6 -550.0 350.0 -3.6 -550.0 399.99999999999983 -3.6 -550.0 450.0 -3.6 -549.9999999999999 500.00000000000006 -3.6 -550.0 549.9999999999999 -3.6 -500.0 -549.9999999999999 -3.6 -499.99999999999994 -500.0 -3.6 -500.0 -450.0 -3.6 -500.0 -400.00000000000006 -3.6 -499.9999999999999 -350.00000000000006 -3.6 -500.0 -300.0 -3.6 -500.0 -249.99999999999994 -3.6 -499.99999999999994 -199.99999999999994 -3.6 -500.0 -150.0 -3.6 -499.9999999999999 -100.00000000000006 -3.6 -500.0 -50.00000000000003 -3.6 -500.0 0.0 -3.6 -500.0 50.0 -3.6 -500.0 99.99999999999989 -3.6 -500.0 149.99999999999997 -3.6 -500.0 200.00000000000006 -3.6 -500.0 249.99999999999983 -3.6 -500.0 300.0 -3.6 -500.0 350.0000000000001 -3.6 -499.9999999999999 399.9999999999999 -3.6 -500.0 450.0 -3.6 -500.0 500.0 -3.6 -500.0 549.9999999999999 -3.6 -450.0 -550.0 -3.6 -450.0 -500.0 -3.6 -450.0 -450.0 -3.6 -450.0 -400.0 -3.6 -450.0 -350.0 -3.6 -450.0 -300.0 -3.6 -450.0 -249.99999999999997 -3.6 -450.0 -200.0 -3.6 -450.0 -150.0 -3.6 -450.0 -100.00000000000009 -3.6 -449.99999999999994 -50.0 -3.6 -450.0 0.0 -3.6 -450.0 50.0 -3.6 -450.0 99.99999999999989 -3.6 -450.0 150.0 -3.6 -450.0 200.0 -3.6 -449.9999999999999 249.99999999999983 -3.6 -450.0 300.0 -3.6 -450.0 350.0 -3.6 -449.99999999999994 399.99999999999983 -3.6 -450.0 450.0 -3.6 -450.0 500.0 -3.6 -450.0 550.0 -3.6 -400.0000000000001 -550.0 -3.6 -400.00000000000006 -500.0 -3.6 -400.0 -450.0 -3.6 -400.0000000000001 -399.99999999999994 -3.6 -400.0000000000001 -350.00000000000006 -3.6 -400.00000000000006 -300.0 -3.6 -400.0 -249.99999999999994 -3.6 -400.0 -199.99999999999991 -3.6 -400.0 -150.0 -3.6 -400.0 -100.0 -3.6 -400.0 -50.0 -3.6 -400.0 0.0 -3.6 -400.0 50.00000000000003 -3.6 -400.0 99.99999999999986 -3.6 -400.0 150.00000000000003 -3.6 -400.0 200.00000000000006 -3.6 -400.00000000000006 249.9999999999999 -3.6 -400.00000000000006 300.0 -3.6 -400.00000000000006 350.0000000000001 -3.6 -400.0 399.9999999999999 -3.6 -400.0 450.0 -3.6 -400.0000000000001 500.00000000000006 -3.6 -400.00000000000006 550.0 -3.6 -350.00000000000006 -549.9999999999999 -3.6 -350.0 -500.00000000000006 -3.6 -350.00000000000006 -450.0 -3.6 -350.0000000000001 -400.0 -3.6 -350.0 -350.0 -3.6 -350.0000000000001 -300.0 -3.6 -350.00000000000006 -250.0 -3.6 -350.0 -199.99999999999997 -3.6 -350.00000000000006 -149.99999999999997 -3.6 -350.0 -100.00000000000009 -3.6 -350.00000000000006 -50.0 -3.6 -350.0 0.0 -3.6 -350.0000000000001 50.00000000000003 -3.6 -350.0 99.99999999999986 -3.6 -350.00000000000006 149.99999999999994 -3.6 -350.0 200.00000000000003 -3.6 -350.00000000000006 249.99999999999986 -3.6 -350.0000000000001 300.00000000000006 -3.6 -350.0 350.0 -3.6 -350.0000000000001 399.99999999999983 -3.6 -350.00000000000006 450.0 -3.6 -350.00000000000006 500.0 -3.6 -350.0 549.9999999999999 -3.6 -300.0000000000001 -550.0 -3.6 -300.0000000000001 -499.99999999999994 -3.6 -300.00000000000006 -450.0 -3.6 -300.0 -399.9999999999999 -3.6 -300.0 -350.00000000000006 -3.6 -300.0000000000001 -300.0 -3.6 -300.0 -250.0 -3.6 -300.00000000000006 -199.99999999999986 -3.6 -300.0 -149.99999999999994 -3.6 -300.00000000000006 -100.00000000000003 -3.6 -300.0 -49.99999999999994 -3.6 -300.0 -2.842170943040401e-14 -3.6 -300.0 50.000000000000085 -3.6 -300.0 99.99999999999983 -3.6 -300.0 149.99999999999994 -3.6 -300.0000000000001 200.00000000000006 -3.6 -300.00000000000006 249.99999999999986 -3.6 -300.0000000000001 300.0 -3.6 -300.0 350.0 -3.6 -300.00000000000006 399.99999999999983 -3.6 -300.00000000000006 450.0 -3.6 -300.0000000000001 500.0 -3.6 -300.0000000000001 550.0 -3.6 -250.00000000000006 -550.0 -3.6 -250.0 -500.0000000000001 -3.6 -250.0000000000001 -450.0 -3.6 -250.0 -399.99999999999994 -3.6 -249.99999999999994 -350.0000000000001 -3.6 -250.00000000000003 -300.0 -3.6 -250.00000000000006 -250.0 -3.6 -250.00000000000006 -200.0 -3.6 -250.0 -150.0 -3.6 -250.00000000000003 -100.00000000000006 -3.6 -250.00000000000006 -50.0 -3.6 -250.0 2.842170943040401e-14 -3.6 -250.0 50.00000000000006 -3.6 -250.00000000000003 99.99999999999984 -3.6 -250.0 150.00000000000003 -3.6 -250.00000000000003 200.00000000000006 -3.6 -250.0 249.9999999999999 -3.6 -250.00000000000003 300.0 -3.6 -250.00000000000006 350.0000000000001 -3.6 -250.00000000000006 399.9999999999999 -3.6 -250.0000000000001 450.00000000000006 -3.6 -250.0 500.0000000000001 -3.6 -250.00000000000006 550.0 -3.6 -200.00000000000014 -549.9999999999999 -3.6 -200.00000000000006 -500.0 -3.6 -200.0 -450.0 -3.6 -200.00000000000017 -400.0 -3.6 -200.00000000000006 -350.0 -3.6 -200.0 -300.0 -3.6 -200.0000000000001 -250.0 -3.6 -200.00000000000003 -200.0 -3.6 -200.00000000000009 -150.0 -3.6 -200.00000000000009 -100.00000000000009 -3.6 -200.00000000000009 -49.99999999999997 -3.6 -200.0000000000001 0.0 -3.6 -200.0000000000001 50.00000000000003 -3.6 -200.00000000000014 99.99999999999986 -3.6 -200.00000000000009 150.0 -3.6 -199.99999999999997 200.00000000000003 -3.6 -200.00000000000009 249.99999999999986 -3.6 -200.00000000000006 300.0 -3.6 -200.00000000000006 350.0 -3.6 -200.00000000000006 399.99999999999983 -3.6 -200.0 450.0 -3.6 -200.00000000000006 500.00000000000006 -3.6 -200.00000000000017 549.9999999999999 -3.6 -150.00000000000017 -550.0 -3.6 -150.0000000000001 -500.00000000000006 -3.6 -150.0000000000001 -450.0 -3.6 -150.0000000000001 -399.99999999999994 -3.6 -150.00000000000006 -350.0 -3.6 -150.0000000000001 -300.0 -3.6 -150.0000000000001 -249.99999999999994 -3.6 -150.0000000000001 -199.99999999999994 -3.6 -150.00000000000009 -150.0 -3.6 -150.00000000000009 -100.0 -3.6 -150.0000000000001 -50.00000000000003 -3.6 -150.0000000000001 0.0 -3.6 -150.00000000000009 50.00000000000003 -3.6 -150.00000000000014 99.99999999999991 -3.6 -150.00000000000009 150.0 -3.6 -150.0000000000001 200.00000000000006 -3.6 -150.00000000000009 249.99999999999986 -3.6 -150.00000000000017 300.0 -3.6 -150.0000000000001 350.0 -3.6 -150.0000000000001 399.99999999999983 -3.6 -150.0000000000001 449.99999999999994 -3.6 -150.0000000000001 500.00000000000006 -3.6 -150.00000000000017 550.0 -3.6 -99.99999999999996 -550.0 -3.6 -99.99999999999991 -499.99999999999994 -3.6 -99.99999999999989 -450.0 -3.6 -99.9999999999999 -400.0 -3.6 -99.99999999999996 -350.0 -3.6 -100.0 -300.0 -3.6 -99.99999999999991 -250.0 -3.6 -99.99999999999997 -199.9999999999999 -3.6 -100.0 -150.0 -3.6 -99.99999999999991 -100.00000000000006 -3.6 -99.99999999999994 -50.00000000000003 -3.6 -100.0 0.0 -3.6 -99.99999999999997 50.0 -3.6 -99.99999999999989 99.99999999999989 -3.6 -100.0 150.0 -3.6 -99.99999999999997 200.00000000000006 -3.6 -100.0 249.9999999999999 -3.6 -100.0 300.0 -3.6 -99.99999999999994 350.0 -3.6 -99.99999999999989 399.9999999999999 -3.6 -99.99999999999989 450.0 -3.6 -99.99999999999989 500.0 -3.6 -99.99999999999994 550.0 -3.6 -49.99999999999992 -550.0 -3.6 -50.000000000000014 -500.0 -3.6 -50.0 -450.0 -3.6 -50.00000000000003 -400.0 -3.6 -49.99999999999997 -350.0 -3.6 -49.999999999999886 -300.0 -3.6 -49.99999999999997 -249.99999999999994 -3.6 -49.999999999999886 -200.0 -3.6 -49.99999999999994 -150.0 -3.6 -49.99999999999994 -100.00000000000006 -3.6 -50.00000000000003 -50.0 -3.6 -50.0 0.0 -3.6 -50.00000000000006 50.00000000000003 -3.6 -50.0 99.99999999999989 -3.6 -49.99999999999994 150.0 -3.6 -49.99999999999994 200.00000000000003 -3.6 -49.99999999999994 249.99999999999986 -3.6 -49.999999999999886 300.0 -3.6 -49.99999999999994 350.00000000000006 -3.6 -49.99999999999994 399.9999999999999 -3.6 -50.0 450.0 -3.6 -50.0 500.0 -3.6 -49.99999999999994 550.0 -3.6 0.0 -550.0 -3.6 0.0 -500.0 -3.6 0.0 -450.0 -3.6 0.0 -400.0 -3.6 0.0 -350.0 -3.6 0.0 -300.0 -3.6 0.0 -250.0 -3.6 0.0 -199.99999999999994 -3.6 0.0 -150.0 -3.6 0.0 -100.00000000000007 -3.6 0.0 -50.0 -3.6 0.0 0.0 -3.6 0.0 50.0 -3.6 0.0 99.99999999999989 -3.6 0.0 150.0 -3.6 0.0 200.00000000000003 -3.6 0.0 249.9999999999999 -3.6 0.0 300.0 -3.6 0.0 350.0 -3.6 0.0 399.9999999999999 -3.6 0.0 450.0 -3.6 0.0 500.0 -3.6 0.0 550.0 -3.6 49.999999999999915 -550.0 -3.6 50.00000000000001 -500.0 -3.6 50.0 -450.0 -3.6 50.00000000000003 -400.0 -3.6 49.999999999999986 -350.0 -3.6 49.999999999999886 -300.0 -3.6 49.99999999999997 -249.99999999999994 -3.6 49.999999999999886 -199.99999999999997 -3.6 49.99999999999994 -150.0 -3.6 49.99999999999994 -100.00000000000006 -3.6 50.00000000000003 -50.0 -3.6 50.0 0.0 -3.6 50.000000000000085 50.00000000000003 -3.6 50.0 99.99999999999989 -3.6 49.99999999999994 150.0 -3.6 49.99999999999994 200.00000000000003 -3.6 49.99999999999994 249.99999999999986 -3.6 49.999999999999886 300.0 -3.6 49.99999999999994 350.00000000000006 -3.6 50.0 399.9999999999999 -3.6 50.0 450.0 -3.6 50.0 500.0 -3.6 49.99999999999994 550.0 -3.6 99.99999999999997 -550.0 -3.6 99.99999999999993 -500.00000000000006 -3.6 99.99999999999989 -450.0 -3.6 99.99999999999991 -400.0 -3.6 99.99999999999996 -350.0 -3.6 100.0 -300.0 -3.6 99.99999999999991 -250.0 -3.6 99.99999999999997 -199.99999999999991 -3.6 100.0 -150.0 -3.6 99.99999999999989 -100.00000000000006 -3.6 99.99999999999994 -50.000000000000014 -3.6 100.0 0.0 -3.6 100.0 50.0 -3.6 99.99999999999989 99.99999999999989 -3.6 100.0 150.0 -3.6 100.0 200.00000000000006 -3.6 100.0 249.9999999999999 -3.6 100.0 300.0 -3.6 100.0 350.0 -3.6 99.99999999999989 399.9999999999999 -3.6 99.99999999999989 450.0 -3.6 99.99999999999989 500.0 -3.6 99.99999999999994 550.0 -3.6 149.99999999999983 -550.0 -3.6 149.99999999999972 -499.99999999999994 -3.6 149.99999999999977 -450.0 -3.6 149.99999999999977 -400.0 -3.6 149.99999999999974 -350.0000000000001 -3.6 149.99999999999977 -300.0 -3.6 149.99999999999972 -250.0 -3.6 149.99999999999972 -199.99999999999997 -3.6 149.99999999999974 -150.0 -3.6 149.9999999999998 -100.00000000000006 -3.6 149.99999999999972 -50.00000000000003 -3.6 149.99999999999974 0.0 -3.6 149.99999999999974 50.00000000000003 -3.6 149.99999999999974 99.99999999999989 -3.6 149.99999999999977 150.0 -3.6 149.99999999999972 200.00000000000003 -3.6 149.99999999999966 249.99999999999986 -3.6 149.99999999999977 300.0 -3.6 149.99999999999972 350.0000000000001 -3.6 149.99999999999977 399.9999999999999 -3.6 149.99999999999972 450.0 -3.6 149.99999999999972 500.00000000000006 -3.6 149.99999999999977 550.0 -3.6 200.00000000000006 -549.9999999999999 -3.6 199.99999999999994 -500.0 -3.6 199.9999999999999 -450.0 -3.6 200.0 -399.99999999999994 -3.6 200.0 -350.0 -3.6 199.99999999999994 -300.0 -3.6 200.0 -250.0 -3.6 199.9999999999999 -200.0 -3.6 199.99999999999997 -150.0 -3.6 200.0 -100.00000000000009 -3.6 199.9999999999999 -49.999999999999986 -3.6 200.00000000000003 0.0 -3.6 200.0 50.000000000000014 -3.6 199.9999999999999 99.99999999999986 -3.6 199.99999999999997 150.0 -3.6 199.99999999999994 200.00000000000003 -3.6 200.0 249.99999999999986 -3.6 199.99999999999994 300.0 -3.6 199.99999999999994 350.0 -3.6 199.99999999999994 399.99999999999983 -3.6 199.9999999999999 450.0 -3.6 199.99999999999994 500.0 -3.6 200.0 549.9999999999999 -3.6 250.00000000000003 -550.0 -3.6 250.00000000000003 -500.0000000000001 -3.6 250.0000000000001 -450.0 -3.6 250.0 -399.9999999999999 -3.6 250.00000000000003 -350.0 -3.6 250.00000000000006 -300.0 -3.6 249.99999999999997 -250.0 -3.6 250.00000000000003 -199.99999999999994 -3.6 250.0 -150.0 -3.6 249.99999999999991 -100.00000000000007 -3.6 250.00000000000003 -50.000000000000014 -3.6 249.99999999999997 0.0 -3.6 249.99999999999994 50.00000000000003 -3.6 250.0 99.99999999999986 -3.6 250.00000000000003 150.0 -3.6 249.99999999999994 200.00000000000006 -3.6 250.00000000000003 249.99999999999986 -3.6 250.00000000000003 300.0 -3.6 250.0 350.00000000000006 -3.6 250.0 399.9999999999999 -3.6 250.0000000000001 450.0 -3.6 249.99999999999994 500.0000000000001 -3.6 250.0000000000001 550.0 -3.6 300.0 -550.0 -3.6 300.0 -500.00000000000006 -3.6 300.0000000000001 -450.0 -3.6 300.00000000000006 -399.99999999999983 -3.6 300.0000000000001 -350.00000000000006 -3.6 300.0 -300.0 -3.6 300.0000000000001 -249.99999999999997 -3.6 300.0 -199.99999999999994 -3.6 300.0000000000001 -150.0 -3.6 299.99999999999994 -100.00000000000006 -3.6 300.0 -49.999999999999986 -3.6 300.0 -1.4210854715202004e-14 -3.6 300.0000000000001 50.00000000000004 -3.6 300.0000000000001 99.99999999999984 -3.6 300.0000000000001 150.0 -3.6 300.0 200.00000000000006 -3.6 300.0 249.99999999999983 -3.6 300.0 300.0 -3.6 300.0000000000001 350.00000000000006 -3.6 299.9999999999999 399.9999999999999 -3.6 300.0000000000001 450.00000000000006 -3.6 300.0 500.0 -3.6 300.0 550.0 -3.6 350.00000000000006 -549.9999999999999 -3.6 350.0 -499.99999999999994 -3.6 350.00000000000006 -450.0 -3.6 350.00000000000006 -400.0 -3.6 349.99999999999994 -350.0 -3.6 350.0000000000001 -300.00000000000006 -3.6 350.00000000000006 -250.0 -3.6 350.0 -199.99999999999991 -3.6 350.0 -149.99999999999997 -3.6 350.0 -100.00000000000007 -3.6 350.00000000000006 -50.000000000000014 -3.6 350.0 1.4210854715202004e-14 -3.6 350.0000000000001 50.000000000000014 -3.6 350.0 99.99999999999987 -3.6 350.0 149.99999999999994 -3.6 350.0000000000001 200.00000000000003 -3.6 350.0 249.99999999999986 -3.6 350.0 300.00000000000006 -3.6 350.0000000000001 350.0 -3.6 350.00000000000006 399.9999999999999 -3.6 350.00000000000006 450.0 -3.6 350.0000000000001 500.0 -3.6 349.99999999999994 549.9999999999999 -3.6 400.0000000000001 -550.0 -3.6 400.00000000000006 -500.0 -3.6 400.0 -450.0 -3.6 400.0000000000001 -399.99999999999994 -3.6 400.0000000000001 -350.00000000000006 -3.6 400.00000000000006 -300.0 -3.6 400.0 -249.99999999999997 -3.6 399.99999999999994 -199.99999999999991 -3.6 400.0 -150.0 -3.6 400.00000000000006 -99.99999999999999 -3.6 400.0000000000001 -49.999999999999986 -3.6 400.0 0.0 -3.6 400.0 50.000000000000014 -3.6 400.0000000000001 99.99999999999987 -3.6 400.0 150.00000000000003 -3.6 400.0 200.00000000000006 -3.6 400.00000000000006 249.9999999999999 -3.6 400.0 300.0 -3.6 400.0 350.0000000000001 -3.6 400.0000000000001 399.9999999999999 -3.6 400.0 450.0 -3.6 400.00000000000006 500.0 -3.6 400.0000000000001 550.0 -3.6 450.0 -550.0 -3.6 450.0 -500.0 -3.6 450.0 -450.0 -3.6 450.0 -400.0 -3.6 450.0 -350.0 -3.6 450.0 -300.0 -3.6 450.0 -250.0 -3.6 450.0 -200.0 -3.6 450.0 -150.0 -3.6 450.0 -100.00000000000009 -3.6 450.0 -50.0 -3.6 450.0 0.0 -3.6 450.0 50.0 -3.6 450.0 99.9999999999999 -3.6 450.0 150.0 -3.6 450.0 200.0 -3.6 450.0 249.99999999999983 -3.6 450.0 300.0 -3.6 450.0 350.0 -3.6 450.0 399.99999999999983 -3.6 450.0 450.0 -3.6 450.0 500.0 -3.6 450.0 550.0 -3.6 499.9999999999997 -549.9999999999999 -3.6 499.9999999999996 -500.0000000000001 -3.6 499.9999999999998 -450.0 -3.6 499.99999999999966 -400.0 -3.6 499.9999999999997 -350.00000000000006 -3.6 499.9999999999998 -300.0 -3.6 499.99999999999966 -249.99999999999994 -3.6 499.9999999999997 -199.99999999999997 -3.6 499.9999999999998 -150.0 -3.6 499.99999999999966 -100.00000000000006 -3.6 499.9999999999997 -49.999999999999964 -3.6 499.99999999999983 -1.4210854715202004e-14 -3.6 499.99999999999966 50.0 -3.6 499.9999999999998 99.99999999999983 -3.6 499.9999999999997 150.0 -3.6 499.9999999999998 200.00000000000006 -3.6 499.9999999999998 249.99999999999986 -3.6 499.99999999999983 300.0 -3.6 499.9999999999998 350.00000000000006 -3.6 499.99999999999966 399.9999999999999 -3.6 499.9999999999998 450.0 -3.6 499.9999999999998 500.00000000000006 -3.6 499.99999999999966 549.9999999999999 -3.6 549.9999999999998 -550.0 -3.6 549.9999999999998 -500.0 -3.6 549.9999999999997 -449.99999999999994 -3.6 549.9999999999997 -399.99999999999994 -3.6 549.9999999999998 -350.0 -3.6 549.9999999999997 -299.99999999999994 -3.6 549.9999999999997 -249.9999999999999 -3.6 549.9999999999997 -199.99999999999994 -3.6 549.9999999999995 -150.00000000000003 -3.6 549.9999999999998 -100.00000000000001 -3.6 549.9999999999997 -50.00000000000004 -3.6 549.9999999999998 1.4210854715202004e-14 -3.6 549.9999999999998 50.00000000000005 -3.6 549.9999999999997 99.99999999999991 -3.6 549.9999999999995 150.0 -3.6 549.9999999999998 200.00000000000006 -3.6 549.9999999999997 249.9999999999999 -3.6 549.9999999999995 299.99999999999994 -3.6 549.9999999999997 350.00000000000006 -3.6 549.9999999999997 399.9999999999999 -3.6 549.9999999999995 450.0 -3.6 549.9999999999997 500.0 -3.6 549.9999999999997 550.0 -3.6 599.9999999999995 -550.0 -3.6 599.9999999999995 -499.99999999999994 -3.6 599.9999999999995 -450.0 -3.6 599.9999999999997 -400.0 -3.6 599.9999999999998 -350.0000000000001 -3.6 599.9999999999997 -300.0 -3.6 599.9999999999997 -249.99999999999994 -3.6 599.9999999999997 -199.99999999999991 -3.6 599.9999999999997 -150.0 -3.6 599.9999999999997 -100.0 -3.6 599.9999999999995 -50.00000000000007 -3.6 599.9999999999998 7.105427357601002e-15 -3.6 599.9999999999995 49.99999999999999 -3.6 599.9999999999997 99.99999999999991 -3.6 599.9999999999997 150.00000000000003 -3.6 599.9999999999997 200.00000000000006 -3.6 599.9999999999997 249.99999999999983 -3.6 599.9999999999995 300.0 -3.6 599.9999999999998 350.00000000000006 -3.6 599.9999999999998 399.9999999999999 -3.6 599.9999999999995 449.99999999999994 -3.6 599.9999999999995 500.0 -3.6 599.9999999999995 550.0 -3.6 650.0 -550.0 -3.6 649.9999999999999 -500.0 -3.6 649.9999999999999 -450.00000000000006 -3.6 650.0 -399.99999999999994 -3.6 649.9999999999998 -350.0 -3.6 650.0 -300.0 -3.6 650.0 -250.0 -3.6 650.0000000000001 -199.99999999999994 -3.6 650.0 -150.00000000000006 -3.6 649.9999999999999 -100.00000000000006 -3.6 649.9999999999999 -50.0 -3.6 650.0 -2.1316282072803006e-14 -3.6 649.9999999999998 50.00000000000004 -3.6 649.9999999999999 99.99999999999989 -3.6 650.0 150.00000000000006 -3.6 649.9999999999999 200.00000000000003 -3.6 649.9999999999999 249.99999999999983 -3.6 650.0 300.0 -3.6 649.9999999999998 350.0 -3.6 650.0 399.9999999999999 -3.6 649.9999999999999 450.0 -3.6 649.9999999999999 500.0 -3.6 649.9999999999999 550.0 -3.6 700.0000000000002 -549.9999999999999 -3.6 700.0 -500.0 -3.6 700.0000000000001 -449.99999999999994 -3.6 700.0000000000003 -400.0 -3.6 700.0 -350.00000000000006 -3.6 700.0 -300.0 -3.6 700.0000000000001 -250.0 -3.6 700.0000000000001 -199.99999999999994 -3.6 700.0 -149.99999999999994 -3.6 700.0000000000002 -100.00000000000004 -3.6 700.0000000000001 -50.0 -3.6 700.0 2.1316282072803006e-14 -3.6 700.0000000000002 50.000000000000014 -3.6 700.0000000000001 99.9999999999999 -3.6 700.0 149.99999999999994 -3.6 700.0 200.00000000000003 -3.6 700.0000000000001 249.99999999999983 -3.6 700.0 300.0 -3.6 700.0000000000001 350.00000000000006 -3.6 700.0000000000001 399.99999999999983 -3.6 700.0000000000001 450.0 -3.6 700.0000000000001 500.0 -3.6 700.0000000000001 549.9999999999999 -3.6 750.0 -550.0 -3.6 750.0000000000001 -500.0 -3.6 750.0000000000001 -450.0 -3.6 750.0 -399.99999999999994 -3.6 750.0 -350.0 -3.6 750.0 -300.0 -3.6 750.0 -249.99999999999991 -3.6 750.0 -199.99999999999994 -3.6 750.0 -150.0 -3.6 750.0 -100.00000000000009 -3.6 750.0 -49.99999999999999 -3.6 750.0 -1.0658141036401503e-14 -3.6 750.0 50.00000000000003 -3.6 750.0000000000001 99.99999999999987 -3.6 750.0 150.0 -3.6 750.0 200.00000000000006 -3.6 750.0 249.99999999999986 -3.6 750.0 300.0 -3.6 750.0 350.0 -3.6 750.0 399.99999999999983 -3.6 750.0000000000001 450.00000000000006 -3.6 750.0000000000001 500.0 -3.6 750.0 550.0 -3.6 800.0000000000002 -550.0 -3.6 800.0 -500.0 -3.6 800.0 -450.0 -3.6 800.0000000000001 -400.0 -3.6 800.0 -350.0 -3.6 800.0000000000001 -300.00000000000006 -3.6 800.0 -249.99999999999994 -3.6 800.0000000000001 -199.99999999999997 -3.6 800.0 -149.99999999999997 -3.6 800.0000000000001 -100.00000000000007 -3.6 799.9999999999999 -50.000000000000014 -3.6 800.0 1.0658141036401503e-14 -3.6 800.0 49.99999999999998 -3.6 800.0 99.99999999999989 -3.6 800.0 149.99999999999994 -3.6 800.0000000000001 200.00000000000006 -3.6 800.0 249.99999999999983 -3.6 800.0000000000001 300.00000000000006 -3.6 800.0000000000001 350.0 -3.6 800.0 399.9999999999999 -3.6 800.0 450.0 -3.6 800.0000000000001 500.0 -3.6 800.0000000000002 550.0 -3.6 850.0000000000001 -549.9999999999999 -3.6 849.9999999999999 -500.0 -3.6 850.0 -450.0 -3.6 850.0000000000001 -399.99999999999994 -3.6 849.9999999999997 -350.0 -3.6 850.0 -300.00000000000006 -3.6 850.0 -249.99999999999997 -3.6 849.9999999999999 -199.9999999999999 -3.6 850.0 -150.0 -3.6 849.9999999999999 -100.00000000000007 -3.6 850.0 -49.99999999999998 -3.6 850.0 -2.3092638912203256e-14 -3.6 849.9999999999999 50.00000000000004 -3.6 850.0000000000001 99.99999999999989 -3.6 850.0 150.0 -3.6 849.9999999999999 200.00000000000009 -3.6 850.0 249.99999999999983 -3.6 850.0 300.0 -3.6 849.9999999999999 350.0 -3.6 850.0 399.99999999999983 -3.6 850.0 450.00000000000006 -3.6 850.0 500.00000000000006 -3.6 850.0 549.9999999999999 -3.6 -850.0000000000001 -550.0 0.0 -849.9999999999999 -500.0 0.0 -850.0 -450.00000000000006 0.0 -850.0000000000001 -399.99999999999994 0.0 -849.9999999999998 -350.0 0.0 -850.0 -300.0 0.0 -850.0 -249.99999999999994 0.0 -850.0 -199.99999999999991 0.0 -850.0 -150.0 0.0 -850.0 -100.00000000000009 0.0 -850.0 -50.0 0.0 -850.0 0.0 0.0 -850.0 50.00000000000006 0.0 -850.0 99.99999999999989 0.0 -850.0 150.00000000000003 0.0 -850.0 200.0 0.0 -850.0 249.99999999999986 0.0 -850.0 300.0 0.0 -849.9999999999999 350.00000000000006 0.0 -850.0 399.9999999999999 0.0 -850.0 450.00000000000006 0.0 -850.0 500.00000000000006 0.0 -850.0 549.9999999999999 0.0 -800.0000000000001 -550.0 0.0 -800.0 -500.00000000000006 0.0 -800.0 -449.99999999999994 0.0 -800.0 -400.0 0.0 -800.0 -350.0 0.0 -800.0000000000001 -300.0 0.0 -800.0 -249.99999999999997 0.0 -800.0 -199.99999999999994 0.0 -800.0 -149.99999999999997 0.0 -800.0 -100.00000000000009 0.0 -800.0 -50.0 0.0 -800.0 0.0 0.0 -800.0 50.0 0.0 -800.0 99.99999999999991 0.0 -800.0 149.99999999999994 0.0 -800.0 200.00000000000006 0.0 -800.0 249.99999999999983 0.0 -800.0000000000001 300.00000000000006 0.0 -800.0 350.00000000000006 0.0 -800.0 399.9999999999999 0.0 -800.0 450.0 0.0 -800.0 500.0 0.0 -800.0000000000001 550.0 0.0 -750.0 -550.0 0.0 -750.0000000000001 -499.99999999999994 0.0 -750.0000000000001 -450.0000000000001 0.0 -750.0 -400.0 0.0 -750.0 -350.00000000000006 0.0 -750.0 -300.0 0.0 -750.0 -249.9999999999999 0.0 -750.0 -200.0 0.0 -750.0 -150.0 0.0 -750.0 -100.00000000000006 0.0 -750.0 -50.00000000000006 0.0 -750.0 0.0 0.0 -750.0 50.00000000000006 0.0 -750.0000000000001 99.99999999999989 0.0 -750.0 150.0 0.0 -750.0 200.0 0.0 -750.0 249.9999999999999 0.0 -750.0 300.0 0.0 -750.0 350.00000000000006 0.0 -749.9999999999999 399.9999999999999 0.0 -750.0000000000001 450.00000000000006 0.0 -750.0000000000001 500.00000000000006 0.0 -750.0 549.9999999999999 0.0 -700.0000000000002 -550.0 0.0 -699.9999999999999 -500.0 0.0 -700.0000000000001 -450.0 0.0 -700.0000000000002 -400.0 0.0 -699.9999999999999 -350.00000000000006 0.0 -700.0 -300.0 0.0 -700.0000000000001 -249.99999999999997 0.0 -700.0 -199.99999999999994 0.0 -700.0 -149.99999999999994 0.0 -700.0000000000001 -100.00000000000003 0.0 -700.0 -50.00000000000003 0.0 -700.0 0.0 0.0 -700.0 50.00000000000003 0.0 -700.0000000000001 99.99999999999989 0.0 -700.0 149.99999999999994 0.0 -700.0 200.00000000000006 0.0 -700.0 249.9999999999999 0.0 -700.0 300.0 0.0 -700.0 350.00000000000006 0.0 -700.0000000000001 399.9999999999999 0.0 -700.0000000000001 450.0 0.0 -700.0 500.00000000000006 0.0 -700.0 550.0 0.0 -650.0 -550.0 0.0 -650.0 -500.0 0.0 -649.9999999999999 -450.0 0.0 -650.0 -400.0 0.0 -650.0 -350.0 0.0 -650.0 -300.0 0.0 -650.0 -249.99999999999997 0.0 -650.0000000000002 -199.99999999999994 0.0 -650.0 -150.00000000000006 0.0 -650.0 -100.00000000000003 0.0 -650.0 -49.99999999999997 0.0 -650.0 0.0 0.0 -650.0 50.000000000000085 0.0 -650.0 99.99999999999986 0.0 -650.0 150.00000000000006 0.0 -650.0 200.00000000000003 0.0 -649.9999999999999 249.99999999999983 0.0 -650.0 300.0 0.0 -649.9999999999999 350.0 0.0 -650.0 399.99999999999983 0.0 -649.9999999999999 450.0 0.0 -650.0 500.0 0.0 -650.0 550.0 0.0 -600.0 -550.0 0.0 -600.0 -500.00000000000006 0.0 -599.9999999999999 -450.0 0.0 -599.9999999999999 -399.9999999999999 0.0 -600.0 -350.0 0.0 -600.0 -300.0 0.0 -600.0 -250.0 0.0 -599.9999999999999 -199.9999999999999 0.0 -600.0 -150.0 0.0 -600.0 -100.00000000000003 0.0 -600.0 -49.99999999999997 0.0 -600.0 0.0 0.0 -600.0 50.00000000000003 0.0 -600.0 99.99999999999989 0.0 -600.0 150.0 0.0 -600.0 200.00000000000003 0.0 -599.9999999999999 249.99999999999983 0.0 -600.0 300.0 0.0 -599.9999999999999 350.00000000000006 0.0 -600.0 399.9999999999999 0.0 -599.9999999999999 449.99999999999994 0.0 -600.0 500.00000000000006 0.0 -600.0 550.0 0.0 -550.0000000000001 -549.9999999999999 0.0 -549.9999999999997 -499.99999999999994 0.0 -550.0 -450.0 0.0 -550.0 -399.99999999999994 0.0 -549.9999999999999 -350.0 0.0 -549.9999999999999 -300.0 0.0 -550.0 -250.0 0.0 -550.0 -200.0 0.0 -550.0 -150.00000000000003 0.0 -550.0 -100.00000000000006 0.0 -549.9999999999999 -50.0 0.0 -550.0 -2.842170943040401e-14 0.0 -550.0 50.0 0.0 -550.0 99.9999999999998 0.0 -550.0 150.00000000000006 0.0 -550.0 200.00000000000006 0.0 -550.0 249.9999999999998 0.0 -549.9999999999999 299.99999999999994 0.0 -550.0 350.0 0.0 -550.0 399.99999999999983 0.0 -550.0 450.0 0.0 -549.9999999999999 500.00000000000006 0.0 -550.0 549.9999999999999 0.0 -500.0 -549.9999999999999 0.0 -499.99999999999994 -500.0 0.0 -500.0 -450.0 0.0 -500.0 -400.00000000000006 0.0 -499.9999999999999 -350.00000000000006 0.0 -500.0 -300.0 0.0 -500.0 -249.99999999999994 0.0 -499.99999999999994 -199.99999999999994 0.0 -500.0 -150.0 0.0 -499.9999999999999 -100.00000000000006 0.0 -500.0 -50.00000000000003 0.0 -500.0 0.0 0.0 -500.0 50.0 0.0 -500.0 99.99999999999989 0.0 -500.0 149.99999999999997 0.0 -500.0 200.00000000000006 0.0 -500.0 249.99999999999983 0.0 -500.0 300.0 0.0 -500.0 350.0000000000001 0.0 -499.9999999999999 399.9999999999999 0.0 -500.0 450.0 0.0 -500.0 500.0 0.0 -500.0 549.9999999999999 0.0 -450.0 -550.0 0.0 -450.0 -500.0 0.0 -450.0 -450.0 0.0 -450.0 -400.0 0.0 -450.0 -350.0 0.0 -450.0 -300.0 0.0 -450.0 -249.99999999999997 0.0 -450.0 -200.0 0.0 -450.0 -150.0 0.0 -450.0 -100.00000000000009 0.0 -449.99999999999994 -50.0 0.0 -450.0 0.0 0.0 -450.0 50.0 0.0 -450.0 99.99999999999989 0.0 -450.0 150.0 0.0 -450.0 200.0 0.0 -449.9999999999999 249.99999999999983 0.0 -450.0 300.0 0.0 -450.0 350.0 0.0 -449.99999999999994 399.99999999999983 0.0 -450.0 450.0 0.0 -450.0 500.0 0.0 -450.0 550.0 0.0 -400.0000000000001 -550.0 0.0 -400.00000000000006 -500.0 0.0 -400.0 -450.0 0.0 -400.0000000000001 -399.99999999999994 0.0 -400.0000000000001 -350.00000000000006 0.0 -400.00000000000006 -300.0 0.0 -400.0 -249.99999999999994 0.0 -400.0 -199.99999999999991 0.0 -400.0 -150.0 0.0 -400.0 -100.0 0.0 -400.0 -50.0 0.0 -400.0 0.0 0.0 -400.0 50.00000000000003 0.0 -400.0 99.99999999999986 0.0 -400.0 150.00000000000003 0.0 -400.0 200.00000000000006 0.0 -400.00000000000006 249.9999999999999 0.0 -400.00000000000006 300.0 0.0 -400.00000000000006 350.0000000000001 0.0 -400.0 399.9999999999999 0.0 -400.0 450.0 0.0 -400.0000000000001 500.00000000000006 0.0 -400.00000000000006 550.0 0.0 -350.00000000000006 -549.9999999999999 0.0 -350.0 -500.00000000000006 0.0 -350.00000000000006 -450.0 0.0 -350.0000000000001 -400.0 0.0 -350.0 -350.0 0.0 -350.0000000000001 -300.0 0.0 -350.00000000000006 -250.0 0.0 -350.0 -199.99999999999997 0.0 -350.00000000000006 -149.99999999999997 0.0 -350.0 -100.00000000000009 0.0 -350.00000000000006 -50.0 0.0 -350.0 0.0 0.0 -350.0000000000001 50.00000000000003 0.0 -350.0 99.99999999999986 0.0 -350.00000000000006 149.99999999999994 0.0 -350.0 200.00000000000003 0.0 -350.00000000000006 249.99999999999986 0.0 -350.0000000000001 300.00000000000006 0.0 -350.0 350.0 0.0 -350.0000000000001 399.99999999999983 0.0 -350.00000000000006 450.0 0.0 -350.00000000000006 500.0 0.0 -350.0 549.9999999999999 0.0 -300.0000000000001 -550.0 0.0 -300.0000000000001 -499.99999999999994 0.0 -300.00000000000006 -450.0 0.0 -300.0 -399.9999999999999 0.0 -300.0 -350.00000000000006 0.0 -300.0000000000001 -300.0 0.0 -300.0 -250.0 0.0 -300.00000000000006 -199.99999999999986 0.0 -300.0 -149.99999999999994 0.0 -300.00000000000006 -100.00000000000003 0.0 -300.0 -49.99999999999994 0.0 -300.0 -2.842170943040401e-14 0.0 -300.0 50.000000000000085 0.0 -300.0 99.99999999999983 0.0 -300.0 149.99999999999994 0.0 -300.0000000000001 200.00000000000006 0.0 -300.00000000000006 249.99999999999986 0.0 -300.0000000000001 300.0 0.0 -300.0 350.0 0.0 -300.00000000000006 399.99999999999983 0.0 -300.00000000000006 450.0 0.0 -300.0000000000001 500.0 0.0 -300.0000000000001 550.0 0.0 -250.00000000000006 -550.0 0.0 -250.0 -500.0000000000001 0.0 -250.0000000000001 -450.0 0.0 -250.0 -399.99999999999994 0.0 -249.99999999999994 -350.0000000000001 0.0 -250.00000000000003 -300.0 0.0 -250.00000000000006 -250.0 0.0 -250.00000000000006 -200.0 0.0 -250.0 -150.0 0.0 -250.00000000000003 -100.00000000000006 0.0 -250.00000000000006 -50.0 0.0 -250.0 2.842170943040401e-14 0.0 -250.0 50.00000000000006 0.0 -250.00000000000003 99.99999999999984 0.0 -250.0 150.00000000000003 0.0 -250.00000000000003 200.00000000000006 0.0 -250.0 249.9999999999999 0.0 -250.00000000000003 300.0 0.0 -250.00000000000006 350.0000000000001 0.0 -250.00000000000006 399.9999999999999 0.0 -250.0000000000001 450.00000000000006 0.0 -250.0 500.0000000000001 0.0 -250.00000000000006 550.0 0.0 -200.00000000000014 -549.9999999999999 0.0 -200.00000000000006 -500.0 0.0 -200.0 -450.0 0.0 -200.00000000000017 -400.0 0.0 -200.00000000000006 -350.0 0.0 -200.0 -300.0 0.0 -200.0000000000001 -250.0 0.0 -200.00000000000003 -200.0 0.0 -200.00000000000009 -150.0 0.0 -200.00000000000009 -100.00000000000009 0.0 -200.00000000000009 -49.99999999999997 0.0 -200.0000000000001 0.0 0.0 -200.0000000000001 50.00000000000003 0.0 -200.00000000000014 99.99999999999986 0.0 -200.00000000000009 150.0 0.0 -199.99999999999997 200.00000000000003 0.0 -200.00000000000009 249.99999999999986 0.0 -200.00000000000006 300.0 0.0 -200.00000000000006 350.0 0.0 -200.00000000000006 399.99999999999983 0.0 -200.0 450.0 0.0 -200.00000000000006 500.00000000000006 0.0 -200.00000000000017 549.9999999999999 0.0 -150.00000000000017 -550.0 0.0 -150.0000000000001 -500.00000000000006 0.0 -150.0000000000001 -450.0 0.0 -150.0000000000001 -399.99999999999994 0.0 -150.00000000000006 -350.0 0.0 -150.0000000000001 -300.0 0.0 -150.0000000000001 -249.99999999999994 0.0 -150.0000000000001 -199.99999999999994 0.0 -150.00000000000009 -150.0 0.0 -150.00000000000009 -100.0 0.0 -150.0000000000001 -50.00000000000003 0.0 -150.0000000000001 0.0 0.0 -150.00000000000009 50.00000000000003 0.0 -150.00000000000014 99.99999999999991 0.0 -150.00000000000009 150.0 0.0 -150.0000000000001 200.00000000000006 0.0 -150.00000000000009 249.99999999999986 0.0 -150.00000000000017 300.0 0.0 -150.0000000000001 350.0 0.0 -150.0000000000001 399.99999999999983 0.0 -150.0000000000001 449.99999999999994 0.0 -150.0000000000001 500.00000000000006 0.0 -150.00000000000017 550.0 0.0 -99.99999999999996 -550.0 0.0 -99.99999999999991 -499.99999999999994 0.0 -99.99999999999989 -450.0 0.0 -99.9999999999999 -400.0 0.0 -99.99999999999996 -350.0 0.0 -100.0 -300.0 0.0 -99.99999999999991 -250.0 0.0 -99.99999999999997 -199.9999999999999 0.0 -100.0 -150.0 0.0 -99.99999999999991 -100.00000000000006 0.0 -99.99999999999994 -50.00000000000003 0.0 -100.0 0.0 0.0 -99.99999999999997 50.0 0.0 -99.99999999999989 99.99999999999989 0.0 -100.0 150.0 0.0 -99.99999999999997 200.00000000000006 0.0 -100.0 249.9999999999999 0.0 -100.0 300.0 0.0 -99.99999999999994 350.0 0.0 -99.99999999999989 399.9999999999999 0.0 -99.99999999999989 450.0 0.0 -99.99999999999989 500.0 0.0 -99.99999999999994 550.0 0.0 -49.99999999999992 -550.0 0.0 -50.000000000000014 -500.0 0.0 -50.0 -450.0 0.0 -50.00000000000003 -400.0 0.0 -49.99999999999997 -350.0 0.0 -49.999999999999886 -300.0 0.0 -49.99999999999997 -249.99999999999994 0.0 -49.999999999999886 -200.0 0.0 -49.99999999999994 -150.0 0.0 -49.99999999999994 -100.00000000000006 0.0 -50.00000000000003 -50.0 0.0 -50.0 0.0 0.0 -50.00000000000006 50.00000000000003 0.0 -50.0 99.99999999999989 0.0 -49.99999999999994 150.0 0.0 -49.99999999999994 200.00000000000003 0.0 -49.99999999999994 249.99999999999986 0.0 -49.999999999999886 300.0 0.0 -49.99999999999994 350.00000000000006 0.0 -49.99999999999994 399.9999999999999 0.0 -50.0 450.0 0.0 -50.0 500.0 0.0 -49.99999999999994 550.0 0.0 0.0 -550.0 0.0 0.0 -500.0 0.0 0.0 -450.0 0.0 0.0 -400.0 0.0 0.0 -350.0 0.0 0.0 -300.0 0.0 0.0 -250.0 0.0 0.0 -199.99999999999994 0.0 0.0 -150.0 0.0 0.0 -100.00000000000007 0.0 0.0 -50.0 0.0 0.0 0.0 0.0 0.0 50.0 0.0 0.0 99.99999999999989 0.0 0.0 150.0 0.0 0.0 200.00000000000003 0.0 0.0 249.9999999999999 0.0 0.0 300.0 0.0 0.0 350.0 0.0 0.0 399.9999999999999 0.0 0.0 450.0 0.0 0.0 500.0 0.0 0.0 550.0 0.0 49.999999999999915 -550.0 0.0 50.00000000000001 -500.0 0.0 50.0 -450.0 0.0 50.00000000000003 -400.0 0.0 49.999999999999986 -350.0 0.0 49.999999999999886 -300.0 0.0 49.99999999999997 -249.99999999999994 0.0 49.999999999999886 -199.99999999999997 0.0 49.99999999999994 -150.0 0.0 49.99999999999994 -100.00000000000006 0.0 50.00000000000003 -50.0 0.0 50.0 0.0 0.0 50.000000000000085 50.00000000000003 0.0 50.0 99.99999999999989 0.0 49.99999999999994 150.0 0.0 49.99999999999994 200.00000000000003 0.0 49.99999999999994 249.99999999999986 0.0 49.999999999999886 300.0 0.0 49.99999999999994 350.00000000000006 0.0 50.0 399.9999999999999 0.0 50.0 450.0 0.0 50.0 500.0 0.0 49.99999999999994 550.0 0.0 99.99999999999997 -550.0 0.0 99.99999999999993 -500.00000000000006 0.0 99.99999999999989 -450.0 0.0 99.99999999999991 -400.0 0.0 99.99999999999996 -350.0 0.0 100.0 -300.0 0.0 99.99999999999991 -250.0 0.0 99.99999999999997 -199.99999999999991 0.0 100.0 -150.0 0.0 99.99999999999989 -100.00000000000006 0.0 99.99999999999994 -50.000000000000014 0.0 100.0 0.0 0.0 100.0 50.0 0.0 99.99999999999989 99.99999999999989 0.0 100.0 150.0 0.0 100.0 200.00000000000006 0.0 100.0 249.9999999999999 0.0 100.0 300.0 0.0 100.0 350.0 0.0 99.99999999999989 399.9999999999999 0.0 99.99999999999989 450.0 0.0 99.99999999999989 500.0 0.0 99.99999999999994 550.0 0.0 149.99999999999983 -550.0 0.0 149.99999999999972 -499.99999999999994 0.0 149.99999999999977 -450.0 0.0 149.99999999999977 -400.0 0.0 149.99999999999974 -350.0000000000001 0.0 149.99999999999977 -300.0 0.0 149.99999999999972 -250.0 0.0 149.99999999999972 -199.99999999999997 0.0 149.99999999999974 -150.0 0.0 149.9999999999998 -100.00000000000006 0.0 149.99999999999972 -50.00000000000003 0.0 149.99999999999974 0.0 0.0 149.99999999999974 50.00000000000003 0.0 149.99999999999974 99.99999999999989 0.0 149.99999999999977 150.0 0.0 149.99999999999972 200.00000000000003 0.0 149.99999999999966 249.99999999999986 0.0 149.99999999999977 300.0 0.0 149.99999999999972 350.0000000000001 0.0 149.99999999999977 399.9999999999999 0.0 149.99999999999972 450.0 0.0 149.99999999999972 500.00000000000006 0.0 149.99999999999977 550.0 0.0 200.00000000000006 -549.9999999999999 0.0 199.99999999999994 -500.0 0.0 199.9999999999999 -450.0 0.0 200.0 -399.99999999999994 0.0 200.0 -350.0 0.0 199.99999999999994 -300.0 0.0 200.0 -250.0 0.0 199.9999999999999 -200.0 0.0 199.99999999999997 -150.0 0.0 200.0 -100.00000000000009 0.0 199.9999999999999 -49.999999999999986 0.0 200.00000000000003 0.0 0.0 200.0 50.000000000000014 0.0 199.9999999999999 99.99999999999986 0.0 199.99999999999997 150.0 0.0 199.99999999999994 200.00000000000003 0.0 200.0 249.99999999999986 0.0 199.99999999999994 300.0 0.0 199.99999999999994 350.0 0.0 199.99999999999994 399.99999999999983 0.0 199.9999999999999 450.0 0.0 199.99999999999994 500.0 0.0 200.0 549.9999999999999 0.0 250.00000000000003 -550.0 0.0 250.00000000000003 -500.0000000000001 0.0 250.0000000000001 -450.0 0.0 250.0 -399.9999999999999 0.0 250.00000000000003 -350.0 0.0 250.00000000000006 -300.0 0.0 249.99999999999997 -250.0 0.0 250.00000000000003 -199.99999999999994 0.0 250.0 -150.0 0.0 249.99999999999991 -100.00000000000007 0.0 250.00000000000003 -50.000000000000014 0.0 249.99999999999997 0.0 0.0 249.99999999999994 50.00000000000003 0.0 250.0 99.99999999999986 0.0 250.00000000000003 150.0 0.0 249.99999999999994 200.00000000000006 0.0 250.00000000000003 249.99999999999986 0.0 250.00000000000003 300.0 0.0 250.0 350.00000000000006 0.0 250.0 399.9999999999999 0.0 250.0000000000001 450.0 0.0 249.99999999999994 500.0000000000001 0.0 250.0000000000001 550.0 0.0 300.0 -550.0 0.0 300.0 -500.00000000000006 0.0 300.0000000000001 -450.0 0.0 300.00000000000006 -399.99999999999983 0.0 300.0000000000001 -350.00000000000006 0.0 300.0 -300.0 0.0 300.0000000000001 -249.99999999999997 0.0 300.0 -199.99999999999994 0.0 300.0000000000001 -150.0 0.0 299.99999999999994 -100.00000000000006 0.0 300.0 -49.999999999999986 0.0 300.0 -1.4210854715202004e-14 0.0 300.0000000000001 50.00000000000004 0.0 300.0000000000001 99.99999999999984 0.0 300.0000000000001 150.0 0.0 300.0 200.00000000000006 0.0 300.0 249.99999999999983 0.0 300.0 300.0 0.0 300.0000000000001 350.00000000000006 0.0 299.9999999999999 399.9999999999999 0.0 300.0000000000001 450.00000000000006 0.0 300.0 500.0 0.0 300.0 550.0 0.0 350.00000000000006 -549.9999999999999 0.0 350.0 -499.99999999999994 0.0 350.00000000000006 -450.0 0.0 350.00000000000006 -400.0 0.0 349.99999999999994 -350.0 0.0 350.0000000000001 -300.00000000000006 0.0 350.00000000000006 -250.0 0.0 350.0 -199.99999999999991 0.0 350.0 -149.99999999999997 0.0 350.0 -100.00000000000007 0.0 350.00000000000006 -50.000000000000014 0.0 350.0 1.4210854715202004e-14 0.0 350.0000000000001 50.000000000000014 0.0 350.0 99.99999999999987 0.0 350.0 149.99999999999994 0.0 350.0000000000001 200.00000000000003 0.0 350.0 249.99999999999986 0.0 350.0 300.00000000000006 0.0 350.0000000000001 350.0 0.0 350.00000000000006 399.9999999999999 0.0 350.00000000000006 450.0 0.0 350.0000000000001 500.0 0.0 349.99999999999994 549.9999999999999 0.0 400.0000000000001 -550.0 0.0 400.00000000000006 -500.0 0.0 400.0 -450.0 0.0 400.0000000000001 -399.99999999999994 0.0 400.0000000000001 -350.00000000000006 0.0 400.00000000000006 -300.0 0.0 400.0 -249.99999999999997 0.0 399.99999999999994 -199.99999999999991 0.0 400.0 -150.0 0.0 400.00000000000006 -99.99999999999999 0.0 400.0000000000001 -49.999999999999986 0.0 400.0 0.0 0.0 400.0 50.000000000000014 0.0 400.0000000000001 99.99999999999987 0.0 400.0 150.00000000000003 0.0 400.0 200.00000000000006 0.0 400.00000000000006 249.9999999999999 0.0 400.0 300.0 0.0 400.0 350.0000000000001 0.0 400.0000000000001 399.9999999999999 0.0 400.0 450.0 0.0 400.00000000000006 500.0 0.0 400.0000000000001 550.0 0.0 450.0 -550.0 0.0 450.0 -500.0 0.0 450.0 -450.0 0.0 450.0 -400.0 0.0 450.0 -350.0 0.0 450.0 -300.0 0.0 450.0 -250.0 0.0 450.0 -200.0 0.0 450.0 -150.0 0.0 450.0 -100.00000000000009 0.0 450.0 -50.0 0.0 450.0 0.0 0.0 450.0 50.0 0.0 450.0 99.9999999999999 0.0 450.0 150.0 0.0 450.0 200.0 0.0 450.0 249.99999999999983 0.0 450.0 300.0 0.0 450.0 350.0 0.0 450.0 399.99999999999983 0.0 450.0 450.0 0.0 450.0 500.0 0.0 450.0 550.0 0.0 499.9999999999997 -549.9999999999999 0.0 499.9999999999996 -500.0000000000001 0.0 499.9999999999998 -450.0 0.0 499.99999999999966 -400.0 0.0 499.9999999999997 -350.00000000000006 0.0 499.9999999999998 -300.0 0.0 499.99999999999966 -249.99999999999994 0.0 499.9999999999997 -199.99999999999997 0.0 499.9999999999998 -150.0 0.0 499.99999999999966 -100.00000000000006 0.0 499.9999999999997 -49.999999999999964 0.0 499.99999999999983 -1.4210854715202004e-14 0.0 499.99999999999966 50.0 0.0 499.9999999999998 99.99999999999983 0.0 499.9999999999997 150.0 0.0 499.9999999999998 200.00000000000006 0.0 499.9999999999998 249.99999999999986 0.0 499.99999999999983 300.0 0.0 499.9999999999998 350.00000000000006 0.0 499.99999999999966 399.9999999999999 0.0 499.9999999999998 450.0 0.0 499.9999999999998 500.00000000000006 0.0 499.99999999999966 549.9999999999999 0.0 549.9999999999998 -550.0 0.0 549.9999999999998 -500.0 0.0 549.9999999999997 -449.99999999999994 0.0 549.9999999999997 -399.99999999999994 0.0 549.9999999999998 -350.0 0.0 549.9999999999997 -299.99999999999994 0.0 549.9999999999997 -249.9999999999999 0.0 549.9999999999997 -199.99999999999994 0.0 549.9999999999995 -150.00000000000003 0.0 549.9999999999998 -100.00000000000001 0.0 549.9999999999997 -50.00000000000004 0.0 549.9999999999998 1.4210854715202004e-14 0.0 549.9999999999998 50.00000000000005 0.0 549.9999999999997 99.99999999999991 0.0 549.9999999999995 150.0 0.0 549.9999999999998 200.00000000000006 0.0 549.9999999999997 249.9999999999999 0.0 549.9999999999995 299.99999999999994 0.0 549.9999999999997 350.00000000000006 0.0 549.9999999999997 399.9999999999999 0.0 549.9999999999995 450.0 0.0 549.9999999999997 500.0 0.0 549.9999999999997 550.0 0.0 599.9999999999995 -550.0 0.0 599.9999999999995 -499.99999999999994 0.0 599.9999999999995 -450.0 0.0 599.9999999999997 -400.0 0.0 599.9999999999998 -350.0000000000001 0.0 599.9999999999997 -300.0 0.0 599.9999999999997 -249.99999999999994 0.0 599.9999999999997 -199.99999999999991 0.0 599.9999999999997 -150.0 0.0 599.9999999999997 -100.0 0.0 599.9999999999995 -50.00000000000007 0.0 599.9999999999998 7.105427357601002e-15 0.0 599.9999999999995 49.99999999999999 0.0 599.9999999999997 99.99999999999991 0.0 599.9999999999997 150.00000000000003 0.0 599.9999999999997 200.00000000000006 0.0 599.9999999999997 249.99999999999983 0.0 599.9999999999995 300.0 0.0 599.9999999999998 350.00000000000006 0.0 599.9999999999998 399.9999999999999 0.0 599.9999999999995 449.99999999999994 0.0 599.9999999999995 500.0 0.0 599.9999999999995 550.0 0.0 650.0 -550.0 0.0 649.9999999999999 -500.0 0.0 649.9999999999999 -450.00000000000006 0.0 650.0 -399.99999999999994 0.0 649.9999999999998 -350.0 0.0 650.0 -300.0 0.0 650.0 -250.0 0.0 650.0000000000001 -199.99999999999994 0.0 650.0 -150.00000000000006 0.0 649.9999999999999 -100.00000000000006 0.0 649.9999999999999 -50.0 0.0 650.0 -2.1316282072803006e-14 0.0 649.9999999999998 50.00000000000004 0.0 649.9999999999999 99.99999999999989 0.0 650.0 150.00000000000006 0.0 649.9999999999999 200.00000000000003 0.0 649.9999999999999 249.99999999999983 0.0 650.0 300.0 0.0 649.9999999999998 350.0 0.0 650.0 399.9999999999999 0.0 649.9999999999999 450.0 0.0 649.9999999999999 500.0 0.0 649.9999999999999 550.0 0.0 700.0000000000002 -549.9999999999999 0.0 700.0 -500.0 0.0 700.0000000000001 -449.99999999999994 0.0 700.0000000000003 -400.0 0.0 700.0 -350.00000000000006 0.0 700.0 -300.0 0.0 700.0000000000001 -250.0 0.0 700.0000000000001 -199.99999999999994 0.0 700.0 -149.99999999999994 0.0 700.0000000000002 -100.00000000000004 0.0 700.0000000000001 -50.0 0.0 700.0 2.1316282072803006e-14 0.0 700.0000000000002 50.000000000000014 0.0 700.0000000000001 99.9999999999999 0.0 700.0 149.99999999999994 0.0 700.0 200.00000000000003 0.0 700.0000000000001 249.99999999999983 0.0 700.0 300.0 0.0 700.0000000000001 350.00000000000006 0.0 700.0000000000001 399.99999999999983 0.0 700.0000000000001 450.0 0.0 700.0000000000001 500.0 0.0 700.0000000000001 549.9999999999999 0.0 750.0 -550.0 0.0 750.0000000000001 -500.0 0.0 750.0000000000001 -450.0 0.0 750.0 -399.99999999999994 0.0 750.0 -350.0 0.0 750.0 -300.0 0.0 750.0 -249.99999999999991 0.0 750.0 -199.99999999999994 0.0 750.0 -150.0 0.0 750.0 -100.00000000000009 0.0 750.0 -49.99999999999999 0.0 750.0 -1.0658141036401503e-14 0.0 750.0 50.00000000000003 0.0 750.0000000000001 99.99999999999987 0.0 750.0 150.0 0.0 750.0 200.00000000000006 0.0 750.0 249.99999999999986 0.0 750.0 300.0 0.0 750.0 350.0 0.0 750.0 399.99999999999983 0.0 750.0000000000001 450.00000000000006 0.0 750.0000000000001 500.0 0.0 750.0 550.0 0.0 800.0000000000002 -550.0 0.0 800.0 -500.0 0.0 800.0 -450.0 0.0 800.0000000000001 -400.0 0.0 800.0 -350.0 0.0 800.0000000000001 -300.00000000000006 0.0 800.0 -249.99999999999994 0.0 800.0000000000001 -199.99999999999997 0.0 800.0 -149.99999999999997 0.0 800.0000000000001 -100.00000000000007 0.0 799.9999999999999 -50.000000000000014 0.0 800.0 1.0658141036401503e-14 0.0 800.0 49.99999999999998 0.0 800.0 99.99999999999989 0.0 800.0 149.99999999999994 0.0 800.0000000000001 200.00000000000006 0.0 800.0 249.99999999999983 0.0 800.0000000000001 300.00000000000006 0.0 800.0000000000001 350.0 0.0 800.0 399.9999999999999 0.0 800.0 450.0 0.0 800.0000000000001 500.0 0.0 800.0000000000002 550.0 0.0 850.0000000000001 -549.9999999999999 0.0 849.9999999999999 -500.0 0.0 850.0 -450.0 0.0 850.0000000000001 -399.99999999999994 0.0 849.9999999999997 -350.0 0.0 850.0 -300.00000000000006 0.0 850.0 -249.99999999999997 0.0 849.9999999999999 -199.9999999999999 0.0 850.0 -150.0 0.0 849.9999999999999 -100.00000000000007 0.0 850.0 -49.99999999999998 0.0 850.0 -2.3092638912203256e-14 0.0 849.9999999999999 50.00000000000004 0.0 850.0000000000001 99.99999999999989 0.0 850.0 150.0 0.0 849.9999999999999 200.00000000000009 0.0 850.0 249.99999999999983 0.0 850.0 300.0 0.0 849.9999999999999 350.0 0.0 850.0 399.99999999999983 0.0 850.0 450.00000000000006 0.0 850.0 500.00000000000006 0.0 850.0 549.9999999999999 0.0</DataArray>
      </Points>
      <Cells>
        <DataArray type="Int64" Name="connectivity" NumberOfComponents="1" format="ascii">0 4 5 1 16 17 18 19 1 5 307 284 19 18 376 399 284 307 308 285 399 376 377 400 285 308 309 286 400 377 378 401 286 309 310 287 401 378 379 402 287 310 311 288 402 379 380 403 288 311 312 289 403 380 381 404 289 312 313 290 404 381 382 405 290 313 314 291 405 382 383 406 291 314 315 292 406 383 384 407 292 315 316 293 407 384 385 408 293 316 317 294 408 385 386 409 294 317 318 295 409 386 387 410 295 318 319 296 410 387 388 411 296 319 320 297 411 388 389 412 297 320 321 298 412 389 390 413 298 321 322 299 413 390 391 414 299 322 323 300 414 391 392 415 300 323 324 301 415 392 393 416 301 324 325 302 416 393 394 417 302 325 326 303 417 394 395 418 303 326 327 304 418 395 396 419 304 327 328 305 419 396 397 420 305 328 329 306 420 397 398 421 306 329 6 2 421 398 20 21 2 6 7 3 21 20 22 23 4 144 179 5 17 422 457 18 144 145 180 179 422 423 458 457 145 146 181 180 423 424 459 458 146 147 182 181 424 425 460 459 147 148 183 182 425 426 461 460 148 149 184 183 426 427 462 461 149 150 185 184 427 428 463 462 150 151 186 185 428 429 464 463 151 152 187 186 429 430 465 464 152 153 188 187 430 431 466 465 153 154 189 188 431 432 467 466 154 155 190 189 432 433 468 467 155 156 191 190 433 434 469 468 156 157 192 191 434 435 470 469 157 158 193 192 435 436 471 470 158 159 194 193 436 437 472 471 159 160 195 194 437 438 473 472 160 161 196 195 438 439 474 473 161 162 197 196 439 440 475 474 162 163 198 197 440 441 476 475 163 164 199 198 441 442 477 476 164 165 200 199 442 443 478 477 165 166 201 200 443 444 479 478 166 167 202 201 444 445 480 479 167 168 203 202 445 446 481 480 168 169 204 203 446 447 482 481 169 170 205 204 447 448 483 482 170 171 206 205 448 449 484 483 171 172 207 206 449 450 485 484 172 173 208 207 450 451 486 485 173 174 209 208 451 452 487 486 174 175 210 209 452 453 488 487 175 176 211 210 453 454 489 488 176 177 212 211 454 455 490 489 177 178 213 212 455 456 491 490 178 8 9 213 456 24 25 491 5 179 1304 307 18 457 2109 376 307 1304 1305 308 376 2109 2110 377 308 1305 1306 309 377 2110 2111 378 309 1306 1307 310 378 2111 2112 379 310 1307 1308 311 379 2112 2113 380 311 1308 1309 312 380 2113 2114 381 312 1309 1310 313 381 2114 2115 382 313 1310 1311 314 382 2115 2116 383 314 1311 1312 315 383 2116 2117 384 315 1312 1313 316 384 2117 2118 385 316 1313 1314 317 385 2118 2119 386 317 1314 1315 318 386 2119 2120 387 318 1315 1316 319 387 2120 2121 388 319 1316 1317 320 388 2121 2122 389 320 1317 1318 321 389 2122 2123 390 321 1318 1319 322 390 2123 2124 391 322 1319 1320 323 391 2124 2125 392 323 1320 1321 324 392 2125 2126 393 324 1321 1322 325 393 2126 2127 394 325 1322 1323 326 394 2127 2128 395 326 1323 1324 327 395 2128 2129 396 327 1324 1325 328 396 2129 2130 397 328 1325 1326 329 397 2130 2131 398 329 1326 214 6 398 2131 515 20 179 180 1327 1304 457 458 2132 2109 1304 1327 1328 1305 2109 2132 2133 2110 1305 1328 1329 1306 2110 2133 2134 2111 1306 1329 1330 1307 2111 2134 2135 2112 1307 1330 1331 1308 2112 2135 2136 2113 1308 1331 1332 1309 2113 2136 2137 2114 1309 1332 1333 1310 2114 2137 2138 2115 1310 1333 1334 1311 2115 2138 2139 2116 1311 1334 1335 1312 2116 2139 2140 2117 1312 1335 1336 1313 2117 2140 2141 2118 1313 1336 1337 1314 2118 2141 2142 2119 1314 1337 1338 1315 2119 2142 2143 2120 1315 1338 1339 1316 2120 2143 2144 2121 1316 1339 1340 1317 2121 2144 2145 2122 1317 1340 1341 1318 2122 2145 2146 2123 1318 1341 1342 1319 2123 2146 2147 2124 1319 1342 1343 1320 2124 2147 2148 2125 1320 1343 1344 1321 2125 2148 2149 2126 1321 1344 1345 1322 2126 2149 2150 2127 1322 1345 1346 1323 2127 2150 2151 2128 1323 1346 1347 1324 2128 2151 2152 2129 1324 1347 1348 1325 2129 2152 2153 2130 1325 1348 1349 1326 2130 2153 2154 2131 1326 1349 215 214 2131 2154 516 515 180 181 1350 1327 458 459 2155 2132 1327 1350 1351 1328 2132 2155 2156 2133 1328 1351 1352 1329 2133 2156 2157 2134 1329 1352 1353 1330 2134 2157 2158 2135 1330 1353 1354 1331 2135 2158 2159 2136 1331 1354 1355 1332 2136 2159 2160 2137 1332 1355 1356 1333 2137 2160 2161 2138 1333 1356 1357 1334 2138 2161 2162 2139 1334 1357 1358 1335 2139 2162 2163 2140 1335 1358 1359 1336 2140 2163 2164 2141 1336 1359 1360 1337 2141 2164 2165 2142 1337 1360 1361 1338 2142 2165 2166 2143 1338 1361 1362 1339 2143 2166 2167 2144 1339 1362 1363 1340 2144 2167 2168 2145 1340 1363 1364 1341 2145 2168 2169 2146 1341 1364 1365 1342 2146 2169 2170 2147 1342 1365 1366 1343 2147 2170 2171 2148 1343 1366 1367 1344 2148 2171 2172 2149 1344 1367 1368 1345 2149 2172 2173 2150 1345 1368 1369 1346 2150 2173 2174 2151 1346 1369 1370 1347 2151 2174 2175 2152 1347 1370 1371 1348 2152 2175 2176 2153 1348 1371 1372 1349 2153 2176 2177 2154 1349 1372 216 215 2154 2177 517 516 181 182 1373 1350 459 460 2178 2155 1350 1373 1374 1351 2155 2178 2179 2156 1351 1374 1375 1352 2156 2179 2180 2157 1352 1375 1376 1353 2157 2180 2181 2158 1353 1376 1377 1354 2158 2181 2182 2159 1354 1377 1378 1355 2159 2182 2183 2160 1355 1378 1379 1356 2160 2183 2184 2161 1356 1379 1380 1357 2161 2184 2185 2162 1357 1380 1381 1358 2162 2185 2186 2163 1358 1381 1382 1359 2163 2186 2187 2164 1359 1382 1383 1360 2164 2187 2188 2165 1360 1383 1384 1361 2165 2188 2189 2166 1361 1384 1385 1362 2166 2189 2190 2167 1362 1385 1386 1363 2167 2190 2191 2168 1363 1386 1387 1364 2168 2191 2192 2169 1364 1387 1388 1365 2169 2192 2193 2170 1365 1388 1389 1366 2170 2193 2194 2171 1366 1389 1390 1367 2171 2194 2195 2172 1367 1390 1391 1368 2172 2195 2196 2173 1368 1391 1392 1369 2173 2196 2197 2174 1369 1392 1393 1370 2174 2197 2198 2175 1370 1393 1394 1371 2175 2198 2199 2176 1371 1394 1395 1372 2176 2199 2200 2177 1372 1395 217 216 2177 2200 518 517 182 183 1396 1373 460 461 2201 2178 1373 1396 1397 1374 2178 2201 2202 2179 1374 1397 1398 1375 2179 2202 2203 2180 1375 1398 1399 1376 2180 2203 2204 2181 1376 1399 1400 1377 2181 2204 2205 2182 1377 1400 1401 1378 2182 2205 2206 2183 1378 1401 1402 1379 2183 2206 2207 2184 1379 1402 1403 1380 2184 2207 2208 2185 1380 1403 1404 1381 2185 2208 2209 2186 1381 1404 1405 1382 2186 2209 2210 2187 1382 1405 1406 1383 2187 2210 2211 2188 1383 1406 1407 1384 2188 2211 2212 2189 1384 1407 1408 1385 2189 2212 2213 2190 1385 1408 1409 1386 2190 2213 2214 2191 1386 1409 1410 1387 2191 2214 2215 2192 1387 1410 1411 1388 2192 2215 2216 2193 1388 1411 1412 1389 2193 2216 2217 2194 1389 1412 1413 1390 2194 2217 2218 2195 1390 1413 1414 1391 2195 2218 2219 2196 1391 1414 1415 1392 2196 2219 2220 2197 1392 1415 1416 1393 2197 2220 2221 2198 1393 1416 1417 1394 2198 2221 2222 2199 1394 1417 1418 1395 2199 2222 2223 2200 1395 1418 218 217 2200 2223 519 518 183 184 1419 1396 461 462 2224 2201 1396 1419 1420 1397 2201 2224 2225 2202 1397 1420 1421 1398 2202 2225 2226 2203 1398 1421 1422 1399 2203 2226 2227 2204 1399 1422 1423 1400 2204 2227 2228 2205 1400 1423 1424 1401 2205 2228 2229 2206 1401 1424 1425 1402 2206 2229 2230 2207 1402 1425 1426 1403 2207 2230 2231 2208 1403 1426 1427 1404 2208 2231 2232 2209 1404 1427 1428 1405 2209 2232 2233 2210 1405 1428 1429 1406 2210 2233 2234 2211 1406 1429 1430 1407 2211 2234 2235 2212 1407 1430 1431 1408 2212 2235 2236 2213 1408 1431 1432 1409 2213 2236 2237 2214 1409 1432 1433 1410 2214 2237 2238 2215 1410 1433 1434 1411 2215 2238 2239 2216 1411 1434 1435 1412 2216 2239 2240 2217 1412 1435 1436 1413 2217 2240 2241 2218 1413 1436 1437 1414 2218 2241 2242 2219 1414 1437 1438 1415 2219 2242 2243 2220 1415 1438 1439 1416 2220 2243 2244 2221 1416 1439 1440 1417 2221 2244 2245 2222 1417 1440 1441 1418 2222 2245 2246 2223 1418 1441 219 218 2223 2246 520 519 184 185 1442 1419 462 463 2247 2224 1419 1442 1443 1420 2224 2247 2248 2225 1420 1443 1444 1421 2225 2248 2249 2226 1421 1444 1445 1422 2226 2249 2250 2227 1422 1445 1446 1423 2227 2250 2251 2228 1423 1446 1447 1424 2228 2251 2252 2229 1424 1447 1448 1425 2229 2252 2253 2230 1425 1448 1449 1426 2230 2253 2254 2231 1426 1449 1450 1427 2231 2254 2255 2232 1427 1450 1451 1428 2232 2255 2256 2233 1428 1451 1452 1429 2233 2256 2257 2234 1429 1452 1453 1430 2234 2257 2258 2235 1430 1453 1454 1431 2235 2258 2259 2236 1431 1454 1455 1432 2236 2259 2260 2237 1432 1455 1456 1433 2237 2260 2261 2238 1433 1456 1457 1434 2238 2261 2262 2239 1434 1457 1458 1435 2239 2262 2263 2240 1435 1458 1459 1436 2240 2263 2264 2241 1436 1459 1460 1437 2241 2264 2265 2242 1437 1460 1461 1438 2242 2265 2266 2243 1438 1461 1462 1439 2243 2266 2267 2244 1439 1462 1463 1440 2244 2267 2268 2245 1440 1463 1464 1441 2245 2268 2269 2246 1441 1464 220 219 2246 2269 521 520 185 186 1465 1442 463 464 2270 2247 1442 1465 1466 1443 2247 2270 2271 2248 1443 1466 1467 1444 2248 2271 2272 2249 1444 1467 1468 1445 2249 2272 2273 2250 1445 1468 1469 1446 2250 2273 2274 2251 1446 1469 1470 1447 2251 2274 2275 2252 1447 1470 1471 1448 2252 2275 2276 2253 1448 1471 1472 1449 2253 2276 2277 2254 1449 1472 1473 1450 2254 2277 2278 2255 1450 1473 1474 1451 2255 2278 2279 2256 1451 1474 1475 1452 2256 2279 2280 2257 1452 1475 1476 1453 2257 2280 2281 2258 1453 1476 1477 1454 2258 2281 2282 2259 1454 1477 1478 1455 2259 2282 2283 2260 1455 1478 1479 1456 2260 2283 2284 2261 1456 1479 1480 1457 2261 2284 2285 2262 1457 1480 1481 1458 2262 2285 2286 2263 1458 1481 1482 1459 2263 2286 2287 2264 1459 1482 1483 1460 2264 2287 2288 2265 1460 1483 1484 1461 2265 2288 2289 2266 1461 1484 1485 1462 2266 2289 2290 2267 1462 1485 1486 1463 2267 2290 2291 2268 1463 1486 1487 1464 2268 2291 2292 2269 1464 1487 221 220 2269 2292 522 521 186 187 1488 1465 464 465 2293 2270 1465 1488 1489 1466 2270 2293 2294 2271 1466 1489 1490 1467 2271 2294 2295 2272 1467 1490 1491 1468 2272 2295 2296 2273 1468 1491 1492 1469 2273 2296 2297 2274 1469 1492 1493 1470 2274 2297 2298 2275 1470 1493 1494 1471 2275 2298 2299 2276 1471 1494 1495 1472 2276 2299 2300 2277 1472 1495 1496 1473 2277 2300 2301 2278 1473 1496 1497 1474 2278 2301 2302 2279 1474 1497 1498 1475 2279 2302 2303 2280 1475 1498 1499 1476 2280 2303 2304 2281 1476 1499 1500 1477 2281 2304 2305 2282 1477 1500 1501 1478 2282 2305 2306 2283 1478 1501 1502 1479 2283 2306 2307 2284 1479 1502 1503 1480 2284 2307 2308 2285 1480 1503 1504 1481 2285 2308 2309 2286 1481 1504 1505 1482 2286 2309 2310 2287 1482 1505 1506 1483 2287 2310 2311 2288 1483 1506 1507 1484 2288 2311 2312 2289 1484 1507 1508 1485 2289 2312 2313 2290 1485 1508 1509 1486 2290 2313 2314 2291 1486 1509 1510 1487 2291 2314 2315 2292 1487 1510 222 221 2292 2315 523 522 187 188 1511 1488 465 466 2316 2293 1488 1511 1512 1489 2293 2316 2317 2294 1489 1512 1513 1490 2294 2317 2318 2295 1490 1513 1514 1491 2295 2318 2319 2296 1491 1514 1515 1492 2296 2319 2320 2297 1492 1515 1516 1493 2297 2320 2321 2298 1493 1516 1517 1494 2298 2321 2322 2299 1494 1517 1518 1495 2299 2322 2323 2300 1495 1518 1519 1496 2300 2323 2324 2301 1496 1519 1520 1497 2301 2324 2325 2302 1497 1520 1521 1498 2302 2325 2326 2303 1498 1521 1522 1499 2303 2326 2327 2304 1499 1522 1523 1500 2304 2327 2328 2305 1500 1523 1524 1501 2305 2328 2329 2306 1501 1524 1525 1502 2306 2329 2330 2307 1502 1525 1526 1503 2307 2330 2331 2308 1503 1526 1527 1504 2308 2331 2332 2309 1504 1527 1528 1505 2309 2332 2333 2310 1505 1528 1529 1506 2310 2333 2334 2311 1506 1529 1530 1507 2311 2334 2335 2312 1507 1530 1531 1508 2312 2335 2336 2313 1508 1531 1532 1509 2313 2336 2337 2314 1509 1532 1533 1510 2314 2337 2338 2315 1510 1533 223 222 2315 2338 524 523 188 189 1534 1511 466 467 2339 2316 1511 1534 1535 1512 2316 2339 2340 2317 1512 1535 1536 1513 2317 2340 2341 2318 1513 1536 1537 1514 2318 2341 2342 2319 1514 1537 1538 1515 2319 2342 2343 2320 1515 1538 1539 1516 2320 2343 2344 2321 1516 1539 1540 1517 2321 2344 2345 2322 1517 1540 1541 1518 2322 2345 2346 2323 1518 1541 1542 1519 2323 2346 2347 2324 1519 1542 1543 1520 2324 2347 2348 2325 1520 1543 1544 1521 2325 2348 2349 2326 1521 1544 1545 1522 2326 2349 2350 2327 1522 1545 1546 1523 2327 2350 2351 2328 1523 1546 1547 1524 2328 2351 2352 2329 1524 1547 1548 1525 2329 2352 2353 2330 1525 1548 1549 1526 2330 2353 2354 2331 1526 1549 1550 1527 2331 2354 2355 2332 1527 1550 1551 1528 2332 2355 2356 2333 1528 1551 1552 1529 2333 2356 2357 2334 1529 1552 1553 1530 2334 2357 2358 2335 1530 1553 1554 1531 2335 2358 2359 2336 1531 1554 1555 1532 2336 2359 2360 2337 1532 1555 1556 1533 2337 2360 2361 2338 1533 1556 224 223 2338 2361 525 524 189 190 1557 1534 467 468 2362 2339 1534 1557 1558 1535 2339 2362 2363 2340 1535 1558 1559 1536 2340 2363 2364 2341 1536 1559 1560 1537 2341 2364 2365 2342 1537 1560 1561 1538 2342 2365 2366 2343 1538 1561 1562 1539 2343 2366 2367 2344 1539 1562 1563 1540 2344 2367 2368 2345 1540 1563 1564 1541 2345 2368 2369 2346 1541 1564 1565 1542 2346 2369 2370 2347 1542 1565 1566 1543 2347 2370 2371 2348 1543 1566 1567 1544 2348 2371 2372 2349 1544 1567 1568 1545 2349 2372 2373 2350 1545 1568 1569 1546 2350 2373 2374 2351 1546 1569 1570 1547 2351 2374 2375 2352 1547 1570 1571 1548 2352 2375 2376 2353 1548 1571 1572 1549 2353 2376 2377 2354 1549 1572 1573 1550 2354 2377 2378 2355 1550 1573 1574 1551 2355 2378 2379 2356 1551 1574 1575 1552 2356 2379 2380 2357 1552 1575 1576 1553 2357 2380 2381 2358 1553 1576 1577 1554 2358 2381 2382 2359 1554 1577 1578 1555 2359 2382 2383 2360 1555 1578 1579 1556 2360 2383 2384 2361 1556 1579 225 224 2361 2384 526 525 190 191 1580 1557 468 469 2385 2362 1557 1580 1581 1558 2362 2385 2386 2363 1558 1581 1582 1559 2363 2386 2387 2364 1559 1582 1583 1560 2364 2387 2388 2365 1560 1583 1584 1561 2365 2388 2389 2366 1561 1584 1585 1562 2366 2389 2390 2367 1562 1585 1586 1563 2367 2390 2391 2368 1563 1586 1587 1564 2368 2391 2392 2369 1564 1587 1588 1565 2369 2392 2393 2370 1565 1588 1589 1566 2370 2393 2394 2371 1566 1589 1590 1567 2371 2394 2395 2372 1567 1590 1591 1568 2372 2395 2396 2373 1568 1591 1592 1569 2373 2396 2397 2374 1569 1592 1593 1570 2374 2397 2398 2375 1570 1593 1594 1571 2375 2398 2399 2376 1571 1594 1595 1572 2376 2399 2400 2377 1572 1595 1596 1573 2377 2400 2401 2378 1573 1596 1597 1574 2378 2401 2402 2379 1574 1597 1598 1575 2379 2402 2403 2380 1575 1598 1599 1576 2380 2403 2404 2381 1576 1599 1600 1577 2381 2404 2405 2382 1577 1600 1601 1578 2382 2405 2406 2383 1578 1601 1602 1579 2383 2406 2407 2384 1579 1602 226 225 2384 2407 527 526 191 192 1603 1580 469 470 2408 2385 1580 1603 1604 1581 2385 2408 2409 2386 1581 1604 1605 1582 2386 2409 2410 2387 1582 1605 1606 1583 2387 2410 2411 2388 1583 1606 1607 1584 2388 2411 2412 2389 1584 1607 1608 1585 2389 2412 2413 2390 1585 1608 1609 1586 2390 2413 2414 2391 1586 1609 1610 1587 2391 2414 2415 2392 1587 1610 1611 1588 2392 2415 2416 2393 1588 1611 1612 1589 2393 2416 2417 2394 1589 1612 1613 1590 2394 2417 2418 2395 1590 1613 1614 1591 2395 2418 2419 2396 1591 1614 1615 1592 2396 2419 2420 2397 1592 1615 1616 1593 2397 2420 2421 2398 1593 1616 1617 1594 2398 2421 2422 2399 1594 1617 1618 1595 2399 2422 2423 2400 1595 1618 1619 1596 2400 2423 2424 2401 1596 1619 1620 1597 2401 2424 2425 2402 1597 1620 1621 1598 2402 2425 2426 2403 1598 1621 1622 1599 2403 2426 2427 2404 1599 1622 1623 1600 2404 2427 2428 2405 1600 1623 1624 1601 2405 2428 2429 2406 1601 1624 1625 1602 2406 2429 2430 2407 1602 1625 227 226 2407 2430 528 527 192 193 1626 1603 470 471 2431 2408 1603 1626 1627 1604 2408 2431 2432 2409 1604 1627 1628 1605 2409 2432 2433 2410 1605 1628 1629 1606 2410 2433 2434 2411 1606 1629 1630 1607 2411 2434 2435 2412 1607 1630 1631 1608 2412 2435 2436 2413 1608 1631 1632 1609 2413 2436 2437 2414 1609 1632 1633 1610 2414 2437 2438 2415 1610 1633 1634 1611 2415 2438 2439 2416 1611 1634 1635 1612 2416 2439 2440 2417 1612 1635 1636 1613 2417 2440 2441 2418 1613 1636 1637 1614 2418 2441 2442 2419 1614 1637 1638 1615 2419 2442 2443 2420 1615 1638 1639 1616 2420 2443 2444 2421 1616 1639 1640 1617 2421 2444 2445 2422 1617 1640 1641 1618 2422 2445 2446 2423 1618 1641 1642 1619 2423 2446 2447 2424 1619 1642 1643 1620 2424 2447 2448 2425 1620 1643 1644 1621 2425 2448 2449 2426 1621 1644 1645 1622 2426 2449 2450 2427 1622 1645 1646 1623 2427 2450 2451 2428 1623 1646 1647 1624 2428 2451 2452 2429 1624 1647 1648 1625 2429 2452 2453 2430 1625 1648 228 227 2430 2453 529 528 193 194 1649 1626 471 472 2454 2431 1626 1649 1650 1627 2431 2454 2455 2432 1627 1650 1651 1628 2432 2455 2456 2433 1628 1651 1652 1629 2433 2456 2457 2434 1629 1652 1653 1630 2434 2457 2458 2435 1630 1653 1654 1631 2435 2458 2459 2436 1631 1654 1655 1632 2436 2459 2460 2437 1632 1655 1656 1633 2437 2460 2461 2438 1633 1656 1657 1634 2438 2461 2462 2439 1634 1657 1658 1635 2439 2462 2463 2440 1635 1658 1659 1636 2440 2463 2464 2441 1636 1659 1660 1637 2441 2464 2465 2442 1637 1660 1661 1638 2442 2465 2466 2443 1638 1661 1662 1639 2443 2466 2467 2444 1639 1662 1663 1640 2444 2467 2468 2445 1640 1663 1664 1641 2445 2468 2469 2446 1641 1664 1665 1642 2446 2469 2470 2447 1642 1665 1666 1643 2447 2470 2471 2448 1643 1666 1667 1644 2448 2471 2472 2449 1644 1667 1668 1645 2449 2472 2473 2450 1645 1668 1669 1646 2450 2473 2474 2451 1646 1669 1670 1647 2451 2474 2475 2452 1647 1670 1671 1648 2452 2475 2476 2453 1648 1671 229 228 2453 2476 530 529 194 195 1672 1649 472 473 2477 2454 1649 1672 1673 1650 2454 2477 2478 2455 1650 1673 1674 1651 2455 2478 2479 2456 1651 1674 1675 1652 2456 2479 2480 2457 1652 1675 1676 1653 2457 2480 2481 2458 1653 1676 1677 1654 2458 2481 2482 2459 1654 1677 1678 1655 2459 2482 2483 2460 1655 1678 1679 1656 2460 2483 2484 2461 1656 1679 1680 1657 2461 2484 2485 2462 1657 1680 1681 1658 2462 2485 2486 2463 1658 1681 1682 1659 2463 2486 2487 2464 1659 1682 1683 1660 2464 2487 2488 2465 1660 1683 1684 1661 2465 2488 2489 2466 1661 1684 1685 1662 2466 2489 2490 2467 1662 1685 1686 1663 2467 2490 2491 2468 1663 1686 1687 1664 2468 2491 2492 2469 1664 1687 1688 1665 2469 2492 2493 2470 1665 1688 1689 1666 2470 2493 2494 2471 1666 1689 1690 1667 2471 2494 2495 2472 1667 1690 1691 1668 2472 2495 2496 2473 1668 1691 1692 1669 2473 2496 2497 2474 1669 1692 1693 1670 2474 2497 2498 2475 1670 1693 1694 1671 2475 2498 2499 2476 1671 1694 230 229 2476 2499 531 530 195 196 1695 1672 473 474 2500 2477 1672 1695 1696 1673 2477 2500 2501 2478 1673 1696 1697 1674 2478 2501 2502 2479 1674 1697 1698 1675 2479 2502 2503 2480 1675 1698 1699 1676 2480 2503 2504 2481 1676 1699 1700 1677 2481 2504 2505 2482 1677 1700 1701 1678 2482 2505 2506 2483 1678 1701 1702 1679 2483 2506 2507 2484 1679 1702 1703 1680 2484 2507 2508 2485 1680 1703 1704 1681 2485 2508 2509 2486 1681 1704 1705 1682 2486 2509 2510 2487 1682 1705 1706 1683 2487 2510 2511 2488 1683 1706 1707 1684 2488 2511 2512 2489 1684 1707 1708 1685 2489 2512 2513 2490 1685 1708 1709 1686 2490 2513 2514 2491 1686 1709 1710 1687 2491 2514 2515 2492 1687 1710 1711 1688 2492 2515 2516 2493 1688 1711 1712 1689 2493 2516 2517 2494 1689 1712 1713 1690 2494 2517 2518 2495 1690 1713 1714 1691 2495 2518 2519 2496 1691 1714 1715 1692 2496 2519 2520 2497 1692 1715 1716 1693 2497 2520 2521 2498 1693 1716 1717 1694 2498 2521 2522 2499 1694 1717 231 230 2499 2522 532 531 196 197 1718 1695 474 475 2523 2500 1695 1718 1719 1696 2500 2523 2524 2501 1696 1719 1720 1697 2501 2524 2525 2502 1697 1720 1721 1698 2502 2525 2526 2503 1698 1721 1722 1699 2503 2526 2527 2504 1699 1722 1723 1700 2504 2527 2528 2505 1700 1723 1724 1701 2505 2528 2529 2506 1701 1724 1725 1702 2506 2529 2530 2507 1702 1725 1726 1703 2507 2530 2531 2508 1703 1726 1727 1704 2508 2531 2532 2509 1704 1727 1728 1705 2509 2532 2533 2510 1705 1728 1729 1706 2510 2533 2534 2511 1706 1729 1730 1707 2511 2534 2535 2512 1707 1730 1731 1708 2512 2535 2536 2513 1708 1731 1732 1709 2513 2536 2537 2514 1709 1732 1733 1710 2514 2537 2538 2515 1710 1733 1734 1711 2515 2538 2539 2516 1711 1734 1735 1712 2516 2539 2540 2517 1712 1735 1736 1713 2517 2540 2541 2518 1713 1736 1737 1714 2518 2541 2542 2519 1714 1737 1738 1715 2519 2542 2543 2520 1715 1738 1739 1716 2520 2543 2544 2521 1716 1739 1740 1717 2521 2544 2545 2522 1717 1740 232 231 2522 2545 533 532 197 198 1741 1718 475 476 2546 2523 1718 1741 1742 1719 2523 2546 2547 2524 1719 1742 1743 1720 2524 2547 2548 2525 1720 1743 1744 1721 2525 2548 2549 2526 1721 1744 1745 1722 2526 2549 2550 2527 1722 1745 1746 1723 2527 2550 2551 2528 1723 1746 1747 1724 2528 2551 2552 2529 1724 1747 1748 1725 2529 2552 2553 2530 1725 1748 1749 1726 2530 2553 2554 2531 1726 1749 1750 1727 2531 2554 2555 2532 1727 1750 1751 1728 2532 2555 2556 2533 1728 1751 1752 1729 2533 2556 2557 2534 1729 1752 1753 1730 2534 2557 2558 2535 1730 1753 1754 1731 2535 2558 2559 2536 1731 1754 1755 1732 2536 2559 2560 2537 1732 1755 1756 1733 2537 2560 2561 2538 1733 1756 1757 1734 2538 2561 2562 2539 1734 1757 1758 1735 2539 2562 2563 2540 1735 1758 1759 1736 2540 2563 2564 2541 1736 1759 1760 1737 2541 2564 2565 2542 1737 1760 1761 1738 2542 2565 2566 2543 1738 1761 1762 1739 2543 2566 2567 2544 1739 1762 1763 1740 2544 2567 2568 2545 1740 1763 233 232 2545 2568 534 533 198 199 1764 1741 476 477 2569 2546 1741 1764 1765 1742 2546 2569 2570 2547 1742 1765 1766 1743 2547 2570 2571 2548 1743 1766 1767 1744 2548 2571 2572 2549 1744 1767 1768 1745 2549 2572 2573 2550 1745 1768 1769 1746 2550 2573 2574 2551 1746 1769 1770 1747 2551 2574 2575 2552 1747 1770 1771 1748 2552 2575 2576 2553 1748 1771 1772 1749 2553 2576 2577 2554 1749 1772 1773 1750 2554 2577 2578 2555 1750 1773 1774 1751 2555 2578 2579 2556 1751 1774 1775 1752 2556 2579 2580 2557 1752 1775 1776 1753 2557 2580 2581 2558 1753 1776 1777 1754 2558 2581 2582 2559 1754 1777 1778 1755 2559 2582 2583 2560 1755 1778 1779 1756 2560 2583 2584 2561 1756 1779 1780 1757 2561 2584 2585 2562 1757 1780 1781 1758 2562 2585 2586 2563 1758 1781 1782 1759 2563 2586 2587 2564 1759 1782 1783 1760 2564 2587 2588 2565 1760 1783 1784 1761 2565 2588 2589 2566 1761 1784 1785 1762 2566 2589 2590 2567 1762 1785 1786 1763 2567 2590 2591 2568 1763 1786 234 233 2568 2591 535 534 199 200 1787 1764 477 478 2592 2569 1764 1787 1788 1765 2569 2592 2593 2570 1765 1788 1789 1766 2570 2593 2594 2571 1766 1789 1790 1767 2571 2594 2595 2572 1767 1790 1791 1768 2572 2595 2596 2573 1768 1791 1792 1769 2573 2596 2597 2574 1769 1792 1793 1770 2574 2597 2598 2575 1770 1793 1794 1771 2575 2598 2599 2576 1771 1794 1795 1772 2576 2599 2600 2577 1772 1795 1796 1773 2577 2600 2601 2578 1773 1796 1797 1774 2578 2601 2602 2579 1774 1797 1798 1775 2579 2602 2603 2580 1775 1798 1799 1776 2580 2603 2604 2581 1776 1799 1800 1777 2581 2604 2605 2582 1777 1800 1801 1778 2582 2605 2606 2583 1778 1801 1802 1779 2583 2606 2607 2584 1779 1802 1803 1780 2584 2607 2608 2585 1780 1803 1804 1781 2585 2608 2609 2586 1781 1804 1805 1782 2586 2609 2610 2587 1782 1805 1806 1783 2587 2610 2611 2588 1783 1806 1807 1784 2588 2611 2612 2589 1784 1807 1808 1785 2589 2612 2613 2590 1785 1808 1809 1786 2590 2613 2614 2591 1786 1809 235 234 2591 2614 536 535 200 201 1810 1787 478 479 2615 2592 1787 1810 1811 1788 2592 2615 2616 2593 1788 1811 1812 1789 2593 2616 2617 2594 1789 1812 1813 1790 2594 2617 2618 2595 1790 1813 1814 1791 2595 2618 2619 2596 1791 1814 1815 1792 2596 2619 2620 2597 1792 1815 1816 1793 2597 2620 2621 2598 1793 1816 1817 1794 2598 2621 2622 2599 1794 1817 1818 1795 2599 2622 2623 2600 1795 1818 1819 1796 2600 2623 2624 2601 1796 1819 1820 1797 2601 2624 2625 2602 1797 1820 1821 1798 2602 2625 2626 2603 1798 1821 1822 1799 2603 2626 2627 2604 1799 1822 1823 1800 2604 2627 2628 2605 1800 1823 1824 1801 2605 2628 2629 2606 1801 1824 1825 1802 2606 2629 2630 2607 1802 1825 1826 1803 2607 2630 2631 2608 1803 1826 1827 1804 2608 2631 2632 2609 1804 1827 1828 1805 2609 2632 2633 2610 1805 1828 1829 1806 2610 2633 2634 2611 1806 1829 1830 1807 2611 2634 2635 2612 1807 1830 1831 1808 2612 2635 2636 2613 1808 1831 1832 1809 2613 2636 2637 2614 1809 1832 236 235 2614 2637 537 536 201 202 1833 1810 479 480 2638 2615 1810 1833 1834 1811 2615 2638 2639 2616 1811 1834 1835 1812 2616 2639 2640 2617 1812 1835 1836 1813 2617 2640 2641 2618 1813 1836 1837 1814 2618 2641 2642 2619 1814 1837 1838 1815 2619 2642 2643 2620 1815 1838 1839 1816 2620 2643 2644 2621 1816 1839 1840 1817 2621 2644 2645 2622 1817 1840 1841 1818 2622 2645 2646 2623 1818 1841 1842 1819 2623 2646 2647 2624 1819 1842 1843 1820 2624 2647 2648 2625 1820 1843 1844 1821 2625 2648 2649 2626 1821 1844 1845 1822 2626 2649 2650 2627 1822 1845 1846 1823 2627 2650 2651 2628 1823 1846 1847 1824 2628 2651 2652 2629 1824 1847 1848 1825 2629 2652 2653 2630 1825 1848 1849 1826 2630 2653 2654 2631 1826 1849 1850 1827 2631 2654 2655 2632 1827 1850 1851 1828 2632 2655 2656 2633 1828 1851 1852 1829 2633 2656 2657 2634 1829 1852 1853 1830 2634 2657 2658 2635 1830 1853 1854 1831 2635 2658 2659 2636 1831 1854 1855 1832 2636 2659 2660 2637 1832 1855 237 236 2637 2660 538 537 202 203 1856 1833 480 481 2661 2638 1833 1856 1857 1834 2638 2661 2662 2639 1834 1857 1858 1835 2639 2662 2663 2640 1835 1858 1859 1836 2640 2663 2664 2641 1836 1859 1860 1837 2641 2664 2665 2642 1837 1860 1861 1838 2642 2665 2666 2643 1838 1861 1862 1839 2643 2666 2667 2644 1839 1862 1863 1840 2644 2667 2668 2645 1840 1863 1864 1841 2645 2668 2669 2646 1841 1864 1865 1842 2646 2669 2670 2647 1842 1865 1866 1843 2647 2670 2671 2648 1843 1866 1867 1844 2648 2671 2672 2649 1844 1867 1868 1845 2649 2672 2673 2650 1845 1868 1869 1846 2650 2673 2674 2651 1846 1869 1870 1847 2651 2674 2675 2652 1847 1870 1871 1848 2652 2675 2676 2653 1848 1871 1872 1849 2653 2676 2677 2654 1849 1872 1873 1850 2654 2677 2678 2655 1850 1873 1874 1851 2655 2678 2679 2656 1851 1874 1875 1852 2656 2679 2680 2657 1852 1875 1876 1853 2657 2680 2681 2658 1853 1876 1877 1854 2658 2681 2682 2659 1854 1877 1878 1855 2659 2682 2683 2660 1855 1878 238 237 2660 2683 539 538 203 204 1879 1856 481 482 2684 2661 1856 1879 1880 1857 2661 2684 2685 2662 1857 1880 1881 1858 2662 2685 2686 2663 1858 1881 1882 1859 2663 2686 2687 2664 1859 1882 1883 1860 2664 2687 2688 2665 1860 1883 1884 1861 2665 2688 2689 2666 1861 1884 1885 1862 2666 2689 2690 2667 1862 1885 1886 1863 2667 2690 2691 2668 1863 1886 1887 1864 2668 2691 2692 2669 1864 1887 1888 1865 2669 2692 2693 2670 1865 1888 1889 1866 2670 2693 2694 2671 1866 1889 1890 1867 2671 2694 2695 2672 1867 1890 1891 1868 2672 2695 2696 2673 1868 1891 1892 1869 2673 2696 2697 2674 1869 1892 1893 1870 2674 2697 2698 2675 1870 1893 1894 1871 2675 2698 2699 2676 1871 1894 1895 1872 2676 2699 2700 2677 1872 1895 1896 1873 2677 2700 2701 2678 1873 1896 1897 1874 2678 2701 2702 2679 1874 1897 1898 1875 2679 2702 2703 2680 1875 1898 1899 1876 2680 2703 2704 2681 1876 1899 1900 1877 2681 2704 2705 2682 1877 1900 1901 1878 2682 2705 2706 2683 1878 1901 239 238 2683 2706 540 539 204 205 1902 1879 482 483 2707 2684 1879 1902 1903 1880 2684 2707 2708 2685 1880 1903 1904 1881 2685 2708 2709 2686 1881 1904 1905 1882 2686 2709 2710 2687 1882 1905 1906 1883 2687 2710 2711 2688 1883 1906 1907 1884 2688 2711 2712 2689 1884 1907 1908 1885 2689 2712 2713 2690 1885 1908 1909 1886 2690 2713 2714 2691 1886 1909 1910 1887 2691 2714 2715 2692 1887 1910 1911 1888 2692 2715 2716 2693 1888 1911 1912 1889 2693 2716 2717 2694 1889 1912 1913 1890 2694 2717 2718 2695 1890 1913 1914 1891 2695 2718 2719 2696 1891 1914 1915 1892 2696 2719 2720 2697 1892 1915 1916 1893 2697 2720 2721 2698 1893 1916 1917 1894 2698 2721 2722 2699 1894 1917 1918 1895 2699 2722 2723 2700 1895 1918 1919 1896 2700 2723 2724 2701 1896 1919 1920 1897 2701 2724 2725 2702 1897 1920 1921 1898 2702 2725 2726 2703 1898 1921 1922 1899 2703 2726 2727 2704 1899 1922 1923 1900 2704 2727 2728 2705 1900 1923 1924 1901 2705 2728 2729 2706 1901 1924 240 239 2706 2729 541 540 205 206 1925 1902 483 484 2730 2707 1902 1925 1926 1903 2707 2730 2731 2708 1903 1926 1927 1904 2708 2731 2732 2709 1904 1927 1928 1905 2709 2732 2733 2710 1905 1928 1929 1906 2710 2733 2734 2711 1906 1929 1930 1907 2711 2734 2735 2712 1907 1930 1931 1908 2712 2735 2736 2713 1908 1931 1932 1909 2713 2736 2737 2714 1909 1932 1933 1910 2714 2737 2738 2715 1910 1933 1934 1911 2715 2738 2739 2716 1911 1934 1935 1912 2716 2739 2740 2717 1912 1935 1936 1913 2717 2740 2741 2718 1913 1936 1937 1914 2718 2741 2742 2719 1914 1937 1938 1915 2719 2742 2743 2720 1915 1938 1939 1916 2720 2743 2744 2721 1916 1939 1940 1917 2721 2744 2745 2722 1917 1940 1941 1918 2722 2745 2746 2723 1918 1941 1942 1919 2723 2746 2747 2724 1919 1942 1943 1920 2724 2747 2748 2725 1920 1943 1944 1921 2725 2748 2749 2726 1921 1944 1945 1922 2726 2749 2750 2727 1922 1945 1946 1923 2727 2750 2751 2728 1923 1946 1947 1924 2728 2751 2752 2729 1924 1947 241 240 2729 2752 542 541 206 207 1948 1925 484 485 2753 2730 1925 1948 1949 1926 2730 2753 2754 2731 1926 1949 1950 1927 2731 2754 2755 2732 1927 1950 1951 1928 2732 2755 2756 2733 1928 1951 1952 1929 2733 2756 2757 2734 1929 1952 1953 1930 2734 2757 2758 2735 1930 1953 1954 1931 2735 2758 2759 2736 1931 1954 1955 1932 2736 2759 2760 2737 1932 1955 1956 1933 2737 2760 2761 2738 1933 1956 1957 1934 2738 2761 2762 2739 1934 1957 1958 1935 2739 2762 2763 2740 1935 1958 1959 1936 2740 2763 2764 2741 1936 1959 1960 1937 2741 2764 2765 2742 1937 1960 1961 1938 2742 2765 2766 2743 1938 1961 1962 1939 2743 2766 2767 2744 1939 1962 1963 1940 2744 2767 2768 2745 1940 1963 1964 1941 2745 2768 2769 2746 1941 1964 1965 1942 2746 2769 2770 2747 1942 1965 1966 1943 2747 2770 2771 2748 1943 1966 1967 1944 2748 2771 2772 2749 1944 1967 1968 1945 2749 2772 2773 2750 1945 1968 1969 1946 2750 2773 2774 2751 1946 1969 1970 1947 2751 2774 2775 2752 1947 1970 242 241 2752 2775 543 542 207 208 1971 1948 485 486 2776 2753 1948 1971 1972 1949 2753 2776 2777 2754 1949 1972 1973 1950 2754 2777 2778 2755 1950 1973 1974 1951 2755 2778 2779 2756 1951 1974 1975 1952 2756 2779 2780 2757 1952 1975 1976 1953 2757 2780 2781 2758 1953 1976 1977 1954 2758 2781 2782 2759 1954 1977 1978 1955 2759 2782 2783 2760 1955 1978 1979 1956 2760 2783 2784 2761 1956 1979 1980 1957 2761 2784 2785 2762 1957 1980 1981 1958 2762 2785 2786 2763 1958 1981 1982 1959 2763 2786 2787 2764 1959 1982 1983 1960 2764 2787 2788 2765 1960 1983 1984 1961 2765 2788 2789 2766 1961 1984 1985 1962 2766 2789 2790 2767 1962 1985 1986 1963 2767 2790 2791 2768 1963 1986 1987 1964 2768 2791 2792 2769 1964 1987 1988 1965 2769 2792 2793 2770 1965 1988 1989 1966 2770 2793 2794 2771 1966 1989 1990 1967 2771 2794 2795 2772 1967 1990 1991 1968 2772 2795 2796 2773 1968 1991 1992 1969 2773 2796 2797 2774 1969 1992 1993 1970 2774 2797 2798 2775 1970 1993 243 242 2775 2798 544 543 208 209 1994 1971 486 487 2799 2776 1971 1994 1995 1972 2776 2799 2800 2777 1972 1995 1996 1973 2777 2800 2801 2778 1973 1996 1997 1974 2778 2801 2802 2779 1974 1997 1998 1975 2779 2802 2803 2780 1975 1998 1999 1976 2780 2803 2804 2781 1976 1999 2000 1977 2781 2804 2805 2782 1977 2000 2001 1978 2782 2805 2806 2783 1978 2001 2002 1979 2783 2806 2807 2784 1979 2002 2003 1980 2784 2807 2808 2785 1980 2003 2004 1981 2785 2808 2809 2786 1981 2004 2005 1982 2786 2809 2810 2787 1982 2005 2006 1983 2787 2810 2811 2788 1983 2006 2007 1984 2788 2811 2812 2789 1984 2007 2008 1985 2789 2812 2813 2790 1985 2008 2009 1986 2790 2813 2814 2791 1986 2009 2010 1987 2791 2814 2815 2792 1987 2010 2011 1988 2792 2815 2816 2793 1988 2011 2012 1989 2793 2816 2817 2794 1989 2012 2013 1990 2794 2817 2818 2795 1990 2013 2014 1991 2795 2818 2819 2796 1991 2014 2015 1992 2796 2819 2820 2797 1992 2015 2016 1993 2797 2820 2821 2798 1993 2016 244 243 2798 2821 545 544 209 210 2017 1994 487 488 2822 2799 1994 2017 2018 1995 2799 2822 2823 2800 1995 2018 2019 1996 2800 2823 2824 2801 1996 2019 2020 1997 2801 2824 2825 2802 1997 2020 2021 1998 2802 2825 2826 2803 1998 2021 2022 1999 2803 2826 2827 2804 1999 2022 2023 2000 2804 2827 2828 2805 2000 2023 2024 2001 2805 2828 2829 2806 2001 2024 2025 2002 2806 2829 2830 2807 2002 2025 2026 2003 2807 2830 2831 2808 2003 2026 2027 2004 2808 2831 2832 2809 2004 2027 2028 2005 2809 2832 2833 2810 2005 2028 2029 2006 2810 2833 2834 2811 2006 2029 2030 2007 2811 2834 2835 2812 2007 2030 2031 2008 2812 2835 2836 2813 2008 2031 2032 2009 2813 2836 2837 2814 2009 2032 2033 2010 2814 2837 2838 2815 2010 2033 2034 2011 2815 2838 2839 2816 2011 2034 2035 2012 2816 2839 2840 2817 2012 2035 2036 2013 2817 2840 2841 2818 2013 2036 2037 2014 2818 2841 2842 2819 2014 2037 2038 2015 2819 2842 2843 2820 2015 2038 2039 2016 2820 2843 2844 2821 2016 2039 245 244 2821 2844 546 545 210 211 2040 2017 488 489 2845 2822 2017 2040 2041 2018 2822 2845 2846 2823 2018 2041 2042 2019 2823 2846 2847 2824 2019 2042 2043 2020 2824 2847 2848 2825 2020 2043 2044 2021 2825 2848 2849 2826 2021 2044 2045 2022 2826 2849 2850 2827 2022 2045 2046 2023 2827 2850 2851 2828 2023 2046 2047 2024 2828 2851 2852 2829 2024 2047 2048 2025 2829 2852 2853 2830 2025 2048 2049 2026 2830 2853 2854 2831 2026 2049 2050 2027 2831 2854 2855 2832 2027 2050 2051 2028 2832 2855 2856 2833 2028 2051 2052 2029 2833 2856 2857 2834 2029 2052 2053 2030 2834 2857 2858 2835 2030 2053 2054 2031 2835 2858 2859 2836 2031 2054 2055 2032 2836 2859 2860 2837 2032 2055 2056 2033 2837 2860 2861 2838 2033 2056 2057 2034 2838 2861 2862 2839 2034 2057 2058 2035 2839 2862 2863 2840 2035 2058 2059 2036 2840 2863 2864 2841 2036 2059 2060 2037 2841 2864 2865 2842 2037 2060 2061 2038 2842 2865 2866 2843 2038 2061 2062 2039 2843 2866 2867 2844 2039 2062 246 245 2844 2867 547 546 211 212 2063 2040 489 490 2868 2845 2040 2063 2064 2041 2845 2868 2869 2846 2041 2064 2065 2042 2846 2869 2870 2847 2042 2065 2066 2043 2847 2870 2871 2848 2043 2066 2067 2044 2848 2871 2872 2849 2044 2067 2068 2045 2849 2872 2873 2850 2045 2068 2069 2046 2850 2873 2874 2851 2046 2069 2070 2047 2851 2874 2875 2852 2047 2070 2071 2048 2852 2875 2876 2853 2048 2071 2072 2049 2853 2876 2877 2854 2049 2072 2073 2050 2854 2877 2878 2855 2050 2073 2074 2051 2855 2878 2879 2856 2051 2074 2075 2052 2856 2879 2880 2857 2052 2075 2076 2053 2857 2880 2881 2858 2053 2076 2077 2054 2858 2881 2882 2859 2054 2077 2078 2055 2859 2882 2883 2860 2055 2078 2079 2056 2860 2883 2884 2861 2056 2079 2080 2057 2861 2884 2885 2862 2057 2080 2081 2058 2862 2885 2886 2863 2058 2081 2082 2059 2863 2886 2887 2864 2059 2082 2083 2060 2864 2887 2888 2865 2060 2083 2084 2061 2865 2888 2889 2866 2061 2084 2085 2062 2866 2889 2890 2867 2062 2085 247 246 2867 2890 548 547 212 213 2086 2063 490 491 2891 2868 2063 2086 2087 2064 2868 2891 2892 2869 2064 2087 2088 2065 2869 2892 2893 2870 2065 2088 2089 2066 2870 2893 2894 2871 2066 2089 2090 2067 2871 2894 2895 2872 2067 2090 2091 2068 2872 2895 2896 2873 2068 2091 2092 2069 2873 2896 2897 2874 2069 2092 2093 2070 2874 2897 2898 2875 2070 2093 2094 2071 2875 2898 2899 2876 2071 2094 2095 2072 2876 2899 2900 2877 2072 2095 2096 2073 2877 2900 2901 2878 2073 2096 2097 2074 2878 2901 2902 2879 2074 2097 2098 2075 2879 2902 2903 2880 2075 2098 2099 2076 2880 2903 2904 2881 2076 2099 2100 2077 2881 2904 2905 2882 2077 2100 2101 2078 2882 2905 2906 2883 2078 2101 2102 2079 2883 2906 2907 2884 2079 2102 2103 2080 2884 2907 2908 2885 2080 2103 2104 2081 2885 2908 2909 2886 2081 2104 2105 2082 2886 2909 2910 2887 2082 2105 2106 2083 2887 2910 2911 2888 2083 2106 2107 2084 2888 2911 2912 2889 2084 2107 2108 2085 2889 2912 2913 2890 2085 2108 248 247 2890 2913 549 548 213 9 330 2086 491 25 492 2891 2086 330 331 2087 2891 492 493 2892 2087 331 332 2088 2892 493 494 2893 2088 332 333 2089 2893 494 495 2894 2089 333 334 2090 2894 495 496 2895 2090 334 335 2091 2895 496 497 2896 2091 335 336 2092 2896 497 498 2897 2092 336 337 2093 2897 498 499 2898 2093 337 338 2094 2898 499 500 2899 2094 338 339 2095 2899 500 501 2900 2095 339 340 2096 2900 501 502 2901 2096 340 341 2097 2901 502 503 2902 2097 341 342 2098 2902 503 504 2903 2098 342 343 2099 2903 504 505 2904 2099 343 344 2100 2904 505 506 2905 2100 344 345 2101 2905 506 507 2906 2101 345 346 2102 2906 507 508 2907 2102 346 347 2103 2907 508 509 2908 2103 347 348 2104 2908 509 510 2909 2104 348 349 2105 2909 510 511 2910 2105 349 350 2106 2910 511 512 2911 2106 350 351 2107 2911 512 513 2912 2107 351 352 2108 2912 513 514 2913 2108 352 10 248 2913 514 26 549 6 214 249 7 20 515 550 22 214 215 250 249 515 516 551 550 215 216 251 250 516 517 552 551 216 217 252 251 517 518 553 552 217 218 253 252 518 519 554 553 218 219 254 253 519 520 555 554 219 220 255 254 520 521 556 555 220 221 256 255 521 522 557 556 221 222 257 256 522 523 558 557 222 223 258 257 523 524 559 558 223 224 259 258 524 525 560 559 224 225 260 259 525 526 561 560 225 226 261 260 526 527 562 561 226 227 262 261 527 528 563 562 227 228 263 262 528 529 564 563 228 229 264 263 529 530 565 564 229 230 265 264 530 531 566 565 230 231 266 265 531 532 567 566 231 232 267 266 532 533 568 567 232 233 268 267 533 534 569 568 233 234 269 268 534 535 570 569 234 235 270 269 535 536 571 570 235 236 271 270 536 537 572 571 236 237 272 271 537 538 573 572 237 238 273 272 538 539 574 573 238 239 274 273 539 540 575 574 239 240 275 274 540 541 576 575 240 241 276 275 541 542 577 576 241 242 277 276 542 543 578 577 242 243 278 277 543 544 579 578 243 244 279 278 544 545 580 579 244 245 280 279 545 546 581 580 245 246 281 280 546 547 582 581 246 247 282 281 547 548 583 582 247 248 283 282 548 549 584 583 248 10 11 283 549 26 27 584 8 12 13 9 24 28 29 25 9 13 353 330 25 29 585 492 330 353 354 331 492 585 586 493 331 354 355 332 493 586 587 494 332 355 356 333 494 587 588 495 333 356 357 334 495 588 589 496 334 357 358 335 496 589 590 497 335 358 359 336 497 590 591 498 336 359 360 337 498 591 592 499 337 360 361 338 499 592 593 500 338 361 362 339 500 593 594 501 339 362 363 340 501 594 595 502 340 363 364 341 502 595 596 503 341 364 365 342 503 596 597 504 342 365 366 343 504 597 598 505 343 366 367 344 505 598 599 506 344 367 368 345 506 599 600 507 345 368 369 346 507 600 601 508 346 369 370 347 508 601 602 509 347 370 371 348 509 602 603 510 348 371 372 349 510 603 604 511 349 372 373 350 511 604 605 512 350 373 374 351 512 605 606 513 351 374 375 352 513 606 607 514 352 375 14 10 514 607 30 26 10 14 15 11 26 30 31 27 16 17 18 19 32 33 34 35 19 18 376 399 35 34 608 631 399 376 377 400 631 608 609 632 400 377 378 401 632 609 610 633 401 378 379 402 633 610 611 634 402 379 380 403 634 611 612 635 403 380 381 404 635 612 613 636 404 381 382 405 636 613 614 637 405 382 383 406 637 614 615 638 406 383 384 407 638 615 616 639 407 384 385 408 639 616 617 640 408 385 386 409 640 617 618 641 409 386 387 410 641 618 619 642 410 387 388 411 642 619 620 643 411 388 389 412 643 620 621 644 412 389 390 413 644 621 622 645 413 390 391 414 645 622 623 646 414 391 392 415 646 623 624 647 415 392 393 416 647 624 625 648 416 393 394 417 648 625 626 649 417 394 395 418 649 626 627 650 418 395 396 419 650 627 628 651 419 396 397 420 651 628 629 652 420 397 398 421 652 629 630 653 421 398 20 21 653 630 36 37 21 20 22 23 37 36 38 39 17 422 457 18 33 654 689 34 422 423 458 457 654 655 690 689 423 424 459 458 655 656 691 690 424 425 460 459 656 657 692 691 425 426 461 460 657 658 693 692 426 427 462 461 658 659 694 693 427 428 463 462 659 660 695 694 428 429 464 463 660 661 696 695 429 430 465 464 661 662 697 696 430 431 466 465 662 663 698 697 431 432 467 466 663 664 699 698 432 433 468 467 664 665 700 699 433 434 469 468 665 666 701 700 434 435 470 469 666 667 702 701 435 436 471 470 667 668 703 702 436 437 472 471 668 669 704 703 437 438 473 472 669 670 705 704 438 439 474 473 670 671 706 705 439 440 475 474 671 672 707 706 440 441 476 475 672 673 708 707 441 442 477 476 673 674 709 708 442 443 478 477 674 675 710 709 443 444 479 478 675 676 711 710 444 445 480 479 676 677 712 711 445 446 481 480 677 678 713 712 446 447 482 481 678 679 714 713 447 448 483 482 679 680 715 714 448 449 484 483 680 681 716 715 449 450 485 484 681 682 717 716 450 451 486 485 682 683 718 717 451 452 487 486 683 684 719 718 452 453 488 487 684 685 720 719 453 454 489 488 685 686 721 720 454 455 490 489 686 687 722 721 455 456 491 490 687 688 723 722 456 24 25 491 688 40 41 723 20 515 550 22 36 724 759 38 515 516 551 550 724 725 760 759 516 517 552 551 725 726 761 760 517 518 553 552 726 727 762 761 518 519 554 553 727 728 763 762 519 520 555 554 728 729 764 763 520 521 556 555 729 730 765 764 521 522 557 556 730 731 766 765 522 523 558 557 731 732 767 766 523 524 559 558 732 733 768 767 524 525 560 559 733 734 769 768 525 526 561 560 734 735 770 769 526 527 562 561 735 736 771 770 527 528 563 562 736 737 772 771 528 529 564 563 737 738 773 772 529 530 565 564 738 739 774 773 530 531 566 565 739 740 775 774 531 532 567 566 740 741 776 775 532 533 568 567 741 742 777 776 533 534 569 568 742 743 778 777 534 535 570 569 743 744 779 778 535 536 571 570 744 745 780 779 536 537 572 571 745 746 781 780 537 538 573 572 746 747 782 781 538 539 574 573 747 748 783 782 539 540 575 574 748 749 784 783 540 541 576 575 749 750 785 784 541 542 577 576 750 751 786 785 542 543 578 577 751 752 787 786 543 544 579 578 752 753 788 787 544 545 580 579 753 754 789 788 545 546 581 580 754 755 790 789 546 547 582 581 755 756 791 790 547 548 583 582 756 757 792 791 548 549 584 583 757 758 793 792 549 26 27 584 758 42 43 793 24 28 29 25 40 44 45 41 25 29 585 492 41 45 794 817 492 585 586 493 817 794 795 818 493 586 587 494 818 795 796 819 494 587 588 495 819 796 797 820 495 588 589 496 820 797 798 821 496 589 590 497 821 798 799 822 497 590 591 498 822 799 800 823 498 591 592 499 823 800 801 824 499 592 593 500 824 801 802 825 500 593 594 501 825 802 803 826 501 594 595 502 826 803 804 827 502 595 596 503 827 804 805 828 503 596 597 504 828 805 806 829 504 597 598 505 829 806 807 830 505 598 599 506 830 807 808 831 506 599 600 507 831 808 809 832 507 600 601 508 832 809 810 833 508 601 602 509 833 810 811 834 509 602 603 510 834 811 812 835 510 603 604 511 835 812 813 836 511 604 605 512 836 813 814 837 512 605 606 513 837 814 815 838 513 606 607 514 838 815 816 839 514 607 30 26 839 816 46 42 26 30 31 27 42 46 47 43 32 33 34 35 48 49 50 51 35 34 608 631 51 50 840 863 631 608 609 632 863 840 841 864 632 609 610 633 864 841 842 865 633 610 611 634 865 842 843 866 634 611 612 635 866 843 844 867 635 612 613 636 867 844 845 868 636 613 614 637 868 845 846 869 637 614 615 638 869 846 847 870 638 615 616 639 870 847 848 871 639 616 617 640 871 848 849 872 640 617 618 641 872 849 850 873 641 618 619 642 873 850 851 874 642 619 620 643 874 851 852 875 643 620 621 644 875 852 853 876 644 621 622 645 876 853 854 877 645 622 623 646 877 854 855 878 646 623 624 647 878 855 856 879 647 624 625 648 879 856 857 880 648 625 626 649 880 857 858 881 649 626 627 650 881 858 859 882 650 627 628 651 882 859 860 883 651 628 629 652 883 860 861 884 652 629 630 653 884 861 862 885 653 630 36 37 885 862 52 53 37 36 38 39 53 52 54 55 33 654 689 34 49 886 921 50 654 655 690 689 886 887 922 921 655 656 691 690 887 888 923 922 656 657 692 691 888 889 924 923 657 658 693 692 889 890 925 924 658 659 694 693 890 891 926 925 659 660 695 694 891 892 927 926 660 661 696 695 892 893 928 927 661 662 697 696 893 894 929 928 662 663 698 697 894 895 930 929 663 664 699 698 895 896 931 930 664 665 700 699 896 897 932 931 665 666 701 700 897 898 933 932 666 667 702 701 898 899 934 933 667 668 703 702 899 900 935 934 668 669 704 703 900 901 936 935 669 670 705 704 901 902 937 936 670 671 706 705 902 903 938 937 671 672 707 706 903 904 939 938 672 673 708 707 904 905 940 939 673 674 709 708 905 906 941 940 674 675 710 709 906 907 942 941 675 676 711 710 907 908 943 942 676 677 712 711 908 909 944 943 677 678 713 712 909 910 945 944 678 679 714 713 910 911 946 945 679 680 715 714 911 912 947 946 680 681 716 715 912 913 948 947 681 682 717 716 913 914 949 948 682 683 718 717 914 915 950 949 683 684 719 718 915 916 951 950 684 685 720 719 916 917 952 951 685 686 721 720 917 918 953 952 686 687 722 721 918 919 954 953 687 688 723 722 919 920 955 954 688 40 41 723 920 56 57 955 36 724 759 38 52 956 991 54 724 725 760 759 956 957 992 991 725 726 761 760 957 958 993 992 726 727 762 761 958 959 994 993 727 728 763 762 959 960 995 994 728 729 764 763 960 961 996 995 729 730 765 764 961 962 997 996 730 731 766 765 962 963 998 997 731 732 767 766 963 964 999 998 732 733 768 767 964 965 1000 999 733 734 769 768 965 966 1001 1000 734 735 770 769 966 967 1002 1001 735 736 771 770 967 968 1003 1002 736 737 772 771 968 969 1004 1003 737 738 773 772 969 970 1005 1004 738 739 774 773 970 971 1006 1005 739 740 775 774 971 972 1007 1006 740 741 776 775 972 973 1008 1007 741 742 777 776 973 974 1009 1008 742 743 778 777 974 975 1010 1009 743 744 779 778 975 976 1011 1010 744 745 780 779 976 977 1012 1011 745 746 781 780 977 978 1013 1012 746 747 782 781 978 979 1014 1013 747 748 783 782 979 980 1015 1014 748 749 784 783 980 981 1016 1015 749 750 785 784 981 982 1017 1016 750 751 786 785 982 983 1018 1017 751 752 787 786 983 984 1019 1018 752 753 788 787 984 985 1020 1019 753 754 789 788 985 986 1021 1020 754 755 790 789 986 987 1022 1021 755 756 791 790 987 988 1023 1022 756 757 792 791 988 989 1024 1023 757 758 793 792 989 990 1025 1024 758 42 43 793 990 58 59 1025 40 44 45 41 56 60 61 57 41 45 794 817 57 61 1026 1049 817 794 795 818 1049 1026 1027 1050 818 795 796 819 1050 1027 1028 1051 819 796 797 820 1051 1028 1029 1052 820 797 798 821 1052 1029 1030 1053 821 798 799 822 1053 1030 1031 1054 822 799 800 823 1054 1031 1032 1055 823 800 801 824 1055 1032 1033 1056 824 801 802 825 1056 1033 1034 1057 825 802 803 826 1057 1034 1035 1058 826 803 804 827 1058 1035 1036 1059 827 804 805 828 1059 1036 1037 1060 828 805 806 829 1060 1037 1038 1061 829 806 807 830 1061 1038 1039 1062 830 807 808 831 1062 1039 1040 1063 831 808 809 832 1063 1040 1041 1064 832 809 810 833 1064 1041 1042 1065 833 810 811 834 1065 1042 1043 1066 834 811 812 835 1066 1043 1044 1067 835 812 813 836 1067 1044 1045 1068 836 813 814 837 1068 1045 1046 1069 837 814 815 838 1069 1046 1047 1070 838 815 816 839 1070 1047 1048 1071 839 816 46 42 1071 1048 62 58 42 46 47 43 58 62 63 59 33 34 50 49 64 66 67 65 50 34 35 51 71 70 68 69 50 34 35 51 75 74 72 73 34 608 840 50 76 1072 1095 77 608 609 841 840 1072 1073 1096 1095 609 610 842 841 1073 1074 1097 1096 610 611 843 842 1074 1075 1098 1097 611 612 844 843 1075 1076 1099 1098 612 613 845 844 1076 1077 1100 1099 613 614 846 845 1077 1078 1101 1100 614 615 847 846 1078 1079 1102 1101 615 616 848 847 1079 1080 1103 1102 616 617 849 848 1080 1081 1104 1103 617 618 850 849 1081 1082 1105 1104 618 619 851 850 1082 1083 1106 1105 619 620 852 851 1083 1084 1107 1106 620 621 853 852 1084 1085 1108 1107 621 622 854 853 1085 1086 1109 1108 622 623 855 854 1086 1087 1110 1109 623 624 856 855 1087 1088 1111 1110 624 625 857 856 1088 1089 1112 1111 625 626 858 857 1089 1090 1113 1112 626 627 859 858 1090 1091 1114 1113 627 628 860 859 1091 1092 1115 1114 628 629 861 860 1092 1093 1116 1115 629 630 862 861 1093 1094 1117 1116 630 36 52 862 1094 78 79 1117 37 36 52 53 80 82 83 81 37 36 52 53 84 86 87 85 36 38 54 52 88 90 91 89 57 41 40 56 95 94 92 93 921 689 34 50 1153 1118 96 97 922 690 689 921 1154 1119 1118 1153 923 691 690 922 1155 1120 1119 1154 924 692 691 923 1156 1121 1120 1155 925 693 692 924 1157 1122 1121 1156 926 694 693 925 1158 1123 1122 1157 927 695 694 926 1159 1124 1123 1158 928 696 695 927 1160 1125 1124 1159 929 697 696 928 1161 1126 1125 1160 930 698 697 929 1162 1127 1126 1161 931 699 698 930 1163 1128 1127 1162 932 700 699 931 1164 1129 1128 1163 933 701 700 932 1165 1130 1129 1164 934 702 701 933 1166 1131 1130 1165 935 703 702 934 1167 1132 1131 1166 936 704 703 935 1168 1133 1132 1167 937 705 704 936 1169 1134 1133 1168 938 706 705 937 1170 1135 1134 1169 939 707 706 938 1171 1136 1135 1170 940 708 707 939 1172 1137 1136 1171 941 709 708 940 1173 1138 1137 1172 942 710 709 941 1174 1139 1138 1173 943 711 710 942 1175 1140 1139 1174 944 712 711 943 1176 1141 1140 1175 945 713 712 944 1177 1142 1141 1176 946 714 713 945 1178 1143 1142 1177 947 715 714 946 1179 1144 1143 1178 948 716 715 947 1180 1145 1144 1179 949 717 716 948 1181 1146 1145 1180 950 718 717 949 1182 1147 1146 1181 951 719 718 950 1183 1148 1147 1182 952 720 719 951 1184 1149 1148 1183 953 721 720 952 1185 1150 1149 1184 954 722 721 953 1186 1151 1150 1185 955 723 722 954 1187 1152 1151 1186 57 41 723 955 99 98 1152 1187 33 34 50 49 100 102 103 101 36 724 956 52 104 1188 1223 105 724 725 957 956 1188 1189 1224 1223 725 726 958 957 1189 1190 1225 1224 726 727 959 958 1190 1191 1226 1225 727 728 960 959 1191 1192 1227 1226 728 729 961 960 1192 1193 1228 1227 729 730 962 961 1193 1194 1229 1228 730 731 963 962 1194 1195 1230 1229 731 732 964 963 1195 1196 1231 1230 732 733 965 964 1196 1197 1232 1231 733 734 966 965 1197 1198 1233 1232 734 735 967 966 1198 1199 1234 1233 735 736 968 967 1199 1200 1235 1234 736 737 969 968 1200 1201 1236 1235 737 738 970 969 1201 1202 1237 1236 738 739 971 970 1202 1203 1238 1237 739 740 972 971 1203 1204 1239 1238 740 741 973 972 1204 1205 1240 1239 741 742 974 973 1205 1206 1241 1240 742 743 975 974 1206 1207 1242 1241 743 744 976 975 1207 1208 1243 1242 744 745 977 976 1208 1209 1244 1243 745 746 978 977 1209 1210 1245 1244 746 747 979 978 1210 1211 1246 1245 747 748 980 979 1211 1212 1247 1246 748 749 981 980 1212 1213 1248 1247 749 750 982 981 1213 1214 1249 1248 750 751 983 982 1214 1215 1250 1249 751 752 984 983 1215 1216 1251 1250 752 753 985 984 1216 1217 1252 1251 753 754 986 985 1217 1218 1253 1252 754 755 987 986 1218 1219 1254 1253 755 756 988 987 1219 1220 1255 1254 756 757 989 988 1220 1221 1256 1255 757 758 990 989 1221 1222 1257 1256 758 42 58 990 1222 106 107 1257 59 43 42 58 111 110 108 109 36 38 54 52 112 114 115 113 61 45 41 57 119 118 116 117 57 41 40 56 123 122 120 121 61 45 41 57 127 126 124 125 42 46 62 58 128 130 131 129 1049 817 41 57 1281 1258 132 133 1050 818 817 1049 1282 1259 1258 1281 1051 819 818 1050 1283 1260 1259 1282 1052 820 819 1051 1284 1261 1260 1283 1053 821 820 1052 1285 1262 1261 1284 1054 822 821 1053 1286 1263 1262 1285 1055 823 822 1054 1287 1264 1263 1286 1056 824 823 1055 1288 1265 1264 1287 1057 825 824 1056 1289 1266 1265 1288 1058 826 825 1057 1290 1267 1266 1289 1059 827 826 1058 1291 1268 1267 1290 1060 828 827 1059 1292 1269 1268 1291 1061 829 828 1060 1293 1270 1269 1292 1062 830 829 1061 1294 1271 1270 1293 1063 831 830 1062 1295 1272 1271 1294 1064 832 831 1063 1296 1273 1272 1295 1065 833 832 1064 1297 1274 1273 1296 1066 834 833 1065 1298 1275 1274 1297 1067 835 834 1066 1299 1276 1275 1298 1068 836 835 1067 1300 1277 1276 1299 1069 837 836 1068 1301 1278 1277 1300 1070 838 837 1069 1302 1279 1278 1301 1071 839 838 1070 1303 1280 1279 1302 58 42 839 1071 135 134 1280 1303 42 46 62 58 136 138 139 137 59 43 42 58 143 142 140 141</DataArray>
        <DataArray type="Int64" Name="offsets" NumberOfComponents="1" format="ascii">0 8 16 24 32 40 48 56 64 72 80 88 96 104 112 120 128 136 144 152 160 168 176 184 192 200 208 216 224 232 240 248 256 264 272 280 288 296 304 312 320 328 336 344 352 360 368 376 384 392 400 408 416 424 432 440 448 456 464 472 480 488 496 504 512 520 528 536 544 552 560 568 576 584 592 600 608 616 624 632 640 648 656 664 672 680 688 696 704 712 720 728 736 744 752 760 768 776 784 792 800 808 816 824 832 840 848 856 864 872 880 888 896 904 912 920 928 936 944 952 960 968 976 984 992 1000 1008 1016 1024 1032 1040 1048 1056 1064 1072 1080 1088 1096 1104 1112 1120 1128 1136 1144 1152 1160 1168 1176 1184 1192 1200 1208 1216 1224 1232 1240 1248 1256 1264 1272 1280 1288 1296 1304 1312 1320 1328 1336 1344 1352 1360 1368 1376 1384 1392 1400 1408 1416 1424 1432 1440 1448 1456 1464 1472 1480 1488 1496 1504 1512 1520 1528 1536 1544 1552 1560 1568 1576 1584 1592 1600 1608 1616 1624 1632 1640 1648 1656 1664 1672 1680 1688 1696 1704 1712 1720 1728 1736 1744 1752 1760 1768 1776 1784 1792 1800 1808 1816 1824 1832 1840 1848 1856 1864 1872 1880 1888 1896 1904 1912 1920 1928 1936 1944 1952 1960 1968 1976 1984 1992 2000 2008 2016 2024 2032 2040 2048 2056 2064 2072 2080 2088 2096 2104 2112 2120 2128 2136 2144 2152 2160 2168 2176 2184 2192 2200 2208 2216 2224 2232 2240 2248 2256 2264 2272 2280 2288 2296 2304 2312 2320 2328 2336 2344 2352 2360 2368 2376 2384 2392 2400 2408 2416 2424 2432 2440 2448 2456 2464 2472 2480 2488 2496 2504 2512 2520 2528 2536 2544 2552 2560 2568 2576 2584 2592 2600 2608 2616 2624 2632 2640 2648 2656 2664 2672 2680 2688 2696 2704 2712 2720 2728 2736 2744 2752 2760 2768 2776 2784 2792 2800 2808 2816 2824 2832 2840 2848 2856 2864 2872 2880 2888 2896 2904 2912 2920 2928 2936 2944 2952 2960 2968 2976 2984 2992 3000 3008 3016 3024 3032 3040 3048 3056 3064 3072 3080 3088 3096 3104 3112 3120 3128 3136 3144 3152 3160 3168 3176 3184 3192 3200 3208 3216 3224 3232 3240 3248 3256 3264 3272 3280 3288 3296 3304 3312 3320 3328 3336 3344 3352 3360 3368 3376 3384 3392 3400 3408 3416 3424 3432 3440 3448 3456 3464 3472 3480 3488 3496 3504 3512 3520 3528 3536 3544 3552 3560 3568 3576 3584 3592 3600 3608 3616 3624 3632 3640 3648 3656 3664 3672 3680 3688 3696 3704 3712 3720 3728 3736 3744 3752 3760 3768 3776 3784 3792 3800 3808 3816 3824 3832 3840 3848 3856 3864 3872 3880 3888 3896 3904 3912 3920 3928 3936 3944 3952 3960 3968 3976 3984 3992 4000 4008 4016 4024 4032 4040 4048 4056 4064 4072 4080 4088 4096 4104 4112 4120 4128 4136 4144 4152 4160 4168 4176 4184 4192 4200 4208 4216 4224 4232 4240 4248 4256 4264 4272 4280 4288 4296 4304 4312 4320 4328 4336 4344 4352 4360 4368 4376 4384 4392 4400 4408 4416 4424 4432 4440 4448 4456 4464 4472 4480 4488 4496 4504 4512 4520 4528 4536 4544 4552 4560 4568 4576 4584 4592 4600 4608 4616 4624 4632 4640 4648 4656 4664 4672 4680 4688 4696 4704 4712 4720 4728 4736 4744 4752 4760 4768 4776 4784 4792 4800 4808 4816 4824 4832 4840 4848 4856 4864 4872 4880 4888 4896 4904 4912 4920 4928 4936 4944 4952 4960 4968 4976 4984 4992 5000 5008 5016 5024 5032 5040 5048 5056 5064 5072 5080 5088 5096 5104 5112 5120 5128 5136 5144 5152 5160 5168 5176 5184 5192 5200 5208 5216 5224 5232 5240 5248 5256 5264 5272 5280 5288 5296 5304 5312 5320 5328 5336 5344 5352 5360 5368 5376 5384 5392 5400 5408 5416 5424 5432 5440 5448 5456 5464 5472 5480 5488 5496 5504 5512 5520 5528 5536 5544 5552 5560 5568 5576 5584 5592 5600 5608 5616 5624 5632 5640 5648 5656 5664 5672 5680 5688 5696 5704 5712 5720 5728 5736 5744 5752 5760 5768 5776 5784 5792 5800 5808 5816 5824 5832 5840 5848 5856 5864 5872 5880 5888 5896 5904 5912 5920 5928 5936 5944 5952 5960 5968 5976 5984 5992 6000 6008 6016 6024 6032 6040 6048 6056 6064 6072 6080 6088 6096 6104 6112 6120 6128 6136 6144 6152 6160 6168 6176 6184 6192 6200 6208 6216 6224 6232 6240 6248 6256 6264 6272 6280 6288 6296 6304 6312 6320 6328 6336 6344 6352 6360 6368 6376 6384 6392 6400 6408 6416 6424 6432 6440 6448 6456 6464 6472 6480 6488 6496 6504 6512 6520 6528 6536 6544 6552 6560 6568 6576 6584 6592 6600 6608 6616 6624 6632 6640 6648 6656 6664 6672 6680 6688 6696 6704 6712 6720 6728 6736 6744 6752 6760 6768 6776 6784 6792 6800 6808 6816 6824 6832 6840 6848 6856 6864 6872 6880 6888 6896 6904 6912 6920 6928 6936 6944 6952 6960 6968 6976 6984 6992 7000 7008 7016 7024 7032 7040 7048 7056 7064 7072 7080 7088 7096 7104 7112 7120 7128 7136 7144 7152 7160 7168 7176 7184 7192 7200 7208 7216 7224 7232 7240 7248 7256 7264 7272 7280 7288 7296 7304 7312 7320 7328 7336 7344 7352 7360 7368 7376 7384 7392 7400 7408 7416 7424 7432 7440 7448 7456 7464 7472 7480 7488 7496 7504 7512 7520 7528 7536 7544 7552 7560 7568 7576 7584 7592 7600 7608 7616 7624 7632 7640 7648 7656 7664 7672 7680 7688 7696 7704 7712 7720 7728 7736 7744 7752 7760 7768 7776 7784 7792 7800 7808 7816 7824 7832 7840 7848 7856 7864 7872 7880 7888 7896 7904 7912 7920 7928 7936 7944 7952 7960 7968 7976 7984 7992 8000 8008 8016 8024 8032 8040 8048 8056 8064 8072 8080 8088 8096 8104 8112 8120 8128 8136 8144 8152 8160 8168 8176 8184 8192 8200 8208 8216 8224 8232 8240 8248 8256 8264 8272 8280 8288 8296 8304 8312 8320 8328 8336 8344 8352 8360 8368 8376 8384 8392 8400 8408 8416 8424 8432 8440 8448 8456 8464 8472 8480 8488 8496 8504 8512 8520 8528 8536 8544 8552 8560 8568 8576 8584 8592 8600 8608 8616 8624 8632 8640 8648 8656 8664 8672 8680 8688 8696 8704 8712 8720 8728 8736 8744 8752 8760 8768 8776 8784 8792 8800 8808 8816 8824 8832 8840 8848 8856 8864 8872 8880 8888 8896 8904 8912 8920 8928 8936 8944 8952 8960 8968 8976 8984 8992 9000 9008 9016 9024 9032 9040 9048 9056 9064 9072 9080 9088 9096 9104 9112 9120 9128 9136 9144 9152 9160 9168 9176 9184 9192 9200 9208 9216 9224 9232 9240 9248 9256 9264 9272 9280 9288 9296 9304 9312 9320 9328 9336 9344 9352 9360 9368 9376 9384 9392 9400 9408 9416 9424 9432 9440 9448 9456 9464 9472 9480 9488 9496 9504 9512 9520 9528 9536 9544 9552 9560 9568 9576 9584 9592 9600 9608 9616 9624 9632 9640 9648 9656 9664 9672 9680 9688 9696 9704 9712 9720 9728 9736 9744 9752 9760 9768 9776 9784 9792 9800 9808 9816 9824 9832 9840 9848 9856 9864 9872 9880 9888 9896 9904 9912 9920 9928 9936 9944 9952 9960 9968 9976 9984 9992 10000 10008 10016 10024 10032 10040 10048 10056 10064 10072 10080 10088 10096 10104 10112 10120 10128 10136 10144 10152 10160 10168 10176 10184 10192 10200 10208 10216 10224 10232 10240 10248 10256 10264 10272 10280 10288 10296 10304 10312 10320 10328 10336 10344 10352 10360 10368 10376 10384 10392 10400 10408 10416 10424 10432 10440 10448 10456 10464 10472 10480 10488 10496 10504 10512 10520 10528 10536 10544 10552 10560 10568 10576 10584 10592 10600 10608 10616 10624 10632 10640 10648 10656 10664 10672 10680 10688 10696 10704 10712 10720 10728 10736 10744 10752 10760 10768 10776 10784 10792 10800 10808 10816 10824 10832 10840 10848 10856 10864 10872 10880 10888 10896 10904 10912 10920 10928 10936 10944 10952 10960 10968 10976</DataArray>
        <DataArray type="UInt8" Name="types" NumberOfComponents="1" format="ascii">12 12 12 12 12 12 12 12 12 12 12 12 12 12 12 12 12 12 12 12 12 12 12 12 12 12 12 12 12 12 12 12 12 12 12 12 12 12 12 12 12 12 12 12 12 12 12 12 12 12 12 12 12 12 12 12 12 12 12 12 12 12 12 12 12 12 12 12 12 12 12 12 12 12 12 12 12 12 12 12 12 12 12 12 12 12 12 12 12 12 12 12 12 12 12 12 12 12 12 12 12 12 12 12 12 12 12 12 12 12 12 12 12 12 12 12 12 12 12 12 12 12 12 12 12 12 12 12 12 12 12 12 12 12 12 12 12 12 12 12 12 12 12 12 12 12 12 12 12 12 12 12 12 12 12 12 12 12 12 12 12 12 12 12 12 12 12 12 12 12 12 12 12 12 12 12 12 12 12 12 12 12 12 12 12 12 12 12 12 12 12 12 12 12 12 12 12 12 12 12 12 12 12 12 12 12 12 12 12 12 12 12 12 12 12 12 12 12 12 12 12 12 12 12 12 12 12 12 12 12 12 12 12 12 12 12 12 12 12 12 12 12 12 12 12 12 12 12 12 12 12 12 12 12 12 12 12 12 12 12 12 12 12 12 12 12 12 12 12 12 12 12 12 12 12 12 12 12 12 12 12 12 12 12 12 12 12 12 12 12 12 12 12 12 12 12 12 12 12 12 12 12 12 12 12 12 12 12 12 12 12 12 12 12 12 12 12 12 12 12 12 12 12 12 12 12 12 12 12 12 12 12 12 12 12 12 12 12 12 12 12 12 12 12 12 12 12 12 12 12 12 12 12 12 12 12 12 12 12 12 12 12 12 12 12 12 12 12 12 12 12 12 12 12 12 12 12 12 12 12 12 12 12 12 12 12 12 12 12 12 12 12 12 12 12 12 12 12 12 12 12 12 12 12 12 12 12 12 12 12 12 12 12 12 12 12 12 12 12 12 12 12 12 12 12 12 12 12 12 12 12 12 12 12 12 12 12 12 12 12 12 12 12 12 12 12 12 12 12 12 12 12 12 12 12 12 12 12 12 12 12 12 12 12 12 12 12 12 12 12 12 12 12 12 12 12 12 12 12 12 12 12 12 12 12 12 12 12 12 12 12 12 12 12 12 12 12 12 12 12 12 12 12 12 12 12 12 12 12 12 12 12 12 12 12 12 12 12 12 12 12 12 12 12 12 12 12 12 12 12 12 12 12 12 12 12 12 12 12 12 12 12 12 12 12 12 12 12 12 12 12 12 12 12 12 12 12 12 12 12 12 12 12 12 12 12 12 12 12 12 12 12 12 12 12 12 12 12 12 12 12 12 12 12 12 12 12 12 12 12 12 12 12 12 12 12 12 12 12 12 12 12 12 12 12 12 12 12 12 12 12 12 12 12 12 12 12 12 12 12 12 12 12 12 12 12 12 12 12 12 12 12 12 12 12 12 12 12 12 12 12 12 12 12 12 12 12 12 12 12 12 12 12 12 12 12 12 12 12 12 12 12 12 12 12 12 12 12 12 12 12 12 12 12 12 12 12 12 12 12 12 12 12 12 12 12 12 12 12 12 12 12 12 12 12 12 12 12 12 12 12 12 12 12 12 12 12 12 12 12 12 12 12 12 12 12 12 12 12 12 12 12 12 12 12 12 12 12 12 12 12 12 12 12 12 12 12 12 12 12 12 12 12 12 12 12 12 12 12 12 12 12 12 12 12 12 12 12 12 12 12 12 12 12 12 12 12 12 12 12 12 12 12 12 12 12 12 12 12 12 12 12 12 12 12 12 12 12 12 12 12 12 12 12 12 12 12 12 12 12 12 12 12 12 12 12 12 12 12 12 12 12 12 12 12 12 12 12 12 12 12 12 12 12 12 12 12 12 12 12 12 12 12 12 12 12 12 12 12 12 12 12 12 12 12 12 12 12 12 12 12 12 12 12 12 12 12 12 12 12 12 12 12 12 12 12 12 12 12 12 12 12 12 12 12 12 12 12 12 12 12 12 12 12 12 12 12 12 12 12 12 12 12 12 12 12 12 12 12 12 12 12 12 12 12 12 12 12 12 12 12 12 12 12 12 12 12 12 12 12 12 12 12 12 12 12 12 12 12 12 12 12 12 12 12 12 12 12 12 12 12 12 12 12 12 12 12 12 12 12 12 12 12 12 12 12 12 12 12 12 12 12 12 12 12 12 12 12 12 12 12 12 12 12 12 12 12 12 12 12 12 12 12 12 12 12 12 12 12 12 12 12 12 12 12 12 12 12 12 12 12 12 12 12 12 12 12 12 12 12 12 12 12 12 12 12 12 12 12 12 12 12 12 12 12 12 12 12 12 12 12 12 12 12 12 12 12 12 12 12 12 12 12 12 12 12 12 12 12 12 12 12 12 12 12 12 12 12 12 12 12 12 12 12 12 12 12 12 12 12 12 12 12 12 12 12 12 12 12 12 12 12 12 12 12 12 12 12 12 12 12 12 12 12 12 12 12 12 12 12 12 12 12 12 12 12 12 12 12 12 12 12 12 12 12 12 12 12 12 12 12 12 12 12 12 12 12 12 12 12 12 12 12 12 12 12 12 12 12 12 12 12 12 12 12 12 12 12 12 12 12 12 12 12 12 12 12 12 12 12 12 12 12 12 12 12 12 12 12 12 12 12 12 12 12 12 12 12 12 12 12 12 12 12 12 12 12 12 12 12 12 12 12 12 12 12 12 12 12 12 12 12 12 12 12 12 12 12 12 12 12 12 12 12 12 12 12 12 12 12 12 12 12 12 12 12 12 12 12 12 12 12 12 12 12 12 12 12 12 12 12 12 12 12 12 12 12 12 12 12 12 12 12 12 12 12 12 12 12 12 12 12 12 12 12 12 12 12 12 12 12 12 12 12 12 12 12 12 12 12 12 12 12 12 12 12 12 12 12 12 12 12 12 12 12 12 12 12 12 12 12 12 12 12 12 12 12 12 12 12 12 12 12 12 12 12 12 12 12 12 12 12 12 12 12 12 12 12 12 12 12 12 12 12 12 12 12 12 12 12 12 12 12 12 12 12 12 12 12 12 12 12 12 12 12 12 12 12 12 12 12 12 12 12 12 12 12 12 12 12 12 12</DataArray>
      </Cells>
      <PointData>
        <DataArray type="Float64" Name="Displacement" NumberOfComponents="3" format="ascii">-19.853321075439453 2.2752151489257812 -1.1550960540771484 -19.847637176513672 2.2751922607421875 -1.1392011642456055 -18.093442916870117 2.2631990909576416 2.95089054107666 -18.088451385498047 2.263171672821045 2.964275360107422 -19.853132247924805 2.269632339477539 -1.1442508697509766 -19.84764862060547 2.2696146965026855 -1.1282176971435547 -18.093433380126953 2.2580628395080566 2.927654266357422 -18.088335037231445 2.2580580711364746 2.940980911254883 -19.860706329345703 -0.4246928095817566 -1.1035728454589844 -19.85506820678711 -0.42468199133872986 -1.0985527038574219 -18.061262130737305 -0.41141051054000854 0.8297977447509766 -18.056106567382812 -0.411404550075531 0.8360204696655273 -19.860858917236328 -0.43034401535987854 -1.1059989929199219 -19.855064392089844 -0.43033266067504883 -1.1008949279785156 -18.061248779296875 -0.41657596826553345 0.8349227905273438 -18.056255340576172 -0.41653913259506226 0.8410892486572266 -19.86406898498535 2.2591633796691895 -1.1552162170410156 -19.863996505737305 2.2535886764526367 -1.1442670822143555 -19.85848617553711 2.2535719871520996 -1.128218650817871 -19.858524322509766 2.2591774463653564 -1.1392107009887695 -18.07007598876953 2.2447476387023926 2.927652359008789 -18.070068359375 2.2498514652252197 2.9508752822875977 -18.06500816345215 2.2447264194488525 2.940974235534668 -18.06507110595703 2.249830722808838 2.96417236328125 -19.858261108398438 -0.42970895767211914 -1.1035614013671875 -19.85258674621582 -0.4296875596046448 -1.098541259765625 -18.06627655029297 -0.41765275597572327 0.8297977447509766 -18.061124801635742 -0.4176332950592041 0.8360261917114258 -19.85833740234375 -0.43538886308670044 -1.105865478515625 -19.852619171142578 -0.4353708028793335 -1.1008720397949219 -18.066301345825195 -0.42277276515960693 0.8349390029907227 -18.06119155883789 -0.4227663576602936 0.8412027359008789 -19.884361267089844 2.231262683868408 -1.1595592498779297 -19.884227752685547 2.225874185562134 -1.1484708786010742 -19.879180908203125 2.2258071899414062 -1.132441520690918 -19.879169464111328 2.2313344478607178 -1.1434764862060547 -18.028968811035156 2.221782922744751 2.931279182434082 -18.028972625732422 2.2272419929504395 2.954464912414551 -18.023845672607422 2.2217814922332764 2.9445810317993164 -18.023807525634766 2.2271838188171387 2.9677391052246094 -19.85502815246582 -0.4386618137359619 -1.1043052673339844 -19.84951400756836 -0.43863964080810547 -1.0993118286132812 -18.075611114501953 -0.42870235443115234 0.8298072814941406 -18.070316314697266 -0.42868971824645996 0.8360528945922852 -19.855045318603516 -0.4440450668334961 -1.1065521240234375 -19.84951400756836 -0.44403600692749023 -1.1016006469726562 -18.07561492919922 -0.4340730905532837 0.834986686706543 -18.070337295532227 -0.43405666947364807 0.8412675857543945 -19.89596939086914 2.215656042098999 -1.1621379852294922 -19.895647048950195 2.2103164196014404 -1.150832176208496 -19.89061737060547 2.2102832794189453 -1.134817123413086 -19.89064598083496 2.2155954837799072 -1.1458206176757812 -18.00574493408203 2.2089130878448486 2.9332942962646484 -18.00576400756836 2.2146170139312744 2.9565048217773438 -18.000638961791992 2.208926200866699 2.946610450744629 -18.00069808959961 2.2144253253936768 2.969846725463867 -19.853124618530273 -0.44366931915283203 -1.1047325134277344 -19.8476505279541 -0.4436609745025635 -1.0997314453125 -18.080739974975586 -0.43491795659065247 0.8298273086547852 -18.075416564941406 -0.4349220097064972 0.8360586166381836 -19.853286743164062 -0.44902515411376953 -1.10699462890625 -19.84767723083496 -0.448833703994751 -1.1020469665527344 -18.08074951171875 -0.44043630361557007 0.8349647521972656 -18.075580596923828 -0.4402938485145569 0.8412694931030273 -19.88450050354004 2.2121949195861816 -1.118260383605957 -19.89583396911621 2.1964168548583984 -1.120579719543457 -19.879602432250977 2.2123076915740967 -1.1020641326904297 -19.89090919494629 2.1964778900146484 -1.1043524742126465 -19.86810874938965 2.2302732467651367 -1.0990924835205078 -19.878908157348633 2.2148592472076416 -1.101140022277832 -19.86809539794922 2.2267043590545654 -1.088362693786621 -19.87892723083496 2.210977792739868 -1.090893268585205 -19.867597579956055 2.2303121089935303 -1.0988588333129883 -19.878320693969727 2.214853286743164 -1.1009435653686523 -19.867557525634766 2.2264814376831055 -1.0883159637451172 -19.878273010253906 2.2106144428253174 -1.0907783508300781 -19.879165649414062 2.209080457687378 -1.102248191833496 -19.890552520751953 2.1938891410827637 -1.1045541763305664 -18.028945922851562 2.2068190574645996 2.8669633865356445 -18.005821228027344 2.1942529678344727 2.868989944458008 -18.047840118408203 2.2279844284057617 2.918154716491699 -18.024669647216797 2.2156035900115967 2.920429229736328 -18.047893524169922 2.22078275680542 2.8951234817504883 -18.02458953857422 2.2084498405456543 2.8969364166259766 -18.04855728149414 2.2280445098876953 2.9183616638183594 -18.023731231689453 2.2153866291046143 2.9207592010498047 -18.04861831665039 2.220869302749634 2.8936500549316406 -18.023700714111328 2.208280563354492 2.8956422805786133 -18.029088973999023 2.2078676223754883 2.8672494888305664 -18.006099700927734 2.1949386596679688 2.8693103790283203 -18.02411651611328 2.207909345626831 2.880565643310547 -18.001129150390625 2.195038080215454 2.8826608657836914 -19.855300903320312 -0.42371463775634766 -1.0974311828613281 -19.853368759155273 -0.42838144302368164 -1.0978889465332031 -19.849903106689453 -0.4238097667694092 -1.0927543640136719 -19.847949981689453 -0.428447961807251 -1.0932464599609375 -19.865581512451172 2.225670099258423 -1.0882701873779297 -19.87637710571289 2.210221529006958 -1.0906085968017578 -19.834182739257812 -0.43854284286499023 -1.085357666015625 -19.832050323486328 -0.44356560707092285 -1.0857696533203125 -19.88426971435547 2.2124760150909424 -1.1174631118774414 -19.895631790161133 2.1978161334991455 -1.1197805404663086 -19.879749298095703 2.2125680446624756 -1.1025233268737793 -19.891170501708984 2.1979129314422607 -1.1046361923217773 -18.042926788330078 2.221832513809204 2.894369125366211 -18.019611358642578 2.20898699760437 2.8963842391967773 -18.090471267700195 -0.4287264943122864 0.8124227523803711 -18.09527015686035 -0.43499723076820374 0.8124370574951172 -18.07598876953125 -0.41407424211502075 0.8160533905029297 -18.080965042114258 -0.42011958360671997 0.8159885406494141 -18.070722579956055 -0.4141791760921478 0.8220844268798828 -18.075687408447266 -0.42016059160232544 0.8220100402832031 -18.029132843017578 2.2077932357788086 2.86676025390625 -18.00594711303711 2.1949636936187744 2.8688201904296875 -18.024208068847656 2.2078630924224854 2.879979133605957 -18.000835418701172 2.1949825286865234 2.8821067810058594 -19.838260650634766 -0.43963170051574707 -1.08624267578125 -19.83652114868164 -0.44431185722351074 -1.0864105224609375 -19.83823585510254 -0.44316673278808594 -1.0880279541015625 -19.836528778076172 -0.44800901412963867 -1.0886993408203125 -19.855390548706055 -0.4233214855194092 -1.0975227355957031 -19.853376388549805 -0.4285445213317871 -1.0980567932128906 -19.849952697753906 -0.42343664169311523 -1.092315673828125 -19.847919464111328 -0.4285881519317627 -1.0928573608398438 -19.83850860595703 -0.4395577907562256 -1.0856399536132812 -19.83597183227539 -0.44432640075683594 -1.0858497619628906 -19.8384952545166 -0.44318199157714844 -1.0882682800292969 -19.83596420288086 -0.44809579849243164 -1.0889129638671875 -18.093299865722656 -0.4280739426612854 0.8124065399169922 -18.09943389892578 -0.4340929090976715 0.8126096725463867 -18.09334945678711 -0.43501970171928406 0.8186817169189453 -18.09939193725586 -0.4409770369529724 0.8184833526611328 -19.849464416503906 -0.42310166358947754 -1.0929794311523438 -19.847705841064453 -0.4279918670654297 -1.0934371948242188 -18.07555389404297 -0.4144722521305084 0.8153190612792969 -18.08080291748047 -0.42071741819381714 0.8153104782104492 -18.094310760498047 -0.4279140830039978 0.8127460479736328 -18.098899841308594 -0.4341498911380768 0.8129777908325195 -18.09433364868164 -0.43495965003967285 0.8175287246704102 -18.0988712310791 -0.4411158561706543 0.8173017501831055 -18.075925827026367 -0.4140773415565491 0.815922737121582 -18.080772399902344 -0.42085176706314087 0.815887451171875 -18.070837020874023 -0.4141780734062195 0.8226900100708008 -18.075695037841797 -0.42088767886161804 0.822596549987793 -19.852752685546875 2.192903995513916 -0.9930465221405029 -19.852590560913086 2.117053985595703 -0.8486514091491699 -19.852798461914062 2.0415701866149902 -0.7145199775695801 -19.85320472717285 1.9663147926330566 -0.592808723449707 -19.853761672973633 1.8912076950073242 -0.4854316711425781 -19.85443115234375 1.8163094520568848 -0.39368247985839844 -19.855119705200195 1.741574764251709 -0.3181343078613281 -19.855745315551758 1.666886329650879 -0.2585105895996094 -19.856304168701172 1.5924248695373535 -0.21394824981689453 -19.85701560974121 1.5181306600570679 -0.18338871002197266 -19.857711791992188 1.4438730478286743 -0.1663203239440918 -19.858257293701172 1.3695788383483887 -0.16027259826660156 -19.858545303344727 1.29521644115448 -0.16327959299087524 -19.858638763427734 1.2211155891418457 -0.1730637550354004 -19.858837127685547 1.1472166776657104 -0.18746423721313477 -19.858951568603516 1.0731406211853027 -0.20594024658203125 -19.85906982421875 0.9992173910140991 -0.22870731353759766 -19.859304428100586 0.9252198338508606 -0.25637054443359375 -19.859390258789062 0.8513147234916687 -0.2897186279296875 -19.85947036743164 0.7772194743156433 -0.32796287536621094 -19.85950469970703 0.7030609846115112 -0.3705940246582031 -19.85957908630371 0.6290339231491089 -0.4166736602783203 -19.85955810546875 0.5549242496490479 -0.46587181091308594 -19.85965347290039 0.48068779706954956 -0.5180025100708008 -19.859729766845703 0.40650999546051025 -0.5734157562255859 -19.859766006469727 0.33219829201698303 -0.6305141448974609 -19.859790802001953 0.25738397240638733 -0.6880826950073242 -19.859773635864258 0.18233248591423035 -0.7451949119567871 -19.859546661376953 0.10741256177425385 -0.80037522315979 -19.85940170288086 0.03246726095676422 -0.8525115251541138 -19.859323501586914 -0.0428885892033577 -0.9013519287109375 -19.859426498413086 -0.11844521760940552 -0.9468488693237305 -19.859678268432617 -0.1943454146385193 -0.9898796081542969 -19.8599796295166 -0.27050960063934326 -1.0307865142822266 -19.860305786132812 -0.34723132848739624 -1.0685768127441406 -19.84740447998047 2.1928980350494385 -0.979393720626831 -19.84725570678711 2.117058515548706 -0.8372650146484375 -19.847482681274414 2.041581869125366 -0.7052326202392578 -19.847885131835938 1.9663293361663818 -0.5854368209838867 -19.848445892333984 1.8912289142608643 -0.4798269271850586 -19.849119186401367 1.8163337707519531 -0.3896312713623047 -19.849802017211914 1.7415978908538818 -0.3153800964355469 -19.850404739379883 1.6669049263000488 -0.25684452056884766 -19.85097885131836 1.5924487113952637 -0.2131795883178711 -19.8516788482666 1.518157958984375 -0.1833019256591797 -19.852378845214844 1.4438966512680054 -0.16666841506958008 -19.8528995513916 1.3695921897888184 -0.1609036922454834 -19.85318946838379 1.295223593711853 -0.16401618719100952 -19.853256225585938 1.221123218536377 -0.17374014854431152 -19.853473663330078 1.1472244262695312 -0.18799591064453125 -19.853591918945312 1.0731498003005981 -0.20630550384521484 -19.85371971130371 0.9992184638977051 -0.22882556915283203 -19.85393524169922 0.9252247214317322 -0.2561635971069336 -19.854015350341797 0.8513233065605164 -0.28911876678466797 -19.85410499572754 0.7772241234779358 -0.32694339752197266 -19.8541259765625 0.703062117099762 -0.3691520690917969 -19.85418128967285 0.6290251612663269 -0.41481685638427734 -19.854169845581055 0.5549284219741821 -0.46364593505859375 -19.854248046875 0.4806913733482361 -0.5153484344482422 -19.854347229003906 0.40650713443756104 -0.5703220367431641 -19.854360580444336 0.33219414949417114 -0.6269712448120117 -19.854358673095703 0.25738397240638733 -0.6840829849243164 -19.85430145263672 0.1823272705078125 -0.7406954765319824 -19.854103088378906 0.10739630460739136 -0.7954416275024414 -19.85396957397461 0.03246130049228668 -0.8473179340362549 -19.85385513305664 -0.04288721829652786 -0.8960027694702148 -19.853973388671875 -0.11843959242105484 -0.9414520263671875 -19.85416603088379 -0.19433915615081787 -0.9844627380371094 -19.854450225830078 -0.27049919962882996 -1.0253772735595703 -19.854768753051758 -0.34722399711608887 -1.0633277893066406 -18.093101501464844 2.1852402687072754 2.6032352447509766 -18.09239959716797 2.111501932144165 2.281465530395508 -18.09139633178711 2.0371975898742676 1.9681434631347656 -18.089963912963867 1.962782859802246 1.6690635681152344 -18.088253021240234 1.888425588607788 1.3904800415039062 -18.086711883544922 1.8139269351959229 1.1356163024902344 -18.08521270751953 1.7393627166748047 0.9033546447753906 -18.083648681640625 1.664888620376587 0.6948127746582031 -18.082111358642578 1.5905842781066895 0.5082473754882812 -18.080448150634766 1.5161728858947754 0.344482421875 -18.078672409057617 1.4416636228561401 0.20372962951660156 -18.076950073242188 1.3672317266464233 0.08538055419921875 -18.07538414001465 1.2927912473678589 -0.012006759643554688 -18.07392120361328 1.2181005477905273 -0.09055900573730469 -18.07232666015625 1.1433159112930298 -0.1498889923095703 -18.07070541381836 1.0687199831008911 -0.1891622543334961 -18.06914710998535 0.9941134452819824 -0.20990610122680664 -18.067626953125 0.9194809198379517 -0.2137000560760498 -18.066225051879883 0.8448627591133118 -0.20219099521636963 -18.06499481201172 0.7702396512031555 -0.1779155731201172 -18.06389808654785 0.6957352757453918 -0.1434478759765625 -18.06287384033203 0.6212664246559143 -0.0997915267944336 -18.06212043762207 0.5468283891677856 -0.04800605773925781 -18.061555862426758 0.4723817706108093 0.009731292724609375 -18.06096649169922 0.3981022834777832 0.07221603393554688 -18.060359954833984 0.3238023817539215 0.13913536071777344 -18.05985450744629 0.2496393620967865 0.20991897583007812 -18.05963134765625 0.17559714615345 0.28305816650390625 -18.059627532958984 0.10159271955490112 0.3565845489501953 -18.059833526611328 0.027603089809417725 0.42862701416015625 -18.060089111328125 -0.04616481065750122 0.49804115295410156 -18.060386657714844 -0.11991351842880249 0.5644111633300781 -18.06059455871582 -0.19337701797485352 0.6289776563644409 -18.060773849487305 -0.26654452085494995 0.6937270164489746 -18.061054229736328 -0.33927834033966064 0.7607297897338867 -18.087905883789062 2.185225248336792 2.6156539916992188 -18.087173461914062 2.1114768981933594 2.2926902770996094 -18.086166381835938 2.037156105041504 1.9780158996582031 -18.0847225189209 1.9627199172973633 1.6774635314941406 -18.08298683166504 1.888385534286499 1.397674560546875 -18.081432342529297 1.8138706684112549 1.1417236328125 -18.07990264892578 1.7393152713775635 0.9084625244140625 -18.078359603881836 1.6648414134979248 0.6991310119628906 -18.07682228088379 1.5905373096466064 0.5117721557617188 -18.075143814086914 1.516115665435791 0.34731292724609375 -18.0733699798584 1.4416005611419678 0.20589828491210938 -18.071626663208008 1.3671727180480957 0.08705902099609375 -18.070064544677734 1.2927521467208862 -0.010744094848632812 -18.068593978881836 1.21804678440094 -0.08977890014648438 -18.066999435424805 1.1432684659957886 -0.1495342254638672 -18.06536865234375 1.0686707496643066 -0.18912601470947266 -18.063800811767578 0.9940600395202637 -0.21010112762451172 -18.06226921081543 0.9194297790527344 -0.21402835845947266 -18.06085968017578 0.8448255062103271 -0.20245110988616943 -18.059627532958984 0.7702068090438843 -0.1779942512512207 -18.05852699279785 0.6957013010978699 -0.14334583282470703 -18.057506561279297 0.6212411522865295 -0.09943389892578125 -18.056743621826172 0.5468088388442993 -0.04728126525878906 -18.056190490722656 0.4723609685897827 0.010784149169921875 -18.055622100830078 0.39807963371276855 0.07354164123535156 -18.055002212524414 0.32378101348876953 0.1407451629638672 -18.054508209228516 0.249632328748703 0.2119159698486328 -18.054283142089844 0.1755957454442978 0.2854633331298828 -18.05428123474121 0.10159626603126526 0.3594837188720703 -18.05449867248535 0.02761337161064148 0.4319915771484375 -18.054759979248047 -0.046152353286743164 0.5018625259399414 -18.055076599121094 -0.11990410089492798 0.5686249732971191 -18.055309295654297 -0.19337129592895508 0.6335512399673462 -18.055496215820312 -0.2665376663208008 0.6987333297729492 -18.055801391601562 -0.3392655849456787 0.7663602828979492 -19.772493362426758 2.274657726287842 -0.914736270904541 -19.699369430541992 2.273996114730835 -0.6927542686462402 -19.626415252685547 2.2733356952667236 -0.4764711856842041 -19.553348541259766 2.2724766731262207 -0.26856136322021484 -19.480825424194336 2.2715208530426025 -0.07155942916870117 -19.40752410888672 2.270745277404785 0.11393570899963379 -19.334064483642578 2.2697198390960693 0.2889280319213867 -19.261159896850586 2.268535614013672 0.4506063461303711 -19.187458038330078 2.267557382583618 0.6000285148620605 -19.113672256469727 2.2667086124420166 0.7399129867553711 -19.04037094116211 2.2661142349243164 0.873715877532959 -18.966434478759766 2.265889883041382 1.0051045417785645 -18.892333984375 2.2656161785125732 1.1378693580627441 -18.818870544433594 2.265193462371826 1.2723627090454102 -18.7451114654541 2.2648184299468994 1.4088726043701172 -18.672149658203125 2.2646169662475586 1.5499989986419678 -18.599193572998047 2.264448404312134 1.6975340843200684 -18.52672576904297 2.264648675918579 1.852460503578186 -18.453289031982422 2.265148878097534 2.0191359519958496 -18.380233764648438 2.2653486728668213 2.1974220275878906 -18.30771255493164 2.2651143074035645 2.384103775024414 -18.235591888427734 2.2645320892333984 2.5741405487060547 -18.164201736450195 2.2637319564819336 2.764331817626953 -19.77251625061035 2.2691755294799805 -0.9060640335083008 -19.699369430541992 2.268583059310913 -0.6866002082824707 -19.626415252685547 2.267939329147339 -0.4725644588470459 -19.55335235595703 2.2671055793762207 -0.2667350769042969 -19.480823516845703 2.26615834236145 -0.07164916396141052 -19.40751838684082 2.2653205394744873 0.11199605464935303 -19.334041595458984 2.2643465995788574 0.2850513458251953 -19.261154174804688 2.2631845474243164 0.44521379470825195 -19.187456130981445 2.2621614933013916 0.5932826995849609 -19.113683700561523 2.2613556385040283 0.7320270538330078 -19.040372848510742 2.2607693672180176 0.8648033142089844 -18.966440200805664 2.260503053665161 0.9952850341796875 -18.892353057861328 2.26025128364563 1.1270337104797363 -18.81886863708496 2.259841203689575 1.2605204582214355 -18.745136260986328 2.2594778537750244 1.396190881729126 -18.672164916992188 2.2593090534210205 1.5363271236419678 -18.599227905273438 2.2591733932495117 1.6829752922058105 -18.52676010131836 2.2593274116516113 1.836946964263916 -18.453311920166016 2.2597815990448 2.0024476051330566 -18.380260467529297 2.2600090503692627 2.1793460845947266 -18.307727813720703 2.259803295135498 2.3645386695861816 -18.2356014251709 2.259262800216675 2.5531978607177734 -18.164207458496094 2.2585396766662598 2.7420272827148438 -19.777124404907227 -0.4245079755783081 -1.0290088653564453 -19.700395584106445 -0.4241885542869568 -0.9590320587158203 -19.62354278564453 -0.42392462491989136 -0.8881187438964844 -19.546920776367188 -0.4237407147884369 -0.8178110122680664 -19.470396041870117 -0.4233763813972473 -0.7475347518920898 -19.393552780151367 -0.4226504862308502 -0.6748790740966797 -19.316377639770508 -0.4216189980506897 -0.5972099304199219 -19.238780975341797 -0.4203673005104065 -0.5142402648925781 -19.160707473754883 -0.4185533821582794 -0.4283561706542969 -19.086637496948242 -0.41647768020629883 -0.33977508544921875 -19.01401138305664 -0.4149562120437622 -0.24980926513671875 -18.940881729125977 -0.41397231817245483 -0.15840911865234375 -18.86756134033203 -0.41337937116622925 -0.06605911254882812 -18.794334411621094 -0.41296160221099854 0.0253753662109375 -18.72115707397461 -0.41280585527420044 0.11536788940429688 -18.648157119750977 -0.41298907995224 0.20195770263671875 -18.57423210144043 -0.413354754447937 0.2833595275878906 -18.500438690185547 -0.4135681986808777 0.3593788146972656 -18.426647186279297 -0.41348278522491455 0.4327850341796875 -18.35346221923828 -0.4131556749343872 0.5058078765869141 -18.280012130737305 -0.41268205642700195 0.5809593200683594 -18.207298278808594 -0.41209810972213745 0.6599636077880859 -18.13372802734375 -0.4116436839103699 0.7436008453369141 -19.777082443237305 -0.4300948977470398 -1.0315093994140625 -19.70036506652832 -0.42972037196159363 -0.9617938995361328 -19.623519897460938 -0.4294586479663849 -0.8910245895385742 -19.546897888183594 -0.429260790348053 -0.8207124471664429 -19.470396041870117 -0.42889392375946045 -0.750579833984375 -19.39354133605957 -0.42818713188171387 -0.6777973175048828 -19.31640625 -0.42714864015579224 -0.5999546051025391 -19.238801956176758 -0.4259471297264099 -0.51641845703125 -19.16074562072754 -0.42401444911956787 -0.4300422668457031 -19.086669921875 -0.421707421541214 -0.34112548828125 -19.01401710510254 -0.42018210887908936 -0.2506599426269531 -18.94088363647461 -0.4192267060279846 -0.15879440307617188 -18.86756134033203 -0.41860586404800415 -0.06586837768554688 -18.7943172454834 -0.4181927442550659 0.026233673095703125 -18.721118927001953 -0.418032705783844 0.11693954467773438 -18.64813804626465 -0.41824305057525635 0.20410537719726562 -18.574199676513672 -0.41865724325180054 0.2860145568847656 -18.50041389465332 -0.4188801050186157 0.362213134765625 -18.426624298095703 -0.4187588691711426 0.4358558654785156 -18.35345458984375 -0.41843122243881226 0.5090484619140625 -18.28000259399414 -0.41789716482162476 0.5845108032226562 -18.20728302001953 -0.4173489809036255 0.6639652252197266 -18.13369369506836 -0.41686582565307617 0.7482242584228516 -19.7810001373291 2.253243923187256 -0.9060516357421875 -19.705429077148438 2.2529408931732178 -0.6865777969360352 -19.630218505859375 2.2527761459350586 -0.47254419326782227 -19.555036544799805 2.2526495456695557 -0.2667083740234375 -19.48059844970703 2.2525243759155273 -0.07164639234542847 -19.405437469482422 2.252462387084961 0.11200213432312012 -19.330101013183594 2.252328872680664 0.28507351875305176 -19.255640029907227 2.252106189727783 0.445223331451416 -19.180557250976562 2.2518672943115234 0.593294620513916 -19.105632781982422 2.2516143321990967 0.7320451736450195 -19.03133773803711 2.2513344287872314 0.864802360534668 -18.956504821777344 2.2510733604431152 0.9952845573425293 -18.881404876708984 2.250692129135132 1.1270580291748047 -18.806936264038086 2.25016188621521 1.2605352401733398 -18.7322998046875 2.2495808601379395 1.3962199687957764 -18.658370971679688 2.248985528945923 1.5363385677337646 -18.584487915039062 2.248380422592163 1.6829956769943237 -18.511119842529297 2.247856616973877 1.8369359970092773 -18.43651580810547 2.2474257946014404 2.0024542808532715 -18.3620662689209 2.2469170093536377 2.179361343383789 -18.288040161132812 2.246295690536499 2.3645730018615723 -18.214527130126953 2.24562668800354 2.553229331970215 -18.14179039001465 2.2450497150421143 2.7420663833618164 -19.78107261657715 2.2586898803710938 -0.9147796630859375 -19.70548439025879 2.2583298683166504 -0.6927790641784668 -19.63024139404297 2.258169651031494 -0.47649145126342773 -19.555063247680664 2.2580018043518066 -0.2685861587524414 -19.480655670166016 2.2578554153442383 -0.07158511877059937 -19.40549087524414 2.2578625679016113 0.11390411853790283 -19.33011245727539 2.257685661315918 0.28893089294433594 -19.255699157714844 2.257432222366333 0.45058488845825195 -19.180618286132812 2.2572436332702637 0.600001335144043 -19.10568618774414 2.256939649581909 0.7398829460144043 -19.031387329101562 2.2566463947296143 0.873692512512207 -18.956514358520508 2.2564499378204346 1.0050921440124512 -18.881452560424805 2.2560436725616455 1.1378464698791504 -18.80695343017578 2.255493640899658 1.2723579406738281 -18.732336044311523 2.254896879196167 1.4088406562805176 -18.658401489257812 2.2542810440063477 1.549988031387329 -18.584529876708984 2.2536394596099854 1.6975070238113403 -18.51117706298828 2.2531466484069824 1.8524320125579834 -18.436527252197266 2.2527856826782227 2.0191121101379395 -18.36210823059082 2.2522456645965576 2.1974010467529297 -18.288066864013672 2.251596689224243 2.384092330932617 -18.214574813842773 2.2508840560913086 2.5741262435913086 -18.14183235168457 2.2502381801605225 2.7643165588378906 -19.863325119018555 2.1792609691619873 -0.9930639266967773 -19.862518310546875 2.10567569732666 -0.848664402961731 -19.861934661865234 2.0323004722595215 -0.7145242691040039 -19.861387252807617 1.9589650630950928 -0.5928106307983398 -19.860864639282227 1.8856110572814941 -0.48543357849121094 -19.860395431518555 1.8122522830963135 -0.3936767578125 -19.859935760498047 1.7388243675231934 -0.3181314468383789 -19.859451293945312 1.6652276515960693 -0.2585134506225586 -19.858963012695312 1.5916593074798584 -0.2139444351196289 -19.858688354492188 1.5180476903915405 -0.18338775634765625 -19.8585205078125 1.4442179203033447 -0.16631317138671875 -19.85834503173828 1.3702071905136108 -0.16026663780212402 -19.858070373535156 1.295957088470459 -0.16328364610671997 -19.857755661010742 1.2217954397201538 -0.1730663776397705 -19.857669830322266 1.147751808166504 -0.18746328353881836 -19.857501983642578 1.0735046863555908 -0.20594120025634766 -19.857295989990234 0.9993385076522827 -0.22870540618896484 -19.85715103149414 0.9250097870826721 -0.25637149810791016 -19.856842041015625 0.8507128357887268 -0.2897205352783203 -19.856582641601562 0.7761752009391785 -0.32795238494873047 -19.856340408325195 0.7016173601150513 -0.3706045150756836 -19.85616683959961 0.6272108554840088 -0.4166851043701172 -19.855941772460938 0.5526943206787109 -0.46587467193603516 -19.85580825805664 0.47803276777267456 -0.5180044174194336 -19.855684280395508 0.40342745184898376 -0.5734157562255859 -19.855674743652344 0.3286553621292114 -0.6305160522460938 -19.85568618774414 0.25336727499961853 -0.6880788803100586 -19.855737686157227 0.17783167958259583 -0.7451977729797363 -19.85569953918457 0.10251454263925552 -0.8003866672515869 -19.855783462524414 0.027292922139167786 -0.8525174260139465 -19.855920791625977 -0.04823702573776245 -0.9013466835021973 -19.856239318847656 -0.12385612726211548 -0.94683837890625 -19.856666564941406 -0.19976598024368286 -0.9898662567138672 -19.857112884521484 -0.27591603994369507 -1.0307750701904297 -19.85770034790039 -0.35248762369155884 -1.0685615539550781 -19.857933044433594 2.1792397499084473 -0.9794144630432129 -19.85716438293457 2.105660915374756 -0.8372799158096313 -19.856584548950195 2.03228759765625 -0.7052388191223145 -19.856033325195312 1.9589571952819824 -0.5854396820068359 -19.855506896972656 1.8856055736541748 -0.4798269271850586 -19.85505485534668 1.8122434616088867 -0.38962554931640625 -19.854578018188477 1.7388176918029785 -0.31537818908691406 -19.854082107543945 1.6652207374572754 -0.25684547424316406 -19.85361099243164 1.5916460752487183 -0.21317481994628906 -19.853343963623047 1.518049716949463 -0.18329143524169922 -19.85316276550293 1.444212794303894 -0.16666030883789062 -19.85297203063965 1.3702021837234497 -0.160902738571167 -19.852691650390625 1.2959544658660889 -0.16402149200439453 -19.852392196655273 1.2217861413955688 -0.17373991012573242 -19.852304458618164 1.1477473974227905 -0.18799257278442383 -19.852123260498047 1.073498249053955 -0.2063121795654297 -19.851932525634766 0.9993374347686768 -0.22882461547851562 -19.851781845092773 0.9250100255012512 -0.2561655044555664 -19.85146141052246 0.8507019877433777 -0.2891254425048828 -19.8512020111084 0.7761648893356323 -0.3269472122192383 -19.850954055786133 0.7016249895095825 -0.3691587448120117 -19.850788116455078 0.6272106170654297 -0.41482067108154297 -19.850563049316406 0.5526876449584961 -0.46364879608154297 -19.85040855407715 0.4780343174934387 -0.515350341796875 -19.850299835205078 0.4034236669540405 -0.5703182220458984 -19.850250244140625 0.328657329082489 -0.6269645690917969 -19.850248336791992 0.253366082906723 -0.6840801239013672 -19.85026741027832 0.17783541977405548 -0.7407021522521973 -19.85027313232422 0.10252062976360321 -0.7954452037811279 -19.850345611572266 0.027291104197502136 -0.8473161458969116 -19.850475311279297 -0.048229485750198364 -0.8959999084472656 -19.85079574584961 -0.12384563684463501 -0.9414405822753906 -19.851160049438477 -0.19975334405899048 -0.9844512939453125 -19.851606369018555 -0.2759092450141907 -1.0253639221191406 -19.85214614868164 -0.3524740934371948 -1.0633087158203125 -19.774396896362305 -0.4295278787612915 -1.0290412902832031 -19.697460174560547 -0.4292653799057007 -0.9590568542480469 -19.62051773071289 -0.42901819944381714 -0.8881406784057617 -19.54387092590332 -0.4287828207015991 -0.8178344964981079 -19.467254638671875 -0.4284883141517639 -0.7475566864013672 -19.39048957824707 -0.4280376434326172 -0.6749172210693359 -19.313596725463867 -0.4274224638938904 -0.5972442626953125 -19.236492156982422 -0.42645472288131714 -0.5142860412597656 -19.158828735351562 -0.42484068870544434 -0.4284248352050781 -19.085155487060547 -0.42291855812072754 -0.3398284912109375 -19.013032913208008 -0.42148900032043457 -0.249847412109375 -18.940383911132812 -0.42060530185699463 -0.15843963623046875 -18.86767578125 -0.4199952483177185 -0.06607818603515625 -18.795076370239258 -0.4195111393928528 0.025356292724609375 -18.722562789916992 -0.41919440031051636 0.11536407470703125 -18.650203704833984 -0.4190523624420166 0.20197677612304688 -18.576730728149414 -0.41900569200515747 0.2833595275878906 -18.50316619873047 -0.41891491413116455 0.35936737060546875 -18.429580688476562 -0.4187173843383789 0.4327659606933594 -18.35662078857422 -0.41846925020217896 0.5057868957519531 -18.283424377441406 -0.4182058572769165 0.5809383392333984 -18.21114730834961 -0.4179691672325134 0.6599483489990234 -18.13813018798828 -0.4177842140197754 0.7435741424560547 -18.069782257080078 2.1728408336639404 2.6032276153564453 -18.069469451904297 2.100269079208374 2.2814502716064453 -18.06928062438965 2.0273005962371826 1.9681224822998047 -18.069103240966797 1.9543278217315674 1.6690406799316406 -18.06905746459961 1.8812448978424072 1.3904533386230469 -18.069171905517578 1.807793140411377 1.1355934143066406 -18.069332122802734 1.7342450618743896 0.9033317565917969 -18.069435119628906 1.6605839729309082 0.6947975158691406 -18.069477081298828 1.5870344638824463 0.5082244873046875 -18.06949806213379 1.5133299827575684 0.344451904296875 -18.069355010986328 1.439467191696167 0.203704833984375 -18.0692081451416 1.3655316829681396 0.08535575866699219 -18.069068908691406 1.2915056943893433 -0.012033462524414062 -18.068950653076172 1.2172850370407104 -0.09058380126953125 -18.06878662109375 1.1429485082626343 -0.14991378784179688 -18.068567276000977 1.0686542987823486 -0.18919086456298828 -18.068279266357422 0.9942632913589478 -0.20993518829345703 -18.06793212890625 0.9197640419006348 -0.21372878551483154 -18.067554473876953 0.8451204299926758 -0.20222008228302002 -18.067119598388672 0.7703272700309753 -0.17794275283813477 -18.066715240478516 0.6956263780593872 -0.14347076416015625 -18.066328048706055 0.6209031939506531 -0.09980964660644531 -18.066089630126953 0.5461069941520691 -0.0480194091796875 -18.06589126586914 0.4713112711906433 0.009723663330078125 -18.065637588500977 0.39676541090011597 0.07220268249511719 -18.065326690673828 0.3221698999404907 0.13912200927734375 -18.065065383911133 0.24765372276306152 0.2099170684814453 -18.064931869506836 0.17319685220718384 0.2830524444580078 -18.064889907836914 0.09871947765350342 0.35658836364746094 -18.06493377685547 0.024255692958831787 0.4286327362060547 -18.064973831176758 -0.049962762743234634 0.49804019927978516 -18.065086364746094 -0.12410934269428253 0.5644207000732422 -18.065229415893555 -0.19794824719429016 0.6289863586425781 -18.06551170349121 -0.2715459167957306 0.6937422752380371 -18.065967559814453 -0.34487923979759216 0.7607498168945312 -18.064579010009766 2.1728262901306152 2.6156444549560547 -18.064250946044922 2.100252628326416 2.2926769256591797 -18.064041137695312 2.0272939205169678 1.9779949188232422 -18.06386375427246 1.954317331314087 1.6774406433105469 -18.063770294189453 1.8812177181243896 1.3976669311523438 -18.063888549804688 1.8078086376190186 1.1417121887207031 -18.064035415649414 1.734231948852539 0.9084510803222656 -18.064136505126953 1.6605719327926636 0.6991233825683594 -18.064205169677734 1.5870283842086792 0.5117530822753906 -18.06418228149414 1.5133172273635864 0.34729766845703125 -18.064041137695312 1.4394536018371582 0.20587921142578125 -18.063886642456055 1.3655143976211548 0.08704376220703125 -18.063751220703125 1.2914973497390747 -0.010770797729492188 -18.063617706298828 1.217278003692627 -0.0897979736328125 -18.063459396362305 1.1429271697998047 -0.1495532989501953 -18.063228607177734 1.0686405897140503 -0.18915081024169922 -18.06292724609375 0.9942517280578613 -0.2101268768310547 -18.06257438659668 0.9197570085525513 -0.21405935287475586 -18.062179565429688 0.8451047539710999 -0.2024705410003662 -18.061782836914062 0.7703136205673218 -0.1780080795288086 -18.061336517333984 0.6956169605255127 -0.14336585998535156 -18.060962677001953 0.620881974697113 -0.09944629669189453 -18.06069564819336 0.5461012125015259 -0.047290802001953125 -18.06053352355957 0.4712991714477539 0.010770797729492188 -18.060277938842773 0.3967590928077698 0.07352828979492188 -18.05997085571289 0.3221626877784729 0.14072799682617188 -18.059690475463867 0.2476423978805542 0.21191024780273438 -18.059589385986328 0.17319470643997192 0.2854633331298828 -18.059537887573242 0.09872111678123474 0.3594932556152344 -18.05960464477539 0.024256616830825806 0.4319953918457031 -18.059646606445312 -0.04996223747730255 0.5018739700317383 -18.059783935546875 -0.12410883605480194 0.5686321258544922 -18.059938430786133 -0.19793826341629028 0.633552074432373 -18.060222625732422 -0.2715412676334381 0.6987447738647461 -18.060714721679688 -0.34487804770469666 0.7663745880126953 -19.774417877197266 -0.4350975751876831 -1.031463623046875 -19.697498321533203 -0.4347999095916748 -0.9617671966552734 -19.62055206298828 -0.43454670906066895 -0.8909921646118164 -19.543901443481445 -0.4343113303184509 -0.8206828832626343 -19.467281341552734 -0.434012234210968 -0.7505655288696289 -19.39052963256836 -0.4335775375366211 -0.6777801513671875 -19.313631057739258 -0.43294280767440796 -0.5999584197998047 -19.236553192138672 -0.43203169107437134 -0.5164337158203125 -19.15896224975586 -0.4302981495857239 -0.430023193359375 -19.085227966308594 -0.42815375328063965 -0.3411521911621094 -19.013099670410156 -0.4267277121543884 -0.25064849853515625 -18.940425872802734 -0.4258696436882019 -0.158782958984375 -18.867698669433594 -0.42524367570877075 -0.06586074829101562 -18.79511260986328 -0.42475342750549316 0.026256561279296875 -18.72260284423828 -0.4244101047515869 0.116973876953125 -18.65021514892578 -0.4243083596229553 0.20413970947265625 -18.57675552368164 -0.42432212829589844 0.2860527038574219 -18.503177642822266 -0.4242311716079712 0.3622398376464844 -18.429615020751953 -0.42400026321411133 0.4358940124511719 -18.35664176940918 -0.42374706268310547 0.5090560913085938 -18.283464431762695 -0.4234495162963867 0.5845413208007812 -18.2111873626709 -0.42320847511291504 0.6639976501464844 -18.138168334960938 -0.4230227768421173 0.7482681274414062 -19.797801971435547 2.2254526615142822 -0.9098334312438965 -19.717567443847656 2.2257180213928223 -0.689934253692627 -19.638309478759766 2.2264461517333984 -0.4755282402038574 -19.559499740600586 2.227562427520752 -0.26924824714660645 -19.48170280456543 2.228823184967041 -0.07373163104057312 -19.40316390991211 2.230191469192505 0.11028993129730225 -19.32439422607422 2.2315545082092285 0.28382182121276855 -19.247268676757812 2.2329769134521484 0.44435644149780273 -19.169830322265625 2.2341644763946533 0.5927743911743164 -19.092872619628906 2.234896659851074 0.731809139251709 -19.01660919189453 2.2351741790771484 0.8647646903991699 -18.940168380737305 2.234995126724243 0.9954419136047363 -18.862380981445312 2.2343714237213135 1.1287899017333984 -18.78618049621582 2.2336244583129883 1.2624812126159668 -18.71011734008789 2.2326204776763916 1.398285150527954 -18.63443374633789 2.2313332557678223 1.538622260093689 -18.559032440185547 2.229836940765381 1.6853853464126587 -18.48383331298828 2.2280848026275635 1.8394776582717896 -18.40719223022461 2.2261605262756348 2.0051913261413574 -18.33026123046875 2.224353075027466 2.1823153495788574 -18.253629684448242 2.2229886054992676 2.367734909057617 -18.17769432067871 2.2221107482910156 2.5566024780273438 -18.102582931518555 2.221771001815796 2.745673179626465 -19.79777717590332 2.231426477432251 -0.918766975402832 -19.71754264831543 2.2314682006835938 -0.6963291168212891 -19.638267517089844 2.232177495956421 -0.4795384407043457 -19.55946159362793 2.2332253456115723 -0.271262526512146 -19.48165512084961 2.2344796657562256 -0.0738934576511383 -19.403108596801758 2.235921621322632 0.11207056045532227 -19.324342727661133 2.2371954917907715 0.2875206470489502 -19.24721908569336 2.238569736480713 0.44953250885009766 -19.16978645324707 2.2397689819335938 0.5992598533630371 -19.092844009399414 2.2404398918151855 0.7394485473632812 -19.016611099243164 2.2406978607177734 0.8734846115112305 -18.940181732177734 2.240551471710205 1.0050554275512695 -18.86238670349121 2.2399137020111084 1.139498233795166 -18.78619956970215 2.2391281127929688 1.2741334438323975 -18.71014404296875 2.2381110191345215 1.4107439517974854 -18.634469985961914 2.236794948577881 1.5520321130752563 -18.55908203125 2.2352726459503174 1.6996676921844482 -18.483877182006836 2.2335774898529053 1.8547636270523071 -18.40725326538086 2.2317285537719727 2.021634578704834 -18.33030128479004 2.2299094200134277 2.200145721435547 -18.253660202026367 2.2285048961639404 2.387044906616211 -18.177709579467773 2.2275805473327637 2.5772762298583984 -18.10256576538086 2.227111577987671 2.767636299133301 -19.882793426513672 2.1558263301849365 -0.9968876838684082 -19.88098907470703 2.086276054382324 -0.8520671129226685 -19.878936767578125 2.0166282653808594 -0.7174696922302246 -19.876697540283203 1.946714162826538 -0.5953025817871094 -19.87429428100586 1.8765017986297607 -0.48749637603759766 -19.871822357177734 1.8059122562408447 -0.3953113555908203 -19.86932373046875 1.7348222732543945 -0.3193655014038086 -19.866880416870117 1.6631523370742798 -0.25942516326904297 -19.864574432373047 1.5911446809768677 -0.21454715728759766 -19.862545013427734 1.518738031387329 -0.18370342254638672 -19.860837936401367 1.4457029104232788 -0.16643428802490234 -19.85940933227539 1.3721646070480347 -0.1602191925048828 -19.858139038085938 1.2981104850769043 -0.16313663125038147 -19.857158660888672 1.2238456010818481 -0.17284607887268066 -19.856473922729492 1.1495426893234253 -0.18721389770507812 -19.855798721313477 1.0750035047531128 -0.2056865692138672 -19.855030059814453 1.0004116296768188 -0.2284231185913086 -19.854223251342773 0.9255138635635376 -0.2560911178588867 -19.853195190429688 0.8496633768081665 -0.2898378372192383 -19.852373123168945 0.7744131088256836 -0.32812023162841797 -19.851627349853516 0.6990792751312256 -0.3708515167236328 -19.851016998291016 0.6238908171653748 -0.41699981689453125 -19.850444793701172 0.5487210750579834 -0.46625328063964844 -19.849885940551758 0.4733377993106842 -0.5184259414672852 -19.849451065063477 0.3979423940181732 -0.5738983154296875 -19.849300384521484 0.3223422169685364 -0.6310663223266602 -19.849328994750977 0.24624136090278625 -0.6886940002441406 -19.849519729614258 0.16983327269554138 -0.7459063529968262 -19.849803924560547 0.09372842311859131 -0.8011279106140137 -19.85025978088379 0.01802593469619751 -0.8533169627189636 -19.85082244873047 -0.05773037672042847 -0.9021439552307129 -19.85152816772461 -0.13346374034881592 -0.9476499557495117 -19.852218627929688 -0.20937931537628174 -0.9906654357910156 -19.853012084960938 -0.2855410575866699 -1.0315742492675781 -19.853940963745117 -0.3618354797363281 -1.0693397521972656 -19.877849578857422 2.155780792236328 -0.9832484722137451 -19.87602996826172 2.0862157344818115 -0.8406757116317749 -19.873966217041016 2.0165629386901855 -0.7081751823425293 -19.871702194213867 1.9466419219970703 -0.58795166015625 -19.869279861450195 1.8764269351959229 -0.48188209533691406 -19.86676025390625 1.8058345317840576 -0.3912649154663086 -19.864227294921875 1.7347419261932373 -0.3166513442993164 -19.861736297607422 1.6630804538726807 -0.25776100158691406 -19.85940933227539 1.591076135635376 -0.21377182006835938 -19.857337951660156 1.518674612045288 -0.18363285064697266 -19.8555908203125 1.4456565380096436 -0.16677570343017578 -19.854101181030273 1.372114896774292 -0.16083693504333496 -19.852815628051758 1.298075795173645 -0.16387447714805603 -19.851818084716797 1.2238222360610962 -0.17351460456848145 -19.851116180419922 1.1495246887207031 -0.18775129318237305 -19.850435256958008 1.0749859809875488 -0.20604610443115234 -19.84964942932129 1.0003838539123535 -0.22855472564697266 -19.848812103271484 0.9254876375198364 -0.2558927536010742 -19.847797393798828 0.849635899066925 -0.2892436981201172 -19.84695816040039 0.7743898034095764 -0.32714080810546875 -19.846210479736328 0.6990549564361572 -0.3694124221801758 -19.845611572265625 0.6238731145858765 -0.4151344299316406 -19.845020294189453 0.5487037301063538 -0.46399974822998047 -19.84446907043457 0.4733230471611023 -0.5157995223999023 -19.844024658203125 0.39793312549591064 -0.5708122253417969 -19.843847274780273 0.3223395347595215 -0.6275243759155273 -19.84383773803711 0.2462441623210907 -0.684697151184082 -19.844018936157227 0.16984272003173828 -0.7413897514343262 -19.844350814819336 0.09373664855957031 -0.7962081432342529 -19.84481430053711 0.01804298162460327 -0.8481041789054871 -19.845382690429688 -0.05771279335021973 -0.8968100547790527 -19.8460693359375 -0.13344573974609375 -0.9422502517700195 -19.84675407409668 -0.20935988426208496 -0.9852752685546875 -19.847532272338867 -0.2855154275894165 -1.0261688232421875 -19.848440170288086 -0.3617997169494629 -1.0640792846679688 -18.02838134765625 2.151582717895508 2.6068458557128906 -18.028736114501953 2.0810956954956055 2.285053253173828 -18.02996063232422 2.010554790496826 1.9716110229492188 -18.032032012939453 1.940129280090332 1.6723480224609375 -18.034818649291992 1.8691924810409546 1.3935585021972656 -18.037918090820312 1.7977102994918823 1.1383857727050781 -18.04104232788086 1.7259085178375244 0.905914306640625 -18.04410171508789 1.653676152229309 0.6970787048339844 -18.04703140258789 1.5814924240112305 0.5102615356445312 -18.049942016601562 1.5090270042419434 0.346221923828125 -18.05274200439453 1.4363768100738525 0.20522499084472656 -18.055395126342773 1.3632783889770508 0.08661460876464844 -18.05782699584961 1.290032148361206 -0.011007308959960938 -18.06013298034668 1.2166907787322998 -0.08974838256835938 -18.062469482421875 1.1431100368499756 -0.14928340911865234 -18.064743041992188 1.0693860054016113 -0.18879222869873047 -18.066761016845703 0.9954347610473633 -0.209747314453125 -18.068439483642578 0.9211757183074951 -0.21375703811645508 -18.069965362548828 0.845535397529602 -0.2022167444229126 -18.07103157043457 0.7704364061355591 -0.1779332160949707 -18.07183074951172 0.6954331398010254 -0.14345836639404297 -18.072601318359375 0.6202281713485718 -0.09979057312011719 -18.073230743408203 0.544800877571106 -0.04800987243652344 -18.073715209960938 0.4694674015045166 0.00974273681640625 -18.07404327392578 0.39441001415252686 0.07220840454101562 -18.07428741455078 0.3193066120147705 0.1391162872314453 -18.074430465698242 0.2441082000732422 0.20992279052734375 -18.074480056762695 0.1689140796661377 0.2830543518066406 -18.07436752319336 0.09354686737060547 0.3565826416015625 -18.074142456054688 0.018278956413269043 0.4286308288574219 -18.073820114135742 -0.056786954402923584 0.49802589416503906 -18.073593139648438 -0.13159310817718506 0.5644330978393555 -18.073657989501953 -0.2060685157775879 0.6289955377578735 -18.074092864990234 -0.280447393655777 0.6937747001647949 -18.07483673095703 -0.35491615533828735 0.7607927322387695 -18.023300170898438 2.1515636444091797 2.619291305541992 -18.02365493774414 2.0811328887939453 2.296253204345703 -18.024883270263672 2.0106070041656494 1.981475830078125 -18.026947021484375 1.9402059316635132 1.6807594299316406 -18.02969741821289 1.8692892789840698 1.4007377624511719 -18.032772064208984 1.797810435295105 1.1445045471191406 -18.03586196899414 1.7260066270828247 0.9110145568847656 -18.03890609741211 1.653773546218872 0.7014045715332031 -18.041824340820312 1.5815815925598145 0.5138168334960938 -18.044723510742188 1.5091220140457153 0.349090576171875 -18.047510147094727 1.4364629983901978 0.20740127563476562 -18.050121307373047 1.3633605241775513 0.08832740783691406 -18.05255699157715 1.2901064157485962 -0.0097198486328125 -18.054840087890625 1.216765284538269 -0.08897209167480469 -18.05716896057129 1.1431868076324463 -0.1489429473876953 -18.059419631958008 1.069458246231079 -0.18878555297851562 -18.061424255371094 0.9954942464828491 -0.20997190475463867 -18.063066482543945 0.9212280511856079 -0.2141057252883911 -18.064552307128906 0.8455804586410522 -0.20247089862823486 -18.065610885620117 0.77046799659729 -0.17800140380859375 -18.066421508789062 0.6954599618911743 -0.14336776733398438 -18.067155838012695 0.6202539205551147 -0.09943294525146484 -18.06778335571289 0.544822096824646 -0.04728507995605469 -18.068288803100586 0.46948111057281494 0.010768890380859375 -18.068626403808594 0.3944206237792969 0.073516845703125 -18.068859100341797 0.31931543350219727 0.14072036743164062 -18.069011688232422 0.2441098690032959 0.21190834045410156 -18.069042205810547 0.16891252994537354 0.28546142578125 -18.068925857543945 0.09353959560394287 0.35948753356933594 -18.06871223449707 0.018270254135131836 0.4319934844970703 -18.068403244018555 -0.0567966103553772 0.5018711090087891 -18.06820297241211 -0.13160037994384766 0.5686407089233398 -18.068279266357422 -0.20606178045272827 0.6335612535476685 -18.068708419799805 -0.2804279923439026 0.6987709999084473 -18.069469451904297 -0.35488343238830566 0.7664089202880859 -19.771451950073242 -0.44407057762145996 -1.0320892333984375 -19.69379425048828 -0.4438304901123047 -0.9624462127685547 -19.61659812927246 -0.44359254837036133 -0.8916797637939453 -19.539926528930664 -0.44330358505249023 -0.8213843107223511 -19.46298599243164 -0.44313549995422363 -0.751286506652832 -19.386497497558594 -0.4431750774383545 -0.6785259246826172 -19.309797286987305 -0.4431976079940796 -0.6008319854736328 -19.233800888061523 -0.44275832176208496 -0.5173225402832031 -19.157346725463867 -0.44146430492401123 -0.4309043884277344 -19.083913803100586 -0.43964529037475586 -0.3421363830566406 -19.01272201538086 -0.43838149309158325 -0.2515983581542969 -18.94080924987793 -0.43767833709716797 -0.15976715087890625 -18.868227005004883 -0.43700993061065674 -0.06585311889648438 -18.79694175720215 -0.4363633096218109 0.026294708251953125 -18.72580909729004 -0.4357278048992157 0.11709976196289062 -18.654281616210938 -0.4350668787956238 0.20420074462890625 -18.58184814453125 -0.4343770742416382 0.2861518859863281 -18.50851821899414 -0.4337690770626068 0.3623161315917969 -18.43549346923828 -0.43335431814193726 0.4360198974609375 -18.362586975097656 -0.43321120738983154 0.5090885162353516 -18.290172576904297 -0.4332888126373291 0.5846691131591797 -18.218711853027344 -0.433621346950531 0.6641368865966797 -18.146862030029297 -0.43385836482048035 0.7483921051025391 -19.771455764770508 -0.4384148120880127 -1.029998779296875 -19.69378662109375 -0.43825554847717285 -0.9599533081054688 -19.616586685180664 -0.43805408477783203 -0.8890380859375 -19.539934158325195 -0.437777042388916 -0.8186980485916138 -19.462982177734375 -0.4376206398010254 -0.7484302520751953 -19.38649559020996 -0.4376579523086548 -0.6758499145507812 -19.309799194335938 -0.4376986026763916 -0.59820556640625 -19.233779907226562 -0.437253475189209 -0.5154037475585938 -19.157310485839844 -0.43604302406311035 -0.42960357666015625 -19.0838680267334 -0.43448352813720703 -0.3410148620605469 -19.0127010345459 -0.4332660436630249 -0.25101470947265625 -18.940792083740234 -0.4325013756752014 -0.15956497192382812 -18.86821174621582 -0.43187421560287476 -0.0661468505859375 -18.79692840576172 -0.43126076459884644 0.025272369384765625 -18.725786209106445 -0.4306069612503052 0.11523056030273438 -18.654258728027344 -0.42989087104797363 0.201873779296875 -18.581829071044922 -0.42913365364074707 0.28325653076171875 -18.508506774902344 -0.4285051226615906 0.3592567443847656 -18.43547821044922 -0.42811059951782227 0.4326667785644531 -18.362594604492188 -0.42797908186912537 0.5057182312011719 -18.29018783569336 -0.4281313717365265 0.5808601379394531 -18.21872329711914 -0.42846304178237915 0.6598548889160156 -18.146892547607422 -0.42875978350639343 0.7434463500976562 -19.80726432800293 2.20997953414917 -0.9120030403137207 -19.724536895751953 2.2105321884155273 -0.6918792724609375 -19.642797470092773 2.211742877960205 -0.47724103927612305 -19.562021255493164 2.2135486602783203 -0.2707357406616211 -19.482418060302734 2.215627908706665 -0.07499009370803833 -19.401891708374023 2.2177796363830566 0.10927164554595947 -19.321218490600586 2.2199738025665283 0.28304195404052734 -19.242618560791016 2.2223353385925293 0.4437894821166992 -19.16388511657715 2.2243175506591797 0.5924072265625 -19.085744857788086 2.2256014347076416 0.7316069602966309 -19.00843048095703 2.226206064224243 0.8647031784057617 -18.931093215942383 2.2260377407073975 0.9954729080200195 -18.851667404174805 2.2252745628356934 1.1297521591186523 -18.77454376220703 2.2244157791137695 1.2635295391082764 -18.697675704956055 2.2231712341308594 1.3994202613830566 -18.621063232421875 2.221475124359131 1.5398499965667725 -18.544784545898438 2.2195043563842773 1.6866943836212158 -18.468585968017578 2.217067241668701 1.8408840894699097 -18.390779495239258 2.2142763137817383 2.006704330444336 -18.312477111816406 2.2117276191711426 2.1839370727539062 -18.234371185302734 2.2099435329437256 2.3694639205932617 -18.157066345214844 2.2089316844940186 2.5584335327148438 -18.080718994140625 2.2087438106536865 2.747608184814453 -19.807266235351562 2.215972661972046 -0.9209723472595215 -19.724502563476562 2.21626877784729 -0.6982898712158203 -19.642757415771484 2.217472553253174 -0.48125672340393066 -19.561969757080078 2.219198703765869 -0.2727607488632202 -19.482349395751953 2.2212679386138916 -0.0751706063747406 -19.401830673217773 2.223489761352539 0.11104214191436768 -19.321147918701172 2.225602865219116 0.2867298126220703 -19.2425594329834 2.227909564971924 0.44894886016845703 -19.163837432861328 2.229907512664795 0.5988693237304688 -19.08572006225586 2.231135845184326 0.7392325401306152 -19.008413314819336 2.231696844100952 0.8734030723571777 -18.931102752685547 2.231588363647461 1.0050654411315918 -18.85169792175293 2.2308130264282227 1.1404595375061035 -18.774574279785156 2.2298989295959473 1.2751741409301758 -18.697717666625977 2.228653907775879 1.411865472793579 -18.621116638183594 2.2269248962402344 1.5532455444335938 -18.54485511779785 2.224926233291626 1.7009590864181519 -18.468666076660156 2.2225425243377686 1.8561533689498901 -18.39086151123047 2.219834327697754 2.023125171661377 -18.312543869018555 2.2172741889953613 2.2017550468444824 -18.234407424926758 2.2154502868652344 2.388760566711426 -18.157085418701172 2.2144086360931396 2.5790977478027344 -18.080690383911133 2.2140185832977295 2.7695493698120117 -19.893815994262695 2.14261531829834 -0.9990811347961426 -19.89144515991211 2.0753283500671387 -0.8540058135986328 -19.888568878173828 2.0077691078186035 -0.7191696166992188 -19.885379791259766 1.9398252964019775 -0.5967473983764648 -19.88191032409668 1.8713393211364746 -0.48869895935058594 -19.87828826904297 1.8023288249969482 -0.39627742767333984 -19.87464714050293 1.732592225074768 -0.32010936737060547 -19.871095657348633 1.661963939666748 -0.25997352600097656 -19.86775016784668 1.590822458267212 -0.2149333953857422 -19.86473846435547 1.5191781520843506 -0.1839132308959961 -19.86214828491211 1.4465017318725586 -0.1665349006652832 -19.85999870300293 1.3732551336288452 -0.16021943092346191 -19.85816192626953 1.2993298768997192 -0.16306674480438232 -19.856788635253906 1.2249788045883179 -0.17274093627929688 -19.85580062866211 1.1505571603775024 -0.18708467483520508 -19.854825973510742 1.0758360624313354 -0.2055511474609375 -19.853740692138672 1.0010197162628174 -0.22828388214111328 -19.85253143310547 0.9257997274398804 -0.2559471130371094 -19.85113525390625 0.8490940928459167 -0.28991127014160156 -19.849971771240234 0.7734548449516296 -0.3282279968261719 -19.848947525024414 0.6976496577262878 -0.37099742889404297 -19.84810447692871 0.6220252513885498 -0.41718482971191406 -19.84730339050293 0.5464586615562439 -0.4664745330810547 -19.846538543701172 0.4707438349723816 -0.5186653137207031 -19.84590721130371 0.3948618173599243 -0.5741748809814453 -19.845685958862305 0.31880733370780945 -0.6313724517822266 -19.84572982788086 0.24225813150405884 -0.6890373229980469 -19.84598731994629 0.16530025005340576 -0.7463011741638184 -19.846454620361328 0.08884334564208984 -0.8015275001525879 -19.847129821777344 0.012802839279174805 -0.8537587523460388 -19.847951889038086 -0.06305468082427979 -0.9025883674621582 -19.848844528198242 -0.1388784646987915 -0.9481096267700195 -19.849702835083008 -0.21475529670715332 -0.9911117553710938 -19.85067367553711 -0.2909555435180664 -1.0320262908935547 -19.851818084716797 -0.36710476875305176 -1.06976318359375 -19.888843536376953 2.1425509452819824 -0.9854273796081543 -19.886457443237305 2.0752456188201904 -0.8426104784011841 -19.883562088012695 2.007678508758545 -0.7098655700683594 -19.880352020263672 1.9397261142730713 -0.5893945693969727 -19.876869201660156 1.8712284564971924 -0.4830780029296875 -19.873199462890625 1.8022191524505615 -0.39223289489746094 -19.869522094726562 1.7324820756912231 -0.3173999786376953 -19.865922927856445 1.6618415117263794 -0.25831127166748047 -19.862564086914062 1.59074068069458 -0.2141551971435547 -19.859500885009766 1.5190807580947876 -0.1838512420654297 -19.856887817382812 1.4464364051818848 -0.16687679290771484 -19.854679107666016 1.373199701309204 -0.16083574295043945 -19.852825164794922 1.2992825508117676 -0.1638089120388031 -19.8514404296875 1.224947452545166 -0.17340469360351562 -19.850418090820312 1.150530457496643 -0.18762779235839844 -19.849456787109375 1.0757983922958374 -0.20591163635253906 -19.848352432250977 1.0009946823120117 -0.22841548919677734 -19.847135543823242 0.9257547855377197 -0.2557525634765625 -19.84572410583496 0.8490511775016785 -0.2893257141113281 -19.844532012939453 0.7734235525131226 -0.3272562026977539 -19.843515396118164 0.6976234316825867 -0.36956310272216797 -19.84268569946289 0.6220083236694336 -0.4153156280517578 -19.841876983642578 0.5464297533035278 -0.4642152786254883 -19.841094970703125 0.47071462869644165 -0.5160484313964844 -19.840465545654297 0.39484697580337524 -0.5710945129394531 -19.840227127075195 0.3188059329986572 -0.6278343200683594 -19.8402099609375 0.24225658178329468 -0.6850423812866211 -19.840473175048828 0.1653088927268982 -0.7417783737182617 -19.840988159179688 0.08884960412979126 -0.7966206073760986 -19.8416748046875 0.012823820114135742 -0.8485422730445862 -19.84249496459961 -0.06303548812866211 -0.8972530364990234 -19.8433780670166 -0.1388453245162964 -0.9426984786987305 -19.844219207763672 -0.21472954750061035 -0.9857215881347656 -19.845191955566406 -0.2909274101257324 -1.0266170501708984 -19.846288681030273 -0.3670632839202881 -1.0644989013671875 -18.00503921508789 2.139558792114258 2.6088829040527344 -18.005802154541016 2.0703506469726562 2.2870941162109375 -18.007823944091797 2.0011134147644043 1.9736080169677734 -18.011146545410156 1.9321261644363403 1.6742591857910156 -18.01555824279785 1.8624467849731445 1.3953590393066406 -18.02033233642578 1.7920280694961548 1.1400375366210938 -18.02512550354004 1.7212445735931396 0.9074172973632812 -18.029834747314453 1.6497719287872314 0.6984329223632812 -18.03436279296875 1.5783662796020508 0.5114707946777344 -18.038936614990234 1.5065803527832031 0.3472862243652344 -18.04338836669922 1.4346413612365723 0.2061443328857422 -18.047609329223633 1.361993432044983 0.08738517761230469 -18.051475524902344 1.2891801595687866 -0.010370254516601562 -18.055130004882812 1.2163565158843994 -0.08922576904296875 -18.05889320373535 1.1432193517684937 -0.14888381958007812 -18.06256866455078 1.0698566436767578 -0.18851947784423828 -18.06585693359375 0.9961115121841431 -0.20959758758544922 -18.068716049194336 0.9219849109649658 -0.21373021602630615 -18.071285247802734 0.8457826375961304 -0.20217585563659668 -18.073171615600586 0.7704845666885376 -0.17789793014526367 -18.07466697692871 0.6953456401824951 -0.14342594146728516 -18.076066970825195 0.6198688745498657 -0.09976387023925781 -18.07720184326172 0.5440871715545654 -0.04798316955566406 -18.078048706054688 0.46843457221984863 0.009756088256835938 -18.078720092773438 0.3930959701538086 0.0722198486328125 -18.079261779785156 0.3176993131637573 0.13912582397460938 -18.07965087890625 0.24211716651916504 0.2099285125732422 -18.079792022705078 0.16650450229644775 0.2830524444580078 -18.07964324951172 0.09064364433288574 0.35657501220703125 -18.079254150390625 0.014931082725524902 0.428619384765625 -18.078720092773438 -0.060639023780822754 0.49800968170166016 -18.078304290771484 -0.13577330112457275 0.5644307136535645 -18.078306198120117 -0.21063828468322754 0.6290044784545898 -18.078855514526367 -0.28543946146965027 0.6937985420227051 -18.079730987548828 -0.36052072048187256 0.7608203887939453 -17.999982833862305 2.1395490169525146 2.6213340759277344 -18.000736236572266 2.0703794956207275 2.298297882080078 -18.002761840820312 2.0012001991271973 1.9834785461425781 -18.006065368652344 1.932254433631897 1.68267822265625 -18.010452270507812 1.8625836372375488 1.4025344848632812 -18.015186309814453 1.7921674251556396 1.146148681640625 -18.01995086669922 1.7213882207870483 0.9125175476074219 -18.024658203125 1.6499109268188477 0.7027626037597656 -18.029165267944336 1.5785043239593506 0.5150337219238281 -18.033721923828125 1.5067086219787598 0.35015869140625 -18.03814125061035 1.4347801208496094 0.2083148956298828 -18.042343139648438 1.362113356590271 0.08909988403320312 -18.04620933532715 1.289292573928833 -0.009080886840820312 -18.049842834472656 1.2164702415466309 -0.08845138549804688 -18.053600311279297 1.1433302164077759 -0.14854717254638672 -18.057254791259766 1.0699622631072998 -0.18852710723876953 -18.060535430908203 0.9962019920349121 -0.2098240852355957 -18.0633544921875 0.9220774173736572 -0.21409571170806885 -18.065885543823242 0.8458390235900879 -0.20243048667907715 -18.067768096923828 0.7705438137054443 -0.17797136306762695 -18.069259643554688 0.6953855752944946 -0.14333724975585938 -18.070642471313477 0.6199086904525757 -0.0994110107421875 -18.07176971435547 0.5441128015518188 -0.04726982116699219 -18.072647094726562 0.4684544801712036 0.0107879638671875 -18.07330894470215 0.39312076568603516 0.07352066040039062 -18.07384490966797 0.3177112340927124 0.14072799682617188 -18.074237823486328 0.24213957786560059 0.21190834045410156 -18.07436752319336 0.16650331020355225 0.28546142578125 -18.07421875 0.09063899517059326 0.3594837188720703 -18.073837280273438 0.014896988868713379 0.4319877624511719 -18.073314666748047 -0.06065690517425537 0.5018634796142578 -18.07292938232422 -0.1357940435409546 0.5686392784118652 -18.07294273376465 -0.210626482963562 0.6335738897323608 -18.073486328125 -0.28541699051856995 0.6987776756286621 -18.074382781982422 -0.3604884743690491 0.7664337158203125 -19.769895553588867 -0.4491393566131592 -1.0325164794921875 -19.691858291625977 -0.44889307022094727 -0.9628810882568359 -19.614482879638672 -0.44869542121887207 -0.8921260833740234 -19.537805557250977 -0.4483506679534912 -0.8218140006065369 -19.460615158081055 -0.44825196266174316 -0.7517251968383789 -19.384374618530273 -0.44857168197631836 -0.6789779663085938 -19.307640075683594 -0.44898200035095215 -0.6013355255126953 -19.232446670532227 -0.44884443283081055 -0.5178680419921875 -19.15660285949707 -0.4477579593658447 -0.431488037109375 -19.083282470703125 -0.4461113214492798 -0.3427467346191406 -19.012659072875977 -0.4449373483657837 -0.25217437744140625 -18.94107437133789 -0.4443281888961792 -0.16036605834960938 -18.868511199951172 -0.4436532258987427 -0.06588363647460938 -18.797914505004883 -0.44291722774505615 0.0262603759765625 -18.72776222229004 -0.4421215355396271 0.11710357666015625 -18.656612396240234 -0.4411337375640869 0.20416259765625 -18.58477783203125 -0.4400385320186615 0.28612518310546875 -18.511611938476562 -0.4391259253025055 0.3623008728027344 -18.43890380859375 -0.4386116564273834 0.4360313415527344 -18.36594009399414 -0.43852972984313965 0.5090751647949219 -18.294031143188477 -0.4388340711593628 0.5846939086914062 -18.22299575805664 -0.439494788646698 0.6641521453857422 -18.151899337768555 -0.4399704337120056 0.7484264373779297 -19.76991081237793 -0.44341492652893066 -1.0304527282714844 -19.69184684753418 -0.44333958625793457 -0.9604110717773438 -19.61448860168457 -0.44315195083618164 -0.8895015716552734 -19.53776741027832 -0.44281744956970215 -0.8191453218460083 -19.46063804626465 -0.44273829460144043 -0.7488842010498047 -19.384389877319336 -0.44304656982421875 -0.6763229370117188 -19.30767059326172 -0.44349169731140137 -0.5987167358398438 -19.232433319091797 -0.44333744049072266 -0.5159683227539062 -19.15654754638672 -0.4423346519470215 -0.4302101135253906 -19.083271026611328 -0.4409327507019043 -0.3416328430175781 -19.012615203857422 -0.4398162364959717 -0.2516212463378906 -18.941082000732422 -0.439142107963562 -0.1601715087890625 -18.868497848510742 -0.4385107159614563 -0.06616973876953125 -18.797916412353516 -0.43780508637428284 0.025249481201171875 -18.72772979736328 -0.43699485063552856 0.11520004272460938 -18.656612396240234 -0.43595993518829346 0.20183563232421875 -18.584749221801758 -0.43478840589523315 0.28322601318359375 -18.511606216430664 -0.4338642656803131 0.3592185974121094 -18.43889617919922 -0.43335744738578796 0.4326591491699219 -18.365970611572266 -0.43330174684524536 0.5057086944580078 -18.294025421142578 -0.4336704611778259 0.5808696746826172 -18.2230281829834 -0.4343249797821045 0.6598663330078125 -18.15188980102539 -0.4349149167537689 0.7434406280517578 -19.797853469848633 2.208920955657959 -0.8851089477539062 -19.717605590820312 2.2092978954315186 -0.6718378067016602 -19.63845443725586 2.2102723121643066 -0.46460485458374023 -19.559642791748047 2.2116031646728516 -0.2636427879333496 -19.4818115234375 2.2128143310546875 -0.07301989197731018 -19.403305053710938 2.214049816131592 0.10538959503173828 -19.324556350708008 2.215630054473877 0.2736806869506836 -19.247390747070312 2.217256546020508 0.4301729202270508 -19.169937133789062 2.218437433242798 0.574951171875 -19.09292221069336 2.219308614730835 0.710726261138916 -19.016633987426758 2.219696521759033 0.8407511711120605 -18.940128326416016 2.219437837600708 0.9689412117004395 -18.86235237121582 2.2188174724578857 1.0989489555358887 -18.786128997802734 2.21821928024292 1.2301185131072998 -18.71004867553711 2.217235565185547 1.3636622428894043 -18.634340286254883 2.2160491943359375 1.501470923423767 -18.558895111083984 2.214589834213257 1.6458125114440918 -18.48366928100586 2.21266508102417 1.797046422958374 -18.407032012939453 2.2105484008789062 1.9595551490783691 -18.33013916015625 2.208754062652588 2.132904529571533 -18.253551483154297 2.2074851989746094 2.3142285346984863 -18.177650451660156 2.206808090209961 2.499399185180664 -18.10260581970215 2.20668363571167 2.6850404739379883 -19.807266235351562 2.1938693523406982 -0.8872499465942383 -19.724651336669922 2.19461727142334 -0.6737666130065918 -19.642898559570312 2.1960203647613525 -0.46627211570739746 -19.562170028686523 2.1979265213012695 -0.2651045322418213 -19.482589721679688 2.199998140335083 -0.07425317168235779 -19.402067184448242 2.2020339965820312 0.10440397262573242 -19.321413040161133 2.2043845653533936 0.27291321754455566 -19.242799758911133 2.2068912982940674 0.4296133518218994 -19.164031982421875 2.2088379859924316 0.5745954513549805 -19.085834503173828 2.210257053375244 0.7105274200439453 -19.00848388671875 2.210904359817505 0.8406972885131836 -18.931087493896484 2.2107181549072266 0.9689822196960449 -18.851606369018555 2.2099452018737793 1.0999126434326172 -18.77446746826172 2.2091662883758545 1.2311630249023438 -18.697574615478516 2.2079713344573975 1.364793300628662 -18.620960235595703 2.206362724304199 1.5026882886886597 -18.544645309448242 2.204448938369751 1.6471166610717773 -18.468379974365234 2.2018725872039795 1.7984578609466553 -18.390588760375977 2.1989030838012695 1.9610648155212402 -18.312335968017578 2.1964075565338135 2.1345157623291016 -18.23427963256836 2.194709539413452 2.315948009490967 -18.157062530517578 2.193863868713379 2.5012083053588867 -18.080787658691406 2.1938936710357666 2.686948776245117 -19.864334106445312 2.155656099319458 -0.9452517032623291 -19.862627029418945 2.0860509872436523 -0.8089367151260376 -19.860450744628906 2.0163848400115967 -0.6821885108947754 -19.85809898376465 1.9464330673217773 -0.5674715042114258 -19.855587005615234 1.8762192726135254 -0.46608734130859375 -19.852943420410156 1.8056150674819946 -0.3798809051513672 -19.850236892700195 1.7345147132873535 -0.3090543746948242 -19.847618103027344 1.6628845930099487 -0.25287342071533203 -19.845199584960938 1.5909149646759033 -0.21138477325439453 -19.842973709106445 1.5185037851333618 -0.18342208862304688 -19.84109115600586 1.445522665977478 -0.16753339767456055 -19.839454650878906 1.371970295906067 -0.16254925727844238 -19.838050842285156 1.2979720830917358 -0.16590291261672974 -19.837047576904297 1.2237613201141357 -0.17523813247680664 -19.83625030517578 1.149455189704895 -0.18923425674438477 -19.83553123474121 1.074930191040039 -0.20692825317382812 -19.834699630737305 1.0003104209899902 -0.2288980484008789 -19.833805084228516 0.9254140257835388 -0.2552623748779297 -19.832775115966797 0.8495551347732544 -0.28755950927734375 -19.831865310668945 0.7743179202079773 -0.3244485855102539 -19.831130981445312 0.6990011930465698 -0.3654165267944336 -19.83054542541504 0.6238178610801697 -0.409942626953125 -19.82994842529297 0.5486512780189514 -0.4576549530029297 -19.82936668395996 0.47327354550361633 -0.5085716247558594 -19.828927993774414 0.3979066014289856 -0.5622177124023438 -19.82866859436035 0.3223302364349365 -0.6177005767822266 -19.82854652404785 0.24624162912368774 -0.6736507415771484 -19.8287353515625 0.16987177729606628 -0.7288050651550293 -19.829185485839844 0.09377610683441162 -0.7826485633850098 -19.829689025878906 0.01808631420135498 -0.8336367607116699 -19.830286026000977 -0.057660698890686035 -0.8820686340332031 -19.830955505371094 -0.13340675830841064 -0.9273300170898438 -19.83161735534668 -0.2093139886856079 -0.9704303741455078 -19.83235740661621 -0.28544652462005615 -1.0111541748046875 -19.8332462310791 -0.36171793937683105 -1.049468994140625 -19.87493133544922 2.142374038696289 -0.9473745822906494 -19.872573852539062 2.075035572052002 -0.8108395338058472 -19.86964225769043 2.007434844970703 -0.6838526725769043 -19.86636734008789 1.9394731521606445 -0.5688877105712891 -19.86282730102539 1.8709430694580078 -0.4672698974609375 -19.859073638916016 1.8019286394119263 -0.3808307647705078 -19.855268478393555 1.7322009801864624 -0.3097877502441406 -19.85159683227539 1.6615378856658936 -0.25342655181884766 -19.848161697387695 1.5904825925827026 -0.21176815032958984 -19.845014572143555 1.518870234489441 -0.18364238739013672 -19.842288970947266 1.4462333917617798 -0.16763639450073242 -19.839954376220703 1.373031735420227 -0.16254806518554688 -19.838041305541992 1.2991584539413452 -0.16583800315856934 -19.83665657043457 1.2248393297195435 -0.1751406192779541 -19.8355770111084 1.1504501104354858 -0.18910932540893555 -19.834575653076172 1.0757086277008057 -0.2068023681640625 -19.83344078063965 1.0008968114852905 -0.22876453399658203 -19.832172393798828 0.9256584644317627 -0.25513267517089844 -19.830751419067383 0.8489397168159485 -0.2876415252685547 -19.829517364501953 0.7733449339866638 -0.32456111907958984 -19.828506469726562 0.6975557804107666 -0.36556339263916016 -19.827682495117188 0.6219450235366821 -0.4101228713989258 -19.826862335205078 0.5463624000549316 -0.45787620544433594 -19.8260555267334 0.4706704020500183 -0.5088176727294922 -19.82545280456543 0.39480865001678467 -0.5625009536743164 -19.825103759765625 0.3187946677207947 -0.6180200576782227 -19.82500648498535 0.2422671914100647 -0.6739959716796875 -19.82526397705078 0.16534489393234253 -0.7291903495788574 -19.825864791870117 0.08889663219451904 -0.7830591201782227 -19.826576232910156 0.012882351875305176 -0.8340713977813721 -19.827373504638672 -0.06296443939208984 -0.8825104236602783 -19.8282527923584 -0.13876831531524658 -0.9277763366699219 -19.829063415527344 -0.21464991569519043 -0.9708766937255859 -19.829978942871094 -0.290848970413208 -1.0116024017333984 -19.831073760986328 -0.3669743537902832 -1.0499038696289062 -18.04236602783203 2.151613473892212 2.5721588134765625 -18.042707443237305 2.080995798110962 2.254037857055664 -18.043903350830078 2.0104455947875977 1.9440059661865234 -18.046005249023438 1.9399118423461914 1.6487617492675781 -18.048900604248047 1.8689392805099487 1.3734550476074219 -18.052082061767578 1.7974684238433838 1.1211280822753906 -18.055309295654297 1.7256298065185547 0.8916168212890625 -18.058420181274414 1.6534454822540283 0.6847457885742188 -18.061399459838867 1.5812363624572754 0.5002021789550781 -18.06433868408203 1.5087844133377075 0.3380012512207031 -18.067237854003906 1.436134696006775 0.19900894165039062 -18.06997299194336 1.3630647659301758 0.0816192626953125 -18.07242774963379 1.289842128753662 -0.014810562133789062 -18.074787139892578 1.2164826393127441 -0.09205436706542969 -18.07715606689453 1.1429017782211304 -0.15035629272460938 -18.079471588134766 1.0691723823547363 -0.1887979507446289 -18.081558227539062 0.9952801465988159 -0.20926761627197266 -18.083337783813477 0.9210330247879028 -0.21293020248413086 -18.08501625061035 0.8454139232635498 -0.20158171653747559 -18.086097717285156 0.7703684568405151 -0.17791986465454102 -18.086936950683594 0.6953573226928711 -0.14372825622558594 -18.087764739990234 0.6201592683792114 -0.10083389282226562 -18.088407516479492 0.5447453260421753 -0.049986839294433594 -18.088848114013672 0.4694342613220215 0.0068416595458984375 -18.089160919189453 0.39438629150390625 0.06851768493652344 -18.089426040649414 0.3192870616912842 0.13463401794433594 -18.089584350585938 0.2441117763519287 0.20430946350097656 -18.089662551879883 0.1689128875732422 0.2763652801513672 -18.08957290649414 0.09355831146240234 0.34853363037109375 -18.089305877685547 0.018286406993865967 0.4194345474243164 -18.08895492553711 -0.05677217245101929 0.4873828887939453 -18.088642120361328 -0.13160330057144165 0.5529322624206543 -18.088706970214844 -0.2060883343219757 0.6162941455841064 -18.08916473388672 -0.280497670173645 0.679903507232666 -18.089832305908203 -0.35500288009643555 0.7452974319458008 -18.019256591796875 2.139552354812622 2.574186325073242 -18.020004272460938 2.070249557495117 2.2560462951660156 -18.022003173828125 2.0009207725524902 1.9459915161132812 -18.025379180908203 1.9318101406097412 1.6506614685058594 -18.029848098754883 1.86210298538208 1.3752365112304688 -18.03469467163086 1.7916444540023804 1.1227645874023438 -18.039562225341797 1.7208863496780396 0.8931045532226562 -18.044300079345703 1.6494060754776 0.68609619140625 -18.048870086669922 1.5780179500579834 0.50140380859375 -18.05345916748047 1.506230115890503 0.3390617370605469 -18.057981491088867 1.4343039989471436 0.199920654296875 -18.062259674072266 1.3616808652877808 0.08239173889160156 -18.066158294677734 1.2888896465301514 -0.014173507690429688 -18.069862365722656 1.216071367263794 -0.09153938293457031 -18.07364273071289 1.1429389715194702 -0.14996051788330078 -18.077342987060547 1.069595456123352 -0.1885356903076172 -18.0806827545166 0.9958878755569458 -0.20911359786987305 -18.08362579345703 0.9217658042907715 -0.2128990888595581 -18.086301803588867 0.8456203937530518 -0.20153629779815674 -18.088199615478516 0.7703477144241333 -0.17787981033325195 -18.089717864990234 0.6952420473098755 -0.14369583129882812 -18.09115219116211 0.619768500328064 -0.10080242156982422 -18.092300415039062 0.5440247058868408 -0.049965858459472656 -18.093128204345703 0.4683786630630493 0.0068569183349609375 -18.093761444091797 0.39305007457733154 0.06853294372558594 -18.094322204589844 0.3176628351211548 0.1346416473388672 -18.094707489013672 0.24208354949951172 0.2043170928955078 -18.094881057739258 0.16650831699371338 0.2763710021972656 -18.094741821289062 0.09066367149353027 0.3485240936279297 -18.094310760498047 0.014990925788879395 0.4194173812866211 -18.093761444091797 -0.060591816902160645 0.4873685836791992 -18.093276977539062 -0.13573086261749268 0.552924633026123 -18.093246459960938 -0.21065813302993774 0.6163030862808228 -18.09379005432129 -0.285497784614563 0.6799206733703613 -18.094642639160156 -0.36057940125465393 0.7453145980834961 -19.77145767211914 -0.42282938957214355 -1.0243034362792969 -19.693771362304688 -0.42269229888916016 -0.9533138275146484 -19.616567611694336 -0.4226553440093994 -0.881950855255127 -19.53992462158203 -0.42240214347839355 -0.8112895488739014 -19.462995529174805 -0.4223287105560303 -0.7406215667724609 -19.386499404907227 -0.42235004901885986 -0.6687660217285156 -19.309814453125 -0.42246854305267334 -0.5909957885742188 -19.233694076538086 -0.422052264213562 -0.5105247497558594 -19.15723991394043 -0.4210376739501953 -0.42617034912109375 -19.083768844604492 -0.4201854467391968 -0.3382530212402344 -19.012638092041016 -0.4191133975982666 -0.24951171875 -18.94074821472168 -0.4181813597679138 -0.15916824340820312 -18.86819076538086 -0.41767603158950806 -0.06689071655273438 -18.796890258789062 -0.4172094464302063 0.022518157958984375 -18.72571563720703 -0.4164614677429199 0.10974502563476562 -18.654184341430664 -0.41559043526649475 0.19525527954101562 -18.581764221191406 -0.41464391350746155 0.2751617431640625 -18.508487701416016 -0.4139384329319 0.3506431579589844 -18.435441970825195 -0.4135633111000061 0.42308807373046875 -18.36260986328125 -0.4134858548641205 0.49628257751464844 -18.290250778198242 -0.41387516260147095 0.5702552795410156 -18.21875 -0.41426515579223633 0.6478099822998047 -18.146957397460938 -0.41448694467544556 0.7296657562255859 -19.7698917388916 -0.42786693572998047 -1.024740219116211 -19.69188117980957 -0.4278383255004883 -0.9537677764892578 -19.614500045776367 -0.42777276039123535 -0.8824014663696289 -19.537738800048828 -0.42748165130615234 -0.8117409944534302 -19.460662841796875 -0.42740774154663086 -0.7410669326782227 -19.38444709777832 -0.4277315139770508 -0.6692237854003906 -19.307710647583008 -0.4281890392303467 -0.5915031433105469 -19.232431411743164 -0.42798328399658203 -0.5110626220703125 -19.156478881835938 -0.42727959156036377 -0.42673492431640625 -19.08323097229004 -0.42656493186950684 -0.3388328552246094 -19.012548446655273 -0.42555928230285645 -0.2501029968261719 -18.941059112548828 -0.42475277185440063 -0.15976333618164062 -18.868453979492188 -0.4242122173309326 -0.06690597534179688 -18.797883987426758 -0.4235667586326599 0.022495269775390625 -18.727693557739258 -0.42271527647972107 0.10972213745117188 -18.656564712524414 -0.4215729534626007 0.19521331787109375 -18.58466911315918 -0.42021065950393677 0.2751350402832031 -18.511585235595703 -0.41923171281814575 0.350616455078125 -18.438901901245117 -0.4187875986099243 0.4230804443359375 -18.366008758544922 -0.41876816749572754 0.4962882995605469 -18.2940673828125 -0.41930097341537476 0.5702667236328125 -18.223098754882812 -0.42001375555992126 0.6478271484375 -18.151912689208984 -0.42054203152656555 0.7296676635742188 -19.772483825683594 2.1928226947784424 -0.789996862411499 -19.69947052001953 2.1926701068878174 -0.6030629873275757 -19.626407623291016 2.1922519207000732 -0.4203450679779053 -19.553327560424805 2.1917288303375244 -0.24365387856960297 -19.480388641357422 2.1910014152526855 -0.07555675506591797 -19.40716552734375 2.1900696754455566 0.08254683017730713 -19.333757400512695 2.1892855167388916 0.2303776741027832 -19.260574340820312 2.188483476638794 0.3683929443359375 -19.187030792236328 2.1876866817474365 0.4974794387817383 -19.113420486450195 2.1870923042297363 0.6201663017272949 -19.039892196655273 2.1866135597229004 0.7393755912780762 -18.96609115600586 2.186173915863037 0.8572959899902344 -18.892276763916016 2.1858785152435303 0.9755134582519531 -18.818580627441406 2.1856584548950195 1.0951738357543945 -18.74513053894043 2.1855216026306152 1.2177438735961914 -18.671987533569336 2.185447931289673 1.344840407371521 -18.599082946777344 2.1854896545410156 1.478226900100708 -18.526382446289062 2.185483694076538 1.619351863861084 -18.453330993652344 2.1855127811431885 1.7690339088439941 -18.380237579345703 2.1856112480163574 1.9270195960998535 -18.30767822265625 2.1856160163879395 2.0917367935180664 -18.235515594482422 2.185512065887451 2.260862350463867 -18.164169311523438 2.185396432876587 2.4314117431640625 -19.773048400878906 2.1170198917388916 -0.6792306900024414 -19.699745178222656 2.1168928146362305 -0.5227442979812622 -19.626514434814453 2.116684913635254 -0.36976611614227295 -19.553319931030273 2.1162877082824707 -0.2218383550643921 -19.48011589050293 2.1157066822052 -0.08035397529602051 -19.406827926635742 2.115042209625244 0.05261826515197754 -19.333446502685547 2.1143710613250732 0.17720270156860352 -19.260021209716797 2.1137397289276123 0.29372358322143555 -19.186569213867188 2.1131744384765625 0.4040799140930176 -19.112932205200195 2.1127188205718994 0.5109505653381348 -19.039352416992188 2.112299919128418 0.6165766716003418 -18.96562957763672 2.111933469772339 0.7218961715698242 -18.891944885253906 2.111670732498169 0.8272087574005127 -18.81825828552246 2.111497163772583 0.9338212013244629 -18.744844436645508 2.111417770385742 1.042778730392456 -18.671709060668945 2.1114447116851807 1.1564323902130127 -18.598735809326172 2.111478090286255 1.2768789529800415 -18.525896072387695 2.1114838123321533 1.4039874076843262 -18.453025817871094 2.1114885807037354 1.5382513999938965 -18.37999725341797 2.111494541168213 1.6789569854736328 -18.307424545288086 2.111555337905884 1.8245563507080078 -18.235258102416992 2.1116318702697754 1.9733524322509766 -18.163700103759766 2.1116364002227783 2.1260128021240234 -19.773483276367188 2.041527032852173 -0.5762128829956055 -19.700084686279297 2.041435718536377 -0.4486267566680908 -19.626672744750977 2.0412116050720215 -0.3237283229827881 -19.553340911865234 2.040853500366211 -0.202606201171875 -19.480010986328125 2.0404834747314453 -0.0864412784576416 -19.406570434570312 2.0399892330169678 0.02335488796234131 -19.333126068115234 2.0394904613494873 0.12600862979888916 -19.25955581665039 2.038982629776001 0.22322559356689453 -19.186079025268555 2.0385379791259766 0.31616389751434326 -19.11237144470215 2.038238286972046 0.40802693367004395 -19.038814544677734 2.0379650592803955 0.5001785755157471 -18.965044021606445 2.0376932621002197 0.5926203727722168 -18.89151382446289 2.0375149250030518 0.6856324672698975 -18.817888259887695 2.037405014038086 0.7794661521911621 -18.744447708129883 2.0373079776763916 0.8755528926849365 -18.67123031616211 2.03725266456604 0.9757676720619202 -18.598325729370117 2.0373246669769287 1.0823233127593994 -18.52541732788086 2.0374324321746826 1.1952662467956543 -18.45241928100586 2.0374374389648438 1.314326286315918 -18.379558563232422 2.0374133586883545 1.4388456344604492 -18.307064056396484 2.0374512672424316 1.5666313171386719 -18.234731674194336 2.037505626678467 1.6970863342285156 -18.162817001342773 2.0374512672424316 1.8311195373535156 -19.77393341064453 1.9662854671478271 -0.48320674896240234 -19.700345993041992 1.9661307334899902 -0.38228511810302734 -19.62691879272461 1.9659817218780518 -0.2836570739746094 -19.55344009399414 1.9657869338989258 -0.1870105266571045 -19.479995727539062 1.9653408527374268 -0.09404921531677246 -19.406429290771484 1.965116024017334 -0.006071925163269043 -19.332849502563477 1.964801549911499 0.07769954204559326 -19.259183883666992 1.9644436836242676 0.15763521194458008 -19.185483932495117 1.9641377925872803 0.23560762405395508 -19.11185073852539 1.9639432430267334 0.3134317398071289 -19.0382022857666 1.9636867046356201 0.3927038908004761 -18.964496612548828 1.9634966850280762 0.4725276231765747 -18.890953063964844 1.96336030960083 0.5530396699905396 -18.81737518310547 1.9632477760314941 0.6347739696502686 -18.743938446044922 1.9631078243255615 0.718458354473114 -18.670730590820312 1.963155746459961 0.8060184717178345 -18.597721099853516 1.9632272720336914 0.8987617492675781 -18.524742126464844 1.963308572769165 0.9975128173828125 -18.451745986938477 1.9633686542510986 1.1017379760742188 -18.378965377807617 1.9633007049560547 1.210402488708496 -18.30634307861328 1.9632115364074707 1.3218517303466797 -18.233898162841797 1.9631767272949219 1.4356689453125 -18.161746978759766 1.9630842208862305 1.5516853332519531 -19.774370193481445 1.891221046447754 -0.40175914764404297 -19.700735092163086 1.8911521434783936 -0.32465076446533203 -19.627138137817383 1.8910386562347412 -0.24936580657958984 -19.553564071655273 1.8908638954162598 -0.17572975158691406 -19.47992515563965 1.8906495571136475 -0.10432672500610352 -19.40633201599121 1.8904407024383545 -0.03494071960449219 -19.33258056640625 1.890174150466919 0.03244805335998535 -19.258718490600586 1.8899128437042236 0.09784877300262451 -19.18502426147461 1.889662742614746 0.1628972887992859 -19.111225128173828 1.8894953727722168 0.22804772853851318 -19.03761863708496 1.8893613815307617 0.29501211643218994 -18.963905334472656 1.8891704082489014 0.3626396656036377 -18.890304565429688 1.8890190124511719 0.43132662773132324 -18.816761016845703 1.8888838291168213 0.5018073320388794 -18.74334716796875 1.8888304233551025 0.574079155921936 -18.670120239257812 1.8888347148895264 0.6494371891021729 -18.596981048583984 1.8889412879943848 0.7288284301757812 -18.52395248413086 1.8889873027801514 0.8141522407531738 -18.45094108581543 1.8889796733856201 0.9038963317871094 -18.37811279296875 1.8889656066894531 0.9972343444824219 -18.30539321899414 1.88887357711792 1.093435287475586 -18.232891082763672 1.8887629508972168 1.1911258697509766 -18.160551071166992 1.888648509979248 1.2906265258789062 -19.774900436401367 1.8163366317749023 -0.3327484130859375 -19.701128005981445 1.8162689208984375 -0.2763662338256836 -19.627450942993164 1.8161704540252686 -0.2212543487548828 -19.553571701049805 1.8160953521728516 -0.16822481155395508 -19.47979736328125 1.8159990310668945 -0.11510229110717773 -19.40609359741211 1.8158385753631592 -0.0623173713684082 -19.33221435546875 1.8157012462615967 -0.009060502052307129 -19.25819206237793 1.8154911994934082 0.044710636138916016 -19.184471130371094 1.8153133392333984 0.0977851152420044 -19.110673904418945 1.8151829242706299 0.1523439884185791 -19.036998748779297 1.8149843215942383 0.20797216892242432 -18.96320915222168 1.8148431777954102 0.26405322551727295 -18.88958168029785 1.8146889209747314 0.3225100040435791 -18.816051483154297 1.814601182937622 0.381290078163147 -18.74267578125 1.8145971298217773 0.443183034658432 -18.669387817382812 1.8145484924316406 0.5069752931594849 -18.596210479736328 1.8145675659179688 0.5742588043212891 -18.523147583007812 1.8146393299102783 0.6462507247924805 -18.45013427734375 1.814643144607544 0.7225828170776367 -18.377155303955078 1.8145575523376465 0.8019847869873047 -18.304372787475586 1.8143906593322754 0.8831901550292969 -18.23172378540039 1.814251184463501 0.9659061431884766 -18.159116744995117 1.8141250610351562 1.0503273010253906 -19.77550506591797 1.7415976524353027 -0.27661800384521484 -19.701492309570312 1.7415730953216553 -0.2380084991455078 -19.627731323242188 1.7415106296539307 -0.19987106323242188 -19.553712844848633 1.7414252758026123 -0.16230440139770508 -19.479707717895508 1.7413930892944336 -0.1245729923248291 -19.40580177307129 1.7413082122802734 -0.0860898494720459 -19.331714630126953 1.7412197589874268 -0.04520916938781738 -19.257780075073242 1.7411072254180908 -0.0023707151412963867 -19.18395233154297 1.7409906387329102 0.041058897972106934 -19.110055923461914 1.740842580795288 0.08523106575012207 -19.03636360168457 1.7406766414642334 0.1307801604270935 -18.96259307861328 1.7405602931976318 0.1772981882095337 -18.888872146606445 1.74045729637146 0.2253987193107605 -18.815393447875977 1.7403082847595215 0.2748441994190216 -18.741989135742188 1.7402734756469727 0.3255225419998169 -18.66863441467285 1.7402632236480713 0.3782351016998291 -18.595417022705078 1.740262746810913 0.4344019889831543 -18.52229881286621 1.7402551174163818 0.4943065643310547 -18.449222564697266 1.740222454071045 0.5582113265991211 -18.376182556152344 1.7401142120361328 0.6240062713623047 -18.303287506103516 1.7399988174438477 0.6917133331298828 -18.23044204711914 1.7398231029510498 0.7612152099609375 -18.157758712768555 1.7396323680877686 0.8322181701660156 -19.776100158691406 1.6669507026672363 -0.2332134246826172 -19.702022552490234 1.6669893264770508 -0.20938777923583984 -19.627988815307617 1.6669740676879883 -0.18530607223510742 -19.553924560546875 1.6669447422027588 -0.1605510711669922 -19.47968292236328 1.6669032573699951 -0.13449621200561523 -19.405561447143555 1.666893720626831 -0.10647380352020264 -19.331377029418945 1.666849136352539 -0.07581591606140137 -19.25741195678711 1.666790246963501 -0.042622387409210205 -19.183441162109375 1.6666436195373535 -0.008253544569015503 -19.109539031982422 1.666503667831421 0.02655947208404541 -19.035802841186523 1.6664364337921143 0.06234443187713623 -18.961971282958984 1.6663403511047363 0.09989345073699951 -18.88813018798828 1.6662015914916992 0.13897407054901123 -18.814701080322266 1.666050910949707 0.17914938926696777 -18.741369247436523 1.6659624576568604 0.22045767307281494 -18.667949676513672 1.6659188270568848 0.263303279876709 -18.59459114074707 1.6659131050109863 0.30869388580322266 -18.521411895751953 1.6659283638000488 0.3579068183898926 -18.44822120666504 1.6657969951629639 0.4099550247192383 -18.375144958496094 1.6656949520111084 0.46358299255371094 -18.302082061767578 1.6655895709991455 0.5191802978515625 -18.22918701171875 1.6654441356658936 0.5764675140380859 -18.15637969970703 1.665217399597168 0.6351203918457031 -19.776670455932617 1.592499017715454 -0.20193099975585938 -19.702434539794922 1.5925357341766357 -0.1900949478149414 -19.628215789794922 1.5925345420837402 -0.17702245712280273 -19.55396270751953 1.5925298929214478 -0.16207456588745117 -19.479595184326172 1.59255850315094 -0.14471030235290527 -19.405359268188477 1.5925648212432861 -0.12439870834350586 -19.331029891967773 1.5925922393798828 -0.10159450769424438 -19.2569637298584 1.5925203561782837 -0.0764748752117157 -19.182880401611328 1.5924052000045776 -0.05053423345088959 -19.108993530273438 1.592262864112854 -0.0240371972322464 -19.035234451293945 1.5921605825424194 0.0031883716583251953 -18.961257934570312 1.5920848846435547 0.032070934772491455 -18.887432098388672 1.5919787883758545 0.0626351535320282 -18.813844680786133 1.591867208480835 0.09466671943664551 -18.740798950195312 1.5917469263076782 0.12759369611740112 -18.667097091674805 1.5916587114334106 0.16163015365600586 -18.593820571899414 1.591593623161316 0.1977391242980957 -18.52043342590332 1.591526985168457 0.23619651794433594 -18.44717788696289 1.5914561748504639 0.2774543762207031 -18.374080657958984 1.5913569927215576 0.32073974609375 -18.30088233947754 1.5912175178527832 0.3653278350830078 -18.227859497070312 1.5910418033599854 0.4113121032714844 -18.154924392700195 1.59084153175354 0.4590721130371094 -19.77716064453125 1.5182255506515503 -0.18154048919677734 -19.702693939208984 1.5182504653930664 -0.1787858009338379 -19.628307342529297 1.5183067321777344 -0.17427587509155273 -19.55398178100586 1.51835036277771 -0.16645336151123047 -19.479455947875977 1.5183607339859009 -0.1552525758743286 -19.405170440673828 1.5183470249176025 -0.14121752977371216 -19.33085823059082 1.5183336734771729 -0.12397649884223938 -19.256591796875 1.518253207206726 -0.10573741793632507 -19.18246841430664 1.5181440114974976 -0.08670124411582947 -19.108501434326172 1.5180292129516602 -0.06738552451133728 -19.034564971923828 1.5178920030593872 -0.04741441458463669 -18.96062469482422 1.5177699327468872 -0.026458948850631714 -18.88674545288086 1.5177116394042969 -0.0035081803798675537 -18.813169479370117 1.517622947692871 0.020944207906723022 -18.739850997924805 1.5174648761749268 0.046517372131347656 -18.666288375854492 1.517329216003418 0.07269024848937988 -18.592864990234375 1.5172145366668701 0.09991788864135742 -18.519428253173828 1.5170928239822388 0.12927818298339844 -18.446130752563477 1.5170214176177979 0.16039562225341797 -18.372947692871094 1.516944408416748 0.19402313232421875 -18.299705505371094 1.5168118476867676 0.2300739288330078 -18.226463317871094 1.516636848449707 0.2668895721435547 -18.153480529785156 1.5164501667022705 0.305084228515625 -19.77759552001953 1.4439395666122437 -0.17086076736450195 -19.70293426513672 1.4439904689788818 -0.17434215545654297 -19.62833595275879 1.4440783262252808 -0.17548775672912598 -19.553871154785156 1.4441510438919067 -0.17301523685455322 -19.479333877563477 1.4441910982131958 -0.1668252944946289 -19.404951095581055 1.4442335367202759 -0.1572156548500061 -19.33053970336914 1.4441155195236206 -0.14524179697036743 -19.25623321533203 1.443996548652649 -0.13220608234405518 -19.182083129882812 1.4438961744308472 -0.1185990571975708 -19.10801124572754 1.4437708854675293 -0.10486239194869995 -19.03395652770996 1.4436129331588745 -0.09089255332946777 -18.960006713867188 1.4435211420059204 -0.075954869389534 -18.88610076904297 1.4434252977371216 -0.059762775897979736 -18.812442779541016 1.4433529376983643 -0.042024075984954834 -18.738933563232422 1.4432367086410522 -0.023386359214782715 -18.665386199951172 1.4429810047149658 -0.004010200500488281 -18.59186553955078 1.442742109298706 0.015437602996826172 -18.518535614013672 1.4426453113555908 0.03546857833862305 -18.44510841369629 1.442600965499878 0.058376312255859375 -18.371706008911133 1.4425578117370605 0.08422088623046875 -18.29842758178711 1.4424381256103516 0.11297225952148438 -18.225082397460938 1.4422837495803833 0.1427898406982422 -18.15188217163086 1.4420114755630493 0.17313194274902344 -19.777950286865234 1.36966073513031 -0.1689753532409668 -19.7031192779541 1.3697311878204346 -0.1755608320236206 -19.628385543823242 1.3697919845581055 -0.1800413727760315 -19.5537166595459 1.3698643445968628 -0.1811358779668808 -19.479206085205078 1.369943618774414 -0.1785874366760254 -19.40462875366211 1.3699297904968262 -0.17281198501586914 -19.33014488220215 1.3698244094848633 -0.16504621505737305 -19.255826950073242 1.3697096109390259 -0.1560533046722412 -19.181642532348633 1.3695086240768433 -0.14703190326690674 -19.10753631591797 1.3693617582321167 -0.13776898384094238 -19.033498764038086 1.3692755699157715 -0.12814557552337646 -18.959476470947266 1.3692042827606201 -0.11796057224273682 -18.885433197021484 1.3690848350524902 -0.10704439878463745 -18.811649322509766 1.3689824342727661 -0.09522742033004761 -18.738037109375 1.3687959909439087 -0.0827794075012207 -18.664392471313477 1.3685898780822754 -0.06974053382873535 -18.590845108032227 1.368350625038147 -0.05712890625 -18.517425537109375 1.3682126998901367 -0.044381141662597656 -18.443981170654297 1.3681992292404175 -0.02759265899658203 -18.370468139648438 1.3681321144104004 -0.007155418395996094 -18.297046661376953 1.3679996728897095 0.015313148498535156 -18.223697662353516 1.3677719831466675 0.03828239440917969 -18.150299072265625 1.3675532341003418 0.06176948547363281 -19.778182983398438 1.2952975034713745 -0.17377817630767822 -19.703218460083008 1.2954399585723877 -0.18173301219940186 -19.628368377685547 1.2955538034439087 -0.18747830390930176 -19.55361557006836 1.2956805229187012 -0.19028866291046143 -19.47895622253418 1.2956559658050537 -0.19033241271972656 -19.404361724853516 1.2956103086471558 -0.18783044815063477 -19.329753875732422 1.2955490350723267 -0.18323016166687012 -19.25535774230957 1.2954158782958984 -0.177842378616333 -19.181169509887695 1.2952626943588257 -0.1721501350402832 -19.107013702392578 1.2951123714447021 -0.1664259433746338 -19.033000946044922 1.2949578762054443 -0.15998756885528564 -18.958913803100586 1.2948285341262817 -0.15334618091583252 -18.884864807128906 1.2947170734405518 -0.14644384384155273 -18.810874938964844 1.294582724571228 -0.13924753665924072 -18.737083435058594 1.2943832874298096 -0.13185083866119385 -18.66339111328125 1.2941665649414062 -0.12441229820251465 -18.58969497680664 1.2939618825912476 -0.11691975593566895 -18.516220092773438 1.2938029766082764 -0.10760498046875 -18.442733764648438 1.2937324047088623 -0.0959925651550293 -18.369245529174805 1.2936763763427734 -0.08026599884033203 -18.29578399658203 1.2935048341751099 -0.06330108642578125 -18.222318649291992 1.293302297592163 -0.04668426513671875 -18.148818969726562 1.2930629253387451 -0.029821395874023438 -19.778339385986328 1.2211352586746216 -0.18256330490112305 -19.703271865844727 1.2211872339248657 -0.19026398658752441 -19.62835693359375 1.2212507724761963 -0.19627094268798828 -19.553543090820312 1.2213304042816162 -0.20024418830871582 -19.47860336303711 1.221356749534607 -0.20195460319519043 -19.40413475036621 1.2213284969329834 -0.20192575454711914 -19.32938003540039 1.221287727355957 -0.20011019706726074 -19.254894256591797 1.221190333366394 -0.19763922691345215 -19.18067741394043 1.2210520505905151 -0.1946239471435547 -19.106388092041016 1.2208774089813232 -0.19062566757202148 -19.0324649810791 1.2206801176071167 -0.18640565872192383 -18.958255767822266 1.2205243110656738 -0.18232345581054688 -18.884151458740234 1.2203317880630493 -0.17836153507232666 -18.810062408447266 1.2201292514801025 -0.17476069927215576 -18.73615264892578 1.2199887037277222 -0.1709766983985901 -18.662296295166016 1.2197439670562744 -0.16711318492889404 -18.588546752929688 1.2195680141448975 -0.1627441644668579 -18.51502227783203 1.2194584608078003 -0.15510988235473633 -18.44152069091797 1.2193413972854614 -0.14600276947021484 -18.36807632446289 1.219146966934204 -0.13505315780639648 -18.294540405273438 1.218945860862732 -0.12377262115478516 -18.220924377441406 1.2186963558197021 -0.11302852630615234 -18.147336959838867 1.2184005975723267 -0.10194587707519531 -19.77837562561035 1.1471961736679077 -0.19499826431274414 -19.70333480834961 1.1471792459487915 -0.20126628875732422 -19.628372192382812 1.1472322940826416 -0.20675897598266602 -19.553377151489258 1.147261142730713 -0.21114492416381836 -19.4783992767334 1.1472210884094238 -0.21390676498413086 -19.403797149658203 1.147164225578308 -0.21529674530029297 -19.329086303710938 1.1470611095428467 -0.21557331085205078 -19.25448989868164 1.1469686031341553 -0.21511459350585938 -19.1800479888916 1.1468141078948975 -0.21384382247924805 -19.10581398010254 1.1466023921966553 -0.21152734756469727 -19.03182029724121 1.1463651657104492 -0.20830774307250977 -18.957576751708984 1.1461849212646484 -0.2049325704574585 -18.883380889892578 1.1459630727767944 -0.20240473747253418 -18.809144973754883 1.1457797288894653 -0.2008124589920044 -18.735183715820312 1.1455693244934082 -0.19866877794265747 -18.661216735839844 1.1453380584716797 -0.19713759422302246 -18.58741569519043 1.1452007293701172 -0.19381141662597656 -18.513843536376953 1.1450135707855225 -0.18779206275939941 -18.44040298461914 1.1447418928146362 -0.18050670623779297 -18.366931915283203 1.1444886922836304 -0.17376708984375 -18.293254852294922 1.1442378759384155 -0.16731834411621094 -18.219589233398438 1.143981695175171 -0.16112041473388672 -18.14583969116211 1.1436933279037476 -0.15526676177978516 -19.778553009033203 1.0732183456420898 -0.2110905647277832 -19.7033748626709 1.0732451677322388 -0.2150106430053711 -19.628286361694336 1.0731438398361206 -0.21891450881958008 -19.55319595336914 1.073117971420288 -0.22269248962402344 -19.478178024291992 1.0731141567230225 -0.22561311721801758 -19.403444290161133 1.0729992389678955 -0.22769498825073242 -19.328683853149414 1.0728811025619507 -0.22927379608154297 -19.254058837890625 1.0727832317352295 -0.22972440719604492 -19.17943572998047 1.0726646184921265 -0.22939109802246094 -19.105066299438477 1.072400689125061 -0.22788381576538086 -19.031055450439453 1.0721120834350586 -0.2250833511352539 -18.956867218017578 1.0718082189559937 -0.22186779975891113 -18.88260269165039 1.0715316534042358 -0.21975374221801758 -18.80834197998047 1.071305274963379 -0.2179011106491089 -18.734210968017578 1.0711147785186768 -0.2162352204322815 -18.660306930541992 1.0709470510482788 -0.21443331241607666 -18.586313247680664 1.070723056793213 -0.211533784866333 -18.512699127197266 1.0705336332321167 -0.20716166496276855 -18.439252853393555 1.0702582597732544 -0.2021346092224121 -18.365673065185547 1.0699180364608765 -0.19783258438110352 -18.2919921875 1.0696078538894653 -0.1946244239807129 -18.218257904052734 1.069319248199463 -0.1920790672302246 -18.14440155029297 1.0690416097640991 -0.1902766227722168 -19.778573989868164 0.9992012977600098 -0.23033809661865234 -19.703285217285156 0.9991249442100525 -0.23151683807373047 -19.628171920776367 0.9991099238395691 -0.23295879364013672 -19.553014755249023 0.9990582466125488 -0.23456144332885742 -19.477930068969727 0.9989426136016846 -0.23673200607299805 -19.402976989746094 0.9988164901733398 -0.2392292022705078 -19.328224182128906 0.9986684322357178 -0.24073028564453125 -19.25348472595215 0.9984862804412842 -0.24111366271972656 -19.178789138793945 0.9982750415802002 -0.2409992218017578 -19.104278564453125 0.9980236291885376 -0.2395615577697754 -19.03011131286621 0.9977325201034546 -0.2368910312652588 -18.956096649169922 0.9974220991134644 -0.23406028747558594 -18.88176727294922 0.9971537590026855 -0.23126697540283203 -18.80757713317871 0.9968971014022827 -0.22828280925750732 -18.733413696289062 0.996650218963623 -0.22552788257598877 -18.65938949584961 0.9964276552200317 -0.22277235984802246 -18.58544158935547 0.9962100982666016 -0.21908366680145264 -18.511672973632812 0.9959731101989746 -0.21506989002227783 -18.43811798095703 0.9956872463226318 -0.21133136749267578 -18.36438751220703 0.9953747987747192 -0.2087395191192627 -18.29075813293457 0.9950220584869385 -0.20726466178894043 -18.216938018798828 0.994747519493103 -0.20686912536621094 -18.143009185791016 0.9944318532943726 -0.20807600021362305 -19.778573989868164 0.925229012966156 -0.2531890869140625 -19.70328140258789 0.9252097010612488 -0.2502107620239258 -19.628021240234375 0.9250823855400085 -0.24837779998779297 -19.552841186523438 0.9249415397644043 -0.2476978302001953 -19.477643966674805 0.9248072504997253 -0.24808788299560547 -19.402587890625 0.9246346354484558 -0.24935531616210938 -19.327611923217773 0.924460768699646 -0.25055646896362305 -19.252870559692383 0.9242390990257263 -0.25034332275390625 -19.17795753479004 0.9239095449447632 -0.24913358688354492 -19.103408813476562 0.9236215949058533 -0.24673986434936523 -19.0294246673584 0.9233296513557434 -0.2437424659729004 -18.955291748046875 0.9230495691299438 -0.2405405044555664 -18.880931854248047 0.9227792620658875 -0.23685216903686523 -18.806743621826172 0.9224980473518372 -0.23236894607543945 -18.7325496673584 0.9221928715705872 -0.22800135612487793 -18.65849494934082 0.921933114528656 -0.22337186336517334 -18.58452796936035 0.9216890335083008 -0.2183680534362793 -18.51067543029785 0.9214003682136536 -0.21353495121002197 -18.43699836730957 0.9210894107818604 -0.20973706245422363 -18.363191604614258 0.9207198023796082 -0.2076948881149292 -18.289579391479492 0.9204172492027283 -0.20692050457000732 -18.21573257446289 0.9200971126556396 -0.20750999450683594 -18.141693115234375 0.9197931885719299 -0.21013164520263672 -19.778635025024414 0.8512920141220093 -0.28030967712402344 -19.70334243774414 0.8511988520622253 -0.2719287872314453 -19.627838134765625 0.8510112166404724 -0.2657794952392578 -19.552623748779297 0.850822925567627 -0.26244258880615234 -19.47732925415039 0.8506240248680115 -0.2603015899658203 -19.40208625793457 0.8504151701927185 -0.2593536376953125 -19.32697105407715 0.8501858711242676 -0.2583045959472656 -19.252086639404297 0.8499380946159363 -0.25650787353515625 -19.176979064941406 0.8496105074882507 -0.25295114517211914 -19.102649688720703 0.8492254018783569 -0.249481201171875 -19.02862548828125 0.8489153981208801 -0.24579811096191406 -18.95441436767578 0.8485968708992004 -0.241363525390625 -18.88006591796875 0.8482959270477295 -0.23660039901733398 -18.80582046508789 0.8480144739151001 -0.2310042381286621 -18.731595993041992 0.8477397561073303 -0.22447991371154785 -18.657588958740234 0.8474289774894714 -0.21764707565307617 -18.5835018157959 0.8471317291259766 -0.21072769165039062 -18.509735107421875 0.8468202352523804 -0.20458388328552246 -18.435924530029297 0.8464398384094238 -0.19988059997558594 -18.362205505371094 0.8460951447486877 -0.19720512628555298 -18.28841781616211 0.8457701206207275 -0.19643312692642212 -18.214576721191406 0.8454771637916565 -0.19696348905563354 -18.140499114990234 0.8451618552207947 -0.1989046335220337 -19.778671264648438 0.7772179245948792 -0.3123769760131836 -19.703310012817383 0.7771663665771484 -0.29905128479003906 -19.62777328491211 0.7769572138786316 -0.2875194549560547 -19.552379608154297 0.7767060399055481 -0.2794513702392578 -19.476869583129883 0.7764471173286438 -0.2735099792480469 -19.401546478271484 0.776192843914032 -0.2689857482910156 -19.32637596130371 0.7759440541267395 -0.2643699645996094 -19.251300811767578 0.7756479382514954 -0.2596120834350586 -19.17612075805664 0.7752585411071777 -0.25418853759765625 -19.101898193359375 0.7748849391937256 -0.24856185913085938 -19.027664184570312 0.774463415145874 -0.242645263671875 -18.953508377075195 0.7740320563316345 -0.23715972900390625 -18.879087448120117 0.7736915349960327 -0.23112821578979492 -18.804853439331055 0.7734444737434387 -0.22384119033813477 -18.73061180114746 0.7731736302375793 -0.21556329727172852 -18.656593322753906 0.7728854417800903 -0.20614314079284668 -18.582561492919922 0.7725580334663391 -0.19737839698791504 -18.508691787719727 0.7721890211105347 -0.1896810531616211 -18.434890747070312 0.7718185782432556 -0.1838514804840088 -18.361305236816406 0.7715148329734802 -0.17947900295257568 -18.28732681274414 0.7711868286132812 -0.17697489261627197 -18.21347427368164 0.7707869410514832 -0.1762840747833252 -18.13936996459961 0.770488440990448 -0.1768488883972168 -19.778745651245117 0.70309978723526 -0.34937286376953125 -19.703250885009766 0.7030246257781982 -0.33063507080078125 -19.627593994140625 0.7028524279594421 -0.31389713287353516 -19.552093505859375 0.7025696039199829 -0.2997398376464844 -19.47640609741211 0.7022624015808105 -0.28830909729003906 -19.401002883911133 0.7019519805908203 -0.2784299850463867 -19.325767517089844 0.7016221284866333 -0.2700176239013672 -19.250545501708984 0.7012508511543274 -0.26169681549072266 -19.175457000732422 0.700904369354248 -0.25352001190185547 -19.100914001464844 0.7005425095558167 -0.24509143829345703 -19.02669334411621 0.6999669075012207 -0.23659896850585938 -18.952434539794922 0.699492871761322 -0.22887420654296875 -18.87814712524414 0.6991586089134216 -0.2205219268798828 -18.8038387298584 0.6987497806549072 -0.2115497589111328 -18.72970199584961 0.6985323429107666 -0.2012319564819336 -18.655561447143555 0.6982991099357605 -0.19037294387817383 -18.58163833618164 0.6979691386222839 -0.1795330047607422 -18.507709503173828 0.6976162195205688 -0.16962552070617676 -18.433937072753906 0.6972677111625671 -0.1621391773223877 -18.360292434692383 0.6969349384307861 -0.1553146243095398 -18.28645896911621 0.6965805888175964 -0.15036344528198242 -18.21255111694336 0.6963146328926086 -0.1474614143371582 -18.138242721557617 0.6960300803184509 -0.14512205123901367 -19.778717041015625 0.6289873123168945 -0.38990306854248047 -19.703144073486328 0.6288942098617554 -0.36575889587402344 -19.62735366821289 0.6287227869033813 -0.3432950973510742 -19.551746368408203 0.6284690499305725 -0.3231792449951172 -19.4759521484375 0.6281501650810242 -0.30530452728271484 -19.40045928955078 0.6277881860733032 -0.2896862030029297 -19.32509422302246 0.6273632049560547 -0.27628135681152344 -19.24978256225586 0.62693190574646 -0.2641716003417969 -19.17473030090332 0.6264863610267639 -0.25229358673095703 -19.100234985351562 0.6260442137718201 -0.24067974090576172 -19.025699615478516 0.6255962252616882 -0.22924327850341797 -18.951457977294922 0.6250520348548889 -0.21778011322021484 -18.87718963623047 0.6245279312133789 -0.2072286605834961 -18.802959442138672 0.6241968274116516 -0.19586181640625 -18.72890853881836 0.623910129070282 -0.18338394165039062 -18.65468978881836 0.6236551403999329 -0.17009925842285156 -18.580760955810547 0.6233724355697632 -0.15682601928710938 -18.506816864013672 0.6230499148368835 -0.1450512409210205 -18.432945251464844 0.622695803642273 -0.13463366031646729 -18.359355926513672 0.6223128437995911 -0.12582862377166748 -18.285579681396484 0.6219891309738159 -0.11838626861572266 -18.21170997619629 0.6217279434204102 -0.11133241653442383 -18.137401580810547 0.6215060949325562 -0.1050863265991211 -19.778661727905273 0.554848313331604 -0.43283843994140625 -19.70302391052246 0.554738461971283 -0.4035663604736328 -19.627138137817383 0.5545963048934937 -0.3753166198730469 -19.55133819580078 0.5543210506439209 -0.34893798828125 -19.47551155090332 0.5539973378181458 -0.32480430603027344 -19.399898529052734 0.5535849332809448 -0.3031930923461914 -19.324363708496094 0.5531297922134399 -0.2846040725708008 -19.24906349182129 0.552669882774353 -0.2675161361694336 -19.173904418945312 0.5521290898323059 -0.2514686584472656 -19.099374771118164 0.5515884160995483 -0.23597049713134766 -19.024721145629883 0.5510150194168091 -0.22097015380859375 -18.95034408569336 0.5504598021507263 -0.20685863494873047 -18.876235961914062 0.5499919652938843 -0.19245052337646484 -18.80206298828125 0.5495904088020325 -0.17781543731689453 -18.728017807006836 0.5492788553237915 -0.16249752044677734 -18.65391731262207 0.5490161776542664 -0.14606475830078125 -18.57994270324707 0.5487446188926697 -0.13008546829223633 -18.505958557128906 0.5484460592269897 -0.1153116226196289 -18.432056427001953 0.5481474995613098 -0.10206723213195801 -18.358478546142578 0.547849178314209 -0.09021812677383423 -18.284751892089844 0.5475616455078125 -0.07933712005615234 -18.210865020751953 0.5472656488418579 -0.06867694854736328 -18.13665771484375 0.5470122694969177 -0.05815601348876953 -19.778623580932617 0.48067593574523926 -0.47881317138671875 -19.70286750793457 0.48059573769569397 -0.4437570571899414 -19.626890182495117 0.48038607835769653 -0.4095573425292969 -19.55097198486328 0.48011213541030884 -0.37642860412597656 -19.47503089904785 0.4797512888908386 -0.34616851806640625 -19.399272918701172 0.4793289601802826 -0.31899452209472656 -19.323627471923828 0.4788542687892914 -0.29437255859375 -19.248199462890625 0.47828787565231323 -0.27216148376464844 -19.172883987426758 0.47772887349128723 -0.25150489807128906 -19.098264694213867 0.47707536816596985 -0.2316722869873047 -19.023622512817383 0.47637835144996643 -0.2128582000732422 -18.94930076599121 0.4758235812187195 -0.19504928588867188 -18.875289916992188 0.47537142038345337 -0.17722797393798828 -18.801137924194336 0.47500869631767273 -0.15853500366210938 -18.727148056030273 0.4746876657009125 -0.1388397216796875 -18.653175354003906 0.4744047224521637 -0.1188201904296875 -18.579185485839844 0.47415101528167725 -0.09948348999023438 -18.50522232055664 0.47393327951431274 -0.08112812042236328 -18.431346893310547 0.47368481755256653 -0.0641334056854248 -18.35765266418457 0.4733969569206238 -0.048812851309776306 -18.283924102783203 0.47310328483581543 -0.034334659576416016 -18.210086822509766 0.47283077239990234 -0.019769668579101562 -18.135894775390625 0.4726136326789856 -0.005103111267089844 -19.778545379638672 0.4064238965511322 -0.5277185440063477 -19.70267677307129 0.40624716877937317 -0.48586463928222656 -19.626588821411133 0.4060564935207367 -0.44547271728515625 -19.550617218017578 0.4058018624782562 -0.4063072204589844 -19.474578857421875 0.4054505527019501 -0.3693733215332031 -19.398574829101562 0.40500855445861816 -0.3360786437988281 -19.322782516479492 0.40447577834129333 -0.30583763122558594 -19.24714469909668 0.40390515327453613 -0.27843284606933594 -19.17190170288086 0.40326687693595886 -0.2525634765625 -19.096736907958984 0.4025023281574249 -0.22800064086914062 -19.022436141967773 0.4017373323440552 -0.20481491088867188 -18.948307037353516 0.40116068720817566 -0.1832427978515625 -18.874284744262695 0.40076008439064026 -0.16117286682128906 -18.80034637451172 0.40040889382362366 -0.13790321350097656 -18.726377487182617 0.4001188576221466 -0.11373329162597656 -18.652565002441406 0.3998531699180603 -0.08959484100341797 -18.578598022460938 0.39963990449905396 -0.0663003921508789 -18.50478744506836 0.3994658887386322 -0.04353141784667969 -18.43072509765625 0.3992469310760498 -0.02238941192626953 -18.356945037841797 0.39899200201034546 -0.002709805965423584 -18.283180236816406 0.39870789647102356 0.016216754913330078 -18.20937728881836 0.39843565225601196 0.03481006622314453 -18.135211944580078 0.3982697129249573 0.05353736877441406 -19.778411865234375 0.33201318979263306 -0.5778608322143555 -19.702407836914062 0.33183252811431885 -0.5294017791748047 -19.626270294189453 0.33160868287086487 -0.4822864532470703 -19.550113677978516 0.33131611347198486 -0.4371604919433594 -19.474050521850586 0.3310143053531647 -0.3944988250732422 -19.397878646850586 0.3305967450141907 -0.3547992706298828 -19.32189178466797 0.33008211851119995 -0.3189353942871094 -19.24603843688965 0.329487144947052 -0.2859477996826172 -19.170461654663086 0.3287486433982849 -0.2549152374267578 -19.09534454345703 0.32791459560394287 -0.22553062438964844 -19.02115821838379 0.327176570892334 -0.19762611389160156 -18.947221755981445 0.32660049200057983 -0.17102432250976562 -18.873380661010742 0.32615965604782104 -0.14487457275390625 -18.799570083618164 0.3258730173110962 -0.11712455749511719 -18.72580909729004 0.32563647627830505 -0.08815193176269531 -18.651973724365234 0.3254088759422302 -0.05948638916015625 -18.578161239624023 0.32520294189453125 -0.03123950958251953 -18.504377365112305 0.32501521706581116 -0.004029273986816406 -18.43023109436035 0.3248385488986969 0.02188730239868164 -18.356342315673828 0.32462918758392334 0.04645693302154541 -18.28260040283203 0.324404776096344 0.07038116455078125 -18.208820343017578 0.32417941093444824 0.09355449676513672 -18.134634017944336 0.32399189472198486 0.11639404296875 -19.77824592590332 0.25729212164878845 -0.6283884048461914 -19.7021484375 0.2571461498737335 -0.5734081268310547 -19.62591552734375 0.25697219371795654 -0.5196266174316406 -19.549650192260742 0.25673380494117737 -0.4681739807128906 -19.473445892333984 0.25639164447784424 -0.4202308654785156 -19.39714813232422 0.2560209631919861 -0.37549591064453125 -19.320968627929688 0.2555578052997589 -0.33382415771484375 -19.24491310119629 0.2549532353878021 -0.29501914978027344 -19.168874740600586 0.2541794180870056 -0.2589397430419922 -19.093793869018555 0.2533668875694275 -0.2248363494873047 -19.020017623901367 0.2526453733444214 -0.19216346740722656 -18.946208953857422 0.25210532546043396 -0.16068077087402344 -18.87244415283203 0.25173646211624146 -0.1289196014404297 -18.798877716064453 0.251467227935791 -0.09637641906738281 -18.72527313232422 0.2512287497520447 -0.06296730041503906 -18.651470184326172 0.2510167062282562 -0.029268264770507812 -18.57771873474121 0.2508365511894226 0.004265785217285156 -18.50397491455078 0.25063860416412354 0.03636741638183594 -18.429893493652344 0.25048792362213135 0.06720924377441406 -18.35598373413086 0.250360369682312 0.09718704223632812 -18.282203674316406 0.25020983815193176 0.12611126899719238 -18.20836639404297 0.25004324316978455 0.15428924560546875 -18.134136199951172 0.24984097480773926 0.18227577209472656 -19.77814483642578 0.18233761191368103 -0.6786155700683594 -19.70189666748047 0.18227429687976837 -0.6176586151123047 -19.62559700012207 0.18219514191150665 -0.5575199127197266 -19.549325942993164 0.18197911977767944 -0.5005016326904297 -19.472867965698242 0.18170814216136932 -0.4473133087158203 -19.39642333984375 0.18138669431209564 -0.3971290588378906 -19.320037841796875 0.18092212080955505 -0.35002899169921875 -19.243728637695312 0.1802917718887329 -0.3062248229980469 -19.167522430419922 0.17958666384220123 -0.26531028747558594 -19.092540740966797 0.1788194328546524 -0.2265605926513672 -19.018835067749023 0.17821364104747772 -0.1890697479248047 -18.945232391357422 0.17772263288497925 -0.15146446228027344 -18.871667861938477 0.1774018406867981 -0.11380386352539062 -18.798160552978516 0.17715582251548767 -0.07622718811035156 -18.724525451660156 0.17692913115024567 -0.03793144226074219 -18.65086555480957 0.17672580480575562 0.0003910064697265625 -18.577346801757812 0.17656055092811584 0.038738250732421875 -18.503599166870117 0.1763800084590912 0.07614803314208984 -18.429576873779297 0.17621636390686035 0.11216545104980469 -18.355735778808594 0.17608126997947693 0.1473393440246582 -18.281831741333008 0.17595785856246948 0.1818474531173706 -18.20804214477539 0.17577198147773743 0.21600914001464844 -18.133800506591797 0.17564757168293 0.2496662139892578 -19.77808380126953 0.10739351809024811 -0.7280998229980469 -19.701730728149414 0.10736813396215439 -0.6615095138549805 -19.625343322753906 0.10727165639400482 -0.5968618392944336 -19.548961639404297 0.10710522532463074 -0.5350494384765625 -19.472320556640625 0.10690101236104965 -0.4763660430908203 -19.395763397216797 0.10660132765769958 -0.42059898376464844 -19.319143295288086 0.10620292276144028 -0.3688812255859375 -19.24266815185547 0.10567808151245117 -0.32010459899902344 -19.166162490844727 0.10498248040676117 -0.27477455139160156 -19.091136932373047 0.10427741706371307 -0.2309551239013672 -19.017770767211914 0.10374094545841217 -0.18762969970703125 -18.944427490234375 0.10336898267269135 -0.14400100708007812 -18.870973587036133 0.10303787887096405 -0.10121536254882812 -18.797508239746094 0.10287544876337051 -0.057971954345703125 -18.723915100097656 0.10271745175123215 -0.0144805908203125 -18.65026092529297 0.10255010426044464 0.028947830200195312 -18.576831817626953 0.10239139199256897 0.07186508178710938 -18.503137588500977 0.1022227555513382 0.11411285400390625 -18.429250717163086 0.10207103192806244 0.15527629852294922 -18.35543441772461 0.10196207463741302 0.19592761993408203 -18.281599044799805 0.10186657309532166 0.23676562309265137 -18.207685470581055 0.1016932874917984 0.2771472930908203 -18.13370704650879 0.10158121585845947 0.31680870056152344 -19.777938842773438 0.03235501050949097 -0.7759003639221191 -19.70159149169922 0.03226754069328308 -0.7062015533447266 -19.625083923339844 0.032216623425483704 -0.6380414962768555 -19.54861831665039 0.032094888389110565 -0.5719242095947266 -19.47190284729004 0.031918466091156006 -0.5084018707275391 -19.395191192626953 0.03168914094567299 -0.4481525421142578 -19.318374633789062 0.03134973347187042 -0.39130401611328125 -19.241586685180664 0.030878107994794846 -0.3384265899658203 -19.1648006439209 0.03033362701535225 -0.2876625061035156 -19.08976936340332 0.02976982295513153 -0.23821640014648438 -19.016769409179688 0.029319748282432556 -0.18903350830078125 -18.943464279174805 0.02899421751499176 -0.13992691040039062 -18.870323181152344 0.02881014347076416 -0.09075164794921875 -18.796926498413086 0.02866390347480774 -0.042064666748046875 -18.723323822021484 0.02854888141155243 0.0068683624267578125 -18.649810791015625 0.028450503945350647 0.055767059326171875 -18.576248168945312 0.028306305408477783 0.10369110107421875 -18.50267219543457 0.028156563639640808 0.15029525756835938 -18.428802490234375 0.028056293725967407 0.1964092254638672 -18.355087280273438 0.027926772832870483 0.24306964874267578 -18.281322479248047 0.027776509523391724 0.2894744873046875 -18.20751190185547 0.02766519784927368 0.33612513542175293 -18.133678436279297 0.027592778205871582 0.3822746276855469 -19.777793884277344 -0.04289215803146362 -0.8221622705459595 -19.701379776000977 -0.042949557304382324 -0.7499990463256836 -19.624847412109375 -0.043059684336185455 -0.6793994903564453 -19.548202514648438 -0.04315982758998871 -0.6104717254638672 -19.471515655517578 -0.043257467448711395 -0.5435333251953125 -19.39468002319336 -0.0434291698038578 -0.4795951843261719 -19.317703247070312 -0.0435982346534729 -0.4191741943359375 -19.24052619934082 -0.04384955018758774 -0.3608665466308594 -19.163461685180664 -0.0443214476108551 -0.30426025390625 -19.088768005371094 -0.04478028416633606 -0.24858856201171875 -19.01563262939453 -0.04506640136241913 -0.19319915771484375 -18.94272232055664 -0.045261889696121216 -0.13743972778320312 -18.869495391845703 -0.045413538813591 -0.08255386352539062 -18.796249389648438 -0.045496806502342224 -0.027923583984375 -18.72272491455078 -0.04553350806236267 0.02649688720703125 -18.649274826049805 -0.0456068217754364 0.08046913146972656 -18.575836181640625 -0.04568195343017578 0.13297653198242188 -18.502229690551758 -0.045754969120025635 0.18494796752929688 -18.428346633911133 -0.04584220051765442 0.2363872528076172 -18.354602813720703 -0.045970022678375244 0.2884941101074219 -18.281044006347656 -0.04610121250152588 0.3407406806945801 -18.207406997680664 -0.04617956280708313 0.392899751663208 -18.13375473022461 -0.046218276023864746 0.4453926086425781 -19.777626037597656 -0.11841847002506256 -0.8664984703063965 -19.701173782348633 -0.11850551515817642 -0.7923976182937622 -19.624553680419922 -0.11865948140621185 -0.7200164794921875 -19.547805786132812 -0.11873574554920197 -0.6493978500366211 -19.47117042541504 -0.11873483657836914 -0.5810222625732422 -19.394222259521484 -0.11863686889410019 -0.5149440765380859 -19.317047119140625 -0.11868307739496231 -0.45088768005371094 -19.239713668823242 -0.11876584589481354 -0.3873443603515625 -19.161970138549805 -0.11897006630897522 -0.32465362548828125 -19.087661743164062 -0.11926916241645813 -0.26251983642578125 -19.014854431152344 -0.11941084265708923 -0.20049667358398438 -18.94197654724121 -0.11946964263916016 -0.13861083984375 -18.86883544921875 -0.11947283148765564 -0.0767059326171875 -18.795574188232422 -0.1195116639137268 -0.0153350830078125 -18.722253799438477 -0.11952602863311768 0.04474639892578125 -18.64881706237793 -0.11949211359024048 0.10354042053222656 -18.57542610168457 -0.119452565908432 0.1615581512451172 -18.501739501953125 -0.11951610445976257 0.21872329711914062 -18.42790985107422 -0.11959582567214966 0.2754402160644531 -18.354145050048828 -0.11966735124588013 0.33307552337646484 -18.280826568603516 -0.11981350183486938 0.3907909393310547 -18.207239151000977 -0.11989867687225342 0.448575496673584 -18.133811950683594 -0.11994600296020508 0.5062940120697021 -19.777664184570312 -0.19427789747714996 -0.9092159271240234 -19.700956344604492 -0.19432325661182404 -0.8343868255615234 -19.624347686767578 -0.19437868893146515 -0.760831356048584 -19.547563552856445 -0.19440123438835144 -0.6895475387573242 -19.4708194732666 -0.19433486461639404 -0.6202850341796875 -19.39381217956543 -0.19423756003379822 -0.5524787902832031 -19.3165283203125 -0.19404903054237366 -0.4850330352783203 -19.239032745361328 -0.1938621699810028 -0.4170074462890625 -19.160930633544922 -0.19376462697982788 -0.3483314514160156 -19.086658477783203 -0.19372302293777466 -0.279571533203125 -19.014110565185547 -0.19366991519927979 -0.21051025390625 -18.941240310668945 -0.1935018002986908 -0.14176177978515625 -18.86817741394043 -0.19337525963783264 -0.07226943969726562 -18.79503631591797 -0.1933363974094391 -0.00414276123046875 -18.72177505493164 -0.1932632029056549 0.06195068359375 -18.648509979248047 -0.19315624237060547 0.1264801025390625 -18.574941635131836 -0.1931406855583191 0.18967819213867188 -18.50126075744629 -0.19316333532333374 0.25206947326660156 -18.42752456665039 -0.19316840171813965 0.3144512176513672 -18.35382080078125 -0.1932193636894226 0.3767528533935547 -18.280494689941406 -0.19327807426452637 0.43955039978027344 -18.20716094970703 -0.19338691234588623 0.502471923828125 -18.133872985839844 -0.19339174032211304 0.5655858516693115 -19.777664184570312 -0.2704963982105255 -0.9504032135009766 -19.700767517089844 -0.2705656588077545 -0.8761868476867676 -19.624094009399414 -0.27059483528137207 -0.8030802011489868 -19.547409057617188 -0.270524263381958 -0.7315549850463867 -19.47051239013672 -0.27034807205200195 -0.6612777709960938 -19.393566131591797 -0.2700519561767578 -0.5914344787597656 -19.31625747680664 -0.2696152627468109 -0.5210418701171875 -19.238536834716797 -0.2691271901130676 -0.4485931396484375 -19.160369873046875 -0.2686246335506439 -0.374267578125 -19.086017608642578 -0.2681567966938019 -0.2988166809082031 -19.01369857788086 -0.267787903547287 -0.22231674194335938 -18.94076919555664 -0.2673240303993225 -0.1454315185546875 -18.86774444580078 -0.2670573592185974 -0.0691986083984375 -18.794618606567383 -0.26690125465393066 0.006072998046875 -18.721525192260742 -0.2668139338493347 0.07862091064453125 -18.648141860961914 -0.266634464263916 0.14959716796875 -18.574556350708008 -0.2665863037109375 0.21885299682617188 -18.500850677490234 -0.2665524482727051 0.28653907775878906 -18.427162170410156 -0.26662492752075195 0.35347938537597656 -18.353607177734375 -0.2666098475456238 0.4198188781738281 -18.280227661132812 -0.2665932774543762 0.48687744140625 -18.207096099853516 -0.26656728982925415 0.5550508499145508 -18.133928298950195 -0.2665690779685974 0.6242456436157227 -19.777502059936523 -0.34719955921173096 -0.9904041290283203 -19.700572967529297 -0.3472621440887451 -0.9176969528198242 -19.623809814453125 -0.34717100858688354 -0.8457813262939453 -19.547164916992188 -0.3469886779785156 -0.7748064994812012 -19.47040557861328 -0.3466853201389313 -0.7038516998291016 -19.393524169921875 -0.34620201587677 -0.6323509216308594 -19.316211700439453 -0.34546196460723877 -0.5585746765136719 -19.238494873046875 -0.34450671076774597 -0.4816932678222656 -19.16025161743164 -0.34350457787513733 -0.4014472961425781 -19.08602523803711 -0.3425099849700928 -0.3190727233886719 -19.013687133789062 -0.34156909584999084 -0.23572158813476562 -18.940750122070312 -0.34085047245025635 -0.15142822265625 -18.867555618286133 -0.3403778076171875 -0.067413330078125 -18.794357299804688 -0.34013473987579346 0.015621185302734375 -18.72129249572754 -0.3400617837905884 0.0964813232421875 -18.64801597595215 -0.34003227949142456 0.1746978759765625 -18.57439422607422 -0.3399915099143982 0.24991607666015625 -18.500598907470703 -0.3400156497955322 0.3223724365234375 -18.426889419555664 -0.3400091528892517 0.3925647735595703 -18.353485107421875 -0.33991289138793945 0.4625415802001953 -18.28005027770996 -0.33972489833831787 0.5337963104248047 -18.20713233947754 -0.3394915461540222 0.6072807312011719 -18.133970260620117 -0.33929991722106934 0.6832695007324219 -19.780685424804688 2.1792514324188232 -0.7899928092956543 -19.705406188964844 2.1793456077575684 -0.6030547618865967 -19.630130767822266 2.1792869567871094 -0.4203346371650696 -19.554956436157227 2.1792922019958496 -0.24364309012889862 -19.480072021484375 2.1792476177215576 -0.0755540132522583 -19.40501594543457 2.179062843322754 0.08255290985107422 -19.329864501953125 2.179001569747925 0.23038458824157715 -19.255083084106445 2.1788904666900635 0.3683915138244629 -19.18018341064453 2.178659439086914 0.4974842071533203 -19.10541534423828 2.178417682647705 0.6201708316802979 -19.03091049194336 2.178103446960449 0.7393741607666016 -18.956205368041992 2.177689552307129 0.8572983741760254 -18.881433486938477 2.1773276329040527 0.9755239486694336 -18.806774139404297 2.1769587993621826 1.095177412033081 -18.732345581054688 2.17655348777771 1.2177541255950928 -18.65825653076172 2.176093339920044 1.3448455333709717 -18.584423065185547 2.175621271133423 1.47822904586792 -18.510744094848633 2.175017833709717 1.6193482875823975 -18.436569213867188 2.174426555633545 1.769040584564209 -18.36216926574707 2.1739699840545654 1.927027702331543 -18.28818130493164 2.1735637187957764 2.0917463302612305 -18.214563369750977 2.173264980316162 2.2608699798583984 -18.141925811767578 2.1730728149414062 2.431415557861328 -19.780763626098633 2.1056718826293945 -0.6792169809341431 -19.705337524414062 2.1057288646698 -0.5227380990982056 -19.63002586364746 2.105837345123291 -0.36976170539855957 -19.554807662963867 2.1058452129364014 -0.22183144092559814 -19.4797306060791 2.105813980102539 -0.08034801483154297 -19.404699325561523 2.105769395828247 0.05262184143066406 -19.329683303833008 2.1057004928588867 0.17720770835876465 -19.254789352416992 2.1056015491485596 0.29372429847717285 -19.180017471313477 2.1053872108459473 0.4040858745574951 -19.105257034301758 2.1050896644592285 0.5109529495239258 -19.03070831298828 2.1047098636627197 0.6165814399719238 -18.956066131591797 2.104358434677124 0.7218976020812988 -18.88147735595703 2.1040546894073486 0.8272135257720947 -18.806861877441406 2.103754758834839 0.933828592300415 -18.732486724853516 2.1034352779388428 1.0427836179733276 -18.658370971679688 2.103027105331421 1.1564356088638306 -18.58444595336914 2.1025660037994385 1.2768840789794922 -18.510578155517578 2.1020779609680176 1.4039902687072754 -18.436603546142578 2.1015729904174805 1.5382513999938965 -18.362380981445312 2.101163148880005 1.6789608001708984 -18.28847885131836 2.100952386856079 1.8245630264282227 -18.214900970458984 2.1007840633392334 1.9733562469482422 -18.142024993896484 2.100517749786377 2.126005172729492 -19.780569076538086 2.0322699546813965 -0.5762104988098145 -19.70514488220215 2.0323331356048584 -0.4486231803894043 -19.629783630371094 2.0323402881622314 -0.32372021675109863 -19.554601669311523 2.032292366027832 -0.20260047912597656 -19.479537963867188 2.032334566116333 -0.08643686771392822 -19.404460906982422 2.032348155975342 0.023357868194580078 -19.32953643798828 2.0323128700256348 0.1260131597518921 -19.254648208618164 2.032162666320801 0.22323107719421387 -19.180002212524414 2.0319173336029053 0.3161654472351074 -19.10524559020996 2.0316150188446045 0.40803050994873047 -19.030736923217773 2.0313174724578857 0.5001800060272217 -18.956043243408203 2.031022310256958 0.5926201343536377 -18.881622314453125 2.030797243118286 0.6856317520141602 -18.807090759277344 2.0305802822113037 0.7794704437255859 -18.732746124267578 2.0302722454071045 0.8755600452423096 -18.658584594726562 2.0298213958740234 0.9757741689682007 -18.58466911315918 2.029419422149658 1.0823233127593994 -18.51073455810547 2.029081106185913 1.195265293121338 -18.436660766601562 2.028648853302002 1.3143248558044434 -18.36264419555664 2.028306722640991 1.4388456344604492 -18.288921356201172 2.0281620025634766 1.5666313171386719 -18.215335845947266 2.0279877185821533 1.6970844268798828 -18.142101287841797 2.027670383453369 1.8311100006103516 -19.78020668029785 1.9589529037475586 -0.4832029342651367 -19.704822540283203 1.958946704864502 -0.3822798728942871 -19.629594802856445 1.958946704864502 -0.28365421295166016 -19.55442237854004 1.9589366912841797 -0.18700075149536133 -19.47934341430664 1.9588234424591064 -0.09404730796813965 -19.404321670532227 1.9589409828186035 -0.006072521209716797 -19.329477310180664 1.9589178562164307 0.07770276069641113 -19.254661560058594 1.9587833881378174 0.15763914585113525 -19.179973602294922 1.9585473537445068 0.23560643196105957 -19.10536003112793 1.9582924842834473 0.31343233585357666 -19.030807495117188 1.957949161529541 0.39270520210266113 -18.956207275390625 1.9577314853668213 0.47252798080444336 -18.881776809692383 1.9575231075286865 0.5530365705490112 -18.807371139526367 1.9573147296905518 0.6347767114639282 -18.733064651489258 1.9569594860076904 0.7184619903564453 -18.658960342407227 1.9566786289215088 0.8060206770896912 -18.58496856689453 1.956333875656128 0.8987588882446289 -18.51099395751953 1.9559931755065918 0.9975061416625977 -18.436939239501953 1.9556851387023926 1.1017341613769531 -18.363025665283203 1.9553675651550293 1.2104053497314453 -18.289276123046875 1.9550974369049072 1.3218421936035156 -18.215660095214844 1.9548964500427246 1.4356632232666016 -18.142261505126953 1.9546661376953125 1.5516777038574219 -19.779788970947266 1.8856217861175537 -0.40175628662109375 -19.70456314086914 1.8856635093688965 -0.3246455192565918 -19.629404067993164 1.8856747150421143 -0.2493610382080078 -19.55420684814453 1.8856377601623535 -0.17572736740112305 -19.47913360595703 1.8855829238891602 -0.1043252944946289 -19.40428352355957 1.8855135440826416 -0.03493833541870117 -19.329442977905273 1.8854074478149414 0.03245079517364502 -19.254655838012695 1.885227918624878 0.09784483909606934 -19.180057525634766 1.8849897384643555 0.16289961338043213 -19.105436325073242 1.8847439289093018 0.22804474830627441 -19.030963897705078 1.884504795074463 0.29501187801361084 -18.956388473510742 1.884277105331421 0.36263787746429443 -18.88199234008789 1.8840100765228271 0.43132495880126953 -18.807615280151367 1.883751630783081 0.5018062591552734 -18.733430862426758 1.8835294246673584 0.5740777254104614 -18.65935516357422 1.8832857608795166 0.6494332551956177 -18.58529281616211 1.8830158710479736 0.728823184967041 -18.51129913330078 1.8826625347137451 0.8141489028930664 -18.437278747558594 1.88238525390625 0.9038934707641602 -18.363399505615234 1.8821256160736084 0.9972286224365234 -18.289587020874023 1.8818881511688232 1.0934295654296875 -18.21595001220703 1.881657600402832 1.1911144256591797 -18.14246368408203 1.8814547061920166 1.2906112670898438 -19.779422760009766 1.8122472763061523 -0.33274173736572266 -19.704240798950195 1.8122384548187256 -0.2763652801513672 -19.629234313964844 1.8122901916503906 -0.2212505340576172 -19.55406379699707 1.812288522720337 -0.16822147369384766 -19.479076385498047 1.812183141708374 -0.11510038375854492 -19.40423583984375 1.8120324611663818 -0.0623171329498291 -19.329408645629883 1.8118340969085693 -0.009065747261047363 -19.25458526611328 1.8116521835327148 0.04470747709274292 -19.180082321166992 1.8114571571350098 0.09778118133544922 -19.105541229248047 1.8111968040466309 0.15234065055847168 -19.031103134155273 1.810981035232544 0.2079683542251587 -18.956554412841797 1.8107128143310547 0.26405107975006104 -18.882184982299805 1.8104729652404785 0.3225058317184448 -18.80789566040039 1.8102705478668213 0.38128650188446045 -18.733732223510742 1.8100693225860596 0.44317901134490967 -18.659626007080078 1.8098535537719727 0.5069705247879028 -18.58562660217285 1.8095569610595703 0.5742530822753906 -18.51163101196289 1.8092916011810303 0.6462435722351074 -18.43768882751465 1.8090174198150635 0.7225790023803711 -18.363723754882812 1.8087668418884277 0.8019790649414062 -18.289905548095703 1.8084924221038818 0.8831863403320312 -18.21623992919922 1.8082339763641357 0.9658889770507812 -18.14261817932129 1.8080005645751953 1.0503082275390625 -19.779083251953125 1.7388103008270264 -0.2766103744506836 -19.703903198242188 1.7388086318969727 -0.23800277709960938 -19.62902069091797 1.7387845516204834 -0.19986581802368164 -19.554000854492188 1.7387244701385498 -0.16229724884033203 -19.479021072387695 1.7386622428894043 -0.12457275390625 -19.404218673706055 1.7384600639343262 -0.08608794212341309 -19.32931137084961 1.7381880283355713 -0.04521167278289795 -19.254634857177734 1.737997055053711 -0.0023695826530456543 -19.18014144897461 1.7378413677215576 0.041055917739868164 -19.105527877807617 1.7376151084899902 0.0852283239364624 -19.031116485595703 1.737360954284668 0.1307758092880249 -18.95670509338379 1.737161636352539 0.17729413509368896 -18.882282257080078 1.7369396686553955 0.22539019584655762 -18.80813217163086 1.7367074489593506 0.27484115958213806 -18.733972549438477 1.736567497253418 0.3255152106285095 -18.659870147705078 1.7363545894622803 0.3782322406768799 -18.58584976196289 1.7360868453979492 0.43439435958862305 -18.511930465698242 1.7357871532440186 0.49430084228515625 -18.437978744506836 1.7355372905731201 0.5581998825073242 -18.363990783691406 1.7353111505508423 0.6239967346191406 -18.290180206298828 1.7350564002990723 0.6916999816894531 -18.216434478759766 1.7347493171691895 0.7612018585205078 -18.1428279876709 1.7345036268234253 0.8321990966796875 -19.778778076171875 1.665242314338684 -0.23320484161376953 -19.70374298095703 1.6652697324752808 -0.2093820571899414 -19.628808975219727 1.6652253866195679 -0.1853013038635254 -19.553916931152344 1.6651217937469482 -0.16054868698120117 -19.47896385192871 1.6649725437164307 -0.13449382781982422 -19.404197692871094 1.6647801399230957 -0.10647428035736084 -19.32936668395996 1.6645429134368896 -0.0758172869682312 -19.254756927490234 1.6643424034118652 -0.04262429475784302 -19.18016242980957 1.6641552448272705 -0.008260518312454224 -19.105609893798828 1.663977861404419 0.026554256677627563 -19.031213760375977 1.6637985706329346 0.062339961528778076 -18.956741333007812 1.6635773181915283 0.09988486766815186 -18.88227653503418 1.6633459329605103 0.13896560668945312 -18.80821418762207 1.6631159782409668 0.1791369616985321 -18.734256744384766 1.6629388332366943 0.22045862674713135 -18.66015625 1.6627579927444458 0.2632935047149658 -18.586090087890625 1.662515640258789 0.3086872100830078 -18.512121200561523 1.6622631549835205 0.3578958511352539 -18.4381103515625 1.6619877815246582 0.4099416732788086 -18.364238739013672 1.6617671251296997 0.46356964111328125 -18.290334701538086 1.661521315574646 0.5191612243652344 -18.216583251953125 1.661272644996643 0.5764522552490234 -18.142932891845703 1.6609488725662231 0.6351051330566406 -19.778512954711914 1.5916705131530762 -0.20192527770996094 -19.703521728515625 1.5916467905044556 -0.1900935173034668 -19.628602981567383 1.591536521911621 -0.17702007293701172 -19.553747177124023 1.5913734436035156 -0.16207456588745117 -19.478843688964844 1.5911986827850342 -0.1447131633758545 -19.404125213623047 1.5910134315490723 -0.12440240383148193 -19.329320907592773 1.5908501148223877 -0.10159724950790405 -19.254722595214844 1.5906702280044556 -0.07648058235645294 -19.180076599121094 1.5905143022537231 -0.050540827214717865 -19.10562515258789 1.5903376340866089 -0.02404196560382843 -19.031301498413086 1.5901501178741455 0.003179609775543213 -18.956714630126953 1.5899393558502197 0.0320621132850647 -18.882301330566406 1.5897216796875 0.0626268982887268 -18.80815887451172 1.5895262956619263 0.09465471655130386 -18.734535217285156 1.5893423557281494 0.12758558988571167 -18.660240173339844 1.5891412496566772 0.1616194248199463 -18.58629608154297 1.5889098644256592 0.19772911071777344 -18.51220703125 1.5886567831039429 0.23618030548095703 -18.438209533691406 1.5884004831314087 0.2774391174316406 -18.364383697509766 1.5881894826889038 0.3207225799560547 -18.290485382080078 1.5879604816436768 0.3653144836425781 -18.216712951660156 1.5876609086990356 0.41129112243652344 -18.143043518066406 1.5873384475708008 0.45905303955078125 -19.778263092041016 1.5180710554122925 -0.1815352439880371 -19.7032470703125 1.5180031061172485 -0.1787867546081543 -19.628341674804688 1.5178769826889038 -0.17427778244018555 -19.5535888671875 1.517656683921814 -0.16645479202270508 -19.478662490844727 1.5174587965011597 -0.15525376796722412 -19.40399169921875 1.5172057151794434 -0.1412205696105957 -19.32930564880371 1.5170438289642334 -0.12397892773151398 -19.254596710205078 1.5169047117233276 -0.10574328899383545 -19.180034637451172 1.516762614250183 -0.08670517802238464 -19.105607986450195 1.5166184902191162 -0.06739164888858795 -19.03118896484375 1.516430377960205 -0.047425515949726105 -18.956743240356445 1.5161943435668945 -0.02646690607070923 -18.882341384887695 1.515999674797058 -0.003517046570777893 -18.808244705200195 1.5158168077468872 0.020938366651535034 -18.734434127807617 1.5155969858169556 0.04649710655212402 -18.660337448120117 1.5154191255569458 0.07267904281616211 -18.586318969726562 1.5151809453964233 0.09990167617797852 -18.5122127532959 1.5149160623550415 0.12926483154296875 -18.43824005126953 1.514701008796692 0.16037845611572266 -18.364410400390625 1.514420747756958 0.19400405883789062 -18.290613174438477 1.5141793489456177 0.2300548553466797 -18.216808319091797 1.5139460563659668 0.26686859130859375 -18.143192291259766 1.5136464834213257 0.30506134033203125 -19.778038024902344 1.4442250728607178 -0.17085742950439453 -19.703044891357422 1.4441777467727661 -0.17434120178222656 -19.628128051757812 1.4440383911132812 -0.17548918724060059 -19.55333709716797 1.4438384771347046 -0.17302072048187256 -19.478479385375977 1.4436159133911133 -0.16682803630828857 -19.403820037841797 1.4434391260147095 -0.15722277760505676 -19.32904815673828 1.443207025527954 -0.14525043964385986 -19.254426956176758 1.4430335760116577 -0.13221406936645508 -19.179908752441406 1.4429069757461548 -0.1186075210571289 -19.10548973083496 1.442779541015625 -0.10487020015716553 -19.03105926513672 1.4425796270370483 -0.0908990204334259 -18.956722259521484 1.4424055814743042 -0.07596255838871002 -18.882383346557617 1.442198395729065 -0.059772394597530365 -18.808269500732422 1.4420390129089355 -0.042038947343826294 -18.73427963256836 1.4418617486953735 -0.023399949073791504 -18.6602725982666 1.4415818452835083 -0.0040242671966552734 -18.58621597290039 1.4413433074951172 0.015419483184814453 -18.51226043701172 1.4411134719848633 0.03545379638671875 -18.438323974609375 1.4408447742462158 0.05836009979248047 -18.364456176757812 1.440582036972046 0.08420085906982422 -18.290691375732422 1.4403120279312134 0.11295127868652344 -18.216854095458984 1.4401142597198486 0.14276885986328125 -18.143138885498047 1.4398103952407837 0.17310523986816406 -19.777812957763672 1.3701967000961304 -0.16897368431091309 -19.702838897705078 1.3701412677764893 -0.1755613088607788 -19.627941131591797 1.3700038194656372 -0.1800420880317688 -19.553091049194336 1.3698126077651978 -0.18114197254180908 -19.47835922241211 1.3696340322494507 -0.17859214544296265 -19.403522491455078 1.3694299459457397 -0.17281901836395264 -19.328777313232422 1.3692069053649902 -0.16505515575408936 -19.254196166992188 1.3690539598464966 -0.15606236457824707 -19.179719924926758 1.3688524961471558 -0.1470392942428589 -19.105318069458008 1.3686823844909668 -0.13777875900268555 -19.031017303466797 1.3685652017593384 -0.12815380096435547 -18.95669174194336 1.3684417009353638 -0.11796820163726807 -18.882328033447266 1.368267297744751 -0.10705345869064331 -18.80815887451172 1.3681074380874634 -0.09524190425872803 -18.734134674072266 1.367871642112732 -0.08279538154602051 -18.660045623779297 1.3676567077636719 -0.06975984573364258 -18.5860595703125 1.367469310760498 -0.05714893341064453 -18.512264251708984 1.367174744606018 -0.044402122497558594 -18.438404083251953 1.3668392896652222 -0.027609825134277344 -18.36454963684082 1.3665661811828613 -0.007175445556640625 -18.290706634521484 1.3663549423217773 0.015293121337890625 -18.21688461303711 1.366100788116455 0.03825950622558594 -18.143001556396484 1.3658576011657715 0.06174278259277344 -19.777679443359375 1.2959449291229248 -0.1737794280052185 -19.702674865722656 1.295941948890686 -0.18173658847808838 -19.627779006958008 1.2958663702011108 -0.18748390674591064 -19.552921295166016 1.2957745790481567 -0.19029009342193604 -19.478120803833008 1.2955666780471802 -0.19034123420715332 -19.4033203125 1.2953425645828247 -0.1878340244293213 -19.328489303588867 1.2951782941818237 -0.1832413673400879 -19.253862380981445 1.2950137853622437 -0.1778547763824463 -19.179452896118164 1.2948585748672485 -0.17216038703918457 -19.105125427246094 1.2946760654449463 -0.16643762588500977 -19.030914306640625 1.2944815158843994 -0.15999603271484375 -18.95659828186035 1.2943453788757324 -0.1533583402633667 -18.88228988647461 1.2942085266113281 -0.14645427465438843 -18.808008193969727 1.2940551042556763 -0.13926172256469727 -18.733898162841797 1.2938449382781982 -0.13186883926391602 -18.65987777709961 1.2936418056488037 -0.12443077564239502 -18.585874557495117 1.2933679819107056 -0.11693978309631348 -18.512252807617188 1.2930666208267212 -0.10762548446655273 -18.4384822845459 1.2927452325820923 -0.09601354598999023 -18.364654541015625 1.2924607992172241 -0.08028507232666016 -18.29079818725586 1.2922954559326172 -0.06332111358642578 -18.216876983642578 1.2921042442321777 -0.046708106994628906 -18.142940521240234 1.2918106317520142 -0.02984619140625 -19.77757453918457 1.2217369079589844 -0.18256568908691406 -19.70257568359375 1.2216858863830566 -0.19026517868041992 -19.627666473388672 1.2216211557388306 -0.1962723731994629 -19.55280113220215 1.2215354442596436 -0.20025014877319336 -19.47775650024414 1.2214137315750122 -0.2019646167755127 -19.403141021728516 1.2212567329406738 -0.2019333839416504 -19.328216552734375 1.221120834350586 -0.200117826461792 -19.253541946411133 1.220996379852295 -0.197648286819458 -19.179168701171875 1.220795750617981 -0.19463586807250977 -19.104766845703125 1.2205690145492554 -0.19063806533813477 -19.030715942382812 1.2203819751739502 -0.1864171028137207 -18.95639991760254 1.220231533050537 -0.18233680725097656 -18.882137298583984 1.220061182975769 -0.1783750057220459 -18.807836532592773 1.219867467880249 -0.1747787594795227 -18.733741760253906 1.219707727432251 -0.1709941029548645 -18.659669876098633 1.2194753885269165 -0.16713058948516846 -18.58578109741211 1.219138264656067 -0.16276180744171143 -18.512157440185547 1.2188457250595093 -0.15513277053833008 -18.43851089477539 1.2186061143875122 -0.14602136611938477 -18.364730834960938 1.2183319330215454 -0.1350688934326172 -18.290802001953125 1.2181556224822998 -0.1237945556640625 -18.216815948486328 1.2179160118103027 -0.11305046081542969 -18.142822265625 1.217586636543274 -0.10196971893310547 -19.777341842651367 1.147674322128296 -0.19499731063842773 -19.702444076538086 1.1476020812988281 -0.20126819610595703 -19.627561569213867 1.1475917100906372 -0.20676469802856445 -19.55256462097168 1.1475104093551636 -0.2111520767211914 -19.477537155151367 1.1473689079284668 -0.2139115333557129 -19.402870178222656 1.147213339805603 -0.21530675888061523 -19.328025817871094 1.1470553874969482 -0.21558046340942383 -19.25333595275879 1.1469112634658813 -0.21512222290039062 -19.17879295349121 1.1466851234436035 -0.21385645866394043 -19.10446548461914 1.1464018821716309 -0.21153831481933594 -19.030439376831055 1.1461154222488403 -0.20832133293151855 -18.95616340637207 1.1459624767303467 -0.20494866371154785 -18.88190269470215 1.1458309888839722 -0.20242083072662354 -18.8076171875 1.1456446647644043 -0.20082861185073853 -18.73357582092285 1.1454416513442993 -0.19868719577789307 -18.659542083740234 1.1451942920684814 -0.19715279340744019 -18.58570098876953 1.1448580026626587 -0.19383180141448975 -18.51199722290039 1.1445101499557495 -0.18781304359436035 -18.438404083251953 1.1442269086837769 -0.1805253028869629 -18.36468505859375 1.1440171003341675 -0.17378807067871094 -18.29072380065918 1.1437816619873047 -0.16734027862548828 -18.21675682067871 1.1435492038726807 -0.16114234924316406 -18.142662048339844 1.1432865858078003 -0.15529155731201172 -19.77727508544922 1.0735305547714233 -0.21109294891357422 -19.702281951904297 1.0735219717025757 -0.2150130271911621 -19.627336502075195 1.0734260082244873 -0.2189178466796875 -19.552356719970703 1.0733673572540283 -0.2227010726928711 -19.47735595703125 1.0732884407043457 -0.22561931610107422 -19.40257453918457 1.0731371641159058 -0.2277054786682129 -19.327781677246094 1.0729553699493408 -0.22928285598754883 -19.253124237060547 1.072784662246704 -0.22973871231079102 -19.17845916748047 1.0726016759872437 -0.22940301895141602 -19.10405921936035 1.0722393989562988 -0.22789621353149414 -19.030033111572266 1.071880578994751 -0.22510361671447754 -18.955812454223633 1.0716110467910767 -0.22188234329223633 -18.881576538085938 1.0713918209075928 -0.21977126598358154 -18.807369232177734 1.0711759328842163 -0.21791541576385498 -18.73326873779297 1.0709964036941528 -0.21625596284866333 -18.659412384033203 1.0707885026931763 -0.21444660425186157 -18.585437774658203 1.0704578161239624 -0.21155154705047607 -18.511730194091797 1.07017982006073 -0.2071821689605713 -18.438146591186523 1.0699084997177124 -0.20215463638305664 -18.364429473876953 1.0696486234664917 -0.19785690307617188 -18.29057502746582 1.0693968534469604 -0.19464588165283203 -18.216625213623047 1.0691581964492798 -0.19210290908813477 -18.142520904541016 1.0689414739608765 -0.19030189514160156 -19.77707290649414 0.9992934465408325 -0.23034000396728516 -19.702014923095703 0.9992141723632812 -0.2315216064453125 -19.627113342285156 0.9992215633392334 -0.23296642303466797 -19.552122116088867 0.999190092086792 -0.23456811904907227 -19.477127075195312 0.9991222620010376 -0.2367386817932129 -19.402210235595703 0.9989703893661499 -0.2392406463623047 -19.327463150024414 0.9987282752990723 -0.24074268341064453 -19.252744674682617 0.9984979629516602 -0.24112701416015625 -19.178083419799805 0.9982293844223022 -0.2410144805908203 -19.103593826293945 0.9978677034378052 -0.2395787239074707 -19.02945327758789 0.9975253343582153 -0.2369070053100586 -18.955415725708008 0.9972258806228638 -0.23407459259033203 -18.881145477294922 0.9969443082809448 -0.23128390312194824 -18.807071685791016 0.9966871738433838 -0.22829926013946533 -18.73300552368164 0.9964637756347656 -0.22554385662078857 -18.659088134765625 0.9961936473846436 -0.22279179096221924 -18.58521842956543 0.9959235191345215 -0.21909940242767334 -18.51146125793457 0.9956881999969482 -0.21509015560150146 -18.437862396240234 0.9954522848129272 -0.21135377883911133 -18.364051818847656 0.9952300786972046 -0.20876502990722656 -18.290346145629883 0.9949499368667603 -0.20728731155395508 -18.21641731262207 0.994776725769043 -0.2068948745727539 -18.142314910888672 0.9945497512817383 -0.2080998420715332 -19.776779174804688 0.9250048995018005 -0.25319671630859375 -19.701854705810547 0.9250305891036987 -0.2502117156982422 -19.626861572265625 0.9249923825263977 -0.2483844757080078 -19.55183982849121 0.9249316453933716 -0.24770545959472656 -19.476795196533203 0.924873411655426 -0.24809741973876953 -19.40186882019043 0.9247412085533142 -0.24936580657958984 -19.326969146728516 0.9245001077651978 -0.25057411193847656 -19.252304077148438 0.9241871237754822 -0.2503547668457031 -19.177528381347656 0.9237744212150574 -0.24915599822998047 -19.103055953979492 0.9234246015548706 -0.24675750732421875 -19.02910804748535 0.9231050610542297 -0.24375200271606445 -18.955028533935547 0.9228057265281677 -0.24055719375610352 -18.880741119384766 0.9224829077720642 -0.23686861991882324 -18.806642532348633 0.9221741557121277 -0.23238682746887207 -18.73259735107422 0.921873927116394 -0.22802090644836426 -18.658687591552734 0.9215847253799438 -0.22339022159576416 -18.58483123779297 0.9213241338729858 -0.21839118003845215 -18.51108169555664 0.9210822582244873 -0.21355605125427246 -18.437442779541016 0.9208781719207764 -0.2097623348236084 -18.36363983154297 0.9206244945526123 -0.20771753787994385 -18.289995193481445 0.9204015135765076 -0.20694684982299805 -18.216110229492188 0.9202185273170471 -0.207533597946167 -18.142059326171875 0.9200263023376465 -0.21015644073486328 -19.776508331298828 0.8506558537483215 -0.28031349182128906 -19.701589584350586 0.8506594896316528 -0.27193164825439453 -19.626453399658203 0.8506821990013123 -0.26578807830810547 -19.551494598388672 0.8506341576576233 -0.2624521255493164 -19.47641944885254 0.8505180478096008 -0.2603139877319336 -19.401369094848633 0.8503559231758118 -0.2593708038330078 -19.32647705078125 0.8500957489013672 -0.2583169937133789 -19.25177574157715 0.8497386574745178 -0.25652599334716797 -19.17680549621582 0.8493426442146301 -0.2529730796813965 -19.10259246826172 0.8489775657653809 -0.24949121475219727 -19.02867317199707 0.8486232757568359 -0.2458181381225586 -18.954551696777344 0.848264217376709 -0.2413806915283203 -18.880266189575195 0.8479293584823608 -0.2366199493408203 -18.80613136291504 0.8475721478462219 -0.23102498054504395 -18.73204231262207 0.8472552299499512 -0.2245023250579834 -18.65822982788086 0.8469277024269104 -0.217667818069458 -18.58427619934082 0.8466516137123108 -0.2107529640197754 -18.51059913635254 0.8464211821556091 -0.2046070098876953 -18.436872482299805 0.8461693525314331 -0.19990676641464233 -18.363235473632812 0.8459777235984802 -0.19722306728363037 -18.289512634277344 0.8457643985748291 -0.19646087288856506 -18.215717315673828 0.8455629944801331 -0.1969899833202362 -18.1417179107666 0.8453575372695923 -0.1989274024963379 -19.776180267333984 0.7762036323547363 -0.31238269805908203 -19.70117950439453 0.7762537598609924 -0.29906177520751953 -19.626033782958984 0.7762501239776611 -0.28752613067626953 -19.55104637145996 0.776216983795166 -0.2794618606567383 -19.47587013244629 0.7760839462280273 -0.2735252380371094 -19.400880813598633 0.7758721113204956 -0.2690000534057617 -19.325973510742188 0.7756114602088928 -0.26438331604003906 -19.25112533569336 0.7752779722213745 -0.2596302032470703 -19.176122665405273 0.7748644351959229 -0.25420188903808594 -19.102067947387695 0.77446049451828 -0.2485828399658203 -19.02802085876465 0.7740527987480164 -0.24266529083251953 -18.953964233398438 0.7736310362815857 -0.2371811866760254 -18.879682540893555 0.7732115387916565 -0.23115158081054688 -18.80556869506836 0.7728859782218933 -0.22386598587036133 -18.73145866394043 0.7725241780281067 -0.21558713912963867 -18.65758514404297 0.7722156643867493 -0.20617127418518066 -18.58368682861328 0.771959662437439 -0.19740080833435059 -18.509963989257812 0.7717000842094421 -0.18970608711242676 -18.436243057250977 0.7714529633522034 -0.18387556076049805 -18.36281967163086 0.7712625861167908 -0.17950326204299927 -18.289012908935547 0.7710775136947632 -0.17699456214904785 -18.215274810791016 0.7707901000976562 -0.17630338668823242 -18.141319274902344 0.7705534100532532 -0.17687606811523438 -19.77593994140625 0.7017002701759338 -0.3493785858154297 -19.70083999633789 0.7017423510551453 -0.3306436538696289 -19.62556266784668 0.7017327547073364 -0.3139066696166992 -19.55051040649414 0.7016599774360657 -0.29974937438964844 -19.475271224975586 0.7014995813369751 -0.28832244873046875 -19.400272369384766 0.7013021111488342 -0.2784461975097656 -19.325355529785156 0.7010283470153809 -0.2700328826904297 -19.250391006469727 0.7006575465202332 -0.2617158889770508 -19.17554473876953 0.7003050446510315 -0.2535362243652344 -19.101198196411133 0.6999314427375793 -0.24510765075683594 -19.027189254760742 0.6993858814239502 -0.2366180419921875 -18.953161239624023 0.6989277005195618 -0.22890090942382812 -18.879032135009766 0.6985347867012024 -0.22054290771484375 -18.804868698120117 0.6980608105659485 -0.21157121658325195 -18.73086929321289 0.6977523565292358 -0.20125532150268555 -18.656862258911133 0.6975188851356506 -0.1903982162475586 -18.583099365234375 0.6971992254257202 -0.17955303192138672 -18.50931167602539 0.6969957947731018 -0.16964983940124512 -18.43571662902832 0.6967604756355286 -0.1621606945991516 -18.362224578857422 0.6964901089668274 -0.15533995628356934 -18.288562774658203 0.6963074803352356 -0.15038299560546875 -18.214893341064453 0.696135401725769 -0.14748001098632812 -18.140846252441406 0.6958845853805542 -0.1451425552368164 -19.77570915222168 0.6272133588790894 -0.3899097442626953 -19.700504302978516 0.6272095441818237 -0.3657655715942383 -19.625150680541992 0.6271878480911255 -0.3433036804199219 -19.549962997436523 0.6271003484725952 -0.32319164276123047 -19.47463607788086 0.6269440054893494 -0.30531883239746094 -19.399566650390625 0.6267485618591309 -0.2897024154663086 -19.324573516845703 0.6264597773551941 -0.27630043029785156 -19.24958038330078 0.6260716319084167 -0.2641878128051758 -19.1748104095459 0.6256393790245056 -0.25230884552001953 -19.10057258605957 0.6252167224884033 -0.240692138671875 -19.026275634765625 0.6247656345367432 -0.2292652130126953 -18.95225715637207 0.624262273311615 -0.2178020477294922 -18.878215789794922 0.6237574219703674 -0.20725154876708984 -18.804183959960938 0.6233355402946472 -0.19588375091552734 -18.730310440063477 0.6229776740074158 -0.18340492248535156 -18.656293869018555 0.6226807236671448 -0.1701192855834961 -18.582550048828125 0.6224629282951355 -0.1568470001220703 -18.508773803710938 0.6222522854804993 -0.14507055282592773 -18.43511199951172 0.6219998002052307 -0.13465595245361328 -18.361690521240234 0.6217403411865234 -0.1258455514907837 -18.288127899169922 0.6214696168899536 -0.11840200424194336 -18.214557647705078 0.6212425231933594 -0.11135149002075195 -18.140548706054688 0.6210942268371582 -0.10510063171386719 -19.77545738220215 0.5526825189590454 -0.4328422546386719 -19.700214385986328 0.5526660680770874 -0.40357303619384766 -19.624753952026367 0.5526228547096252 -0.3753242492675781 -19.549421310424805 0.552499532699585 -0.34894752502441406 -19.474031448364258 0.5523426532745361 -0.3248176574707031 -19.39883041381836 0.5521456003189087 -0.3032083511352539 -19.323707580566406 0.5518597960472107 -0.2846221923828125 -19.24877166748047 0.5514808893203735 -0.2675323486328125 -19.173925399780273 0.5509969592094421 -0.25148963928222656 -19.099708557128906 0.5504891872406006 -0.2359905242919922 -19.02530860900879 0.5499725341796875 -0.2209930419921875 -18.951162338256836 0.5494422316551208 -0.20688629150390625 -18.8773136138916 0.5489455461502075 -0.1924724578857422 -18.803409576416016 0.5485223531723022 -0.1778392791748047 -18.72962760925293 0.5481278300285339 -0.1625213623046875 -18.655773162841797 0.5478323101997375 -0.14608478546142578 -18.582008361816406 0.5476323366165161 -0.13010549545288086 -18.508270263671875 0.5474361777305603 -0.11533164978027344 -18.434598922729492 0.5472468733787537 -0.10208463668823242 -18.36126708984375 0.5470372438430786 -0.09023648500442505 -18.287792205810547 0.5467956066131592 -0.07935237884521484 -18.21416473388672 0.5464985370635986 -0.06869220733642578 -18.14026641845703 0.5462676286697388 -0.058170318603515625 -19.775196075439453 0.47809746861457825 -0.4788198471069336 -19.699905395507812 0.4781043529510498 -0.44376564025878906 -19.62434959411621 0.47794482111930847 -0.4095630645751953 -19.54891014099121 0.47781631350517273 -0.3764381408691406 -19.47342300415039 0.47768938541412354 -0.34618186950683594 -19.398086547851562 0.4774673581123352 -0.3190116882324219 -19.322864532470703 0.4771742820739746 -0.2943916320800781 -19.247806549072266 0.47675618529319763 -0.2721881866455078 -19.172842025756836 0.4762730598449707 -0.2515239715576172 -19.098554611206055 0.4756777286529541 -0.2317066192626953 -19.024211883544922 0.4750671982765198 -0.21288299560546875 -18.950153350830078 0.4745543599128723 -0.19507217407226562 -18.876413345336914 0.47406190633773804 -0.17725467681884766 -18.80257797241211 0.4736231863498688 -0.15855789184570312 -18.728919982910156 0.473246306180954 -0.13886356353759766 -18.655227661132812 0.4729798436164856 -0.11883735656738281 -18.581501007080078 0.4727911353111267 -0.0995016098022461 -18.507822036743164 0.47265303134918213 -0.08114194869995117 -18.434234619140625 0.47252434492111206 -0.06414794921875 -18.360820770263672 0.4723377227783203 -0.048829540610313416 -18.287372589111328 0.4720614552497864 -0.03434944152832031 -18.213817596435547 0.4717775583267212 -0.019783973693847656 -18.139930725097656 0.47155195474624634 -0.0051174163818359375 -19.77496337890625 0.40337270498275757 -0.5277223587036133 -19.6995849609375 0.4032905101776123 -0.485870361328125 -19.62396240234375 0.4031885862350464 -0.4454822540283203 -19.548410415649414 0.403042733669281 -0.40631866455078125 -19.472829818725586 0.40291887521743774 -0.3693885803222656 -19.39729881286621 0.4027257263660431 -0.33609580993652344 -19.3218936920166 0.40241044759750366 -0.3058586120605469 -19.246644973754883 0.4019972085952759 -0.2784614562988281 -19.171785354614258 0.4014507830142975 -0.25258827209472656 -19.096961975097656 0.40078091621398926 -0.22803878784179688 -19.022998809814453 0.40013808012008667 -0.20484352111816406 -18.949180603027344 0.39961057901382446 -0.1832714080810547 -18.87546157836914 0.3991285562515259 -0.16119766235351562 -18.801851272583008 0.398693710565567 -0.1379222869873047 -18.72821617126465 0.39836522936820984 -0.11375141143798828 -18.654714584350586 0.3981454372406006 -0.08961009979248047 -18.581058502197266 0.39797720313072205 -0.066314697265625 -18.5075740814209 0.39787620306015015 -0.043540000915527344 -18.4338436126709 0.3977848291397095 -0.022403717041015625 -18.360393524169922 0.3976096510887146 -0.0027246475219726562 -18.286972045898438 0.39736229181289673 0.016204833984375 -18.213483810424805 0.39709651470184326 0.03479766845703125 -18.139602661132812 0.3969195485115051 0.05352210998535156 -19.7747802734375 0.32849234342575073 -0.5778598785400391 -19.699254989624023 0.32838279008865356 -0.5294103622436523 -19.62359619140625 0.3282814621925354 -0.48229408264160156 -19.547897338867188 0.32815301418304443 -0.4371776580810547 -19.472213745117188 0.32803910970687866 -0.3945159912109375 -19.396451950073242 0.3278775215148926 -0.35482025146484375 -19.320880889892578 0.3276177644729614 -0.31896018981933594 -19.245447158813477 0.327189564704895 -0.28597259521484375 -19.17024040222168 0.326577365398407 -0.2549610137939453 -19.09546661376953 0.32585155963897705 -0.2255706787109375 -19.021631240844727 0.32521912455558777 -0.19765853881835938 -18.948047637939453 0.3247212767601013 -0.1710529327392578 -18.874542236328125 0.32423317432403564 -0.14490127563476562 -18.801067352294922 0.32381322979927063 -0.11714744567871094 -18.727645874023438 0.3235515058040619 -0.08816337585449219 -18.654155731201172 0.3233579397201538 -0.05950164794921875 -18.58072280883789 0.3231991231441498 -0.03125286102294922 -18.50726318359375 0.3231006860733032 -0.004042625427246094 -18.433475494384766 0.3230257034301758 0.021877765655517578 -18.359962463378906 0.32288703322410583 0.046445369720458984 -18.286579132080078 0.3227095603942871 0.07037091255187988 -18.21314239501953 0.3225286602973938 0.09354305267333984 -18.1392822265625 0.32235056161880493 0.11638259887695312 -19.774614334106445 0.2532994747161865 -0.6283903121948242 -19.69896125793457 0.2532253563404083 -0.5734148025512695 -19.623214721679688 0.25316697359085083 -0.5196380615234375 -19.547386169433594 0.25315040349960327 -0.4681854248046875 -19.47154998779297 0.2530578374862671 -0.42025184631347656 -19.39562225341797 0.2529129981994629 -0.3755207061767578 -19.31985092163086 0.2526618540287018 -0.3338489532470703 -19.24420166015625 0.25226300954818726 -0.29504966735839844 -19.168514251708984 0.2516646981239319 -0.25897789001464844 -19.093767166137695 0.2509637475013733 -0.2248706817626953 -19.02031898498535 0.250347375869751 -0.19219398498535156 -18.946903228759766 0.24984361231327057 -0.16071128845214844 -18.873577117919922 0.2494238168001175 -0.12894439697265625 -18.80035972595215 0.24908824265003204 -0.09639930725097656 -18.72708511352539 0.24880746006965637 -0.06298828125 -18.65362548828125 0.24858404695987701 -0.029285430908203125 -18.580249786376953 0.24846488237380981 0.0042514801025390625 -18.506881713867188 0.24837923049926758 0.036355018615722656 -18.43316650390625 0.2482984960079193 0.06719779968261719 -18.35963249206543 0.2482391595840454 0.09717774391174316 -18.286226272583008 0.2481580674648285 0.1260995864868164 -18.21278953552246 0.24802270531654358 0.1542816162109375 -18.13895034790039 0.24783992767333984 0.18226909637451172 -19.774555206298828 0.17790959775447845 -0.6786174774169922 -19.69873046875 0.1779048591852188 -0.6176681518554688 -19.622825622558594 0.17795410752296448 -0.5575351715087891 -19.546920776367188 0.17801447212696075 -0.5005149841308594 -19.47085952758789 0.17799538373947144 -0.4473381042480469 -19.394819259643555 0.177877277135849 -0.3971538543701172 -19.31879997253418 0.17765210568904877 -0.35005760192871094 -19.242830276489258 0.1772518903017044 -0.3062572479248047 -19.166959762573242 0.17672908306121826 -0.2653484344482422 -19.09231948852539 0.1760886013507843 -0.2265949249267578 -19.01899528503418 0.17551639676094055 -0.1891021728515625 -18.945865631103516 0.17500916123390198 -0.1514911651611328 -18.8726749420166 0.17469874024391174 -0.11382865905761719 -18.799556732177734 0.1744244247674942 -0.07625389099121094 -18.726285934448242 0.17416657507419586 -0.037960052490234375 -18.65296745300293 0.17396065592765808 0.0003662109375 -18.579782485961914 0.17382101714611053 0.038722991943359375 -18.506404876708984 0.17373917996883392 0.07612991333007812 -18.432754516601562 0.17365911602973938 0.112152099609375 -18.359291076660156 0.17357516288757324 0.14732742309570312 -18.285837173461914 0.17348963022232056 0.1818392276763916 -18.212480545043945 0.1733284294605255 0.21599912643432617 -18.138668060302734 0.17323803901672363 0.24966049194335938 -19.774566650390625 0.10256575793027878 -0.7281026840209961 -19.69854164123535 0.10262813419103622 -0.6615171432495117 -19.6224365234375 0.10271237790584564 -0.5968751907348633 -19.546388626098633 0.10277138650417328 -0.5350666046142578 -19.470130920410156 0.10277003049850464 -0.47638893127441406 -19.39394187927246 0.10273437947034836 -0.420623779296875 -19.317676544189453 0.10258717834949493 -0.3689136505126953 -19.24151039123535 0.10229746997356415 -0.32013511657714844 -19.165355682373047 0.10178257524967194 -0.2748146057128906 -19.090717315673828 0.10115382820367813 -0.23099899291992188 -19.017778396606445 0.10060440003871918 -0.18766021728515625 -18.94483184814453 0.10025614500045776 -0.14403343200683594 -18.871803283691406 0.09995315968990326 -0.10123825073242188 -18.798736572265625 0.09974665939807892 -0.057994842529296875 -18.725526809692383 0.09958232939243317 -0.01450347900390625 -18.652257919311523 0.09943798184394836 0.028926849365234375 -18.57918930053711 0.09932141751050949 0.07184028625488281 -18.50580596923828 0.09921936690807343 0.11409187316894531 -18.432273864746094 0.09913580864667892 0.1552591323852539 -18.3588809967041 0.09902724623680115 0.19591379165649414 -18.285480499267578 0.09893456101417542 0.23675596714019775 -18.212024688720703 0.09881749749183655 0.27713584899902344 -18.138492584228516 0.0987299382686615 0.3168067932128906 -19.774555206298828 0.027269333600997925 -0.7759027481079102 -19.698387145996094 0.02730683982372284 -0.7062091827392578 -19.62209701538086 0.0273735374212265 -0.6380519866943359 -19.545888900756836 0.027422025799751282 -0.5719413757324219 -19.469478607177734 0.02745942771434784 -0.5084228515625 -19.39305877685547 0.027466118335723877 -0.4481792449951172 -19.316558837890625 0.02740839123725891 -0.39133262634277344 -19.240116119384766 0.027164429426193237 -0.3384666442871094 -19.163742065429688 0.02674046903848648 -0.2877044677734375 -19.08913803100586 0.026225626468658447 -0.238250732421875 -19.01656150817871 0.02578316628932953 -0.1890716552734375 -18.943702697753906 0.02545280009508133 -0.13996505737304688 -18.870994567871094 0.02528657391667366 -0.09078407287597656 -18.798002243041992 0.02515524998307228 -0.04209136962890625 -18.724790573120117 0.025016913190484047 0.0068416595458984375 -18.65167236328125 0.024955052882432938 0.055744171142578125 -18.578439712524414 0.024906422942876816 0.103668212890625 -18.50521469116211 0.02483334019780159 0.15027618408203125 -18.43172836303711 0.024716220796108246 0.19638919830322266 -18.358409881591797 0.02457459270954132 0.24305343627929688 -18.285057067871094 0.024423599243164062 0.28946399688720703 -18.21166229248047 0.02432398498058319 0.3361194133758545 -18.138309478759766 0.0242682546377182 0.38227367401123047 -19.774524688720703 -0.048155635595321655 -0.8221679925918579 -19.698286056518555 -0.048086464405059814 -0.7500061988830566 -19.62189483642578 -0.04808807373046875 -0.6794090270996094 -19.54540252685547 -0.048057734966278076 -0.6104927062988281 -19.468896865844727 -0.047980666160583496 -0.5435543060302734 -19.39226531982422 -0.04789930582046509 -0.47962188720703125 -19.315532684326172 -0.04785948991775513 -0.4192085266113281 -19.2387638092041 -0.047979071736335754 -0.3609027862548828 -19.16214370727539 -0.048357635736465454 -0.30431365966796875 -19.087900161743164 -0.048767685890197754 -0.248626708984375 -19.015220642089844 -0.049073725938797 -0.19324111938476562 -18.942781448364258 -0.04925142228603363 -0.13747406005859375 -18.869998931884766 -0.04934766888618469 -0.08259201049804688 -18.79721450805664 -0.04942403733730316 -0.0279541015625 -18.72408103942871 -0.049446605145931244 0.026470184326171875 -18.65097999572754 -0.049440398812294006 0.08044052124023438 -18.577899932861328 -0.04943665862083435 0.13295745849609375 -18.504688262939453 -0.04946985840797424 0.18492698669433594 -18.431182861328125 -0.04956382140517235 0.2363719940185547 -18.35784149169922 -0.04973584786057472 0.28847503662109375 -18.284687042236328 -0.04985511302947998 0.3407320976257324 -18.21145248413086 -0.04994817078113556 0.3928947448730469 -18.13821029663086 -0.05000368505716324 0.44539403915405273 -19.77450180053711 -0.1237952709197998 -0.8664984703063965 -19.698139190673828 -0.12378466129302979 -0.792402982711792 -19.621641159057617 -0.12381169199943542 -0.7200260162353516 -19.54497528076172 -0.12374353408813477 -0.6494150161743164 -19.468400955200195 -0.1235804557800293 -0.5810508728027344 -19.391578674316406 -0.12330549955368042 -0.5149745941162109 -19.314664840698242 -0.12327039241790771 -0.45091819763183594 -19.2376766204834 -0.12331393361091614 -0.38738250732421875 -19.160371780395508 -0.12345665693283081 -0.3247108459472656 -19.086538314819336 -0.1237349808216095 -0.26256561279296875 -19.014223098754883 -0.12387216091156006 -0.20053482055664062 -18.94178581237793 -0.1239272803068161 -0.13864898681640625 -18.869192123413086 -0.12392115592956543 -0.07674026489257812 -18.796424865722656 -0.12388890981674194 -0.0153656005859375 -18.72351837158203 -0.12380120158195496 0.04471588134765625 -18.650461196899414 -0.12369367480278015 0.10351943969726562 -18.577457427978516 -0.12360110878944397 0.16153526306152344 -18.50414276123047 -0.12360209226608276 0.2187042236328125 -18.430715560913086 -0.12370853871107101 0.2754249572753906 -18.357315063476562 -0.1238289549946785 0.33306217193603516 -18.28438949584961 -0.12396889179944992 0.3907804489135742 -18.211185455322266 -0.12405306100845337 0.44856977462768555 -18.138132095336914 -0.1241147518157959 0.506294846534729 -19.774641036987305 -0.19969075918197632 -0.9092121124267578 -19.697938919067383 -0.19967001676559448 -0.834395170211792 -19.621360778808594 -0.1995987892150879 -0.7608466148376465 -19.54460906982422 -0.19944894313812256 -0.6895647048950195 -19.467926025390625 -0.1992599368095398 -0.6203117370605469 -19.391063690185547 -0.19909131526947021 -0.5525054931640625 -19.314001083374023 -0.19891470670700073 -0.48506927490234375 -19.236820220947266 -0.1987917423248291 -0.4170494079589844 -19.159135818481445 -0.19870954751968384 -0.3483734130859375 -19.085342407226562 -0.1986909806728363 -0.2796211242675781 -19.013320922851562 -0.19862359762191772 -0.21054840087890625 -18.940996170043945 -0.19848427176475525 -0.1417999267578125 -18.86844825744629 -0.1983529031276703 -0.07230377197265625 -18.795804977416992 -0.1981653869152069 -0.00417327880859375 -18.722978591918945 -0.197960764169693 0.061920166015625 -18.65015411376953 -0.19775190949440002 0.12646102905273438 -18.576990127563477 -0.1976512372493744 0.18965911865234375 -18.50368881225586 -0.1976500302553177 0.2520484924316406 -18.43033790588379 -0.19765496253967285 0.3144359588623047 -18.356937408447266 -0.1977197527885437 0.3767414093017578 -18.283950805664062 -0.19780844449996948 0.43953895568847656 -18.210979461669922 -0.19792398810386658 0.5024700164794922 -18.138107299804688 -0.19794726371765137 0.5655875205993652 -19.774742126464844 -0.27587372064590454 -0.9504013061523438 -19.697771072387695 -0.2758728861808777 -0.8761954307556152 -19.62102508544922 -0.27580541372299194 -0.803097665309906 -19.544321060180664 -0.275621235370636 -0.7315759658813477 -19.467498779296875 -0.2753821611404419 -0.6613025665283203 -19.39069938659668 -0.27508437633514404 -0.5914592742919922 -19.313613891601562 -0.2747470736503601 -0.5210723876953125 -19.236194610595703 -0.27442121505737305 -0.44863128662109375 -19.15843391418457 -0.2740256190299988 -0.3743095397949219 -19.08458137512207 -0.2736310362815857 -0.2988548278808594 -19.01279067993164 -0.2733185291290283 -0.22235107421875 -18.940427780151367 -0.2728452980518341 -0.1454620361328125 -18.867916107177734 -0.27252382040023804 -0.06922531127929688 -18.79532241821289 -0.2722287178039551 0.006046295166015625 -18.72275733947754 -0.2719690203666687 0.07860565185546875 -18.649864196777344 -0.27168968319892883 0.1495819091796875 -18.57671546936035 -0.27150580286979675 0.218841552734375 -18.503379821777344 -0.2713950276374817 0.2865257263183594 -18.429973602294922 -0.27141138911247253 0.3534660339355469 -18.356691360473633 -0.271401971578598 0.41980934143066406 -18.283601760864258 -0.27145808935165405 0.48686790466308594 -18.210872650146484 -0.2715199589729309 0.555048942565918 -18.138147354125977 -0.2715688645839691 0.6242504119873047 -19.774662017822266 -0.35244375467300415 -0.9904117584228516 -19.69758415222168 -0.35247868299484253 -0.9177045822143555 -19.620737075805664 -0.35230642557144165 -0.8458027839660645 -19.544038772583008 -0.352090060710907 -0.7748274803161621 -19.467283248901367 -0.35179799795150757 -0.7038717269897461 -19.3905029296875 -0.35141390562057495 -0.6323757171630859 -19.313461303710938 -0.35087913274765015 -0.5586109161376953 -19.23611068725586 -0.35016995668411255 -0.4817237854003906 -19.158281326293945 -0.3493768572807312 -0.4014854431152344 -19.084543228149414 -0.348477840423584 -0.31909942626953125 -19.012670516967773 -0.3476108908653259 -0.23575210571289062 -18.94025421142578 -0.3469198942184448 -0.15145111083984375 -18.86765480041504 -0.3464038372039795 -0.06743240356445312 -18.7950382232666 -0.34604716300964355 0.015605926513671875 -18.72261619567871 -0.34579214453697205 0.096466064453125 -18.649906158447266 -0.34555867314338684 0.17470169067382812 -18.576719284057617 -0.3453029692173004 0.249908447265625 -18.503223419189453 -0.34513622522354126 0.32236480712890625 -18.429737091064453 -0.3450342118740082 0.3925514221191406 -18.3565673828125 -0.3449798822402954 0.4625377655029297 -18.283435821533203 -0.3449297547340393 0.5337848663330078 -18.21089744567871 -0.3448757231235504 0.6072826385498047 -18.138256072998047 -0.3448387682437897 0.6832685470581055</DataArray>
      </PointData>
    </Piece>
  </UnstructuredGrid>
</VTKFile>