<?xml version='1.0' encoding='utf-8'?>
<VTKFile type="UnstructuredGrid" version="0.1" byte_order="LittleEndian">
  <UnstructuredGrid>
    <Piece NumberOfPoints="4250" NumberOfCells="2448">
      <Points>
        <DataArray type="Float64" Name="" NumberOfComponents="3" format="ascii">-0.6 -0.6 -0.6 -0.6 0.0 -0.6 -0.6 1200.0 -0.6 -0.6 1200.6 -0.6 0.0 -0.6 -0.6 0.0 0.0 -0.6 0.0 1200.0 -0.6 0.0 1200.6 -0.6 1800.0 -0.6 -0.6 1800.0 0.0 -0.6 1800.0 1200.0 -0.6 1800.0 1200.6 -0.6 1800.6 -0.6 -0.6 1800.6 0.0 -0.6 1800.6 1200.0 -0.6 1800.6 1200.6 -0.6 -0.6 -0.6 0.0 0.0 -0.6 0.0 0.0 0.0 0.0 -0.6 0.0 0.0 0.0 1200.0 0.0 -0.6 1200.0 0.0 0.0 1200.6 0.0 -0.6 1200.6 0.0 1800.0 -0.6 0.0 1800.0 0.0 0.0 1800.0 1200.0 0.0 1800.0 1200.6 0.0 1800.6 -0.6 0.0 1800.6 0.0 0.0 1800.6 1200.0 0.0 1800.6 1200.6 0.0 -3.2246599057777203 -3.2246599057777203 30.0 -2.6246599057777202 -3.2246599057777203 30.0 -2.6246599057777202 -2.6246599057777202 30.0 -3.2246599057777203 -2.6246599057777202 30.0 -2.6246599057777202 1202.6246599057777 30.0 -3.2246599057777203 1202.6246599057777 30.0 -2.6246599057777202 1203.2246599057776 30.0 -3.2246599057777203 1203.2246599057776 30.0 1802.6246599057777 -3.2246599057777203 30.0 1802.6246599057777 -2.6246599057777202 30.0 1802.6246599057777 1202.6246599057777 30.0 1802.6246599057777 1203.2246599057776 30.0 1803.2246599057776 -3.2246599057777203 30.0 1803.2246599057776 -2.6246599057777202 30.0 1803.2246599057776 1202.6246599057777 30.0 1803.2246599057776 1203.2246599057776 30.0 -0.40000000000000036 -0.6 -0.6 -0.20000000000000034 -0.6 -0.6 -0.40000000000000036 0.0 -0.6 -0.20000000000000034 0.0 -0.6 -0.40000000000000036 1200.0 -0.6 -0.20000000000000034 1200.0 -0.6 -0.40000000000000036 1200.6 -0.6 -0.20000000000000034 1200.6 -0.6 50.0 -0.6 -0.6 100.0 -0.6 -0.6 150.0 -0.6 -0.6 200.0 -0.6 -0.6 250.0 -0.6 -0.6 300.0 -0.6 -0.6 349.99999999999994 -0.6 -0.6 400.0 -0.6 -0.6 450.0 -0.6 -0.6 500.0 -0.6 -0.6 550.0 -0.6 -0.6 600.0 -0.6 -0.6 650.0 -0.6 -0.6 699.9999999999999 -0.6 -0.6 749.9999999999999 -0.6 -0.6 800.0 -0.6 -0.6 850.0 -0.6 -0.6 900.0 -0.6 -0.6 950.0 -0.6 -0.6 1000.0 -0.6 -0.6 1049.9999999999998 -0.6 -0.6 1100.0 -0.6 -0.6 1150.0 -0.6 -0.6 1200.0 -0.6 -0.6 1250.0 -0.6 -0.6 1300.0 -0.6 -0.6 1350.0 -0.6 -0.6 1399.9999999999998 -0.6 -0.6 1449.9999999999998 -0.6 -0.6 1499.9999999999998 -0.6 -0.6 1550.0 -0.6 -0.6 1600.0 -0.6 -0.6 1650.0 -0.6 -0.6 1700.0 -0.6 -0.6 1750.0 -0.6 -0.6 50.0 0.0 -0.6 100.0 0.0 -0.6 150.0 0.0 -0.6 200.0 0.0 -0.6 250.0 0.0 -0.6 300.0 0.0 -0.6 349.99999999999994 0.0 -0.6 400.0 0.0 -0.6 450.0 0.0 -0.6 500.0 0.0 -0.6 550.0 0.0 -0.6 600.0 0.0 -0.6 650.0 0.0 -0.6 699.9999999999999 0.0 -0.6 749.9999999999999 0.0 -0.6 800.0 0.0 -0.6 850.0 0.0 -0.6 900.0 0.0 -0.6 950.0 0.0 -0.6 1000.0 0.0 -0.6 1049.9999999999998 0.0 -0.6 1100.0 0.0 -0.6 1150.0 0.0 -0.6 1200.0 0.0 -0.6 1250.0 0.0 -0.6 1300.0 0.0 -0.6 1350.0 0.0 -0.6 1399.9999999999998 0.0 -0.6 1449.9999999999998 0.0 -0.6 1499.9999999999998 0.0 -0.6 1550.0 0.0 -0.6 1600.0 0.0 -0.6 1650.0 0.0 -0.6 1700.0 0.0 -0.6 1750.0 0.0 -0.6 50.0 1200.0 -0.6 100.0 1200.0 -0.6 150.0 1200.0 -0.6 200.0 1200.0 -0.6 250.0 1200.0 -0.6 300.0 1200.0 -0.6 349.99999999999994 1200.0 -0.6 400.0 1200.0 -0.6 450.0 1200.0 -0.6 500.0 1200.0 -0.6 550.0 1200.0 -0.6 600.0 1200.0 -0.6 650.0 1200.0 -0.6 699.9999999999999 1200.0 -0.6 749.9999999999999 1200.0 -0.6 800.0 1200.0 -0.6 850.0 1200.0 -0.6 900.0 1200.0 -0.6 950.0 1200.0 -0.6 1000.0 1200.0 -0.6 1049.9999999999998 1200.0 -0.6 1100.0 1200.0 -0.6 1150.0 1200.0 -0.6 1200.0 1200.0 -0.6 1250.0 1200.0 -0.6 1300.0 1200.0 -0.6 1350.0 1200.0 -0.6 1399.9999999999998 1200.0 -0.6 1449.9999999999998 1200.0 -0.6 1499.9999999999998 1200.0 -0.6 1550.0 1200.0 -0.6 1600.0 1200.0 -0.6 1650.0 1200.0 -0.6 1700.0 1200.0 -0.6 1750.0 1200.0 -0.6 50.0 1200.6 -0.6 100.0 1200.6 -0.6 150.0 1200.6 -0.6 200.0 1200.6 -0.6 250.0 1200.6 -0.6 300.0 1200.6 -0.6 349.99999999999994 1200.6 -0.6 400.0 1200.6 -0.6 450.0 1200.6 -0.6 500.0 1200.6 -0.6 550.0 1200.6 -0.6 600.0 1200.6 -0.6 650.0 1200.6 -0.6 699.9999999999999 1200.6 -0.6 749.9999999999999 1200.6 -0.6 800.0 1200.6 -0.6 850.0 1200.6 -0.6 900.0 1200.6 -0.6 950.0 1200.6 -0.6 1000.0 1200.6 -0.6 1049.9999999999998 1200.6 -0.6 1100.0 1200.6 -0.6 1150.0 1200.6 -0.6 1200.0 1200.6 -0.6 1250.0 1200.6 -0.6 1300.0 1200.6 -0.6 1350.0 1200.6 -0.6 1399.9999999999998 1200.6 -0.6 1449.9999999999998 1200.6 -0.6 1499.9999999999998 1200.6 -0.6 1550.0 1200.6 -0.6 1600.0 1200.6 -0.6 1650.0 1200.6 -0.6 1700.0 1200.6 -0.6 1750.0 1200.6 -0.6 1800.2 -0.6 -0.6 1800.3999999999999 -0.6 -0.6 1800.2 0.0 -0.6 1800.3999999999999 0.0 -0.6 1800.2 1200.0 -0.6 1800.3999999999999 1200.0 -0.6 1800.2 1200.6 -0.6 1800.3999999999999 1200.6 -0.6 -0.6 -0.40000000000000036 -0.6 -0.6 -0.20000000000000034 -0.6 -0.6 50.0 -0.6 -0.6 100.0 -0.6 -0.6 150.0 -0.6 -0.6 200.0 -0.6 -0.6 249.99999999999997 -0.6 -0.6 300.0 -0.6 -0.6 349.99999999999994 -0.6 -0.6 400.0 -0.6 -0.6 450.0 -0.6 -0.6 499.99999999999994 -0.6 -0.6 550.0 -0.6 -0.6 600.0 -0.6 -0.6 650.0 -0.6 -0.6 699.9999999999999 -0.6 -0.6 750.0 -0.6 -0.6 800.0 -0.6 -0.6 849.9999999999999 -0.6 -0.6 900.0 -0.6 -0.6 950.0 -0.6 -0.6 999.9999999999999 -0.6 -0.6 1050.0 -0.6 -0.6 1100.0 -0.6 -0.6 1150.0 -0.6 -0.6 1200.2 -0.6 -0.6 1200.3999999999999 -0.6 0.0 -0.40000000000000036 -0.6 0.0 -0.20000000000000034 -0.6 0.0 50.0 -0.6 0.0 100.0 -0.6 0.0 150.0 -0.6 0.0 200.0 -0.6 0.0 249.99999999999997 -0.6 0.0 300.0 -0.6 0.0 349.99999999999994 -0.6 0.0 400.0 -0.6 0.0 450.0 -0.6 0.0 499.99999999999994 -0.6 0.0 550.0 -0.6 0.0 600.0 -0.6 0.0 650.0 -0.6 0.0 699.9999999999999 -0.6 0.0 750.0 -0.6 0.0 800.0 -0.6 0.0 849.9999999999999 -0.6 0.0 900.0 -0.6 0.0 950.0 -0.6 0.0 999.9999999999999 -0.6 0.0 1050.0 -0.6 0.0 1100.0 -0.6 0.0 1150.0 -0.6 0.0 1200.2 -0.6 0.0 1200.3999999999999 -0.6 1800.0 -0.40000000000000036 -0.6 1800.0 -0.20000000000000034 -0.6 1800.0 50.0 -0.6 1800.0 100.0 -0.6 1800.0 150.0 -0.6 1800.0 200.0 -0.6 1800.0 249.99999999999997 -0.6 1800.0 300.0 -0.6 1800.0 349.99999999999994 -0.6 1800.0 400.0 -0.6 1800.0 450.0 -0.6 1800.0 499.99999999999994 -0.6 1800.0 550.0 -0.6 1800.0 600.0 -0.6 1800.0 650.0 -0.6 1800.0 699.9999999999999 -0.6 1800.0 750.0 -0.6 1800.0 800.0 -0.6 1800.0 849.9999999999999 -0.6 1800.0 900.0 -0.6 1800.0 950.0 -0.6 1800.0 999.9999999999999 -0.6 1800.0 1050.0 -0.6 1800.0 1100.0 -0.6 1800.0 1150.0 -0.6 1800.0 1200.2 -0.6 1800.0 1200.3999999999999 -0.6 1800.6 -0.40000000000000036 -0.6 1800.6 -0.20000000000000034 -0.6 1800.6 50.0 -0.6 1800.6 100.0 -0.6 1800.6 150.0 -0.6 1800.6 200.0 -0.6 1800.6 249.99999999999997 -0.6 1800.6 300.0 -0.6 1800.6 349.99999999999994 -0.6 1800.6 400.0 -0.6 1800.6 450.0 -0.6 1800.6 499.99999999999994 -0.6 1800.6 550.0 -0.6 1800.6 600.0 -0.6 1800.6 650.0 -0.6 1800.6 699.9999999999999 -0.6 1800.6 750.0 -0.6 1800.6 800.0 -0.6 1800.6 849.9999999999999 -0.6 1800.6 900.0 -0.6 1800.6 950.0 -0.6 1800.6 999.9999999999999 -0.6 1800.6 1050.0 -0.6 1800.6 1100.0 -0.6 1800.6 1150.0 -0.6 1800.6 1200.2 -0.6 1800.6 1200.3999999999999 -0.6 -0.40000000000000036 -0.6 0.0 -0.20000000000000034 -0.6 0.0 0.0 -0.40000000000000036 0.0 0.0 -0.20000000000000034 0.0 -0.40000000000000036 0.0 0.0 -0.20000000000000034 0.0 0.0 -0.6 -0.40000000000000036 0.0 -0.6 -0.20000000000000034 0.0 0.0 50.0 0.0 0.0 100.0 0.0 0.0 150.0 0.0 0.0 200.0 0.0 0.0 249.99999999999997 0.0 0.0 300.0 0.0 0.0 349.99999999999994 0.0 0.0 400.0 0.0 0.0 450.0 0.0 0.0 499.99999999999994 0.0 0.0 550.0 0.0 0.0 600.0 0.0 0.0 650.0 0.0 0.0 699.9999999999999 0.0 0.0 750.0 0.0 0.0 800.0 0.0 0.0 849.9999999999999 0.0 0.0 900.0 0.0 0.0 950.0 0.0 0.0 999.9999999999999 0.0 0.0 1050.0 0.0 0.0 1100.0 0.0 0.0 1150.0 0.0 -0.40000000000000036 1200.0 0.0 -0.20000000000000034 1200.0 0.0 -0.6 50.0 0.0 -0.6 100.0 0.0 -0.6 150.0 0.0 -0.6 200.0 0.0 -0.6 249.99999999999997 0.0 -0.6 300.0 0.0 -0.6 349.99999999999994 0.0 -0.6 400.0 0.0 -0.6 450.0 0.0 -0.6 499.99999999999994 0.0 -0.6 550.0 0.0 -0.6 600.0 0.0 -0.6 650.0 0.0 -0.6 699.9999999999999 0.0 -0.6 750.0 0.0 -0.6 800.0 0.0 -0.6 849.9999999999999 0.0 -0.6 900.0 0.0 -0.6 950.0 0.0 -0.6 999.9999999999999 0.0 -0.6 1050.0 0.0 -0.6 1100.0 0.0 -0.6 1150.0 0.0 0.0 1200.2 0.0 0.0 1200.3999999999999 0.0 -0.40000000000000036 1200.6 0.0 -0.20000000000000034 1200.6 0.0 -0.6 1200.2 0.0 -0.6 1200.3999999999999 0.0 50.0 -0.6 0.0 100.0 -0.6 0.0 150.0 -0.6 0.0 200.0 -0.6 0.0 250.0 -0.6 0.0 300.0 -0.6 0.0 349.99999999999994 -0.6 0.0 400.0 -0.6 0.0 450.0 -0.6 0.0 500.0 -0.6 0.0 550.0 -0.6 0.0 600.0 -0.6 0.0 650.0 -0.6 0.0 699.9999999999999 -0.6 0.0 749.9999999999999 -0.6 0.0 800.0 -0.6 0.0 850.0 -0.6 0.0 900.0 -0.6 0.0 950.0 -0.6 0.0 1000.0 -0.6 0.0 1049.9999999999998 -0.6 0.0 1100.0 -0.6 0.0 1150.0 -0.6 0.0 1200.0 -0.6 0.0 1250.0 -0.6 0.0 1300.0 -0.6 0.0 1350.0 -0.6 0.0 1399.9999999999998 -0.6 0.0 1449.9999999999998 -0.6 0.0 1499.9999999999998 -0.6 0.0 1550.0 -0.6 0.0 1600.0 -0.6 0.0 1650.0 -0.6 0.0 1700.0 -0.6 0.0 1750.0 -0.6 0.0 1800.0 -0.40000000000000036 0.0 1800.0 -0.20000000000000034 0.0 50.0 0.0 0.0 100.0 0.0 0.0 150.0 0.0 0.0 200.0 0.0 0.0 250.0 0.0 0.0 300.0 0.0 0.0 349.99999999999994 0.0 0.0 400.0 0.0 0.0 450.0 0.0 0.0 500.0 0.0 0.0 550.0 0.0 0.0 600.0 0.0 0.0 650.0 0.0 0.0 699.9999999999999 0.0 0.0 749.9999999999999 0.0 0.0 800.0 0.0 0.0 850.0 0.0 0.0 900.0 0.0 0.0 950.0 0.0 0.0 1000.0 0.0 0.0 1049.9999999999998 0.0 0.0 1100.0 0.0 0.0 1150.0 0.0 0.0 1200.0 0.0 0.0 1250.0 0.0 0.0 1300.0 0.0 0.0 1350.0 0.0 0.0 1399.9999999999998 0.0 0.0 1449.9999999999998 0.0 0.0 1499.9999999999998 0.0 0.0 1550.0 0.0 0.0 1600.0 0.0 0.0 1650.0 0.0 0.0 1700.0 0.0 0.0 1750.0 0.0 0.0 1800.0 50.0 0.0 1800.0 100.0 0.0 1800.0 150.0 0.0 1800.0 200.0 0.0 1800.0 249.99999999999997 0.0 1800.0 300.0 0.0 1800.0 349.99999999999994 0.0 1800.0 400.0 0.0 1800.0 450.0 0.0 1800.0 499.99999999999994 0.0 1800.0 550.0 0.0 1800.0 600.0 0.0 1800.0 650.0 0.0 1800.0 699.9999999999999 0.0 1800.0 750.0 0.0 1800.0 800.0 0.0 1800.0 849.9999999999999 0.0 1800.0 900.0 0.0 1800.0 950.0 0.0 1800.0 999.9999999999999 0.0 1800.0 1050.0 0.0 1800.0 1100.0 0.0 1800.0 1150.0 0.0 50.0 1200.0 0.0 100.0 1200.0 0.0 150.0 1200.0 0.0 200.0 1200.0 0.0 250.0 1200.0 0.0 300.0 1200.0 0.0 349.99999999999994 1200.0 0.0 400.0 1200.0 0.0 450.0 1200.0 0.0 500.0 1200.0 0.0 550.0 1200.0 0.0 600.0 1200.0 0.0 650.0 1200.0 0.0 699.9999999999999 1200.0 0.0 749.9999999999999 1200.0 0.0 800.0 1200.0 0.0 850.0 1200.0 0.0 900.0 1200.0 0.0 950.0 1200.0 0.0 1000.0 1200.0 0.0 1049.9999999999998 1200.0 0.0 1100.0 1200.0 0.0 1150.0 1200.0 0.0 1200.0 1200.0 0.0 1250.0 1200.0 0.0 1300.0 1200.0 0.0 1350.0 1200.0 0.0 1399.9999999999998 1200.0 0.0 1449.9999999999998 1200.0 0.0 1499.9999999999998 1200.0 0.0 1550.0 1200.0 0.0 1600.0 1200.0 0.0 1650.0 1200.0 0.0 1700.0 1200.0 0.0 1750.0 1200.0 0.0 1800.0 1200.2 0.0 1800.0 1200.3999999999999 0.0 50.0 1200.6 0.0 100.0 1200.6 0.0 150.0 1200.6 0.0 200.0 1200.6 0.0 250.0 1200.6 0.0 300.0 1200.6 0.0 349.99999999999994 1200.6 0.0 400.0 1200.6 0.0 450.0 1200.6 0.0 500.0 1200.6 0.0 550.0 1200.6 0.0 600.0 1200.6 0.0 650.0 1200.6 0.0 699.9999999999999 1200.6 0.0 749.9999999999999 1200.6 0.0 800.0 1200.6 0.0 850.0 1200.6 0.0 900.0 1200.6 0.0 950.0 1200.6 0.0 1000.0 1200.6 0.0 1049.9999999999998 1200.6 0.0 1100.0 1200.6 0.0 1150.0 1200.6 0.0 1200.0 1200.6 0.0 1250.0 1200.6 0.0 1300.0 1200.6 0.0 1350.0 1200.6 0.0 1399.9999999999998 1200.6 0.0 1449.9999999999998 1200.6 0.0 1499.9999999999998 1200.6 0.0 1550.0 1200.6 0.0 1600.0 1200.6 0.0 1650.0 1200.6 0.0 1700.0 1200.6 0.0 1750.0 1200.6 0.0 1800.2 -0.6 0.0 1800.3999999999999 -0.6 0.0 1800.6 -0.40000000000000036 0.0 1800.6 -0.20000000000000034 0.0 1800.2 0.0 0.0 1800.3999999999999 0.0 0.0 1800.6 50.0 0.0 1800.6 100.0 0.0 1800.6 150.0 0.0 1800.6 200.0 0.0 1800.6 249.99999999999997 0.0 1800.6 300.0 0.0 1800.6 349.99999999999994 0.0 1800.6 400.0 0.0 1800.6 450.0 0.0 1800.6 499.99999999999994 0.0 1800.6 550.0 0.0 1800.6 600.0 0.0 1800.6 650.0 0.0 1800.6 699.9999999999999 0.0 1800.6 750.0 0.0 1800.6 800.0 0.0 1800.6 849.9999999999999 0.0 1800.6 900.0 0.0 1800.6 950.0 0.0 1800.6 999.9999999999999 0.0 1800.6 1050.0 0.0 1800.6 1100.0 0.0 1800.6 1150.0 0.0 1800.2 1200.0 0.0 1800.3999999999999 1200.0 0.0 1800.6 1200.2 0.0 1800.6 1200.3999999999999 0.0 1800.2 1200.6 0.0 1800.3999999999999 1200.6 0.0 -1.47488663525924 -1.47488663525924 10.0 -2.34977327051848 -2.34977327051848 20.0 -0.87488663525924 -1.47488663525924 10.0 -1.74977327051848 -2.34977327051848 20.0 -3.0246599057777206 -3.2246599057777203 30.0 -2.8246599057777204 -3.2246599057777203 30.0 -0.87488663525924 -0.87488663525924 10.0 -1.74977327051848 -1.74977327051848 20.0 -2.6246599057777202 -3.0246599057777206 30.0 -2.6246599057777202 -2.8246599057777204 30.0 -1.47488663525924 -0.87488663525924 10.0 -2.34977327051848 -1.74977327051848 20.0 -3.0246599057777206 -2.6246599057777202 30.0 -2.8246599057777204 -2.6246599057777202 30.0 -3.2246599057777203 -3.0246599057777206 30.0 -3.2246599057777203 -2.8246599057777204 30.0 -0.87488663525924 1200.8748866352591 10.0 -1.74977327051848 1201.7497732705185 20.0 -2.6246599057777202 50.0 30.0 -2.6246599057777202 100.0 30.0 -2.6246599057777202 150.0 30.0 -2.6246599057777202 200.0 30.0 -2.6246599057777202 249.99999999999997 30.0 -2.6246599057777202 300.0 30.0 -2.6246599057777202 349.99999999999994 30.0 -2.6246599057777202 400.0 30.0 -2.6246599057777202 450.0 30.0 -2.6246599057777202 499.99999999999994 30.0 -2.6246599057777202 550.0 30.0 -2.6246599057777202 600.0 30.0 -2.6246599057777202 650.0 30.0 -2.6246599057777202 699.9999999999999 30.0 -2.6246599057777202 750.0 30.0 -2.6246599057777202 800.0 30.0 -2.6246599057777202 849.9999999999999 30.0 -2.6246599057777202 900.0 30.0 -2.6246599057777202 950.0 30.0 -2.6246599057777202 999.9999999999999 30.0 -2.6246599057777202 1050.0 30.0 -2.6246599057777202 1100.0 30.0 -2.6246599057777202 1150.0 30.0 -1.47488663525924 1200.8748866352591 10.0 -2.34977327051848 1201.7497732705185 20.0 -3.0246599057777206 1202.6246599057777 30.0 -2.8246599057777204 1202.6246599057777 30.0 -3.2246599057777203 50.0 30.0 -3.2246599057777203 100.0 30.0 -3.2246599057777203 150.0 30.0 -3.2246599057777203 200.0 30.0 -3.2246599057777203 249.99999999999997 30.0 -3.2246599057777203 300.0 30.0 -3.2246599057777203 349.99999999999994 30.0 -3.2246599057777203 400.0 30.0 -3.2246599057777203 450.0 30.0 -3.2246599057777203 499.99999999999994 30.0 -3.2246599057777203 550.0 30.0 -3.2246599057777203 600.0 30.0 -3.2246599057777203 650.0 30.0 -3.2246599057777203 699.9999999999999 30.0 -3.2246599057777203 750.0 30.0 -3.2246599057777203 800.0 30.0 -3.2246599057777203 849.9999999999999 30.0 -3.2246599057777203 900.0 30.0 -3.2246599057777203 950.0 30.0 -3.2246599057777203 999.9999999999999 30.0 -3.2246599057777203 1050.0 30.0 -3.2246599057777203 1100.0 30.0 -3.2246599057777203 1150.0 30.0 -0.87488663525924 1201.474886635259 10.0 -1.74977327051848 1202.3497732705184 20.0 -2.6246599057777202 1202.8246599057777 30.0 -2.6246599057777202 1203.0246599057775 30.0 -1.47488663525924 1201.474886635259 10.0 -2.34977327051848 1202.3497732705184 20.0 -3.0246599057777206 1203.2246599057776 30.0 -2.8246599057777204 1203.2246599057776 30.0 -3.2246599057777203 1202.8246599057777 30.0 -3.2246599057777203 1203.0246599057775 30.0 1800.8748866352591 -1.47488663525924 10.0 1801.7497732705185 -2.34977327051848 20.0 50.0 -3.2246599057777203 30.0 100.0 -3.2246599057777203 30.0 150.0 -3.2246599057777203 30.0 200.0 -3.2246599057777203 30.0 250.0 -3.2246599057777203 30.0 300.0 -3.2246599057777203 30.0 349.99999999999994 -3.2246599057777203 30.0 400.0 -3.2246599057777203 30.0 450.0 -3.2246599057777203 30.0 500.0 -3.2246599057777203 30.0 550.0 -3.2246599057777203 30.0 600.0 -3.2246599057777203 30.0 650.0 -3.2246599057777203 30.0 699.9999999999999 -3.2246599057777203 30.0 749.9999999999999 -3.2246599057777203 30.0 800.0 -3.2246599057777203 30.0 850.0 -3.2246599057777203 30.0 900.0 -3.2246599057777203 30.0 950.0 -3.2246599057777203 30.0 1000.0 -3.2246599057777203 30.0 1049.9999999999998 -3.2246599057777203 30.0 1100.0 -3.2246599057777203 30.0 1150.0 -3.2246599057777203 30.0 1200.0 -3.2246599057777203 30.0 1250.0 -3.2246599057777203 30.0 1300.0 -3.2246599057777203 30.0 1350.0 -3.2246599057777203 30.0 1399.9999999999998 -3.2246599057777203 30.0 1449.9999999999998 -3.2246599057777203 30.0 1499.9999999999998 -3.2246599057777203 30.0 1550.0 -3.2246599057777203 30.0 1600.0 -3.2246599057777203 30.0 1650.0 -3.2246599057777203 30.0 1700.0 -3.2246599057777203 30.0 1750.0 -3.2246599057777203 30.0 1800.8748866352591 -0.87488663525924 10.0 1801.7497732705185 -1.74977327051848 20.0 1802.6246599057777 -3.0246599057777206 30.0 1802.6246599057777 -2.8246599057777204 30.0 50.0 -2.6246599057777202 30.0 100.0 -2.6246599057777202 30.0 150.0 -2.6246599057777202 30.0 200.0 -2.6246599057777202 30.0 250.0 -2.6246599057777202 30.0 300.0 -2.6246599057777202 30.0 349.99999999999994 -2.6246599057777202 30.0 400.0 -2.6246599057777202 30.0 450.0 -2.6246599057777202 30.0 500.0 -2.6246599057777202 30.0 550.0 -2.6246599057777202 30.0 600.0 -2.6246599057777202 30.0 650.0 -2.6246599057777202 30.0 699.9999999999999 -2.6246599057777202 30.0 749.9999999999999 -2.6246599057777202 30.0 800.0 -2.6246599057777202 30.0 850.0 -2.6246599057777202 30.0 900.0 -2.6246599057777202 30.0 950.0 -2.6246599057777202 30.0 1000.0 -2.6246599057777202 30.0 1049.9999999999998 -2.6246599057777202 30.0 1100.0 -2.6246599057777202 30.0 1150.0 -2.6246599057777202 30.0 1200.0 -2.6246599057777202 30.0 1250.0 -2.6246599057777202 30.0 1300.0 -2.6246599057777202 30.0 1350.0 -2.6246599057777202 30.0 1399.9999999999998 -2.6246599057777202 30.0 1449.9999999999998 -2.6246599057777202 30.0 1499.9999999999998 -2.6246599057777202 30.0 1550.0 -2.6246599057777202 30.0 1600.0 -2.6246599057777202 30.0 1650.0 -2.6246599057777202 30.0 1700.0 -2.6246599057777202 30.0 1750.0 -2.6246599057777202 30.0 1800.8748866352591 1200.8748866352591 10.0 1801.7497732705185 1201.7497732705185 20.0 50.0 1202.6246599057777 30.0 100.0 1202.6246599057777 30.0 150.0 1202.6246599057777 30.0 200.0 1202.6246599057777 30.0 250.0 1202.6246599057777 30.0 300.0 1202.6246599057777 30.0 349.99999999999994 1202.6246599057777 30.0 400.0 1202.6246599057777 30.0 450.0 1202.6246599057777 30.0 500.0 1202.6246599057777 30.0 550.0 1202.6246599057777 30.0 600.0 1202.6246599057777 30.0 650.0 1202.6246599057777 30.0 699.9999999999999 1202.6246599057777 30.0 749.9999999999999 1202.6246599057777 30.0 800.0 1202.6246599057777 30.0 850.0 1202.6246599057777 30.0 900.0 1202.6246599057777 30.0 950.0 1202.6246599057777 30.0 1000.0 1202.6246599057777 30.0 1049.9999999999998 1202.6246599057777 30.0 1100.0 1202.6246599057777 30.0 1150.0 1202.6246599057777 30.0 1200.0 1202.6246599057777 30.0 1250.0 1202.6246599057777 30.0 1300.0 1202.6246599057777 30.0 1350.0 1202.6246599057777 30.0 1399.9999999999998 1202.6246599057777 30.0 1449.9999999999998 1202.6246599057777 30.0 1499.9999999999998 1202.6246599057777 30.0 1550.0 1202.6246599057777 30.0 1600.0 1202.6246599057777 30.0 1650.0 1202.6246599057777 30.0 1700.0 1202.6246599057777 30.0 1750.0 1202.6246599057777 30.0 1800.8748866352591 1201.474886635259 10.0 1801.7497732705185 1202.3497732705184 20.0 1802.6246599057777 1202.8246599057777 30.0 1802.6246599057777 1203.0246599057775 30.0 50.0 1203.2246599057776 30.0 100.0 1203.2246599057776 30.0 150.0 1203.2246599057776 30.0 200.0 1203.2246599057776 30.0 250.0 1203.2246599057776 30.0 300.0 1203.2246599057776 30.0 349.99999999999994 1203.2246599057776 30.0 400.0 1203.2246599057776 30.0 450.0 1203.2246599057776 30.0 500.0 1203.2246599057776 30.0 550.0 1203.2246599057776 30.0 600.0 1203.2246599057776 30.0 650.0 1203.2246599057776 30.0 699.9999999999999 1203.2246599057776 30.0 749.9999999999999 1203.2246599057776 30.0 800.0 1203.2246599057776 30.0 850.0 1203.2246599057776 30.0 900.0 1203.2246599057776 30.0 950.0 1203.2246599057776 30.0 1000.0 1203.2246599057776 30.0 1049.9999999999998 1203.2246599057776 30.0 1100.0 1203.2246599057776 30.0 1150.0 1203.2246599057776 30.0 1200.0 1203.2246599057776 30.0 1250.0 1203.2246599057776 30.0 1300.0 1203.2246599057776 30.0 1350.0 1203.2246599057776 30.0 1399.9999999999998 1203.2246599057776 30.0 1449.9999999999998 1203.2246599057776 30.0 1499.9999999999998 1203.2246599057776 30.0 1550.0 1203.2246599057776 30.0 1600.0 1203.2246599057776 30.0 1650.0 1203.2246599057776 30.0 1700.0 1203.2246599057776 30.0 1750.0 1203.2246599057776 30.0 1801.474886635259 -1.47488663525924 10.0 1802.3497732705184 -2.34977327051848 20.0 1802.8246599057777 -3.2246599057777203 30.0 1803.0246599057775 -3.2246599057777203 30.0 1801.474886635259 -0.87488663525924 10.0 1802.3497732705184 -1.74977327051848 20.0 1803.2246599057776 -3.0246599057777206 30.0 1803.2246599057776 -2.8246599057777204 30.0 1802.8246599057777 -2.6246599057777202 30.0 1803.0246599057775 -2.6246599057777202 30.0 1801.474886635259 1200.8748866352591 10.0 1802.3497732705184 1201.7497732705185 20.0 1803.2246599057776 50.0 30.0 1803.2246599057776 100.0 30.0 1803.2246599057776 150.0 30.0 1803.2246599057776 200.0 30.0 1803.2246599057776 249.99999999999997 30.0 1803.2246599057776 300.0 30.0 1803.2246599057776 349.99999999999994 30.0 1803.2246599057776 400.0 30.0 1803.2246599057776 450.0 30.0 1803.2246599057776 499.99999999999994 30.0 1803.2246599057776 550.0 30.0 1803.2246599057776 600.0 30.0 1803.2246599057776 650.0 30.0 1803.2246599057776 699.9999999999999 30.0 1803.2246599057776 750.0 30.0 1803.2246599057776 800.0 30.0 1803.2246599057776 849.9999999999999 30.0 1803.2246599057776 900.0 30.0 1803.2246599057776 950.0 30.0 1803.2246599057776 999.9999999999999 30.0 1803.2246599057776 1050.0 30.0 1803.2246599057776 1100.0 30.0 1803.2246599057776 1150.0 30.0 1802.8246599057777 1202.6246599057777 30.0 1803.0246599057775 1202.6246599057777 30.0 1802.6246599057777 50.0 30.0 1802.6246599057777 100.0 30.0 1802.6246599057777 150.0 30.0 1802.6246599057777 200.0 30.0 1802.6246599057777 249.99999999999997 30.0 1802.6246599057777 300.0 30.0 1802.6246599057777 349.99999999999994 30.0 1802.6246599057777 400.0 30.0 1802.6246599057777 450.0 30.0 1802.6246599057777 499.99999999999994 30.0 1802.6246599057777 550.0 30.0 1802.6246599057777 600.0 30.0 1802.6246599057777 650.0 30.0 1802.6246599057777 699.9999999999999 30.0 1802.6246599057777 750.0 30.0 1802.6246599057777 800.0 30.0 1802.6246599057777 849.9999999999999 30.0 1802.6246599057777 900.0 30.0 1802.6246599057777 950.0 30.0 1802.6246599057777 999.9999999999999 30.0 1802.6246599057777 1050.0 30.0 1802.6246599057777 1100.0 30.0 1802.6246599057777 1150.0 30.0 1801.474886635259 1201.474886635259 10.0 1802.3497732705184 1202.3497732705184 20.0 1803.2246599057776 1202.8246599057777 30.0 1803.2246599057776 1203.0246599057775 30.0 1802.8246599057777 1203.2246599057776 30.0 1803.0246599057775 1203.2246599057776 30.0 -0.40000000000000036 -0.4000000000000003 -0.5999999999999999 -0.4000000000000003 -0.20000000000000034 -0.5999999999999999 -0.20000000000000034 -0.4000000000000003 -0.5999999999999999 -0.20000000000000034 -0.20000000000000034 -0.5999999999999999 -0.4000000000000003 50.0 -0.6 -0.40000000000000036 100.0 -0.6 -0.40000000000000036 150.0 -0.6 -0.40000000000000036 200.0 -0.6 -0.40000000000000036 250.0000000000001 -0.6 -0.40000000000000036 300.0 -0.6 -0.40000000000000036 350.0 -0.6 -0.40000000000000036 400.0 -0.6 -0.40000000000000036 450.0 -0.6 -0.40000000000000036 500.0 -0.6 -0.40000000000000036 550.0 -0.6 -0.40000000000000036 600.0 -0.6 -0.4000000000000003 650.0 -0.6 -0.40000000000000036 699.9999999999998 -0.6 -0.40000000000000036 750.0 -0.6 -0.4000000000000003 800.0 -0.6 -0.40000000000000036 849.9999999999999 -0.6 -0.40000000000000036 900.0 -0.6 -0.40000000000000036 950.0 -0.6 -0.40000000000000036 999.9999999999999 -0.6 -0.40000000000000036 1050.0 -0.6 -0.40000000000000036 1100.0 -0.6 -0.40000000000000036 1150.0 -0.6 -0.20000000000000034 50.0 -0.6 -0.20000000000000034 100.00000000000006 -0.6 -0.20000000000000034 150.0 -0.6 -0.20000000000000037 200.0000000000001 -0.6 -0.20000000000000032 250.0 -0.6 -0.20000000000000034 300.0 -0.6 -0.20000000000000037 350.0 -0.6 -0.20000000000000034 400.00000000000006 -0.6 -0.20000000000000032 450.0 -0.6 -0.20000000000000034 499.99999999999994 -0.6 -0.20000000000000034 550.0 -0.6 -0.20000000000000037 600.0 -0.6 -0.20000000000000037 650.0 -0.6 -0.20000000000000037 699.9999999999999 -0.6 -0.20000000000000034 750.0 -0.6 -0.20000000000000037 800.0 -0.6 -0.2000000000000004 849.9999999999998 -0.6 -0.20000000000000032 900.0 -0.6 -0.20000000000000034 950.0000000000001 -0.6 -0.20000000000000034 999.9999999999999 -0.6 -0.20000000000000034 1050.0 -0.6 -0.20000000000000034 1100.0 -0.6 -0.20000000000000034 1150.0 -0.6 -0.40000000000000036 1200.2 -0.5999999999999999 -0.40000000000000024 1200.3999999999999 -0.5999999999999999 -0.20000000000000034 1200.2 -0.5999999999999999 -0.20000000000000034 1200.3999999999999 -0.5999999999999999 50.0 -0.40000000000000024 -0.5999999999999999 50.000000000000114 -0.20000000000000034 -0.5999999999999999 100.00000000000011 -0.4000000000000003 -0.5999999999999999 100.0 -0.20000000000000034 -0.5999999999999999 150.0 -0.4000000000000003 -0.5999999999999999 150.0 -0.20000000000000034 -0.5999999999999999 199.9999999999999 -0.4000000000000003 -0.5999999999999999 199.9999999999999 -0.20000000000000034 -0.5999999999999999 249.9999999999999 -0.4000000000000003 -0.5999999999999999 250.0000000000001 -0.20000000000000034 -0.5999999999999999 300.0000000000001 -0.4000000000000003 -0.5999999999999999 300.0000000000001 -0.20000000000000037 -0.5999999999999999 349.9999999999999 -0.4000000000000003 -0.5999999999999999 350.0 -0.20000000000000034 -0.5999999999999999 400.0000000000001 -0.4000000000000003 -0.5999999999999999 400.0 -0.20000000000000034 -0.5999999999999999 449.99999999999994 -0.4000000000000003 -0.5999999999999999 450.0 -0.20000000000000034 -0.5999999999999999 500.0 -0.4000000000000003 -0.5999999999999999 500.0 -0.20000000000000034 -0.5999999999999999 550.0000000000001 -0.4000000000000003 -0.5999999999999999 550.0 -0.20000000000000034 -0.5999999999999999 600.0 -0.4000000000000003 -0.5999999999999999 600.0 -0.20000000000000034 -0.5999999999999999 650.0 -0.4000000000000003 -0.5999999999999999 650.0 -0.20000000000000034 -0.5999999999999999 699.9999999999999 -0.4000000000000003 -0.5999999999999999 699.9999999999998 -0.20000000000000034 -0.5999999999999999 749.9999999999998 -0.4000000000000003 -0.5999999999999999 749.9999999999998 -0.20000000000000034 -0.5999999999999999 800.0 -0.40000000000000024 -0.5999999999999999 800.0 -0.20000000000000034 -0.5999999999999999 850.0 -0.4000000000000003 -0.5999999999999999 850.0 -0.20000000000000034 -0.5999999999999999 900.0 -0.4000000000000003 -0.5999999999999999 900.0 -0.20000000000000034 -0.5999999999999999 950.0 -0.4000000000000003 -0.5999999999999999 950.0 -0.20000000000000034 -0.5999999999999999 1000.0 -0.4000000000000003 -0.5999999999999999 1000.0 -0.20000000000000034 -0.5999999999999999 1049.9999999999998 -0.4000000000000003 -0.5999999999999999 1049.9999999999998 -0.20000000000000034 -0.5999999999999999 1100.0 -0.4000000000000003 -0.5999999999999999 1100.0 -0.20000000000000034 -0.5999999999999999 1150.0 -0.4000000000000003 -0.5999999999999999 1150.0 -0.20000000000000034 -0.5999999999999999 1200.0 -0.4000000000000003 -0.5999999999999999 1200.0 -0.20000000000000034 -0.5999999999999999 1250.0 -0.4000000000000003 -0.5999999999999999 1250.0 -0.20000000000000034 -0.5999999999999999 1300.0 -0.4000000000000003 -0.5999999999999999 1300.0 -0.20000000000000034 -0.5999999999999999 1350.0 -0.4000000000000003 -0.5999999999999999 1350.0 -0.20000000000000034 -0.5999999999999999 1399.9999999999998 -0.4000000000000003 -0.5999999999999999 1399.9999999999995 -0.20000000000000037 -0.5999999999999999 1450.0 -0.40000000000000024 -0.5999999999999999 1450.0 -0.20000000000000034 -0.5999999999999999 1499.9999999999995 -0.4000000000000003 -0.5999999999999999 1500.0 -0.20000000000000034 -0.5999999999999999 1550.0 -0.4000000000000003 -0.5999999999999999 1550.0 -0.20000000000000034 -0.5999999999999999 1600.0 -0.4000000000000003 -0.5999999999999999 1600.0 -0.20000000000000034 -0.5999999999999999 1650.0 -0.40000000000000024 -0.5999999999999999 1650.0 -0.20000000000000034 -0.5999999999999999 1699.9999999999998 -0.4000000000000003 -0.5999999999999999 1700.0 -0.20000000000000034 -0.5999999999999999 1750.0 -0.40000000000000024 -0.5999999999999999 1750.0 -0.20000000000000034 -0.5999999999999999 49.999999999999886 50.0 -0.6 50.000000000000114 100.0 -0.6 50.0 149.99999999999994 -0.6 49.999999999999886 200.00000000000006 -0.6 50.000000000000114 250.00000000000006 -0.6 50.0 300.0 -0.6 50.0 350.00000000000006 -0.6 50.0 400.0000000000001 -0.6 50.0 450.0 -0.6 50.0 499.9999999999999 -0.6 50.0 550.0 -0.6 50.0 600.0 -0.6 50.0 650.0 -0.6 50.0 699.9999999999999 -0.6 50.0 750.0 -0.6 50.0 800.0 -0.6 50.0 849.9999999999999 -0.6 50.0 900.0 -0.6 50.000000000000114 950.0 -0.6 50.0 999.9999999999999 -0.6 50.0 1050.0 -0.6 50.0 1100.0 -0.6 50.0 1150.0 -0.6 99.99999999999989 50.0 -0.6 100.0 99.99999999999994 -0.6 100.0 150.00000000000006 -0.6 100.0 200.0 -0.6 99.99999999999977 250.00000000000006 -0.6 99.99999999999989 300.0 -0.6 100.0 350.0 -0.6 100.0 400.00000000000006 -0.6 100.0 450.0 -0.6 100.0 499.9999999999999 -0.6 100.0 550.0 -0.6 100.0 600.0 -0.6 100.0 650.0 -0.6 100.0 699.9999999999999 -0.6 100.0 750.0 -0.6 100.0 800.0 -0.6 100.0 849.9999999999998 -0.6 99.99999999999989 900.0 -0.6 100.0 950.0 -0.6 100.0 999.9999999999999 -0.6 100.0 1050.0 -0.6 100.0 1100.0 -0.6 99.99999999999989 1150.0 -0.6 150.0 50.0 -0.6 149.9999999999999 100.00000000000006 -0.6 149.9999999999999 149.9999999999999 -0.6 150.0 200.0 -0.6 150.0000000000001 250.00000000000006 -0.6 150.0 300.0 -0.6 150.0 350.0000000000001 -0.6 150.0 400.0 -0.6 150.0 450.0 -0.6 150.0 499.99999999999994 -0.6 150.0 550.0 -0.6 150.0 600.0 -0.6 150.0 650.0 -0.6 149.9999999999999 699.9999999999999 -0.6 150.0 750.0 -0.6 150.0 800.0 -0.6 150.0 849.9999999999999 -0.6 150.0 900.0 -0.6 150.0 950.0 -0.6 150.0000000000001 999.9999999999999 -0.6 149.9999999999999 1050.0 -0.6 149.9999999999999 1100.0 -0.6 150.0 1150.0 -0.6 199.99999999999977 50.0 -0.6 200.0000000000001 100.0 -0.6 199.9999999999999 150.0 -0.6 199.99999999999977 200.0 -0.6 200.0 250.0 -0.6 200.0 300.0 -0.6 199.9999999999999 350.0 -0.6 200.0 400.00000000000006 -0.6 200.0 450.00000000000006 -0.6 199.9999999999999 500.0 -0.6 200.0 550.0 -0.6 200.0 600.0 -0.6 200.0 650.0 -0.6 199.9999999999999 699.9999999999999 -0.6 200.0 750.0 -0.6 200.0 800.0 -0.6 200.0 849.9999999999999 -0.6 200.0 900.0 -0.6 200.0 950.0 -0.6 199.9999999999999 999.9999999999999 -0.6 199.9999999999999 1050.0 -0.6 200.0 1100.0 -0.6 200.0 1150.0 -0.6 250.0 50.0 -0.6 250.0 100.0 -0.6 250.0000000000001 150.0 -0.6 250.0 200.0 -0.6 249.99999999999977 250.0000000000001 -0.6 250.0 300.0 -0.6 250.0 350.0 -0.6 249.99999999999977 400.00000000000006 -0.6 250.0 449.99999999999994 -0.6 250.0 500.0 -0.6 250.0 550.0 -0.6 250.0 600.0 -0.6 250.0 650.0000000000001 -0.6 250.0 699.9999999999999 -0.6 250.0 750.0 -0.6 250.0 800.0 -0.6 250.0000000000001 849.9999999999998 -0.6 250.0 900.0 -0.6 250.0000000000001 950.0 -0.6 250.0 999.9999999999998 -0.6 250.0000000000001 1050.0 -0.6 250.0 1100.0 -0.6 250.0 1150.0 -0.6 300.0 50.0 -0.6 300.0 99.99999999999994 -0.6 300.0000000000001 150.0 -0.6 300.0000000000001 200.0000000000001 -0.6 300.0000000000001 250.0000000000001 -0.6 300.0 300.0 -0.6 300.0 350.0 -0.6 300.0000000000001 400.0000000000001 -0.6 300.0 450.0 -0.6 300.0 500.0 -0.6 300.0 550.0 -0.6 300.0 600.0 -0.6 300.0 650.0 -0.6 300.0 699.9999999999999 -0.6 300.0 750.0 -0.6 300.0 800.0 -0.6 300.0000000000001 849.9999999999998 -0.6 300.0 900.0 -0.6 300.0000000000001 950.0 -0.6 300.0 999.9999999999999 -0.6 300.0000000000001 1050.0 -0.6 300.0 1100.0 -0.6 300.0 1150.0 -0.6 349.9999999999999 50.000000000000114 -0.6 350.00000000000034 100.00000000000006 -0.6 350.0 150.0 -0.6 350.0 200.00000000000006 -0.6 350.0000000000001 250.0 -0.6 350.0000000000001 300.0 -0.6 350.0 350.0 -0.6 350.0 400.00000000000006 -0.6 350.0 450.0 -0.6 350.0 499.99999999999994 -0.6 350.0000000000001 550.0 -0.6 350.0 600.0 -0.6 350.0000000000001 650.0 -0.6 350.0 699.9999999999998 -0.6 350.0000000000001 750.0 -0.6 350.0 800.0 -0.6 350.0 849.9999999999998 -0.6 350.0000000000001 900.0 -0.6 350.0000000000001 950.0 -0.6 350.0 999.9999999999999 -0.6 350.0 1050.0 -0.6 350.0000000000001 1100.0 -0.6 350.0 1150.0 -0.6 400.0 50.000000000000114 -0.6 400.00000000000006 100.0 -0.6 400.0 150.0 -0.6 400.0 199.99999999999994 -0.6 400.0000000000001 250.00000000000006 -0.6 400.0 300.0 -0.6 400.0 350.00000000000006 -0.6 400.00000000000006 400.00000000000006 -0.6 400.0 450.0 -0.6 400.0000000000001 499.99999999999994 -0.6 400.0 550.0 -0.6 400.0 600.0 -0.6 400.0 650.0 -0.6 400.0 699.9999999999999 -0.6 400.0 750.0 -0.6 400.0 800.0 -0.6 400.0 849.9999999999998 -0.6 400.0 900.0 -0.6 400.0 950.0000000000001 -0.6 400.0000000000001 999.9999999999999 -0.6 400.0 1050.0 -0.6 400.0 1100.0 -0.6 400.0 1150.0 -0.6 450.0 50.0 -0.6 450.0 100.0 -0.6 450.0 150.0 -0.6 450.0 200.0 -0.6 450.0 250.0 -0.6 450.0 300.0 -0.6 450.0 350.0 -0.6 450.0 400.0 -0.6 450.0 450.0 -0.6 450.0 499.9999999999999 -0.6 450.00000000000006 550.0 -0.6 450.0 600.0 -0.6 450.0 650.0 -0.6 450.0 699.9999999999999 -0.6 450.0 750.0 -0.6 450.0 800.0 -0.6 450.0000000000001 849.9999999999998 -0.6 450.0 900.0 -0.6 450.0 950.0 -0.6 450.00000000000006 999.9999999999998 -0.6 450.0 1050.0 -0.6 450.0 1100.0 -0.6 450.0 1150.0 -0.6 499.9999999999999 50.0 -0.6 499.99999999999994 100.0 -0.6 500.0 150.0 -0.6 499.9999999999999 200.00000000000006 -0.6 499.9999999999999 250.00000000000006 -0.6 499.99999999999994 300.0 -0.6 500.0 350.00000000000006 -0.6 500.0 400.0000000000001 -0.6 500.0 450.0 -0.6 500.0 500.0 -0.6 500.0 550.0 -0.6 500.0 600.0 -0.6 500.0 650.0 -0.6 500.0 699.9999999999999 -0.6 500.0 750.0 -0.6 500.0 800.0 -0.6 499.99999999999994 849.9999999999999 -0.6 499.99999999999994 900.0 -0.6 499.99999999999994 950.0000000000001 -0.6 500.0 999.9999999999999 -0.6 500.0 1050.0 -0.6 499.9999999999999 1100.0 -0.6 499.99999999999994 1150.0 -0.6 550.0 50.000000000000114 -0.6 550.0 99.99999999999994 -0.6 550.0 150.0 -0.6 549.9999999999999 200.0 -0.6 550.0 250.00000000000006 -0.6 549.9999999999999 300.0 -0.6 550.0 350.0 -0.6 550.0 400.0 -0.6 550.0 450.0 -0.6 550.0 499.9999999999999 -0.6 550.0 550.0 -0.6 550.0 600.0 -0.6 549.9999999999999 650.0 -0.6 550.0 699.9999999999999 -0.6 550.0 750.0 -0.6 550.0 800.0 -0.6 550.0 849.9999999999999 -0.6 549.9999999999999 900.0 -0.6 550.0 950.0 -0.6 549.9999999999999 999.9999999999998 -0.6 550.0 1050.0 -0.6 550.0 1100.0 -0.6 550.0 1150.0 -0.6 599.9999999999999 50.0 -0.6 599.9999999999999 100.00000000000006 -0.6 600.0 150.0 -0.6 600.0 200.0000000000001 -0.6 600.0 250.0000000000001 -0.6 599.9999999999999 300.0 -0.6 600.0 350.0 -0.6 600.0 400.0000000000001 -0.6 600.0 450.00000000000006 -0.6 600.0 500.0 -0.6 600.0 550.0 -0.6 600.0 600.0 -0.6 600.0 650.0000000000001 -0.6 600.0 699.9999999999998 -0.6 600.0 750.0 -0.6 599.9999999999999 800.0 -0.6 600.0 849.9999999999999 -0.6 599.9999999999999 900.0 -0.6 600.0 950.0 -0.6 600.0 999.9999999999998 -0.6 600.0 1050.0 -0.6 599.9999999999999 1100.0 -0.6 599.9999999999999 1150.0 -0.6 650.0 50.0 -0.6 650.0 99.99999999999989 -0.6 649.9999999999999 150.0 -0.6 650.0 200.00000000000006 -0.6 650.0 250.00000000000006 -0.6 650.0 300.0 -0.6 650.0 350.0 -0.6 650.0 400.0 -0.6 650.0 450.0 -0.6 650.0 499.99999999999994 -0.6 650.0 550.0 -0.6 650.0 600.0 -0.6 650.0 650.0 -0.6 650.0 699.9999999999999 -0.6 650.0 750.0 -0.6 650.0 800.0 -0.6 650.0 849.9999999999999 -0.6 650.0 900.0 -0.6 650.0 950.0000000000001 -0.6 650.0 999.9999999999999 -0.6 649.9999999999999 1050.0 -0.6 650.0 1100.0 -0.6 650.0 1150.0 -0.6 699.9999999999999 50.000000000000114 -0.6 700.0 100.0 -0.6 700.0 150.0 -0.6 699.9999999999998 200.0 -0.6 700.0 250.0 -0.6 700.0 300.0 -0.6 699.9999999999999 350.0 -0.6 700.0 400.0 -0.6 699.9999999999999 450.0 -0.6 699.9999999999999 499.9999999999999 -0.6 699.9999999999999 550.0 -0.6 699.9999999999999 600.0 -0.6 699.9999999999999 650.0 -0.6 699.9999999999999 699.9999999999999 -0.6 699.9999999999999 750.0 -0.6 700.0 800.0 -0.6 699.9999999999999 849.9999999999999 -0.6 700.0 900.0 -0.6 700.0 950.0 -0.6 700.0 999.9999999999998 -0.6 700.0 1050.0 -0.6 700.0 1100.0 -0.6 699.9999999999998 1150.0 -0.6 749.9999999999998 50.0 -0.6 749.9999999999999 99.99999999999994 -0.6 749.9999999999999 150.0 -0.6 749.9999999999999 200.00000000000006 -0.6 749.9999999999999 250.0 -0.6 749.9999999999999 300.0 -0.6 749.9999999999999 350.00000000000006 -0.6 749.9999999999999 400.00000000000006 -0.6 749.9999999999999 450.0 -0.6 749.9999999999999 500.0 -0.6 749.9999999999999 550.0 -0.6 749.9999999999999 600.0 -0.6 749.9999999999999 650.0 -0.6 749.9999999999999 699.9999999999999 -0.6 749.9999999999999 750.0 -0.6 749.9999999999999 800.0 -0.6 749.9999999999999 849.9999999999999 -0.6 749.9999999999998 900.0 -0.6 749.9999999999999 950.0 -0.6 749.9999999999999 999.9999999999998 -0.6 749.9999999999999 1050.0 -0.6 749.9999999999999 1100.0 -0.6 749.9999999999998 1150.0 -0.6 800.0 50.0 -0.6 800.0000000000001 100.00000000000006 -0.6 800.0000000000001 150.0 -0.6 800.0000000000001 200.0 -0.6 800.0 250.0 -0.6 800.0 300.0 -0.6 800.0000000000001 350.0 -0.6 800.0 400.0000000000001 -0.6 800.0 450.0 -0.6 800.0000000000001 499.99999999999994 -0.6 800.0 550.0 -0.6 800.0 600.0 -0.6 800.0 650.0 -0.6 800.0000000000001 699.9999999999999 -0.6 800.0 750.0 -0.6 800.0 800.0 -0.6 800.0 849.9999999999999 -0.6 800.0 900.0 -0.6 800.0 950.0 -0.6 800.0000000000001 999.9999999999999 -0.6 800.0000000000001 1050.0 -0.6 800.0000000000001 1100.0 -0.6 800.0 1150.0 -0.6 850.0000000000001 50.0 -0.6 850.0 100.0 -0.6 850.0 150.0 -0.6 850.0 200.0 -0.6 850.0 250.00000000000006 -0.6 850.0000000000001 300.0 -0.6 850.0 350.00000000000006 -0.6 850.0000000000001 400.0 -0.6 850.0 450.0 -0.6 850.0 499.99999999999994 -0.6 850.0 550.0 -0.6 850.0 600.0 -0.6 850.0 650.0 -0.6 850.0 699.9999999999999 -0.6 850.0 750.0 -0.6 850.0 800.0 -0.6 850.0 849.9999999999999 -0.6 850.0000000000001 900.0 -0.6 850.0 950.0 -0.6 850.0 999.9999999999999 -0.6 850.0 1050.0 -0.6 850.0 1100.0 -0.6 850.0 1150.0 -0.6 900.0 50.0 -0.6 900.0 100.0 -0.6 900.0 150.0 -0.6 900.0 200.0 -0.6 900.0 250.00000000000006 -0.6 900.0 300.0 -0.6 900.0 350.0 -0.6 900.0 400.00000000000006 -0.6 900.0 450.0 -0.6 900.0 499.99999999999994 -0.6 900.0 550.0 -0.6 900.0 600.0 -0.6 900.0 650.0 -0.6 900.0 699.9999999999999 -0.6 900.0 750.0 -0.6 900.0 800.0 -0.6 900.0 849.9999999999999 -0.6 900.0 900.0 -0.6 900.0 950.0 -0.6 900.0 999.9999999999999 -0.6 900.0 1050.0 -0.6 900.0 1100.0 -0.6 900.0 1150.0 -0.6 949.9999999999999 50.0 -0.6 950.0 100.0 -0.6 950.0 150.0 -0.6 950.0 200.0 -0.6 950.0 250.00000000000006 -0.6 949.9999999999999 300.0 -0.6 950.0 350.00000000000006 -0.6 949.9999999999999 400.0 -0.6 950.0 450.0 -0.6 950.0 499.99999999999994 -0.6 950.0 550.0 -0.6 950.0 600.0 -0.6 950.0000000000001 650.0 -0.6 950.0 699.9999999999999 -0.6 950.0 750.0 -0.6 950.0 800.0 -0.6 950.0 849.9999999999999 -0.6 949.9999999999999 900.0 -0.6 950.0 950.0 -0.6 950.0 999.9999999999999 -0.6 950.0 1050.0 -0.6 950.0 1100.0 -0.6 950.0 1150.0 -0.6 1000.0 50.0 -0.6 999.9999999999999 99.99999999999994 -0.6 999.9999999999999 150.0 -0.6 999.9999999999999 200.0 -0.6 1000.0 250.0 -0.6 1000.0 300.0 -0.6 999.9999999999999 350.0 -0.6 1000.0 400.0000000000001 -0.6 1000.0 450.0 -0.6 999.9999999999999 499.99999999999994 -0.6 1000.0 550.0 -0.6 1000.0 600.0 -0.6 1000.0 650.0 -0.6 999.9999999999999 699.9999999999999 -0.6 1000.0 750.0 -0.6 1000.0 800.0 -0.6 1000.0 849.9999999999999 -0.6 1000.0 900.0 -0.6 1000.0 950.0 -0.6 999.9999999999999 999.9999999999999 -0.6 999.9999999999999 1050.0 -0.6 999.9999999999999 1100.0 -0.6 1000.0 1150.0 -0.6 1049.9999999999998 50.0 -0.6 1049.9999999999998 100.00000000000006 -0.6 1049.9999999999998 150.0 -0.6 1049.9999999999998 200.0 -0.6 1049.9999999999998 250.0000000000001 -0.6 1049.9999999999998 300.0 -0.6 1049.9999999999998 350.0 -0.6 1049.9999999999998 400.0 -0.6 1049.9999999999998 450.0 -0.6 1049.9999999999998 499.99999999999994 -0.6 1049.9999999999998 550.0 -0.6 1049.9999999999998 600.0 -0.6 1049.9999999999998 650.0 -0.6 1049.9999999999998 699.9999999999999 -0.6 1049.9999999999998 750.0 -0.6 1049.9999999999998 800.0 -0.6 1049.9999999999995 849.9999999999999 -0.6 1049.9999999999998 900.0 -0.6 1049.9999999999998 950.0000000000001 -0.6 1049.9999999999998 999.9999999999999 -0.6 1049.9999999999998 1050.0 -0.6 1049.9999999999998 1100.0 -0.6 1049.9999999999998 1150.0 -0.6 1100.0 50.000000000000114 -0.6 1100.0 100.0 -0.6 1100.0 150.0 -0.6 1100.0 200.00000000000006 -0.6 1100.0 250.0 -0.6 1100.0 300.0 -0.6 1100.0 350.0 -0.6 1100.0 400.0 -0.6 1100.0 450.0 -0.6 1100.0 499.9999999999999 -0.6 1100.0 550.0 -0.6 1100.0 600.0 -0.6 1100.0 650.0 -0.6 1100.0 699.9999999999999 -0.6 1100.0 750.0 -0.6 1100.0 800.0 -0.6 1100.0 849.9999999999999 -0.6 1100.0 900.0 -0.6 1100.0 950.0 -0.6 1100.0 999.9999999999998 -0.6 1100.0 1050.0 -0.6 1100.0 1100.0 -0.6 1100.0 1150.0 -0.6 1150.0 50.0 -0.6 1150.0 99.99999999999989 -0.6 1150.0 150.0 -0.6 1150.0 200.0000000000001 -0.6 1150.0 250.00000000000006 -0.6 1150.0 300.0 -0.6 1150.0 350.0 -0.6 1150.0 400.00000000000006 -0.6 1150.0 450.0 -0.6 1150.0 499.99999999999994 -0.6 1150.0 550.0 -0.6 1150.0 600.0 -0.6 1150.0 650.0 -0.6 1150.0 699.9999999999999 -0.6 1150.0 750.0 -0.6 1150.0 800.0 -0.6 1150.0 849.9999999999999 -0.6 1150.0 900.0 -0.6 1150.0 950.0 -0.6 1150.0 999.9999999999999 -0.6 1150.0 1050.0 -0.6 1150.0 1100.0 -0.6 1150.0 1150.0 -0.6 1200.0 50.0 -0.6 1200.0 99.99999999999994 -0.6 1200.0 150.0 -0.6 1200.0 200.00000000000017 -0.6 1200.0 250.00000000000006 -0.6 1200.0 300.0 -0.6 1200.0 350.0 -0.6 1200.0 400.00000000000006 -0.6 1200.0 450.0 -0.6 1200.0 499.99999999999994 -0.6 1200.0 550.0 -0.6 1200.0 600.0 -0.6 1200.0 650.0 -0.6 1200.0 699.9999999999999 -0.6 1200.0 750.0 -0.6 1200.0 800.0 -0.6 1200.0 849.9999999999998 -0.6 1200.0 900.0 -0.6 1200.0 950.0 -0.6 1200.0 999.9999999999999 -0.6 1200.0 1050.0 -0.6 1200.0 1100.0 -0.6 1200.0 1150.0 -0.6 1250.0 50.000000000000114 -0.6 1250.0 100.00000000000006 -0.6 1250.0 150.0 -0.6 1250.0 200.0 -0.6 1250.0 250.00000000000006 -0.6 1250.0 299.99999999999994 -0.6 1250.0 350.0 -0.6 1250.0 400.0000000000001 -0.6 1250.0 450.0 -0.6 1250.0 499.99999999999994 -0.6 1250.0 550.0 -0.6 1250.0 600.0 -0.6 1250.0 650.0 -0.6 1250.0 699.9999999999999 -0.6 1250.0 750.0 -0.6 1250.0 800.0 -0.6 1250.0 849.9999999999999 -0.6 1250.0 900.0 -0.6 1250.0 950.0 -0.6 1250.0 999.9999999999999 -0.6 1250.0 1050.0 -0.6 1250.0 1100.0 -0.6 1250.0 1150.0 -0.6 1300.0 50.0 -0.6 1300.0 100.0 -0.6 1300.0 150.0 -0.6 1300.0 200.00000000000006 -0.6 1300.0 250.00000000000006 -0.6 1300.0 300.0 -0.6 1300.0 350.0 -0.6 1300.0 400.0000000000001 -0.6 1300.0 450.0 -0.6 1300.0 500.0 -0.6 1300.0 550.0 -0.6 1300.0 600.0 -0.6 1300.0 650.0 -0.6 1300.0 699.9999999999999 -0.6 1300.0 750.0 -0.6 1300.0 800.0 -0.6 1300.0 849.9999999999999 -0.6 1300.0 900.0 -0.6 1300.0 950.0000000000001 -0.6 1300.0 999.9999999999999 -0.6 1300.0 1050.0 -0.6 1300.0 1100.0 -0.6 1300.0 1150.0 -0.6 1350.0 50.0 -0.6 1350.0 100.0 -0.6 1350.0 150.0 -0.6 1350.0 200.0 -0.6 1350.0 250.0 -0.6 1350.0 300.0 -0.6 1350.0 350.0 -0.6 1350.0 400.0 -0.6 1350.0 450.0 -0.6 1350.0 499.9999999999999 -0.6 1350.0 550.0 -0.6 1350.0 600.0 -0.6 1350.0 650.0 -0.6 1350.0 699.9999999999999 -0.6 1350.0 750.0 -0.6 1350.0 800.0 -0.6 1350.0 849.9999999999998 -0.6 1350.0 900.0 -0.6 1350.0 950.0 -0.6 1350.0 999.9999999999998 -0.6 1350.0 1050.0 -0.6 1350.0 1100.0 -0.6 1350.0 1150.0 -0.6 1399.9999999999998 50.000000000000114 -0.6 1399.9999999999995 99.99999999999989 -0.6 1399.9999999999998 150.0 -0.6 1399.9999999999995 200.0 -0.6 1399.9999999999998 250.00000000000006 -0.6 1399.9999999999998 300.0 -0.6 1399.9999999999995 350.00000000000006 -0.6 1399.9999999999998 400.0 -0.6 1399.9999999999998 450.0 -0.6 1399.9999999999995 499.99999999999994 -0.6 1399.9999999999998 550.0 -0.6 1399.9999999999998 600.0 -0.6 1399.9999999999995 650.0 -0.6 1399.9999999999998 699.9999999999998 -0.6 1399.9999999999998 750.0 -0.6 1399.9999999999998 800.0 -0.6 1399.9999999999998 849.9999999999999 -0.6 1399.9999999999998 900.0 -0.6 1399.9999999999998 950.0 -0.6 1399.9999999999995 999.9999999999999 -0.6 1399.9999999999998 1050.0 -0.6 1399.9999999999998 1100.0 -0.6 1399.9999999999995 1150.0 -0.6 1449.9999999999998 50.0 -0.6 1449.9999999999998 100.0 -0.6 1449.9999999999995 150.00000000000006 -0.6 1449.9999999999995 200.00000000000006 -0.6 1449.9999999999995 250.0000000000001 -0.6 1449.9999999999995 300.00000000000006 -0.6 1449.9999999999995 350.0000000000001 -0.6 1449.9999999999995 400.00000000000006 -0.6 1449.9999999999995 450.0 -0.6 1449.9999999999998 500.0 -0.6 1449.9999999999995 550.0 -0.6 1449.9999999999998 600.0 -0.6 1449.9999999999998 650.0 -0.6 1449.9999999999995 699.9999999999999 -0.6 1449.9999999999995 750.0 -0.6 1449.9999999999998 800.0 -0.6 1449.9999999999995 849.9999999999999 -0.6 1449.9999999999995 900.0 -0.6 1449.9999999999995 950.0 -0.6 1449.9999999999995 999.9999999999999 -0.6 1449.9999999999995 1050.0 -0.6 1449.9999999999995 1100.0 -0.6 1449.9999999999995 1150.0 -0.6 1499.9999999999995 50.0 -0.6 1499.9999999999995 100.00000000000006 -0.6 1499.9999999999995 150.0 -0.6 1499.9999999999995 200.0 -0.6 1499.9999999999995 250.0 -0.6 1499.9999999999995 300.0 -0.6 1499.9999999999995 350.00000000000006 -0.6 1499.9999999999995 400.0000000000001 -0.6 1499.9999999999995 450.0 -0.6 1499.9999999999995 500.0 -0.6 1499.9999999999995 549.9999999999999 -0.6 1499.9999999999998 600.0 -0.6 1499.9999999999995 650.0 -0.6 1499.9999999999995 699.9999999999999 -0.6 1499.9999999999995 750.0 -0.6 1499.9999999999995 800.0 -0.6 1499.9999999999995 849.9999999999998 -0.6 1499.9999999999995 900.0 -0.6 1499.9999999999998 950.0 -0.6 1499.9999999999998 999.9999999999999 -0.6 1499.9999999999995 1050.0 -0.6 1499.9999999999995 1100.0 -0.6 1499.9999999999995 1150.0 -0.6 1550.0 50.0 -0.6 1550.0 100.0 -0.6 1550.0 149.99999999999994 -0.6 1550.0 200.00000000000006 -0.6 1550.0 250.0 -0.6 1550.0 300.0 -0.6 1550.0 350.0 -0.6 1550.0 400.00000000000006 -0.6 1550.0 449.99999999999994 -0.6 1550.0 499.99999999999994 -0.6 1550.0 550.0 -0.6 1550.0 600.0 -0.6 1549.9999999999998 650.0 -0.6 1550.0 699.9999999999999 -0.6 1550.0 750.0 -0.6 1550.0 800.0 -0.6 1550.0 849.9999999999998 -0.6 1550.0 900.0 -0.6 1549.9999999999998 950.0 -0.6 1550.0 999.9999999999999 -0.6 1550.0 1050.0 -0.6 1550.0 1100.0 -0.6 1550.0 1150.0 -0.6 1600.0000000000002 50.000000000000114 -0.6 1600.0 100.0 -0.6 1600.0 150.00000000000006 -0.6 1600.0000000000005 200.0 -0.6 1600.0 250.00000000000006 -0.6 1600.0 300.0 -0.6 1600.0 350.0 -0.6 1600.0 400.00000000000006 -0.6 1600.0 450.00000000000006 -0.6 1600.0000000000002 499.99999999999994 -0.6 1600.0 550.0 -0.6 1600.0 600.0 -0.6 1600.0000000000002 650.0 -0.6 1600.0 699.9999999999999 -0.6 1600.0 750.0 -0.6 1600.0 800.0 -0.6 1600.0 849.9999999999998 -0.6 1600.0 900.0 -0.6 1600.0 950.0 -0.6 1600.0 999.9999999999998 -0.6 1600.0 1050.0 -0.6 1600.0 1100.0 -0.6 1600.0 1150.0 -0.6 1650.0 50.0 -0.6 1650.0 100.0 -0.6 1650.0 150.0 -0.6 1650.0 200.00000000000006 -0.6 1650.0 250.0000000000001 -0.6 1650.0 300.0 -0.6 1650.0 350.0000000000001 -0.6 1650.0 400.00000000000006 -0.6 1650.0 450.0 -0.6 1650.0 499.9999999999999 -0.6 1650.0 550.0 -0.6 1650.0 600.0 -0.6 1650.0 650.0 -0.6 1650.0 699.9999999999999 -0.6 1650.0 750.0 -0.6 1650.0 800.0 -0.6 1650.0 849.9999999999999 -0.6 1650.0 900.0 -0.6 1650.0 950.0 -0.6 1650.0 999.9999999999998 -0.6 1650.0 1050.0 -0.6 1650.0 1100.0 -0.6 1650.0 1150.0 -0.6 1700.0000000000002 50.0 -0.6 1700.0 100.0 -0.6 1700.0 150.0 -0.6 1700.0 200.0 -0.6 1700.0 250.00000000000006 -0.6 1700.0 299.99999999999994 -0.6 1700.0 350.00000000000006 -0.6 1700.0 400.0 -0.6 1700.0 450.0 -0.6 1700.0 499.99999999999994 -0.6 1700.0 550.0 -0.6 1700.0 600.0 -0.6 1700.0 650.0 -0.6 1700.0 699.9999999999999 -0.6 1700.0 750.0 -0.6 1700.0 800.0 -0.6 1700.0 849.9999999999998 -0.6 1700.0 900.0 -0.6 1700.0 950.0 -0.6 1700.0 999.9999999999999 -0.6 1700.0 1050.0 -0.6 1700.0 1100.0 -0.6 1700.0000000000002 1150.0 -0.6 1750.0 50.000000000000114 -0.6 1750.0 100.0 -0.6 1750.0 150.0 -0.6 1750.0 200.00000000000006 -0.6 1750.0 250.00000000000006 -0.6 1750.0 299.99999999999994 -0.6 1750.0 350.0 -0.6 1750.0 400.0000000000001 -0.6 1750.0 450.0 -0.6 1750.0 499.99999999999994 -0.6 1750.0 550.0 -0.6 1750.0 600.0 -0.6 1750.0 650.0 -0.6 1750.0 699.9999999999999 -0.6 1750.0 750.0 -0.6 1750.0 800.0000000000001 -0.6 1750.0 849.9999999999998 -0.6 1750.0 900.0 -0.6 1750.0 950.0 -0.6 1750.0 999.9999999999998 -0.6 1750.0 1050.0 -0.6 1750.0 1100.0 -0.6 1750.0 1150.0 -0.6 50.0 1200.2 -0.6 50.0 1200.3999999999999 -0.6 100.00000000000011 1200.2 -0.6 100.0 1200.3999999999999 -0.6 149.99999999999977 1200.2 -0.6 150.0 1200.3999999999999 -0.6 200.0 1200.2 -0.6 200.0 1200.3999999999999 -0.6 250.0000000000001 1200.2 -0.6 250.0 1200.3999999999999 -0.6 300.0 1200.2 -0.6 300.0 1200.3999999999999 -0.6 350.0 1200.2 -0.6 350.0 1200.3999999999999 -0.6 399.99999999999994 1200.2 -0.6 400.00000000000006 1200.3999999999999 -0.6 450.0000000000001 1200.2 -0.6 450.00000000000006 1200.3999999999999 -0.6 500.0 1200.2 -0.6 500.0 1200.3999999999999 -0.6 550.0 1200.2 -0.6 550.0 1200.3999999999999 -0.6 600.0 1200.2 -0.6 600.0 1200.3999999999999 -0.6 649.9999999999999 1200.2 -0.6 650.0 1200.3999999999999 -0.6 699.9999999999999 1200.2 -0.6 700.0 1200.3999999999999 -0.6 749.9999999999999 1200.2 -0.6 749.9999999999999 1200.3999999999999 -0.6 800.0 1200.2 -0.6 800.0 1200.3999999999999 -0.6 850.0 1200.2 -0.6 850.0 1200.3999999999999 -0.6 900.0 1200.2 -0.6 900.0 1200.3999999999999 -0.6 950.0 1200.2 -0.6 950.0 1200.3999999999999 -0.6 1000.0 1200.2 -0.6 1000.0 1200.3999999999999 -0.6 1049.9999999999998 1200.2 -0.6 1049.9999999999998 1200.3999999999999 -0.6 1100.0 1200.2 -0.6 1100.0 1200.3999999999999 -0.6 1150.0 1200.2 -0.6 1150.0 1200.3999999999999 -0.6 1200.0 1200.2 -0.6 1200.0 1200.3999999999999 -0.6 1250.0 1200.2 -0.6 1250.0 1200.3999999999999 -0.6 1300.0 1200.2 -0.6 1300.0 1200.3999999999999 -0.6 1350.0 1200.2 -0.6 1350.0 1200.3999999999999 -0.6 1399.9999999999995 1200.2 -0.6 1399.9999999999995 1200.3999999999999 -0.6 1449.9999999999995 1200.2 -0.6 1449.9999999999998 1200.3999999999999 -0.6 1499.9999999999995 1200.2 -0.6 1499.9999999999995 1200.3999999999999 -0.6 1549.9999999999998 1200.2 -0.6 1550.0 1200.3999999999999 -0.6 1600.0 1200.2 -0.6 1600.0 1200.3999999999999 -0.6 1650.0 1200.2 -0.6 1650.0 1200.3999999999999 -0.6 1700.0 1200.2 -0.6 1700.0 1200.3999999999999 -0.6 1750.0 1200.2 -0.6 1750.0 1200.3999999999999 -0.6 1800.2 -0.40000000000000024 -0.6 1800.2 -0.20000000000000034 -0.6 1800.3999999999999 -0.4000000000000003 -0.6 1800.3999999999999 -0.20000000000000034 -0.6 1800.2 50.000000000000114 -0.6 1800.2 100.0 -0.6 1800.2 150.0 -0.6 1800.2 200.0 -0.6 1800.2 250.0000000000001 -0.6 1800.2 300.0 -0.6 1800.2 350.0 -0.6 1800.2 400.0000000000001 -0.6 1800.2 450.0 -0.6 1800.2 499.9999999999999 -0.6 1800.2 550.0 -0.6 1800.2 600.0 -0.6 1800.2 650.0 -0.6 1800.2 699.9999999999999 -0.6 1800.2 750.0 -0.6 1800.2 800.0 -0.6 1800.2 849.9999999999998 -0.6 1800.2 900.0 -0.6 1800.2 950.0 -0.6 1800.2 999.9999999999998 -0.6 1800.2 1050.0 -0.6 1800.2 1100.0 -0.6 1800.2 1150.0 -0.6 1800.3999999999999 50.000000000000114 -0.6 1800.3999999999999 100.0 -0.6 1800.3999999999999 150.0 -0.6 1800.3999999999999 200.0 -0.6 1800.3999999999999 250.0 -0.6 1800.3999999999999 300.0 -0.6 1800.3999999999999 350.0 -0.6 1800.3999999999999 400.00000000000006 -0.6 1800.3999999999999 450.0 -0.6 1800.3999999999999 499.9999999999999 -0.6 1800.3999999999999 550.0 -0.6 1800.3999999999999 600.0 -0.6 1800.3999999999999 650.0 -0.6 1800.3999999999999 699.9999999999999 -0.6 1800.3999999999999 750.0 -0.6 1800.3999999999999 800.0 -0.6 1800.3999999999999 849.9999999999999 -0.6 1800.3999999999999 900.0 -0.6 1800.3999999999999 950.0000000000001 -0.6 1800.3999999999999 999.9999999999998 -0.6 1800.3999999999999 1050.0 -0.6 1800.3999999999999 1100.0 -0.6 1800.3999999999999 1150.0 -0.6 1800.2 1200.2 -0.5999999999999999 1800.2 1200.3999999999999 -0.5999999999999999 1800.3999999999999 1200.2 -0.5999999999999999 1800.3999999999999 1200.3999999999999 -0.5999999999999999 -0.40000000000000036 -0.4000000000000003 1.1102230246251565e-16 -0.4000000000000003 -0.20000000000000034 1.1102230246251565e-16 -0.20000000000000034 -0.4000000000000003 1.1102230246251565e-16 -0.20000000000000034 -0.20000000000000034 1.1102230246251565e-16 -0.4000000000000003 50.0 0.0 -0.40000000000000036 100.0 0.0 -0.40000000000000036 150.0 0.0 -0.40000000000000036 200.0 0.0 -0.40000000000000036 250.0000000000001 0.0 -0.40000000000000036 300.0 0.0 -0.40000000000000036 350.0 0.0 -0.40000000000000036 400.0 0.0 -0.40000000000000036 450.0 0.0 -0.40000000000000036 500.0 0.0 -0.40000000000000036 550.0 0.0 -0.40000000000000036 600.0 0.0 -0.4000000000000003 650.0 0.0 -0.40000000000000036 699.9999999999998 0.0 -0.40000000000000036 750.0 0.0 -0.4000000000000003 800.0 0.0 -0.40000000000000036 849.9999999999999 0.0 -0.40000000000000036 900.0 0.0 -0.40000000000000036 950.0 0.0 -0.40000000000000036 999.9999999999999 0.0 -0.40000000000000036 1050.0 0.0 -0.40000000000000036 1100.0 0.0 -0.40000000000000036 1150.0 0.0 -0.20000000000000034 50.0 0.0 -0.20000000000000034 100.00000000000006 0.0 -0.20000000000000034 150.0 0.0 -0.20000000000000037 200.0000000000001 0.0 -0.20000000000000032 250.0 0.0 -0.20000000000000034 300.0 0.0 -0.20000000000000037 350.0 0.0 -0.20000000000000034 400.00000000000006 0.0 -0.20000000000000032 450.0 0.0 -0.20000000000000034 499.99999999999994 0.0 -0.20000000000000034 550.0 0.0 -0.20000000000000037 600.0 0.0 -0.20000000000000037 650.0 0.0 -0.20000000000000037 699.9999999999999 0.0 -0.20000000000000034 750.0 0.0 -0.20000000000000037 800.0 0.0 -0.2000000000000004 849.9999999999998 0.0 -0.20000000000000032 900.0 0.0 -0.20000000000000034 950.0000000000001 0.0 -0.20000000000000034 999.9999999999999 0.0 -0.20000000000000034 1050.0 0.0 -0.20000000000000034 1100.0 0.0 -0.20000000000000034 1150.0 0.0 -0.40000000000000036 1200.2 1.1102230246251565e-16 -0.40000000000000024 1200.3999999999999 1.1102230246251565e-16 -0.20000000000000034 1200.2 1.1102230246251565e-16 -0.20000000000000034 1200.3999999999999 1.1102230246251565e-16 50.0 -0.40000000000000024 1.1102230246251565e-16 50.000000000000114 -0.20000000000000034 1.1102230246251565e-16 100.00000000000011 -0.4000000000000003 1.1102230246251565e-16 100.0 -0.20000000000000034 1.1102230246251565e-16 150.0 -0.4000000000000003 1.1102230246251565e-16 150.0 -0.20000000000000034 1.1102230246251565e-16 199.9999999999999 -0.4000000000000003 1.1102230246251565e-16 199.9999999999999 -0.20000000000000034 1.1102230246251565e-16 249.9999999999999 -0.4000000000000003 1.1102230246251565e-16 250.0000000000001 -0.20000000000000034 1.1102230246251565e-16 300.0000000000001 -0.4000000000000003 1.1102230246251565e-16 300.0000000000001 -0.20000000000000037 1.1102230246251565e-16 349.9999999999999 -0.4000000000000003 1.1102230246251565e-16 350.0 -0.20000000000000034 1.1102230246251565e-16 400.0000000000001 -0.4000000000000003 1.1102230246251565e-16 400.0 -0.20000000000000034 1.1102230246251565e-16 449.99999999999994 -0.4000000000000003 1.1102230246251565e-16 450.0 -0.20000000000000034 1.1102230246251565e-16 500.0 -0.4000000000000003 1.1102230246251565e-16 500.0 -0.20000000000000034 1.1102230246251565e-16 550.0000000000001 -0.4000000000000003 1.1102230246251565e-16 550.0 -0.20000000000000034 1.1102230246251565e-16 600.0 -0.4000000000000003 1.1102230246251565e-16 600.0 -0.20000000000000034 1.1102230246251565e-16 650.0 -0.4000000000000003 1.1102230246251565e-16 650.0 -0.20000000000000034 1.1102230246251565e-16 699.9999999999999 -0.4000000000000003 1.1102230246251565e-16 699.9999999999998 -0.20000000000000034 1.1102230246251565e-16 749.9999999999998 -0.4000000000000003 1.1102230246251565e-16 749.9999999999998 -0.20000000000000034 1.1102230246251565e-16 800.0 -0.40000000000000024 1.1102230246251565e-16 800.0 -0.20000000000000034 1.1102230246251565e-16 850.0 -0.4000000000000003 1.1102230246251565e-16 850.0 -0.20000000000000034 1.1102230246251565e-16 900.0 -0.4000000000000003 1.1102230246251565e-16 900.0 -0.20000000000000034 1.1102230246251565e-16 950.0 -0.4000000000000003 1.1102230246251565e-16 950.0 -0.20000000000000034 1.1102230246251565e-16 1000.0 -0.4000000000000003 1.1102230246251565e-16 1000.0 -0.20000000000000034 1.1102230246251565e-16 1049.9999999999998 -0.4000000000000003 1.1102230246251565e-16 1049.9999999999998 -0.20000000000000034 1.1102230246251565e-16 1100.0 -0.4000000000000003 1.1102230246251565e-16 1100.0 -0.20000000000000034 1.1102230246251565e-16 1150.0 -0.4000000000000003 1.1102230246251565e-16 1150.0 -0.20000000000000034 1.1102230246251565e-16 1200.0 -0.4000000000000003 1.1102230246251565e-16 1200.0 -0.20000000000000034 1.1102230246251565e-16 1250.0 -0.4000000000000003 1.1102230246251565e-16 1250.0 -0.20000000000000034 1.1102230246251565e-16 1300.0 -0.4000000000000003 1.1102230246251565e-16 1300.0 -0.20000000000000034 1.1102230246251565e-16 1350.0 -0.4000000000000003 1.1102230246251565e-16 1350.0 -0.20000000000000034 1.1102230246251565e-16 1399.9999999999998 -0.4000000000000003 1.1102230246251565e-16 1399.9999999999995 -0.20000000000000037 1.1102230246251565e-16 1450.0 -0.40000000000000024 1.1102230246251565e-16 1450.0 -0.20000000000000034 1.1102230246251565e-16 1499.9999999999995 -0.4000000000000003 1.1102230246251565e-16 1500.0 -0.20000000000000034 1.1102230246251565e-16 1550.0 -0.4000000000000003 1.1102230246251565e-16 1550.0 -0.20000000000000034 1.1102230246251565e-16 1600.0 -0.4000000000000003 1.1102230246251565e-16 1600.0 -0.20000000000000034 1.1102230246251565e-16 1650.0 -0.40000000000000024 1.1102230246251565e-16 1650.0 -0.20000000000000034 1.1102230246251565e-16 1699.9999999999998 -0.4000000000000003 1.1102230246251565e-16 1700.0 -0.20000000000000034 1.1102230246251565e-16 1750.0 -0.40000000000000024 1.1102230246251565e-16 1750.0 -0.20000000000000034 1.1102230246251565e-16 49.999999999999886 50.0 0.0 50.000000000000114 100.0 0.0 50.0 149.99999999999994 0.0 49.999999999999886 200.00000000000006 0.0 50.000000000000114 250.00000000000006 0.0 50.0 300.0 0.0 50.0 350.00000000000006 0.0 50.0 400.0000000000001 0.0 50.0 450.0 0.0 50.0 499.9999999999999 0.0 50.0 550.0 0.0 50.0 600.0 0.0 50.0 650.0 0.0 50.0 699.9999999999999 0.0 50.0 750.0 0.0 50.0 800.0 0.0 50.0 849.9999999999999 0.0 50.0 900.0 0.0 50.000000000000114 950.0 0.0 50.0 999.9999999999999 0.0 50.0 1050.0 0.0 50.0 1100.0 0.0 50.0 1150.0 0.0 99.99999999999989 50.0 0.0 100.0 99.99999999999994 0.0 100.0 150.00000000000006 0.0 100.0 200.0 0.0 99.99999999999977 250.00000000000006 0.0 99.99999999999989 300.0 0.0 100.0 350.0 0.0 100.0 400.00000000000006 0.0 100.0 450.0 0.0 100.0 499.9999999999999 0.0 100.0 550.0 0.0 100.0 600.0 0.0 100.0 650.0 0.0 100.0 699.9999999999999 0.0 100.0 750.0 0.0 100.0 800.0 0.0 100.0 849.9999999999998 0.0 99.99999999999989 900.0 0.0 100.0 950.0 0.0 100.0 999.9999999999999 0.0 100.0 1050.0 0.0 100.0 1100.0 0.0 99.99999999999989 1150.0 0.0 150.0 50.0 0.0 149.9999999999999 100.00000000000006 0.0 149.9999999999999 149.9999999999999 0.0 150.0 200.0 0.0 150.0000000000001 250.00000000000006 0.0 150.0 300.0 0.0 150.0 350.0000000000001 0.0 150.0 400.0 0.0 150.0 450.0 0.0 150.0 499.99999999999994 0.0 150.0 550.0 0.0 150.0 600.0 0.0 150.0 650.0 0.0 149.9999999999999 699.9999999999999 0.0 150.0 750.0 0.0 150.0 800.0 0.0 150.0 849.9999999999999 0.0 150.0 900.0 0.0 150.0 950.0 0.0 150.0000000000001 999.9999999999999 0.0 149.9999999999999 1050.0 0.0 149.9999999999999 1100.0 0.0 150.0 1150.0 0.0 199.99999999999977 50.0 0.0 200.0000000000001 100.0 0.0 199.9999999999999 150.0 0.0 199.99999999999977 200.0 0.0 200.0 250.0 0.0 200.0 300.0 0.0 199.9999999999999 350.0 0.0 200.0 400.00000000000006 0.0 200.0 450.00000000000006 0.0 199.9999999999999 500.0 0.0 200.0 550.0 0.0 200.0 600.0 0.0 200.0 650.0 0.0 199.9999999999999 699.9999999999999 0.0 200.0 750.0 0.0 200.0 800.0 0.0 200.0 849.9999999999999 0.0 200.0 900.0 0.0 200.0 950.0 0.0 199.9999999999999 999.9999999999999 0.0 199.9999999999999 1050.0 0.0 200.0 1100.0 0.0 200.0 1150.0 0.0 250.0 50.0 0.0 250.0 100.0 0.0 250.0000000000001 150.0 0.0 250.0 200.0 0.0 249.99999999999977 250.0000000000001 0.0 250.0 300.0 0.0 250.0 350.0 0.0 249.99999999999977 400.00000000000006 0.0 250.0 449.99999999999994 0.0 250.0 500.0 0.0 250.0 550.0 0.0 250.0 600.0 0.0 250.0 650.0000000000001 0.0 250.0 699.9999999999999 0.0 250.0 750.0 0.0 250.0 800.0 0.0 250.0000000000001 849.9999999999998 0.0 250.0 900.0 0.0 250.0000000000001 950.0 0.0 250.0 999.9999999999998 0.0 250.0000000000001 1050.0 0.0 250.0 1100.0 0.0 250.0 1150.0 0.0 300.0 50.0 0.0 300.0 99.99999999999994 0.0 300.0000000000001 150.0 0.0 300.0000000000001 200.0000000000001 0.0 300.0000000000001 250.0000000000001 0.0 300.0 300.0 0.0 300.0 350.0 0.0 300.0000000000001 400.0000000000001 0.0 300.0 450.0 0.0 300.0 500.0 0.0 300.0 550.0 0.0 300.0 600.0 0.0 300.0 650.0 0.0 300.0 699.9999999999999 0.0 300.0 750.0 0.0 300.0 800.0 0.0 300.0000000000001 849.9999999999998 0.0 300.0 900.0 0.0 300.0000000000001 950.0 0.0 300.0 999.9999999999999 0.0 300.0000000000001 1050.0 0.0 300.0 1100.0 0.0 300.0 1150.0 0.0 349.9999999999999 50.000000000000114 0.0 350.00000000000034 100.00000000000006 0.0 350.0 150.0 0.0 350.0 200.00000000000006 0.0 350.0000000000001 250.0 0.0 350.0000000000001 300.0 0.0 350.0 350.0 0.0 350.0 400.00000000000006 0.0 350.0 450.0 0.0 350.0 499.99999999999994 0.0 350.0000000000001 550.0 0.0 350.0 600.0 0.0 350.0000000000001 650.0 0.0 350.0 699.9999999999998 0.0 350.0000000000001 750.0 0.0 350.0 800.0 0.0 350.0 849.9999999999998 0.0 350.0000000000001 900.0 0.0 350.0000000000001 950.0 0.0 350.0 999.9999999999999 0.0 350.0 1050.0 0.0 350.0000000000001 1100.0 0.0 350.0 1150.0 0.0 400.0 50.000000000000114 0.0 400.00000000000006 100.0 0.0 400.0 150.0 0.0 400.0 199.99999999999994 0.0 400.0000000000001 250.00000000000006 0.0 400.0 300.0 0.0 400.0 350.00000000000006 0.0 400.00000000000006 400.00000000000006 0.0 400.0 450.0 0.0 400.0000000000001 499.99999999999994 0.0 400.0 550.0 0.0 400.0 600.0 0.0 400.0 650.0 0.0 400.0 699.9999999999999 0.0 400.0 750.0 0.0 400.0 800.0 0.0 400.0 849.9999999999998 0.0 400.0 900.0 0.0 400.0 950.0000000000001 0.0 400.0000000000001 999.9999999999999 0.0 400.0 1050.0 0.0 400.0 1100.0 0.0 400.0 1150.0 0.0 450.0 50.0 0.0 450.0 100.0 0.0 450.0 150.0 0.0 450.0 200.0 0.0 450.0 250.0 0.0 450.0 300.0 0.0 450.0 350.0 0.0 450.0 400.0 0.0 450.0 450.0 0.0 450.0 499.9999999999999 0.0 450.00000000000006 550.0 0.0 450.0 600.0 0.0 450.0 650.0 0.0 450.0 699.9999999999999 0.0 450.0 750.0 0.0 450.0 800.0 0.0 450.0000000000001 849.9999999999998 0.0 450.0 900.0 0.0 450.0 950.0 0.0 450.00000000000006 999.9999999999998 0.0 450.0 1050.0 0.0 450.0 1100.0 0.0 450.0 1150.0 0.0 499.9999999999999 50.0 0.0 499.99999999999994 100.0 0.0 500.0 150.0 0.0 499.9999999999999 200.00000000000006 0.0 499.9999999999999 250.00000000000006 0.0 499.99999999999994 300.0 0.0 500.0 350.00000000000006 0.0 500.0 400.0000000000001 0.0 500.0 450.0 0.0 500.0 500.0 0.0 500.0 550.0 0.0 500.0 600.0 0.0 500.0 650.0 0.0 500.0 699.9999999999999 0.0 500.0 750.0 0.0 500.0 800.0 0.0 499.99999999999994 849.9999999999999 0.0 499.99999999999994 900.0 0.0 499.99999999999994 950.0000000000001 0.0 500.0 999.9999999999999 0.0 500.0 1050.0 0.0 499.9999999999999 1100.0 0.0 499.99999999999994 1150.0 0.0 550.0 50.000000000000114 0.0 550.0 99.99999999999994 0.0 550.0 150.0 0.0 549.9999999999999 200.0 0.0 550.0 250.00000000000006 0.0 549.9999999999999 300.0 0.0 550.0 350.0 0.0 550.0 400.0 0.0 550.0 450.0 0.0 550.0 499.9999999999999 0.0 550.0 550.0 0.0 550.0 600.0 0.0 549.9999999999999 650.0 0.0 550.0 699.9999999999999 0.0 550.0 750.0 0.0 550.0 800.0 0.0 550.0 849.9999999999999 0.0 549.9999999999999 900.0 0.0 550.0 950.0 0.0 549.9999999999999 999.9999999999998 0.0 550.0 1050.0 0.0 550.0 1100.0 0.0 550.0 1150.0 0.0 599.9999999999999 50.0 0.0 599.9999999999999 100.00000000000006 0.0 600.0 150.0 0.0 600.0 200.0000000000001 0.0 600.0 250.0000000000001 0.0 599.9999999999999 300.0 0.0 600.0 350.0 0.0 600.0 400.0000000000001 0.0 600.0 450.00000000000006 0.0 600.0 500.0 0.0 600.0 550.0 0.0 600.0 600.0 0.0 600.0 650.0000000000001 0.0 600.0 699.9999999999998 0.0 600.0 750.0 0.0 599.9999999999999 800.0 0.0 600.0 849.9999999999999 0.0 599.9999999999999 900.0 0.0 600.0 950.0 0.0 600.0 999.9999999999998 0.0 600.0 1050.0 0.0 599.9999999999999 1100.0 0.0 599.9999999999999 1150.0 0.0 650.0 50.0 0.0 650.0 99.99999999999989 0.0 649.9999999999999 150.0 0.0 650.0 200.00000000000006 0.0 650.0 250.00000000000006 0.0 650.0 300.0 0.0 650.0 350.0 0.0 650.0 400.0 0.0 650.0 450.0 0.0 650.0 499.99999999999994 0.0 650.0 550.0 0.0 650.0 600.0 0.0 650.0 650.0 0.0 650.0 699.9999999999999 0.0 650.0 750.0 0.0 650.0 800.0 0.0 650.0 849.9999999999999 0.0 650.0 900.0 0.0 650.0 950.0000000000001 0.0 650.0 999.9999999999999 0.0 649.9999999999999 1050.0 0.0 650.0 1100.0 0.0 650.0 1150.0 0.0 699.9999999999999 50.000000000000114 0.0 700.0 100.0 0.0 700.0 150.0 0.0 699.9999999999998 200.0 0.0 700.0 250.0 0.0 700.0 300.0 0.0 699.9999999999999 350.0 0.0 700.0 400.0 0.0 699.9999999999999 450.0 0.0 699.9999999999999 499.9999999999999 0.0 699.9999999999999 550.0 0.0 699.9999999999999 600.0 0.0 699.9999999999999 650.0 0.0 699.9999999999999 699.9999999999999 0.0 699.9999999999999 750.0 0.0 700.0 800.0 0.0 699.9999999999999 849.9999999999999 0.0 700.0 900.0 0.0 700.0 950.0 0.0 700.0 999.9999999999998 0.0 700.0 1050.0 0.0 700.0 1100.0 0.0 699.9999999999998 1150.0 0.0 749.9999999999998 50.0 0.0 749.9999999999999 99.99999999999994 0.0 749.9999999999999 150.0 0.0 749.9999999999999 200.00000000000006 0.0 749.9999999999999 250.0 0.0 749.9999999999999 300.0 0.0 749.9999999999999 350.00000000000006 0.0 749.9999999999999 400.00000000000006 0.0 749.9999999999999 450.0 0.0 749.9999999999999 500.0 0.0 749.9999999999999 550.0 0.0 749.9999999999999 600.0 0.0 749.9999999999999 650.0 0.0 749.9999999999999 699.9999999999999 0.0 749.9999999999999 750.0 0.0 749.9999999999999 800.0 0.0 749.9999999999999 849.9999999999999 0.0 749.9999999999998 900.0 0.0 749.9999999999999 950.0 0.0 749.9999999999999 999.9999999999998 0.0 749.9999999999999 1050.0 0.0 749.9999999999999 1100.0 0.0 749.9999999999998 1150.0 0.0 800.0 50.0 0.0 800.0000000000001 100.00000000000006 0.0 800.0000000000001 150.0 0.0 800.0000000000001 200.0 0.0 800.0 250.0 0.0 800.0 300.0 0.0 800.0000000000001 350.0 0.0 800.0 400.0000000000001 0.0 800.0 450.0 0.0 800.0000000000001 499.99999999999994 0.0 800.0 550.0 0.0 800.0 600.0 0.0 800.0 650.0 0.0 800.0000000000001 699.9999999999999 0.0 800.0 750.0 0.0 800.0 800.0 0.0 800.0 849.9999999999999 0.0 800.0 900.0 0.0 800.0 950.0 0.0 800.0000000000001 999.9999999999999 0.0 800.0000000000001 1050.0 0.0 800.0000000000001 1100.0 0.0 800.0 1150.0 0.0 850.0000000000001 50.0 0.0 850.0 100.0 0.0 850.0 150.0 0.0 850.0 200.0 0.0 850.0 250.00000000000006 0.0 850.0000000000001 300.0 0.0 850.0 350.00000000000006 0.0 850.0000000000001 400.0 0.0 850.0 450.0 0.0 850.0 499.99999999999994 0.0 850.0 550.0 0.0 850.0 600.0 0.0 850.0 650.0 0.0 850.0 699.9999999999999 0.0 850.0 750.0 0.0 850.0 800.0 0.0 850.0 849.9999999999999 0.0 850.0000000000001 900.0 0.0 850.0 950.0 0.0 850.0 999.9999999999999 0.0 850.0 1050.0 0.0 850.0 1100.0 0.0 850.0 1150.0 0.0 900.0 50.0 0.0 900.0 100.0 0.0 900.0 150.0 0.0 900.0 200.0 0.0 900.0 250.00000000000006 0.0 900.0 300.0 0.0 900.0 350.0 0.0 900.0 400.00000000000006 0.0 900.0 450.0 0.0 900.0 499.99999999999994 0.0 900.0 550.0 0.0 900.0 600.0 0.0 900.0 650.0 0.0 900.0 699.9999999999999 0.0 900.0 750.0 0.0 900.0 800.0 0.0 900.0 849.9999999999999 0.0 900.0 900.0 0.0 900.0 950.0 0.0 900.0 999.9999999999999 0.0 900.0 1050.0 0.0 900.0 1100.0 0.0 900.0 1150.0 0.0 949.9999999999999 50.0 0.0 950.0 100.0 0.0 950.0 150.0 0.0 950.0 200.0 0.0 950.0 250.00000000000006 0.0 949.9999999999999 300.0 0.0 950.0 350.00000000000006 0.0 949.9999999999999 400.0 0.0 950.0 450.0 0.0 950.0 499.99999999999994 0.0 950.0 550.0 0.0 950.0 600.0 0.0 950.0000000000001 650.0 0.0 950.0 699.9999999999999 0.0 950.0 750.0 0.0 950.0 800.0 0.0 950.0 849.9999999999999 0.0 949.9999999999999 900.0 0.0 950.0 950.0 0.0 950.0 999.9999999999999 0.0 950.0 1050.0 0.0 950.0 1100.0 0.0 950.0 1150.0 0.0 1000.0 50.0 0.0 999.9999999999999 99.99999999999994 0.0 999.9999999999999 150.0 0.0 999.9999999999999 200.0 0.0 1000.0 250.0 0.0 1000.0 300.0 0.0 999.9999999999999 350.0 0.0 1000.0 400.0000000000001 0.0 1000.0 450.0 0.0 999.9999999999999 499.99999999999994 0.0 1000.0 550.0 0.0 1000.0 600.0 0.0 1000.0 650.0 0.0 999.9999999999999 699.9999999999999 0.0 1000.0 750.0 0.0 1000.0 800.0 0.0 1000.0 849.9999999999999 0.0 1000.0 900.0 0.0 1000.0 950.0 0.0 999.9999999999999 999.9999999999999 0.0 999.9999999999999 1050.0 0.0 999.9999999999999 1100.0 0.0 1000.0 1150.0 0.0 1049.9999999999998 50.0 0.0 1049.9999999999998 100.00000000000006 0.0 1049.9999999999998 150.0 0.0 1049.9999999999998 200.0 0.0 1049.9999999999998 250.0000000000001 0.0 1049.9999999999998 300.0 0.0 1049.9999999999998 350.0 0.0 1049.9999999999998 400.0 0.0 1049.9999999999998 450.0 0.0 1049.9999999999998 499.99999999999994 0.0 1049.9999999999998 550.0 0.0 1049.9999999999998 600.0 0.0 1049.9999999999998 650.0 0.0 1049.9999999999998 699.9999999999999 0.0 1049.9999999999998 750.0 0.0 1049.9999999999998 800.0 0.0 1049.9999999999995 849.9999999999999 0.0 1049.9999999999998 900.0 0.0 1049.9999999999998 950.0000000000001 0.0 1049.9999999999998 999.9999999999999 0.0 1049.9999999999998 1050.0 0.0 1049.9999999999998 1100.0 0.0 1049.9999999999998 1150.0 0.0 1100.0 50.000000000000114 0.0 1100.0 100.0 0.0 1100.0 150.0 0.0 1100.0 200.00000000000006 0.0 1100.0 250.0 0.0 1100.0 300.0 0.0 1100.0 350.0 0.0 1100.0 400.0 0.0 1100.0 450.0 0.0 1100.0 499.9999999999999 0.0 1100.0 550.0 0.0 1100.0 600.0 0.0 1100.0 650.0 0.0 1100.0 699.9999999999999 0.0 1100.0 750.0 0.0 1100.0 800.0 0.0 1100.0 849.9999999999999 0.0 1100.0 900.0 0.0 1100.0 950.0 0.0 1100.0 999.9999999999998 0.0 1100.0 1050.0 0.0 1100.0 1100.0 0.0 1100.0 1150.0 0.0 1150.0 50.0 0.0 1150.0 99.99999999999989 0.0 1150.0 150.0 0.0 1150.0 200.0000000000001 0.0 1150.0 250.00000000000006 0.0 1150.0 300.0 0.0 1150.0 350.0 0.0 1150.0 400.00000000000006 0.0 1150.0 450.0 0.0 1150.0 499.99999999999994 0.0 1150.0 550.0 0.0 1150.0 600.0 0.0 1150.0 650.0 0.0 1150.0 699.9999999999999 0.0 1150.0 750.0 0.0 1150.0 800.0 0.0 1150.0 849.9999999999999 0.0 1150.0 900.0 0.0 1150.0 950.0 0.0 1150.0 999.9999999999999 0.0 1150.0 1050.0 0.0 1150.0 1100.0 0.0 1150.0 1150.0 0.0 1200.0 50.0 0.0 1200.0 99.99999999999994 0.0 1200.0 150.0 0.0 1200.0 200.00000000000017 0.0 1200.0 250.00000000000006 0.0 1200.0 300.0 0.0 1200.0 350.0 0.0 1200.0 400.00000000000006 0.0 1200.0 450.0 0.0 1200.0 499.99999999999994 0.0 1200.0 550.0 0.0 1200.0 600.0 0.0 1200.0 650.0 0.0 1200.0 699.9999999999999 0.0 1200.0 750.0 0.0 1200.0 800.0 0.0 1200.0 849.9999999999998 0.0 1200.0 900.0 0.0 1200.0 950.0 0.0 1200.0 999.9999999999999 0.0 1200.0 1050.0 0.0 1200.0 1100.0 0.0 1200.0 1150.0 0.0 1250.0 50.000000000000114 0.0 1250.0 100.00000000000006 0.0 1250.0 150.0 0.0 1250.0 200.0 0.0 1250.0 250.00000000000006 0.0 1250.0 299.99999999999994 0.0 1250.0 350.0 0.0 1250.0 400.0000000000001 0.0 1250.0 450.0 0.0 1250.0 499.99999999999994 0.0 1250.0 550.0 0.0 1250.0 600.0 0.0 1250.0 650.0 0.0 1250.0 699.9999999999999 0.0 1250.0 750.0 0.0 1250.0 800.0 0.0 1250.0 849.9999999999999 0.0 1250.0 900.0 0.0 1250.0 950.0 0.0 1250.0 999.9999999999999 0.0 1250.0 1050.0 0.0 1250.0 1100.0 0.0 1250.0 1150.0 0.0 1300.0 50.0 0.0 1300.0 100.0 0.0 1300.0 150.0 0.0 1300.0 200.00000000000006 0.0 1300.0 250.00000000000006 0.0 1300.0 300.0 0.0 1300.0 350.0 0.0 1300.0 400.0000000000001 0.0 1300.0 450.0 0.0 1300.0 500.0 0.0 1300.0 550.0 0.0 1300.0 600.0 0.0 1300.0 650.0 0.0 1300.0 699.9999999999999 0.0 1300.0 750.0 0.0 1300.0 800.0 0.0 1300.0 849.9999999999999 0.0 1300.0 900.0 0.0 1300.0 950.0000000000001 0.0 1300.0 999.9999999999999 0.0 1300.0 1050.0 0.0 1300.0 1100.0 0.0 1300.0 1150.0 0.0 1350.0 50.0 0.0 1350.0 100.0 0.0 1350.0 150.0 0.0 1350.0 200.0 0.0 1350.0 250.0 0.0 1350.0 300.0 0.0 1350.0 350.0 0.0 1350.0 400.0 0.0 1350.0 450.0 0.0 1350.0 499.9999999999999 0.0 1350.0 550.0 0.0 1350.0 600.0 0.0 1350.0 650.0 0.0 1350.0 699.9999999999999 0.0 1350.0 750.0 0.0 1350.0 800.0 0.0 1350.0 849.9999999999998 0.0 1350.0 900.0 0.0 1350.0 950.0 0.0 1350.0 999.9999999999998 0.0 1350.0 1050.0 0.0 1350.0 1100.0 0.0 1350.0 1150.0 0.0 1399.9999999999998 50.000000000000114 0.0 1399.9999999999995 99.99999999999989 0.0 1399.9999999999998 150.0 0.0 1399.9999999999995 200.0 0.0 1399.9999999999998 250.00000000000006 0.0 1399.9999999999998 300.0 0.0 1399.9999999999995 350.00000000000006 0.0 1399.9999999999998 400.0 0.0 1399.9999999999998 450.0 0.0 1399.9999999999995 499.99999999999994 0.0 1399.9999999999998 550.0 0.0 1399.9999999999998 600.0 0.0 1399.9999999999995 650.0 0.0 1399.9999999999998 699.9999999999998 0.0 1399.9999999999998 750.0 0.0 1399.9999999999998 800.0 0.0 1399.9999999999998 849.9999999999999 0.0 1399.9999999999998 900.0 0.0 1399.9999999999998 950.0 0.0 1399.9999999999995 999.9999999999999 0.0 1399.9999999999998 1050.0 0.0 1399.9999999999998 1100.0 0.0 1399.9999999999995 1150.0 0.0 1449.9999999999998 50.0 0.0 1449.9999999999998 100.0 0.0 1449.9999999999995 150.00000000000006 0.0 1449.9999999999995 200.00000000000006 0.0 1449.9999999999995 250.0000000000001 0.0 1449.9999999999995 300.00000000000006 0.0 1449.9999999999995 350.0000000000001 0.0 1449.9999999999995 400.00000000000006 0.0 1449.9999999999995 450.0 0.0 1449.9999999999998 500.0 0.0 1449.9999999999995 550.0 0.0 1449.9999999999998 600.0 0.0 1449.9999999999998 650.0 0.0 1449.9999999999995 699.9999999999999 0.0 1449.9999999999995 750.0 0.0 1449.9999999999998 800.0 0.0 1449.9999999999995 849.9999999999999 0.0 1449.9999999999995 900.0 0.0 1449.9999999999995 950.0 0.0 1449.9999999999995 999.9999999999999 0.0 1449.9999999999995 1050.0 0.0 1449.9999999999995 1100.0 0.0 1449.9999999999995 1150.0 0.0 1499.9999999999995 50.0 0.0 1499.9999999999995 100.00000000000006 0.0 1499.9999999999995 150.0 0.0 1499.9999999999995 200.0 0.0 1499.9999999999995 250.0 0.0 1499.9999999999995 300.0 0.0 1499.9999999999995 350.00000000000006 0.0 1499.9999999999995 400.0000000000001 0.0 1499.9999999999995 450.0 0.0 1499.9999999999995 500.0 0.0 1499.9999999999995 549.9999999999999 0.0 1499.9999999999998 600.0 0.0 1499.9999999999995 650.0 0.0 1499.9999999999995 699.9999999999999 0.0 1499.9999999999995 750.0 0.0 1499.9999999999995 800.0 0.0 1499.9999999999995 849.9999999999998 0.0 1499.9999999999995 900.0 0.0 1499.9999999999998 950.0 0.0 1499.9999999999998 999.9999999999999 0.0 1499.9999999999995 1050.0 0.0 1499.9999999999995 1100.0 0.0 1499.9999999999995 1150.0 0.0 1550.0 50.0 0.0 1550.0 100.0 0.0 1550.0 149.99999999999994 0.0 1550.0 200.00000000000006 0.0 1550.0 250.0 0.0 1550.0 300.0 0.0 1550.0 350.0 0.0 1550.0 400.00000000000006 0.0 1550.0 449.99999999999994 0.0 1550.0 499.99999999999994 0.0 1550.0 550.0 0.0 1550.0 600.0 0.0 1549.9999999999998 650.0 0.0 1550.0 699.9999999999999 0.0 1550.0 750.0 0.0 1550.0 800.0 0.0 1550.0 849.9999999999998 0.0 1550.0 900.0 0.0 1549.9999999999998 950.0 0.0 1550.0 999.9999999999999 0.0 1550.0 1050.0 0.0 1550.0 1100.0 0.0 1550.0 1150.0 0.0 1600.0000000000002 50.000000000000114 0.0 1600.0 100.0 0.0 1600.0 150.00000000000006 0.0 1600.0000000000005 200.0 0.0 1600.0 250.00000000000006 0.0 1600.0 300.0 0.0 1600.0 350.0 0.0 1600.0 400.00000000000006 0.0 1600.0 450.00000000000006 0.0 1600.0000000000002 499.99999999999994 0.0 1600.0 550.0 0.0 1600.0 600.0 0.0 1600.0000000000002 650.0 0.0 1600.0 699.9999999999999 0.0 1600.0 750.0 0.0 1600.0 800.0 0.0 1600.0 849.9999999999998 0.0 1600.0 900.0 0.0 1600.0 950.0 0.0 1600.0 999.9999999999998 0.0 1600.0 1050.0 0.0 1600.0 1100.0 0.0 1600.0 1150.0 0.0 1650.0 50.0 0.0 1650.0 100.0 0.0 1650.0 150.0 0.0 1650.0 200.00000000000006 0.0 1650.0 250.0000000000001 0.0 1650.0 300.0 0.0 1650.0 350.0000000000001 0.0 1650.0 400.00000000000006 0.0 1650.0 450.0 0.0 1650.0 499.9999999999999 0.0 1650.0 550.0 0.0 1650.0 600.0 0.0 1650.0 650.0 0.0 1650.0 699.9999999999999 0.0 1650.0 750.0 0.0 1650.0 800.0 0.0 1650.0 849.9999999999999 0.0 1650.0 900.0 0.0 1650.0 950.0 0.0 1650.0 999.9999999999998 0.0 1650.0 1050.0 0.0 1650.0 1100.0 0.0 1650.0 1150.0 0.0 1700.0000000000002 50.0 0.0 1700.0 100.0 0.0 1700.0 150.0 0.0 1700.0 200.0 0.0 1700.0 250.00000000000006 0.0 1700.0 299.99999999999994 0.0 1700.0 350.00000000000006 0.0 1700.0 400.0 0.0 1700.0 450.0 0.0 1700.0 499.99999999999994 0.0 1700.0 550.0 0.0 1700.0 600.0 0.0 1700.0 650.0 0.0 1700.0 699.9999999999999 0.0 1700.0 750.0 0.0 1700.0 800.0 0.0 1700.0 849.9999999999998 0.0 1700.0 900.0 0.0 1700.0 950.0 0.0 1700.0 999.9999999999999 0.0 1700.0 1050.0 0.0 1700.0 1100.0 0.0 1700.0000000000002 1150.0 0.0 1750.0 50.000000000000114 0.0 1750.0 100.0 0.0 1750.0 150.0 0.0 1750.0 200.00000000000006 0.0 1750.0 250.00000000000006 0.0 1750.0 299.99999999999994 0.0 1750.0 350.0 0.0 1750.0 400.0000000000001 0.0 1750.0 450.0 0.0 1750.0 499.99999999999994 0.0 1750.0 550.0 0.0 1750.0 600.0 0.0 1750.0 650.0 0.0 1750.0 699.9999999999999 0.0 1750.0 750.0 0.0 1750.0 800.0000000000001 0.0 1750.0 849.9999999999998 0.0 1750.0 900.0 0.0 1750.0 950.0 0.0 1750.0 999.9999999999998 0.0 1750.0 1050.0 0.0 1750.0 1100.0 0.0 1750.0 1150.0 0.0 50.0 1200.2 0.0 50.0 1200.3999999999999 0.0 100.00000000000011 1200.2 0.0 100.0 1200.3999999999999 0.0 149.99999999999977 1200.2 0.0 150.0 1200.3999999999999 0.0 200.0 1200.2 0.0 200.0 1200.3999999999999 0.0 250.0000000000001 1200.2 0.0 250.0 1200.3999999999999 0.0 300.0 1200.2 0.0 300.0 1200.3999999999999 0.0 350.0 1200.2 0.0 350.0 1200.3999999999999 0.0 399.99999999999994 1200.2 0.0 400.00000000000006 1200.3999999999999 0.0 450.0000000000001 1200.2 0.0 450.00000000000006 1200.3999999999999 0.0 500.0 1200.2 0.0 500.0 1200.3999999999999 0.0 550.0 1200.2 0.0 550.0 1200.3999999999999 0.0 600.0 1200.2 0.0 600.0 1200.3999999999999 0.0 649.9999999999999 1200.2 0.0 650.0 1200.3999999999999 0.0 699.9999999999999 1200.2 0.0 700.0 1200.3999999999999 0.0 749.9999999999999 1200.2 0.0 749.9999999999999 1200.3999999999999 0.0 800.0 1200.2 0.0 800.0 1200.3999999999999 0.0 850.0 1200.2 0.0 850.0 1200.3999999999999 0.0 900.0 1200.2 0.0 900.0 1200.3999999999999 0.0 950.0 1200.2 0.0 950.0 1200.3999999999999 0.0 1000.0 1200.2 0.0 1000.0 1200.3999999999999 0.0 1049.9999999999998 1200.2 0.0 1049.9999999999998 1200.3999999999999 0.0 1100.0 1200.2 0.0 1100.0 1200.3999999999999 0.0 1150.0 1200.2 0.0 1150.0 1200.3999999999999 0.0 1200.0 1200.2 0.0 1200.0 1200.3999999999999 0.0 1250.0 1200.2 0.0 1250.0 1200.3999999999999 0.0 1300.0 1200.2 0.0 1300.0 1200.3999999999999 0.0 1350.0 1200.2 0.0 1350.0 1200.3999999999999 0.0 1399.9999999999995 1200.2 0.0 1399.9999999999995 1200.3999999999999 0.0 1449.9999999999995 1200.2 0.0 1449.9999999999998 1200.3999999999999 0.0 1499.9999999999995 1200.2 0.0 1499.9999999999995 1200.3999999999999 0.0 1549.9999999999998 1200.2 0.0 1550.0 1200.3999999999999 0.0 1600.0 1200.2 0.0 1600.0 1200.3999999999999 0.0 1650.0 1200.2 0.0 1650.0 1200.3999999999999 0.0 1700.0 1200.2 0.0 1700.0 1200.3999999999999 0.0 1750.0 1200.2 0.0 1750.0 1200.3999999999999 0.0 1800.2 -0.40000000000000024 0.0 1800.2 -0.20000000000000034 0.0 1800.3999999999999 -0.4000000000000003 0.0 1800.3999999999999 -0.20000000000000034 0.0 1800.2 50.000000000000114 0.0 1800.2 100.0 0.0 1800.2 150.0 0.0 1800.2 200.0 0.0 1800.2 250.0000000000001 0.0 1800.2 300.0 0.0 1800.2 350.0 0.0 1800.2 400.0000000000001 0.0 1800.2 450.0 0.0 1800.2 499.9999999999999 0.0 1800.2 550.0 0.0 1800.2 600.0 0.0 1800.2 650.0 0.0 1800.2 699.9999999999999 0.0 1800.2 750.0 0.0 1800.2 800.0 0.0 1800.2 849.9999999999998 0.0 1800.2 900.0 0.0 1800.2 950.0 0.0 1800.2 999.9999999999998 0.0 1800.2 1050.0 0.0 1800.2 1100.0 0.0 1800.2 1150.0 0.0 1800.3999999999999 50.000000000000114 0.0 1800.3999999999999 100.0 0.0 1800.3999999999999 150.0 0.0 1800.3999999999999 200.0 0.0 1800.3999999999999 250.0 0.0 1800.3999999999999 300.0 0.0 1800.3999999999999 350.0 0.0 1800.3999999999999 400.00000000000006 0.0 1800.3999999999999 450.0 0.0 1800.3999999999999 499.9999999999999 0.0 1800.3999999999999 550.0 0.0 1800.3999999999999 600.0 0.0 1800.3999999999999 650.0 0.0 1800.3999999999999 699.9999999999999 0.0 1800.3999999999999 750.0 0.0 1800.3999999999999 800.0 0.0 1800.3999999999999 849.9999999999999 0.0 1800.3999999999999 900.0 0.0 1800.3999999999999 950.0000000000001 0.0 1800.3999999999999 999.9999999999998 0.0 1800.3999999999999 1050.0 0.0 1800.3999999999999 1100.0 0.0 1800.3999999999999 1150.0 0.0 1800.2 1200.2 1.1102230246251565e-16 1800.2 1200.3999999999999 1.1102230246251565e-16 1800.3999999999999 1200.2 1.1102230246251565e-16 1800.3999999999999 1200.3999999999999 1.1102230246251565e-16 -1.2748866352592403 -1.47488663525924 10.0 -2.14977327051848 -2.34977327051848 20.0 -1.0748866352592403 -1.47488663525924 10.0 -1.9497732705184805 -2.34977327051848 20.0 -0.87488663525924 -1.2748866352592403 10.0 -1.74977327051848 -2.14977327051848 20.0 -0.87488663525924 -1.0748866352592403 10.0 -1.74977327051848 -1.9497732705184805 20.0 -1.2748866352592403 -0.87488663525924 10.0 -2.14977327051848 -1.74977327051848 20.0 -1.0748866352592403 -0.87488663525924 10.0 -1.9497732705184805 -1.74977327051848 20.0 -1.47488663525924 -1.2748866352592403 10.0 -2.34977327051848 -2.14977327051848 20.0 -1.47488663525924 -1.0748866352592403 10.0 -2.34977327051848 -1.9497732705184805 20.0 -3.0246599057777206 -3.0246599057777206 30.0 -3.0246599057777206 -2.8246599057777204 30.0 -2.8246599057777204 -3.0246599057777206 30.0 -2.8246599057777204 -2.8246599057777204 30.0 -0.87488663525924 50.0 10.0 -1.74977327051848 50.0 20.0 -0.87488663525924 100.0 10.0 -1.74977327051848 100.0 20.0 -0.87488663525924 150.0 10.0 -1.74977327051848 150.0 20.0 -0.87488663525924 200.0 10.0 -1.74977327051848 200.0 20.0 -0.87488663525924 249.99999999999997 10.0 -1.74977327051848 249.99999999999997 20.0 -0.87488663525924 300.0 10.0 -1.74977327051848 300.0 20.0 -0.87488663525924 349.99999999999994 10.0 -1.74977327051848 349.99999999999994 20.0 -0.87488663525924 400.0 10.0 -1.74977327051848 400.0 20.0 -0.87488663525924 450.0 10.0 -1.74977327051848 450.0 20.0 -0.87488663525924 499.99999999999994 10.0 -1.74977327051848 499.99999999999994 20.0 -0.87488663525924 550.0 10.0 -1.74977327051848 550.0 20.0 -0.87488663525924 600.0 10.0 -1.74977327051848 600.0 20.0 -0.87488663525924 650.0 10.0 -1.74977327051848 650.0 20.0 -0.87488663525924 699.9999999999999 10.0 -1.74977327051848 699.9999999999999 20.0 -0.87488663525924 750.0 10.0 -1.74977327051848 750.0 20.0 -0.87488663525924 800.0 10.0 -1.74977327051848 800.0 20.0 -0.87488663525924 849.9999999999999 10.0 -1.74977327051848 849.9999999999999 20.0 -0.87488663525924 900.0 10.0 -1.74977327051848 900.0 20.0 -0.87488663525924 950.0 10.0 -1.74977327051848 950.0 20.0 -0.87488663525924 999.9999999999999 10.0 -1.74977327051848 999.9999999999999 20.0 -0.87488663525924 1050.0 10.0 -1.74977327051848 1050.0 20.0 -0.87488663525924 1100.0 10.0 -1.74977327051848 1100.0 20.0 -0.87488663525924 1150.0 10.0 -1.74977327051848 1150.0 20.0 -1.2748866352592403 1200.8748866352591 10.0 -2.14977327051848 1201.7497732705185 20.0 -1.0748866352592403 1200.8748866352591 10.0 -1.9497732705184805 1201.7497732705185 20.0 -1.47488663525924 50.0 10.0 -2.34977327051848 50.0 20.0 -1.47488663525924 100.0 10.0 -2.34977327051848 100.0 20.0 -1.47488663525924 150.0 10.0 -2.34977327051848 150.0 20.0 -1.47488663525924 200.0 10.0 -2.34977327051848 200.0 20.0 -1.47488663525924 249.99999999999997 10.0 -2.34977327051848 249.99999999999997 20.0 -1.47488663525924 300.0 10.0 -2.34977327051848 300.0 20.0 -1.47488663525924 349.99999999999994 10.0 -2.34977327051848 349.99999999999994 20.0 -1.47488663525924 400.0 10.0 -2.34977327051848 400.0 20.0 -1.47488663525924 450.0 10.0 -2.34977327051848 450.0 20.0 -1.47488663525924 499.99999999999994 10.0 -2.34977327051848 499.99999999999994 20.0 -1.47488663525924 550.0 10.0 -2.34977327051848 550.0 20.0 -1.47488663525924 600.0 10.0 -2.34977327051848 600.0 20.0 -1.47488663525924 650.0 10.0 -2.34977327051848 650.0 20.0 -1.47488663525924 699.9999999999999 10.0 -2.34977327051848 699.9999999999999 20.0 -1.47488663525924 750.0 10.0 -2.34977327051848 750.0 20.0 -1.47488663525924 800.0 10.0 -2.34977327051848 800.0 20.0 -1.47488663525924 849.9999999999999 10.0 -2.34977327051848 849.9999999999999 20.0 -1.47488663525924 900.0 10.0 -2.34977327051848 900.0 20.0 -1.47488663525924 950.0 10.0 -2.34977327051848 950.0 20.0 -1.47488663525924 999.9999999999999 10.0 -2.34977327051848 999.9999999999999 20.0 -1.47488663525924 1050.0 10.0 -2.34977327051848 1050.0 20.0 -1.47488663525924 1100.0 10.0 -2.34977327051848 1100.0 20.0 -1.47488663525924 1150.0 10.0 -2.34977327051848 1150.0 20.0 -3.0246599057777206 50.0 30.0 -3.0246599057777206 100.0 30.0 -3.0246599057777206 150.0 30.0 -3.0246599057777206 200.0 30.0 -3.0246599057777206 250.0000000000001 30.0 -3.0246599057777206 300.0 30.0 -3.0246599057777206 350.0 30.0 -3.0246599057777206 400.0 30.0 -3.0246599057777206 450.0 30.0 -3.0246599057777206 500.0 30.0 -3.0246599057777206 550.0 30.0 -3.0246599057777206 600.0 30.0 -3.0246599057777206 650.0 30.0 -3.0246599057777206 699.9999999999998 30.0 -3.0246599057777206 750.0 30.0 -3.0246599057777206 800.0 30.0 -3.0246599057777206 849.9999999999999 30.0 -3.0246599057777206 900.0 30.0 -3.0246599057777206 950.0 30.0 -3.0246599057777206 999.9999999999999 30.0 -3.0246599057777206 1050.0 30.0 -3.0246599057777206 1100.0 30.0 -3.0246599057777206 1150.0 30.0 -2.8246599057777204 50.0 30.0 -2.8246599057777204 100.00000000000006 30.0 -2.8246599057777204 150.0 30.0 -2.8246599057777204 200.0000000000001 30.0 -2.8246599057777204 250.0 30.0 -2.8246599057777204 300.0 30.0 -2.8246599057777204 350.0 30.0 -2.8246599057777204 400.00000000000006 30.0 -2.8246599057777204 450.0 30.0 -2.8246599057777204 499.99999999999994 30.0 -2.8246599057777204 550.0 30.0 -2.8246599057777204 600.0 30.0 -2.8246599057777204 650.0 30.0 -2.8246599057777204 699.9999999999999 30.0 -2.8246599057777204 750.0 30.0 -2.8246599057777204 800.0 30.0 -2.824659905777721 849.9999999999998 30.0 -2.8246599057777204 900.0 30.0 -2.8246599057777204 950.0000000000001 30.0 -2.8246599057777204 999.9999999999999 30.0 -2.8246599057777204 1050.0 30.0 -2.8246599057777204 1100.0 30.0 -2.8246599057777204 1150.0 30.0 -0.87488663525924 1201.0748866352592 10.0 -1.74977327051848 1201.9497732705186 20.0 -0.87488663525924 1201.274886635259 10.0 -1.74977327051848 1202.1497732705184 20.0 -1.2748866352592403 1201.474886635259 10.0 -2.14977327051848 1202.3497732705184 20.0 -1.0748866352592403 1201.474886635259 10.0 -1.9497732705184805 1202.3497732705184 20.0 -1.47488663525924 1201.0748866352592 10.0 -2.34977327051848 1201.9497732705186 20.0 -1.47488663525924 1201.274886635259 10.0 -2.34977327051848 1202.1497732705184 20.0 -3.0246599057777206 1202.8246599057777 30.0 -3.0246599057777206 1203.0246599057775 30.0 -2.8246599057777204 1202.8246599057777 30.0 -2.8246599057777204 1203.0246599057775 30.0 50.0 -1.47488663525924 10.0 50.0 -2.34977327051848 20.0 100.0 -1.47488663525924 10.0 100.0 -2.34977327051848 20.0 150.0 -1.47488663525924 10.0 150.0 -2.34977327051848 20.0 200.0 -1.47488663525924 10.0 200.0 -2.34977327051848 20.0 250.0 -1.47488663525924 10.0 250.0 -2.34977327051848 20.0 300.0 -1.47488663525924 10.0 300.0 -2.34977327051848 20.0 349.99999999999994 -1.47488663525924 10.0 349.99999999999994 -2.34977327051848 20.0 400.0 -1.47488663525924 10.0 400.0 -2.34977327051848 20.0 450.0 -1.47488663525924 10.0 450.0 -2.34977327051848 20.0 500.0 -1.47488663525924 10.0 500.0 -2.34977327051848 20.0 550.0 -1.47488663525924 10.0 550.0 -2.34977327051848 20.0 600.0 -1.47488663525924 10.0 600.0 -2.34977327051848 20.0 650.0 -1.47488663525924 10.0 650.0 -2.34977327051848 20.0 699.9999999999999 -1.47488663525924 10.0 699.9999999999999 -2.34977327051848 20.0 749.9999999999999 -1.47488663525924 10.0 749.9999999999999 -2.34977327051848 20.0 800.0 -1.47488663525924 10.0 800.0 -2.34977327051848 20.0 850.0 -1.47488663525924 10.0 850.0 -2.34977327051848 20.0 900.0 -1.47488663525924 10.0 900.0 -2.34977327051848 20.0 950.0 -1.47488663525924 10.0 950.0 -2.34977327051848 20.0 1000.0 -1.47488663525924 10.0 1000.0 -2.34977327051848 20.0 1049.9999999999998 -1.47488663525924 10.0 1049.9999999999998 -2.34977327051848 20.0 1100.0 -1.47488663525924 10.0 1100.0 -2.34977327051848 20.0 1150.0 -1.47488663525924 10.0 1150.0 -2.34977327051848 20.0 1200.0 -1.47488663525924 10.0 1200.0 -2.34977327051848 20.0 1250.0 -1.47488663525924 10.0 1250.0 -2.34977327051848 20.0 1300.0 -1.47488663525924 10.0 1300.0 -2.34977327051848 20.0 1350.0 -1.47488663525924 10.0 1350.0 -2.34977327051848 20.0 1399.9999999999998 -1.47488663525924 10.0 1399.9999999999998 -2.34977327051848 20.0 1449.9999999999998 -1.47488663525924 10.0 1449.9999999999998 -2.34977327051848 20.0 1499.9999999999998 -1.47488663525924 10.0 1499.9999999999998 -2.34977327051848 20.0 1550.0 -1.47488663525924 10.0 1550.0 -2.34977327051848 20.0 1600.0 -1.47488663525924 10.0 1600.0 -2.34977327051848 20.0 1650.0 -1.47488663525924 10.0 1650.0 -2.34977327051848 20.0 1700.0 -1.47488663525924 10.0 1700.0 -2.34977327051848 20.0 1750.0 -1.47488663525924 10.0 1750.0 -2.34977327051848 20.0 1800.8748866352591 -1.2748866352592403 10.0 1801.7497732705185 -2.14977327051848 20.0 1800.8748866352591 -1.0748866352592403 10.0 1801.7497732705185 -1.9497732705184805 20.0 50.0 -0.87488663525924 10.0 50.0 -1.74977327051848 20.0 100.0 -0.87488663525924 10.0 100.0 -1.74977327051848 20.0 150.0 -0.87488663525924 10.0 150.0 -1.74977327051848 20.0 200.0 -0.87488663525924 10.0 200.0 -1.74977327051848 20.0 250.0 -0.87488663525924 10.0 250.0 -1.74977327051848 20.0 300.0 -0.87488663525924 10.0 300.0 -1.74977327051848 20.0 349.99999999999994 -0.87488663525924 10.0 349.99999999999994 -1.74977327051848 20.0 400.0 -0.87488663525924 10.0 400.0 -1.74977327051848 20.0 450.0 -0.87488663525924 10.0 450.0 -1.74977327051848 20.0 500.0 -0.87488663525924 10.0 500.0 -1.74977327051848 20.0 550.0 -0.87488663525924 10.0 550.0 -1.74977327051848 20.0 600.0 -0.87488663525924 10.0 600.0 -1.74977327051848 20.0 650.0 -0.87488663525924 10.0 650.0 -1.74977327051848 20.0 699.9999999999999 -0.87488663525924 10.0 699.9999999999999 -1.74977327051848 20.0 749.9999999999999 -0.87488663525924 10.0 749.9999999999999 -1.74977327051848 20.0 800.0 -0.87488663525924 10.0 800.0 -1.74977327051848 20.0 850.0 -0.87488663525924 10.0 850.0 -1.74977327051848 20.0 900.0 -0.87488663525924 10.0 900.0 -1.74977327051848 20.0 950.0 -0.87488663525924 10.0 950.0 -1.74977327051848 20.0 1000.0 -0.87488663525924 10.0 1000.0 -1.74977327051848 20.0 1049.9999999999998 -0.87488663525924 10.0 1049.9999999999998 -1.74977327051848 20.0 1100.0 -0.87488663525924 10.0 1100.0 -1.74977327051848 20.0 1150.0 -0.87488663525924 10.0 1150.0 -1.74977327051848 20.0 1200.0 -0.87488663525924 10.0 1200.0 -1.74977327051848 20.0 1250.0 -0.87488663525924 10.0 1250.0 -1.74977327051848 20.0 1300.0 -0.87488663525924 10.0 1300.0 -1.74977327051848 20.0 1350.0 -0.87488663525924 10.0 1350.0 -1.74977327051848 20.0 1399.9999999999998 -0.87488663525924 10.0 1399.9999999999998 -1.74977327051848 20.0 1449.9999999999998 -0.87488663525924 10.0 1449.9999999999998 -1.74977327051848 20.0 1499.9999999999998 -0.87488663525924 10.0 1499.9999999999998 -1.74977327051848 20.0 1550.0 -0.87488663525924 10.0 1550.0 -1.74977327051848 20.0 1600.0 -0.87488663525924 10.0 1600.0 -1.74977327051848 20.0 1650.0 -0.87488663525924 10.0 1650.0 -1.74977327051848 20.0 1700.0 -0.87488663525924 10.0 1700.0 -1.74977327051848 20.0 1750.0 -0.87488663525924 10.0 1750.0 -1.74977327051848 20.0 50.0 -3.0246599057777206 30.0 50.000000000000114 -2.8246599057777204 30.0 100.00000000000011 -3.0246599057777206 30.0 100.0 -2.8246599057777204 30.0 150.0 -3.0246599057777206 30.0 150.0 -2.8246599057777204 30.0 199.9999999999999 -3.0246599057777206 30.0 199.9999999999999 -2.8246599057777204 30.0 249.9999999999999 -3.0246599057777206 30.0 250.0000000000001 -2.8246599057777204 30.0 300.0000000000001 -3.0246599057777206 30.0 300.0000000000001 -2.8246599057777204 30.0 349.9999999999999 -3.0246599057777206 30.0 350.0 -2.8246599057777204 30.0 400.0000000000001 -3.0246599057777206 30.0 400.0 -2.8246599057777204 30.0 449.99999999999994 -3.0246599057777206 30.0 450.0 -2.8246599057777204 30.0 500.0 -3.0246599057777206 30.0 500.0 -2.8246599057777204 30.0 550.0000000000001 -3.0246599057777206 30.0 550.0 -2.8246599057777204 30.0 600.0 -3.0246599057777206 30.0 600.0 -2.8246599057777204 30.0 650.0 -3.0246599057777206 30.0 650.0 -2.8246599057777204 30.0 699.9999999999999 -3.0246599057777206 30.0 699.9999999999998 -2.8246599057777204 30.0 749.9999999999998 -3.0246599057777206 30.0 749.9999999999998 -2.8246599057777204 30.0 800.0 -3.0246599057777206 30.0 800.0 -2.8246599057777204 30.0 850.0 -3.0246599057777206 30.0 850.0 -2.8246599057777204 30.0 900.0 -3.0246599057777206 30.0 900.0 -2.8246599057777204 30.0 950.0 -3.0246599057777206 30.0 950.0 -2.8246599057777204 30.0 1000.0 -3.0246599057777206 30.0 1000.0 -2.8246599057777204 30.0 1049.9999999999998 -3.0246599057777206 30.0 1049.9999999999998 -2.8246599057777204 30.0 1100.0 -3.0246599057777206 30.0 1100.0 -2.8246599057777204 30.0 1150.0 -3.0246599057777206 30.0 1150.0 -2.8246599057777204 30.0 1200.0 -3.0246599057777206 30.0 1200.0 -2.8246599057777204 30.0 1250.0 -3.0246599057777206 30.0 1250.0 -2.8246599057777204 30.0 1300.0 -3.0246599057777206 30.0 1300.0 -2.8246599057777204 30.0 1350.0 -3.0246599057777206 30.0 1350.0 -2.8246599057777204 30.0 1399.9999999999998 -3.0246599057777206 30.0 1399.9999999999995 -2.8246599057777204 30.0 1450.0 -3.0246599057777206 30.0 1450.0 -2.8246599057777204 30.0 1499.9999999999995 -3.0246599057777206 30.0 1500.0 -2.8246599057777204 30.0 1550.0 -3.0246599057777206 30.0 1550.0 -2.8246599057777204 30.0 1600.0 -3.0246599057777206 30.0 1600.0 -2.8246599057777204 30.0 1650.0 -3.0246599057777206 30.0 1650.0 -2.8246599057777204 30.0 1699.9999999999998 -3.0246599057777206 30.0 1700.0 -2.8246599057777204 30.0 1750.0 -3.0246599057777206 30.0 1750.0 -2.8246599057777204 30.0 50.0 1200.8748866352591 10.0 50.0 1201.7497732705185 20.0 100.0 1200.8748866352591 10.0 100.0 1201.7497732705185 20.0 150.0 1200.8748866352591 10.0 150.0 1201.7497732705185 20.0 200.0 1200.8748866352591 10.0 200.0 1201.7497732705185 20.0 250.0 1200.8748866352591 10.0 250.0 1201.7497732705185 20.0 300.0 1200.8748866352591 10.0 300.0 1201.7497732705185 20.0 349.99999999999994 1200.8748866352591 10.0 349.99999999999994 1201.7497732705185 20.0 400.0 1200.8748866352591 10.0 400.0 1201.7497732705185 20.0 450.0 1200.8748866352591 10.0 450.0 1201.7497732705185 20.0 500.0 1200.8748866352591 10.0 500.0 1201.7497732705185 20.0 550.0 1200.8748866352591 10.0 550.0 1201.7497732705185 20.0 600.0 1200.8748866352591 10.0 600.0 1201.7497732705185 20.0 650.0 1200.8748866352591 10.0 650.0 1201.7497732705185 20.0 699.9999999999999 1200.8748866352591 10.0 699.9999999999999 1201.7497732705185 20.0 749.9999999999999 1200.8748866352591 10.0 749.9999999999999 1201.7497732705185 20.0 800.0 1200.8748866352591 10.0 800.0 1201.7497732705185 20.0 850.0 1200.8748866352591 10.0 850.0 1201.7497732705185 20.0 900.0 1200.8748866352591 10.0 900.0 1201.7497732705185 20.0 950.0 1200.8748866352591 10.0 950.0 1201.7497732705185 20.0 1000.0 1200.8748866352591 10.0 1000.0 1201.7497732705185 20.0 1049.9999999999998 1200.8748866352591 10.0 1049.9999999999998 1201.7497732705185 20.0 1100.0 1200.8748866352591 10.0 1100.0 1201.7497732705185 20.0 1150.0 1200.8748866352591 10.0 1150.0 1201.7497732705185 20.0 1200.0 1200.8748866352591 10.0 1200.0 1201.7497732705185 20.0 1250.0 1200.8748866352591 10.0 1250.0 1201.7497732705185 20.0 1300.0 1200.8748866352591 10.0 1300.0 1201.7497732705185 20.0 1350.0 1200.8748866352591 10.0 1350.0 1201.7497732705185 20.0 1399.9999999999998 1200.8748866352591 10.0 1399.9999999999998 1201.7497732705185 20.0 1449.9999999999998 1200.8748866352591 10.0 1449.9999999999998 1201.7497732705185 20.0 1499.9999999999998 1200.8748866352591 10.0 1499.9999999999998 1201.7497732705185 20.0 1550.0 1200.8748866352591 10.0 1550.0 1201.7497732705185 20.0 1600.0 1200.8748866352591 10.0 1600.0 1201.7497732705185 20.0 1650.0 1200.8748866352591 10.0 1650.0 1201.7497732705185 20.0 1700.0 1200.8748866352591 10.0 1700.0 1201.7497732705185 20.0 1750.0 1200.8748866352591 10.0 1750.0 1201.7497732705185 20.0 1800.8748866352591 1201.0748866352592 10.0 1801.7497732705185 1201.9497732705186 20.0 1800.8748866352591 1201.274886635259 10.0 1801.7497732705185 1202.1497732705184 20.0 50.0 1201.474886635259 10.0 50.0 1202.3497732705184 20.0 100.0 1201.474886635259 10.0 100.0 1202.3497732705184 20.0 150.0 1201.474886635259 10.0 150.0 1202.3497732705184 20.0 200.0 1201.474886635259 10.0 200.0 1202.3497732705184 20.0 250.0 1201.474886635259 10.0 250.0 1202.3497732705184 20.0 300.0 1201.474886635259 10.0 300.0 1202.3497732705184 20.0 349.99999999999994 1201.474886635259 10.0 349.99999999999994 1202.3497732705184 20.0 400.0 1201.474886635259 10.0 400.0 1202.3497732705184 20.0 450.0 1201.474886635259 10.0 450.0 1202.3497732705184 20.0 500.0 1201.474886635259 10.0 500.0 1202.3497732705184 20.0 550.0 1201.474886635259 10.0 550.0 1202.3497732705184 20.0 600.0 1201.474886635259 10.0 600.0 1202.3497732705184 20.0 650.0 1201.474886635259 10.0 650.0 1202.3497732705184 20.0 699.9999999999999 1201.474886635259 10.0 699.9999999999999 1202.3497732705184 20.0 749.9999999999999 1201.474886635259 10.0 749.9999999999999 1202.3497732705184 20.0 800.0 1201.474886635259 10.0 800.0 1202.3497732705184 20.0 850.0 1201.474886635259 10.0 850.0 1202.3497732705184 20.0 900.0 1201.474886635259 10.0 900.0 1202.3497732705184 20.0 950.0 1201.474886635259 10.0 950.0 1202.3497732705184 20.0 1000.0 1201.474886635259 10.0 1000.0 1202.3497732705184 20.0 1049.9999999999998 1201.474886635259 10.0 1049.9999999999998 1202.3497732705184 20.0 1100.0 1201.474886635259 10.0 1100.0 1202.3497732705184 20.0 1150.0 1201.474886635259 10.0 1150.0 1202.3497732705184 20.0 1200.0 1201.474886635259 10.0 1200.0 1202.3497732705184 20.0 1250.0 1201.474886635259 10.0 1250.0 1202.3497732705184 20.0 1300.0 1201.474886635259 10.0 1300.0 1202.3497732705184 20.0 1350.0 1201.474886635259 10.0 1350.0 1202.3497732705184 20.0 1399.9999999999998 1201.474886635259 10.0 1399.9999999999998 1202.3497732705184 20.0 1449.9999999999998 1201.474886635259 10.0 1449.9999999999998 1202.3497732705184 20.0 1499.9999999999998 1201.474886635259 10.0 1499.9999999999998 1202.3497732705184 20.0 1550.0 1201.474886635259 10.0 1550.0 1202.3497732705184 20.0 1600.0 1201.474886635259 10.0 1600.0 1202.3497732705184 20.0 1650.0 1201.474886635259 10.0 1650.0 1202.3497732705184 20.0 1700.0 1201.474886635259 10.0 1700.0 1202.3497732705184 20.0 1750.0 1201.474886635259 10.0 1750.0 1202.3497732705184 20.0 50.0 1202.8246599057777 30.0 50.0 1203.0246599057775 30.0 100.00000000000011 1202.8246599057777 30.0 100.0 1203.0246599057775 30.0 149.99999999999977 1202.8246599057777 30.0 150.0 1203.0246599057775 30.0 200.0 1202.8246599057777 30.0 200.0 1203.0246599057775 30.0 250.0000000000001 1202.8246599057777 30.0 250.0 1203.0246599057775 30.0 300.0 1202.8246599057777 30.0 300.0 1203.0246599057775 30.0 350.0 1202.8246599057777 30.0 350.0 1203.0246599057775 30.0 399.99999999999994 1202.8246599057777 30.0 400.00000000000006 1203.0246599057775 30.0 450.0000000000001 1202.8246599057777 30.0 450.00000000000006 1203.0246599057775 30.0 500.0 1202.8246599057777 30.0 500.0 1203.0246599057775 30.0 550.0 1202.8246599057777 30.0 550.0 1203.0246599057775 30.0 600.0 1202.8246599057777 30.0 600.0 1203.0246599057775 30.0 649.9999999999999 1202.8246599057777 30.0 650.0 1203.0246599057775 30.0 699.9999999999999 1202.8246599057777 30.0 700.0 1203.0246599057775 30.0 749.9999999999999 1202.8246599057777 30.0 749.9999999999999 1203.0246599057775 30.0 800.0 1202.8246599057777 30.0 800.0 1203.0246599057775 30.0 850.0 1202.8246599057777 30.0 850.0 1203.0246599057775 30.0 900.0 1202.8246599057777 30.0 900.0 1203.0246599057775 30.0 950.0 1202.8246599057777 30.0 950.0 1203.0246599057775 30.0 1000.0 1202.8246599057777 30.0 1000.0 1203.0246599057775 30.0 1049.9999999999998 1202.8246599057777 30.0 1049.9999999999998 1203.0246599057775 30.0 1100.0 1202.8246599057777 30.0 1100.0 1203.0246599057775 30.0 1150.0 1202.8246599057777 30.0 1150.0 1203.0246599057775 30.0 1200.0 1202.8246599057777 30.0 1200.0 1203.0246599057775 30.0 1250.0 1202.8246599057777 30.0 1250.0 1203.0246599057775 30.0 1300.0 1202.8246599057777 30.0 1300.0 1203.0246599057775 30.0 1350.0 1202.8246599057777 30.0 1350.0 1203.0246599057775 30.0 1399.9999999999995 1202.8246599057777 30.0 1399.9999999999995 1203.0246599057775 30.0 1449.9999999999995 1202.8246599057777 30.0 1449.9999999999998 1203.0246599057775 30.0 1499.9999999999995 1202.8246599057777 30.0 1499.9999999999995 1203.0246599057775 30.0 1549.9999999999998 1202.8246599057777 30.0 1550.0 1203.0246599057775 30.0 1600.0 1202.8246599057777 30.0 1600.0 1203.0246599057775 30.0 1650.0 1202.8246599057777 30.0 1650.0 1203.0246599057775 30.0 1700.0 1202.8246599057777 30.0 1700.0 1203.0246599057775 30.0 1750.0 1202.8246599057777 30.0 1750.0 1203.0246599057775 30.0 1801.0748866352592 -1.47488663525924 10.0 1801.9497732705186 -2.34977327051848 20.0 1801.274886635259 -1.47488663525924 10.0 1802.1497732705184 -2.34977327051848 20.0 1801.474886635259 -1.2748866352592403 10.0 1802.3497732705184 -2.14977327051848 20.0 1801.474886635259 -1.0748866352592403 10.0 1802.3497732705184 -1.9497732705184805 20.0 1801.0748866352592 -0.87488663525924 10.0 1801.9497732705186 -1.74977327051848 20.0 1801.274886635259 -0.87488663525924 10.0 1802.1497732705184 -1.74977327051848 20.0 1802.8246599057777 -3.0246599057777206 30.0 1802.8246599057777 -2.8246599057777204 30.0 1803.0246599057775 -3.0246599057777206 30.0 1803.0246599057775 -2.8246599057777204 30.0 1801.474886635259 50.0 10.0 1802.3497732705184 50.0 20.0 1801.474886635259 100.0 10.0 1802.3497732705184 100.0 20.0 1801.474886635259 150.0 10.0 1802.3497732705184 150.0 20.0 1801.474886635259 200.0 10.0 1802.3497732705184 200.0 20.0 1801.474886635259 249.99999999999997 10.0 1802.3497732705184 249.99999999999997 20.0 1801.474886635259 300.0 10.0 1802.3497732705184 300.0 20.0 1801.474886635259 349.99999999999994 10.0 1802.3497732705184 349.99999999999994 20.0 1801.474886635259 400.0 10.0 1802.3497732705184 400.0 20.0 1801.474886635259 450.0 10.0 1802.3497732705184 450.0 20.0 1801.474886635259 499.99999999999994 10.0 1802.3497732705184 499.99999999999994 20.0 1801.474886635259 550.0 10.0 1802.3497732705184 550.0 20.0 1801.474886635259 600.0 10.0 1802.3497732705184 600.0 20.0 1801.474886635259 650.0 10.0 1802.3497732705184 650.0 20.0 1801.474886635259 699.9999999999999 10.0 1802.3497732705184 699.9999999999999 20.0 1801.474886635259 750.0 10.0 1802.3497732705184 750.0 20.0 1801.474886635259 800.0 10.0 1802.3497732705184 800.0 20.0 1801.474886635259 849.9999999999999 10.0 1802.3497732705184 849.9999999999999 20.0 1801.474886635259 900.0 10.0 1802.3497732705184 900.0 20.0 1801.474886635259 950.0 10.0 1802.3497732705184 950.0 20.0 1801.474886635259 999.9999999999999 10.0 1802.3497732705184 999.9999999999999 20.0 1801.474886635259 1050.0 10.0 1802.3497732705184 1050.0 20.0 1801.474886635259 1100.0 10.0 1802.3497732705184 1100.0 20.0 1801.474886635259 1150.0 10.0 1802.3497732705184 1150.0 20.0 1801.0748866352592 1200.8748866352591 10.0 1801.9497732705186 1201.7497732705185 20.0 1801.274886635259 1200.8748866352591 10.0 1802.1497732705184 1201.7497732705185 20.0 1800.8748866352591 50.0 10.0 1801.7497732705185 50.0 20.0 1800.8748866352591 100.0 10.0 1801.7497732705185 100.0 20.0 1800.8748866352591 150.0 10.0 1801.7497732705185 150.0 20.0 1800.8748866352591 200.0 10.0 1801.7497732705185 200.0 20.0 1800.8748866352591 249.99999999999997 10.0 1801.7497732705185 249.99999999999997 20.0 1800.8748866352591 300.0 10.0 1801.7497732705185 300.0 20.0 1800.8748866352591 349.99999999999994 10.0 1801.7497732705185 349.99999999999994 20.0 1800.8748866352591 400.0 10.0 1801.7497732705185 400.0 20.0 1800.8748866352591 450.0 10.0 1801.7497732705185 450.0 20.0 1800.8748866352591 499.99999999999994 10.0 1801.7497732705185 499.99999999999994 20.0 1800.8748866352591 550.0 10.0 1801.7497732705185 550.0 20.0 1800.8748866352591 600.0 10.0 1801.7497732705185 600.0 20.0 1800.8748866352591 650.0 10.0 1801.7497732705185 650.0 20.0 1800.8748866352591 699.9999999999999 10.0 1801.7497732705185 699.9999999999999 20.0 1800.8748866352591 750.0 10.0 1801.7497732705185 750.0 20.0 1800.8748866352591 800.0 10.0 1801.7497732705185 800.0 20.0 1800.8748866352591 849.9999999999999 10.0 1801.7497732705185 849.9999999999999 20.0 1800.8748866352591 900.0 10.0 1801.7497732705185 900.0 20.0 1800.8748866352591 950.0 10.0 1801.7497732705185 950.0 20.0 1800.8748866352591 999.9999999999999 10.0 1801.7497732705185 999.9999999999999 20.0 1800.8748866352591 1050.0 10.0 1801.7497732705185 1050.0 20.0 1800.8748866352591 1100.0 10.0 1801.7497732705185 1100.0 20.0 1800.8748866352591 1150.0 10.0 1801.7497732705185 1150.0 20.0 1802.8246599057777 50.000000000000114 30.0 1802.8246599057777 100.0 30.0 1802.8246599057777 150.0 30.0 1802.8246599057777 200.0 30.0 1802.8246599057777 250.0000000000001 30.0 1802.8246599057777 300.0 30.0 1802.8246599057777 350.0 30.0 1802.8246599057777 400.0000000000001 30.0 1802.8246599057777 450.0 30.0 1802.8246599057777 499.9999999999999 30.0 1802.8246599057777 550.0 30.0 1802.8246599057777 600.0 30.0 1802.8246599057777 650.0 30.0 1802.8246599057777 699.9999999999999 30.0 1802.8246599057777 750.0 30.0 1802.8246599057777 800.0 30.0 1802.8246599057777 849.9999999999998 30.0 1802.8246599057777 900.0 30.0 1802.8246599057777 950.0 30.0 1802.8246599057777 999.9999999999998 30.0 1802.8246599057777 1050.0 30.0 1802.8246599057777 1100.0 30.0 1802.8246599057777 1150.0 30.0 1803.0246599057775 50.000000000000114 30.0 1803.0246599057775 100.0 30.0 1803.0246599057775 150.0 30.0 1803.0246599057775 200.0 30.0 1803.0246599057775 250.0 30.0 1803.0246599057775 300.0 30.0 1803.0246599057775 350.0 30.0 1803.0246599057775 400.00000000000006 30.0 1803.0246599057775 450.0 30.0 1803.0246599057775 499.9999999999999 30.0 1803.0246599057775 550.0 30.0 1803.0246599057775 600.0 30.0 1803.0246599057775 650.0 30.0 1803.0246599057775 699.9999999999999 30.0 1803.0246599057775 750.0 30.0 1803.0246599057775 800.0 30.0 1803.0246599057775 849.9999999999999 30.0 1803.0246599057775 900.0 30.0 1803.0246599057775 950.0000000000001 30.0 1803.0246599057775 999.9999999999998 30.0 1803.0246599057775 1050.0 30.0 1803.0246599057775 1100.0 30.0 1803.0246599057775 1150.0 30.0 1801.474886635259 1201.0748866352592 10.0 1802.3497732705184 1201.9497732705186 20.0 1801.474886635259 1201.274886635259 10.0 1802.3497732705184 1202.1497732705184 20.0 1801.0748866352592 1201.474886635259 10.0 1801.9497732705186 1202.3497732705184 20.0 1801.274886635259 1201.474886635259 10.0 1802.1497732705184 1202.3497732705184 20.0 1802.8246599057777 1202.8246599057777 30.0 1802.8246599057777 1203.0246599057775 30.0 1803.0246599057775 1202.8246599057777 30.0 1803.0246599057775 1203.0246599057775 30.0 -1.2748866352592403 -1.2748866352592403 10.0 -2.14977327051848 -2.14977327051848 20.0 -1.2748866352592403 -1.0748866352592403 10.0 -2.14977327051848 -1.9497732705184805 20.0 -1.0748866352592403 -1.2748866352592403 10.0 -1.9497732705184805 -2.14977327051848 20.0 -1.0748866352592403 -1.0748866352592403 10.0 -1.9497732705184805 -1.9497732705184805 20.0 -1.2748866352592403 50.0 10.0 -2.14977327051848 50.0 20.0 -1.2748866352592403 100.0 10.0 -2.14977327051848 100.0 20.0 -1.2748866352592403 150.0 10.0 -2.14977327051848 150.0 20.0 -1.2748866352592403 200.0 10.0 -2.14977327051848 200.0 20.0 -1.2748866352592403 250.0000000000001 10.0 -2.14977327051848 250.0000000000001 20.0 -1.2748866352592403 300.0 10.0 -2.14977327051848 300.0 20.0 -1.2748866352592403 350.0 10.0 -2.14977327051848 350.0 20.0 -1.2748866352592403 400.0 10.0 -2.14977327051848 400.0 20.0 -1.2748866352592403 450.0 10.0 -2.14977327051848 450.0 20.0 -1.2748866352592403 500.0 10.0 -2.14977327051848 500.0 20.0 -1.2748866352592403 550.0 10.0 -2.14977327051848 550.0 20.0 -1.2748866352592403 600.0 10.0 -2.14977327051848 600.0 20.0 -1.2748866352592403 650.0 10.0 -2.14977327051848 650.0 20.0 -1.2748866352592403 699.9999999999998 10.0 -2.14977327051848 699.9999999999998 20.0 -1.2748866352592403 750.0 10.0 -2.14977327051848 750.0 20.0 -1.2748866352592403 800.0 10.0 -2.14977327051848 800.0 20.0 -1.2748866352592403 849.9999999999999 10.0 -2.14977327051848 849.9999999999999 20.0 -1.2748866352592403 900.0 10.0 -2.14977327051848 900.0 20.0 -1.2748866352592403 950.0 10.0 -2.14977327051848 950.0 20.0 -1.2748866352592403 999.9999999999999 10.0 -2.14977327051848 999.9999999999999 20.0 -1.2748866352592403 1050.0 10.0 -2.14977327051848 1050.0 20.0 -1.2748866352592403 1100.0 10.0 -2.14977327051848 1100.0 20.0 -1.2748866352592403 1150.0 10.0 -2.14977327051848 1150.0 20.0 -1.0748866352592403 50.0 10.0 -1.9497732705184805 50.0 20.0 -1.0748866352592403 100.00000000000006 10.0 -1.9497732705184805 100.00000000000006 20.0 -1.0748866352592403 150.0 10.0 -1.9497732705184805 150.0 20.0 -1.0748866352592403 200.0000000000001 10.0 -1.9497732705184805 200.0000000000001 20.0 -1.0748866352592403 250.0 10.0 -1.9497732705184805 250.0 20.0 -1.0748866352592403 300.0 10.0 -1.9497732705184805 300.0 20.0 -1.0748866352592403 350.0 10.0 -1.9497732705184805 350.0 20.0 -1.0748866352592403 400.00000000000006 10.0 -1.9497732705184805 400.00000000000006 20.0 -1.0748866352592403 450.0 10.0 -1.9497732705184805 450.0 20.0 -1.0748866352592403 499.99999999999994 10.0 -1.9497732705184805 499.99999999999994 20.0 -1.0748866352592403 550.0 10.0 -1.9497732705184805 550.0 20.0 -1.0748866352592403 600.0 10.0 -1.9497732705184805 600.0 20.0 -1.0748866352592403 650.0 10.0 -1.9497732705184805 650.0 20.0 -1.0748866352592403 699.9999999999999 10.0 -1.9497732705184805 699.9999999999999 20.0 -1.0748866352592403 750.0 10.0 -1.9497732705184805 750.0 20.0 -1.0748866352592403 800.0 10.0 -1.9497732705184805 800.0 20.0 -1.0748866352592406 849.9999999999998 10.0 -1.9497732705184805 849.9999999999998 20.0 -1.0748866352592403 900.0 10.0 -1.9497732705184805 900.0 20.0 -1.0748866352592403 950.0000000000001 10.0 -1.9497732705184805 950.0000000000001 20.0 -1.0748866352592403 999.9999999999999 10.0 -1.9497732705184805 999.9999999999999 20.0 -1.0748866352592403 1050.0 10.0 -1.9497732705184805 1050.0 20.0 -1.0748866352592403 1100.0 10.0 -1.9497732705184805 1100.0 20.0 -1.0748866352592403 1150.0 10.0 -1.9497732705184805 1150.0 20.0 -1.2748866352592403 1201.0748866352592 10.0 -2.14977327051848 1201.9497732705186 20.0 -1.2748866352592403 1201.274886635259 10.0 -2.14977327051848 1202.1497732705184 20.0 -1.0748866352592403 1201.0748866352592 10.0 -1.9497732705184805 1201.9497732705186 20.0 -1.0748866352592403 1201.274886635259 10.0 -1.9497732705184805 1202.1497732705184 20.0 50.0 -1.2748866352592403 10.0 50.0 -2.14977327051848 20.0 50.000000000000114 -1.0748866352592403 10.0 50.000000000000114 -1.9497732705184805 20.0 100.00000000000011 -1.2748866352592403 10.0 100.00000000000011 -2.14977327051848 20.0 100.0 -1.0748866352592403 10.0 100.0 -1.9497732705184805 20.0 150.0 -1.2748866352592403 10.0 150.0 -2.14977327051848 20.0 150.0 -1.0748866352592403 10.0 150.0 -1.9497732705184805 20.0 199.9999999999999 -1.2748866352592403 10.0 199.9999999999999 -2.14977327051848 20.0 199.9999999999999 -1.0748866352592403 10.0 199.9999999999999 -1.9497732705184805 20.0 249.9999999999999 -1.2748866352592403 10.0 249.9999999999999 -2.14977327051848 20.0 250.0000000000001 -1.0748866352592403 10.0 250.0000000000001 -1.9497732705184805 20.0 300.0000000000001 -1.2748866352592403 10.0 300.0000000000001 -2.14977327051848 20.0 300.0000000000001 -1.0748866352592403 10.0 300.0000000000001 -1.9497732705184805 20.0 349.9999999999999 -1.2748866352592403 10.0 349.9999999999999 -2.14977327051848 20.0 350.0 -1.0748866352592403 10.0 350.0 -1.9497732705184805 20.0 400.0000000000001 -1.2748866352592403 10.0 400.0000000000001 -2.14977327051848 20.0 400.0 -1.0748866352592403 10.0 400.0 -1.9497732705184805 20.0 449.99999999999994 -1.2748866352592403 10.0 449.99999999999994 -2.14977327051848 20.0 450.0 -1.0748866352592403 10.0 450.0 -1.9497732705184805 20.0 500.0 -1.2748866352592403 10.0 500.0 -2.14977327051848 20.0 500.0 -1.0748866352592403 10.0 500.0 -1.9497732705184805 20.0 550.0000000000001 -1.2748866352592403 10.0 550.0000000000001 -2.14977327051848 20.0 550.0 -1.0748866352592403 10.0 550.0 -1.9497732705184805 20.0 600.0 -1.2748866352592403 10.0 600.0 -2.14977327051848 20.0 600.0 -1.0748866352592403 10.0 600.0 -1.9497732705184805 20.0 650.0 -1.2748866352592403 10.0 650.0 -2.14977327051848 20.0 650.0 -1.0748866352592403 10.0 650.0 -1.9497732705184805 20.0 699.9999999999999 -1.2748866352592403 10.0 699.9999999999999 -2.14977327051848 20.0 699.9999999999998 -1.0748866352592403 10.0 699.9999999999998 -1.9497732705184805 20.0 749.9999999999998 -1.2748866352592403 10.0 749.9999999999998 -2.14977327051848 20.0 749.9999999999998 -1.0748866352592403 10.0 749.9999999999998 -1.9497732705184805 20.0 800.0 -1.2748866352592403 10.0 800.0 -2.14977327051848 20.0 800.0 -1.0748866352592403 10.0 800.0 -1.9497732705184805 20.0 850.0 -1.2748866352592403 10.0 850.0 -2.14977327051848 20.0 850.0 -1.0748866352592403 10.0 850.0 -1.9497732705184805 20.0 900.0 -1.2748866352592403 10.0 900.0 -2.14977327051848 20.0 900.0 -1.0748866352592403 10.0 900.0 -1.9497732705184805 20.0 950.0 -1.2748866352592403 10.0 950.0 -2.14977327051848 20.0 950.0 -1.0748866352592403 10.0 950.0 -1.9497732705184805 20.0 1000.0 -1.2748866352592403 10.0 1000.0 -2.14977327051848 20.0 1000.0 -1.0748866352592403 10.0 1000.0 -1.9497732705184805 20.0 1049.9999999999998 -1.2748866352592403 10.0 1049.9999999999998 -2.14977327051848 20.0 1049.9999999999998 -1.0748866352592403 10.0 1049.9999999999998 -1.9497732705184805 20.0 1100.0 -1.2748866352592403 10.0 1100.0 -2.14977327051848 20.0 1100.0 -1.0748866352592403 10.0 1100.0 -1.9497732705184805 20.0 1150.0 -1.2748866352592403 10.0 1150.0 -2.14977327051848 20.0 1150.0 -1.0748866352592403 10.0 1150.0 -1.9497732705184805 20.0 1200.0 -1.2748866352592403 10.0 1200.0 -2.14977327051848 20.0 1200.0 -1.0748866352592403 10.0 1200.0 -1.9497732705184805 20.0 1250.0 -1.2748866352592403 10.0 1250.0 -2.14977327051848 20.0 1250.0 -1.0748866352592403 10.0 1250.0 -1.9497732705184805 20.0 1300.0 -1.2748866352592403 10.0 1300.0 -2.14977327051848 20.0 1300.0 -1.0748866352592403 10.0 1300.0 -1.9497732705184805 20.0 1350.0 -1.2748866352592403 10.0 1350.0 -2.14977327051848 20.0 1350.0 -1.0748866352592403 10.0 1350.0 -1.9497732705184805 20.0 1399.9999999999998 -1.2748866352592403 10.0 1399.9999999999998 -2.14977327051848 20.0 1399.9999999999995 -1.0748866352592403 10.0 1399.9999999999995 -1.9497732705184805 20.0 1450.0 -1.2748866352592403 10.0 1450.0 -2.14977327051848 20.0 1450.0 -1.0748866352592403 10.0 1450.0 -1.9497732705184805 20.0 1499.9999999999995 -1.2748866352592403 10.0 1499.9999999999995 -2.14977327051848 20.0 1500.0 -1.0748866352592403 10.0 1500.0 -1.9497732705184805 20.0 1550.0 -1.2748866352592403 10.0 1550.0 -2.14977327051848 20.0 1550.0 -1.0748866352592403 10.0 1550.0 -1.9497732705184805 20.0 1600.0 -1.2748866352592403 10.0 1600.0 -2.14977327051848 20.0 1600.0 -1.0748866352592403 10.0 1600.0 -1.9497732705184805 20.0 1650.0 -1.2748866352592403 10.0 1650.0 -2.14977327051848 20.0 1650.0 -1.0748866352592403 10.0 1650.0 -1.9497732705184805 20.0 1699.9999999999998 -1.2748866352592403 10.0 1699.9999999999998 -2.14977327051848 20.0 1700.0 -1.0748866352592403 10.0 1700.0 -1.9497732705184805 20.0 1750.0 -1.2748866352592403 10.0 1750.0 -2.14977327051848 20.0 1750.0 -1.0748866352592403 10.0 1750.0 -1.9497732705184805 20.0 50.0 1201.0748866352592 10.0 50.0 1201.9497732705186 20.0 50.0 1201.274886635259 10.0 50.0 1202.1497732705184 20.0 100.00000000000011 1201.0748866352592 10.0 100.00000000000011 1201.9497732705186 20.0 100.0 1201.274886635259 10.0 100.0 1202.1497732705184 20.0 149.99999999999977 1201.0748866352592 10.0 149.99999999999977 1201.9497732705186 20.0 150.0 1201.274886635259 10.0 150.0 1202.1497732705184 20.0 200.0 1201.0748866352592 10.0 200.0 1201.9497732705186 20.0 200.0 1201.274886635259 10.0 200.0 1202.1497732705184 20.0 250.0000000000001 1201.0748866352592 10.0 250.0000000000001 1201.9497732705186 20.0 250.0 1201.274886635259 10.0 250.0 1202.1497732705184 20.0 300.0 1201.0748866352592 10.0 300.0 1201.9497732705186 20.0 300.0 1201.274886635259 10.0 300.0 1202.1497732705184 20.0 350.0 1201.0748866352592 10.0 350.0 1201.9497732705186 20.0 350.0 1201.274886635259 10.0 350.0 1202.1497732705184 20.0 399.99999999999994 1201.0748866352592 10.0 399.99999999999994 1201.9497732705186 20.0 400.00000000000006 1201.274886635259 10.0 400.00000000000006 1202.1497732705184 20.0 450.0000000000001 1201.0748866352592 10.0 450.0000000000001 1201.9497732705186 20.0 450.00000000000006 1201.274886635259 10.0 450.00000000000006 1202.1497732705184 20.0 500.0 1201.0748866352592 10.0 500.0 1201.9497732705186 20.0 500.0 1201.274886635259 10.0 500.0 1202.1497732705184 20.0 550.0 1201.0748866352592 10.0 550.0 1201.9497732705186 20.0 550.0 1201.274886635259 10.0 550.0 1202.1497732705184 20.0 600.0 1201.0748866352592 10.0 600.0 1201.9497732705186 20.0 600.0 1201.274886635259 10.0 600.0 1202.1497732705184 20.0 649.9999999999999 1201.0748866352592 10.0 649.9999999999999 1201.9497732705186 20.0 650.0 1201.274886635259 10.0 650.0 1202.1497732705184 20.0 699.9999999999999 1201.0748866352592 10.0 699.9999999999999 1201.9497732705186 20.0 700.0 1201.274886635259 10.0 700.0 1202.1497732705184 20.0 749.9999999999999 1201.0748866352592 10.0 749.9999999999999 1201.9497732705186 20.0 749.9999999999999 1201.274886635259 10.0 749.9999999999999 1202.1497732705184 20.0 800.0 1201.0748866352592 10.0 800.0 1201.9497732705186 20.0 800.0 1201.274886635259 10.0 800.0 1202.1497732705184 20.0 850.0 1201.0748866352592 10.0 850.0 1201.9497732705186 20.0 850.0 1201.274886635259 10.0 850.0 1202.1497732705184 20.0 900.0 1201.0748866352592 10.0 900.0 1201.9497732705186 20.0 900.0 1201.274886635259 10.0 900.0 1202.1497732705184 20.0 950.0 1201.0748866352592 10.0 950.0 1201.9497732705186 20.0 950.0 1201.274886635259 10.0 950.0 1202.1497732705184 20.0 1000.0 1201.0748866352592 10.0 1000.0 1201.9497732705186 20.0 1000.0 1201.274886635259 10.0 1000.0 1202.1497732705184 20.0 1049.9999999999998 1201.0748866352592 10.0 1049.9999999999998 1201.9497732705186 20.0 1049.9999999999998 1201.274886635259 10.0 1049.9999999999998 1202.1497732705184 20.0 1100.0 1201.0748866352592 10.0 1100.0 1201.9497732705186 20.0 1100.0 1201.274886635259 10.0 1100.0 1202.1497732705184 20.0 1150.0 1201.0748866352592 10.0 1150.0 1201.9497732705186 20.0 1150.0 1201.274886635259 10.0 1150.0 1202.1497732705184 20.0 1200.0 1201.0748866352592 10.0 1200.0 1201.9497732705186 20.0 1200.0 1201.274886635259 10.0 1200.0 1202.1497732705184 20.0 1250.0 1201.0748866352592 10.0 1250.0 1201.9497732705186 20.0 1250.0 1201.274886635259 10.0 1250.0 1202.1497732705184 20.0 1300.0 1201.0748866352592 10.0 1300.0 1201.9497732705186 20.0 1300.0 1201.274886635259 10.0 1300.0 1202.1497732705184 20.0 1350.0 1201.0748866352592 10.0 1350.0 1201.9497732705186 20.0 1350.0 1201.274886635259 10.0 1350.0 1202.1497732705184 20.0 1399.9999999999995 1201.0748866352592 10.0 1399.9999999999995 1201.9497732705186 20.0 1399.9999999999995 1201.274886635259 10.0 1399.9999999999995 1202.1497732705184 20.0 1449.9999999999995 1201.0748866352592 10.0 1449.9999999999995 1201.9497732705186 20.0 1449.9999999999998 1201.274886635259 10.0 1449.9999999999998 1202.1497732705184 20.0 1499.9999999999995 1201.0748866352592 10.0 1499.9999999999995 1201.9497732705186 20.0 1499.9999999999995 1201.274886635259 10.0 1499.9999999999995 1202.1497732705184 20.0 1549.9999999999998 1201.0748866352592 10.0 1549.9999999999998 1201.9497732705186 20.0 1550.0 1201.274886635259 10.0 1550.0 1202.1497732705184 20.0 1600.0 1201.0748866352592 10.0 1600.0 1201.9497732705186 20.0 1600.0 1201.274886635259 10.0 1600.0 1202.1497732705184 20.0 1650.0 1201.0748866352592 10.0 1650.0 1201.9497732705186 20.0 1650.0 1201.274886635259 10.0 1650.0 1202.1497732705184 20.0 1700.0 1201.0748866352592 10.0 1700.0 1201.9497732705186 20.0 1700.0 1201.274886635259 10.0 1700.0 1202.1497732705184 20.0 1750.0 1201.0748866352592 10.0 1750.0 1201.9497732705186 20.0 1750.0 1201.274886635259 10.0 1750.0 1202.1497732705184 20.0 1801.0748866352592 -1.2748866352592403 10.0 1801.9497732705186 -2.14977327051848 20.0 1801.0748866352592 -1.0748866352592403 10.0 1801.9497732705186 -1.9497732705184805 20.0 1801.274886635259 -1.2748866352592403 10.0 1802.1497732705184 -2.14977327051848 20.0 1801.274886635259 -1.0748866352592403 10.0 1802.1497732705184 -1.9497732705184805 20.0 1801.0748866352592 50.000000000000114 10.0 1801.9497732705186 50.000000000000114 20.0 1801.0748866352592 100.0 10.0 1801.9497732705186 100.0 20.0 1801.0748866352592 150.0 10.0 1801.9497732705186 150.0 20.0 1801.0748866352592 200.0 10.0 1801.9497732705186 200.0 20.0 1801.0748866352592 250.0000000000001 10.0 1801.9497732705186 250.0000000000001 20.0 1801.0748866352592 300.0 10.0 1801.9497732705186 300.0 20.0 1801.0748866352592 350.0 10.0 1801.9497732705186 350.0 20.0 1801.0748866352592 400.0000000000001 10.0 1801.9497732705186 400.0000000000001 20.0 1801.0748866352592 450.0 10.0 1801.9497732705186 450.0 20.0 1801.0748866352592 499.9999999999999 10.0 1801.9497732705186 499.9999999999999 20.0 1801.0748866352592 550.0 10.0 1801.9497732705186 550.0 20.0 1801.0748866352592 600.0 10.0 1801.9497732705186 600.0 20.0 1801.0748866352592 650.0 10.0 1801.9497732705186 650.0 20.0 1801.0748866352592 699.9999999999999 10.0 1801.9497732705186 699.9999999999999 20.0 1801.0748866352592 750.0 10.0 1801.9497732705186 750.0 20.0 1801.0748866352592 800.0 10.0 1801.9497732705186 800.0 20.0 1801.0748866352592 849.9999999999998 10.0 1801.9497732705186 849.9999999999998 20.0 1801.0748866352592 900.0 10.0 1801.9497732705186 900.0 20.0 1801.0748866352592 950.0 10.0 1801.9497732705186 950.0 20.0 1801.0748866352592 999.9999999999998 10.0 1801.9497732705186 999.9999999999998 20.0 1801.0748866352592 1050.0 10.0 1801.9497732705186 1050.0 20.0 1801.0748866352592 1100.0 10.0 1801.9497732705186 1100.0 20.0 1801.0748866352592 1150.0 10.0 1801.9497732705186 1150.0 20.0 1801.274886635259 50.000000000000114 10.0 1802.1497732705184 50.000000000000114 20.0 1801.274886635259 100.0 10.0 1802.1497732705184 100.0 20.0 1801.274886635259 150.0 10.0 1802.1497732705184 150.0 20.0 1801.274886635259 200.0 10.0 1802.1497732705184 200.0 20.0 1801.274886635259 250.0 10.0 1802.1497732705184 250.0 20.0 1801.274886635259 300.0 10.0 1802.1497732705184 300.0 20.0 1801.274886635259 350.0 10.0 1802.1497732705184 350.0 20.0 1801.274886635259 400.00000000000006 10.0 1802.1497732705184 400.00000000000006 20.0 1801.274886635259 450.0 10.0 1802.1497732705184 450.0 20.0 1801.274886635259 499.9999999999999 10.0 1802.1497732705184 499.9999999999999 20.0 1801.274886635259 550.0 10.0 1802.1497732705184 550.0 20.0 1801.274886635259 600.0 10.0 1802.1497732705184 600.0 20.0 1801.274886635259 650.0 10.0 1802.1497732705184 650.0 20.0 1801.274886635259 699.9999999999999 10.0 1802.1497732705184 699.9999999999999 20.0 1801.274886635259 750.0 10.0 1802.1497732705184 750.0 20.0 1801.274886635259 800.0 10.0 1802.1497732705184 800.0 20.0 1801.274886635259 849.9999999999999 10.0 1802.1497732705184 849.9999999999999 20.0 1801.274886635259 900.0 10.0 1802.1497732705184 900.0 20.0 1801.274886635259 950.0000000000001 10.0 1802.1497732705184 950.0000000000001 20.0 1801.274886635259 999.9999999999998 10.0 1802.1497732705184 999.9999999999998 20.0 1801.274886635259 1050.0 10.0 1802.1497732705184 1050.0 20.0 1801.274886635259 1100.0 10.0 1802.1497732705184 1100.0 20.0 1801.274886635259 1150.0 10.0 1802.1497732705184 1150.0 20.0 1801.0748866352592 1201.0748866352592 10.0 1801.9497732705186 1201.9497732705186 20.0 1801.0748866352592 1201.274886635259 10.0 1801.9497732705186 1202.1497732705184 20.0 1801.274886635259 1201.0748866352592 10.0 1802.1497732705184 1201.9497732705186 20.0 1801.274886635259 1201.274886635259 10.0 1802.1497732705184 1202.1497732705184 20.0</DataArray>
      </Points>
      <Cells>
        <DataArray type="Int64" Name="connectivity" NumberOfComponents="1" format="ascii">0 48 872 204 16 312 1925 318 204 872 873 205 318 1925 1926 319 205 873 50 1 319 1926 316 19 48 49 874 872 312 313 1927 1925 872 874 875 873 1925 1927 1928 1926 873 875 51 50 1926 1928 317 316 49 4 231 874 313 17 314 1927 874 231 232 875 1927 314 315 1928 875 232 5 51 1928 315 18 317 1 50 876 206 19 316 1929 345 206 876 877 207 345 1929 1930 346 207 877 878 208 346 1930 1931 347 208 878 879 209 347 1931 1932 348 209 879 880 210 348 1932 1933 349 210 880 881 211 349 1933 1934 350 211 881 882 212 350 1934 1935 351 212 882 883 213 351 1935 1936 352 213 883 884 214 352 1936 1937 353 214 884 885 215 353 1937 1938 354 215 885 886 216 354 1938 1939 355 216 886 887 217 355 1939 1940 356 217 887 888 218 356 1940 1941 357 218 888 889 219 357 1941 1942 358 219 889 890 220 358 1942 1943 359 220 890 891 221 359 1943 1944 360 221 891 892 222 360 1944 1945 361 222 892 893 223 361 1945 1946 362 223 893 894 224 362 1946 1947 363 224 894 895 225 363 1947 1948 364 225 895 896 226 364 1948 1949 365 226 896 897 227 365 1949 1950 366 227 897 898 228 366 1950 1951 367 228 898 52 2 367 1951 343 21 50 51 899 876 316 317 1952 1929 876 899 900 877 1929 1952 1953 1930 877 900 901 878 1930 1953 1954 1931 878 901 902 879 1931 1954 1955 1932 879 902 903 880 1932 1955 1956 1933 880 903 904 881 1933 1956 1957 1934 881 904 905 882 1934 1957 1958 1935 882 905 906 883 1935 1958 1959 1936 883 906 907 884 1936 1959 1960 1937 884 907 908 885 1937 1960 1961 1938 885 908 909 886 1938 1961 1962 1939 886 909 910 887 1939 1962 1963 1940 887 910 911 888 1940 1963 1964 1941 888 911 912 889 1941 1964 1965 1942 889 912 913 890 1942 1965 1966 1943 890 913 914 891 1943 1966 1967 1944 891 914 915 892 1944 1967 1968 1945 892 915 916 893 1945 1968 1969 1946 893 916 917 894 1946 1969 1970 1947 894 917 918 895 1947 1970 1971 1948 895 918 919 896 1948 1971 1972 1949 896 919 920 897 1949 1972 1973 1950 897 920 921 898 1950 1973 1974 1951 898 921 53 52 1951 1974 344 343 51 5 233 899 317 18 320 1952 899 233 234 900 1952 320 321 1953 900 234 235 901 1953 321 322 1954 901 235 236 902 1954 322 323 1955 902 236 237 903 1955 323 324 1956 903 237 238 904 1956 324 325 1957 904 238 239 905 1957 325 326 1958 905 239 240 906 1958 326 327 1959 906 240 241 907 1959 327 328 1960 907 241 242 908 1960 328 329 1961 908 242 243 909 1961 329 330 1962 909 243 244 910 1962 330 331 1963 910 244 245 911 1963 331 332 1964 911 245 246 912 1964 332 333 1965 912 246 247 913 1965 333 334 1966 913 247 248 914 1966 334 335 1967 914 248 249 915 1967 335 336 1968 915 249 250 916 1968 336 337 1969 916 250 251 917 1969 337 338 1970 917 251 252 918 1970 338 339 1971 918 252 253 919 1971 339 340 1972 919 253 254 920 1972 340 341 1973 920 254 255 921 1973 341 342 1974 921 255 6 53 1974 342 20 344 2 52 922 229 21 343 1975 372 229 922 923 230 372 1975 1976 373 230 923 54 3 373 1976 370 23 52 53 924 922 343 344 1977 1975 922 924 925 923 1975 1977 1978 1976 923 925 55 54 1976 1978 371 370 53 6 256 924 344 20 368 1977 924 256 257 925 1977 368 369 1978 925 257 7 55 1978 369 22 371 4 56 926 231 17 374 1979 314 231 926 927 232 314 1979 1980 315 232 927 91 5 315 1980 411 18 56 57 928 926 374 375 1981 1979 926 928 929 927 1979 1981 1982 1980 927 929 92 91 1980 1982 412 411 57 58 930 928 375 376 1983 1981 928 930 931 929 1981 1983 1984 1982 929 931 93 92 1982 1984 413 412 58 59 932 930 376 377 1985 1983 930 932 933 931 1983 1985 1986 1984 931 933 94 93 1984 1986 414 413 59 60 934 932 377 378 1987 1985 932 934 935 933 1985 1987 1988 1986 933 935 95 94 1986 1988 415 414 60 61 936 934 378 379 1989 1987 934 936 937 935 1987 1989 1990 1988 935 937 96 95 1988 1990 416 415 61 62 938 936 379 380 1991 1989 936 938 939 937 1989 1991 1992 1990 937 939 97 96 1990 1992 417 416 62 63 940 938 380 381 1993 1991 938 940 941 939 1991 1993 1994 1992 939 941 98 97 1992 1994 418 417 63 64 942 940 381 382 1995 1993 940 942 943 941 1993 1995 1996 1994 941 943 99 98 1994 1996 419 418 64 65 944 942 382 383 1997 1995 942 944 945 943 1995 1997 1998 1996 943 945 100 99 1996 1998 420 419 65 66 946 944 383 384 1999 1997 944 946 947 945 1997 1999 2000 1998 945 947 101 100 1998 2000 421 420 66 67 948 946 384 385 2001 1999 946 948 949 947 1999 2001 2002 2000 947 949 102 101 2000 2002 422 421 67 68 950 948 385 386 2003 2001 948 950 951 949 2001 2003 2004 2002 949 951 103 102 2002 2004 423 422 68 69 952 950 386 387 2005 2003 950 952 953 951 2003 2005 2006 2004 951 953 104 103 2004 2006 424 423 69 70 954 952 387 388 2007 2005 952 954 955 953 2005 2007 2008 2006 953 955 105 104 2006 2008 425 424 70 71 956 954 388 389 2009 2007 954 956 957 955 2007 2009 2010 2008 955 957 106 105 2008 2010 426 425 71 72 958 956 389 390 2011 2009 956 958 959 957 2009 2011 2012 2010 957 959 107 106 2010 2012 427 426 72 73 960 958 390 391 2013 2011 958 960 961 959 2011 2013 2014 2012 959 961 108 107 2012 2014 428 427 73 74 962 960 391 392 2015 2013 960 962 963 961 2013 2015 2016 2014 961 963 109 108 2014 2016 429 428 74 75 964 962 392 393 2017 2015 962 964 965 963 2015 2017 2018 2016 963 965 110 109 2016 2018 430 429 75 76 966 964 393 394 2019 2017 964 966 967 965 2017 2019 2020 2018 965 967 111 110 2018 2020 431 430 76 77 968 966 394 395 2021 2019 966 968 969 967 2019 2021 2022 2020 967 969 112 111 2020 2022 432 431 77 78 970 968 395 396 2023 2021 968 970 971 969 2021 2023 2024 2022 969 971 113 112 2022 2024 433 432 78 79 972 970 396 397 2025 2023 970 972 973 971 2023 2025 2026 2024 971 973 114 113 2024 2026 434 433 79 80 974 972 397 398 2027 2025 972 974 975 973 2025 2027 2028 2026 973 975 115 114 2026 2028 435 434 80 81 976 974 398 399 2029 2027 974 976 977 975 2027 2029 2030 2028 975 977 116 115 2028 2030 436 435 81 82 978 976 399 400 2031 2029 976 978 979 977 2029 2031 2032 2030 977 979 117 116 2030 2032 437 436 82 83 980 978 400 401 2033 2031 978 980 981 979 2031 2033 2034 2032 979 981 118 117 2032 2034 438 437 83 84 982 980 401 402 2035 2033 980 982 983 981 2033 2035 2036 2034 981 983 119 118 2034 2036 439 438 84 85 984 982 402 403 2037 2035 982 984 985 983 2035 2037 2038 2036 983 985 120 119 2036 2038 440 439 85 86 986 984 403 404 2039 2037 984 986 987 985 2037 2039 2040 2038 985 987 121 120 2038 2040 441 440 86 87 988 986 404 405 2041 2039 986 988 989 987 2039 2041 2042 2040 987 989 122 121 2040 2042 442 441 87 88 990 988 405 406 2043 2041 988 990 991 989 2041 2043 2044 2042 989 991 123 122 2042 2044 443 442 88 89 992 990 406 407 2045 2043 990 992 993 991 2043 2045 2046 2044 991 993 124 123 2044 2046 444 443 89 90 994 992 407 408 2047 2045 992 994 995 993 2045 2047 2048 2046 993 995 125 124 2046 2048 445 444 90 8 258 994 408 24 409 2047 994 258 259 995 2047 409 410 2048 995 259 9 125 2048 410 25 445 5 91 996 233 18 411 2049 320 233 996 997 234 320 2049 2050 321 234 997 998 235 321 2050 2051 322 235 998 999 236 322 2051 2052 323 236 999 1000 237 323 2052 2053 324 237 1000 1001 238 324 2053 2054 325 238 1001 1002 239 325 2054 2055 326 239 1002 1003 240 326 2055 2056 327 240 1003 1004 241 327 2056 2057 328 241 1004 1005 242 328 2057 2058 329 242 1005 1006 243 329 2058 2059 330 243 1006 1007 244 330 2059 2060 331 244 1007 1008 245 331 2060 2061 332 245 1008 1009 246 332 2061 2062 333 246 1009 1010 247 333 2062 2063 334 247 1010 1011 248 334 2063 2064 335 248 1011 1012 249 335 2064 2065 336 249 1012 1013 250 336 2065 2066 337 250 1013 1014 251 337 2066 2067 338 251 1014 1015 252 338 2067 2068 339 252 1015 1016 253 339 2068 2069 340 253 1016 1017 254 340 2069 2070 341 254 1017 1018 255 341 2070 2071 342 255 1018 126 6 342 2071 469 20 91 92 1019 996 411 412 2072 2049 996 1019 1020 997 2049 2072 2073 2050 997 1020 1021 998 2050 2073 2074 2051 998 1021 1022 999 2051 2074 2075 2052 999 1022 1023 1000 2052 2075 2076 2053 1000 1023 1024 1001 2053 2076 2077 2054 1001 1024 1025 1002 2054 2077 2078 2055 1002 1025 1026 1003 2055 2078 2079 2056 1003 1026 1027 1004 2056 2079 2080 2057 1004 1027 1028 1005 2057 2080 2081 2058 1005 1028 1029 1006 2058 2081 2082 2059 1006 1029 1030 1007 2059 2082 2083 2060 1007 1030 1031 1008 2060 2083 2084 2061 1008 1031 1032 1009 2061 2084 2085 2062 1009 1032 1033 1010 2062 2085 2086 2063 1010 1033 1034 1011 2063 2086 2087 2064 1011 1034 1035 1012 2064 2087 2088 2065 1012 1035 1036 1013 2065 2088 2089 2066 1013 1036 1037 1014 2066 2089 2090 2067 1014 1037 1038 1015 2067 2090 2091 2068 1015 1038 1039 1016 2068 2091 2092 2069 1016 1039 1040 1017 2069 2092 2093 2070 1017 1040 1041 1018 2070 2093 2094 2071 1018 1041 127 126 2071 2094 470 469 92 93 1042 1019 412 413 2095 2072 1019 1042 1043 1020 2072 2095 2096 2073 1020 1043 1044 1021 2073 2096 2097 2074 1021 1044 1045 1022 2074 2097 2098 2075 1022 1045 1046 1023 2075 2098 2099 2076 1023 1046 1047 1024 2076 2099 2100 2077 1024 1047 1048 1025 2077 2100 2101 2078 1025 1048 1049 1026 2078 2101 2102 2079 1026 1049 1050 1027 2079 2102 2103 2080 1027 1050 1051 1028 2080 2103 2104 2081 1028 1051 1052 1029 2081 2104 2105 2082 1029 1052 1053 1030 2082 2105 2106 2083 1030 1053 1054 1031 2083 2106 2107 2084 1031 1054 1055 1032 2084 2107 2108 2085 1032 1055 1056 1033 2085 2108 2109 2086 1033 1056 1057 1034 2086 2109 2110 2087 1034 1057 1058 1035 2087 2110 2111 2088 1035 1058 1059 1036 2088 2111 2112 2089 1036 1059 1060 1037 2089 2112 2113 2090 1037 1060 1061 1038 2090 2113 2114 2091 1038 1061 1062 1039 2091 2114 2115 2092 1039 1062 1063 1040 2092 2115 2116 2093 1040 1063 1064 1041 2093 2116 2117 2094 1041 1064 128 127 2094 2117 471 470 93 94 1065 1042 413 414 2118 2095 1042 1065 1066 1043 2095 2118 2119 2096 1043 1066 1067 1044 2096 2119 2120 2097 1044 1067 1068 1045 2097 2120 2121 2098 1045 1068 1069 1046 2098 2121 2122 2099 1046 1069 1070 1047 2099 2122 2123 2100 1047 1070 1071 1048 2100 2123 2124 2101 1048 1071 1072 1049 2101 2124 2125 2102 1049 1072 1073 1050 2102 2125 2126 2103 1050 1073 1074 1051 2103 2126 2127 2104 1051 1074 1075 1052 2104 2127 2128 2105 1052 1075 1076 1053 2105 2128 2129 2106 1053 1076 1077 1054 2106 2129 2130 2107 1054 1077 1078 1055 2107 2130 2131 2108 1055 1078 1079 1056 2108 2131 2132 2109 1056 1079 1080 1057 2109 2132 2133 2110 1057 1080 1081 1058 2110 2133 2134 2111 1058 1081 1082 1059 2111 2134 2135 2112 1059 1082 1083 1060 2112 2135 2136 2113 1060 1083 1084 1061 2113 2136 2137 2114 1061 1084 1085 1062 2114 2137 2138 2115 1062 1085 1086 1063 2115 2138 2139 2116 1063 1086 1087 1064 2116 2139 2140 2117 1064 1087 129 128 2117 2140 472 471 94 95 1088 1065 414 415 2141 2118 1065 1088 1089 1066 2118 2141 2142 2119 1066 1089 1090 1067 2119 2142 2143 2120 1067 1090 1091 1068 2120 2143 2144 2121 1068 1091 1092 1069 2121 2144 2145 2122 1069 1092 1093 1070 2122 2145 2146 2123 1070 1093 1094 1071 2123 2146 2147 2124 1071 1094 1095 1072 2124 2147 2148 2125 1072 1095 1096 1073 2125 2148 2149 2126 1073 1096 1097 1074 2126 2149 2150 2127 1074 1097 1098 1075 2127 2150 2151 2128 1075 1098 1099 1076 2128 2151 2152 2129 1076 1099 1100 1077 2129 2152 2153 2130 1077 1100 1101 1078 2130 2153 2154 2131 1078 1101 1102 1079 2131 2154 2155 2132 1079 1102 1103 1080 2132 2155 2156 2133 1080 1103 1104 1081 2133 2156 2157 2134 1081 1104 1105 1082 2134 2157 2158 2135 1082 1105 1106 1083 2135 2158 2159 2136 1083 1106 1107 1084 2136 2159 2160 2137 1084 1107 1108 1085 2137 2160 2161 2138 1085 1108 1109 1086 2138 2161 2162 2139 1086 1109 1110 1087 2139 2162 2163 2140 1087 1110 130 129 2140 2163 473 472 95 96 1111 1088 415 416 2164 2141 1088 1111 1112 1089 2141 2164 2165 2142 1089 1112 1113 1090 2142 2165 2166 2143 1090 1113 1114 1091 2143 2166 2167 2144 1091 1114 1115 1092 2144 2167 2168 2145 1092 1115 1116 1093 2145 2168 2169 2146 1093 1116 1117 1094 2146 2169 2170 2147 1094 1117 1118 1095 2147 2170 2171 2148 1095 1118 1119 1096 2148 2171 2172 2149 1096 1119 1120 1097 2149 2172 2173 2150 1097 1120 1121 1098 2150 2173 2174 2151 1098 1121 1122 1099 2151 2174 2175 2152 1099 1122 1123 1100 2152 2175 2176 2153 1100 1123 1124 1101 2153 2176 2177 2154 1101 1124 1125 1102 2154 2177 2178 2155 1102 1125 1126 1103 2155 2178 2179 2156 1103 1126 1127 1104 2156 2179 2180 2157 1104 1127 1128 1105 2157 2180 2181 2158 1105 1128 1129 1106 2158 2181 2182 2159 1106 1129 1130 1107 2159 2182 2183 2160 1107 1130 1131 1108 2160 2183 2184 2161 1108 1131 1132 1109 2161 2184 2185 2162 1109 1132 1133 1110 2162 2185 2186 2163 1110 1133 131 130 2163 2186 474 473 96 97 1134 1111 416 417 2187 2164 1111 1134 1135 1112 2164 2187 2188 2165 1112 1135 1136 1113 2165 2188 2189 2166 1113 1136 1137 1114 2166 2189 2190 2167 1114 1137 1138 1115 2167 2190 2191 2168 1115 1138 1139 1116 2168 2191 2192 2169 1116 1139 1140 1117 2169 2192 2193 2170 1117 1140 1141 1118 2170 2193 2194 2171 1118 1141 1142 1119 2171 2194 2195 2172 1119 1142 1143 1120 2172 2195 2196 2173 1120 1143 1144 1121 2173 2196 2197 2174 1121 1144 1145 1122 2174 2197 2198 2175 1122 1145 1146 1123 2175 2198 2199 2176 1123 1146 1147 1124 2176 2199 2200 2177 1124 1147 1148 1125 2177 2200 2201 2178 1125 1148 1149 1126 2178 2201 2202 2179 1126 1149 1150 1127 2179 2202 2203 2180 1127 1150 1151 1128 2180 2203 2204 2181 1128 1151 1152 1129 2181 2204 2205 2182 1129 1152 1153 1130 2182 2205 2206 2183 1130 1153 1154 1131 2183 2206 2207 2184 1131 1154 1155 1132 2184 2207 2208 2185 1132 1155 1156 1133 2185 2208 2209 2186 1133 1156 132 131 2186 2209 475 474 97 98 1157 1134 417 418 2210 2187 1134 1157 1158 1135 2187 2210 2211 2188 1135 1158 1159 1136 2188 2211 2212 2189 1136 1159 1160 1137 2189 2212 2213 2190 1137 1160 1161 1138 2190 2213 2214 2191 1138 1161 1162 1139 2191 2214 2215 2192 1139 1162 1163 1140 2192 2215 2216 2193 1140 1163 1164 1141 2193 2216 2217 2194 1141 1164 1165 1142 2194 2217 2218 2195 1142 1165 1166 1143 2195 2218 2219 2196 1143 1166 1167 1144 2196 2219 2220 2197 1144 1167 1168 1145 2197 2220 2221 2198 1145 1168 1169 1146 2198 2221 2222 2199 1146 1169 1170 1147 2199 2222 2223 2200 1147 1170 1171 1148 2200 2223 2224 2201 1148 1171 1172 1149 2201 2224 2225 2202 1149 1172 1173 1150 2202 2225 2226 2203 1150 1173 1174 1151 2203 2226 2227 2204 1151 1174 1175 1152 2204 2227 2228 2205 1152 1175 1176 1153 2205 2228 2229 2206 1153 1176 1177 1154 2206 2229 2230 2207 1154 1177 1178 1155 2207 2230 2231 2208 1155 1178 1179 1156 2208 2231 2232 2209 1156 1179 133 132 2209 2232 476 475 98 99 1180 1157 418 419 2233 2210 1157 1180 1181 1158 2210 2233 2234 2211 1158 1181 1182 1159 2211 2234 2235 2212 1159 1182 1183 1160 2212 2235 2236 2213 1160 1183 1184 1161 2213 2236 2237 2214 1161 1184 1185 1162 2214 2237 2238 2215 1162 1185 1186 1163 2215 2238 2239 2216 1163 1186 1187 1164 2216 2239 2240 2217 1164 1187 1188 1165 2217 2240 2241 2218 1165 1188 1189 1166 2218 2241 2242 2219 1166 1189 1190 1167 2219 2242 2243 2220 1167 1190 1191 1168 2220 2243 2244 2221 1168 1191 1192 1169 2221 2244 2245 2222 1169 1192 1193 1170 2222 2245 2246 2223 1170 1193 1194 1171 2223 2246 2247 2224 1171 1194 1195 1172 2224 2247 2248 2225 1172 1195 1196 1173 2225 2248 2249 2226 1173 1196 1197 1174 2226 2249 2250 2227 1174 1197 1198 1175 2227 2250 2251 2228 1175 1198 1199 1176 2228 2251 2252 2229 1176 1199 1200 1177 2229 2252 2253 2230 1177 1200 1201 1178 2230 2253 2254 2231 1178 1201 1202 1179 2231 2254 2255 2232 1179 1202 134 133 2232 2255 477 476 99 100 1203 1180 419 420 2256 2233 1180 1203 1204 1181 2233 2256 2257 2234 1181 1204 1205 1182 2234 2257 2258 2235 1182 1205 1206 1183 2235 2258 2259 2236 1183 1206 1207 1184 2236 2259 2260 2237 1184 1207 1208 1185 2237 2260 2261 2238 1185 1208 1209 1186 2238 2261 2262 2239 1186 1209 1210 1187 2239 2262 2263 2240 1187 1210 1211 1188 2240 2263 2264 2241 1188 1211 1212 1189 2241 2264 2265 2242 1189 1212 1213 1190 2242 2265 2266 2243 1190 1213 1214 1191 2243 2266 2267 2244 1191 1214 1215 1192 2244 2267 2268 2245 1192 1215 1216 1193 2245 2268 2269 2246 1193 1216 1217 1194 2246 2269 2270 2247 1194 1217 1218 1195 2247 2270 2271 2248 1195 1218 1219 1196 2248 2271 2272 2249 1196 1219 1220 1197 2249 2272 2273 2250 1197 1220 1221 1198 2250 2273 2274 2251 1198 1221 1222 1199 2251 2274 2275 2252 1199 1222 1223 1200 2252 2275 2276 2253 1200 1223 1224 1201 2253 2276 2277 2254 1201 1224 1225 1202 2254 2277 2278 2255 1202 1225 135 134 2255 2278 478 477 100 101 1226 1203 420 421 2279 2256 1203 1226 1227 1204 2256 2279 2280 2257 1204 1227 1228 1205 2257 2280 2281 2258 1205 1228 1229 1206 2258 2281 2282 2259 1206 1229 1230 1207 2259 2282 2283 2260 1207 1230 1231 1208 2260 2283 2284 2261 1208 1231 1232 1209 2261 2284 2285 2262 1209 1232 1233 1210 2262 2285 2286 2263 1210 1233 1234 1211 2263 2286 2287 2264 1211 1234 1235 1212 2264 2287 2288 2265 1212 1235 1236 1213 2265 2288 2289 2266 1213 1236 1237 1214 2266 2289 2290 2267 1214 1237 1238 1215 2267 2290 2291 2268 1215 1238 1239 1216 2268 2291 2292 2269 1216 1239 1240 1217 2269 2292 2293 2270 1217 1240 1241 1218 2270 2293 2294 2271 1218 1241 1242 1219 2271 2294 2295 2272 1219 1242 1243 1220 2272 2295 2296 2273 1220 1243 1244 1221 2273 2296 2297 2274 1221 1244 1245 1222 2274 2297 2298 2275 1222 1245 1246 1223 2275 2298 2299 2276 1223 1246 1247 1224 2276 2299 2300 2277 1224 1247 1248 1225 2277 2300 2301 2278 1225 1248 136 135 2278 2301 479 478 101 102 1249 1226 421 422 2302 2279 1226 1249 1250 1227 2279 2302 2303 2280 1227 1250 1251 1228 2280 2303 2304 2281 1228 1251 1252 1229 2281 2304 2305 2282 1229 1252 1253 1230 2282 2305 2306 2283 1230 1253 1254 1231 2283 2306 2307 2284 1231 1254 1255 1232 2284 2307 2308 2285 1232 1255 1256 1233 2285 2308 2309 2286 1233 1256 1257 1234 2286 2309 2310 2287 1234 1257 1258 1235 2287 2310 2311 2288 1235 1258 1259 1236 2288 2311 2312 2289 1236 1259 1260 1237 2289 2312 2313 2290 1237 1260 1261 1238 2290 2313 2314 2291 1238 1261 1262 1239 2291 2314 2315 2292 1239 1262 1263 1240 2292 2315 2316 2293 1240 1263 1264 1241 2293 2316 2317 2294 1241 1264 1265 1242 2294 2317 2318 2295 1242 1265 1266 1243 2295 2318 2319 2296 1243 1266 1267 1244 2296 2319 2320 2297 1244 1267 1268 1245 2297 2320 2321 2298 1245 1268 1269 1246 2298 2321 2322 2299 1246 1269 1270 1247 2299 2322 2323 2300 1247 1270 1271 1248 2300 2323 2324 2301 1248 1271 137 136 2301 2324 480 479 102 103 1272 1249 422 423 2325 2302 1249 1272 1273 1250 2302 2325 2326 2303 1250 1273 1274 1251 2303 2326 2327 2304 1251 1274 1275 1252 2304 2327 2328 2305 1252 1275 1276 1253 2305 2328 2329 2306 1253 1276 1277 1254 2306 2329 2330 2307 1254 1277 1278 1255 2307 2330 2331 2308 1255 1278 1279 1256 2308 2331 2332 2309 1256 1279 1280 1257 2309 2332 2333 2310 1257 1280 1281 1258 2310 2333 2334 2311 1258 1281 1282 1259 2311 2334 2335 2312 1259 1282 1283 1260 2312 2335 2336 2313 1260 1283 1284 1261 2313 2336 2337 2314 1261 1284 1285 1262 2314 2337 2338 2315 1262 1285 1286 1263 2315 2338 2339 2316 1263 1286 1287 1264 2316 2339 2340 2317 1264 1287 1288 1265 2317 2340 2341 2318 1265 1288 1289 1266 2318 2341 2342 2319 1266 1289 1290 1267 2319 2342 2343 2320 1267 1290 1291 1268 2320 2343 2344 2321 1268 1291 1292 1269 2321 2344 2345 2322 1269 1292 1293 1270 2322 2345 2346 2323 1270 1293 1294 1271 2323 2346 2347 2324 1271 1294 138 137 2324 2347 481 480 103 104 1295 1272 423 424 2348 2325 1272 1295 1296 1273 2325 2348 2349 2326 1273 1296 1297 1274 2326 2349 2350 2327 1274 1297 1298 1275 2327 2350 2351 2328 1275 1298 1299 1276 2328 2351 2352 2329 1276 1299 1300 1277 2329 2352 2353 2330 1277 1300 1301 1278 2330 2353 2354 2331 1278 1301 1302 1279 2331 2354 2355 2332 1279 1302 1303 1280 2332 2355 2356 2333 1280 1303 1304 1281 2333 2356 2357 2334 1281 1304 1305 1282 2334 2357 2358 2335 1282 1305 1306 1283 2335 2358 2359 2336 1283 1306 1307 1284 2336 2359 2360 2337 1284 1307 1308 1285 2337 2360 2361 2338 1285 1308 1309 1286 2338 2361 2362 2339 1286 1309 1310 1287 2339 2362 2363 2340 1287 1310 1311 1288 2340 2363 2364 2341 1288 1311 1312 1289 2341 2364 2365 2342 1289 1312 1313 1290 2342 2365 2366 2343 1290 1313 1314 1291 2343 2366 2367 2344 1291 1314 1315 1292 2344 2367 2368 2345 1292 1315 1316 1293 2345 2368 2369 2346 1293 1316 1317 1294 2346 2369 2370 2347 1294 1317 139 138 2347 2370 482 481 104 105 1318 1295 424 425 2371 2348 1295 1318 1319 1296 2348 2371 2372 2349 1296 1319 1320 1297 2349 2372 2373 2350 1297 1320 1321 1298 2350 2373 2374 2351 1298 1321 1322 1299 2351 2374 2375 2352 1299 1322 1323 1300 2352 2375 2376 2353 1300 1323 1324 1301 2353 2376 2377 2354 1301 1324 1325 1302 2354 2377 2378 2355 1302 1325 1326 1303 2355 2378 2379 2356 1303 1326 1327 1304 2356 2379 2380 2357 1304 1327 1328 1305 2357 2380 2381 2358 1305 1328 1329 1306 2358 2381 2382 2359 1306 1329 1330 1307 2359 2382 2383 2360 1307 1330 1331 1308 2360 2383 2384 2361 1308 1331 1332 1309 2361 2384 2385 2362 1309 1332 1333 1310 2362 2385 2386 2363 1310 1333 1334 1311 2363 2386 2387 2364 1311 1334 1335 1312 2364 2387 2388 2365 1312 1335 1336 1313 2365 2388 2389 2366 1313 1336 1337 1314 2366 2389 2390 2367 1314 1337 1338 1315 2367 2390 2391 2368 1315 1338 1339 1316 2368 2391 2392 2369 1316 1339 1340 1317 2369 2392 2393 2370 1317 1340 140 139 2370 2393 483 482 105 106 1341 1318 425 426 2394 2371 1318 1341 1342 1319 2371 2394 2395 2372 1319 1342 1343 1320 2372 2395 2396 2373 1320 1343 1344 1321 2373 2396 2397 2374 1321 1344 1345 1322 2374 2397 2398 2375 1322 1345 1346 1323 2375 2398 2399 2376 1323 1346 1347 1324 2376 2399 2400 2377 1324 1347 1348 1325 2377 2400 2401 2378 1325 1348 1349 1326 2378 2401 2402 2379 1326 1349 1350 1327 2379 2402 2403 2380 1327 1350 1351 1328 2380 2403 2404 2381 1328 1351 1352 1329 2381 2404 2405 2382 1329 1352 1353 1330 2382 2405 2406 2383 1330 1353 1354 1331 2383 2406 2407 2384 1331 1354 1355 1332 2384 2407 2408 2385 1332 1355 1356 1333 2385 2408 2409 2386 1333 1356 1357 1334 2386 2409 2410 2387 1334 1357 1358 1335 2387 2410 2411 2388 1335 1358 1359 1336 2388 2411 2412 2389 1336 1359 1360 1337 2389 2412 2413 2390 1337 1360 1361 1338 2390 2413 2414 2391 1338 1361 1362 1339 2391 2414 2415 2392 1339 1362 1363 1340 2392 2415 2416 2393 1340 1363 141 140 2393 2416 484 483 106 107 1364 1341 426 427 2417 2394 1341 1364 1365 1342 2394 2417 2418 2395 1342 1365 1366 1343 2395 2418 2419 2396 1343 1366 1367 1344 2396 2419 2420 2397 1344 1367 1368 1345 2397 2420 2421 2398 1345 1368 1369 1346 2398 2421 2422 2399 1346 1369 1370 1347 2399 2422 2423 2400 1347 1370 1371 1348 2400 2423 2424 2401 1348 1371 1372 1349 2401 2424 2425 2402 1349 1372 1373 1350 2402 2425 2426 2403 1350 1373 1374 1351 2403 2426 2427 2404 1351 1374 1375 1352 2404 2427 2428 2405 1352 1375 1376 1353 2405 2428 2429 2406 1353 1376 1377 1354 2406 2429 2430 2407 1354 1377 1378 1355 2407 2430 2431 2408 1355 1378 1379 1356 2408 2431 2432 2409 1356 1379 1380 1357 2409 2432 2433 2410 1357 1380 1381 1358 2410 2433 2434 2411 1358 1381 1382 1359 2411 2434 2435 2412 1359 1382 1383 1360 2412 2435 2436 2413 1360 1383 1384 1361 2413 2436 2437 2414 1361 1384 1385 1362 2414 2437 2438 2415 1362 1385 1386 1363 2415 2438 2439 2416 1363 1386 142 141 2416 2439 485 484 107 108 1387 1364 427 428 2440 2417 1364 1387 1388 1365 2417 2440 2441 2418 1365 1388 1389 1366 2418 2441 2442 2419 1366 1389 1390 1367 2419 2442 2443 2420 1367 1390 1391 1368 2420 2443 2444 2421 1368 1391 1392 1369 2421 2444 2445 2422 1369 1392 1393 1370 2422 2445 2446 2423 1370 1393 1394 1371 2423 2446 2447 2424 1371 1394 1395 1372 2424 2447 2448 2425 1372 1395 1396 1373 2425 2448 2449 2426 1373 1396 1397 1374 2426 2449 2450 2427 1374 1397 1398 1375 2427 2450 2451 2428 1375 1398 1399 1376 2428 2451 2452 2429 1376 1399 1400 1377 2429 2452 2453 2430 1377 1400 1401 1378 2430 2453 2454 2431 1378 1401 1402 1379 2431 2454 2455 2432 1379 1402 1403 1380 2432 2455 2456 2433 1380 1403 1404 1381 2433 2456 2457 2434 1381 1404 1405 1382 2434 2457 2458 2435 1382 1405 1406 1383 2435 2458 2459 2436 1383 1406 1407 1384 2436 2459 2460 2437 1384 1407 1408 1385 2437 2460 2461 2438 1385 1408 1409 1386 2438 2461 2462 2439 1386 1409 143 142 2439 2462 486 485 108 109 1410 1387 428 429 2463 2440 1387 1410 1411 1388 2440 2463 2464 2441 1388 1411 1412 1389 2441 2464 2465 2442 1389 1412 1413 1390 2442 2465 2466 2443 1390 1413 1414 1391 2443 2466 2467 2444 1391 1414 1415 1392 2444 2467 2468 2445 1392 1415 1416 1393 2445 2468 2469 2446 1393 1416 1417 1394 2446 2469 2470 2447 1394 1417 1418 1395 2447 2470 2471 2448 1395 1418 1419 1396 2448 2471 2472 2449 1396 1419 1420 1397 2449 2472 2473 2450 1397 1420 1421 1398 2450 2473 2474 2451 1398 1421 1422 1399 2451 2474 2475 2452 1399 1422 1423 1400 2452 2475 2476 2453 1400 1423 1424 1401 2453 2476 2477 2454 1401 1424 1425 1402 2454 2477 2478 2455 1402 1425 1426 1403 2455 2478 2479 2456 1403 1426 1427 1404 2456 2479 2480 2457 1404 1427 1428 1405 2457 2480 2481 2458 1405 1428 1429 1406 2458 2481 2482 2459 1406 1429 1430 1407 2459 2482 2483 2460 1407 1430 1431 1408 2460 2483 2484 2461 1408 1431 1432 1409 2461 2484 2485 2462 1409 1432 144 143 2462 2485 487 486 109 110 1433 1410 429 430 2486 2463 1410 1433 1434 1411 2463 2486 2487 2464 1411 1434 1435 1412 2464 2487 2488 2465 1412 1435 1436 1413 2465 2488 2489 2466 1413 1436 1437 1414 2466 2489 2490 2467 1414 1437 1438 1415 2467 2490 2491 2468 1415 1438 1439 1416 2468 2491 2492 2469 1416 1439 1440 1417 2469 2492 2493 2470 1417 1440 1441 1418 2470 2493 2494 2471 1418 1441 1442 1419 2471 2494 2495 2472 1419 1442 1443 1420 2472 2495 2496 2473 1420 1443 1444 1421 2473 2496 2497 2474 1421 1444 1445 1422 2474 2497 2498 2475 1422 1445 1446 1423 2475 2498 2499 2476 1423 1446 1447 1424 2476 2499 2500 2477 1424 1447 1448 1425 2477 2500 2501 2478 1425 1448 1449 1426 2478 2501 2502 2479 1426 1449 1450 1427 2479 2502 2503 2480 1427 1450 1451 1428 2480 2503 2504 2481 1428 1451 1452 1429 2481 2504 2505 2482 1429 1452 1453 1430 2482 2505 2506 2483 1430 1453 1454 1431 2483 2506 2507 2484 1431 1454 1455 1432 2484 2507 2508 2485 1432 1455 145 144 2485 2508 488 487 110 111 1456 1433 430 431 2509 2486 1433 1456 1457 1434 2486 2509 2510 2487 1434 1457 1458 1435 2487 2510 2511 2488 1435 1458 1459 1436 2488 2511 2512 2489 1436 1459 1460 1437 2489 2512 2513 2490 1437 1460 1461 1438 2490 2513 2514 2491 1438 1461 1462 1439 2491 2514 2515 2492 1439 1462 1463 1440 2492 2515 2516 2493 1440 1463 1464 1441 2493 2516 2517 2494 1441 1464 1465 1442 2494 2517 2518 2495 1442 1465 1466 1443 2495 2518 2519 2496 1443 1466 1467 1444 2496 2519 2520 2497 1444 1467 1468 1445 2497 2520 2521 2498 1445 1468 1469 1446 2498 2521 2522 2499 1446 1469 1470 1447 2499 2522 2523 2500 1447 1470 1471 1448 2500 2523 2524 2501 1448 1471 1472 1449 2501 2524 2525 2502 1449 1472 1473 1450 2502 2525 2526 2503 1450 1473 1474 1451 2503 2526 2527 2504 1451 1474 1475 1452 2504 2527 2528 2505 1452 1475 1476 1453 2505 2528 2529 2506 1453 1476 1477 1454 2506 2529 2530 2507 1454 1477 1478 1455 2507 2530 2531 2508 1455 1478 146 145 2508 2531 489 488 111 112 1479 1456 431 432 2532 2509 1456 1479 1480 1457 2509 2532 2533 2510 1457 1480 1481 1458 2510 2533 2534 2511 1458 1481 1482 1459 2511 2534 2535 2512 1459 1482 1483 1460 2512 2535 2536 2513 1460 1483 1484 1461 2513 2536 2537 2514 1461 1484 1485 1462 2514 2537 2538 2515 1462 1485 1486 1463 2515 2538 2539 2516 1463 1486 1487 1464 2516 2539 2540 2517 1464 1487 1488 1465 2517 2540 2541 2518 1465 1488 1489 1466 2518 2541 2542 2519 1466 1489 1490 1467 2519 2542 2543 2520 1467 1490 1491 1468 2520 2543 2544 2521 1468 1491 1492 1469 2521 2544 2545 2522 1469 1492 1493 1470 2522 2545 2546 2523 1470 1493 1494 1471 2523 2546 2547 2524 1471 1494 1495 1472 2524 2547 2548 2525 1472 1495 1496 1473 2525 2548 2549 2526 1473 1496 1497 1474 2526 2549 2550 2527 1474 1497 1498 1475 2527 2550 2551 2528 1475 1498 1499 1476 2528 2551 2552 2529 1476 1499 1500 1477 2529 2552 2553 2530 1477 1500 1501 1478 2530 2553 2554 2531 1478 1501 147 146 2531 2554 490 489 112 113 1502 1479 432 433 2555 2532 1479 1502 1503 1480 2532 2555 2556 2533 1480 1503 1504 1481 2533 2556 2557 2534 1481 1504 1505 1482 2534 2557 2558 2535 1482 1505 1506 1483 2535 2558 2559 2536 1483 1506 1507 1484 2536 2559 2560 2537 1484 1507 1508 1485 2537 2560 2561 2538 1485 1508 1509 1486 2538 2561 2562 2539 1486 1509 1510 1487 2539 2562 2563 2540 1487 1510 1511 1488 2540 2563 2564 2541 1488 1511 1512 1489 2541 2564 2565 2542 1489 1512 1513 1490 2542 2565 2566 2543 1490 1513 1514 1491 2543 2566 2567 2544 1491 1514 1515 1492 2544 2567 2568 2545 1492 1515 1516 1493 2545 2568 2569 2546 1493 1516 1517 1494 2546 2569 2570 2547 1494 1517 1518 1495 2547 2570 2571 2548 1495 1518 1519 1496 2548 2571 2572 2549 1496 1519 1520 1497 2549 2572 2573 2550 1497 1520 1521 1498 2550 2573 2574 2551 1498 1521 1522 1499 2551 2574 2575 2552 1499 1522 1523 1500 2552 2575 2576 2553 1500 1523 1524 1501 2553 2576 2577 2554 1501 1524 148 147 2554 2577 491 490 113 114 1525 1502 433 434 2578 2555 1502 1525 1526 1503 2555 2578 2579 2556 1503 1526 1527 1504 2556 2579 2580 2557 1504 1527 1528 1505 2557 2580 2581 2558 1505 1528 1529 1506 2558 2581 2582 2559 1506 1529 1530 1507 2559 2582 2583 2560 1507 1530 1531 1508 2560 2583 2584 2561 1508 1531 1532 1509 2561 2584 2585 2562 1509 1532 1533 1510 2562 2585 2586 2563 1510 1533 1534 1511 2563 2586 2587 2564 1511 1534 1535 1512 2564 2587 2588 2565 1512 1535 1536 1513 2565 2588 2589 2566 1513 1536 1537 1514 2566 2589 2590 2567 1514 1537 1538 1515 2567 2590 2591 2568 1515 1538 1539 1516 2568 2591 2592 2569 1516 1539 1540 1517 2569 2592 2593 2570 1517 1540 1541 1518 2570 2593 2594 2571 1518 1541 1542 1519 2571 2594 2595 2572 1519 1542 1543 1520 2572 2595 2596 2573 1520 1543 1544 1521 2573 2596 2597 2574 1521 1544 1545 1522 2574 2597 2598 2575 1522 1545 1546 1523 2575 2598 2599 2576 1523 1546 1547 1524 2576 2599 2600 2577 1524 1547 149 148 2577 2600 492 491 114 115 1548 1525 434 435 2601 2578 1525 1548 1549 1526 2578 2601 2602 2579 1526 1549 1550 1527 2579 2602 2603 2580 1527 1550 1551 1528 2580 2603 2604 2581 1528 1551 1552 1529 2581 2604 2605 2582 1529 1552 1553 1530 2582 2605 2606 2583 1530 1553 1554 1531 2583 2606 2607 2584 1531 1554 1555 1532 2584 2607 2608 2585 1532 1555 1556 1533 2585 2608 2609 2586 1533 1556 1557 1534 2586 2609 2610 2587 1534 1557 1558 1535 2587 2610 2611 2588 1535 1558 1559 1536 2588 2611 2612 2589 1536 1559 1560 1537 2589 2612 2613 2590 1537 1560 1561 1538 2590 2613 2614 2591 1538 1561 1562 1539 2591 2614 2615 2592 1539 1562 1563 1540 2592 2615 2616 2593 1540 1563 1564 1541 2593 2616 2617 2594 1541 1564 1565 1542 2594 2617 2618 2595 1542 1565 1566 1543 2595 2618 2619 2596 1543 1566 1567 1544 2596 2619 2620 2597 1544 1567 1568 1545 2597 2620 2621 2598 1545 1568 1569 1546 2598 2621 2622 2599 1546 1569 1570 1547 2599 2622 2623 2600 1547 1570 150 149 2600 2623 493 492 115 116 1571 1548 435 436 2624 2601 1548 1571 1572 1549 2601 2624 2625 2602 1549 1572 1573 1550 2602 2625 2626 2603 1550 1573 1574 1551 2603 2626 2627 2604 1551 1574 1575 1552 2604 2627 2628 2605 1552 1575 1576 1553 2605 2628 2629 2606 1553 1576 1577 1554 2606 2629 2630 2607 1554 1577 1578 1555 2607 2630 2631 2608 1555 1578 1579 1556 2608 2631 2632 2609 1556 1579 1580 1557 2609 2632 2633 2610 1557 1580 1581 1558 2610 2633 2634 2611 1558 1581 1582 1559 2611 2634 2635 2612 1559 1582 1583 1560 2612 2635 2636 2613 1560 1583 1584 1561 2613 2636 2637 2614 1561 1584 1585 1562 2614 2637 2638 2615 1562 1585 1586 1563 2615 2638 2639 2616 1563 1586 1587 1564 2616 2639 2640 2617 1564 1587 1588 1565 2617 2640 2641 2618 1565 1588 1589 1566 2618 2641 2642 2619 1566 1589 1590 1567 2619 2642 2643 2620 1567 1590 1591 1568 2620 2643 2644 2621 1568 1591 1592 1569 2621 2644 2645 2622 1569 1592 1593 1570 2622 2645 2646 2623 1570 1593 151 150 2623 2646 494 493 116 117 1594 1571 436 437 2647 2624 1571 1594 1595 1572 2624 2647 2648 2625 1572 1595 1596 1573 2625 2648 2649 2626 1573 1596 1597 1574 2626 2649 2650 2627 1574 1597 1598 1575 2627 2650 2651 2628 1575 1598 1599 1576 2628 2651 2652 2629 1576 1599 1600 1577 2629 2652 2653 2630 1577 1600 1601 1578 2630 2653 2654 2631 1578 1601 1602 1579 2631 2654 2655 2632 1579 1602 1603 1580 2632 2655 2656 2633 1580 1603 1604 1581 2633 2656 2657 2634 1581 1604 1605 1582 2634 2657 2658 2635 1582 1605 1606 1583 2635 2658 2659 2636 1583 1606 1607 1584 2636 2659 2660 2637 1584 1607 1608 1585 2637 2660 2661 2638 1585 1608 1609 1586 2638 2661 2662 2639 1586 1609 1610 1587 2639 2662 2663 2640 1587 1610 1611 1588 2640 2663 2664 2641 1588 1611 1612 1589 2641 2664 2665 2642 1589 1612 1613 1590 2642 2665 2666 2643 1590 1613 1614 1591 2643 2666 2667 2644 1591 1614 1615 1592 2644 2667 2668 2645 1592 1615 1616 1593 2645 2668 2669 2646 1593 1616 152 151 2646 2669 495 494 117 118 1617 1594 437 438 2670 2647 1594 1617 1618 1595 2647 2670 2671 2648 1595 1618 1619 1596 2648 2671 2672 2649 1596 1619 1620 1597 2649 2672 2673 2650 1597 1620 1621 1598 2650 2673 2674 2651 1598 1621 1622 1599 2651 2674 2675 2652 1599 1622 1623 1600 2652 2675 2676 2653 1600 1623 1624 1601 2653 2676 2677 2654 1601 1624 1625 1602 2654 2677 2678 2655 1602 1625 1626 1603 2655 2678 2679 2656 1603 1626 1627 1604 2656 2679 2680 2657 1604 1627 1628 1605 2657 2680 2681 2658 1605 1628 1629 1606 2658 2681 2682 2659 1606 1629 1630 1607 2659 2682 2683 2660 1607 1630 1631 1608 2660 2683 2684 2661 1608 1631 1632 1609 2661 2684 2685 2662 1609 1632 1633 1610 2662 2685 2686 2663 1610 1633 1634 1611 2663 2686 2687 2664 1611 1634 1635 1612 2664 2687 2688 2665 1612 1635 1636 1613 2665 2688 2689 2666 1613 1636 1637 1614 2666 2689 2690 2667 1614 1637 1638 1615 2667 2690 2691 2668 1615 1638 1639 1616 2668 2691 2692 2669 1616 1639 153 152 2669 2692 496 495 118 119 1640 1617 438 439 2693 2670 1617 1640 1641 1618 2670 2693 2694 2671 1618 1641 1642 1619 2671 2694 2695 2672 1619 1642 1643 1620 2672 2695 2696 2673 1620 1643 1644 1621 2673 2696 2697 2674 1621 1644 1645 1622 2674 2697 2698 2675 1622 1645 1646 1623 2675 2698 2699 2676 1623 1646 1647 1624 2676 2699 2700 2677 1624 1647 1648 1625 2677 2700 2701 2678 1625 1648 1649 1626 2678 2701 2702 2679 1626 1649 1650 1627 2679 2702 2703 2680 1627 1650 1651 1628 2680 2703 2704 2681 1628 1651 1652 1629 2681 2704 2705 2682 1629 1652 1653 1630 2682 2705 2706 2683 1630 1653 1654 1631 2683 2706 2707 2684 1631 1654 1655 1632 2684 2707 2708 2685 1632 1655 1656 1633 2685 2708 2709 2686 1633 1656 1657 1634 2686 2709 2710 2687 1634 1657 1658 1635 2687 2710 2711 2688 1635 1658 1659 1636 2688 2711 2712 2689 1636 1659 1660 1637 2689 2712 2713 2690 1637 1660 1661 1638 2690 2713 2714 2691 1638 1661 1662 1639 2691 2714 2715 2692 1639 1662 154 153 2692 2715 497 496 119 120 1663 1640 439 440 2716 2693 1640 1663 1664 1641 2693 2716 2717 2694 1641 1664 1665 1642 2694 2717 2718 2695 1642 1665 1666 1643 2695 2718 2719 2696 1643 1666 1667 1644 2696 2719 2720 2697 1644 1667 1668 1645 2697 2720 2721 2698 1645 1668 1669 1646 2698 2721 2722 2699 1646 1669 1670 1647 2699 2722 2723 2700 1647 1670 1671 1648 2700 2723 2724 2701 1648 1671 1672 1649 2701 2724 2725 2702 1649 1672 1673 1650 2702 2725 2726 2703 1650 1673 1674 1651 2703 2726 2727 2704 1651 1674 1675 1652 2704 2727 2728 2705 1652 1675 1676 1653 2705 2728 2729 2706 1653 1676 1677 1654 2706 2729 2730 2707 1654 1677 1678 1655 2707 2730 2731 2708 1655 1678 1679 1656 2708 2731 2732 2709 1656 1679 1680 1657 2709 2732 2733 2710 1657 1680 1681 1658 2710 2733 2734 2711 1658 1681 1682 1659 2711 2734 2735 2712 1659 1682 1683 1660 2712 2735 2736 2713 1660 1683 1684 1661 2713 2736 2737 2714 1661 1684 1685 1662 2714 2737 2738 2715 1662 1685 155 154 2715 2738 498 497 120 121 1686 1663 440 441 2739 2716 1663 1686 1687 1664 2716 2739 2740 2717 1664 1687 1688 1665 2717 2740 2741 2718 1665 1688 1689 1666 2718 2741 2742 2719 1666 1689 1690 1667 2719 2742 2743 2720 1667 1690 1691 1668 2720 2743 2744 2721 1668 1691 1692 1669 2721 2744 2745 2722 1669 1692 1693 1670 2722 2745 2746 2723 1670 1693 1694 1671 2723 2746 2747 2724 1671 1694 1695 1672 2724 2747 2748 2725 1672 1695 1696 1673 2725 2748 2749 2726 1673 1696 1697 1674 2726 2749 2750 2727 1674 1697 1698 1675 2727 2750 2751 2728 1675 1698 1699 1676 2728 2751 2752 2729 1676 1699 1700 1677 2729 2752 2753 2730 1677 1700 1701 1678 2730 2753 2754 2731 1678 1701 1702 1679 2731 2754 2755 2732 1679 1702 1703 1680 2732 2755 2756 2733 1680 1703 1704 1681 2733 2756 2757 2734 1681 1704 1705 1682 2734 2757 2758 2735 1682 1705 1706 1683 2735 2758 2759 2736 1683 1706 1707 1684 2736 2759 2760 2737 1684 1707 1708 1685 2737 2760 2761 2738 1685 1708 156 155 2738 2761 499 498 121 122 1709 1686 441 442 2762 2739 1686 1709 1710 1687 2739 2762 2763 2740 1687 1710 1711 1688 2740 2763 2764 2741 1688 1711 1712 1689 2741 2764 2765 2742 1689 1712 1713 1690 2742 2765 2766 2743 1690 1713 1714 1691 2743 2766 2767 2744 1691 1714 1715 1692 2744 2767 2768 2745 1692 1715 1716 1693 2745 2768 2769 2746 1693 1716 1717 1694 2746 2769 2770 2747 1694 1717 1718 1695 2747 2770 2771 2748 1695 1718 1719 1696 2748 2771 2772 2749 1696 1719 1720 1697 2749 2772 2773 2750 1697 1720 1721 1698 2750 2773 2774 2751 1698 1721 1722 1699 2751 2774 2775 2752 1699 1722 1723 1700 2752 2775 2776 2753 1700 1723 1724 1701 2753 2776 2777 2754 1701 1724 1725 1702 2754 2777 2778 2755 1702 1725 1726 1703 2755 2778 2779 2756 1703 1726 1727 1704 2756 2779 2780 2757 1704 1727 1728 1705 2757 2780 2781 2758 1705 1728 1729 1706 2758 2781 2782 2759 1706 1729 1730 1707 2759 2782 2783 2760 1707 1730 1731 1708 2760 2783 2784 2761 1708 1731 157 156 2761 2784 500 499 122 123 1732 1709 442 443 2785 2762 1709 1732 1733 1710 2762 2785 2786 2763 1710 1733 1734 1711 2763 2786 2787 2764 1711 1734 1735 1712 2764 2787 2788 2765 1712 1735 1736 1713 2765 2788 2789 2766 1713 1736 1737 1714 2766 2789 2790 2767 1714 1737 1738 1715 2767 2790 2791 2768 1715 1738 1739 1716 2768 2791 2792 2769 1716 1739 1740 1717 2769 2792 2793 2770 1717 1740 1741 1718 2770 2793 2794 2771 1718 1741 1742 1719 2771 2794 2795 2772 1719 1742 1743 1720 2772 2795 2796 2773 1720 1743 1744 1721 2773 2796 2797 2774 1721 1744 1745 1722 2774 2797 2798 2775 1722 1745 1746 1723 2775 2798 2799 2776 1723 1746 1747 1724 2776 2799 2800 2777 1724 1747 1748 1725 2777 2800 2801 2778 1725 1748 1749 1726 2778 2801 2802 2779 1726 1749 1750 1727 2779 2802 2803 2780 1727 1750 1751 1728 2780 2803 2804 2781 1728 1751 1752 1729 2781 2804 2805 2782 1729 1752 1753 1730 2782 2805 2806 2783 1730 1753 1754 1731 2783 2806 2807 2784 1731 1754 158 157 2784 2807 501 500 123 124 1755 1732 443 444 2808 2785 1732 1755 1756 1733 2785 2808 2809 2786 1733 1756 1757 1734 2786 2809 2810 2787 1734 1757 1758 1735 2787 2810 2811 2788 1735 1758 1759 1736 2788 2811 2812 2789 1736 1759 1760 1737 2789 2812 2813 2790 1737 1760 1761 1738 2790 2813 2814 2791 1738 1761 1762 1739 2791 2814 2815 2792 1739 1762 1763 1740 2792 2815 2816 2793 1740 1763 1764 1741 2793 2816 2817 2794 1741 1764 1765 1742 2794 2817 2818 2795 1742 1765 1766 1743 2795 2818 2819 2796 1743 1766 1767 1744 2796 2819 2820 2797 1744 1767 1768 1745 2797 2820 2821 2798 1745 1768 1769 1746 2798 2821 2822 2799 1746 1769 1770 1747 2799 2822 2823 2800 1747 1770 1771 1748 2800 2823 2824 2801 1748 1771 1772 1749 2801 2824 2825 2802 1749 1772 1773 1750 2802 2825 2826 2803 1750 1773 1774 1751 2803 2826 2827 2804 1751 1774 1775 1752 2804 2827 2828 2805 1752 1775 1776 1753 2805 2828 2829 2806 1753 1776 1777 1754 2806 2829 2830 2807 1754 1777 159 158 2807 2830 502 501 124 125 1778 1755 444 445 2831 2808 1755 1778 1779 1756 2808 2831 2832 2809 1756 1779 1780 1757 2809 2832 2833 2810 1757 1780 1781 1758 2810 2833 2834 2811 1758 1781 1782 1759 2811 2834 2835 2812 1759 1782 1783 1760 2812 2835 2836 2813 1760 1783 1784 1761 2813 2836 2837 2814 1761 1784 1785 1762 2814 2837 2838 2815 1762 1785 1786 1763 2815 2838 2839 2816 1763 1786 1787 1764 2816 2839 2840 2817 1764 1787 1788 1765 2817 2840 2841 2818 1765 1788 1789 1766 2818 2841 2842 2819 1766 1789 1790 1767 2819 2842 2843 2820 1767 1790 1791 1768 2820 2843 2844 2821 1768 1791 1792 1769 2821 2844 2845 2822 1769 1792 1793 1770 2822 2845 2846 2823 1770 1793 1794 1771 2823 2846 2847 2824 1771 1794 1795 1772 2824 2847 2848 2825 1772 1795 1796 1773 2825 2848 2849 2826 1773 1796 1797 1774 2826 2849 2850 2827 1774 1797 1798 1775 2827 2850 2851 2828 1775 1798 1799 1776 2828 2851 2852 2829 1776 1799 1800 1777 2829 2852 2853 2830 1777 1800 160 159 2830 2853 503 502 125 9 260 1778 445 25 446 2831 1778 260 261 1779 2831 446 447 2832 1779 261 262 1780 2832 447 448 2833 1780 262 263 1781 2833 448 449 2834 1781 263 264 1782 2834 449 450 2835 1782 264 265 1783 2835 450 451 2836 1783 265 266 1784 2836 451 452 2837 1784 266 267 1785 2837 452 453 2838 1785 267 268 1786 2838 453 454 2839 1786 268 269 1787 2839 454 455 2840 1787 269 270 1788 2840 455 456 2841 1788 270 271 1789 2841 456 457 2842 1789 271 272 1790 2842 457 458 2843 1790 272 273 1791 2843 458 459 2844 1791 273 274 1792 2844 459 460 2845 1792 274 275 1793 2845 460 461 2846 1793 275 276 1794 2846 461 462 2847 1794 276 277 1795 2847 462 463 2848 1795 277 278 1796 2848 463 464 2849 1796 278 279 1797 2849 464 465 2850 1797 279 280 1798 2850 465 466 2851 1798 280 281 1799 2851 466 467 2852 1799 281 282 1800 2852 467 468 2853 1800 282 10 160 2853 468 26 503 6 126 1801 256 20 469 2854 368 256 1801 1802 257 368 2854 2855 369 257 1802 161 7 369 2855 506 22 126 127 1803 1801 469 470 2856 2854 1801 1803 1804 1802 2854 2856 2857 2855 1802 1804 162 161 2855 2857 507 506 127 128 1805 1803 470 471 2858 2856 1803 1805 1806 1804 2856 2858 2859 2857 1804 1806 163 162 2857 2859 508 507 128 129 1807 1805 471 472 2860 2858 1805 1807 1808 1806 2858 2860 2861 2859 1806 1808 164 163 2859 2861 509 508 129 130 1809 1807 472 473 2862 2860 1807 1809 1810 1808 2860 2862 2863 2861 1808 1810 165 164 2861 2863 510 509 130 131 1811 1809 473 474 2864 2862 1809 1811 1812 1810 2862 2864 2865 2863 1810 1812 166 165 2863 2865 511 510 131 132 1813 1811 474 475 2866 2864 1811 1813 1814 1812 2864 2866 2867 2865 1812 1814 167 166 2865 2867 512 511 132 133 1815 1813 475 476 2868 2866 1813 1815 1816 1814 2866 2868 2869 2867 1814 1816 168 167 2867 2869 513 512 133 134 1817 1815 476 477 2870 2868 1815 1817 1818 1816 2868 2870 2871 2869 1816 1818 169 168 2869 2871 514 513 134 135 1819 1817 477 478 2872 2870 1817 1819 1820 1818 2870 2872 2873 2871 1818 1820 170 169 2871 2873 515 514 135 136 1821 1819 478 479 2874 2872 1819 1821 1822 1820 2872 2874 2875 2873 1820 1822 171 170 2873 2875 516 515 136 137 1823 1821 479 480 2876 2874 1821 1823 1824 1822 2874 2876 2877 2875 1822 1824 172 171 2875 2877 517 516 137 138 1825 1823 480 481 2878 2876 1823 1825 1826 1824 2876 2878 2879 2877 1824 1826 173 172 2877 2879 518 517 138 139 1827 1825 481 482 2880 2878 1825 1827 1828 1826 2878 2880 2881 2879 1826 1828 174 173 2879 2881 519 518 139 140 1829 1827 482 483 2882 2880 1827 1829 1830 1828 2880 2882 2883 2881 1828 1830 175 174 2881 2883 520 519 140 141 1831 1829 483 484 2884 2882 1829 1831 1832 1830 2882 2884 2885 2883 1830 1832 176 175 2883 2885 521 520 141 142 1833 1831 484 485 2886 2884 1831 1833 1834 1832 2884 2886 2887 2885 1832 1834 177 176 2885 2887 522 521 142 143 1835 1833 485 486 2888 2886 1833 1835 1836 1834 2886 2888 2889 2887 1834 1836 178 177 2887 2889 523 522 143 144 1837 1835 486 487 2890 2888 1835 1837 1838 1836 2888 2890 2891 2889 1836 1838 179 178 2889 2891 524 523 144 145 1839 1837 487 488 2892 2890 1837 1839 1840 1838 2890 2892 2893 2891 1838 1840 180 179 2891 2893 525 524 145 146 1841 1839 488 489 2894 2892 1839 1841 1842 1840 2892 2894 2895 2893 1840 1842 181 180 2893 2895 526 525 146 147 1843 1841 489 490 2896 2894 1841 1843 1844 1842 2894 2896 2897 2895 1842 1844 182 181 2895 2897 527 526 147 148 1845 1843 490 491 2898 2896 1843 1845 1846 1844 2896 2898 2899 2897 1844 1846 183 182 2897 2899 528 527 148 149 1847 1845 491 492 2900 2898 1845 1847 1848 1846 2898 2900 2901 2899 1846 1848 184 183 2899 2901 529 528 149 150 1849 1847 492 493 2902 2900 1847 1849 1850 1848 2900 2902 2903 2901 1848 1850 185 184 2901 2903 530 529 150 151 1851 1849 493 494 2904 2902 1849 1851 1852 1850 2902 2904 2905 2903 1850 1852 186 185 2903 2905 531 530 151 152 1853 1851 494 495 2906 2904 1851 1853 1854 1852 2904 2906 2907 2905 1852 1854 187 186 2905 2907 532 531 152 153 1855 1853 495 496 2908 2906 1853 1855 1856 1854 2906 2908 2909 2907 1854 1856 188 187 2907 2909 533 532 153 154 1857 1855 496 497 2910 2908 1855 1857 1858 1856 2908 2910 2911 2909 1856 1858 189 188 2909 2911 534 533 154 155 1859 1857 497 498 2912 2910 1857 1859 1860 1858 2910 2912 2913 2911 1858 1860 190 189 2911 2913 535 534 155 156 1861 1859 498 499 2914 2912 1859 1861 1862 1860 2912 2914 2915 2913 1860 1862 191 190 2913 2915 536 535 156 157 1863 1861 499 500 2916 2914 1861 1863 1864 1862 2914 2916 2917 2915 1862 1864 192 191 2915 2917 537 536 157 158 1865 1863 500 501 2918 2916 1863 1865 1866 1864 2916 2918 2919 2917 1864 1866 193 192 2917 2919 538 537 158 159 1867 1865 501 502 2920 2918 1865 1867 1868 1866 2918 2920 2921 2919 1866 1868 194 193 2919 2921 539 538 159 160 1869 1867 502 503 2922 2920 1867 1869 1870 1868 2920 2922 2923 2921 1868 1870 195 194 2921 2923 540 539 160 10 283 1869 503 26 504 2922 1869 283 284 1870 2922 504 505 2923 1870 284 11 195 2923 505 27 540 8 196 1871 258 24 541 2924 409 258 1871 1872 259 409 2924 2925 410 259 1872 198 9 410 2925 545 25 196 197 1873 1871 541 542 2926 2924 1871 1873 1874 1872 2924 2926 2927 2925 1872 1874 199 198 2925 2927 546 545 197 12 285 1873 542 28 543 2926 1873 285 286 1874 2926 543 544 2927 1874 286 13 199 2927 544 29 546 9 198 1875 260 25 545 2928 446 260 1875 1876 261 446 2928 2929 447 261 1876 1877 262 447 2929 2930 448 262 1877 1878 263 448 2930 2931 449 263 1878 1879 264 449 2931 2932 450 264 1879 1880 265 450 2932 2933 451 265 1880 1881 266 451 2933 2934 452 266 1881 1882 267 452 2934 2935 453 267 1882 1883 268 453 2935 2936 454 268 1883 1884 269 454 2936 2937 455 269 1884 1885 270 455 2937 2938 456 270 1885 1886 271 456 2938 2939 457 271 1886 1887 272 457 2939 2940 458 272 1887 1888 273 458 2940 2941 459 273 1888 1889 274 459 2941 2942 460 274 1889 1890 275 460 2942 2943 461 275 1890 1891 276 461 2943 2944 462 276 1891 1892 277 462 2944 2945 463 277 1892 1893 278 463 2945 2946 464 278 1893 1894 279 464 2946 2947 465 279 1894 1895 280 465 2947 2948 466 280 1895 1896 281 466 2948 2949 467 281 1896 1897 282 467 2949 2950 468 282 1897 200 10 468 2950 570 26 198 199 1898 1875 545 546 2951 2928 1875 1898 1899 1876 2928 2951 2952 2929 1876 1899 1900 1877 2929 2952 2953 2930 1877 1900 1901 1878 2930 2953 2954 2931 1878 1901 1902 1879 2931 2954 2955 2932 1879 1902 1903 1880 2932 2955 2956 2933 1880 1903 1904 1881 2933 2956 2957 2934 1881 1904 1905 1882 2934 2957 2958 2935 1882 1905 1906 1883 2935 2958 2959 2936 1883 1906 1907 1884 2936 2959 2960 2937 1884 1907 1908 1885 2937 2960 2961 2938 1885 1908 1909 1886 2938 2961 2962 2939 1886 1909 1910 1887 2939 2962 2963 2940 1887 1910 1911 1888 2940 2963 2964 2941 1888 1911 1912 1889 2941 2964 2965 2942 1889 1912 1913 1890 2942 2965 2966 2943 1890 1913 1914 1891 2943 2966 2967 2944 1891 1914 1915 1892 2944 2967 2968 2945 1892 1915 1916 1893 2945 2968 2969 2946 1893 1916 1917 1894 2946 2969 2970 2947 1894 1917 1918 1895 2947 2970 2971 2948 1895 1918 1919 1896 2948 2971 2972 2949 1896 1919 1920 1897 2949 2972 2973 2950 1897 1920 201 200 2950 2973 571 570 199 13 287 1898 546 29 547 2951 1898 287 288 1899 2951 547 548 2952 1899 288 289 1900 2952 548 549 2953 1900 289 290 1901 2953 549 550 2954 1901 290 291 1902 2954 550 551 2955 1902 291 292 1903 2955 551 552 2956 1903 292 293 1904 2956 552 553 2957 1904 293 294 1905 2957 553 554 2958 1905 294 295 1906 2958 554 555 2959 1906 295 296 1907 2959 555 556 2960 1907 296 297 1908 2960 556 557 2961 1908 297 298 1909 2961 557 558 2962 1909 298 299 1910 2962 558 559 2963 1910 299 300 1911 2963 559 560 2964 1911 300 301 1912 2964 560 561 2965 1912 301 302 1913 2965 561 562 2966 1913 302 303 1914 2966 562 563 2967 1914 303 304 1915 2967 563 564 2968 1915 304 305 1916 2968 564 565 2969 1916 305 306 1917 2969 565 566 2970 1917 306 307 1918 2970 566 567 2971 1918 307 308 1919 2971 567 568 2972 1919 308 309 1920 2972 568 569 2973 1920 309 14 201 2973 569 30 571 10 200 1921 283 26 570 2974 504 283 1921 1922 284 504 2974 2975 505 284 1922 202 11 505 2975 574 27 200 201 1923 1921 570 571 2976 2974 1921 1923 1924 1922 2974 2976 2977 2975 1922 1924 203 202 2975 2977 575 574 201 14 310 1923 571 30 572 2976 1923 310 311 1924 2976 572 573 2977 1924 311 15 203 2977 573 31 575 16 312 1925 318 576 2978 3754 2990 576 2978 3754 2990 577 2979 3755 2991 577 2979 3755 2991 32 580 2994 590 318 1925 1926 319 2990 3754 3756 2992 2990 3754 3756 2992 2991 3755 3757 2993 2991 3755 3757 2993 590 2994 2995 591 319 1926 316 19 2992 3756 2986 586 2992 3756 2986 586 2993 3757 2987 587 2993 3757 2987 587 591 2995 588 35 312 313 1927 1925 2978 2980 3758 3754 2978 2980 3758 3754 2979 2981 3759 3755 2979 2981 3759 3755 580 581 2996 2994 1925 1927 1928 1926 3754 3758 3760 3756 3754 3758 3760 3756 3755 3759 3761 3757 3755 3759 3761 3757 2994 2996 2997 2995 1926 1928 317 316 3756 3760 2988 2986 3756 3760 2988 2986 3757 3761 2989 2987 3757 3761 2989 2987 2995 2997 589 588 313 17 314 1927 2980 578 2982 3758 2980 578 2982 3758 2981 579 2983 3759 2981 579 2983 3759 581 33 584 2996 1927 314 315 1928 3758 2982 2984 3760 3758 2982 2984 3760 3759 2983 2985 3761 3759 2983 2985 3761 2996 584 585 2997 1928 315 18 317 3760 2984 582 2988 3760 2984 582 2988 3761 2985 583 2989 3761 2985 583 2989 2997 585 34 589 19 316 1929 345 586 2986 3762 3048 586 2986 3762 3048 587 2987 3763 3049 587 2987 3763 3049 35 588 3094 621 345 1929 1930 346 3048 3762 3764 3050 3048 3762 3764 3050 3049 3763 3765 3051 3049 3763 3765 3051 621 3094 3095 622 346 1930 1931 347 3050 3764 3766 3052 3050 3764 3766 3052 3051 3765 3767 3053 3051 3765 3767 3053 622 3095 3096 623 347 1931 1932 348 3052 3766 3768 3054 3052 3766 3768 3054 3053 3767 3769 3055 3053 3767 3769 3055 623 3096 3097 624 348 1932 1933 349 3054 3768 3770 3056 3054 3768 3770 3056 3055 3769 3771 3057 3055 3769 3771 3057 624 3097 3098 625 349 1933 1934 350 3056 3770 3772 3058 3056 3770 3772 3058 3057 3771 3773 3059 3057 3771 3773 3059 625 3098 3099 626 350 1934 1935 351 3058 3772 3774 3060 3058 3772 3774 3060 3059 3773 3775 3061 3059 3773 3775 3061 626 3099 3100 627 351 1935 1936 352 3060 3774 3776 3062 3060 3774 3776 3062 3061 3775 3777 3063 3061 3775 3777 3063 627 3100 3101 628 352 1936 1937 353 3062 3776 3778 3064 3062 3776 3778 3064 3063 3777 3779 3065 3063 3777 3779 3065 628 3101 3102 629 353 1937 1938 354 3064 3778 3780 3066 3064 3778 3780 3066 3065 3779 3781 3067 3065 3779 3781 3067 629 3102 3103 630 354 1938 1939 355 3066 3780 3782 3068 3066 3780 3782 3068 3067 3781 3783 3069 3067 3781 3783 3069 630 3103 3104 631 355 1939 1940 356 3068 3782 3784 3070 3068 3782 3784 3070 3069 3783 3785 3071 3069 3783 3785 3071 631 3104 3105 632 356 1940 1941 357 3070 3784 3786 3072 3070 3784 3786 3072 3071 3785 3787 3073 3071 3785 3787 3073 632 3105 3106 633 357 1941 1942 358 3072 3786 3788 3074 3072 3786 3788 3074 3073 3787 3789 3075 3073 3787 3789 3075 633 3106 3107 634 358 1942 1943 359 3074 3788 3790 3076 3074 3788 3790 3076 3075 3789 3791 3077 3075 3789 3791 3077 634 3107 3108 635 359 1943 1944 360 3076 3790 3792 3078 3076 3790 3792 3078 3077 3791 3793 3079 3077 3791 3793 3079 635 3108 3109 636 360 1944 1945 361 3078 3792 3794 3080 3078 3792 3794 3080 3079 3793 3795 3081 3079 3793 3795 3081 636 3109 3110 637 361 1945 1946 362 3080 3794 3796 3082 3080 3794 3796 3082 3081 3795 3797 3083 3081 3795 3797 3083 637 3110 3111 638 362 1946 1947 363 3082 3796 3798 3084 3082 3796 3798 3084 3083 3797 3799 3085 3083 3797 3799 3085 638 3111 3112 639 363 1947 1948 364 3084 3798 3800 3086 3084 3798 3800 3086 3085 3799 3801 3087 3085 3799 3801 3087 639 3112 3113 640 364 1948 1949 365 3086 3800 3802 3088 3086 3800 3802 3088 3087 3801 3803 3089 3087 3801 3803 3089 640 3113 3114 641 365 1949 1950 366 3088 3802 3804 3090 3088 3802 3804 3090 3089 3803 3805 3091 3089 3803 3805 3091 641 3114 3115 642 366 1950 1951 367 3090 3804 3806 3092 3090 3804 3806 3092 3091 3805 3807 3093 3091 3805 3807 3093 642 3115 3116 643 367 1951 343 21 3092 3806 3044 617 3092 3806 3044 617 3093 3807 3045 618 3093 3807 3045 618 643 3116 619 37 316 317 1952 1929 2986 2988 3808 3762 2986 2988 3808 3762 2987 2989 3809 3763 2987 2989 3809 3763 588 589 3117 3094 1929 1952 1953 1930 3762 3808 3810 3764 3762 3808 3810 3764 3763 3809 3811 3765 3763 3809 3811 3765 3094 3117 3118 3095 1930 1953 1954 1931 3764 3810 3812 3766 3764 3810 3812 3766 3765 3811 3813 3767 3765 3811 3813 3767 3095 3118 3119 3096 1931 1954 1955 1932 3766 3812 3814 3768 3766 3812 3814 3768 3767 3813 3815 3769 3767 3813 3815 3769 3096 3119 3120 3097 1932 1955 1956 1933 3768 3814 3816 3770 3768 3814 3816 3770 3769 3815 3817 3771 3769 3815 3817 3771 3097 3120 3121 3098 1933 1956 1957 1934 3770 3816 3818 3772 3770 3816 3818 3772 3771 3817 3819 3773 3771 3817 3819 3773 3098 3121 3122 3099 1934 1957 1958 1935 3772 3818 3820 3774 3772 3818 3820 3774 3773 3819 3821 3775 3773 3819 3821 3775 3099 3122 3123 3100 1935 1958 1959 1936 3774 3820 3822 3776 3774 3820 3822 3776 3775 3821 3823 3777 3775 3821 3823 3777 3100 3123 3124 3101 1936 1959 1960 1937 3776 3822 3824 3778 3776 3822 3824 3778 3777 3823 3825 3779 3777 3823 3825 3779 3101 3124 3125 3102 1937 1960 1961 1938 3778 3824 3826 3780 3778 3824 3826 3780 3779 3825 3827 3781 3779 3825 3827 3781 3102 3125 3126 3103 1938 1961 1962 1939 3780 3826 3828 3782 3780 3826 3828 3782 3781 3827 3829 3783 3781 3827 3829 3783 3103 3126 3127 3104 1939 1962 1963 1940 3782 3828 3830 3784 3782 3828 3830 3784 3783 3829 3831 3785 3783 3829 3831 3785 3104 3127 3128 3105 1940 1963 1964 1941 3784 3830 3832 3786 3784 3830 3832 3786 3785 3831 3833 3787 3785 3831 3833 3787 3105 3128 3129 3106 1941 1964 1965 1942 3786 3832 3834 3788 3786 3832 3834 3788 3787 3833 3835 3789 3787 3833 3835 3789 3106 3129 3130 3107 1942 1965 1966 1943 3788 3834 3836 3790 3788 3834 3836 3790 3789 3835 3837 3791 3789 3835 3837 3791 3107 3130 3131 3108 1943 1966 1967 1944 3790 3836 3838 3792 3790 3836 3838 3792 3791 3837 3839 3793 3791 3837 3839 3793 3108 3131 3132 3109 1944 1967 1968 1945 3792 3838 3840 3794 3792 3838 3840 3794 3793 3839 3841 3795 3793 3839 3841 3795 3109 3132 3133 3110 1945 1968 1969 1946 3794 3840 3842 3796 3794 3840 3842 3796 3795 3841 3843 3797 3795 3841 3843 3797 3110 3133 3134 3111 1946 1969 1970 1947 3796 3842 3844 3798 3796 3842 3844 3798 3797 3843 3845 3799 3797 3843 3845 3799 3111 3134 3135 3112 1947 1970 1971 1948 3798 3844 3846 3800 3798 3844 3846 3800 3799 3845 3847 3801 3799 3845 3847 3801 3112 3135 3136 3113 1948 1971 1972 1949 3800 3846 3848 3802 3800 3846 3848 3802 3801 3847 3849 3803 3801 3847 3849 3803 3113 3136 3137 3114 1949 1972 1973 1950 3802 3848 3850 3804 3802 3848 3850 3804 3803 3849 3851 3805 3803 3849 3851 3805 3114 3137 3138 3115 1950 1973 1974 1951 3804 3850 3852 3806 3804 3850 3852 3806 3805 3851 3853 3807 3805 3851 3853 3807 3115 3138 3139 3116 1951 1974 344 343 3806 3852 3046 3044 3806 3852 3046 3044 3807 3853 3047 3045 3807 3853 3047 3045 3116 3139 620 619 317 18 320 1952 2988 582 2998 3808 2988 582 2998 3808 2989 583 2999 3809 2989 583 2999 3809 589 34 594 3117 1952 320 321 1953 3808 2998 3000 3810 3808 2998 3000 3810 3809 2999 3001 3811 3809 2999 3001 3811 3117 594 595 3118 1953 321 322 1954 3810 3000 3002 3812 3810 3000 3002 3812 3811 3001 3003 3813 3811 3001 3003 3813 3118 595 596 3119 1954 322 323 1955 3812 3002 3004 3814 3812 3002 3004 3814 3813 3003 3005 3815 3813 3003 3005 3815 3119 596 597 3120 1955 323 324 1956 3814 3004 3006 3816 3814 3004 3006 3816 3815 3005 3007 3817 3815 3005 3007 3817 3120 597 598 3121 1956 324 325 1957 3816 3006 3008 3818 3816 3006 3008 3818 3817 3007 3009 3819 3817 3007 3009 3819 3121 598 599 3122 1957 325 326 1958 3818 3008 3010 3820 3818 3008 3010 3820 3819 3009 3011 3821 3819 3009 3011 3821 3122 599 600 3123 1958 326 327 1959 3820 3010 3012 3822 3820 3010 3012 3822 3821 3011 3013 3823 3821 3011 3013 3823 3123 600 601 3124 1959 327 328 1960 3822 3012 3014 3824 3822 3012 3014 3824 3823 3013 3015 3825 3823 3013 3015 3825 3124 601 602 3125 1960 328 329 1961 3824 3014 3016 3826 3824 3014 3016 3826 3825 3015 3017 3827 3825 3015 3017 3827 3125 602 603 3126 1961 329 330 1962 3826 3016 3018 3828 3826 3016 3018 3828 3827 3017 3019 3829 3827 3017 3019 3829 3126 603 604 3127 1962 330 331 1963 3828 3018 3020 3830 3828 3018 3020 3830 3829 3019 3021 3831 3829 3019 3021 3831 3127 604 605 3128 1963 331 332 1964 3830 3020 3022 3832 3830 3020 3022 3832 3831 3021 3023 3833 3831 3021 3023 3833 3128 605 606 3129 1964 332 333 1965 3832 3022 3024 3834 3832 3022 3024 3834 3833 3023 3025 3835 3833 3023 3025 3835 3129 606 607 3130 1965 333 334 1966 3834 3024 3026 3836 3834 3024 3026 3836 3835 3025 3027 3837 3835 3025 3027 3837 3130 607 608 3131 1966 334 335 1967 3836 3026 3028 3838 3836 3026 3028 3838 3837 3027 3029 3839 3837 3027 3029 3839 3131 608 609 3132 1967 335 336 1968 3838 3028 3030 3840 3838 3028 3030 3840 3839 3029 3031 3841 3839 3029 3031 3841 3132 609 610 3133 1968 336 337 1969 3840 3030 3032 3842 3840 3030 3032 3842 3841 3031 3033 3843 3841 3031 3033 3843 3133 610 611 3134 1969 337 338 1970 3842 3032 3034 3844 3842 3032 3034 3844 3843 3033 3035 3845 3843 3033 3035 3845 3134 611 612 3135 1970 338 339 1971 3844 3034 3036 3846 3844 3034 3036 3846 3845 3035 3037 3847 3845 3035 3037 3847 3135 612 613 3136 1971 339 340 1972 3846 3036 3038 3848 3846 3036 3038 3848 3847 3037 3039 3849 3847 3037 3039 3849 3136 613 614 3137 1972 340 341 1973 3848 3038 3040 3850 3848 3038 3040 3850 3849 3039 3041 3851 3849 3039 3041 3851 3137 614 615 3138 1973 341 342 1974 3850 3040 3042 3852 3850 3040 3042 3852 3851 3041 3043 3853 3851 3041 3043 3853 3138 615 616 3139 1974 342 20 344 3852 3042 592 3046 3852 3042 592 3046 3853 3043 593 3047 3853 3043 593 3047 3139 616 36 620 21 343 1975 372 617 3044 3854 3148 617 3044 3854 3148 618 3045 3855 3149 618 3045 3855 3149 37 619 3152 652 372 1975 1976 373 3148 3854 3856 3150 3148 3854 3856 3150 3149 3855 3857 3151 3149 3855 3857 3151 652 3152 3153 653 373 1976 370 23 3150 3856 3144 648 3150 3856 3144 648 3151 3857 3145 649 3151 3857 3145 649 653 3153 650 39 343 344 1977 1975 3044 3046 3858 3854 3044 3046 3858 3854 3045 3047 3859 3855 3045 3047 3859 3855 619 620 3154 3152 1975 1977 1978 1976 3854 3858 3860 3856 3854 3858 3860 3856 3855 3859 3861 3857 3855 3859 3861 3857 3152 3154 3155 3153 1976 1978 371 370 3856 3860 3146 3144 3856 3860 3146 3144 3857 3861 3147 3145 3857 3861 3147 3145 3153 3155 651 650 344 20 368 1977 3046 592 3140 3858 3046 592 3140 3858 3047 593 3141 3859 3047 593 3141 3859 620 36 646 3154 1977 368 369 1978 3858 3140 3142 3860 3858 3140 3142 3860 3859 3141 3143 3861 3859 3141 3143 3861 3154 646 647 3155 1978 369 22 371 3860 3142 644 3146 3860 3142 644 3146 3861 3143 645 3147 3861 3143 645 3147 3155 647 38 651 17 374 1979 314 578 3156 3862 2982 578 3156 3862 2982 579 3157 3863 2983 579 3157 3863 2983 33 656 3300 584 314 1979 1980 315 2982 3862 3864 2984 2982 3862 3864 2984 2983 3863 3865 2985 2983 3863 3865 2985 584 3300 3301 585 315 1980 411 18 2984 3864 3230 582 2984 3864 3230 582 2985 3865 3231 583 2985 3865 3231 583 585 3301 695 34 374 375 1981 1979 3156 3158 3866 3862 3156 3158 3866 3862 3157 3159 3867 3863 3157 3159 3867 3863 656 657 3302 3300 1979 1981 1982 1980 3862 3866 3868 3864 3862 3866 3868 3864 3863 3867 3869 3865 3863 3867 3869 3865 3300 3302 3303 3301 1980 1982 412 411 3864 3868 3232 3230 3864 3868 3232 3230 3865 3869 3233 3231 3865 3869 3233 3231 3301 3303 696 695 375 376 1983 1981 3158 3160 3870 3866 3158 3160 3870 3866 3159 3161 3871 3867 3159 3161 3871 3867 657 658 3304 3302 1981 1983 1984 1982 3866 3870 3872 3868 3866 3870 3872 3868 3867 3871 3873 3869 3867 3871 3873 3869 3302 3304 3305 3303 1982 1984 413 412 3868 3872 3234 3232 3868 3872 3234 3232 3869 3873 3235 3233 3869 3873 3235 3233 3303 3305 697 696 376 377 1985 1983 3160 3162 3874 3870 3160 3162 3874 3870 3161 3163 3875 3871 3161 3163 3875 3871 658 659 3306 3304 1983 1985 1986 1984 3870 3874 3876 3872 3870 3874 3876 3872 3871 3875 3877 3873 3871 3875 3877 3873 3304 3306 3307 3305 1984 1986 414 413 3872 3876 3236 3234 3872 3876 3236 3234 3873 3877 3237 3235 3873 3877 3237 3235 3305 3307 698 697 377 378 1987 1985 3162 3164 3878 3874 3162 3164 3878 3874 3163 3165 3879 3875 3163 3165 3879 3875 659 660 3308 3306 1985 1987 1988 1986 3874 3878 3880 3876 3874 3878 3880 3876 3875 3879 3881 3877 3875 3879 3881 3877 3306 3308 3309 3307 1986 1988 415 414 3876 3880 3238 3236 3876 3880 3238 3236 3877 3881 3239 3237 3877 3881 3239 3237 3307 3309 699 698 378 379 1989 1987 3164 3166 3882 3878 3164 3166 3882 3878 3165 3167 3883 3879 3165 3167 3883 3879 660 661 3310 3308 1987 1989 1990 1988 3878 3882 3884 3880 3878 3882 3884 3880 3879 3883 3885 3881 3879 3883 3885 3881 3308 3310 3311 3309 1988 1990 416 415 3880 3884 3240 3238 3880 3884 3240 3238 3881 3885 3241 3239 3881 3885 3241 3239 3309 3311 700 699 379 380 1991 1989 3166 3168 3886 3882 3166 3168 3886 3882 3167 3169 3887 3883 3167 3169 3887 3883 661 662 3312 3310 1989 1991 1992 1990 3882 3886 3888 3884 3882 3886 3888 3884 3883 3887 3889 3885 3883 3887 3889 3885 3310 3312 3313 3311 1990 1992 417 416 3884 3888 3242 3240 3884 3888 3242 3240 3885 3889 3243 3241 3885 3889 3243 3241 3311 3313 701 700 380 381 1993 1991 3168 3170 3890 3886 3168 3170 3890 3886 3169 3171 3891 3887 3169 3171 3891 3887 662 663 3314 3312 1991 1993 1994 1992 3886 3890 3892 3888 3886 3890 3892 3888 3887 3891 3893 3889 3887 3891 3893 3889 3312 3314 3315 3313 1992 1994 418 417 3888 3892 3244 3242 3888 3892 3244 3242 3889 3893 3245 3243 3889 3893 3245 3243 3313 3315 702 701 381 382 1995 1993 3170 3172 3894 3890 3170 3172 3894 3890 3171 3173 3895 3891 3171 3173 3895 3891 663 664 3316 3314 1993 1995 1996 1994 3890 3894 3896 3892 3890 3894 3896 3892 3891 3895 3897 3893 3891 3895 3897 3893 3314 3316 3317 3315 1994 1996 419 418 3892 3896 3246 3244 3892 3896 3246 3244 3893 3897 3247 3245 3893 3897 3247 3245 3315 3317 703 702 382 383 1997 1995 3172 3174 3898 3894 3172 3174 3898 3894 3173 3175 3899 3895 3173 3175 3899 3895 664 665 3318 3316 1995 1997 1998 1996 3894 3898 3900 3896 3894 3898 3900 3896 3895 3899 3901 3897 3895 3899 3901 3897 3316 3318 3319 3317 1996 1998 420 419 3896 3900 3248 3246 3896 3900 3248 3246 3897 3901 3249 3247 3897 3901 3249 3247 3317 3319 704 703 383 384 1999 1997 3174 3176 3902 3898 3174 3176 3902 3898 3175 3177 3903 3899 3175 3177 3903 3899 665 666 3320 3318 1997 1999 2000 1998 3898 3902 3904 3900 3898 3902 3904 3900 3899 3903 3905 3901 3899 3903 3905 3901 3318 3320 3321 3319 1998 2000 421 420 3900 3904 3250 3248 3900 3904 3250 3248 3901 3905 3251 3249 3901 3905 3251 3249 3319 3321 705 704 384 385 2001 1999 3176 3178 3906 3902 3176 3178 3906 3902 3177 3179 3907 3903 3177 3179 3907 3903 666 667 3322 3320 1999 2001 2002 2000 3902 3906 3908 3904 3902 3906 3908 3904 3903 3907 3909 3905 3903 3907 3909 3905 3320 3322 3323 3321 2000 2002 422 421 3904 3908 3252 3250 3904 3908 3252 3250 3905 3909 3253 3251 3905 3909 3253 3251 3321 3323 706 705 385 386 2003 2001 3178 3180 3910 3906 3178 3180 3910 3906 3179 3181 3911 3907 3179 3181 3911 3907 667 668 3324 3322 2001 2003 2004 2002 3906 3910 3912 3908 3906 3910 3912 3908 3907 3911 3913 3909 3907 3911 3913 3909 3322 3324 3325 3323 2002 2004 423 422 3908 3912 3254 3252 3908 3912 3254 3252 3909 3913 3255 3253 3909 3913 3255 3253 3323 3325 707 706 386 387 2005 2003 3180 3182 3914 3910 3180 3182 3914 3910 3181 3183 3915 3911 3181 3183 3915 3911 668 669 3326 3324 2003 2005 2006 2004 3910 3914 3916 3912 3910 3914 3916 3912 3911 3915 3917 3913 3911 3915 3917 3913 3324 3326 3327 3325 2004 2006 424 423 3912 3916 3256 3254 3912 3916 3256 3254 3913 3917 3257 3255 3913 3917 3257 3255 3325 3327 708 707 387 388 2007 2005 3182 3184 3918 3914 3182 3184 3918 3914 3183 3185 3919 3915 3183 3185 3919 3915 669 670 3328 3326 2005 2007 2008 2006 3914 3918 3920 3916 3914 3918 3920 3916 3915 3919 3921 3917 3915 3919 3921 3917 3326 3328 3329 3327 2006 2008 425 424 3916 3920 3258 3256 3916 3920 3258 3256 3917 3921 3259 3257 3917 3921 3259 3257 3327 3329 709 708 388 389 2009 2007 3184 3186 3922 3918 3184 3186 3922 3918 3185 3187 3923 3919 3185 3187 3923 3919 670 671 3330 3328 2007 2009 2010 2008 3918 3922 3924 3920 3918 3922 3924 3920 3919 3923 3925 3921 3919 3923 3925 3921 3328 3330 3331 3329 2008 2010 426 425 3920 3924 3260 3258 3920 3924 3260 3258 3921 3925 3261 3259 3921 3925 3261 3259 3329 3331 710 709 389 390 2011 2009 3186 3188 3926 3922 3186 3188 3926 3922 3187 3189 3927 3923 3187 3189 3927 3923 671 672 3332 3330 2009 2011 2012 2010 3922 3926 3928 3924 3922 3926 3928 3924 3923 3927 3929 3925 3923 3927 3929 3925 3330 3332 3333 3331 2010 2012 427 426 3924 3928 3262 3260 3924 3928 3262 3260 3925 3929 3263 3261 3925 3929 3263 3261 3331 3333 711 710 390 391 2013 2011 3188 3190 3930 3926 3188 3190 3930 3926 3189 3191 3931 3927 3189 3191 3931 3927 672 673 3334 3332 2011 2013 2014 2012 3926 3930 3932 3928 3926 3930 3932 3928 3927 3931 3933 3929 3927 3931 3933 3929 3332 3334 3335 3333 2012 2014 428 427 3928 3932 3264 3262 3928 3932 3264 3262 3929 3933 3265 3263 3929 3933 3265 3263 3333 3335 712 711 391 392 2015 2013 3190 3192 3934 3930 3190 3192 3934 3930 3191 3193 3935 3931 3191 3193 3935 3931 673 674 3336 3334 2013 2015 2016 2014 3930 3934 3936 3932 3930 3934 3936 3932 3931 3935 3937 3933 3931 3935 3937 3933 3334 3336 3337 3335 2014 2016 429 428 3932 3936 3266 3264 3932 3936 3266 3264 3933 3937 3267 3265 3933 3937 3267 3265 3335 3337 713 712 392 393 2017 2015 3192 3194 3938 3934 3192 3194 3938 3934 3193 3195 3939 3935 3193 3195 3939 3935 674 675 3338 3336 2015 2017 2018 2016 3934 3938 3940 3936 3934 3938 3940 3936 3935 3939 3941 3937 3935 3939 3941 3937 3336 3338 3339 3337 2016 2018 430 429 3936 3940 3268 3266 3936 3940 3268 3266 3937 3941 3269 3267 3937 3941 3269 3267 3337 3339 714 713 393 394 2019 2017 3194 3196 3942 3938 3194 3196 3942 3938 3195 3197 3943 3939 3195 3197 3943 3939 675 676 3340 3338 2017 2019 2020 2018 3938 3942 3944 3940 3938 3942 3944 3940 3939 3943 3945 3941 3939 3943 3945 3941 3338 3340 3341 3339 2018 2020 431 430 3940 3944 3270 3268 3940 3944 3270 3268 3941 3945 3271 3269 3941 3945 3271 3269 3339 3341 715 714 394 395 2021 2019 3196 3198 3946 3942 3196 3198 3946 3942 3197 3199 3947 3943 3197 3199 3947 3943 676 677 3342 3340 2019 2021 2022 2020 3942 3946 3948 3944 3942 3946 3948 3944 3943 3947 3949 3945 3943 3947 3949 3945 3340 3342 3343 3341 2020 2022 432 431 3944 3948 3272 3270 3944 3948 3272 3270 3945 3949 3273 3271 3945 3949 3273 3271 3341 3343 716 715 395 396 2023 2021 3198 3200 3950 3946 3198 3200 3950 3946 3199 3201 3951 3947 3199 3201 3951 3947 677 678 3344 3342 2021 2023 2024 2022 3946 3950 3952 3948 3946 3950 3952 3948 3947 3951 3953 3949 3947 3951 3953 3949 3342 3344 3345 3343 2022 2024 433 432 3948 3952 3274 3272 3948 3952 3274 3272 3949 3953 3275 3273 3949 3953 3275 3273 3343 3345 717 716 396 397 2025 2023 3200 3202 3954 3950 3200 3202 3954 3950 3201 3203 3955 3951 3201 3203 3955 3951 678 679 3346 3344 2023 2025 2026 2024 3950 3954 3956 3952 3950 3954 3956 3952 3951 3955 3957 3953 3951 3955 3957 3953 3344 3346 3347 3345 2024 2026 434 433 3952 3956 3276 3274 3952 3956 3276 3274 3953 3957 3277 3275 3953 3957 3277 3275 3345 3347 718 717 397 398 2027 2025 3202 3204 3958 3954 3202 3204 3958 3954 3203 3205 3959 3955 3203 3205 3959 3955 679 680 3348 3346 2025 2027 2028 2026 3954 3958 3960 3956 3954 3958 3960 3956 3955 3959 3961 3957 3955 3959 3961 3957 3346 3348 3349 3347 2026 2028 435 434 3956 3960 3278 3276 3956 3960 3278 3276 3957 3961 3279 3277 3957 3961 3279 3277 3347 3349 719 718 398 399 2029 2027 3204 3206 3962 3958 3204 3206 3962 3958 3205 3207 3963 3959 3205 3207 3963 3959 680 681 3350 3348 2027 2029 2030 2028 3958 3962 3964 3960 3958 3962 3964 3960 3959 3963 3965 3961 3959 3963 3965 3961 3348 3350 3351 3349 2028 2030 436 435 3960 3964 3280 3278 3960 3964 3280 3278 3961 3965 3281 3279 3961 3965 3281 3279 3349 3351 720 719 399 400 2031 2029 3206 3208 3966 3962 3206 3208 3966 3962 3207 3209 3967 3963 3207 3209 3967 3963 681 682 3352 3350 2029 2031 2032 2030 3962 3966 3968 3964 3962 3966 3968 3964 3963 3967 3969 3965 3963 3967 3969 3965 3350 3352 3353 3351 2030 2032 437 436 3964 3968 3282 3280 3964 3968 3282 3280 3965 3969 3283 3281 3965 3969 3283 3281 3351 3353 721 720 400 401 2033 2031 3208 3210 3970 3966 3208 3210 3970 3966 3209 3211 3971 3967 3209 3211 3971 3967 682 683 3354 3352 2031 2033 2034 2032 3966 3970 3972 3968 3966 3970 3972 3968 3967 3971 3973 3969 3967 3971 3973 3969 3352 3354 3355 3353 2032 2034 438 437 3968 3972 3284 3282 3968 3972 3284 3282 3969 3973 3285 3283 3969 3973 3285 3283 3353 3355 722 721 401 402 2035 2033 3210 3212 3974 3970 3210 3212 3974 3970 3211 3213 3975 3971 3211 3213 3975 3971 683 684 3356 3354 2033 2035 2036 2034 3970 3974 3976 3972 3970 3974 3976 3972 3971 3975 3977 3973 3971 3975 3977 3973 3354 3356 3357 3355 2034 2036 439 438 3972 3976 3286 3284 3972 3976 3286 3284 3973 3977 3287 3285 3973 3977 3287 3285 3355 3357 723 722 402 403 2037 2035 3212 3214 3978 3974 3212 3214 3978 3974 3213 3215 3979 3975 3213 3215 3979 3975 684 685 3358 3356 2035 2037 2038 2036 3974 3978 3980 3976 3974 3978 3980 3976 3975 3979 3981 3977 3975 3979 3981 3977 3356 3358 3359 3357 2036 2038 440 439 3976 3980 3288 3286 3976 3980 3288 3286 3977 3981 3289 3287 3977 3981 3289 3287 3357 3359 724 723 403 404 2039 2037 3214 3216 3982 3978 3214 3216 3982 3978 3215 3217 3983 3979 3215 3217 3983 3979 685 686 3360 3358 2037 2039 2040 2038 3978 3982 3984 3980 3978 3982 3984 3980 3979 3983 3985 3981 3979 3983 3985 3981 3358 3360 3361 3359 2038 2040 441 440 3980 3984 3290 3288 3980 3984 3290 3288 3981 3985 3291 3289 3981 3985 3291 3289 3359 3361 725 724 404 405 2041 2039 3216 3218 3986 3982 3216 3218 3986 3982 3217 3219 3987 3983 3217 3219 3987 3983 686 687 3362 3360 2039 2041 2042 2040 3982 3986 3988 3984 3982 3986 3988 3984 3983 3987 3989 3985 3983 3987 3989 3985 3360 3362 3363 3361 2040 2042 442 441 3984 3988 3292 3290 3984 3988 3292 3290 3985 3989 3293 3291 3985 3989 3293 3291 3361 3363 726 725 405 406 2043 2041 3218 3220 3990 3986 3218 3220 3990 3986 3219 3221 3991 3987 3219 3221 3991 3987 687 688 3364 3362 2041 2043 2044 2042 3986 3990 3992 3988 3986 3990 3992 3988 3987 3991 3993 3989 3987 3991 3993 3989 3362 3364 3365 3363 2042 2044 443 442 3988 3992 3294 3292 3988 3992 3294 3292 3989 3993 3295 3293 3989 3993 3295 3293 3363 3365 727 726 406 407 2045 2043 3220 3222 3994 3990 3220 3222 3994 3990 3221 3223 3995 3991 3221 3223 3995 3991 688 689 3366 3364 2043 2045 2046 2044 3990 3994 3996 3992 3990 3994 3996 3992 3991 3995 3997 3993 3991 3995 3997 3993 3364 3366 3367 3365 2044 2046 444 443 3992 3996 3296 3294 3992 3996 3296 3294 3993 3997 3297 3295 3993 3997 3297 3295 3365 3367 728 727 407 408 2047 2045 3222 3224 3998 3994 3222 3224 3998 3994 3223 3225 3999 3995 3223 3225 3999 3995 689 690 3368 3366 2045 2047 2048 2046 3994 3998 4000 3996 3994 3998 4000 3996 3995 3999 4001 3997 3995 3999 4001 3997 3366 3368 3369 3367 2046 2048 445 444 3996 4000 3298 3296 3996 4000 3298 3296 3997 4001 3299 3297 3997 4001 3299 3297 3367 3369 729 728 408 24 409 2047 3224 654 3226 3998 3224 654 3226 3998 3225 655 3227 3999 3225 655 3227 3999 690 40 693 3368 2047 409 410 2048 3998 3226 3228 4000 3998 3226 3228 4000 3999 3227 3229 4001 3999 3227 3229 4001 3368 693 694 3369 2048 410 25 445 4000 3228 691 3298 4000 3228 691 3298 4001 3229 692 3299 4001 3229 692 3299 3369 694 41 729 20 469 2854 368 592 3370 4002 3140 592 3370 4002 3140 593 3371 4003 3141 593 3371 4003 3141 36 732 3514 646 368 2854 2855 369 3140 4002 4004 3142 3140 4002 4004 3142 3141 4003 4005 3143 3141 4003 4005 3143 646 3514 3515 647 369 2855 506 22 3142 4004 3444 644 3142 4004 3444 644 3143 4005 3445 645 3143 4005 3445 645 647 3515 771 38 469 470 2856 2854 3370 3372 4006 4002 3370 3372 4006 4002 3371 3373 4007 4003 3371 3373 4007 4003 732 733 3516 3514 2854 2856 2857 2855 4002 4006 4008 4004 4002 4006 4008 4004 4003 4007 4009 4005 4003 4007 4009 4005 3514 3516 3517 3515 2855 2857 507 506 4004 4008 3446 3444 4004 4008 3446 3444 4005 4009 3447 3445 4005 4009 3447 3445 3515 3517 772 771 470 471 2858 2856 3372 3374 4010 4006 3372 3374 4010 4006 3373 3375 4011 4007 3373 3375 4011 4007 733 734 3518 3516 2856 2858 2859 2857 4006 4010 4012 4008 4006 4010 4012 4008 4007 4011 4013 4009 4007 4011 4013 4009 3516 3518 3519 3517 2857 2859 508 507 4008 4012 3448 3446 4008 4012 3448 3446 4009 4013 3449 3447 4009 4013 3449 3447 3517 3519 773 772 471 472 2860 2858 3374 3376 4014 4010 3374 3376 4014 4010 3375 3377 4015 4011 3375 3377 4015 4011 734 735 3520 3518 2858 2860 2861 2859 4010 4014 4016 4012 4010 4014 4016 4012 4011 4015 4017 4013 4011 4015 4017 4013 3518 3520 3521 3519 2859 2861 509 508 4012 4016 3450 3448 4012 4016 3450 3448 4013 4017 3451 3449 4013 4017 3451 3449 3519 3521 774 773 472 473 2862 2860 3376 3378 4018 4014 3376 3378 4018 4014 3377 3379 4019 4015 3377 3379 4019 4015 735 736 3522 3520 2860 2862 2863 2861 4014 4018 4020 4016 4014 4018 4020 4016 4015 4019 4021 4017 4015 4019 4021 4017 3520 3522 3523 3521 2861 2863 510 509 4016 4020 3452 3450 4016 4020 3452 3450 4017 4021 3453 3451 4017 4021 3453 3451 3521 3523 775 774 473 474 2864 2862 3378 3380 4022 4018 3378 3380 4022 4018 3379 3381 4023 4019 3379 3381 4023 4019 736 737 3524 3522 2862 2864 2865 2863 4018 4022 4024 4020 4018 4022 4024 4020 4019 4023 4025 4021 4019 4023 4025 4021 3522 3524 3525 3523 2863 2865 511 510 4020 4024 3454 3452 4020 4024 3454 3452 4021 4025 3455 3453 4021 4025 3455 3453 3523 3525 776 775 474 475 2866 2864 3380 3382 4026 4022 3380 3382 4026 4022 3381 3383 4027 4023 3381 3383 4027 4023 737 738 3526 3524 2864 2866 2867 2865 4022 4026 4028 4024 4022 4026 4028 4024 4023 4027 4029 4025 4023 4027 4029 4025 3524 3526 3527 3525 2865 2867 512 511 4024 4028 3456 3454 4024 4028 3456 3454 4025 4029 3457 3455 4025 4029 3457 3455 3525 3527 777 776 475 476 2868 2866 3382 3384 4030 4026 3382 3384 4030 4026 3383 3385 4031 4027 3383 3385 4031 4027 738 739 3528 3526 2866 2868 2869 2867 4026 4030 4032 4028 4026 4030 4032 4028 4027 4031 4033 4029 4027 4031 4033 4029 3526 3528 3529 3527 2867 2869 513 512 4028 4032 3458 3456 4028 4032 3458 3456 4029 4033 3459 3457 4029 4033 3459 3457 3527 3529 778 777 476 477 2870 2868 3384 3386 4034 4030 3384 3386 4034 4030 3385 3387 4035 4031 3385 3387 4035 4031 739 740 3530 3528 2868 2870 2871 2869 4030 4034 4036 4032 4030 4034 4036 4032 4031 4035 4037 4033 4031 4035 4037 4033 3528 3530 3531 3529 2869 2871 514 513 4032 4036 3460 3458 4032 4036 3460 3458 4033 4037 3461 3459 4033 4037 3461 3459 3529 3531 779 778 477 478 2872 2870 3386 3388 4038 4034 3386 3388 4038 4034 3387 3389 4039 4035 3387 3389 4039 4035 740 741 3532 3530 2870 2872 2873 2871 4034 4038 4040 4036 4034 4038 4040 4036 4035 4039 4041 4037 4035 4039 4041 4037 3530 3532 3533 3531 2871 2873 515 514 4036 4040 3462 3460 4036 4040 3462 3460 4037 4041 3463 3461 4037 4041 3463 3461 3531 3533 780 779 478 479 2874 2872 3388 3390 4042 4038 3388 3390 4042 4038 3389 3391 4043 4039 3389 3391 4043 4039 741 742 3534 3532 2872 2874 2875 2873 4038 4042 4044 4040 4038 4042 4044 4040 4039 4043 4045 4041 4039 4043 4045 4041 3532 3534 3535 3533 2873 2875 516 515 4040 4044 3464 3462 4040 4044 3464 3462 4041 4045 3465 3463 4041 4045 3465 3463 3533 3535 781 780 479 480 2876 2874 3390 3392 4046 4042 3390 3392 4046 4042 3391 3393 4047 4043 3391 3393 4047 4043 742 743 3536 3534 2874 2876 2877 2875 4042 4046 4048 4044 4042 4046 4048 4044 4043 4047 4049 4045 4043 4047 4049 4045 3534 3536 3537 3535 2875 2877 517 516 4044 4048 3466 3464 4044 4048 3466 3464 4045 4049 3467 3465 4045 4049 3467 3465 3535 3537 782 781 480 481 2878 2876 3392 3394 4050 4046 3392 3394 4050 4046 3393 3395 4051 4047 3393 3395 4051 4047 743 744 3538 3536 2876 2878 2879 2877 4046 4050 4052 4048 4046 4050 4052 4048 4047 4051 4053 4049 4047 4051 4053 4049 3536 3538 3539 3537 2877 2879 518 517 4048 4052 3468 3466 4048 4052 3468 3466 4049 4053 3469 3467 4049 4053 3469 3467 3537 3539 783 782 481 482 2880 2878 3394 3396 4054 4050 3394 3396 4054 4050 3395 3397 4055 4051 3395 3397 4055 4051 744 745 3540 3538 2878 2880 2881 2879 4050 4054 4056 4052 4050 4054 4056 4052 4051 4055 4057 4053 4051 4055 4057 4053 3538 3540 3541 3539 2879 2881 519 518 4052 4056 3470 3468 4052 4056 3470 3468 4053 4057 3471 3469 4053 4057 3471 3469 3539 3541 784 783 482 483 2882 2880 3396 3398 4058 4054 3396 3398 4058 4054 3397 3399 4059 4055 3397 3399 4059 4055 745 746 3542 3540 2880 2882 2883 2881 4054 4058 4060 4056 4054 4058 4060 4056 4055 4059 4061 4057 4055 4059 4061 4057 3540 3542 3543 3541 2881 2883 520 519 4056 4060 3472 3470 4056 4060 3472 3470 4057 4061 3473 3471 4057 4061 3473 3471 3541 3543 785 784 483 484 2884 2882 3398 3400 4062 4058 3398 3400 4062 4058 3399 3401 4063 4059 3399 3401 4063 4059 746 747 3544 3542 2882 2884 2885 2883 4058 4062 4064 4060 4058 4062 4064 4060 4059 4063 4065 4061 4059 4063 4065 4061 3542 3544 3545 3543 2883 2885 521 520 4060 4064 3474 3472 4060 4064 3474 3472 4061 4065 3475 3473 4061 4065 3475 3473 3543 3545 786 785 484 485 2886 2884 3400 3402 4066 4062 3400 3402 4066 4062 3401 3403 4067 4063 3401 3403 4067 4063 747 748 3546 3544 2884 2886 2887 2885 4062 4066 4068 4064 4062 4066 4068 4064 4063 4067 4069 4065 4063 4067 4069 4065 3544 3546 3547 3545 2885 2887 522 521 4064 4068 3476 3474 4064 4068 3476 3474 4065 4069 3477 3475 4065 4069 3477 3475 3545 3547 787 786 485 486 2888 2886 3402 3404 4070 4066 3402 3404 4070 4066 3403 3405 4071 4067 3403 3405 4071 4067 748 749 3548 3546 2886 2888 2889 2887 4066 4070 4072 4068 4066 4070 4072 4068 4067 4071 4073 4069 4067 4071 4073 4069 3546 3548 3549 3547 2887 2889 523 522 4068 4072 3478 3476 4068 4072 3478 3476 4069 4073 3479 3477 4069 4073 3479 3477 3547 3549 788 787 486 487 2890 2888 3404 3406 4074 4070 3404 3406 4074 4070 3405 3407 4075 4071 3405 3407 4075 4071 749 750 3550 3548 2888 2890 2891 2889 4070 4074 4076 4072 4070 4074 4076 4072 4071 4075 4077 4073 4071 4075 4077 4073 3548 3550 3551 3549 2889 2891 524 523 4072 4076 3480 3478 4072 4076 3480 3478 4073 4077 3481 3479 4073 4077 3481 3479 3549 3551 789 788 487 488 2892 2890 3406 3408 4078 4074 3406 3408 4078 4074 3407 3409 4079 4075 3407 3409 4079 4075 750 751 3552 3550 2890 2892 2893 2891 4074 4078 4080 4076 4074 4078 4080 4076 4075 4079 4081 4077 4075 4079 4081 4077 3550 3552 3553 3551 2891 2893 525 524 4076 4080 3482 3480 4076 4080 3482 3480 4077 4081 3483 3481 4077 4081 3483 3481 3551 3553 790 789 488 489 2894 2892 3408 3410 4082 4078 3408 3410 4082 4078 3409 3411 4083 4079 3409 3411 4083 4079 751 752 3554 3552 2892 2894 2895 2893 4078 4082 4084 4080 4078 4082 4084 4080 4079 4083 4085 4081 4079 4083 4085 4081 3552 3554 3555 3553 2893 2895 526 525 4080 4084 3484 3482 4080 4084 3484 3482 4081 4085 3485 3483 4081 4085 3485 3483 3553 3555 791 790 489 490 2896 2894 3410 3412 4086 4082 3410 3412 4086 4082 3411 3413 4087 4083 3411 3413 4087 4083 752 753 3556 3554 2894 2896 2897 2895 4082 4086 4088 4084 4082 4086 4088 4084 4083 4087 4089 4085 4083 4087 4089 4085 3554 3556 3557 3555 2895 2897 527 526 4084 4088 3486 3484 4084 4088 3486 3484 4085 4089 3487 3485 4085 4089 3487 3485 3555 3557 792 791 490 491 2898 2896 3412 3414 4090 4086 3412 3414 4090 4086 3413 3415 4091 4087 3413 3415 4091 4087 753 754 3558 3556 2896 2898 2899 2897 4086 4090 4092 4088 4086 4090 4092 4088 4087 4091 4093 4089 4087 4091 4093 4089 3556 3558 3559 3557 2897 2899 528 527 4088 4092 3488 3486 4088 4092 3488 3486 4089 4093 3489 3487 4089 4093 3489 3487 3557 3559 793 792 491 492 2900 2898 3414 3416 4094 4090 3414 3416 4094 4090 3415 3417 4095 4091 3415 3417 4095 4091 754 755 3560 3558 2898 2900 2901 2899 4090 4094 4096 4092 4090 4094 4096 4092 4091 4095 4097 4093 4091 4095 4097 4093 3558 3560 3561 3559 2899 2901 529 528 4092 4096 3490 3488 4092 4096 3490 3488 4093 4097 3491 3489 4093 4097 3491 3489 3559 3561 794 793 492 493 2902 2900 3416 3418 4098 4094 3416 3418 4098 4094 3417 3419 4099 4095 3417 3419 4099 4095 755 756 3562 3560 2900 2902 2903 2901 4094 4098 4100 4096 4094 4098 4100 4096 4095 4099 4101 4097 4095 4099 4101 4097 3560 3562 3563 3561 2901 2903 530 529 4096 4100 3492 3490 4096 4100 3492 3490 4097 4101 3493 3491 4097 4101 3493 3491 3561 3563 795 794 493 494 2904 2902 3418 3420 4102 4098 3418 3420 4102 4098 3419 3421 4103 4099 3419 3421 4103 4099 756 757 3564 3562 2902 2904 2905 2903 4098 4102 4104 4100 4098 4102 4104 4100 4099 4103 4105 4101 4099 4103 4105 4101 3562 3564 3565 3563 2903 2905 531 530 4100 4104 3494 3492 4100 4104 3494 3492 4101 4105 3495 3493 4101 4105 3495 3493 3563 3565 796 795 494 495 2906 2904 3420 3422 4106 4102 3420 3422 4106 4102 3421 3423 4107 4103 3421 3423 4107 4103 757 758 3566 3564 2904 2906 2907 2905 4102 4106 4108 4104 4102 4106 4108 4104 4103 4107 4109 4105 4103 4107 4109 4105 3564 3566 3567 3565 2905 2907 532 531 4104 4108 3496 3494 4104 4108 3496 3494 4105 4109 3497 3495 4105 4109 3497 3495 3565 3567 797 796 495 496 2908 2906 3422 3424 4110 4106 3422 3424 4110 4106 3423 3425 4111 4107 3423 3425 4111 4107 758 759 3568 3566 2906 2908 2909 2907 4106 4110 4112 4108 4106 4110 4112 4108 4107 4111 4113 4109 4107 4111 4113 4109 3566 3568 3569 3567 2907 2909 533 532 4108 4112 3498 3496 4108 4112 3498 3496 4109 4113 3499 3497 4109 4113 3499 3497 3567 3569 798 797 496 497 2910 2908 3424 3426 4114 4110 3424 3426 4114 4110 3425 3427 4115 4111 3425 3427 4115 4111 759 760 3570 3568 2908 2910 2911 2909 4110 4114 4116 4112 4110 4114 4116 4112 4111 4115 4117 4113 4111 4115 4117 4113 3568 3570 3571 3569 2909 2911 534 533 4112 4116 3500 3498 4112 4116 3500 3498 4113 4117 3501 3499 4113 4117 3501 3499 3569 3571 799 798 497 498 2912 2910 3426 3428 4118 4114 3426 3428 4118 4114 3427 3429 4119 4115 3427 3429 4119 4115 760 761 3572 3570 2910 2912 2913 2911 4114 4118 4120 4116 4114 4118 4120 4116 4115 4119 4121 4117 4115 4119 4121 4117 3570 3572 3573 3571 2911 2913 535 534 4116 4120 3502 3500 4116 4120 3502 3500 4117 4121 3503 3501 4117 4121 3503 3501 3571 3573 800 799 498 499 2914 2912 3428 3430 4122 4118 3428 3430 4122 4118 3429 3431 4123 4119 3429 3431 4123 4119 761 762 3574 3572 2912 2914 2915 2913 4118 4122 4124 4120 4118 4122 4124 4120 4119 4123 4125 4121 4119 4123 4125 4121 3572 3574 3575 3573 2913 2915 536 535 4120 4124 3504 3502 4120 4124 3504 3502 4121 4125 3505 3503 4121 4125 3505 3503 3573 3575 801 800 499 500 2916 2914 3430 3432 4126 4122 3430 3432 4126 4122 3431 3433 4127 4123 3431 3433 4127 4123 762 763 3576 3574 2914 2916 2917 2915 4122 4126 4128 4124 4122 4126 4128 4124 4123 4127 4129 4125 4123 4127 4129 4125 3574 3576 3577 3575 2915 2917 537 536 4124 4128 3506 3504 4124 4128 3506 3504 4125 4129 3507 3505 4125 4129 3507 3505 3575 3577 802 801 500 501 2918 2916 3432 3434 4130 4126 3432 3434 4130 4126 3433 3435 4131 4127 3433 3435 4131 4127 763 764 3578 3576 2916 2918 2919 2917 4126 4130 4132 4128 4126 4130 4132 4128 4127 4131 4133 4129 4127 4131 4133 4129 3576 3578 3579 3577 2917 2919 538 537 4128 4132 3508 3506 4128 4132 3508 3506 4129 4133 3509 3507 4129 4133 3509 3507 3577 3579 803 802 501 502 2920 2918 3434 3436 4134 4130 3434 3436 4134 4130 3435 3437 4135 4131 3435 3437 4135 4131 764 765 3580 3578 2918 2920 2921 2919 4130 4134 4136 4132 4130 4134 4136 4132 4131 4135 4137 4133 4131 4135 4137 4133 3578 3580 3581 3579 2919 2921 539 538 4132 4136 3510 3508 4132 4136 3510 3508 4133 4137 3511 3509 4133 4137 3511 3509 3579 3581 804 803 502 503 2922 2920 3436 3438 4138 4134 3436 3438 4138 4134 3437 3439 4139 4135 3437 3439 4139 4135 765 766 3582 3580 2920 2922 2923 2921 4134 4138 4140 4136 4134 4138 4140 4136 4135 4139 4141 4137 4135 4139 4141 4137 3580 3582 3583 3581 2921 2923 540 539 4136 4140 3512 3510 4136 4140 3512 3510 4137 4141 3513 3511 4137 4141 3513 3511 3581 3583 805 804 503 26 504 2922 3438 730 3440 4138 3438 730 3440 4138 3439 731 3441 4139 3439 731 3441 4139 766 42 769 3582 2922 504 505 2923 4138 3440 3442 4140 4138 3440 3442 4140 4139 3441 3443 4141 4139 3441 3443 4141 3582 769 770 3583 2923 505 27 540 4140 3442 767 3512 4140 3442 767 3512 4141 3443 768 3513 4141 3443 768 3513 3583 770 43 805 24 541 2924 409 654 3584 4142 3226 654 3584 4142 3226 655 3585 4143 3227 655 3585 4143 3227 40 808 3596 693 409 2924 2925 410 3226 4142 4144 3228 3226 4142 4144 3228 3227 4143 4145 3229 3227 4143 4145 3229 693 3596 3597 694 410 2925 545 25 3228 4144 3592 691 3228 4144 3592 691 3229 4145 3593 692 3229 4145 3593 692 694 3597 814 41 541 542 2926 2924 3584 3586 4146 4142 3584 3586 4146 4142 3585 3587 4147 4143 3585 3587 4147 4143 808 809 3598 3596 2924 2926 2927 2925 4142 4146 4148 4144 4142 4146 4148 4144 4143 4147 4149 4145 4143 4147 4149 4145 3596 3598 3599 3597 2925 2927 546 545 4144 4148 3594 3592 4144 4148 3594 3592 4145 4149 3595 3593 4145 4149 3595 3593 3597 3599 815 814 542 28 543 2926 3586 806 3588 4146 3586 806 3588 4146 3587 807 3589 4147 3587 807 3589 4147 809 44 812 3598 2926 543 544 2927 4146 3588 3590 4148 4146 3588 3590 4148 4147 3589 3591 4149 4147 3589 3591 4149 3598 812 813 3599 2927 544 29 546 4148 3590 810 3594 4148 3590 810 3594 4149 3591 811 3595 4149 3591 811 3595 3599 813 45 815 25 545 2928 446 691 3592 4150 3650 691 3592 4150 3650 692 3593 4151 3651 692 3593 4151 3651 41 814 3696 843 446 2928 2929 447 3650 4150 4152 3652 3650 4150 4152 3652 3651 4151 4153 3653 3651 4151 4153 3653 843 3696 3697 844 447 2929 2930 448 3652 4152 4154 3654 3652 4152 4154 3654 3653 4153 4155 3655 3653 4153 4155 3655 844 3697 3698 845 448 2930 2931 449 3654 4154 4156 3656 3654 4154 4156 3656 3655 4155 4157 3657 3655 4155 4157 3657 845 3698 3699 846 449 2931 2932 450 3656 4156 4158 3658 3656 4156 4158 3658 3657 4157 4159 3659 3657 4157 4159 3659 846 3699 3700 847 450 2932 2933 451 3658 4158 4160 3660 3658 4158 4160 3660 3659 4159 4161 3661 3659 4159 4161 3661 847 3700 3701 848 451 2933 2934 452 3660 4160 4162 3662 3660 4160 4162 3662 3661 4161 4163 3663 3661 4161 4163 3663 848 3701 3702 849 452 2934 2935 453 3662 4162 4164 3664 3662 4162 4164 3664 3663 4163 4165 3665 3663 4163 4165 3665 849 3702 3703 850 453 2935 2936 454 3664 4164 4166 3666 3664 4164 4166 3666 3665 4165 4167 3667 3665 4165 4167 3667 850 3703 3704 851 454 2936 2937 455 3666 4166 4168 3668 3666 4166 4168 3668 3667 4167 4169 3669 3667 4167 4169 3669 851 3704 3705 852 455 2937 2938 456 3668 4168 4170 3670 3668 4168 4170 3670 3669 4169 4171 3671 3669 4169 4171 3671 852 3705 3706 853 456 2938 2939 457 3670 4170 4172 3672 3670 4170 4172 3672 3671 4171 4173 3673 3671 4171 4173 3673 853 3706 3707 854 457 2939 2940 458 3672 4172 4174 3674 3672 4172 4174 3674 3673 4173 4175 3675 3673 4173 4175 3675 854 3707 3708 855 458 2940 2941 459 3674 4174 4176 3676 3674 4174 4176 3676 3675 4175 4177 3677 3675 4175 4177 3677 855 3708 3709 856 459 2941 2942 460 3676 4176 4178 3678 3676 4176 4178 3678 3677 4177 4179 3679 3677 4177 4179 3679 856 3709 3710 857 460 2942 2943 461 3678 4178 4180 3680 3678 4178 4180 3680 3679 4179 4181 3681 3679 4179 4181 3681 857 3710 3711 858 461 2943 2944 462 3680 4180 4182 3682 3680 4180 4182 3682 3681 4181 4183 3683 3681 4181 4183 3683 858 3711 3712 859 462 2944 2945 463 3682 4182 4184 3684 3682 4182 4184 3684 3683 4183 4185 3685 3683 4183 4185 3685 859 3712 3713 860 463 2945 2946 464 3684 4184 4186 3686 3684 4184 4186 3686 3685 4185 4187 3687 3685 4185 4187 3687 860 3713 3714 861 464 2946 2947 465 3686 4186 4188 3688 3686 4186 4188 3688 3687 4187 4189 3689 3687 4187 4189 3689 861 3714 3715 862 465 2947 2948 466 3688 4188 4190 3690 3688 4188 4190 3690 3689 4189 4191 3691 3689 4189 4191 3691 862 3715 3716 863 466 2948 2949 467 3690 4190 4192 3692 3690 4190 4192 3692 3691 4191 4193 3693 3691 4191 4193 3693 863 3716 3717 864 467 2949 2950 468 3692 4192 4194 3694 3692 4192 4194 3694 3693 4193 4195 3695 3693 4193 4195 3695 864 3717 3718 865 468 2950 570 26 3694 4194 3646 730 3694 4194 3646 730 3695 4195 3647 731 3695 4195 3647 731 865 3718 841 42 545 546 2951 2928 3592 3594 4196 4150 3592 3594 4196 4150 3593 3595 4197 4151 3593 3595 4197 4151 814 815 3719 3696 2928 2951 2952 2929 4150 4196 4198 4152 4150 4196 4198 4152 4151 4197 4199 4153 4151 4197 4199 4153 3696 3719 3720 3697 2929 2952 2953 2930 4152 4198 4200 4154 4152 4198 4200 4154 4153 4199 4201 4155 4153 4199 4201 4155 3697 3720 3721 3698 2930 2953 2954 2931 4154 4200 4202 4156 4154 4200 4202 4156 4155 4201 4203 4157 4155 4201 4203 4157 3698 3721 3722 3699 2931 2954 2955 2932 4156 4202 4204 4158 4156 4202 4204 4158 4157 4203 4205 4159 4157 4203 4205 4159 3699 3722 3723 3700 2932 2955 2956 2933 4158 4204 4206 4160 4158 4204 4206 4160 4159 4205 4207 4161 4159 4205 4207 4161 3700 3723 3724 3701 2933 2956 2957 2934 4160 4206 4208 4162 4160 4206 4208 4162 4161 4207 4209 4163 4161 4207 4209 4163 3701 3724 3725 3702 2934 2957 2958 2935 4162 4208 4210 4164 4162 4208 4210 4164 4163 4209 4211 4165 4163 4209 4211 4165 3702 3725 3726 3703 2935 2958 2959 2936 4164 4210 4212 4166 4164 4210 4212 4166 4165 4211 4213 4167 4165 4211 4213 4167 3703 3726 3727 3704 2936 2959 2960 2937 4166 4212 4214 4168 4166 4212 4214 4168 4167 4213 4215 4169 4167 4213 4215 4169 3704 3727 3728 3705 2937 2960 2961 2938 4168 4214 4216 4170 4168 4214 4216 4170 4169 4215 4217 4171 4169 4215 4217 4171 3705 3728 3729 3706 2938 2961 2962 2939 4170 4216 4218 4172 4170 4216 4218 4172 4171 4217 4219 4173 4171 4217 4219 4173 3706 3729 3730 3707 2939 2962 2963 2940 4172 4218 4220 4174 4172 4218 4220 4174 4173 4219 4221 4175 4173 4219 4221 4175 3707 3730 3731 3708 2940 2963 2964 2941 4174 4220 4222 4176 4174 4220 4222 4176 4175 4221 4223 4177 4175 4221 4223 4177 3708 3731 3732 3709 2941 2964 2965 2942 4176 4222 4224 4178 4176 4222 4224 4178 4177 4223 4225 4179 4177 4223 4225 4179 3709 3732 3733 3710 2942 2965 2966 2943 4178 4224 4226 4180 4178 4224 4226 4180 4179 4225 4227 4181 4179 4225 4227 4181 3710 3733 3734 3711 2943 2966 2967 2944 4180 4226 4228 4182 4180 4226 4228 4182 4181 4227 4229 4183 4181 4227 4229 4183 3711 3734 3735 3712 2944 2967 2968 2945 4182 4228 4230 4184 4182 4228 4230 4184 4183 4229 4231 4185 4183 4229 4231 4185 3712 3735 3736 3713 2945 2968 2969 2946 4184 4230 4232 4186 4184 4230 4232 4186 4185 4231 4233 4187 4185 4231 4233 4187 3713 3736 3737 3714 2946 2969 2970 2947 4186 4232 4234 4188 4186 4232 4234 4188 4187 4233 4235 4189 4187 4233 4235 4189 3714 3737 3738 3715 2947 2970 2971 2948 4188 4234 4236 4190 4188 4234 4236 4190 4189 4235 4237 4191 4189 4235 4237 4191 3715 3738 3739 3716 2948 2971 2972 2949 4190 4236 4238 4192 4190 4236 4238 4192 4191 4237 4239 4193 4191 4237 4239 4193 3716 3739 3740 3717 2949 2972 2973 2950 4192 4238 4240 4194 4192 4238 4240 4194 4193 4239 4241 4195 4193 4239 4241 4195 3717 3740 3741 3718 2950 2973 571 570 4194 4240 3648 3646 4194 4240 3648 3646 4195 4241 3649 3647 4195 4241 3649 3647 3718 3741 842 841 546 29 547 2951 3594 810 3600 4196 3594 810 3600 4196 3595 811 3601 4197 3595 811 3601 4197 815 45 818 3719 2951 547 548 2952 4196 3600 3602 4198 4196 3600 3602 4198 4197 3601 3603 4199 4197 3601 3603 4199 3719 818 819 3720 2952 548 549 2953 4198 3602 3604 4200 4198 3602 3604 4200 4199 3603 3605 4201 4199 3603 3605 4201 3720 819 820 3721 2953 549 550 2954 4200 3604 3606 4202 4200 3604 3606 4202 4201 3605 3607 4203 4201 3605 3607 4203 3721 820 821 3722 2954 550 551 2955 4202 3606 3608 4204 4202 3606 3608 4204 4203 3607 3609 4205 4203 3607 3609 4205 3722 821 822 3723 2955 551 552 2956 4204 3608 3610 4206 4204 3608 3610 4206 4205 3609 3611 4207 4205 3609 3611 4207 3723 822 823 3724 2956 552 553 2957 4206 3610 3612 4208 4206 3610 3612 4208 4207 3611 3613 4209 4207 3611 3613 4209 3724 823 824 3725 2957 553 554 2958 4208 3612 3614 4210 4208 3612 3614 4210 4209 3613 3615 4211 4209 3613 3615 4211 3725 824 825 3726 2958 554 555 2959 4210 3614 3616 4212 4210 3614 3616 4212 4211 3615 3617 4213 4211 3615 3617 4213 3726 825 826 3727 2959 555 556 2960 4212 3616 3618 4214 4212 3616 3618 4214 4213 3617 3619 4215 4213 3617 3619 4215 3727 826 827 3728 2960 556 557 2961 4214 3618 3620 4216 4214 3618 3620 4216 4215 3619 3621 4217 4215 3619 3621 4217 3728 827 828 3729 2961 557 558 2962 4216 3620 3622 4218 4216 3620 3622 4218 4217 3621 3623 4219 4217 3621 3623 4219 3729 828 829 3730 2962 558 559 2963 4218 3622 3624 4220 4218 3622 3624 4220 4219 3623 3625 4221 4219 3623 3625 4221 3730 829 830 3731 2963 559 560 2964 4220 3624 3626 4222 4220 3624 3626 4222 4221 3625 3627 4223 4221 3625 3627 4223 3731 830 831 3732 2964 560 561 2965 4222 3626 3628 4224 4222 3626 3628 4224 4223 3627 3629 4225 4223 3627 3629 4225 3732 831 832 3733 2965 561 562 2966 4224 3628 3630 4226 4224 3628 3630 4226 4225 3629 3631 4227 4225 3629 3631 4227 3733 832 833 3734 2966 562 563 2967 4226 3630 3632 4228 4226 3630 3632 4228 4227 3631 3633 4229 4227 3631 3633 4229 3734 833 834 3735 2967 563 564 2968 4228 3632 3634 4230 4228 3632 3634 4230 4229 3633 3635 4231 4229 3633 3635 4231 3735 834 835 3736 2968 564 565 2969 4230 3634 3636 4232 4230 3634 3636 4232 4231 3635 3637 4233 4231 3635 3637 4233 3736 835 836 3737 2969 565 566 2970 4232 3636 3638 4234 4232 3636 3638 4234 4233 3637 3639 4235 4233 3637 3639 4235 3737 836 837 3738 2970 566 567 2971 4234 3638 3640 4236 4234 3638 3640 4236 4235 3639 3641 4237 4235 3639 3641 4237 3738 837 838 3739 2971 567 568 2972 4236 3640 3642 4238 4236 3640 3642 4238 4237 3641 3643 4239 4237 3641 3643 4239 3739 838 839 3740 2972 568 569 2973 4238 3642 3644 4240 4238 3642 3644 4240 4239 3643 3645 4241 4239 3643 3645 4241 3740 839 840 3741 2973 569 30 571 4240 3644 816 3648 4240 3644 816 3648 4241 3645 817 3649 4241 3645 817 3649 3741 840 46 842 26 570 2974 504 730 3646 4242 3440 730 3646 4242 3440 731 3647 4243 3441 731 3647 4243 3441 42 841 3750 769 504 2974 2975 505 3440 4242 4244 3442 3440 4242 4244 3442 3441 4243 4245 3443 3441 4243 4245 3443 769 3750 3751 770 505 2975 574 27 3442 4244 3746 767 3442 4244 3746 767 3443 4245 3747 768 3443 4245 3747 768 770 3751 870 43 570 571 2976 2974 3646 3648 4246 4242 3646 3648 4246 4242 3647 3649 4247 4243 3647 3649 4247 4243 841 842 3752 3750 2974 2976 2977 2975 4242 4246 4248 4244 4242 4246 4248 4244 4243 4247 4249 4245 4243 4247 4249 4245 3750 3752 3753 3751 2975 2977 575 574 4244 4248 3748 3746 4244 4248 3748 3746 4245 4249 3749 3747 4245 4249 3749 3747 3751 3753 871 870 571 30 572 2976 3648 816 3742 4246 3648 816 3742 4246 3649 817 3743 4247 3649 817 3743 4247 842 46 868 3752 2976 572 573 2977 4246 3742 3744 4248 4246 3742 3744 4248 4247 3743 3745 4249 4247 3743 3745 4249 3752 868 869 3753 2977 573 31 575 4248 3744 866 3748 4248 3744 866 3748 4249 3745 867 3749 4249 3745 867 3749 3753 869 47 871</DataArray>
        <DataArray type="Int64" Name="offsets" NumberOfComponents="1" format="ascii">0 8 16 24 32 40 48 56 64 72 80 88 96 104 112 120 128 136 144 152 160 168 176 184 192 200 208 216 224 232 240 248 256 264 272 280 288 296 304 312 320 328 336 344 352 360 368 376 384 392 400 408 416 424 432 440 448 456 464 472 480 488 496 504 512 520 528 536 544 552 560 568 576 584 592 600 608 616 624 632 640 648 656 664 672 680 688 696 704 712 720 728 736 744 752 760 768 776 784 792 800 808 816 824 832 840 848 856 864 872 880 888 896 904 912 920 928 936 944 952 960 968 976 984 992 1000 1008 1016 1024 1032 1040 1048 1056 1064 1072 1080 1088 1096 1104 1112 1120 1128 1136 1144 1152 1160 1168 1176 1184 1192 1200 1208 1216 1224 1232 1240 1248 1256 1264 1272 1280 1288 1296 1304 1312 1320 1328 1336 1344 1352 1360 1368 1376 1384 1392 1400 1408 1416 1424 1432 1440 1448 1456 1464 1472 1480 1488 1496 1504 1512 1520 1528 1536 1544 1552 1560 1568 1576 1584 1592 1600 1608 1616 1624 1632 1640 1648 1656 1664 1672 1680 1688 1696 1704 1712 1720 1728 1736 1744 1752 1760 1768 1776 1784 1792 1800 1808 1816 1824 1832 1840 1848 1856 1864 1872 1880 1888 1896 1904 1912 1920 1928 1936 1944 1952 1960 1968 1976 1984 1992 2000 2008 2016 2024 2032 2040 2048 2056 2064 2072 2080 2088 2096 2104 2112 2120 2128 2136 2144 2152 2160 2168 2176 2184 2192 2200 2208 2216 2224 2232 2240 2248 2256 2264 2272 2280 2288 2296 2304 2312 2320 2328 2336 2344 2352 2360 2368 2376 2384 2392 2400 2408 2416 2424 2432 2440 2448 2456 2464 2472 2480 2488 2496 2504 2512 2520 2528 2536 2544 2552 2560 2568 2576 2584 2592 2600 2608 2616 2624 2632 2640 2648 2656 2664 2672 2680 2688 2696 2704 2712 2720 2728 2736 2744 2752 2760 2768 2776 2784 2792 2800 2808 2816 2824 2832 2840 2848 2856 2864 2872 2880 2888 2896 2904 2912 2920 2928 2936 2944 2952 2960 2968 2976 2984 2992 3000 3008 3016 3024 3032 3040 3048 3056 3064 3072 3080 3088 3096 3104 3112 3120 3128 3136 3144 3152 3160 3168 3176 3184 3192 3200 3208 3216 3224 3232 3240 3248 3256 3264 3272 3280 3288 3296 3304 3312 3320 3328 3336 3344 3352 3360 3368 3376 3384 3392 3400 3408 3416 3424 3432 3440 3448 3456 3464 3472 3480 3488 3496 3504 3512 3520 3528 3536 3544 3552 3560 3568 3576 3584 3592 3600 3608 3616 3624 3632 3640 3648 3656 3664 3672 3680 3688 3696 3704 3712 3720 3728 3736 3744 3752 3760 3768 3776 3784 3792 3800 3808 3816 3824 3832 3840 3848 3856 3864 3872 3880 3888 3896 3904 3912 3920 3928 3936 3944 3952 3960 3968 3976 3984 3992 4000 4008 4016 4024 4032 4040 4048 4056 4064 4072 4080 4088 4096 4104 4112 4120 4128 4136 4144 4152 4160 4168 4176 4184 4192 4200 4208 4216 4224 4232 4240 4248 4256 4264 4272 4280 4288 4296 4304 4312 4320 4328 4336 4344 4352 4360 4368 4376 4384 4392 4400 4408 4416 4424 4432 4440 4448 4456 4464 4472 4480 4488 4496 4504 4512 4520 4528 4536 4544 4552 4560 4568 4576 4584 4592 4600 4608 4616 4624 4632 4640 4648 4656 4664 4672 4680 4688 4696 4704 4712 4720 4728 4736 4744 4752 4760 4768 4776 4784 4792 4800 4808 4816 4824 4832 4840 4848 4856 4864 4872 4880 4888 4896 4904 4912 4920 4928 4936 4944 4952 4960 4968 4976 4984 4992 5000 5008 5016 5024 5032 5040 5048 5056 5064 5072 5080 5088 5096 5104 5112 5120 5128 5136 5144 5152 5160 5168 5176 5184 5192 5200 5208 5216 5224 5232 5240 5248 5256 5264 5272 5280 5288 5296 5304 5312 5320 5328 5336 5344 5352 5360 5368 5376 5384 5392 5400 5408 5416 5424 5432 5440 5448 5456 5464 5472 5480 5488 5496 5504 5512 5520 5528 5536 5544 5552 5560 5568 5576 5584 5592 5600 5608 5616 5624 5632 5640 5648 5656 5664 5672 5680 5688 5696 5704 5712 5720 5728 5736 5744 5752 5760 5768 5776 5784 5792 5800 5808 5816 5824 5832 5840 5848 5856 5864 5872 5880 5888 5896 5904 5912 5920 5928 5936 5944 5952 5960 5968 5976 5984 5992 6000 6008 6016 6024 6032 6040 6048 6056 6064 6072 6080 6088 6096 6104 6112 6120 6128 6136 6144 6152 6160 6168 6176 6184 6192 6200 6208 6216 6224 6232 6240 6248 6256 6264 6272 6280 6288 6296 6304 6312 6320 6328 6336 6344 6352 6360 6368 6376 6384 6392 6400 6408 6416 6424 6432 6440 6448 6456 6464 6472 6480 6488 6496 6504 6512 6520 6528 6536 6544 6552 6560 6568 6576 6584 6592 6600 6608 6616 6624 6632 6640 6648 6656 6664 6672 6680 6688 6696 6704 6712 6720 6728 6736 6744 6752 6760 6768 6776 6784 6792 6800 6808 6816 6824 6832 6840 6848 6856 6864 6872 6880 6888 6896 6904 6912 6920 6928 6936 6944 6952 6960 6968 6976 6984 6992 7000 7008 7016 7024 7032 7040 7048 7056 7064 7072 7080 7088 7096 7104 7112 7120 7128 7136 7144 7152 7160 7168 7176 7184 7192 7200 7208 7216 7224 7232 7240 7248 7256 7264 7272 7280 7288 7296 7304 7312 7320 7328 7336 7344 7352 7360 7368 7376 7384 7392 7400 7408 7416 7424 7432 7440 7448 7456 7464 7472 7480 7488 7496 7504 7512 7520 7528 7536 7544 7552 7560 7568 7576 7584 7592 7600 7608 7616 7624 7632 7640 7648 7656 7664 7672 7680 7688 7696 7704 7712 7720 7728 7736 7744 7752 7760 7768 7776 7784 7792 7800 7808 7816 7824 7832 7840 7848 7856 7864 7872 7880 7888 7896 7904 7912 7920 7928 7936 7944 7952 7960 7968 7976 7984 7992 8000 8008 8016 8024 8032 8040 8048 8056 8064 8072 8080 8088 8096 8104 8112 8120 8128 8136 8144 8152 8160 8168 8176 8184 8192 8200 8208 8216 8224 8232 8240 8248 8256 8264 8272 8280 8288 8296 8304 8312 8320 8328 8336 8344 8352 8360 8368 8376 8384 8392 8400 8408 8416 8424 8432 8440 8448 8456 8464 8472 8480 8488 8496 8504 8512 8520 8528 8536 8544 8552 8560 8568 8576 8584 8592 8600 8608 8616 8624 8632 8640 8648 8656 8664 8672 8680 8688 8696 8704 8712 8720 8728 8736 8744 8752 8760 8768 8776 8784 8792 8800 8808 8816 8824 8832 8840 8848 8856 8864 8872 8880 8888 8896 8904 8912 8920 8928 8936 8944 8952 8960 8968 8976 8984 8992 9000 9008 9016 9024 9032 9040 9048 9056 9064 9072 9080 9088 9096 9104 9112 9120 9128 9136 9144 9152 9160 9168 9176 9184 9192 9200 9208 9216 9224 9232 9240 9248 9256 9264 9272 9280 9288 9296 9304 9312 9320 9328 9336 9344 9352 9360 9368 9376 9384 9392 9400 9408 9416 9424 9432 9440 9448 9456 9464 9472 9480 9488 9496 9504 9512 9520 9528 9536 9544 9552 9560 9568 9576 9584 9592 9600 9608 9616 9624 9632 9640 9648 9656 9664 9672 9680 9688 9696 9704 9712 9720 9728 9736 9744 9752 9760 9768 9776 9784 9792 9800 9808 9816 9824 9832 9840 9848 9856 9864 9872 9880 9888 9896 9904 9912 9920 9928 9936 9944 9952 9960 9968 9976 9984 9992 10000 10008 10016 10024 10032 10040 10048 10056 10064 10072 10080 10088 10096 10104 10112 10120 10128 10136 10144 10152 10160 10168 10176 10184 10192 10200 10208 10216 10224 10232 10240 10248 10256 10264 10272 10280 10288 10296 10304 10312 10320 10328 10336 10344 10352 10360 10368 10376 10384 10392 10400 10408 10416 10424 10432 10440 10448 10456 10464 10472 10480 10488 10496 10504 10512 10520 10528 10536 10544 10552 10560 10568 10576 10584 10592 10600 10608 10616 10624 10632 10640 10648 10656 10664 10672 10680 10688 10696 10704 10712 10720 10728 10736 10744 10752 10760 10768 10776 10784 10792 10800 10808 10816 10824 10832 10840 10848 10856 10864 10872 10880 10888 10896 10904 10912 10920 10928 10936 10944 10952 10960 10968 10976 10984 10992 11000 11008 11016 11024 11032 11040 11048 11056 11064 11072 11080 11088 11096 11104 11112 11120 11128 11136 11144 11152 11160 11168 11176 11184 11192 11200 11208 11216 11224 11232 11240 11248 11256 11264 11272 11280 11288 11296 11304 11312 11320 11328 11336 11344 11352 11360 11368 11376 11384 11392 11400 11408 11416 11424 11432 11440 11448 11456 11464 11472 11480 11488 11496 11504 11512 11520 11528 11536 11544 11552 11560 11568 11576 11584 11592 11600 11608 11616 11624 11632 11640 11648 11656 11664 11672 11680 11688 11696 11704 11712 11720 11728 11736 11744 11752 11760 11768 11776 11784 11792 11800 11808 11816 11824 11832 11840 11848 11856 11864 11872 11880 11888 11896 11904 11912 11920 11928 11936 11944 11952 11960 11968 11976 11984 11992 12000 12008 12016 12024 12032 12040 12048 12056 12064 12072 12080 12088 12096 12104 12112 12120 12128 12136 12144 12152 12160 12168 12176 12184 12192 12200 12208 12216 12224 12232 12240 12248 12256 12264 12272 12280 12288 12296 12304 12312 12320 12328 12336 12344 12352 12360 12368 12376 12384 12392 12400 12408 12416 12424 12432 12440 12448 12456 12464 12472 12480 12488 12496 12504 12512 12520 12528 12536 12544 12552 12560 12568 12576 12584 12592 12600 12608 12616 12624 12632 12640 12648 12656 12664 12672 12680 12688 12696 12704 12712 12720 12728 12736 12744 12752 12760 12768 12776 12784 12792 12800 12808 12816 12824 12832 12840 12848 12856 12864 12872 12880 12888 12896 12904 12912 12920 12928 12936 12944 12952 12960 12968 12976 12984 12992 13000 13008 13016 13024 13032 13040 13048 13056 13064 13072 13080 13088 13096 13104 13112 13120 13128 13136 13144 13152 13160 13168 13176 13184 13192 13200 13208 13216 13224 13232 13240 13248 13256 13264 13272 13280 13288 13296 13304 13312 13320 13328 13336 13344 13352 13360 13368 13376 13384 13392 13400 13408 13416 13424 13432 13440 13448 13456 13464 13472 13480 13488 13496 13504 13512 13520 13528 13536 13544 13552 13560 13568 13576 13584 13592 13600 13608 13616 13624 13632 13640 13648 13656 13664 13672 13680 13688 13696 13704 13712 13720 13728 13736 13744 13752 13760 13768 13776 13784 13792 13800 13808 13816 13824 13832 13840 13848 13856 13864 13872 13880 13888 13896 13904 13912 13920 13928 13936 13944 13952 13960 13968 13976 13984 13992 14000 14008 14016 14024 14032 14040 14048 14056 14064 14072 14080 14088 14096 14104 14112 14120 14128 14136 14144 14152 14160 14168 14176 14184 14192 14200 14208 14216 14224 14232 14240 14248 14256 14264 14272 14280 14288 14296 14304 14312 14320 14328 14336 14344 14352 14360 14368 14376 14384 14392 14400 14408 14416 14424 14432 14440 14448 14456 14464 14472 14480 14488 14496 14504 14512 14520 14528 14536 14544 14552 14560 14568 14576 14584 14592 14600 14608 14616 14624 14632 14640 14648 14656 14664 14672 14680 14688 14696 14704 14712 14720 14728 14736 14744 14752 14760 14768 14776 14784 14792 14800 14808 14816 14824 14832 14840 14848 14856 14864 14872 14880 14888 14896 14904 14912 14920 14928 14936 14944 14952 14960 14968 14976 14984 14992 15000 15008 15016 15024 15032 15040 15048 15056 15064 15072 15080 15088 15096 15104 15112 15120 15128 15136 15144 15152 15160 15168 15176 15184 15192 15200 15208 15216 15224 15232 15240 15248 15256 15264 15272 15280 15288 15296 15304 15312 15320 15328 15336 15344 15352 15360 15368 15376 15384 15392 15400 15408 15416 15424 15432 15440 15448 15456 15464 15472 15480 15488 15496 15504 15512 15520 15528 15536 15544 15552 15560 15568 15576 15584 15592 15600 15608 15616 15624 15632 15640 15648 15656 15664 15672 15680 15688 15696 15704 15712 15720 15728 15736 15744 15752 15760 15768 15776 15784 15792 15800 15808 15816 15824 15832 15840 15848 15856 15864 15872 15880 15888 15896 15904 15912 15920 15928 15936 15944 15952 15960 15968 15976 15984 15992 16000 16008 16016 16024 16032 16040 16048 16056 16064 16072 16080 16088 16096 16104 16112 16120 16128 16136 16144 16152 16160 16168 16176 16184 16192 16200 16208 16216 16224 16232 16240 16248 16256 16264 16272 16280 16288 16296 16304 16312 16320 16328 16336 16344 16352 16360 16368 16376 16384 16392 16400 16408 16416 16424 16432 16440 16448 16456 16464 16472 16480 16488 16496 16504 16512 16520 16528 16536 16544 16552 16560 16568 16576 16584 16592 16600 16608 16616 16624 16632 16640 16648 16656 16664 16672 16680 16688 16696 16704 16712 16720 16728 16736 16744 16752 16760 16768 16776 16784 16792 16800 16808 16816 16824 16832 16840 16848 16856 16864 16872 16880 16888 16896 16904 16912 16920 16928 16936 16944 16952 16960 16968 16976 16984 16992 17000 17008 17016 17024 17032 17040 17048 17056 17064 17072 17080 17088 17096 17104 17112 17120 17128 17136 17144 17152 17160 17168 17176 17184 17192 17200 17208 17216 17224 17232 17240 17248 17256 17264 17272 17280 17288 17296 17304 17312 17320 17328 17336 17344 17352 17360 17368 17376 17384 17392 17400 17408 17416 17424 17432 17440 17448 17456 17464 17472 17480 17488 17496 17504 17512 17520 17528 17536 17544 17552 17560 17568 17576 17584 17592 17600 17608 17616 17624 17632 17640 17648 17656 17664 17672 17680 17688 17696 17704 17712 17720 17728 17736 17744 17752 17760 17768 17776 17784 17792 17800 17808 17816 17824 17832 17840 17848 17856 17864 17872 17880 17888 17896 17904 17912 17920 17928 17936 17944 17952 17960 17968 17976 17984 17992 18000 18008 18016 18024 18032 18040 18048 18056 18064 18072 18080 18088 18096 18104 18112 18120 18128 18136 18144 18152 18160 18168 18176 18184 18192 18200 18208 18216 18224 18232 18240 18248 18256 18264 18272 18280 18288 18296 18304 18312 18320 18328 18336 18344 18352 18360 18368 18376 18384 18392 18400 18408 18416 18424 18432 18440 18448 18456 18464 18472 18480 18488 18496 18504 18512 18520 18528 18536 18544 18552 18560 18568 18576 18584 18592 18600 18608 18616 18624 18632 18640 18648 18656 18664 18672 18680 18688 18696 18704 18712 18720 18728 18736 18744 18752 18760 18768 18776 18784 18792 18800 18808 18816 18824 18832 18840 18848 18856 18864 18872 18880 18888 18896 18904 18912 18920 18928 18936 18944 18952 18960 18968 18976 18984 18992 19000 19008 19016 19024 19032 19040 19048 19056 19064 19072 19080 19088 19096 19104 19112 19120 19128 19136 19144 19152 19160 19168 19176 19184 19192 19200 19208 19216 19224 19232 19240 19248 19256 19264 19272 19280 19288 19296 19304 19312 19320 19328 19336 19344 19352 19360 19368 19376 19384 19392 19400 19408 19416 19424 19432 19440 19448 19456 19464 19472 19480 19488 19496 19504 19512 19520 19528 19536 19544 19552 19560 19568 19576 19584</DataArray>
        <DataArray type="UInt8" Name="types" NumberOfComponents="1" format="ascii">12 12 12 12 12 12 12 12 12 12 12 12 12 12 12 12 12 12 12 12 12 12 12 12 12 12 12 12 12 12 12 12 12 12 12 12 12 12 12 12 12 12 12 12 12 12 12 12 12 12 12 12 12 12 12 12 12 12 12 12 12 12 12 12 12 12 12 12 12 12 12 12 12 12 12 12 12 12 12 12 12 12 12 12 12 12 12 12 12 12 12 12 12 12 12 12 12 12 12 12 12 12 12 12 12 12 12 12 12 12 12 12 12 12 12 12 12 12 12 12 12 12 12 12 12 12 12 12 12 12 12 12 12 12 12 12 12 12 12 12 12 12 12 12 12 12 12 12 12 12 12 12 12 12 12 12 12 12 12 12 12 12 12 12 12 12 12 12 12 12 12 12 12 12 12 12 12 12 12 12 12 12 12 12 12 12 12 12 12 12 12 12 12 12 12 12 12 12 12 12 12 12 12 12 12 12 12 12 12 12 12 12 12 12 12 12 12 12 12 12 12 12 12 12 12 12 12 12 12 12 12 12 12 12 12 12 12 12 12 12 12 12 12 12 12 12 12 12 12 12 12 12 12 12 12 12 12 12 12 12 12 12 12 12 12 12 12 12 12 12 12 12 12 12 12 12 12 12 12 12 12 12 12 12 12 12 12 12 12 12 12 12 12 12 12 12 12 12 12 12 12 12 12 12 12 12 12 12 12 12 12 12 12 12 12 12 12 12 12 12 12 12 12 12 12 12 12 12 12 12 12 12 12 12 12 12 12 12 12 12 12 12 12 12 12 12 12 12 12 12 12 12 12 12 12 12 12 12 12 12 12 12 12 12 12 12 12 12 12 12 12 12 12 12 12 12 12 12 12 12 12 12 12 12 12 12 12 12 12 12 12 12 12 12 12 12 12 12 12 12 12 12 12 12 12 12 12 12 12 12 12 12 12 12 12 12 12 12 12 12 12 12 12 12 12 12 12 12 12 12 12 12 12 12 12 12 12 12 12 12 12 12 12 12 12 12 12 12 12 12 12 12 12 12 12 12 12 12 12 12 12 12 12 12 12 12 12 12 12 12 12 12 12 12 12 12 12 12 12 12 12 12 12 12 12 12 12 12 12 12 12 12 12 12 12 12 12 12 12 12 12 12 12 12 12 12 12 12 12 12 12 12 12 12 12 12 12 12 12 12 12 12 12 12 12 12 12 12 12 12 12 12 12 12 12 12 12 12 12 12 12 12 12 12 12 12 12 12 12 12 12 12 12 12 12 12 12 12 12 12 12 12 12 12 12 12 12 12 12 12 12 12 12 12 12 12 12 12 12 12 12 12 12 12 12 12 12 12 12 12 12 12 12 12 12 12 12 12 12 12 12 12 12 12 12 12 12 12 12 12 12 12 12 12 12 12 12 12 12 12 12 12 12 12 12 12 12 12 12 12 12 12 12 12 12 12 12 12 12 12 12 12 12 12 12 12 12 12 12 12 12 12 12 12 12 12 12 12 12 12 12 12 12 12 12 12 12 12 12 12 12 12 12 12 12 12 12 12 12 12 12 12 12 12 12 12 12 12 12 12 12 12 12 12 12 12 12 12 12 12 12 12 12 12 12 12 12 12 12 12 12 12 12 12 12 12 12 12 12 12 12 12 12 12 12 12 12 12 12 12 12 12 12 12 12 12 12 12 12 12 12 12 12 12 12 12 12 12 12 12 12 12 12 12 12 12 12 12 12 12 12 12 12 12 12 12 12 12 12 12 12 12 12 12 12 12 12 12 12 12 12 12 12 12 12 12 12 12 12 12 12 12 12 12 12 12 12 12 12 12 12 12 12 12 12 12 12 12 12 12 12 12 12 12 12 12 12 12 12 12 12 12 12 12 12 12 12 12 12 12 12 12 12 12 12 12 12 12 12 12 12 12 12 12 12 12 12 12 12 12 12 12 12 12 12 12 12 12 12 12 12 12 12 12 12 12 12 12 12 12 12 12 12 12 12 12 12 12 12 12 12 12 12 12 12 12 12 12 12 12 12 12 12 12 12 12 12 12 12 12 12 12 12 12 12 12 12 12 12 12 12 12 12 12 12 12 12 12 12 12 12 12 12 12 12 12 12 12 12 12 12 12 12 12 12 12 12 12 12 12 12 12 12 12 12 12 12 12 12 12 12 12 12 12 12 12 12 12 12 12 12 12 12 12 12 12 12 12 12 12 12 12 12 12 12 12 12 12 12 12 12 12 12 12 12 12 12 12 12 12 12 12 12 12 12 12 12 12 12 12 12 12 12 12 12 12 12 12 12 12 12 12 12 12 12 12 12 12 12 12 12 12 12 12 12 12 12 12 12 12 12 12 12 12 12 12 12 12 12 12 12 12 12 12 12 12 12 12 12 12 12 12 12 12 12 12 12 12 12 12 12 12 12 12 12 12 12 12 12 12 12 12 12 12 12 12 12 12 12 12 12 12 12 12 12 12 12 12 12 12 12 12 12 12 12 12 12 12 12 12 12 12 12 12 12 12 12 12 12 12 12 12 12 12 12 12 12 12 12 12 12 12 12 12 12 12 12 12 12 12 12 12 12 12 12 12 12 12 12 12 12 12 12 12 12 12 12 12 12 12 12 12 12 12 12 12 12 12 12 12 12 12 12 12 12 12 12 12 12 12 12 12 12 12 12 12 12 12 12 12 12 12 12 12 12 12 12 12 12 12 12 12 12 12 12 12 12 12 12 12 12 12 12 12 12 12 12 12 12 12 12 12 12 12 12 12 12 12 12 12 12 12 12 12 12 12 12 12 12 12 12 12 12 12 12 12 12 12 12 12 12 12 12 12 12 12 12 12 12 12 12 12 12 12 12 12 12 12 12 12 12 12 12 12 12 12 12 12 12 12 12 12 12 12 12 12 12 12 12 12 12 12 12 12 12 12 12 12 12 12 12 12 12 12 12 12 12 12 12 12 12 12 12 12 12 12 12 12 12 12 12 12 12 12 12 12 12 12 12 12 12 12 12 12 12 12 12 12 12 12 12 12 12 12 12 12 12 12 12 12 12 12 12 12 12 12 12 12 12 12 12 12 12 12 12 12 12 12 12 12 12 12 12 12 12 12 12 12 12 12 12 12 12 12 12 12 12 12 12 12 12 12 12 12 12 12 12 12 12 12 12 12 12 12 12 12 12 12 12 12 12 12 12 12 12 12 12 12 12 12 12 12 12 12 12 12 12 12 12 12 12 12 12 12 12 12 12 12 12 12 12 12 12 12 12 12 12 12 12 12 12 12 12 12 12 12 12 12 12 12 12 12 12 12 12 12 12 12 12 12 12 12 12 12 12 12 12 12 12 12 12 12 12 12 12 12 12 12 12 12 12 12 12 12 12 12 12 12 12 12 12 12 12 12 12 12 12 12 12 12 12 12 12 12 12 12 12 12 12 12 12 12 12 12 12 12 12 12 12 12 12 12 12 12 12 12 12 12 12 12 12 12 12 12 12 12 12 12 12 12 12 12 12 12 12 12 12 12 12 12 12 12 12 12 12 12 12 12 12 12 12 12 12 12 12 12 12 12 12 12 12 12 12 12 12 12 12 12 12 12 12 12 12 12 12 12 12 12 12 12 12 12 12 12 12 12 12 12 12 12 12 12 12 12 12 12 12 12 12 12 12 12 12 12 12 12 12 12 12 12 12 12 12 12 12 12 12 12 12 12 12 12 12 12 12 12 12 12 12 12 12 12 12 12 12 12 12 12 12 12 12 12 12 12 12 12 12 12 12 12 12 12 12 12 12 12 12 12 12 12 12 12 12 12 12 12 12 12 12 12 12 12 12 12 12 12 12 12 12 12 12 12 12 12 12 12 12 12 12 12 12 12 12 12 12 12 12 12 12 12 12 12 12 12 12 12 12 12 12 12 12 12 12 12 12 12 12 12 12 12 12 12 12 12 12 12 12 12 12 12 12 12 12 12 12 12 12 12 12 12 12 12 12 12 12 12 12 12 12 12 12 12 12 12 12 12 12 12 12 12 12 12 12 12 12 12 12 12 12 12 12 12 12 12 12 12 12 12 12 12 12 12 12 12 12 12 12 12 12 12 12 12 12 12 12 12 12 12 12 12 12 12 12 12 12 12 12 12 12 12 12 12 12 12 12 12 12 12 12 12 12 12 12 12 12 12 12 12 12 12 12 12 12 12 12 12 12 12 12 12 12 12 12 12 12 12 12 12 12 12 12 12 12 12 12 12 12 12 12 12 12 12 12 12 12 12 12 12 12 12 12 12 12 12 12 12 12 12 12 12 12 12 12 12 12 12 12 12 12 12 12 12 12 12 12 12 12 12 12 12 12 12 12 12 12 12 12 12 12 12 12 12 12 12 12 12 12 12 12 12 12 12 12 12 12 12 12 12 12 12 12 12 12 12 12 12 12 12 12 12 12 12 12 12 12 12 12 12 12 12 12 12 12 12 12 12 12 12 12 12 12 12 12 12 12 12 12 12 12 12 12 12 12 12 12 12 12 12 12 12 12 12 12 12 12 12 12 12 12 12 12 12 12 12 12 12 12 12 12 12 12 12 12 12 12 12 12 12 12 12 12 12 12 12 12 12 12 12 12 12 12 12 12 12 12 12 12 12 12 12 12 12 12 12 12 12 12 12 12 12 12 12 12 12 12 12 12 12 12 12 12 12 12 12 12 12 12 12 12 12 12 12 12 12 12 12 12 12 12 12 12 12 12 12 12 12 12 12 12 12 12 12 12 12 12 12 12 12 12 12 12 12 12 12 12 12 12 12 12 12 12 12 12 12 12 12 12 12 12 12 12 12 12 12 12 12 12 12 12 12 12 12 12 12 12 12 12 12 12 12 12 12 12 12 12 12 12 12 12 12 12 12 12 12 12 12 12 12 12 12 12 12 12 12 12 12 12 12 12 12 12 12 12 12 12 12 12 12 12 12 12 12 12 12 12 12 12 12 12 12 12 12 12 12 12 12 12 12 12 12 12 12 12 12 12 12 12 12 12 12 12 12 12 12 12 12 12 12 12 12 12 12 12 12 12 12 12 12 12 12 12 12 12 12 12 12 12 12 12 12 12 12 12 12 12 12 12 12 12 12 12 12 12 12 12 12 12 12 12 12 12 12 12 12 12 12 12 12 12 12 12 12 12 12 12 12 12 12 12 12 12 12 12 12 12 12 12 12 12 12 12 12 12 12 12 12 12 12 12 12 12 12 12 12 12 12 12 12 12 12 12 12 12 12 12 12 12 12 12 12 12 12 12 12 12 12 12 12 12 12 12 12 12 12 12 12 12 12 12 12 12 12 12 12 12 12 12 12 12 12 12 12 12 12 12 12 12 12 12 12 12 12 12 12 12 12 12 12 12 12 12 12 12 12 12 12 12 12 12 12 12 12 12 12 12 12 12 12 12 12 12 12 12 12 12 12 12 12 12 12 12 12 12 12 12 12 12 12 12 12 12 12 12 12 12 12 12 12 12 12 12 12 12 12 12 12 12 12 12 12 12 12 12 12 12 12 12 12 12 12 12 12 12 12 12 12 12 12</DataArray>
      </Cells>
      <PointData>
        <DataArray type="Float64" Name="Displacement" NumberOfComponents="3" format="ascii">13.308932304382324 -25.85013771057129 3.2789573669433594 13.289408683776855 -25.846336364746094 3.288402557373047 -5.139291763305664 -27.905487060546875 -85.08557891845703 -5.166565895080566 -27.892227172851562 -85.34957885742188 13.292964935302734 -25.843204498291016 3.12774658203125 13.289765357971191 -25.842777252197266 3.106842041015625 -5.1394171714782715 -27.890016555786133 -84.93334197998047 -5.157128810882568 -27.89015769958496 -85.2287368774414 15.126049041748047 4.6005859375 -34.68006134033203 15.096942901611328 4.598731994628906 -34.41860580444336 -0.8957290649414062 1.667755126953125 56.37565231323242 -0.8854255676269531 1.6676826477050781 56.394771575927734 15.125566482543945 4.614891052246094 -34.44474792480469 15.095855712890625 4.623935699462891 -34.221397399902344 -0.8960762023925781 1.6593513488769531 56.81953430175781 -0.8458890914916992 1.6573600769042969 56.89360046386719 13.475727081298828 -25.828628540039062 3.3157386779785156 13.477447509765625 -25.824302673339844 3.1285018920898438 13.475278854370117 -25.825332641601562 3.1069183349609375 13.47529125213623 -25.827980041503906 3.2873802185058594 -5.292048454284668 -27.59376335144043 -84.93363952636719 -5.291151523590088 -27.608747482299805 -85.08531951904297 -5.309625625610352 -27.594533920288086 -85.22807312011719 -5.306853294372559 -27.60881805419922 -85.38302612304688 14.923173904418945 4.347347259521484 -34.68518829345703 14.891857147216797 4.345619201660156 -34.419097900390625 -1.3490467071533203 1.649444580078125 56.378475189208984 -1.338327407836914 1.6520500183105469 56.396244049072266 14.923032760620117 4.373870849609375 -34.488712310791016 14.892704010009766 4.369537353515625 -34.22441101074219 -1.3471746444702148 1.6405448913574219 56.813358306884766 -1.3488359451293945 1.6387901306152344 56.83771514892578 22.693880081176758 -24.75462532043457 4.250091552734375 22.663333892822266 -24.697784423828125 4.062564849853516 22.703638076782227 -24.698074340820312 4.042713165283203 22.701900482177734 -24.781526565551758 4.221500396728516 -12.774893760681152 -12.944684982299805 -86.85399627685547 -12.77327823638916 -12.962969779968262 -86.99754333496094 -12.830707550048828 -12.943470001220703 -87.15743255615234 -12.822611808776855 -12.97138786315918 -87.30159759521484 4.502557754516602 -8.354446411132812 -34.87105178833008 4.504574775695801 -8.351638793945312 -34.61295700073242 -22.70595932006836 0.6007957458496094 58.34062957763672 -22.651561737060547 0.5945320129394531 58.35671615600586 4.5010223388671875 -8.35220718383789 -34.657108306884766 4.5017313957214355 -8.351459503173828 -34.39633560180664 -22.705610275268555 0.6645355224609375 58.763328552246094 -22.644859313964844 0.6323127746582031 58.79286193847656 13.300352096557617 -25.847900390625 3.270435333251953 13.291470527648926 -25.83751678466797 3.193634033203125 13.289907455444336 -25.84560775756836 3.227008819580078 13.289993286132812 -25.8443603515625 3.1663818359375 -5.1393938064575195 -27.900463104248047 -85.03501892089844 -5.139423370361328 -27.89529800415039 -84.98463439941406 -5.162955284118652 -27.91571044921875 -85.34324645996094 -5.159310340881348 -27.9090576171875 -85.27145385742188 13.391996383666992 -25.440937042236328 -12.373663902282715 13.562825202941895 -24.86157989501953 -27.576814651489258 13.73464298248291 -24.18543815612793 -41.961185455322266 13.943614959716797 -23.45420265197754 -54.571815490722656 14.294219970703125 -22.676698684692383 -65.06477355957031 14.629339218139648 -21.886768341064453 -71.63634490966797 14.930760383605957 -20.8643741607666 -73.86382293701172 15.337930679321289 -19.914539337158203 -71.9825210571289 15.838342666625977 -18.80006980895996 -64.7290267944336 16.1864070892334 -17.69973373413086 -52.332271575927734 16.371294021606445 -16.726903915405273 -36.369964599609375 16.417125701904297 -15.676322937011719 -18.38632583618164 16.3175106048584 -14.674576759338379 0.1216278076171875 16.1224365234375 -13.671751976013184 18.263713836669922 15.833815574645996 -12.803940773010254 34.7648811340332 15.36806869506836 -11.870111465454102 47.49394607543945 14.781423568725586 -10.992412567138672 55.08144760131836 14.104207992553711 -10.113920211791992 56.60447692871094 13.416206359863281 -9.350900650024414 51.49164581298828 12.815003395080566 -8.669668197631836 40.37165451049805 12.351082801818848 -8.124431610107422 24.19622039794922 12.053643226623535 -7.562793731689453 4.575519561767578 11.902857780456543 -6.9845733642578125 -16.84263038635254 11.8898344039917 -6.416465759277344 -38.380340576171875 11.979007720947266 -5.8206329345703125 -58.531890869140625 12.161623001098633 -5.285877227783203 -75.89900970458984 12.44586181640625 -4.719154357910156 -89.67642211914062 12.788261413574219 -4.228736877441406 -98.65775299072266 13.035961151123047 -3.4427452087402344 -103.30056762695312 13.287303924560547 -2.7324066162109375 -104.50484466552734 13.687027931213379 -1.9354476928710938 -101.75686645507812 14.130315780639648 -1.0288734436035156 -94.34581756591797 14.570961952209473 0.07444000244140625 -82.5078353881836 14.772416114807129 1.3006782531738281 -67.3868179321289 14.933887481689453 2.4478988647460938 -51.558589935302734 13.387995719909668 -25.437257766723633 -12.304086685180664 13.556756973266602 -24.862319946289062 -27.362842559814453 13.728185653686523 -24.18844985961914 -41.63264083862305 13.93562126159668 -23.46442413330078 -54.114471435546875 14.286667823791504 -22.69606590270996 -64.50984191894531 14.618184089660645 -21.900938034057617 -71.08472442626953 14.918862342834473 -20.879833221435547 -73.33377075195312 15.32406234741211 -19.921409606933594 -71.56562805175781 15.823338508605957 -18.802867889404297 -64.4277114868164 16.17262077331543 -17.699695587158203 -52.14741897583008 16.357397079467773 -16.72516632080078 -36.29812240600586 16.403608322143555 -15.67249584197998 -18.41826629638672 16.302875518798828 -14.663789749145508 -0.0368499755859375 16.111122131347656 -13.663304328918457 17.99616241455078 15.821980476379395 -12.795281410217285 34.457305908203125 15.357307434082031 -11.861598014831543 47.17626953125 14.770283699035645 -10.983562469482422 54.77163314819336 14.095110893249512 -10.104822158813477 56.321746826171875 13.408008575439453 -9.341585159301758 51.257205963134766 12.808663368225098 -8.662841796875 40.20741271972656 12.345941543579102 -8.118490219116211 24.10672378540039 12.047930717468262 -7.559328079223633 4.579536437988281 11.897929191589355 -6.9846343994140625 -16.74510955810547 11.883718490600586 -6.420539855957031 -38.177162170410156 11.973688125610352 -5.826581954956055 -58.238121032714844 12.155734062194824 -5.294017791748047 -75.51632690429688 12.441353797912598 -4.72930908203125 -89.20889282226562 12.781046867370605 -4.244289398193359 -98.10297393798828 13.027200698852539 -3.4606971740722656 -102.70240783691406 13.278501510620117 -2.748271942138672 -103.90092468261719 13.676618576049805 -1.9478530883789062 -101.16960144042969 14.11820125579834 -1.0396232604980469 -93.78389739990234 14.554871559143066 0.06820297241210938 -82.01335906982422 14.758023262023926 1.2983283996582031 -66.98308563232422 14.913970947265625 2.4524765014648438 -51.26185607910156 -5.102914333343506 -26.45813751220703 -72.14933013916016 -4.978745937347412 -25.099079132080078 -59.10791015625 -4.911916255950928 -23.826547622680664 -46.07543182373047 -4.961775302886963 -22.742403030395508 -34.180545806884766 -5.070255756378174 -21.800369262695312 -24.597715377807617 -5.3547210693359375 -20.764570236206055 -18.303007125854492 -5.62193489074707 -19.793262481689453 -15.85357666015625 -5.844473838806152 -18.72695541381836 -16.787357330322266 -5.967273235321045 -17.681154251098633 -20.33383560180664 -5.887349605560303 -16.693073272705078 -24.87676239013672 -5.665242671966553 -16.04872703552246 -28.679241180419922 -5.350761413574219 -15.087181091308594 -30.245887756347656 -4.918027877807617 -13.843284606933594 -28.097888946533203 -4.410149097442627 -13.034135818481445 -21.963682174682617 -3.914790153503418 -12.40886402130127 -11.845821380615234 -3.5536060333251953 -11.772652626037598 1.5341529846191406 -3.4058446884155273 -11.189813613891602 16.32244300842285 -3.4559507369995117 -10.637784957885742 30.499418258666992 -3.7748613357543945 -10.097427368164062 41.725276947021484 -4.333077430725098 -9.496917724609375 47.722896575927734 -5.015645980834961 -8.79130744934082 46.72926330566406 -5.72560977935791 -7.955272674560547 38.38791275024414 -6.380121231079102 -7.0092315673828125 22.62889289855957 -6.864254951477051 -5.999309539794922 0.9478721618652344 -7.150445938110352 -4.972711563110352 -24.595596313476562 -7.176477432250977 -3.8087196350097656 -51.46970748901367 -6.85835075378418 -2.725048065185547 -76.39202880859375 -6.2584381103515625 -1.6282615661621094 -96.21217346191406 -5.3671369552612305 -0.6410293579101562 -107.9758071899414 -4.332571029663086 0.13031005859375 -109.64019012451172 -3.330105781555176 0.87213134765625 -100.45664978027344 -2.387348175048828 1.274139404296875 -81.5149917602539 -1.5806427001953125 1.7178382873535156 -53.2940673828125 -1.0726194381713867 1.9698104858398438 -18.813657760620117 -0.8071260452270508 2.3221397399902344 18.63226318359375 -5.119956970214844 -26.460979461669922 -72.47830200195312 -4.995847225189209 -25.108125686645508 -59.49905014038086 -4.925716400146484 -23.838502883911133 -46.497650146484375 -4.973688125610352 -22.755252838134766 -34.60547637939453 -5.081503868103027 -21.811485290527344 -24.993186950683594 -5.365602016448975 -20.77088737487793 -18.648944854736328 -5.634599208831787 -19.79831314086914 -16.15966033935547 -5.856895446777344 -18.731592178344727 -17.06015396118164 -5.980020999908447 -17.686803817749023 -20.576797485351562 -5.897143840789795 -16.702268600463867 -25.09864616394043 -5.674090385437012 -16.060609817504883 -28.88398551940918 -5.364628791809082 -15.102546691894531 -30.427534103393555 -4.927894592285156 -13.855705261230469 -28.196685791015625 -4.417511940002441 -13.042500495910645 -21.974138259887695 -3.9220972061157227 -12.413640975952148 -11.776895523071289 -3.5594539642333984 -11.77316665649414 1.6786308288574219 -3.4118947982788086 -11.1890287399292 16.519298553466797 -3.4615678787231445 -10.635772705078125 30.724599838256836 -3.7810115814208984 -10.090593338012695 41.980377197265625 -4.341085433959961 -9.488048553466797 47.96832275390625 -5.026070594787598 -8.783409118652344 46.91814041137695 -5.737429618835449 -7.949748992919922 38.48379898071289 -6.393825531005859 -7.007749557495117 22.60107421875 -6.878213882446289 -6.000282287597656 0.7924690246582031 -7.165341377258301 -4.976282119750977 -24.880313873291016 -7.192863464355469 -3.81182861328125 -51.868431091308594 -6.873237609863281 -2.733196258544922 -76.91802978515625 -6.272686004638672 -1.6430397033691406 -96.859130859375 -5.37782096862793 -0.6596183776855469 -108.69245910644531 -4.341554641723633 0.11258697509765625 -110.35713195800781 -3.336334228515625 0.8591461181640625 -101.1081771850586 -2.3901901245117188 1.2675209045410156 -82.05846405029297 -1.5816650390625 1.7177658081054688 -53.69437026977539 -1.0759506225585938 1.9715080261230469 -19.070730209350586 -0.8029937744140625 2.321392059326172 18.49908447265625 15.131166458129883 4.608570098876953 -34.607120513916016 15.123771667480469 4.627830505371094 -34.56007385253906 15.095394134521484 4.6071624755859375 -34.35434341430664 15.095130920410156 4.615333557128906 -34.289085388183594 -0.8967056274414062 1.6651420593261719 56.5228271484375 -0.897308349609375 1.6624679565429688 56.66978454589844 -0.8822879791259766 1.6796226501464844 56.57775115966797 -0.8724355697631836 1.6796188354492188 56.712684631347656 13.278473854064941 -25.844045639038086 3.326416015625 13.279858589172363 -25.842153549194336 3.3163681030273438 13.09746265411377 -25.971004486083984 1.7046527862548828 12.691650390625 -26.261878967285156 -0.2262430191040039 12.155324935913086 -26.5567626953125 -2.9374001026153564 11.499002456665039 -26.84232521057129 -6.594221115112305 10.726259231567383 -27.102149963378906 -11.327324867248535 9.818416595458984 -27.241281509399414 -16.711074829101562 8.92312240600586 -27.183242797851562 -21.750146865844727 8.018503189086914 -26.964431762695312 -24.780567169189453 7.156712532043457 -26.710487365722656 -25.025922775268555 6.2766313552856445 -26.48812484741211 -22.634429931640625 5.405719757080078 -26.233238220214844 -17.715085983276367 4.67501974105835 -26.02580451965332 -10.642326354980469 3.943247079849243 -25.82106590270996 -1.7495613098144531 3.29136061668396 -25.692764282226562 8.233638763427734 2.645275831222534 -25.70937156677246 17.98788833618164 1.989722490310669 -25.855812072753906 25.841739654541016 1.325696349143982 -26.14206314086914 30.193099975585938 0.6177582740783691 -26.634288787841797 29.098594665527344 -0.18777751922607422 -27.265209197998047 21.199153900146484 -1.0703277587890625 -27.771610260009766 6.456916809082031 -2.048523426055908 -28.019235610961914 -13.354803085327148 -2.989213466644287 -28.08974838256836 -36.11329650878906 -3.9717440605163574 -27.96690559387207 -60.426761627197266 -5.163272380828857 -27.90526580810547 -85.17755126953125 -5.159489154815674 -27.905986785888672 -85.28384399414062 13.291932106018066 -25.843381881713867 3.121368408203125 13.290960311889648 -25.843284606933594 3.1144180297851562 13.097466468811035 -25.96682357788086 1.6440906524658203 12.68897819519043 -26.254196166992188 -0.15665626525878906 12.152982711791992 -26.548797607421875 -2.7692365646362305 11.496389389038086 -26.83323860168457 -6.356757640838623 10.723973274230957 -27.091407775878906 -11.062662124633789 9.816214561462402 -27.230093002319336 -16.45061683654785 8.91900634765625 -27.172870635986328 -21.51838493347168 8.012842178344727 -26.954166412353516 -24.60875701904297 7.148852348327637 -26.700510025024414 -24.931888580322266 6.2678022384643555 -26.47867202758789 -22.626018524169922 5.397192001342773 -26.22410011291504 -17.791217803955078 4.6657538414001465 -26.017776489257812 -10.777202606201172 3.9360573291778564 -25.813026428222656 -1.9240989685058594 3.285391092300415 -25.68491554260254 8.056629180908203 2.642155170440674 -25.70184326171875 17.832504272460938 1.988685131072998 -25.84767723083496 25.73440933227539 1.3278590440750122 -26.13348388671875 30.143722534179688 0.6223087310791016 -26.62450408935547 29.11273956298828 -0.18193531036376953 -27.25483512878418 21.270214080810547 -1.0643057823181152 -27.759248733520508 6.570098876953125 -2.042799949645996 -28.006446838378906 -13.217384338378906 -2.984941005706787 -28.076946258544922 -35.9664192199707 -3.9693284034729004 -27.95415496826172 -60.275753021240234 -5.145566940307617 -27.890045166015625 -85.03208923339844 -5.151466369628906 -27.89008331298828 -85.13027954101562 15.116376876831055 4.601016998291016 -34.594974517822266 15.106746673583984 4.600166320800781 -34.50750732421875 13.133197784423828 4.490516662597656 -13.492850303649902 11.654410362243652 4.331062316894531 6.566839218139648 10.397931098937988 4.010059356689453 24.392501831054688 9.35761833190918 3.5569725036621094 38.320213317871094 8.440805435180664 3.065929412841797 47.316436767578125 7.717584609985352 2.6147079467773438 51.0179557800293 7.073941230773926 2.2038726806640625 49.51313018798828 6.52183198928833 1.8585968017578125 43.259979248046875 6.018062114715576 1.6188888549804688 32.95706558227539 5.520201683044434 1.5353355407714844 20.105562210083008 5.06450080871582 1.6302261352539062 6.5651702880859375 4.47689151763916 1.93670654296875 -5.464504241943359 3.8286914825439453 2.4083938598632812 -14.085662841796875 3.106348752975464 3.0171470642089844 -17.72270965576172 2.3289265632629395 3.5723037719726562 -15.624063491821289 1.434619426727295 3.9366073608398438 -8.3819580078125 0.5155665874481201 4.101886749267578 2.4844970703125 -0.320223331451416 4.047695159912109 15.127311706542969 -1.0302739143371582 3.773944854736328 27.589740753173828 -1.585153579711914 3.3060684204101562 38.300743103027344 -1.975358009338379 2.7637977600097656 46.229835510253906 -1.9735546112060547 2.2475738525390625 51.50202178955078 -1.6795120239257812 1.8647613525390625 54.616546630859375 -0.8917064666748047 1.6675796508789062 56.383243560791016 -0.8884677886962891 1.6677207946777344 56.3892936706543 15.121431350708008 4.622066497802734 -34.391937255859375 15.102340698242188 4.631259918212891 -34.31196975708008 13.137189865112305 4.51080322265625 -13.345526695251465 11.662308692932129 4.34722900390625 6.6672821044921875 10.406681060791016 4.023723602294922 24.44611930847168 9.369584083557129 3.5687789916992188 38.34994125366211 8.450872421264648 3.0758018493652344 47.33836364746094 7.7288947105407715 2.622894287109375 51.058204650878906 7.083430290222168 2.211376190185547 49.590206146240234 6.529929161071777 1.865386962890625 43.38804244995117 6.023726463317871 1.6253089904785156 33.133583068847656 5.523481845855713 1.5405693054199219 20.31897735595703 5.063636779785156 1.6357612609863281 6.789484024047852 4.471987724304199 1.9438095092773438 -5.256977081298828 3.8235280513763428 2.415912628173828 -13.913934707641602 3.1000406742095947 3.025829315185547 -17.5983943939209 2.3246989250183105 3.581737518310547 -15.552434921264648 1.4344573020935059 3.9475326538085938 -8.376765251159668 0.5180954933166504 4.112030029296875 2.435636520385742 -0.3153657913208008 4.057788848876953 15.049322128295898 -1.0248479843139648 3.78179931640625 27.50909996032715 -1.5796194076538086 3.3127365112304688 38.261112213134766 -1.9753608703613281 2.767498016357422 46.2628173828125 -1.9714765548706055 2.246917724609375 51.65512466430664 -1.6807174682617188 1.8596343994140625 54.91352081298828 -0.8962907791137695 1.6681747436523438 56.82145690917969 -0.8846712112426758 1.6712074279785156 56.86050796508789 13.476226806640625 -25.82745361328125 3.2524681091308594 13.47752857208252 -25.82668685913086 3.1906280517578125 13.476594924926758 -25.82459831237793 3.121318817138672 13.475852966308594 -25.824932098388672 3.1141281127929688 13.475343704223633 -25.827022552490234 3.2267837524414062 13.475321769714355 -25.826129913330078 3.167034149169922 13.476216316223145 -25.82855224609375 3.3056602478027344 13.476123809814453 -25.827930450439453 3.2966384887695312 13.16493034362793 -25.94820213317871 1.6448936462402344 12.642518997192383 -26.22834587097168 -0.15513896942138672 12.008903503417969 -26.511962890625 -2.7678351402282715 11.284299850463867 -26.783348083496094 -6.355124473571777 10.479103088378906 -27.029531478881836 -11.061319351196289 9.572383880615234 -27.164535522460938 -16.450420379638672 8.70909309387207 -27.121198654174805 -21.5194149017334 7.871575355529785 -26.933399200439453 -24.610336303710938 7.097723007202148 -26.712778091430664 -24.933086395263672 6.310698509216309 -26.521995544433594 -22.627227783203125 5.5240678787231445 -26.29584503173828 -17.792686462402344 4.854197025299072 -26.113937377929688 -10.77841567993164 4.154239654541016 -25.927982330322266 -1.9250450134277344 3.4980251789093018 -25.806583404541016 8.056266784667969 2.820037364959717 -25.811054229736328 17.832988739013672 2.1065568923950195 -25.925085067749023 25.73560333251953 1.3737778663635254 -26.157318115234375 30.145633697509766 0.5934033393859863 -26.572856903076172 29.116119384765625 -0.27536821365356445 -27.11785125732422 21.273681640625 -1.2063484191894531 -27.54791259765625 6.572257995605469 -2.2122435569763184 -27.747940063476562 -13.216821670532227 -3.160615921020508 -27.792072296142578 -35.966957092285156 -4.136781215667725 -27.658889770507812 -60.27655029296875 -5.291451930999756 -27.60382843017578 -85.0347900390625 -5.291761875152588 -27.598827362060547 -84.98434448242188 13.163694381713867 -25.953353881835938 1.7021503448486328 12.637866020202637 -26.23539924621582 -0.2355480194091797 12.006449699401855 -26.51997947692871 -2.9479660987854004 11.281518936157227 -26.79275131225586 -6.605003833770752 10.47663688659668 -27.040807723999023 -11.335634231567383 9.571287155151367 -27.176437377929688 -16.719114303588867 8.708999633789062 -27.132396697998047 -21.76071548461914 7.872356414794922 -26.94377326965332 -24.796566009521484 7.095770835876465 -26.722457885742188 -25.04747772216797 6.310196876525879 -26.531604766845703 -22.660236358642578 5.523642539978027 -26.304771423339844 -17.740699768066406 4.851419448852539 -26.12195587158203 -10.66909408569336 4.153890132904053 -25.935630798339844 -1.7718429565429688 3.4950766563415527 -25.813655853271484 8.216407775878906 2.818638324737549 -25.818603515625 17.977336883544922 2.1036715507507324 -25.93268585205078 25.837848663330078 1.3711695671081543 -26.165508270263672 30.196094512939453 0.590050458908081 -26.582332611083984 29.10842514038086 -0.27865028381347656 -27.128795623779297 21.212352752685547 -1.207930088043213 -27.561124801635742 6.471904754638672 -2.211148738861084 -27.7613525390625 -13.338720321655273 -3.159177780151367 -27.80474853515625 -36.09955596923828 -4.134835720062256 -27.672828674316406 -60.41997528076172 -5.297857284545898 -27.593936920166016 -85.03162384033203 -5.30372953414917 -27.594242095947266 -85.12989807128906 -5.307644844055176 -27.60293960571289 -85.32894897460938 -5.3083086013793945 -27.599197387695312 -85.27983093261719 -5.2970123291015625 -27.60845375061035 -85.18313598632812 -5.3017096519470215 -27.608821868896484 -85.28326416015625 13.575243949890137 -25.534589767456055 -12.359918594360352 13.740715026855469 -25.073572158813477 -27.57878303527832 13.895330429077148 -24.504140853881836 -41.966835021972656 14.083101272583008 -23.863773345947266 -54.60273361206055 14.398229598999023 -23.14229965209961 -65.11923217773438 14.68049430847168 -22.362661361694336 -71.68218994140625 14.93415641784668 -21.321733474731445 -73.90885162353516 15.28533935546875 -20.303569793701172 -72.00025939941406 15.72015380859375 -19.09639549255371 -64.73265075683594 16.015064239501953 -17.887907028198242 -52.33038330078125 16.167068481445312 -16.807106018066406 -36.36536407470703 16.19839096069336 -15.663145065307617 -18.373672485351562 16.097837448120117 -14.567741394042969 0.1531829833984375 15.913736343383789 -13.448079109191895 18.291423797607422 15.655365943908691 -12.533555030822754 34.78862762451172 15.245282173156738 -11.586160659790039 47.51567077636719 14.724544525146484 -10.71670150756836 55.10406494140625 14.12576961517334 -9.865764617919922 56.627315521240234 13.5136137008667 -9.15240478515625 51.514835357666016 12.97959041595459 -8.535768508911133 40.39058303833008 12.56743335723877 -8.05799674987793 24.21190643310547 12.300813674926758 -7.573345184326172 4.5812835693359375 12.162038803100586 -7.08241081237793 -16.843177795410156 12.140664100646973 -6.59724235534668 -38.39326477050781 12.204407691955566 -6.083763122558594 -58.550270080566406 12.34891414642334 -5.630954742431641 -75.92269897460938 12.582478523254395 -5.132356643676758 -89.7077865600586 12.867202758789062 -4.702732086181641 -98.70808410644531 13.070950508117676 -3.9487648010253906 -103.3535385131836 13.278884887695312 -3.2623977661132812 -104.55177307128906 13.6265869140625 -2.4669189453125 -101.79147338867188 14.015151023864746 -1.5457763671875 -94.37423706054688 14.406112670898438 -0.3959846496582031 -82.52350616455078 14.58640193939209 0.9029273986816406 -67.39383697509766 14.738897323608398 2.1254539489746094 -51.54352569580078 14.912923812866211 4.346637725830078 -34.59623718261719 14.90249252319336 4.3460540771484375 -34.507686614990234 13.571341514587402 -25.53623390197754 -12.30493450164795 13.73447322845459 -25.07459831237793 -27.363662719726562 13.889542579650879 -24.504884719848633 -41.633827209472656 14.074789047241211 -23.86194610595703 -54.115333557128906 14.391557693481445 -23.139896392822266 -64.51182556152344 14.670188903808594 -22.360088348388672 -71.08769226074219 14.92282485961914 -21.320058822631836 -73.33477020263672 15.272577285766602 -20.30482292175293 -71.56864929199219 15.704439163208008 -19.09956932067871 -64.43038940429688 16.00063705444336 -17.890302658081055 -52.14950180053711 16.152084350585938 -16.808130264282227 -36.299278259277344 16.18370246887207 -15.664962768554688 -18.41843032836914 16.082977294921875 -14.57019329071045 -0.035846710205078125 15.900492668151855 -13.449953079223633 17.998260498046875 15.643054962158203 -12.533315658569336 34.45921325683594 15.233464241027832 -11.584750175476074 47.179115295410156 14.713698387145996 -10.714458465576172 54.775062561035156 14.116293907165527 -9.863374710083008 56.325706481933594 13.506290435791016 -9.149681091308594 51.26084899902344 12.974075317382812 -8.531991958618164 40.21029281616211 12.562993049621582 -8.05817985534668 24.108642578125 12.29626750946045 -7.574226379394531 4.580615997314453 12.157474517822266 -7.080394744873047 -16.744726181030273 12.135604858398438 -6.59754753112793 -38.177406311035156 12.19963264465332 -6.083528518676758 -58.23872375488281 12.343749046325684 -5.629638671875 -75.51779174804688 12.577866554260254 -5.135622024536133 -89.21061706542969 12.859785079956055 -4.6993865966796875 -98.10556030273438 13.061577796936035 -3.9497642517089844 -102.70283508300781 13.271122932434082 -3.2584762573242188 -103.90184020996094 13.616413116455078 -2.4668731689453125 -101.1720199584961 14.00218677520752 -1.5455360412597656 -93.78678894042969 14.38949966430664 -0.3964576721191406 -82.01538848876953 14.571513175964355 0.907257080078125 -66.98382568359375 14.718816757202148 2.1221046447753906 -51.26383972167969 13.008610725402832 4.24267578125 -13.49179458618164 11.595595359802246 4.100624084472656 6.567987442016602 10.39380168914795 3.8167648315429688 24.394777297973633 9.388959884643555 3.4180679321289062 38.322669982910156 8.478917121887207 2.989971160888672 47.31922912597656 7.734899044036865 2.601654052734375 51.020469665527344 7.048721790313721 2.2514266967773438 49.51543045043945 6.438165187835693 1.9600257873535156 43.26165008544922 5.874785423278809 1.7611732482910156 32.957862854003906 5.326922416687012 1.6976737976074219 20.105865478515625 4.841734409332275 1.7877426147460938 6.563821792602539 4.252899169921875 2.0640411376953125 -5.466651916503906 3.6359078884124756 2.4844512939453125 -14.088863372802734 2.9621894359588623 3.026458740234375 -17.7259578704834 2.240002393722534 3.513774871826172 -15.627161026000977 1.432023048400879 3.824634552001953 -8.382978439331055 0.5791223049163818 3.9569358825683594 2.4845399856567383 -0.2167220115661621 3.8938026428222656 15.128299713134766 -0.9211301803588867 3.6321144104003906 27.59212875366211 -1.530259132385254 3.193359375 38.30356979370117 -2.0112504959106445 2.6854476928710938 46.233245849609375 -2.1327590942382812 2.1983985900878906 51.5048713684082 -1.9875144958496094 1.8377571105957031 54.61857604980469 -5.25759220123291 -26.143871307373047 -72.14912414550781 -5.136679649353027 -24.763572692871094 -59.10902404785156 -5.0638957023620605 -23.482322692871094 -46.076011657714844 -5.092817783355713 -22.404006958007812 -34.1806640625 -5.1672163009643555 -21.47943687438965 -24.596616744995117 -5.407137870788574 -20.469844818115234 -18.30217742919922 -5.629878044128418 -19.525657653808594 -15.85239028930664 -5.815232753753662 -18.49038314819336 -16.786945343017578 -5.915252208709717 -17.476755142211914 -20.334041595458984 -5.834270000457764 -16.52383804321289 -24.876846313476562 -5.629966735839844 -15.916280746459961 -28.68100357055664 -5.352513790130615 -15.000406265258789 -30.251258850097656 -4.9672956466674805 -13.814400672912598 -28.100975036621094 -4.508175849914551 -13.0628023147583 -21.965816497802734 -4.058544158935547 -12.495458602905273 -11.848381042480469 -3.726522445678711 -11.916259765625 1.5322837829589844 -3.5838403701782227 -11.379205703735352 16.321941375732422 -3.6129531860351562 -10.854829788208008 30.50028419494629 -3.8824539184570312 -10.32148551940918 41.727359771728516 -4.365036964416504 -9.701900482177734 47.72624969482422 -4.9600934982299805 -8.946887969970703 46.733123779296875 -5.5797929763793945 -8.034107208251953 38.39177703857422 -6.151649475097656 -6.985994338989258 22.632083892822266 -6.576634407043457 -5.861335754394531 0.9502334594726562 -6.830219268798828 -4.713567733764648 -24.59444808959961 -6.8592329025268555 -3.4303932189941406 -51.470882415771484 -6.584015846252441 -2.2396507263183594 -76.39456176757812 -6.063910484313965 -1.0558204650878906 -96.2163314819336 -5.283507347106934 -0.017665863037109375 -107.98126983642578 -4.378664016723633 0.7613182067871094 -109.6453857421875 -3.5001726150512695 1.4644584655761719 -100.46235656738281 -2.6733741760253906 1.798797607421875 -81.51998901367188 -1.9635677337646484 2.13372802734375 -53.29840850830078 -1.510702133178711 2.2493209838867188 -18.815473556518555 -1.2606706619262695 2.4486846923828125 18.630170822143555 -1.346120834350586 1.6502342224121094 56.38407897949219 -1.3422365188598633 1.6511268615722656 56.39009094238281 -5.274144172668457 -26.143341064453125 -72.4862289428711 -5.152712821960449 -24.761362075805664 -59.526004791259766 -5.076848983764648 -23.478315353393555 -46.53534698486328 -5.104211807250977 -22.39897918701172 -34.646812438964844 -5.178516864776611 -21.473970413208008 -25.02760887145996 -5.418525218963623 -20.46487808227539 -18.672571182250977 -5.642539024353027 -19.52165412902832 -16.176803588867188 -5.828506946563721 -18.487138748168945 -17.076885223388672 -5.928882122039795 -17.47418212890625 -20.59524154663086 -5.844339847564697 -16.522235870361328 -25.124631881713867 -5.6398210525512695 -15.91411018371582 -28.920289993286133 -5.366444110870361 -14.9989013671875 -30.473445892333984 -4.977383613586426 -13.813800811767578 -28.232568740844727 -4.515529632568359 -13.063777923583984 -21.99604034423828 -4.06510066986084 -12.497526168823242 -11.786895751953125 -3.731832504272461 -11.917868614196777 1.6774406433105469 -3.5886497497558594 -11.37996768951416 16.523109436035156 -3.617511749267578 -10.854055404663086 30.729415893554688 -3.8877859115600586 -10.319988250732422 41.99725341796875 -4.372622489929199 -9.699682235717773 47.990482330322266 -4.970152854919434 -8.94393539428711 46.937408447265625 -5.592109680175781 -8.030261993408203 38.49517822265625 -6.165985107421875 -6.981866836547852 22.60151481628418 -6.591770172119141 -5.857746124267578 0.7853469848632812 -6.847088813781738 -4.711061477661133 -24.891765594482422 -6.8763580322265625 -3.4302024841308594 -51.87886047363281 -6.600925445556641 -2.2407455444335938 -76.93968200683594 -6.079298973083496 -1.0569419860839844 -96.89774322509766 -5.295178413391113 -0.018321990966796875 -108.74185943603516 -4.387879371643066 0.7581939697265625 -110.40279388427734 -3.5057601928710938 1.4616928100585938 -101.14064025878906 -2.676023483276367 1.7939414978027344 -82.0712890625 -1.9632749557495117 2.1287918090820312 -53.68940353393555 -1.5122289657592773 2.2462921142578125 -19.061861038208008 -1.2537555694580078 2.447265625 18.495994567871094 14.922391891479492 4.3548583984375 -34.61851501464844 14.92233657836914 4.363117218017578 -34.55253219604492 14.912551879882812 4.372638702392578 -34.4005012512207 14.903068542480469 4.371089935302734 -34.31077194213867 14.892250061035156 4.353736877441406 -34.35377502441406 14.89249038696289 4.362171173095703 -34.28888702392578 13.008600234985352 4.263328552246094 -13.333906173706055 11.59542179107666 4.1171112060546875 6.687349319458008 10.393664360046387 3.831104278564453 24.472389221191406 9.389179229736328 3.4301910400390625 38.380889892578125 8.479118347167969 3.0000762939453125 47.370445251464844 7.735544681549072 2.609935760498047 51.086830139160156 7.0484137535095215 2.2588348388671875 49.61729431152344 6.438364028930664 1.9662284851074219 43.41020202636719 5.874024391174316 1.7667312622070312 33.15087127685547 5.326217174530029 1.7023429870605469 20.328222274780273 4.839908123016357 1.7926406860351562 6.789882659912109 4.251086235046387 2.0702362060546875 -5.2661285400390625 3.6334433555603027 2.4911766052246094 -13.9266357421875 2.958956718444824 3.034893035888672 -17.610485076904297 2.2373766899108887 3.523784637451172 -15.562752723693848 1.4298185110092163 3.83587646484375 -8.377449035644531 0.5779299736022949 3.968189239501953 2.441988945007324 -0.2169342041015625 3.9041786193847656 15.062089920043945 -0.9205455780029297 3.6403121948242188 27.525169372558594 -1.5275745391845703 3.200347900390625 38.27008056640625 -2.0071725845336914 2.6888427734375 46.26494598388672 -2.1296939849853516 2.198150634765625 51.653507232666016 -1.985708236694336 1.8330039978027344 54.909523010253906 -1.3483867645263672 1.6462173461914062 56.52397537231445 -1.3477764129638672 1.643341064453125 56.669029235839844 -1.3565340042114258 1.6412887573242188 56.82429885864258 -1.354665756225586 1.6388168334960938 56.83335494995117 -1.3455877304077148 1.6502532958984375 56.544315338134766 -1.3491363525390625 1.643951416015625 56.69287109375 16.4955997467041 -25.481704711914062 3.6148223876953125 19.59060287475586 -25.126434326171875 3.9318313598632812 16.488168716430664 -25.461910247802734 3.4362258911132812 19.5750789642334 -25.08901023864746 3.7473182678222656 22.691978454589844 -24.745676040649414 4.189205169677734 22.68332290649414 -24.728946685791016 4.1266326904296875 16.492713928222656 -25.46283531188965 3.4147377014160156 19.593477249145508 -25.08944320678711 3.726531982421875 22.677337646484375 -24.69786834716797 4.0557708740234375 22.690582275390625 -24.697980880737305 4.049190521240234 16.49195098876953 -25.489707946777344 3.595966339111328 19.59259796142578 -25.143301010131836 3.908824920654297 22.70241355895996 -24.753490447998047 4.162223815917969 22.702905654907227 -24.725744247436523 4.103019714355469 22.68671417236328 -24.75507926940918 4.2418975830078125 22.687593460083008 -24.763072967529297 4.233280181884766 -7.844541072845459 -22.71990203857422 -85.57113647460938 -10.337763786315918 -17.887441635131836 -86.21453857421875 15.367254257202148 -24.910526275634766 1.9581108093261719 8.910208702087402 -24.886878967285156 -0.5410337448120117 2.06064510345459 -24.67056655883789 -3.6085925102233887 -1.3285179138183594 -24.37714195251465 -7.489646911621094 -3.997894763946533 -24.109943389892578 -12.30038070678711 -3.9908761978149414 -24.18610382080078 -17.601226806640625 -3.548240900039673 -24.850473403930664 -22.504772186279297 -2.3974547386169434 -26.074190139770508 -25.32347869873047 0.8677628040313721 -27.445755004882812 -25.38857078552246 3.3128199577331543 -28.775638580322266 -22.750350952148438 6.466078758239746 -29.952016830444336 -17.551288604736328 9.149140357971191 -30.954267501831055 -10.33694839477539 10.283950805664062 -31.609642028808594 -1.3243408203125 10.0760498046875 -31.726573944091797 8.600467681884766 8.845637321472168 -31.08788299560547 18.25366973876953 6.605323791503906 -29.57973289489746 25.927677154541016 4.013761520385742 -27.143566131591797 30.064960479736328 0.8651371002197266 -23.900066375732422 28.757518768310547 -2.5323963165283203 -20.134681701660156 20.693805694580078 -5.053540229797363 -17.249082565307617 5.946102142333984 -6.920448303222656 -15.19283390045166 -13.812772750854492 -9.010753631591797 -13.825469017028809 -36.63203048706055 -11.092619895935059 -13.209430694580078 -60.94154739379883 -7.843397617340088 -22.737892150878906 -85.7210693359375 -10.337422370910645 -17.908721923828125 -86.36003875732422 -12.773834228515625 -12.957077980041504 -86.94961547851562 -12.774369239807129 -12.950940132141113 -86.90171813964844 15.3702392578125 -24.989377975463867 1.999898910522461 8.909893989562988 -24.971298217773438 -0.6011409759521484 2.0630784034729004 -24.732769012451172 -3.822674512863159 -1.3272185325622559 -24.4118595123291 -7.73152494430542 -3.996091365814209 -24.12694549560547 -12.601929664611816 -3.992631435394287 -24.17934799194336 -17.868080139160156 -3.5533432960510254 -24.845300674438477 -22.74602508544922 -2.404712677001953 -26.044889450073242 -25.539562225341797 0.8604450225830078 -27.409589767456055 -25.50448989868164 3.306394100189209 -28.74394989013672 -22.819904327392578 6.460341930389404 -29.9133358001709 -17.54462242126465 9.144510269165039 -30.930713653564453 -10.25613021850586 10.281559944152832 -31.604965209960938 -1.2129631042480469 10.077160835266113 -31.735103607177734 8.716926574707031 8.850973129272461 -31.109477996826172 18.363632202148438 6.6158447265625 -29.60919952392578 26.009620666503906 4.028730392456055 -27.177288055419922 30.12017059326172 0.8845176696777344 -23.94178009033203 28.770626068115234 -2.5135746002197266 -20.16939353942871 20.64752197265625 -5.040960311889648 -17.27434539794922 5.882457733154297 -6.911264896392822 -15.215719223022461 -13.89478874206543 -9.005990982055664 -13.851520538330078 -36.74345016479492 -11.090529441833496 -13.232064247131348 -61.094627380371094 -7.870181083679199 -22.720136642456055 -85.86384582519531 -10.379179000854492 -17.88701629638672 -86.51061248779297 -12.793441772460938 -12.944294929504395 -86.95515441894531 -12.811809539794922 -12.943878173828125 -87.05619812011719 -7.8691020011901855 -22.739383697509766 -86.01176452636719 -10.374547004699707 -17.91327476501465 -86.658447265625 -12.822490692138672 -12.957832336425781 -87.2513427734375 -12.824406623840332 -12.948324203491211 -87.20315551757812 -12.792739868164062 -12.968600273132324 -87.09919738769531 -12.808577537536621 -12.970893859863281 -87.19852447509766 11.659557342529297 -0.01924896240234375 -34.753570556640625 8.123392105102539 -4.1134796142578125 -34.815433502197266 22.640281677246094 -28.94325828552246 -12.68956184387207 22.456073760986328 -34.87715530395508 -28.400104522705078 21.990079879760742 -42.45945739746094 -43.48124694824219 20.94586181640625 -49.76976776123047 -56.837982177734375 19.43026351928711 -56.69329833984375 -67.84176635742188 17.291439056396484 -55.93230438232422 -74.45889282226562 15.090110778808594 -50.886131286621094 -76.25672149658203 12.717302322387695 -41.918609619140625 -73.64234924316406 9.95553970336914 -34.61402893066406 -65.8399429321289 7.704519271850586 -27.499019622802734 -52.95758819580078 6.249042510986328 -20.156879425048828 -36.55057907104492 5.517742156982422 -11.438563346862793 -17.921524047851562 5.484018325805664 -3.7802348136901855 1.1396560668945312 5.816959381103516 2.0808537006378174 19.619613647460938 7.075206279754639 5.452841758728027 36.189788818359375 9.271388053894043 6.67094612121582 48.886051177978516 12.059340476989746 7.194196701049805 56.391448974609375 15.19388198852539 6.7801055908203125 57.80152893066406 18.30499839782715 5.009471893310547 52.478641510009766 21.03982925415039 2.5169715881347656 41.0777473449707 23.133956909179688 -2.3298873901367188 24.549968719482422 24.453899383544922 -7.2002716064453125 4.596031188964844 24.88352394104004 -12.75741195678711 -17.39532470703125 24.49180030822754 -18.137704849243164 -39.30888748168945 23.326753616333008 -23.464616775512695 -59.92036056518555 21.5424861907959 -27.386287689208984 -77.630126953125 19.33405113220215 -33.245765686035156 -91.84005737304688 16.96175193786621 -36.268653869628906 -101.27217864990234 14.84166145324707 -40.340370178222656 -106.30157470703125 12.83735466003418 -38.142555236816406 -107.47725677490234 10.618688583374023 -36.141845703125 -104.53756713867188 8.381175994873047 -31.684391021728516 -96.81220245361328 6.576760292053223 -28.00925636291504 -84.8656005859375 5.546238422393799 -15.827986717224121 -68.9163818359375 5.021842002868652 -9.161277770996094 -52.48158645629883 11.637526512145996 -0.021350860595703125 -34.49821472167969 8.1102876663208 -4.112865447998047 -34.566322326660156 4.503517150878906 -8.35354995727539 -34.784706115722656 4.504044532775879 -8.352684020996094 -34.698795318603516 22.69870948791504 -28.94308090209961 -12.595916748046875 22.539775848388672 -34.87537384033203 -28.234546661376953 22.079692840576172 -42.455726623535156 -43.09312057495117 21.041439056396484 -49.762603759765625 -56.31855773925781 19.47165870666504 -56.68330764770508 -67.15399932861328 17.25179672241211 -55.91999816894531 -73.75804901123047 15.00017261505127 -50.874359130859375 -75.67536926269531 12.614618301391602 -41.90400314331055 -73.22802734375 9.873029708862305 -34.60063552856445 -65.509765625 7.619663238525391 -27.48914337158203 -52.757625579833984 6.151178359985352 -20.15131950378418 -36.47728729248047 5.415348052978516 -11.436674118041992 -18.026187896728516 5.40170955657959 -3.781057834625244 0.91436767578125 5.760365009307861 2.0764851570129395 19.311908721923828 7.0501203536987305 5.443572998046875 35.818321228027344 9.262474060058594 6.657567977905273 48.50834274291992 12.05687141418457 7.178165435791016 56.02252960205078 15.208198547363281 6.763378143310547 57.45295715332031 18.328744888305664 4.993858337402344 52.17972183227539 21.084850311279297 2.5041046142578125 40.83203125 23.194534301757812 -2.3391265869140625 24.433799743652344 24.5159854888916 -7.204898834228516 4.584388732910156 24.949926376342773 -12.757530212402344 -17.26795768737793 24.558853149414062 -18.133371353149414 -39.080467224121094 23.377809524536133 -23.456981658935547 -59.54974365234375 21.60456657409668 -27.375507354736328 -77.19145202636719 19.386606216430664 -33.23358917236328 -91.23744201660156 17.0091609954834 -36.25669479370117 -100.65837097167969 14.854351043701172 -40.33015441894531 -105.52931213378906 12.806781768798828 -38.131446838378906 -106.7808837890625 10.577836990356445 -36.129966735839844 -103.82853698730469 8.34298324584961 -31.672422409057617 -96.23180389404297 6.477728366851807 -28.002042770385742 -84.26830291748047 5.409488677978516 -15.823694229125977 -68.66297912597656 4.989682197570801 -9.157037734985352 -52.308509826660156 -8.519011497497559 1.3168983459472656 57.04326629638672 -15.591361045837402 0.9631118774414062 57.70656204223633 -12.968157768249512 -7.872738361358643 -73.7297592163086 -12.932320594787598 -2.9754037857055664 -61.03411865234375 -12.502908706665039 1.1932430267333984 -48.306766510009766 -11.538643836975098 2.8806209564208984 -36.502906799316406 -9.985726356506348 1.9567604064941406 -26.853870391845703 -8.140595436096191 -0.28814697265625 -20.243621826171875 -6.197328567504883 -2.296783447265625 -17.541797637939453 -4.672333717346191 -3.291299819946289 -18.261089324951172 -3.657233238220215 -3.3085250854492188 -21.6306209564209 -3.5264625549316406 -2.694242477416992 -26.052547454833984 -4.17201042175293 -2.051067352294922 -29.77627182006836 -5.619795799255371 -2.5239925384521484 -31.135892868041992 -7.50067138671875 -5.132411479949951 -28.66084098815918 -9.462778091430664 -9.40069580078125 -22.085289001464844 -11.10666275024414 -14.792110443115234 -11.503737449645996 -12.115026473999023 -19.83898162841797 2.255023956298828 -12.168485641479492 -21.833118438720703 17.179288864135742 -11.127941131591797 -23.33460235595703 31.398216247558594 -8.972146987915039 -24.609201431274414 42.69595718383789 -5.799691677093506 -24.082000732421875 48.619117736816406 -2.1366186141967773 -20.352672576904297 47.333709716796875 1.6418542861938477 -14.341836929321289 38.55669403076172 4.992173194885254 -5.890102386474609 22.22662353515625 7.435783386230469 2.9745922088623047 -0.01355743408203125 8.708135604858398 10.823081970214844 -26.011714935302734 8.472753524780273 18.04444694519043 -53.216514587402344 6.671597003936768 26.211750030517578 -78.61407470703125 3.272404670715332 35.29622268676758 -98.95117950439453 -1.3887500762939453 40.61494064331055 -111.05915832519531 -6.734884262084961 42.2298583984375 -112.65692901611328 -11.97296142578125 36.95439529418945 -103.0751724243164 -16.798057556152344 29.932418823242188 -83.5462417602539 -20.66059112548828 21.859844207763672 -54.72588348388672 -22.9372501373291 13.885688781738281 -19.737064361572266 -23.573698043823242 5.970462799072266 18.259109497070312 -8.477615356445312 1.3171730041503906 57.060890197753906 -15.538140296936035 0.9603843688964844 57.723358154296875 -22.688854217529297 0.5988006591796875 58.345802307128906 -22.670089721679688 0.596710205078125 58.351280212402344 -13.026729583740234 -7.871960639953613 -74.10608673095703 -12.989767074584961 -2.9766101837158203 -61.4739875793457 -12.540262222290039 1.189718246459961 -48.80713653564453 -11.541582107543945 2.8736209869384766 -37.01765823364258 -9.96341609954834 1.9479179382324219 -27.337448120117188 -8.112592697143555 -0.29885101318359375 -20.65869140625 -6.178770542144775 -2.3061466217041016 -17.890796661376953 -4.667108535766602 -3.298219680786133 -18.569244384765625 -3.661740303039551 -3.311738967895508 -21.920806884765625 -3.536327362060547 -2.6927928924560547 -26.337024688720703 -4.175655364990234 -2.0454883575439453 -30.0656795501709 -5.601858139038086 -2.5153865814208984 -31.399368286132812 -7.458133697509766 -5.121788501739502 -28.845611572265625 -9.403789520263672 -9.390869140625 -22.17733383178711 -11.037847518920898 -14.784667015075684 -11.461685180664062 -12.072837829589844 -19.835914611816406 2.4195098876953125 -12.152082443237305 -21.83553123474121 17.392555236816406 -11.10865592956543 -23.342758178710938 31.665197372436523 -8.963589668273926 -24.623714447021484 42.9820556640625 -5.825160503387451 -24.100303649902344 48.914207458496094 -2.195920467376709 -20.372678756713867 47.57016372680664 1.553858757019043 -14.361194610595703 38.69325637817383 4.883636474609375 -5.905559539794922 22.21365737915039 7.334438800811768 2.9644203186035156 -0.19611358642578125 8.619880676269531 10.820276260375977 -26.326309204101562 8.383602142333984 18.0496768951416 -53.66001892089844 6.561093330383301 26.225688934326172 -79.18697357177734 3.181713104248047 35.317787170410156 -99.69439697265625 -1.4345121383666992 40.642051696777344 -111.88343048095703 -6.711104393005371 42.257957458496094 -113.52108001708984 -11.891054153442383 36.981239318847656 -103.7913818359375 -16.707164764404297 29.95629119873047 -84.11446380615234 -20.56325340270996 21.87646484375 -55.125797271728516 -22.838197708129883 13.893814086914062 -19.96515464782715 -23.494874954223633 5.969547271728516 18.242713928222656 11.65955638885498 -0.0006103515625 -34.55046081542969 8.123044967651367 -4.102149963378906 -34.59675598144531 4.502509117126465 -8.352943420410156 -34.798484802246094 4.501729488372803 -8.35247802734375 -34.72834396362305 11.63599967956543 -0.002811431884765625 -34.29316329956055 8.109253883361816 -4.103305816650391 -34.349090576171875 4.502016067504883 -8.35184097290039 -34.569400787353516 4.5025506019592285 -8.351444244384766 -34.48309326171875 4.503509521484375 -8.35134506225586 -34.54082489013672 4.502627372741699 -8.351318359375 -34.4687614440918 -8.519024848937988 1.3344841003417969 57.46842575073242 -15.591978073120117 1.0044670104980469 58.12761688232422 4.379436016082764 -7.948707580566406 -12.649347305297852 4.201910972595215 -7.122486114501953 7.222494125366211 4.693059921264648 -5.52728271484375 24.793474197387695 4.835221290588379 -3.2734413146972656 38.56925964355469 4.015011787414551 -0.7042312622070312 47.49934387207031 2.46236515045166 1.97784423828125 51.281490325927734 0.29888343811035156 4.560539245605469 49.97673416137695 -2.227931022644043 6.899723052978516 43.963844299316406 -4.557307720184326 8.64431381225586 33.92845153808594 -6.229027271270752 9.504619598388672 21.293302536010742 -6.324006080627441 9.366592407226562 7.839057922363281 -5.245265007019043 8.171051025390625 -4.277107238769531 -3.5555498600006104 6.133319854736328 -13.058948516845703 -1.804695725440979 3.584625244140625 -16.93604278564453 -0.187856525182724 0.8277816772460938 -15.07450008392334 1.2342811822891235 -1.4917182922363281 -8.144774436950684 2.195560932159424 -2.91827392578125 2.4105262756347656 2.2277169227600098 -3.426410675048828 14.891023635864258 1.5543179512023926 -3.2358436584472656 27.312482833862305 -0.3561728596687317 -2.3658218383789062 38.078407287597656 -4.074764251708984 -1.2673606872558594 46.362098693847656 -9.760644912719727 -0.3246498107910156 52.27122116088867 -16.467729568481445 0.3705291748046875 56.15289306640625 -22.705795288085938 0.6216926574707031 58.48213195800781 -22.705659866333008 0.6427841186523438 58.62269592285156 4.381329536437988 -7.952556610107422 -12.825965881347656 4.207989692687988 -7.120304107666016 7.06196403503418 4.703554153442383 -5.521022796630859 24.66869354248047 4.848139762878418 -3.2775726318359375 38.46843719482422 4.0288872718811035 -0.7189598083496094 47.39789581298828 2.4762039184570312 1.9553794860839844 51.15882873535156 0.31217479705810547 4.531669616699219 49.83154296875 -2.2169837951660156 6.869762420654297 43.78248596191406 -4.550117015838623 8.61871337890625 33.71710968017578 -6.227113723754883 9.493484497070312 21.060440063476562 -6.327646255493164 9.37393569946289 7.616605758666992 -5.253932952880859 8.188644409179688 -4.4620208740234375 -3.567342758178711 6.155189514160156 -13.19156265258789 -1.8191967010498047 3.6048202514648438 -17.020294189453125 -0.20159956812858582 0.84619140625 -15.115494728088379 1.2241318225860596 -1.4764518737792969 -8.14875316619873 2.190617322921753 -2.912311553955078 2.439497947692871 2.226947069168091 -3.43035888671875 14.932668685913086 1.5576859712600708 -3.2499465942382812 27.35712432861328 -0.35068950057029724 -2.3991546630859375 38.09787368774414 -4.06895637512207 -1.324188232421875 46.316707611083984 -9.755802154541016 -0.4024085998535156 52.11754608154297 -16.46430015563965 0.2925529479980469 55.85947036743164 -8.499074935913086 1.3233222961425781 57.487220764160156 -15.553972244262695 0.9829292297363281 58.1435546875 -22.66438102722168 0.639251708984375 58.777565002441406 -22.646106719970703 0.6321372985839844 58.786563873291016 -22.644611358642578 0.6185111999511719 58.510406494140625 -22.645496368408203 0.6308364868164062 58.65341567993164 13.279887199401855 -25.84551239013672 3.2470664978027344 13.291500091552734 -25.848745346069336 3.236682891845703 13.289271354675293 -25.84296417236328 3.190582275390625 13.291961669921875 -25.847553253173828 3.1771278381347656 13.098231315612793 -25.96978759765625 1.6830635070800781 12.693511962890625 -26.259584426879883 -0.20717525482177734 12.157428741455078 -26.554229736328125 -2.8864543437957764 11.501176834106445 -26.839473724365234 -6.520113945007324 10.727874755859375 -27.09852409362793 -11.24296760559082 9.819696426391602 -27.237743377685547 -16.627817153930664 8.924251556396484 -27.179718017578125 -21.677377700805664 8.020294189453125 -26.961002349853516 -24.73015594482422 7.159115791320801 -26.70703887939453 -25.003231048583984 6.27984619140625 -26.484676361083984 -22.642440795898438 5.408941745758057 -26.230117797851562 -17.751537322998047 4.678253650665283 -26.023027420043945 -10.698162078857422 3.946100950241089 -25.81833267211914 -1.8170700073242188 3.293489933013916 -25.689971923828125 8.167655944824219 2.6469030380249023 -25.70682144165039 17.931533813476562 1.9905678033828735 -25.85308837890625 25.804363250732422 1.3260244131088257 -26.139328002929688 30.17766571044922 0.617506742477417 -26.631080627441406 29.106922149658203 -0.18845033645629883 -27.26178741455078 21.227935791015625 -1.0716595649719238 -27.767898559570312 6.501136779785156 -2.050477981567383 -28.014949798583984 -13.302352905273438 -2.991260528564453 -28.08648681640625 -36.058380126953125 -3.9728708267211914 -27.96261215209961 -60.37319564819336 13.098093032836914 -25.968292236328125 1.6634349822998047 12.692366600036621 -26.257068634033203 -0.18312931060791016 12.156229972839355 -26.551448822021484 -2.8291945457458496 11.499859809875488 -26.83643913269043 -6.439828872680664 10.726831436157227 -27.09495735168457 -11.153924942016602 9.818646430969238 -27.233978271484375 -16.540281295776367 8.922508239746094 -27.176284790039062 -21.599294662475586 8.017816543579102 -26.957530975341797 -24.671770095825195 7.155826568603516 -26.703712463378906 -24.970001220703125 6.27598762512207 -26.48153305053711 -22.6376953125 5.405170917510986 -26.22708511352539 -17.77464485168457 4.674304485321045 -26.020435333251953 -10.741111755371094 3.942854881286621 -25.815698623657227 -1.8732414245605469 3.2909960746765137 -25.68741798400879 8.109977722167969 2.645512580871582 -25.704227447509766 17.88067626953125 1.9901094436645508 -25.850513458251953 25.768978118896484 1.3268394470214844 -26.136356353759766 30.161136627197266 0.6193516254425049 -26.62789535522461 29.111095428466797 -0.18605804443359375 -27.258373260498047 21.250850677490234 -1.0691237449645996 -27.76363754272461 6.537837982177734 -2.048039436340332 -28.010498046875 -13.257991790771484 -2.9893460273742676 -28.08382797241211 -36.01040267944336 -3.971909999847412 -27.95795440673828 -60.32317352294922 -5.158097267150879 -27.906147003173828 -85.13829803466797 -5.160562992095947 -27.90619659423828 -85.2356185913086 -5.148867130279541 -27.895408630371094 -85.07772827148438 -5.155566692352295 -27.904430389404297 -85.1846923828125 13.390294075012207 -25.443265914916992 -12.344328880310059 13.389121055603027 -25.441509246826172 -12.322647094726562 13.560436248779297 -24.86162757873535 -27.5058536529541 13.55841064453125 -24.861915588378906 -27.434011459350586 13.732124328613281 -24.185054779052734 -41.85443878173828 13.730107307434082 -24.186330795288086 -41.74586868286133 13.94062614440918 -23.450437545776367 -54.43165969848633 13.938061714172363 -23.454824447631836 -54.27566909790039 14.29161548614502 -22.669818878173828 -64.90328216552734 14.289053916931152 -22.678144454956055 -64.71488952636719 14.625603675842285 -21.880964279174805 -71.4724349975586 14.621962547302246 -21.887813568115234 -71.28570556640625 14.92689323425293 -20.858566284179688 -73.70589447021484 14.922868728637695 -20.86501121520996 -73.52421569824219 15.333433151245117 -19.913040161132812 -71.85092163085938 15.328944206237793 -19.91600799560547 -71.71096801757812 15.83365535736084 -18.800437927246094 -64.63017272949219 15.828588485717773 -18.80157470703125 -64.53034973144531 16.182212829589844 -17.70050048828125 -52.269805908203125 16.177593231201172 -17.700450897216797 -52.208824157714844 16.366924285888672 -16.72776222229004 -36.34376907348633 16.36215591430664 -16.726978302001953 -36.31983947753906 16.41303062438965 -15.677961349487305 -18.39208221435547 16.40850830078125 -15.676342010498047 -18.404441833496094 16.312944412231445 -14.678617477416992 0.08221817016601562 16.30803871154785 -14.673880577087402 0.027172088623046875 16.118915557861328 -13.675368309020996 18.186084747314453 16.114925384521484 -13.6715669631958 18.094520568847656 15.829886436462402 -12.806488037109375 34.67200469970703 15.825910568237305 -12.802809715270996 34.567596435546875 15.364690780639648 -11.872122764587402 47.39672088623047 15.360990524291992 -11.868539810180664 47.289222717285156 14.777767181396484 -10.99433708190918 54.98709487915039 14.774101257324219 -10.990669250488281 54.88221740722656 14.101090431213379 -10.115728378295898 56.51927947998047 14.098124504089355 -10.111915588378906 56.42340087890625 13.413225173950195 -9.352903366088867 51.422821044921875 13.4104642868042 -9.349071502685547 51.34298324584961 12.8126859664917 -8.67143440246582 40.324974060058594 12.81060791015625 -8.668451309204102 40.2690315246582 12.349096298217773 -8.125782012939453 24.172386169433594 12.347454071044922 -8.123239517211914 24.141407012939453 12.05138874053955 -7.562957763671875 4.578666687011719 12.049505233764648 -7.561859130859375 4.579807281494141 11.90086841583252 -6.984466552734375 -16.81006622314453 11.899409294128418 -6.984531402587891 -16.777706146240234 11.8875732421875 -6.414604187011719 -38.31847381591797 11.885411262512207 -6.416404724121094 -38.249725341796875 11.97684383392334 -5.818294525146484 -58.44190216064453 11.975191116333008 -5.821056365966797 -58.342430114746094 12.159542083740234 -5.283014297485352 -75.78134155273438 12.15758991241455 -5.28651237487793 -75.65201568603516 12.444058418273926 -4.715015411376953 -89.534912109375 12.442625999450684 -4.719612121582031 -89.37681579589844 12.785717010498047 -4.222202301025391 -98.49394226074219 12.783299446105957 -4.229274749755859 -98.30410766601562 13.032966613769531 -3.435314178466797 -103.12516021728516 13.030133247375488 -3.4430274963378906 -102.92176055908203 13.284383773803711 -2.7266082763671875 -104.32262420654297 13.281373977661133 -2.733539581298828 -104.11715698242188 13.68358039855957 -1.9313774108886719 -101.5757827758789 13.680059432983398 -1.9365768432617188 -101.37748718261719 14.1264066696167 -1.0259475708007812 -94.17011260986328 14.122322082519531 -1.0305061340332031 -93.98080444335938 14.565866470336914 0.07595062255859375 -82.34928894042969 14.560463905334473 0.07346343994140625 -82.18329620361328 14.768027305603027 1.3008842468261719 -67.25398254394531 14.763141632080078 1.2994155883789062 -67.11904907226562 14.92746353149414 2.445556640625 -51.45309066772461 14.920793533325195 2.4477195739746094 -51.35549545288086 13.200582504272461 -25.504844665527344 -4.036895751953125 12.80746078491211 -25.622913360595703 3.494225263595581 12.2578706741333 -25.779624938964844 8.889781951904297 11.5699462890625 -25.915029525756836 10.945556640625 10.767221450805664 -25.97640037536621 9.059206008911133 9.845966339111328 -25.9912166595459 3.6237993240356445 8.922513961791992 -25.960227966308594 -4.283180236816406 8.004057884216309 -25.889015197753906 -13.023107528686523 7.122410774230957 -25.758255004882812 -20.79909896850586 6.248966217041016 -25.579391479492188 -26.31082534790039 5.406866073608398 -25.434547424316406 -28.455686569213867 4.664288520812988 -25.343017578125 -26.51869773864746 3.935769557952881 -25.246234893798828 -20.10288429260254 3.294341802597046 -25.242576599121094 -9.69083023071289 2.6718413829803467 -25.250598907470703 3.001659393310547 2.0317721366882324 -25.347999572753906 15.883358001708984 1.4163286685943604 -25.540069580078125 26.258895874023438 0.7123053073883057 -25.81191635131836 31.425251007080078 -0.09493303298950195 -26.117137908935547 28.982580184936523 -1.0299944877624512 -26.328323364257812 18.34307861328125 -2.014059066772461 -26.463634490966797 0.9466390609741211 -2.9931650161743164 -26.487728118896484 -21.18447494506836 -3.996110439300537 -26.39980125427246 -46.148719787597656 13.291288375854492 -24.929384231567383 -9.851917266845703 12.888554573059082 -24.98331642150879 6.365405082702637 12.286802291870117 -25.00685691833496 19.133159637451172 11.589345932006836 -25.06201171875 26.678943634033203 10.763717651367188 -25.047279357910156 27.84131622314453 9.859670639038086 -25.047313690185547 22.534971237182617 8.941012382507324 -25.017780303955078 11.97223949432373 8.03725814819336 -24.948719024658203 -1.8265554904937744 7.152447700500488 -24.871837615966797 -16.42717933654785 6.304860591888428 -24.764972686767578 -29.3343505859375 5.473354339599609 -24.751737594604492 -38.19144058227539 4.715864181518555 -24.617780685424805 -41.06475830078125 4.024726867675781 -24.562253952026367 -37.0628547668457 3.333390235900879 -24.566381454467773 -26.566129684448242 2.7063798904418945 -24.563926696777344 -11.197845458984375 2.071134090423584 -24.624412536621094 6.181649208068848 1.4230268001556396 -24.72332000732422 22.042966842651367 0.6929304599761963 -24.848045349121094 32.921390533447266 -0.1306443214416504 -24.98579216003418 35.740760803222656 -1.068983554840088 -25.088844299316406 29.160188674926758 -2.042494297027588 -25.156513214111328 14.509847640991211 -3.0347933769226074 -25.17318344116211 -6.5424089431762695 -3.992375373840332 -25.14813232421875 -31.73676872253418 13.47253704071045 -24.20893096923828 -15.702954292297363 12.935077667236328 -24.26545524597168 7.914182662963867 12.26478385925293 -24.276782989501953 27.062149047851562 11.552274703979492 -24.21322250366211 39.60478973388672 10.733919143676758 -24.184602737426758 43.665401458740234 9.841876983642578 -24.160253524780273 38.93574142456055 8.959760665893555 -24.155017852783203 26.47690200805664 8.068970680236816 -24.118322372436523 8.615962982177734 7.197257995605469 -24.043912887573242 -11.559152603149414 6.383306503295898 -23.977108001708984 -30.624210357666016 5.5700883865356445 -23.9108943939209 -45.15266418457031 4.819813251495361 -23.8543643951416 -52.44101333618164 4.109700679779053 -23.768383026123047 -50.85243225097656 3.41139554977417 -23.759965896606445 -40.64687728881836 2.7472681999206543 -23.750768661499023 -23.478242874145508 2.088024616241455 -23.781774520874023 -2.693096160888672 1.373764157295227 -23.825986862182617 17.622722625732422 0.6097919940948486 -23.83574104309082 33.312103271484375 -0.2056570053100586 -23.901229858398438 40.844017028808594 -1.1465868949890137 -23.961078643798828 38.253074645996094 -2.112487316131592 -23.990345001220703 26.256572723388672 -3.1068015098571777 -23.975704193115234 6.633251667022705 -4.03683614730835 -23.925756454467773 -18.223087310791016 13.60490894317627 -23.545503616333008 -21.766624450683594 12.960638999938965 -23.461254119873047 7.588287353515625 12.277544975280762 -23.454349517822266 31.96062469482422 11.521353721618652 -23.461193084716797 48.5046501159668 10.704663276672363 -23.376079559326172 55.34449768066406 9.83116340637207 -23.330307006835938 51.718379974365234 8.953306198120117 -23.305706024169922 38.355201721191406 8.097945213317871 -23.243144989013672 17.90481948852539 7.258554935455322 -23.19622802734375 -6.261539459228516 6.4511518478393555 -23.161375045776367 -29.729055404663086 5.675403118133545 -23.08077621459961 -48.47945022583008 4.9163055419921875 -23.010669708251953 -59.097900390625 4.198921203613281 -22.92456817626953 -59.79132843017578 3.489570140838623 -22.87190055847168 -50.256431579589844 2.7898802757263184 -22.84773063659668 -32.46450424194336 2.0728883743286133 -22.799768447875977 -9.768386840820312 1.3038804531097412 -22.75649642944336 13.415718078613281 0.5042762756347656 -22.81700897216797 32.694087982177734 -0.31581544876098633 -22.863601684570312 43.85990905761719 -1.2414984703063965 -22.89311981201172 44.39643859863281 -2.200634002685547 -22.900644302368164 34.93489074707031 -3.194673538208008 -22.893051147460938 17.05646324157715 -4.152710437774658 -22.850383758544922 -6.887231826782227 13.729351043701172 -22.701929092407227 -28.378705978393555 13.01798152923584 -22.640539169311523 5.052455902099609 12.299930572509766 -22.608469009399414 32.990684509277344 11.482765197753906 -22.55293846130371 52.746158599853516 10.671478271484375 -22.536304473876953 61.9924201965332 9.819917678833008 -22.527198791503906 59.569725036621094 8.92523193359375 -22.452777862548828 46.533164978027344 8.11175537109375 -22.40482521057129 25.08049201965332 7.305233955383301 -22.35977554321289 -0.8946113586425781 6.515935897827148 -22.29179573059082 -26.780149459838867 5.7505574226379395 -22.206493377685547 -47.944313049316406 5.00507116317749 -22.143396377563477 -60.759033203125 4.269643306732178 -22.05574607849121 -63.161468505859375 3.5449471473693848 -21.983102798461914 -54.76209259033203 2.8032898902893066 -21.925195693969727 -37.38383483886719 2.039092779159546 -21.87156105041504 -14.319168090820312 1.232018232345581 -21.783533096313477 9.990970611572266 0.41894984245300293 -21.818401336669922 30.97878646850586 -0.4157371520996094 -21.846153259277344 44.312435150146484 -1.3379015922546387 -21.865755081176758 47.18110275268555 -2.285804271697998 -21.885841369628906 39.763587951660156 -3.27083683013916 -21.88409996032715 23.622486114501953 -4.2289252281188965 -21.87017059326172 1.249323844909668 13.874022483825684 -21.777902603149414 -33.61407470703125 13.117206573486328 -21.75552749633789 1.1529197692871094 12.29714584350586 -21.668855667114258 30.556055068969727 11.477397918701172 -21.688188552856445 51.90679168701172 10.599943161010742 -21.744396209716797 62.63970184326172 9.749792098999023 -21.575103759765625 61.564842224121094 8.914466857910156 -21.562103271484375 49.471893310546875 8.087523460388184 -21.550159454345703 28.69317054748535 7.32694149017334 -21.5114688873291 3.055173873901367 6.554287910461426 -21.45048713684082 -22.88155746459961 5.807625770568848 -21.33045768737793 -44.52922821044922 5.087059020996094 -21.229108810424805 -58.08342361450195 4.335379600524902 -21.152599334716797 -61.34735870361328 3.578667640686035 -21.07266616821289 -54.1370849609375 2.805337905883789 -20.979415893554688 -37.98173141479492 2.000809907913208 -20.849830627441406 -15.941814422607422 1.1798768043518066 -20.800315856933594 7.716457366943359 0.3393123149871826 -20.843791961669922 28.4476318359375 -0.4951949119567871 -20.847030639648438 42.178985595703125 -1.4150052070617676 -20.867897033691406 46.243614196777344 -2.355807304382324 -20.888042449951172 40.353904724121094 -3.303339958190918 -20.900257110595703 26.02698516845703 -4.3638129234313965 -20.9163875579834 5.514479637145996 14.08103084564209 -20.969440460205078 -37.444915771484375 13.183914184570312 -20.905588150024414 -4.094463348388672 12.316091537475586 -20.83482551574707 24.604896545410156 11.45864486694336 -20.75948715209961 45.7786979675293 10.541911125183105 -20.684284210205078 57.060115814208984 9.705334663391113 -20.710086822509766 57.35414505004883 8.85731029510498 -20.65134620666504 47.18651580810547 8.072383880615234 -20.60828971862793 28.787174224853516 7.32796049118042 -20.581541061401367 5.613246917724609 6.566849708557129 -20.47653579711914 -18.177534103393555 5.8398542404174805 -20.41143035888672 -38.32377624511719 5.126370429992676 -20.286075592041016 -51.041908264160156 4.392269134521484 -20.20506477355957 -54.39419174194336 3.6001296043395996 -20.119873046875 -48.339351654052734 2.810708999633789 -20.06302833557129 -34.12915802001953 1.9713916778564453 -19.954837799072266 -14.459407806396484 1.1429424285888672 -19.891586303710938 6.805686950683594 0.29958057403564453 -19.857454299926758 25.560184478759766 -0.5668325424194336 -19.867897033691406 38.04902648925781 -1.47139310836792 -19.880712509155273 42.01556396484375 -2.408318042755127 -19.892839431762695 37.150543212890625 -3.396113395690918 -19.915306091308594 24.31966781616211 -4.460366249084473 -19.87782859802246 5.771608352661133 14.284137725830078 -19.942821502685547 -40.046451568603516 13.272096633911133 -19.890567779541016 -10.363872528076172 12.34074592590332 -19.883394241333008 15.460285186767578 11.404226303100586 -19.8364315032959 34.941009521484375 10.517134666442871 -19.779787063598633 46.035301208496094 9.613173484802246 -19.697795867919922 47.680519104003906 8.819303512573242 -19.68695831298828 40.21012878417969 8.045016288757324 -19.659727096557617 25.589059829711914 7.313077926635742 -19.569393157958984 6.78632926940918 6.58272647857666 -19.541040420532227 -12.80843734741211 5.851088523864746 -19.452980041503906 -29.51229476928711 5.1240925788879395 -19.32107925415039 -40.24121856689453 4.412040710449219 -19.19481086730957 -43.02814483642578 3.624866008758545 -19.091175079345703 -37.85468292236328 2.8212392330169678 -18.992136001586914 -26.159996032714844 1.9532291889190674 -19.009435653686523 -10.067903518676758 1.078798532485962 -18.911773681640625 7.315135955810547 0.26761436462402344 -18.84854507446289 22.5523681640625 -0.5752606391906738 -18.896821975708008 32.46857833862305 -1.5137934684753418 -18.89446258544922 35.269187927246094 -2.449308395385742 -18.88671112060547 30.431930541992188 -3.37131929397583 -18.87357521057129 18.8782901763916 -4.571324825286865 -18.84222984313965 2.3486318588256836 14.493011474609375 -18.86006736755371 -39.85780334472656 13.3605318069458 -18.861083984375 -16.270341873168945 12.375696182250977 -18.915420532226562 4.691497802734375 11.341850280761719 -18.82760238647461 21.106128692626953 10.468761444091797 -18.693233489990234 31.036659240722656 9.569680213928223 -18.711721420288086 33.76331329345703 8.787349700927734 -18.68906021118164 29.445581436157227 8.019100189208984 -18.685155868530273 19.583576202392578 7.281563758850098 -18.606334686279297 6.385744094848633 6.576122760772705 -18.583389282226562 -7.471918106079102 5.859602451324463 -18.4495906829834 -19.287681579589844 5.1343793869018555 -18.316335678100586 -26.72018051147461 4.408604621887207 -18.189632415771484 -28.471420288085938 3.6324586868286133 -18.109830856323242 -24.179332733154297 2.8495240211486816 -18.02522087097168 -15.414146423339844 1.9420098066329956 -17.998430252075195 -3.7033538818359375 0.9957125186920166 -17.962615966796875 8.678638458251953 0.20553302764892578 -17.862079620361328 19.185596466064453 -0.4817380905151367 -17.916221618652344 25.72303009033203 -1.5469565391540527 -17.918704986572266 26.469379425048828 -2.4724926948547363 -17.887081146240234 21.21544075012207 -3.3916196823120117 -17.84230613708496 10.618032455444336 -4.657289028167725 -17.758312225341797 -3.8094539642333984 14.68002986907959 -17.72699737548828 -36.24163818359375 13.409912109375 -17.837541580200195 -20.451913833618164 12.374784469604492 -17.687355041503906 -5.781208515167236 11.334829330444336 -17.729963302612305 6.007408142089844 10.390754699707031 -17.729721069335938 13.817206382751465 9.562395095825195 -17.705570220947266 17.144773483276367 8.767457008361816 -17.674386978149414 16.122783660888672 8.004369735717773 -17.645843505859375 11.388516426086426 7.246949195861816 -17.617652893066406 4.517561912536621 6.515629768371582 -17.458986282348633 -2.843242645263672 5.86914587020874 -17.39249610900879 -8.962564468383789 5.064294338226318 -17.315093994140625 -12.487268447875977 4.368466377258301 -17.210853576660156 -12.654552459716797 3.6162633895874023 -17.103994369506836 -9.337724685668945 2.8250699043273926 -16.94356918334961 -3.3803863525390625 1.9742563962936401 -16.787723541259766 3.589857578277588 0.9405064582824707 -16.855880737304688 10.01512336730957 0.025300979614257812 -16.775535583496094 15.33526611328125 -0.2856483459472656 -16.957679748535156 17.957605361938477 -1.571310043334961 -16.93328094482422 16.277128219604492 -2.477099895477295 -16.871253967285156 10.387975692749023 -3.5662178993225098 -16.797243118286133 0.9702858924865723 -4.665797710418701 -16.640419006347656 -11.214728355407715 14.801337242126465 -16.723445892333984 -29.242042541503906 13.44299602508545 -16.798315048217773 -21.831209182739258 12.368040084838867 -16.738357543945312 -14.678869247436523 11.381156921386719 -16.6488037109375 -8.465665817260742 10.421858787536621 -16.669178009033203 -3.557377815246582 9.585661888122559 -16.68532943725586 -0.14406204223632812 8.774989128112793 -16.724252700805664 1.7389354705810547 7.998605728149414 -16.74288558959961 2.097691059112549 7.247917175292969 -16.680973052978516 1.466717004776001 6.50447940826416 -16.727951049804688 0.7570457458496094 5.7998366355896 -16.67182159423828 0.31111717224121094 4.976232051849365 -16.449840545654297 0.7737903594970703 4.315539360046387 -16.269691467285156 2.3028182983398438 3.5232486724853516 -16.07665252685547 4.724344253540039 2.7536368370056152 -15.907114028930664 7.50200080871582 1.90409517288208 -15.522510528564453 9.769083023071289 0.9026784896850586 -15.144142150878906 10.921356201171875 -0.04001951217651367 -16.1095027923584 10.951830863952637 -0.7222537994384766 -16.04389762878418 9.456940650939941 -1.5871357917785645 -15.987577438354492 5.526920318603516 -2.4715185165405273 -15.898530960083008 -0.7816915512084961 -3.7335119247436523 -15.84792423248291 -8.829487800598145 -4.4833879470825195 -16.014015197753906 -18.168807983398438 14.824047088623047 -15.630075454711914 -19.081920623779297 13.469897270202637 -15.576601028442383 -20.1514835357666 12.370810508728027 -15.60029125213623 -20.853130340576172 11.42892074584961 -15.597528457641602 -20.437580108642578 10.478776931762695 -15.615358352661133 -18.718374252319336 9.621906280517578 -15.676633834838867 -15.73479175567627 8.793570518493652 -15.66545295715332 -11.634608268737793 7.999264240264893 -15.659637451171875 -6.757573127746582 7.233997344970703 -15.536237716674805 -1.5804524421691895 6.532605171203613 -15.624109268188477 3.5187740325927734 5.695614337921143 -15.53237533569336 8.194408416748047 4.943074703216553 -15.497411727905273 12.127970695495605 4.231842517852783 -15.349565505981445 14.960376739501953 3.4130043983459473 -15.190542221069336 16.241548538208008 2.6677656173706055 -15.020126342773438 15.696893692016602 1.864000916481018 -14.88042163848877 13.41748046875 0.8065602779388428 -14.67267894744873 9.895524978637695 -0.13768434524536133 -14.502787590026855 5.474067687988281 -0.6863908767700195 -15.02589225769043 0.3689422607421875 -1.6010918617248535 -15.065929412841797 -5.167976379394531 -2.462219715118408 -14.945741653442383 -11.26400089263916 -3.2893385887145996 -14.920475006103516 -17.325515747070312 -4.263869285583496 -15.29348373413086 -23.525497436523438 14.726387023925781 -14.642158508300781 -7.870918273925781 13.393669128417969 -14.495780944824219 -16.525419235229492 12.407547950744629 -14.52303409576416 -23.834314346313477 11.435129165649414 -14.65549087524414 -28.78179931640625 10.520421981811523 -14.725370407104492 -30.242694854736328 9.676218032836914 -14.71702766418457 -27.883848190307617 8.839607238769531 -14.736666679382324 -22.209609985351562 8.034656524658203 -14.734034538269043 -13.867524147033691 7.2248735427856445 -14.840193748474121 -4.021936416625977 6.486382484436035 -14.618881225585938 5.836505889892578 5.710270881652832 -14.551979064941406 14.419496536254883 4.8790388107299805 -14.616870880126953 20.85966682434082 4.128852844238281 -14.532658576965332 24.319623947143555 3.3150205612182617 -14.418164253234863 24.31653594970703 2.4965808391571045 -14.155047416687012 20.766258239746094 1.6907384395599365 -13.551982879638672 14.422298431396484 0.8042640686035156 -12.779223442077637 6.804693222045898 -0.05706644058227539 -14.075435638427734 -1.079641342163086 -0.8217506408691406 -14.290602684020996 -8.746099472045898 -1.6431708335876465 -14.211071968078613 -15.190811157226562 -2.4236345291137695 -14.084497451782227 -19.851905822753906 -3.1666722297668457 -13.969672203063965 -23.246841430664062 -4.053364276885986 -13.846942901611328 -25.879396438598633 14.654252052307129 -13.723275184631348 1.4355239868164062 13.16081428527832 -13.758005142211914 -11.498735427856445 12.39799690246582 -13.717826843261719 -24.177391052246094 11.472612380981445 -13.685429573059082 -33.11549377441406 10.602880477905273 -13.708030700683594 -37.003822326660156 9.726276397705078 -13.72353458404541 -35.48760986328125 8.894840240478516 -13.72163200378418 -28.831995010375977 8.08862590789795 -13.666248321533203 -18.333370208740234 7.278626441955566 -13.74092960357666 -5.187274932861328 6.473432540893555 -13.91205883026123 7.739749908447266 5.673110008239746 -13.840839385986328 18.702728271484375 4.892048358917236 -13.774168014526367 26.579696655273438 4.088521480560303 -13.781152725219727 29.906600952148438 3.239614248275757 -13.793606758117676 28.322118759155273 2.4174156188964844 -13.761764526367188 22.212818145751953 1.6001802682876587 -13.641318321228027 12.726776123046875 0.7726178169250488 -13.524930953979492 1.8362102508544922 -0.039644718170166016 -13.357894897460938 -8.481599807739258 -0.832552433013916 -13.537312507629395 -17.070392608642578 -1.6495428085327148 -13.436601638793945 -22.934188842773438 -2.3836193084716797 -13.303901672363281 -25.679115295410156 -3.1649394035339355 -13.136648178100586 -25.876943588256836 -3.806417465209961 -12.924423217773438 -24.345170974731445 14.421910285949707 -12.706215858459473 13.085693359375 13.03140926361084 -12.745939254760742 -6.402318954467773 12.275118827819824 -13.101877212524414 -22.0574951171875 11.453064918518066 -12.817771911621094 -33.29597091674805 10.663654327392578 -12.735806465148926 -38.920413970947266 9.789481163024902 -12.695477485656738 -38.05017852783203 8.948755264282227 -12.713921546936035 -31.0037841796875 8.144879341125488 -12.731629371643066 -19.405658721923828 7.33059549331665 -12.779729843139648 -5.279239654541016 6.513718128204346 -12.840259552001953 9.384716033935547 5.700986385345459 -12.893678665161133 21.502517700195312 4.903812408447266 -12.884808540344238 29.175201416015625 4.041155815124512 -12.864034652709961 31.492916107177734 3.2071633338928223 -12.904646873474121 28.218387603759766 2.3903865814208984 -12.989216804504395 20.1871337890625 1.5702792406082153 -12.983847618103027 8.767716407775879 0.7396798133850098 -12.951948165893555 -3.9891490936279297 -0.06487417221069336 -12.884201049804688 -15.564159393310547 -0.8390426635742188 -12.79077434539795 -23.936899185180664 -1.6121535301208496 -12.71042537689209 -28.271427154541016 -2.445827007293701 -12.609343528747559 -28.47098731994629 -3.0854430198669434 -12.464227676391602 -24.943687438964844 -3.598825454711914 -12.356023788452148 -18.952836990356445 14.158028602600098 -11.761187553405762 24.470748901367188 13.174423217773438 -11.735566139221191 2.879558563232422 12.24984359741211 -11.689459800720215 -16.283573150634766 11.339631080627441 -11.763089179992676 -29.59463882446289 10.76230239868164 -11.762447357177734 -36.1197395324707 9.807893753051758 -11.79517936706543 -35.756290435791016 9.018075942993164 -11.817706108093262 -28.930944442749023 8.206724166870117 -11.867513656616211 -17.42714500427246 7.381929397583008 -11.908524513244629 -3.407926559448242 6.556495666503906 -11.961843490600586 10.532833099365234 5.762530326843262 -12.044563293457031 22.294921875 4.885934352874756 -12.121453285217285 28.664955139160156 4.021755218505859 -12.143960952758789 29.073843002319336 3.19832181930542 -12.179186820983887 24.27220344543457 2.3471152782440186 -12.201358795166016 14.964585304260254 1.5631390810012817 -12.206561088562012 2.704184055328369 0.7238876819610596 -12.20119857788086 -10.328500747680664 -0.06229257583618164 -12.171160697937012 -21.711118698120117 -0.8362960815429688 -12.111198425292969 -28.92427635192871 -1.5944561958312988 -12.023633003234863 -30.92143440246582 -2.4651827812194824 -11.92837142944336 -27.999698638916016 -3.0536837577819824 -11.848359107971191 -20.645648956298828 -3.453324317932129 -11.776774406433105 -10.228835105895996 13.780000686645508 -10.851278305053711 32.733375549316406 12.793395042419434 -10.793787002563477 11.780939102172852 12.313079833984375 -10.803794860839844 -7.614992141723633 11.348588943481445 -10.932906150817871 -22.52202033996582 10.751842498779297 -10.968000411987305 -29.36105728149414 9.837667465209961 -10.908973693847656 -29.543701171875 9.08601188659668 -10.921609878540039 -23.566408157348633 8.260133743286133 -10.977798461914062 -12.897135734558105 7.4263014793396 -11.044178009033203 -0.3125343322753906 6.591244697570801 -11.120454788208008 11.718908309936523 5.791770935058594 -11.196344375610352 20.799692153930664 4.827854156494141 -11.285018920898438 25.32731056213379 3.981497287750244 -11.338652610778809 24.045757293701172 3.211212396621704 -11.389022827148438 17.604694366455078 2.307516098022461 -11.435302734375 7.591684341430664 1.6057593822479248 -11.471417427062988 -4.43885612487793 0.7545111179351807 -11.482636451721191 -16.498577117919922 -0.013444900512695312 -11.474780082702637 -26.114028930664062 -0.8091578483581543 -11.434937477111816 -31.238040924072266 -1.6252384185791016 -11.363323211669922 -30.60790252685547 -2.427964687347412 -11.294615745544434 -24.331199645996094 -3.0491390228271484 -11.247506141662598 -13.304524421691895 -3.4037046432495117 -11.203224182128906 0.7963809967041016 13.367915153503418 -9.990890502929688 36.61444091796875 12.43807315826416 -9.988662719726562 17.942113876342773 12.34182357788086 -10.03165054321289 0.4450058937072754 11.374231338500977 -10.041452407836914 -12.650055885314941 10.760643005371094 -10.071828842163086 -19.95952033996582 9.748912811279297 -9.973493576049805 -20.67399024963379 9.196035385131836 -10.004425048828125 -15.357841491699219 8.280889511108398 -10.128257751464844 -6.65987491607666 7.477701187133789 -10.228418350219727 3.3953123092651367 6.594100475311279 -10.326969146728516 12.46780014038086 5.898397445678711 -10.424161911010742 18.414400100708008 4.883266925811768 -10.494260787963867 20.019256591796875 3.9571950435638428 -10.550460815429688 17.208328247070312 3.221719741821289 -10.60690689086914 9.884565353393555 2.3981988430023193 -10.668659210205078 -0.3464775085449219 1.6355804204940796 -10.716035842895508 -11.348775863647461 0.8004662990570068 -10.712364196777344 -21.307804107666016 0.0697774887084961 -10.712610244750977 -28.274885177612305 -0.8367147445678711 -10.723247528076172 -30.43328285217285 -1.7064976692199707 -10.743307113647461 -26.975282669067383 -2.3871593475341797 -10.726396560668945 -17.746461868286133 -3.1055169105529785 -10.69536018371582 -3.9544754028320312 -3.4593544006347656 -10.679071426391602 12.642908096313477 12.967514991760254 -9.231708526611328 35.60376739501953 12.143982887268066 -9.208925247192383 20.84964370727539 11.902559280395508 -9.200246810913086 7.370980262756348 11.439011573791504 -9.239234924316406 -3.6846656799316406 10.586681365966797 -9.137989044189453 -9.142215728759766 10.025379180908203 -9.159881591796875 -9.543482780456543 9.056303024291992 -9.391889572143555 -5.776674747467041 8.293585777282715 -9.384258270263672 0.2791389226913452 7.497447490692139 -9.463903427124023 7.039129734039307 6.702030181884766 -9.566329956054688 12.624042510986328 5.968802452087402 -9.656644821166992 15.196414947509766 4.971762180328369 -9.71054458618164 14.015748977661133 3.887967824935913 -9.764116287231445 9.241445541381836 3.3423984050750732 -9.845531463623047 1.9852943420410156 2.4704864025115967 -9.920709609985352 -7.241191864013672 1.6583906412124634 -9.925605773925781 -16.57744026184082 0.8567194938659668 -9.962905883789062 -23.811573028564453 0.025043010711669922 -9.987165451049805 -27.500791549682617 -0.7907834053039551 -10.013017654418945 -26.535816192626953 -1.6869053840637207 -10.098047256469727 -20.302799224853516 -2.5601253509521484 -10.178670883178711 -9.182354927062988 -3.177734851837158 -10.219551086425781 5.94395637512207 -3.6169748306274414 -10.212570190429688 23.33654022216797 12.603144645690918 -8.562370300292969 29.55316925048828 11.693750381469727 -8.54570198059082 19.442455291748047 11.68393611907959 -8.597217559814453 10.047618865966797 11.135345458984375 -8.65629768371582 3.088743209838867 10.306632995605469 -8.562183380126953 -0.3941059112548828 9.93785285949707 -8.507244110107422 0.7428770065307617 9.149480819702148 -8.526712417602539 3.6425466537475586 8.292000770568848 -8.809940338134766 6.886066913604736 7.57154655456543 -8.788082122802734 10.384039878845215 6.782957077026367 -8.855096817016602 11.982308387756348 5.872540473937988 -8.866546630859375 11.042303085327148 5.250901699066162 -8.883064270019531 7.474266052246094 4.136994361877441 -8.965492248535156 1.642660140991211 3.657693862915039 -9.040302276611328 -5.533285140991211 2.645338296890259 -9.087509155273438 -12.640256881713867 1.7486659288406372 -9.181861877441406 -18.97545623779297 0.9539158344268799 -9.230854034423828 -23.08000946044922 0.005568981170654297 -9.293046951293945 -23.482200622558594 -0.6145529747009277 -9.368057250976562 -19.717288970947266 -1.6504740715026855 -9.448690414428711 -11.655566215515137 -2.589524269104004 -9.510135650634766 0.19908714294433594 -3.21846342086792 -9.660650253295898 14.783323287963867 -3.876056671142578 -9.633172988891602 30.909421920776367 12.271143913269043 -8.0347900390625 19.190425872802734 11.857826232910156 -8.04056167602539 14.235820770263672 11.562841415405273 -8.072854995727539 9.566154479980469 11.112751007080078 -8.044914245605469 6.613622188568115 10.454911231994629 -8.034543991088867 6.385984897613525 9.639410018920898 -7.996835708618164 8.561868667602539 9.217753410339355 -7.923601150512695 11.78232192993164 8.512688636779785 -7.983852386474609 13.095137596130371 7.5401787757873535 -8.147605895996094 12.455960273742676 6.752442359924316 -8.101350784301758 10.004469871520996 5.8428497314453125 -8.108283996582031 5.960474491119385 5.150803089141846 -8.139348983764648 0.6008529663085938 4.392025947570801 -8.101821899414062 -5.436639785766602 3.527867555618286 -8.109758377075195 -11.366556167602539 2.686579942703247 -8.126520156860352 -16.138072967529297 1.8902678489685059 -8.201957702636719 -18.471988677978516 1.0584478378295898 -8.360815048217773 -18.926658630371094 0.22565317153930664 -8.476154327392578 -16.314470291137695 -0.6261606216430664 -8.587957382202148 -10.410562515258789 -1.552905559539795 -8.661361694335938 -1.7168865203857422 -2.3101701736450195 -8.814458847045898 9.135259628295898 -3.3072080612182617 -8.891925811767578 21.28388786315918 -4.176980972290039 -8.911382675170898 33.92066955566406 12.028569221496582 -7.487920761108398 5.83172607421875 11.806497573852539 -7.439985275268555 6.798091888427734 11.622032165527344 -7.380649566650391 7.248818397521973 11.164437294006348 -7.460693359375 8.167984962463379 10.438448905944824 -7.3779296875 11.039556503295898 9.614559173583984 -7.312541961669922 14.24082088470459 9.485431671142578 -7.287788391113281 16.935476303100586 8.43701171875 -7.139717102050781 16.299461364746094 7.72597074508667 -7.190402984619141 12.451045989990234 6.738136291503906 -7.326322555541992 6.500014781951904 5.862734794616699 -7.29139518737793 -0.006956338882446289 5.164656639099121 -7.309221267700195 -6.370221138000488 4.293415069580078 -7.328620910644531 -11.755865097045898 3.597165584564209 -7.278913497924805 -15.492361068725586 2.7251336574554443 -7.278114318847656 -16.905906677246094 1.9957294464111328 -7.378635406494141 -15.660770416259766 1.193188190460205 -7.474647521972656 -11.912592887878418 0.35254764556884766 -7.5771942138671875 -6.372928619384766 -0.5040483474731445 -7.6555938720703125 0.7267189025878906 -1.536604404449463 -7.852529525756836 8.826952934265137 -2.37717866897583 -7.974885940551758 16.970396041870117 -3.4098806381225586 -8.043243408203125 24.69545555114746 -4.516619682312012 -8.073606491088867 31.7890625 11.890228271484375 -6.951181411743164 -8.863853454589844 11.919639587402344 -6.9175872802734375 -1.6680965423583984 11.596628189086914 -6.8630218505859375 4.310179710388184 11.078177452087402 -6.844552993774414 10.148357391357422 10.310813903808594 -6.732791900634766 14.824142456054688 9.804885864257812 -6.59051513671875 18.308940887451172 9.132319450378418 -6.610280990600586 18.7146053314209 8.461788177490234 -6.588848114013672 16.29257583618164 7.599915027618408 -6.518125534057617 10.415779113769531 6.673499584197998 -6.504680633544922 1.7452564239501953 5.744631767272949 -6.639892578125 -6.885713577270508 5.169423580169678 -6.558223724365234 -13.541017532348633 4.327430248260498 -6.535022735595703 -17.55668067932129 3.6086392402648926 -6.521242141723633 -18.18010902404785 2.827357053756714 -6.457187652587891 -15.419244766235352 2.0729355812072754 -6.424919128417969 -9.873185157775879 1.2744266986846924 -6.499670028686523 -2.6443939208984375 0.4496598243713379 -6.575897216796875 5.408135414123535 -0.4584665298461914 -6.725410461425781 13.007081031799316 -1.3830881118774414 -6.828407287597656 19.115636825561523 -2.3719043731689453 -7.001710891723633 23.091678619384766 -3.5438308715820312 -7.127443313598633 24.64141082763672 -4.832568168640137 -7.12977409362793 24.294273376464844 11.841766357421875 -6.400022506713867 -23.613243103027344 12.07834529876709 -6.389560699462891 -9.665912628173828 11.490961074829102 -6.435266494750977 2.7183046340942383 10.992452621459961 -6.2918243408203125 12.426352500915527 10.27958869934082 -6.140382766723633 18.99878692626953 9.702594757080078 -6.016435623168945 21.14320182800293 9.054306983947754 -5.903059005737305 19.883642196655273 8.30854606628418 -5.930858612060547 14.34850788116455 7.447298049926758 -5.820880889892578 5.811728000640869 6.5445661544799805 -5.762899398803711 -4.65291690826416 5.894735813140869 -5.754167556762695 -14.913859367370605 5.164627552032471 -5.744661331176758 -21.367767333984375 4.361738204956055 -5.678594589233398 -23.16094398498535 3.656485080718994 -5.722829818725586 -19.994901657104492 2.789316415786743 -5.713134765625 -12.690566062927246 2.1203126907348633 -5.621471405029297 -2.651724100112915 1.3160381317138672 -5.587047576904297 8.22134780883789 0.5134615898132324 -5.583097457885742 18.03804588317871 -0.4083433151245117 -5.696752548217773 25.398059844970703 -1.369657039642334 -5.882221221923828 28.67691421508789 -2.3383588790893555 -5.960700988769531 27.158756256103516 -3.622878074645996 -6.034360885620117 21.28970718383789 -5.064692497253418 -6.058696746826172 12.058679580688477 11.87775707244873 -5.825555801391602 -37.02951431274414 12.542984008789062 -5.811029434204102 -16.473861694335938 11.628152847290039 -5.907871246337891 1.352386474609375 10.639374732971191 -5.750699996948242 15.255596160888672 10.287447929382324 -5.564094543457031 23.152395248413086 9.553189277648926 -5.538425445556641 24.73865509033203 8.940710067749023 -5.455080032348633 20.943817138671875 8.127885818481445 -5.344636917114258 11.59707260131836 7.322829246520996 -5.211956024169922 -0.2351856231689453 6.589161396026611 -5.111167907714844 -13.163076400756836 5.864330768585205 -4.90156364440918 -24.009023666381836 5.081712245941162 -4.840898513793945 -30.136669158935547 4.407930850982666 -4.944402694702148 -29.03314971923828 3.6761696338653564 -4.800058364868164 -21.98235511779785 2.825446367263794 -4.769918441772461 -10.165643692016602 2.0610451698303223 -4.767734527587891 4.50141716003418 1.2925372123718262 -4.670873641967773 19.025741577148438 0.5287284851074219 -4.680471420288086 30.678268432617188 -0.40400123596191406 -4.732255935668945 37.111419677734375 -1.2954468727111816 -4.78624153137207 37.027713775634766 -2.3747453689575195 -4.898532867431641 29.40113639831543 -3.6226863861083984 -4.937946319580078 15.20630168914795 -5.154521942138672 -4.986248016357422 -3.505054473876953 11.954837799072266 -5.284511566162109 -47.895118713378906 13.495888710021973 -5.213586807250977 -21.48950958251953 11.342437744140625 -5.09467887878418 1.6652107238769531 10.630926132202148 -5.030023574829102 18.390121459960938 10.018606185913086 -5.0245513916015625 27.714771270751953 9.585119247436523 -4.914005279541016 28.649391174316406 8.737565040588379 -4.796367645263672 22.1064510345459 8.016698837280273 -4.617671966552734 9.621492385864258 7.2922163009643555 -4.5064239501953125 -6.18910551071167 6.557382583618164 -4.452278137207031 -22.01689910888672 5.641636848449707 -4.294918060302734 -34.09308624267578 5.098276138305664 -4.039390563964844 -39.008995056152344 4.348495960235596 -3.89990234375 -35.70988464355469 3.628599166870117 -3.7810211181640625 -25.095787048339844 2.8122570514678955 -3.7325172424316406 -8.614471435546875 2.0162220001220703 -3.7750511169433594 10.464484214782715 1.2141425609588623 -3.769458770751953 28.539501190185547 0.5010700225830078 -3.623321533203125 41.91706085205078 -0.34988880157470703 -3.6618576049804688 47.554344177246094 -1.3546853065490723 -3.7004127502441406 43.700096130371094 -2.2407102584838867 -3.7246932983398438 29.98281478881836 -3.540207862854004 -3.8210525512695312 7.626253128051758 -5.117769241333008 -3.827198028564453 -20.492313385009766 12.061849594116211 -4.7421722412109375 -55.879634857177734 12.05993938446045 -4.643218994140625 -24.33878517150879 11.329873085021973 -4.551902770996094 3.030731201171875 10.64513874053955 -4.59857177734375 22.939233779907227 9.925722122192383 -4.446296691894531 32.715538024902344 9.444761276245117 -4.300445556640625 32.990272521972656 8.621021270751953 -4.1327972412109375 24.40817642211914 7.810950756072998 -4.114349365234375 8.550176620483398 7.228971004486084 -3.882160186767578 -10.78681468963623 6.599735260009766 -3.6958465576171875 -29.63199234008789 5.707563877105713 -3.5395584106445312 -43.1027946472168 4.9377312660217285 -3.422992706298828 -48.10673522949219 4.314748287200928 -3.2382431030273438 -42.930084228515625 3.505739212036133 -3.047283172607422 -29.158161163330078 2.798755407333374 -2.8753128051757812 -8.844402313232422 2.002126932144165 -2.8104286193847656 14.370277404785156 1.257079839706421 -2.856426239013672 35.82128143310547 0.34871387481689453 -2.8483428955078125 50.75353240966797 -0.3398756980895996 -2.7161331176757812 55.604618072509766 -1.3585925102233887 -2.6803665161132812 48.47528076171875 -2.150773048400879 -2.635334014892578 29.18265151977539 -3.4148807525634766 -2.54559326171875 -0.28024864196777344 -4.903339385986328 -2.622467041015625 -36.65209197998047 12.16922664642334 -4.140281677246094 -60.84699249267578 11.40466022491455 -4.0586700439453125 -25.50711441040039 11.072620391845703 -3.9875831604003906 5.0813188552856445 10.619939804077148 -3.834522247314453 27.501766204833984 9.852997779846191 -3.86029052734375 38.30097579956055 9.19888687133789 -3.817626953125 38.22527313232422 8.483636856079102 -3.6586685180664062 27.781871795654297 7.723842620849609 -3.3571434020996094 8.96346664428711 7.039333343505859 -3.1983795166015625 -13.747276306152344 6.458930492401123 -2.930938720703125 -35.265987396240234 5.755682945251465 -2.809925079345703 -50.39188003540039 4.894713878631592 -2.6236305236816406 -56.14097595214844 4.149790287017822 -2.4575233459472656 -50.57979202270508 3.3998355865478516 -2.2393760681152344 -34.615318298339844 2.618828296661377 -2.141674041748047 -11.292736053466797 2.0083541870117188 -2.0942344665527344 15.797252655029297 1.2694058418273926 -1.9725914001464844 40.147865295410156 0.3472251892089844 -1.9625778198242188 56.59174346923828 -0.4624958038330078 -1.9302558898925781 60.804229736328125 -1.3129534721374512 -1.7716865539550781 50.9976692199707 -2.2120094299316406 -1.6481857299804688 27.818405151367188 -3.2466249465942383 -1.5709457397460938 -6.804110527038574 -4.534162521362305 -1.5210838317871094 -49.470489501953125 12.323732376098633 -3.501995086669922 -62.76775360107422 11.642441749572754 -3.436786651611328 -25.12449836730957 10.999398231506348 -3.435516357421875 7.964853286743164 10.164887428283691 -3.2043190002441406 31.96247100830078 9.804975509643555 -3.0923728942871094 44.33931350708008 9.153063774108887 -3.0845298767089844 43.27997589111328 8.295668601989746 -2.9656448364257812 30.950042724609375 7.505812168121338 -2.7341575622558594 10.141735076904297 6.845101833343506 -2.4066734313964844 -15.001782417297363 6.188937664031982 -2.217376708984375 -38.57303237915039 5.637225151062012 -2.0674896240234375 -55.5732421875 4.819567680358887 -1.9138641357421875 -62.820884704589844 4.018314838409424 -1.6994667053222656 -57.84407043457031 3.2910616397857666 -1.5297393798828125 -40.94597244262695 2.606670618057251 -1.3190536499023438 -15.022270202636719 1.9034119844436646 -1.1854019165039062 14.415266036987305 1.2113492488861084 -1.096832275390625 41.234371185302734 0.30356550216674805 -0.9805984497070312 59.00019073486328 -0.576988697052002 -0.9137763977050781 63.34685516357422 -1.3789710998535156 -0.834381103515625 52.048614501953125 -2.148189067840576 -0.6283988952636719 26.655895233154297 -3.048863410949707 -0.5031547546386719 -10.771307945251465 -4.091055870056152 -0.4838142395019531 -57.12229919433594 12.524117469787598 -2.8477630615234375 -62.14243698120117 11.629837036132812 -2.7512893676757812 -22.909252166748047 10.864047050476074 -2.543865203857422 11.059682846069336 10.015565872192383 -2.509387969970703 35.941871643066406 9.369871139526367 -2.436351776123047 48.14390182495117 9.018342971801758 -2.1858444213867188 47.18976974487305 8.091340065002441 -2.1015090942382812 34.10696029663086 7.370126724243164 -1.9502334594726562 11.742134094238281 6.658747673034668 -1.7104454040527344 -14.493809700012207 6.032717704772949 -1.3967475891113281 -39.30763626098633 5.438424110412598 -1.1832923889160156 -57.93617248535156 4.819463729858398 -1.0614547729492188 -66.4794921875 4.03892183303833 -0.7273368835449219 -62.374839782714844 3.2815024852752686 -0.6393394470214844 -45.85752868652344 2.503445625305176 -0.5321693420410156 -19.802242279052734 1.780806064605713 -0.44232177734375 10.691903114318848 1.0578019618988037 -0.2978935241699219 38.81514358520508 0.15368080139160156 -0.10947036743164062 57.60699462890625 -0.6211795806884766 -0.047657012939453125 62.93511199951172 -1.3525409698486328 -0.036167144775390625 52.47541427612305 -2.099940776824951 0.14229965209960938 26.708694458007812 -2.8409042358398438 0.3764495849609375 -11.37043285369873 -3.568291664123535 0.36063385009765625 -58.17564392089844 12.752307891845703 -1.987457275390625 -58.62287139892578 11.62875747680664 -1.9444961547851562 -18.815898895263672 10.737199783325195 -1.7774467468261719 14.99759292602539 9.963526725769043 -1.6388931274414062 39.49995040893555 9.0015869140625 -1.6186256408691406 51.27705001831055 8.514802932739258 -1.3782157897949219 49.99789810180664 7.8964715003967285 -1.2219276428222656 36.716304779052734 7.2373948097229 -1.1617279052734375 14.524967193603516 6.535271644592285 -1.0513153076171875 -12.07210922241211 5.900187015533447 -0.8595314025878906 -37.29326629638672 5.249137878417969 -0.5214805603027344 -57.01123809814453 4.5808892250061035 -0.26644134521484375 -66.30953979492188 3.8525869846343994 -0.013336181640625 -63.441375732421875 3.289670467376709 0.12210464477539062 -48.68391418457031 2.4253201484680176 0.15384292602539062 -24.09674072265625 1.6715830564498901 0.3499107360839844 5.124802589416504 0.9585764408111572 0.4887886047363281 32.82231521606445 0.12751531600952148 0.5415458679199219 52.640380859375 -0.7222838401794434 0.6133232116699219 59.92925262451172 -1.387463092803955 0.785980224609375 51.76410675048828 -2.095942497253418 0.8525314331054688 28.28412628173828 -2.623866081237793 0.9659919738769531 -7.651166915893555 -3.02490234375 1.0072021484375 -51.998565673828125 12.975844383239746 -1.0611190795898438 -52.247188568115234 11.558178901672363 -0.9994621276855469 -13.458553314208984 10.717931747436523 -0.9603195190429688 18.982746124267578 9.753860473632812 -0.8068428039550781 42.10837936401367 8.919007301330566 -0.6762580871582031 53.38771438598633 8.089766502380371 -0.698577880859375 52.43657684326172 7.536014556884766 -0.5862007141113281 39.64794158935547 7.094404220581055 -0.48767852783203125 18.399538040161133 6.437460422515869 -0.3647575378417969 -7.1583333015441895 5.772185802459717 -0.20915603637695312 -32.38217544555664 5.038980484008789 0.0200347900390625 -51.9545783996582 4.457999229431152 0.2594184875488281 -62.129005432128906 3.8329708576202393 0.4048652648925781 -61.26620101928711 3.2122201919555664 0.5915946960449219 -49.125511169433594 2.3799023628234863 0.8839759826660156 -27.28772735595703 1.6066961288452148 0.9371261596679688 -0.44811296463012695 0.8258240222930908 1.06890869140625 25.9381103515625 0.10154438018798828 1.2003211975097656 46.31505584716797 -0.8481454849243164 1.2616386413574219 55.181671142578125 -1.4405837059020996 1.3688545227050781 50.30873489379883 -2.0082550048828125 1.4659957885742188 31.174747467041016 -2.4584150314331055 1.46246337890625 0.2548065185546875 -2.5396270751953125 1.4466972351074219 -38.57540512084961 12.96460247039795 0.040874481201171875 -43.78971481323242 11.740692138671875 0.037532806396484375 -8.03408145904541 10.50686264038086 0.0219879150390625 22.13738250732422 9.54587173461914 0.0068817138671875 43.576629638671875 8.706823348999023 0.07419586181640625 54.348960876464844 8.004720687866211 0.12592315673828125 53.45806884765625 7.271109104156494 0.11520004272460938 42.292076110839844 6.792818069458008 0.23777008056640625 23.293615341186523 6.299371242523193 0.3506965637207031 0.13955006003379822 5.760851860046387 0.4993629455566406 -23.17192840576172 5.026150703430176 0.6123428344726562 -42.50599670410156 4.410239219665527 0.7445297241210938 -53.86765670776367 3.8428406715393066 0.9349632263183594 -54.72526931762695 3.140554189682007 1.0703125 -45.63376998901367 2.3385610580444336 1.3289985656738281 -27.743358612060547 1.577388882637024 1.5272369384765625 -4.841713905334473 0.7921545505523682 1.5554122924804688 19.360597610473633 -0.11265373229980469 1.6356773376464844 39.104679107666016 -0.8616294860839844 1.7558517456054688 49.90442657470703 -1.5820584297180176 1.8417015075683594 48.68147659301758 -2.0175247192382812 1.960693359375 35.07449722290039 -2.2529067993164062 1.9632034301757812 11.38321304321289 -2.1819400787353516 1.8300323486328125 -19.173114776611328 13.092489242553711 1.2494926452636719 -34.39234924316406 11.71742057800293 1.1903533935546875 -2.668872594833374 10.440978050231934 0.9411087036132812 23.936187744140625 9.389184951782227 0.8609657287597656 43.2335205078125 8.45015811920166 0.8629608154296875 53.25419235229492 7.823230266571045 0.9496841430664062 53.74736022949219 7.303011417388916 0.8404693603515625 45.14186096191406 6.508471965789795 0.7539253234863281 29.526891708374023 6.204955577850342 0.9948196411132812 9.666494369506836 5.651057243347168 1.1437873840332031 -11.108678817749023 5.014554023742676 1.1609344482421875 -29.161340713500977 4.486324310302734 1.3041419982910156 -40.92204284667969 3.823805093765259 1.4494094848632812 -44.49480056762695 3.1301097869873047 1.6387825012207031 -39.202392578125 2.356167793273926 1.8228759765625 -25.942394256591797 1.558718204498291 1.9459381103515625 -7.4782538414001465 0.7130935192108154 2.13299560546875 13.44410514831543 -0.19378280639648438 2.198558807373047 31.781234741210938 -1.035604476928711 2.2729339599609375 43.471107482910156 -1.6639394760131836 2.2527809143066406 46.222373962402344 -2.0465307235717773 2.2221336364746094 39.30796813964844 -2.145085334777832 2.135498046875 24.438465118408203 -1.7967891693115234 2.1077423095703125 4.126744270324707 13.162091255187988 2.548603057861328 -23.87299919128418 11.619483947753906 2.6871566772460938 1.9072389602661133 10.379359245300293 2.5208358764648438 24.26931381225586 9.28465747833252 2.31768798828125 41.095741271972656 8.396273612976074 1.822784423828125 50.62071990966797 7.707584857940674 1.1586112976074219 52.6260986328125 7.079334735870361 1.5936775207519531 47.551597595214844 6.515231609344482 1.5430946350097656 36.408504486083984 6.033329963684082 1.4563941955566406 21.13971710205078 5.573965549468994 1.5716133117675781 4.099361419677734 5.0708770751953125 1.6606826782226562 -11.893941879272461 4.548372268676758 1.6293563842773438 -23.989871978759766 3.912189483642578 1.9709091186523438 -30.05329132080078 3.182812213897705 2.1037635803222656 -29.480146408081055 2.347977876663208 2.0348548889160156 -22.353168487548828 1.5404082536697388 2.3557777404785156 -8.426299095153809 0.5910983085632324 2.7919845581054688 7.8784942626953125 -0.3085975646972656 3.167316436767578 23.740358352661133 -1.065460205078125 3.012531280517578 36.38496017456055 -1.6965203285217285 2.7406272888183594 42.73257064819336 -2.0507726669311523 2.5383148193359375 43.09075164794922 -2.066147804260254 2.25341796875 38.11810302734375 -1.7106389999389648 2.1763153076171875 29.017757415771484 -5.108625411987305 -26.460693359375 -72.26114654541016 -5.114299774169922 -26.461864471435547 -72.37162780761719 -4.984565734863281 -25.107654571533203 -59.24762725830078 -4.990172386169434 -25.111642837524414 -59.38017654418945 -4.916507720947266 -23.838483810424805 -46.22942352294922 -4.921021938323975 -23.84378433227539 -46.373191833496094 -4.965688228607178 -22.755462646484375 -34.33628463745117 -4.969659328460693 -22.761188507080078 -34.481590270996094 -5.073948860168457 -21.811668395996094 -24.74195671081543 -5.077709197998047 -21.816566467285156 -24.876449584960938 -5.358245372772217 -20.771804809570312 -18.426279067993164 -5.361812591552734 -20.774789810180664 -18.54404640197754 -5.626047611236572 -19.798877716064453 -15.961925506591797 -5.630289554595947 -19.801166534423828 -16.065311431884766 -5.848837375640869 -18.73221206665039 -16.884254455566406 -5.852945804595947 -18.734289169311523 -16.976688385009766 -5.971447944641113 -17.686935424804688 -20.421245574951172 -5.975710391998291 -17.689472198486328 -20.503644943237305 -5.890601634979248 -16.701562881469727 -24.959375381469727 -5.893908500671387 -16.705524444580078 -25.03543472290039 -5.668242454528809 -16.060009002685547 -28.75927734375 -5.671169757843018 -16.065204620361328 -28.830886840820312 -5.355284214019775 -15.101492881774902 -30.324737548828125 -5.359979152679443 -15.108341217041016 -30.387582778930664 -4.92123556137085 -13.854394912719727 -28.142356872558594 -4.924370288848877 -13.859780311584473 -28.178470611572266 -4.412474632263184 -13.041054725646973 -21.973508834838867 -4.414953708648682 -13.044459342956543 -21.97893524169922 -3.9170608520507812 -12.412117004394531 -11.826628684997559 -3.91928768157959 -12.414092063903809 -11.803813934326172 -3.5552024841308594 -11.772747039794922 1.582498550415039 -3.5572214126586914 -11.772916793823242 1.6304244995117188 -3.4077224731445312 -11.188687324523926 16.38924217224121 -3.4095726013183594 -11.188292503356934 16.455228805541992 -3.4577226638793945 -10.636327743530273 30.576047897338867 -3.459503173828125 -10.635477066040039 30.6514835357666 -3.77663516998291 -10.091960906982422 41.81572723388672 -3.7786808013916016 -10.089139938354492 41.90198516845703 -4.33571720123291 -9.489887237548828 47.812129974365234 -4.338454246520996 -9.486181259155273 47.8952522277832 -5.019296646118164 -8.785371780395508 46.797950744628906 -5.022802352905273 -8.782135009765625 46.86261749267578 -5.72981071472168 -7.951755523681641 38.423770904541016 -5.733782768249512 -7.949529647827148 38.45604705810547 -6.384882926940918 -7.009300231933594 22.61924934387207 -6.389580726623535 -7.008823394775391 22.609817504882812 -6.86945915222168 -6.001497268676758 0.8935890197753906 -6.874040603637695 -6.002082824707031 0.8409271240234375 -7.155138969421387 -4.976688385009766 -24.694747924804688 -7.160641670227051 -4.978229522705078 -24.790481567382812 -7.184145927429199 -3.8114280700683594 -51.605934143066406 -7.1884660720825195 -3.813007354736328 -51.739837646484375 -6.863343238830566 -2.7318458557128906 -76.5744400024414 -6.868631362915039 -2.73529052734375 -76.7514419555664 -6.2634382247924805 -1.6406135559082031 -96.44087219238281 -6.2682952880859375 -1.6468620300292969 -96.65928649902344 -5.370907783508301 -0.6566429138183594 -108.23067474365234 -5.3744916915893555 -0.6644630432128906 -108.47329711914062 -4.335536956787109 0.11569976806640625 -109.89430236816406 -4.338515281677246 0.108245849609375 -110.13665008544922 -3.3320493698120117 0.8619918823242188 -100.68408966064453 -3.3341150283813477 0.8566207885742188 -100.90380859375 -2.388007164001465 1.2701263427734375 -81.70025634765625 -2.3888111114501953 1.2675323486328125 -81.88180541992188 -1.5805091857910156 1.7196884155273438 -53.42579650878906 -1.5807790756225586 1.7198371887207031 -53.558265686035156 -1.0731620788574219 1.97259521484375 -18.89594268798828 -1.0741853713989258 1.9735641479492188 -18.98050308227539 -0.8054962158203125 2.3214569091796875 18.58617401123047 -0.8039045333862305 2.3209762573242188 18.54159164428711 15.109655380249023 4.611469268798828 -34.540191650390625 15.105886459350586 4.610012054443359 -34.45145034790039 15.114418029785156 4.621356964111328 -34.47179412841797 15.106607437133789 4.611797332763672 -34.37375259399414 13.1373872756958 4.496974945068359 -13.439767837524414 11.661346435546875 4.336509704589844 6.607194900512695 10.405901908874512 4.014644622802734 24.418853759765625 9.367746353149414 3.560863494873047 38.34046173095703 8.450186729431152 3.0692977905273438 47.33428192138672 7.727133274078369 2.617450714111328 51.041351318359375 7.08244514465332 2.206348419189453 49.5479736328125 6.528913974761963 1.8607978820800781 43.31027603149414 6.023428916931152 1.6209564208984375 33.02154541015625 5.523269176483154 1.5370635986328125 20.180177688598633 5.064460754394531 1.6318130493164062 6.640033721923828 4.473514080047607 1.9390983581542969 -5.3984222412109375 3.824939727783203 2.4106063842773438 -14.032262802124023 3.1020326614379883 3.019989013671875 -17.68504524230957 2.3259239196777344 3.5753746032714844 -15.603686332702637 1.4346983432769775 3.9401512145996094 -8.379908561706543 0.5179004669189453 4.105487823486328 2.470590591430664 -0.31607913970947266 4.0510406494140625 15.105646133422852 -1.0254807472229004 3.7767715454101562 27.56771469116211 -1.5820302963256836 3.3081703186035156 38.29059600830078 -1.9759321212768555 2.7651939392089844 46.240623474121094 -1.9734201431274414 2.2475547790527344 51.55251693725586 -1.6815481185913086 1.863311767578125 54.713722229003906 13.138833999633789 4.503932952880859 -13.389535903930664 11.664590835571289 4.341968536376953 6.642436981201172 10.409600257873535 4.019191741943359 24.438793182373047 9.372961044311523 3.5648345947265625 38.35272216796875 8.454476356506348 3.0725784301757812 47.34408950805664 7.732048511505127 2.6200637817382812 51.05701446533203 7.08652400970459 2.2089500427246094 49.57547378540039 6.532411575317383 1.8631019592285156 43.35481643676758 6.025862693786621 1.6230430603027344 33.08181381225586 5.524768829345703 1.5387382507324219 20.252105712890625 5.0641021728515625 1.6336212158203125 6.714872360229492 4.471519947052002 1.9414558410644531 -5.329792022705078 3.8228530883789062 2.4130592346191406 -13.97578239440918 3.0996270179748535 3.022846221923828 -17.64438819885254 2.3241255283355713 3.5785865783691406 -15.580419540405273 1.434810757637024 3.9437828063964844 -8.378300666809082 0.5190837383270264 4.1088104248046875 2.454787254333496 -0.3139662742614746 4.054500579833984 15.080606460571289 -1.0233349800109863 3.7793617248535156 27.541915893554688 -1.5796117782592773 3.3105430603027344 38.27827453613281 -1.9760465621948242 2.7664451599121094 46.251609802246094 -1.9727773666381836 2.2473907470703125 51.602943420410156 -1.681838035583496 1.8615913391113281 54.81244659423828 -0.88653564453125 1.6656608581542969 56.53114318847656 -0.8827400207519531 1.67608642578125 56.54754638671875 -0.8864307403564453 1.6653861999511719 56.69207000732422 -0.8899049758911133 1.6738662719726562 56.7001953125 13.476622581481934 -25.827560424804688 3.2449607849121094 13.4760103225708 -25.82721710205078 3.2359542846679688 13.47625732421875 -25.82636260986328 3.1825180053710938 13.475977897644043 -25.826200485229492 3.1741600036621094 13.164103507995605 -25.95160675048828 1.683633804321289 12.639342308044434 -26.233028411865234 -0.20820140838623047 12.007177352905273 -26.517257690429688 -2.8873982429504395 11.2823486328125 -26.7896728515625 -6.521111488342285 10.477368354797363 -27.037094116210938 -11.243814468383789 9.571599960327148 -27.172626495361328 -16.629117965698242 8.708940505981445 -27.12881851196289 -21.67976188659668 7.872006416320801 -26.940414428710938 -24.733705520629883 7.096284866333008 -26.71929168701172 -25.0083065032959 6.310195446014404 -26.528398513793945 -22.647947311401367 5.523646354675293 -26.301849365234375 -17.756820678710938 4.852188587188721 -26.11927604675293 -10.704364776611328 4.153897285461426 -25.933019638061523 -1.8216896057128906 3.495993137359619 -25.811214447021484 8.163715362548828 2.8190741539001465 -25.81597328186035 17.929893493652344 2.1046407222747803 -25.930007934570312 25.80386734008789 1.3720555305480957 -26.162681579589844 30.17913055419922 0.59122633934021 -26.5791015625 29.11053466796875 -0.27751970291137695 -27.125171661376953 21.232147216796875 -1.207315444946289 -27.556848526000977 6.504619598388672 -2.21144437789917 -27.757091522216797 -13.298942565917969 -3.1595911979675293 -27.800647735595703 -36.05597686767578 -4.1354827880859375 -27.668306350708008 -60.37230682373047 13.164473533630371 -25.949871063232422 1.6643905639648438 12.640856742858887 -26.230674743652344 -0.18145465850830078 12.007925033569336 -26.514602661132812 -2.827242851257324 11.28325366973877 -26.786531448364258 -6.437726974487305 10.478194236755371 -27.033334732055664 -11.152462005615234 9.571945190429688 -27.168617248535156 -16.539596557617188 8.708950996398926 -27.12511444091797 -21.599302291870117 7.8717241287231445 -26.936912536621094 -24.671716690063477 7.096879005432129 -26.716079711914062 -24.970136642456055 6.310291290283203 -26.525196075439453 -22.636817932128906 5.523732662200928 -26.298900604248047 -17.77415657043457 4.853050708770752 -26.11661720275879 -10.7408447265625 4.153953552246094 -25.930484771728516 -1.8726234436035156 3.496936798095703 -25.808895111083984 8.110233306884766 2.819523811340332 -25.813432693481445 17.88155746459961 2.105576992034912 -25.92751693725586 25.769901275634766 1.3729372024536133 -26.15994644165039 30.16232681274414 0.5923562049865723 -26.575946807861328 29.113079071044922 -0.2763986587524414 -27.121501922607422 21.252647399902344 -1.2067580223083496 -27.5524845123291 6.538108825683594 -2.2117562294006348 -27.752620697021484 -13.258491516113281 -3.1600351333618164 -27.796356201171875 -36.011695861816406 -4.136109352111816 -27.663677215576172 -60.324371337890625 -5.297558307647705 -27.603965759277344 -85.13291931152344 -5.302294731140137 -27.603485107421875 -85.23133850097656 -5.29779052734375 -27.599397659301758 -85.08270263671875 -5.30314302444458 -27.599613189697266 -85.18087005615234 13.574010848999023 -25.535032272338867 -12.342350006103516 13.572724342346191 -25.53553009033203 -12.323997497558594 13.738572120666504 -25.073909759521484 -27.506996154785156 13.7364501953125 -25.07427215576172 -27.435272216796875 13.893340110778809 -24.50440788269043 -41.85554122924805 13.891484260559082 -24.504669189453125 -41.744571685791016 14.080338478088379 -23.863323211669922 -54.438804626464844 14.077534675598145 -23.862794876098633 -54.27638244628906 14.395843505859375 -23.141809463500977 -64.91390991210938 14.393621444702148 -23.141128540039062 -64.71163940429688 14.677034378051758 -22.361967086791992 -71.481689453125 14.673690795898438 -22.36122703552246 -71.28368377685547 14.930305480957031 -21.321495056152344 -73.71527862548828 14.926483154296875 -21.321062088012695 -73.52398681640625 15.280966758728027 -20.30406951904297 -71.85569763183594 15.276695251464844 -20.304546356201172 -71.71170043945312 15.714956283569336 -19.09749412536621 -64.6318130493164 15.709665298461914 -19.09856414794922 -64.531005859375 16.010330200195312 -17.888648986816406 -52.27015686035156 16.005537033081055 -17.889469146728516 -52.209842681884766 16.162153244018555 -16.807401657104492 -36.343563079833984 16.157155990600586 -16.807723999023438 -36.32150650024414 16.193649291992188 -15.66375732421875 -18.389236450195312 16.188724517822266 -15.664341926574707 -18.404155731201172 16.09292221069336 -14.568338394165039 0.08873748779296875 16.087955474853516 -14.569076538085938 0.02581024169921875 15.909463882446289 -13.448541641235352 18.192241668701172 15.905082702636719 -13.44910717010498 18.094451904296875 15.651407241821289 -12.533345222473145 34.677635192871094 15.64728832244873 -12.533210754394531 34.5678596496582 15.241372108459473 -11.585572242736816 47.40248107910156 15.237449645996094 -11.585054397583008 47.2903938293457 14.721016883850098 -10.71584701538086 54.993289947509766 14.717403411865234 -10.715044021606445 54.88368225097656 14.122576713562012 -9.864852905273438 56.525779724121094 14.119413375854492 -9.864013671875 56.42525863647461 13.511119842529297 -9.15135383605957 51.428924560546875 13.508698463439941 -9.150384902954102 51.344261169433594 12.977689743041992 -8.534439086914062 40.329654693603516 12.975810050964355 -8.53315544128418 40.26987838745117 12.565898895263672 -8.057987213134766 24.176982879638672 12.564395904541016 -8.058015823364258 24.142574310302734 12.299182891845703 -7.573617935180664 4.580966949462891 12.297661781311035 -7.5738983154296875 4.580776214599609 12.160432815551758 -7.081699371337891 -16.810428619384766 12.158862113952637 -7.081031799316406 -16.777530670166016 12.138900756835938 -6.59739875793457 -38.3205680847168 12.137221336364746 -6.5975341796875 -38.24872970581055 12.20275592803955 -6.0837860107421875 -58.44538879394531 12.201155662536621 -6.083734512329102 -58.34156799316406 12.347085952758789 -5.6305999755859375 -75.78667449951172 12.345383644104004 -5.630231857299805 -75.65162658691406 12.580911636352539 -5.133583068847656 -89.54037475585938 12.579333305358887 -5.134738922119141 -89.37504577636719 12.864788055419922 -4.701930999755859 -98.50454711914062 12.862309455871582 -4.700958251953125 -98.30347442626953 13.067864418029785 -3.949432373046875 -103.13394927978516 13.064711570739746 -3.9498672485351562 -102.91769409179688 13.276190757751465 -3.2612686157226562 -104.33300018310547 13.273632049560547 -3.2601051330566406 -104.11624908447266 13.623235702514648 -2.4671173095703125 -101.5833740234375 13.619805335998535 -2.4671554565429688 -101.37715911865234 14.010890007019043 -1.5458335876464844 -94.17704772949219 14.006584167480469 -1.5458335876464844 -93.9811782836914 14.400676727294922 -0.396240234375 -82.35320281982422 14.395169258117676 -0.39643096923828125 -82.1839370727539 14.581526756286621 0.9042282104492188 -67.25688171386719 14.576509475708008 0.9056472778320312 -67.11974334716797 14.732185363769531 2.124370574951172 -51.45082473754883 14.725509643554688 2.1232986450195312 -51.35753631591797 13.269686698913574 -25.602190017700195 -4.036811828613281 12.767263412475586 -25.703269958496094 3.494366407394409 12.12440299987793 -25.82628631591797 8.890201568603516 11.369291305541992 -25.916221618652344 10.945611000061035 10.530982971191406 -25.93089485168457 9.059043884277344 9.60963249206543 -25.90837287902832 3.6233339309692383 8.720147132873535 -25.856643676757812 -4.283786296844482 7.866980075836182 -25.786762237548828 -13.024032592773438 7.072503089904785 -25.676145553588867 -20.800386428833008 6.291752815246582 -25.531600952148438 -26.312271118164062 5.532992362976074 -25.432199478149414 -28.456668853759766 4.849936485290527 -25.392913818359375 -26.51946449279785 4.150352478027344 -25.34961700439453 -20.103500366210938 3.505370616912842 -25.385108947753906 -9.690834045410156 2.848207950592041 -25.408889770507812 3.001739501953125 2.149954080581665 -25.49313735961914 15.884065628051758 1.464663028717041 -25.638748168945312 26.260093688964844 0.688075065612793 -25.831737518310547 31.427017211914062 -0.18378210067749023 -26.03738021850586 28.98409080505371 -1.1674070358276367 -26.15620231628418 18.344139099121094 -2.1826133728027344 -26.22246551513672 0.9471502304077148 -3.1716437339782715 -26.201229095458984 -21.184907913208008 -4.168537139892578 -26.09115982055664 -46.148948669433594 13.361433029174805 -25.135337829589844 -9.85258960723877 12.860992431640625 -25.161466598510742 6.364928245544434 12.176339149475098 -25.131752014160156 19.13326644897461 11.414809226989746 -25.115638732910156 26.678836822509766 10.553049087524414 -25.021257400512695 27.840919494628906 9.645337104797363 -24.948680877685547 22.534605026245117 8.754770278930664 -24.86703109741211 11.971372604370117 7.906650543212891 -24.773359298706055 -1.8274571895599365 7.0970306396484375 -24.701839447021484 -16.428260803222656 6.332271575927734 -24.63004493713379 -29.33503532409668 5.576351165771484 -24.678234100341797 -38.192237854003906 4.875179290771484 -24.624113082885742 -41.06591033935547 4.2130913734436035 -24.651247024536133 -37.06319046020508 3.5230815410614014 -24.726078033447266 -26.56625747680664 2.8681349754333496 -24.767087936401367 -11.197754859924316 2.1843926906585693 -24.83097267150879 6.182059288024902 1.475468635559082 -24.890544891357422 22.043834686279297 0.6816763877868652 -24.935237884521484 32.922515869140625 -0.2027730941772461 -24.962907791137695 35.741756439208984 -1.1905193328857422 -24.95803451538086 29.160877227783203 -2.196990489959717 -24.938379287719727 14.51022720336914 -3.204481601715088 -24.891210556030273 -6.542263031005859 -4.162754058837891 -24.82943344116211 -31.737281799316406 13.54280948638916 -24.510488510131836 -15.704092025756836 12.926473617553711 -24.52629280090332 7.914022445678711 12.1859130859375 -24.471315383911133 27.061452865600586 11.419419288635254 -24.31519317626953 39.60405349731445 10.567041397094727 -24.179733276367188 43.664859771728516 9.66435718536377 -24.053667068481445 38.935237884521484 8.799728393554688 -23.967491149902344 26.476341247558594 7.949470520019531 -23.883472442626953 8.6150541305542 7.1361918449401855 -23.80144500732422 -11.560103416442871 6.386177062988281 -23.769254684448242 -30.625011444091797 5.632999420166016 -23.775405883789062 -45.153411865234375 4.9300384521484375 -23.818721771240234 -52.44185256958008 4.2487030029296875 -23.841169357299805 -50.852874755859375 3.5559072494506836 -23.929244995117188 -40.646995544433594 2.8771440982818604 -23.98627281188965 -23.478221893310547 2.185544967651367 -24.03680992126465 -2.6926441192626953 1.4266173839569092 -24.049903869628906 17.623180389404297 0.611090898513794 -23.9810848236084 33.31272888183594 -0.25528764724731445 -23.93196678161621 40.84477233886719 -1.2397613525390625 -23.8705997467041 38.2535514831543 -2.2371015548706055 -23.796396255493164 26.25677490234375 -3.2509803771972656 -23.703948974609375 6.633302211761475 -4.188215255737305 -23.605388641357422 -18.223297119140625 13.68301773071289 -23.919666290283203 -21.76797866821289 12.978578567504883 -23.78864288330078 7.587135314941406 12.241632461547852 -23.705007553100586 31.960092544555664 11.441604614257812 -23.604156494140625 48.503883361816406 10.592752456665039 -23.395654678344727 55.34329605102539 9.704939842224121 -23.224788665771484 51.71749496459961 8.829927444458008 -23.096675872802734 38.3544921875 7.996198654174805 -22.967498779296875 17.903823852539062 7.192263126373291 -22.901708602905273 -6.262229919433594 6.426482200622559 -22.900421142578125 -29.729736328125 5.691091060638428 -22.899242401123047 -48.48023986816406 4.965292453765869 -22.940570831298828 -59.098514556884766 4.272753715515137 -22.979270935058594 -59.79182434082031 3.574646472930908 -23.04141616821289 -50.25658416748047 2.874213218688965 -23.09865951538086 -32.46455001831055 2.1437416076660156 -23.08405113220215 -9.768531799316406 1.3506600856781006 -23.020111083984375 13.416252136230469 0.5183935165405273 -23.007110595703125 32.694942474365234 -0.3373093605041504 -22.935466766357422 43.8604736328125 -1.2957558631896973 -22.8367977142334 44.396697998046875 -2.282975673675537 -22.732698440551758 34.935020446777344 -3.298011302947998 -22.636735916137695 17.056617736816406 -4.271381378173828 -22.5379638671875 -6.887545108795166 13.80321979522705 -23.123516082763672 -28.380207061767578 13.057724952697754 -23.014673233032227 5.051048278808594 12.309059143066406 -22.89971351623535 32.98967742919922 11.461592674255371 -22.73090362548828 52.745235443115234 10.626280784606934 -22.577272415161133 61.99202346801758 9.759468078613281 -22.43099594116211 59.56890869140625 8.85675048828125 -22.23978042602539 46.53205108642578 8.045516014099121 -22.111406326293945 25.079856872558594 7.247572898864746 -22.03909683227539 -0.8953666687011719 6.473337173461914 -22.000925064086914 -26.780977249145508 5.725428104400635 -21.996896743774414 -47.94485092163086 4.99834680557251 -22.049449920654297 -60.759639739990234 4.278471946716309 -22.093215942382812 -63.161895751953125 3.568286895751953 -22.14307975769043 -54.76227569580078 2.8367249965667725 -22.175817489624023 -37.383758544921875 2.0766913890838623 -22.164989471435547 -14.319351196289062 1.266756296157837 -22.064489364624023 9.991119384765625 0.44525718688964844 -22.032081604003906 30.979461669921875 -0.4049515724182129 -21.945934295654297 44.31265640258789 -1.3490891456604004 -21.83623504638672 47.18129348754883 -2.318087577819824 -21.74038314819336 39.76367950439453 -3.324763774871826 -21.64743995666504 23.622282028198242 -4.304128170013428 -21.575593948364258 1.2494335174560547 13.927078247070312 -22.21552848815918 -33.61614227294922 13.17186164855957 -22.146141052246094 1.1515426635742188 12.347198486328125 -21.978742599487305 30.555002212524414 11.519336700439453 -21.884929656982422 51.90678787231445 10.630118370056152 -21.802501678466797 62.638790130615234 9.763450622558594 -21.4930477142334 61.56348419189453 8.911497116088867 -21.35857391357422 49.47163772583008 8.065895080566406 -21.26299285888672 28.692665100097656 7.28848934173584 -21.192649841308594 3.054655075073242 6.502862930297852 -21.156267166137695 -22.882251739501953 5.750210762023926 -21.113035202026367 -44.53003692626953 5.028462886810303 -21.1258544921875 -58.08391189575195 4.282240867614746 -21.1777286529541 -61.347740173339844 3.5399551391601562 -21.217491149902344 -54.137237548828125 2.7858686447143555 -21.216114044189453 -37.982200622558594 2.0018067359924316 -21.133174896240234 -15.942150115966797 1.199341058731079 -21.0755615234375 7.7168121337890625 0.37270164489746094 -21.05764389038086 28.44799041748047 -0.4563126564025879 -20.956865310668945 42.17911148071289 -1.3824872970581055 -20.855335235595703 46.24370574951172 -2.339420795440674 -20.762779235839844 40.353912353515625 -3.3072237968444824 -20.685991287231445 26.02735137939453 -4.3907904624938965 -20.64473533630371 5.514517307281494 14.121379852294922 -21.388181686401367 -37.446685791015625 13.254871368408203 -21.283145904541016 -4.095970153808594 12.408577919006348 -21.139711380004883 24.603670120239258 11.562936782836914 -20.95785140991211 45.777530670166016 10.643928527832031 -20.754358291625977 57.05952072143555 9.790854454040527 -20.64798355102539 57.353912353515625 8.914223670959473 -20.474092483520508 47.185733795166016 8.091643333435059 -20.351058959960938 28.78684425354004 7.305171012878418 -20.291120529174805 5.612627029418945 6.505487442016602 -20.204580307006836 -18.1781063079834 5.74830436706543 -20.208158493041992 -38.324214935302734 5.017728805541992 -20.18792152404785 -51.04221725463867 4.280364990234375 -20.2225284576416 -54.39447021484375 3.500441551208496 -20.24538230895996 -48.339439392089844 2.7379660606384277 -20.273056030273438 -34.12940216064453 1.934863805770874 -20.20869255065918 -14.459789276123047 1.144972801208496 -20.13983726501465 6.805633544921875 0.3348262310028076 -20.051288604736328 25.560043334960938 -0.5077219009399414 -19.96904754638672 38.04899597167969 -1.4043188095092773 -19.874662399291992 42.01545333862305 -2.347522735595703 -19.783462524414062 37.15050506591797 -3.351949691772461 -19.721826553344727 24.31952667236328 -4.440126419067383 -19.63153076171875 5.771542549133301 14.3014497756958 -20.3133544921875 -40.04833221435547 13.348190307617188 -20.228282928466797 -10.365053176879883 12.464170455932617 -20.1600284576416 15.459466934204102 11.555923461914062 -20.023101806640625 34.94056701660156 10.676581382751465 -19.857065200805664 46.03425216674805 9.757399559020996 -19.6605281829834 47.68008041381836 8.927961349487305 -19.549192428588867 40.20986557006836 8.101325988769531 -19.452726364135742 25.588354110717773 7.308387756347656 -19.331829071044922 6.785915374755859 6.5169243812561035 -19.31619644165039 -12.808752059936523 5.734130382537842 -19.283092498779297 -29.512935638427734 4.9749860763549805 -19.237897872924805 -40.24185562133789 4.253376483917236 -19.21091079711914 -43.0285530090332 3.476133346557617 -19.195938110351562 -37.85529327392578 2.706177234649658 -19.16421127319336 -26.160057067871094 1.8868532180786133 -19.216957092285156 -10.067741394042969 1.0657069683074951 -19.114444732666016 7.3147735595703125 0.30534815788269043 -19.004667282104492 22.5523681640625 -0.5010285377502441 -18.975379943847656 32.4683952331543 -1.4195342063903809 -18.881799697875977 35.268978118896484 -2.3516950607299805 -18.785554885864258 30.43166732788086 -3.2866287231445312 -18.700790405273438 18.877605438232422 -4.5113606452941895 -18.62358856201172 2.348565101623535 14.470379829406738 -19.15155601501465 -39.85920715332031 13.4235200881958 -19.132112503051758 -16.270652770996094 12.506389617919922 -19.143705368041992 4.691167831420898 11.51894760131836 -18.98853302001953 21.10486602783203 10.665833473205566 -18.76982307434082 31.036418914794922 9.756401062011719 -18.700448989868164 33.76311111450195 8.93449878692627 -18.600120544433594 29.44532012939453 8.105905532836914 -18.54175567626953 19.583112716674805 7.295352458953857 -18.438570022583008 6.385581970214844 6.515290260314941 -18.42397689819336 -7.472078323364258 5.733656883239746 -18.3304500579834 -19.288801193237305 4.963770389556885 -18.259302139282227 -26.720746994018555 4.222009658813477 -18.20633888244629 -28.471675872802734 3.4573073387145996 -18.191539764404297 -24.17974090576172 2.708803415298462 -18.151649475097656 -15.414511680603027 1.8568824529647827 -18.148149490356445 -3.7035770416259766 0.9785847663879395 -18.10455894470215 8.678417205810547 0.24886226654052734 -17.968524932861328 19.186328887939453 -0.3940868377685547 -17.962018966674805 25.721057891845703 -1.4313993453979492 -17.890989303588867 26.468961715698242 -2.350083827972412 -17.789770126342773 21.214935302734375 -3.281522750854492 -17.688682556152344 10.617891311645508 -4.572373390197754 -17.569271087646484 -3.809804916381836 14.61624813079834 -17.91807746887207 -36.241817474365234 13.445002555847168 -18.023223876953125 -20.452411651611328 12.493358612060547 -17.849437713623047 -5.78188943862915 11.516214370727539 -17.849035263061523 6.007546424865723 10.603023529052734 -17.796878814697266 13.816986083984375 9.77047348022461 -17.718730926513672 17.14423942565918 8.937348365783691 -17.637557983398438 16.122316360473633 8.112059593200684 -17.57282066345215 11.388358116149902 7.2781267166137695 -17.528833389282227 4.5167646408081055 6.466092109680176 -17.374919891357422 -2.8438587188720703 5.7501020431518555 -17.332561492919922 -8.962717056274414 4.896799087524414 -17.291969299316406 -12.487165451049805 4.180164813995361 -17.230419158935547 -12.65487289428711 3.4389700889587402 -17.1622371673584 -9.338188171386719 2.6830263137817383 -17.024747848510742 -3.3815622329711914 1.8893811702728271 -16.870059967041016 3.589897394180298 0.9249167442321777 -16.927793502807617 10.015109062194824 0.07397079467773438 -16.827512741088867 15.336511611938477 -0.18822622299194336 -16.964740753173828 17.959823608398438 -1.4440836906433105 -16.8866024017334 16.27667808532715 -2.3427510261535645 -16.778141021728516 10.38725757598877 -3.447028636932373 -16.665481567382812 0.9713492393493652 -4.576813220977783 -16.48293685913086 -11.216175079345703 14.696807861328125 -16.81060218811035 -29.242048263549805 13.439757347106934 -16.887378692626953 -21.831195831298828 12.460380554199219 -16.819536209106445 -14.679573059082031 11.542987823486328 -16.716032028198242 -8.46638298034668 10.620933532714844 -16.719295501708984 -3.557562828063965 9.787263870239258 -16.717212677001953 -0.14413070678710938 8.945671081542969 -16.737279891967773 1.7391996383666992 8.11052131652832 -16.739524841308594 2.0973734855651855 7.286438941955566 -16.671550750732422 1.4666247367858887 6.467111587524414 -16.720300674438477 0.7571210861206055 5.696623802185059 -16.670738220214844 0.3106803894042969 4.826906681060791 -16.461973190307617 0.7724647521972656 4.147494792938232 -16.294025421142578 2.301790237426758 3.3670971393585205 -16.109397888183594 4.72376823425293 2.6375632286071777 -15.939064025878906 7.500665664672852 1.843822956085205 -15.543277740478516 9.76428508758545 0.9014091491699219 -15.15260124206543 10.925347328186035 0.0186309814453125 -16.101329803466797 10.957467079162598 -0.6157751083374023 -16.012714385986328 9.456862449645996 -1.4576849937438965 -15.925201416015625 5.526224136352539 -2.3394174575805664 -15.811014175415039 -0.7826108932495117 -3.620347023010254 -15.742923736572266 -8.83023738861084 -4.4071455001831055 -15.894795417785645 -18.169641494750977 14.687860488891602 -15.619540214538574 -19.081897735595703 13.436861038208008 -15.56391716003418 -20.151430130004883 12.425471305847168 -15.59770393371582 -20.852909088134766 11.552225112915039 -15.610298156738281 -20.437576293945312 10.641441345214844 -15.643800735473633 -18.718034744262695 9.791133880615234 -15.7195405960083 -15.73479175567627 8.940214157104492 -15.720283508300781 -11.63464069366455 8.097142219543457 -15.720710754394531 -6.75837516784668 7.268316268920898 -15.598855972290039 -1.5802841186523438 6.502526760101318 -15.683208465576172 3.518920660018921 5.610033988952637 -15.584770202636719 8.193944931030273 4.821467399597168 -15.538766860961914 12.127602577209473 4.098298072814941 -15.375100135803223 14.959615707397461 3.2939796447753906 -15.195211410522461 16.240806579589844 2.587334156036377 -15.00251579284668 15.696537017822266 1.8360884189605713 -14.844575881958008 13.416976928710938 0.8315603733062744 -14.624239921569824 9.893386840820312 -0.06604290008544922 -14.445662498474121 5.475847244262695 -0.576012134552002 -14.961800575256348 0.37252044677734375 -1.474104404449463 -14.995560646057129 -5.168612480163574 -2.3455018997192383 -14.87233829498291 -11.264973640441895 -3.2011990547180176 -14.84763240814209 -17.326210021972656 -4.214788436889648 -15.21750259399414 -23.52599334716797 14.606179237365723 -14.54220199584961 -7.8711395263671875 13.337996482849121 -14.39581298828125 -16.524763107299805 12.426109313964844 -14.447698593139648 -23.833438873291016 11.511619567871094 -14.615228652954102 -28.78063201904297 10.631328582763672 -14.731119155883789 -30.24271011352539 9.796361923217773 -14.76646900177002 -27.883779525756836 8.944418907165527 -14.822388648986816 -22.209819793701172 8.105960845947266 -14.846113204956055 -13.866968154907227 7.246621131896973 -14.961074829101562 -4.022514343261719 6.461316108703613 -14.731792449951172 5.835046768188477 5.647698879241943 -14.643885612487793 14.419822692871094 4.791833877563477 -14.677565574645996 20.85955810546875 4.0386199951171875 -14.554105758666992 24.319042205810547 3.241868495941162 -14.396271705627441 24.31552505493164 2.457019090652466 -14.093229293823242 20.76432991027832 1.6952718496322632 -13.46494197845459 14.415077209472656 0.8540081977844238 -12.686903953552246 6.807668685913086 0.028462886810302734 -13.979640007019043 -1.071706771850586 -0.7153615951538086 -14.204177856445312 -8.746353149414062 -1.5346436500549316 -14.144418716430664 -15.191238403320312 -2.3361387252807617 -14.037508010864258 -19.85319709777832 -3.114253044128418 -13.934012413024902 -23.247844696044922 -4.0478644371032715 -13.819448471069336 -25.881614685058594 14.532334327697754 -13.549385070800781 1.4374198913574219 13.10501766204834 -13.605141639709473 -11.496713638305664 12.388855934143066 -13.58092212677002 -24.176904678344727 11.499641418457031 -13.60793399810791 -33.1152458190918 10.65475082397461 -13.693306922912598 -37.003662109375 9.787592887878418 -13.774474143981934 -35.487548828125 8.948010444641113 -13.826704978942871 -28.83232307434082 8.122268676757812 -13.812387466430664 -18.33367156982422 7.287077903747559 -13.902737617492676 -5.186314582824707 6.451838493347168 -14.05749225616455 7.739981651306152 5.6307783126831055 -13.956693649291992 18.701675415039062 4.842078685760498 -13.843501091003418 26.5789737701416 4.044907569885254 -13.791402816772461 29.906648635864258 3.2164058685302734 -13.745983123779297 28.3221378326416 2.4213757514953613 -13.664909362792969 22.212085723876953 1.6347123384475708 -13.514817237854004 12.726097106933594 0.8389711380004883 -13.394488334655762 1.8349685668945312 0.04868745803833008 -13.242754936218262 -8.481084823608398 -0.7404522895812988 -13.448739051818848 -17.06941032409668 -1.5711193084716797 -13.385234832763672 -22.93511962890625 -2.3313851356506348 -13.287738800048828 -25.679920196533203 -3.1548008918762207 -13.146581649780273 -25.878780364990234 -3.8485641479492188 -12.949864387512207 -24.347471237182617 14.275633811950684 -12.457247734069824 13.087198257446289 12.94542407989502 -12.532851219177246 -6.400287628173828 12.229557037353516 -12.938567161560059 -22.055908203125 11.430798530578613 -12.714226722717285 -33.297054290771484 10.657736778259277 -12.706467628479004 -38.920753479003906 9.790006637573242 -12.745145797729492 -38.05002212524414 8.947847366333008 -12.829782485961914 -31.003698348999023 8.138405799865723 -12.889698028564453 -19.405616760253906 7.320362567901611 -12.957767486572266 -5.279088973999023 6.497431755065918 -13.006457328796387 9.38473129272461 5.677803039550781 -13.01490306854248 21.501935958862305 4.891557693481445 -12.946009635925293 29.174510955810547 4.047698497772217 -12.857711791992188 31.492717742919922 3.232697010040283 -12.834563255310059 28.218788146972656 2.4350664615631104 -12.869098663330078 20.18740463256836 1.6314136981964111 -12.834024429321289 8.767507553100586 0.8132832050323486 -12.801069259643555 -3.989269256591797 0.015942096710205078 -12.76164722442627 -15.564504623413086 -0.7667121887207031 -12.71377944946289 -23.937267303466797 -1.5635414123535156 -12.683442115783691 -28.27203941345215 -2.431784152984619 -12.631064414978027 -28.4711971282959 -3.1173081398010254 -12.524189949035645 -24.945077896118164 -3.685080051422119 -12.437217712402344 -18.954326629638672 14.03631591796875 -11.494229316711426 24.47278594970703 13.05539608001709 -11.485458374023438 2.880002975463867 12.157136917114258 -11.489608764648438 -16.283166885375977 11.27497673034668 -11.64372444152832 -29.5932674407959 10.70228385925293 -11.725443840026855 -36.11952590942383 9.754169464111328 -11.84060287475586 -35.755950927734375 8.97209644317627 -11.931754112243652 -28.930709838867188 8.1663818359375 -12.025679588317871 -17.42702293395996 7.350312232971191 -12.080628395080566 -3.407886505126953 6.542712211608887 -12.121819496154785 10.53291130065918 5.7683000564575195 -12.157848358154297 22.294952392578125 4.909947872161865 -12.161116600036621 28.665353775024414 4.069092750549316 -12.116169929504395 29.07394027709961 3.265190601348877 -12.092479705810547 24.272075653076172 2.4254207611083984 -12.068039894104004 14.96493911743164 1.6449365615844727 -12.050189018249512 2.7039284706115723 0.801077127456665 -12.049426078796387 -10.328594207763672 0.0023169517517089844 -12.055639266967773 -21.71135139465332 -0.7909855842590332 -12.055601119995117 -28.92469596862793 -1.579786777496338 -12.029998779296875 -30.92181396484375 -2.4902257919311523 -11.991766929626465 -28.00011444091797 -3.124767303466797 -11.958364486694336 -20.646167755126953 -3.574361801147461 -11.912980079650879 -10.229771614074707 13.705609321594238 -10.592855453491211 32.73574447631836 12.701705932617188 -10.548816680908203 11.784343719482422 12.209240913391113 -10.58934211730957 -7.615076065063477 11.2420072555542 -10.800622940063477 -22.520763397216797 10.653120994567871 -10.92898178100586 -29.360843658447266 9.74615478515625 -10.944723129272461 -29.542875289916992 9.002965927124023 -11.026272773742676 -23.566728591918945 8.193685531616211 -11.122749328613281 -12.896720886230469 7.384199142456055 -11.196805953979492 -0.31239891052246094 6.578691482543945 -11.251118659973145 11.719306945800781 5.816956996917725 -11.281064987182617 20.799623489379883 4.882400989532471 -11.305326461791992 25.32752227783203 4.053642272949219 -11.289545059204102 24.04595375061035 3.300281047821045 -11.287118911743164 17.604782104492188 2.4030730724334717 -11.299690246582031 7.591634750366211 1.6928294897079468 -11.322216033935547 -4.439018249511719 0.8225717544555664 -11.347857475280762 -16.498741149902344 0.027106761932373047 -11.382864952087402 -26.114559173583984 -0.7998533248901367 -11.406828880310059 -31.238082885742188 -1.6486201286315918 -11.405891418457031 -30.607484817504883 -2.490650177001953 -11.401124954223633 -24.331859588623047 -3.1519241333007812 -11.40183162689209 -13.304450988769531 -3.5444955825805664 -11.383929252624512 0.7962627410888672 13.349940299987793 -9.761001586914062 36.617095947265625 12.382064819335938 -9.76791763305664 17.944374084472656 12.247693061828613 -9.842493057250977 0.4471924304962158 11.255596160888672 -9.917295455932617 -12.650283813476562 10.633519172668457 -10.022928237915039 -19.95916175842285 9.625752449035645 -10.004791259765625 -20.6750545501709 9.085522651672363 -10.093482971191406 -15.356428146362305 8.19937515258789 -10.244894027709961 -6.659040451049805 7.432769775390625 -10.347972869873047 3.395827293395996 6.588498115539551 -10.42070198059082 12.468029022216797 5.93151330947876 -10.470388412475586 18.41385269165039 4.952594757080078 -10.48740005493164 20.019102096557617 4.048518657684326 -10.48837661743164 17.209156036376953 3.316324472427368 -10.49728012084961 9.884723663330078 2.4892399311065674 -10.537309646606445 -0.34661102294921875 1.711222767829895 -10.586650848388672 -11.348618507385254 0.8462755680084229 -10.60672378540039 -21.307981491088867 0.07935285568237305 -10.655179977416992 -28.27469253540039 -0.8651375770568848 -10.73000717163086 -30.43250274658203 -1.7698817253112793 -10.820442199707031 -26.974544525146484 -2.480391025543213 -10.867837905883789 -17.745834350585938 -3.224147319793701 -10.881189346313477 -3.953866958618164 -3.5987844467163086 -10.888431549072266 12.64356803894043 13.010412216186523 -9.048639297485352 35.60618209838867 12.13405704498291 -9.03875732421875 20.85303497314453 11.841994285583496 -9.047527313232422 7.374340534210205 11.34235954284668 -9.136959075927734 -3.683608055114746 10.465600967407227 -9.105022430419922 -9.140262603759766 9.890499114990234 -9.182628631591797 -9.543317794799805 8.940145492553711 -9.454744338989258 -5.775245666503906 8.211935043334961 -9.46426773071289 0.27941572666168213 7.454575538635254 -9.542108535766602 7.039433002471924 6.704095840454102 -9.617914199829102 12.623655319213867 6.013063430786133 -9.665672302246094 15.196954727172852 5.0470380783081055 -9.673078536987305 14.014005661010742 3.9834606647491455 -9.690444946289062 9.241336822509766 3.4372000694274902 -9.744609832763672 1.9835491180419922 2.544728994369507 -9.80467414855957 -7.241916656494141 1.7056047916412354 -9.822433471679688 -16.577489852905273 0.8686654567718506 -9.894943237304688 -23.81155776977539 -0.0035538673400878906 -9.968902587890625 -27.499608993530273 -0.8557405471801758 -10.055990219116211 -26.53618812561035 -1.7807483673095703 -10.203407287597656 -20.30195426940918 -2.6703505516052246 -10.338869094848633 -9.180167198181152 -3.2931604385375977 -10.418119430541992 5.944612503051758 -3.7302169799804688 -10.428958892822266 23.33769989013672 12.703801155090332 -8.43759536743164 29.555313110351562 11.735445976257324 -8.426612854003906 19.443626403808594 11.674806594848633 -8.496187210083008 10.049385070800781 11.072907447814941 -8.590738296508789 3.090428352355957 10.214503288269043 -8.550018310546875 -0.3943490982055664 9.828388214111328 -8.537408828735352 0.7447013854980469 9.041271209716797 -8.563566207885742 3.643573760986328 8.2123441696167 -8.853084564208984 6.886016845703125 7.536602020263672 -8.822002410888672 10.38381290435791 6.797637939453125 -8.85938835144043 11.982501029968262 5.9279069900512695 -8.839290618896484 11.042861938476562 5.33220100402832 -8.82547378540039 7.473772048950195 4.225083351135254 -8.884767532348633 1.640584945678711 3.739013195037842 -8.952569961547852 -5.533483505249023 2.700261354446411 -9.004981994628906 -12.640552520751953 1.7587701082229614 -9.115833282470703 -18.97562599182129 0.9240787029266357 -9.201904296875 -23.08009147644043 -0.062132835388183594 -9.31273078918457 -23.482227325439453 -0.7122845649719238 -9.43928337097168 -19.716882705688477 -1.7631855010986328 -9.56991195678711 -11.655531883239746 -2.7010650634765625 -9.671241760253906 0.19858551025390625 -3.312553882598877 -9.847053527832031 14.784460067749023 -3.941497802734375 -9.831775665283203 30.910728454589844 12.416656494140625 -7.976297378540039 19.192325592041016 11.936531066894531 -7.980609893798828 14.235057830810547 11.581828117370605 -8.024106979370117 9.566301345825195 11.087310791015625 -8.025213241577148 6.612811088562012 10.386886596679688 -8.04759407043457 6.384791374206543 9.560012817382812 -8.03438949584961 8.562908172607422 9.134660720825195 -7.954216003417969 11.779851913452148 8.45210075378418 -7.986869812011719 13.095531463623047 7.527579307556152 -8.129051208496094 12.455456733703613 6.785680294036865 -8.061836242675781 10.004158020019531 5.909387588500977 -8.051004409790039 5.9603681564331055 5.234014511108398 -8.069528579711914 0.6014947891235352 4.472692489624023 -8.028316497802734 -5.4372100830078125 3.5871875286102295 -8.0426025390625 -11.365606307983398 2.7127535343170166 -8.083578109741211 -16.137569427490234 1.8708982467651367 -8.184858322143555 -18.471805572509766 0.990053653717041 -8.371566772460938 -18.926177978515625 0.1217646598815918 -8.527935028076172 -16.314964294433594 -0.7502508163452148 -8.676715850830078 -10.409963607788086 -1.6773548126220703 -8.780094146728516 -1.716156005859375 -2.4123101234436035 -8.95425796508789 9.135278701782227 -3.3677663803100586 -9.041872024536133 21.284908294677734 -4.18306827545166 -9.064002990722656 33.92269515991211 12.199914932250977 -7.5023956298828125 5.832664489746094 11.904857635498047 -7.448015213012695 6.797639846801758 11.657608032226562 -7.385490417480469 7.24859619140625 11.145452499389648 -7.483942031860352 8.168378829956055 10.391231536865234 -7.416908264160156 11.039599418640137 9.556636810302734 -7.351896286010742 14.239350318908691 9.446669578552246 -7.303693771362305 16.93472671508789 8.420063018798828 -7.110654830932617 16.298843383789062 7.737251281738281 -7.128633499145508 12.451525688171387 6.787815570831299 -7.249332427978516 6.500430107116699 5.9392476081848145 -7.212766647338867 -0.00655674934387207 5.248880863189697 -7.237142562866211 -6.370171546936035 4.365514278411865 -7.272590637207031 -11.755278587341309 3.6372427940368652 -7.246833801269531 -15.493180274963379 2.7192282676696777 -7.276926040649414 -16.90598487854004 1.9436284303665161 -7.409675598144531 -15.66032886505127 1.094543218612671 -7.53141975402832 -11.912544250488281 0.22004222869873047 -7.653509140014648 -6.372881889343262 -0.6461796760559082 -7.748502731323242 0.7271041870117188 -1.6631474494934082 -7.95161247253418 8.827622413635254 -2.4618611335754395 -8.070627212524414 16.971675872802734 -3.430283546447754 -8.132404327392578 24.696714401245117 -4.458534240722656 -8.154844284057617 31.791175842285156 12.069483757019043 -7.043430328369141 -8.863485336303711 12.020578384399414 -6.9955291748046875 -1.6698417663574219 11.624005317687988 -6.933660507202148 4.310947418212891 11.052411079406738 -6.908666610717773 10.148446083068848 10.263704299926758 -6.7840423583984375 14.823620796203613 9.766111373901367 -6.615678787231445 18.307621002197266 9.11892032623291 -6.598064422607422 18.717117309570312 8.475662231445312 -6.54014778137207 16.292102813720703 7.640127658843994 -6.426759719848633 10.416441917419434 6.738776683807373 -6.395193099975586 1.7470369338989258 5.83426570892334 -6.546195983886719 -6.885456085205078 5.25820779800415 -6.492753982543945 -13.541648864746094 4.395177841186523 -6.506296157836914 -17.556962966918945 3.6340274810791016 -6.534753799438477 -18.180347442626953 2.799288511276245 -6.508888244628906 -15.419818878173828 1.991087555885315 -6.503602981567383 -9.873379707336426 1.151200294494629 -6.593414306640625 -2.6441354751586914 0.3015727996826172 -6.672321319580078 5.408413887023926 -0.6085495948791504 -6.8092803955078125 13.0076904296875 -1.5029077529907227 -6.889936447143555 19.115869522094727 -2.4330968856811523 -7.034547805786133 23.092370986938477 -3.522716522216797 -7.1335296630859375 24.642677307128906 -4.712060928344727 -7.115972518920898 24.29570960998535 12.01368522644043 -6.572498321533203 -23.61345863342285 12.168277740478516 -6.549989700317383 -9.666830062866211 11.5089693069458 -6.568836212158203 2.7173233032226562 10.961341857910156 -6.391878128051758 12.426848411560059 10.229341506958008 -6.192766189575195 18.997032165527344 9.66628646850586 -6.021413803100586 21.143648147583008 9.040522575378418 -5.862432479858398 19.88340187072754 8.339815139770508 -5.843362808227539 14.349800109863281 7.51441764831543 -5.7044830322265625 5.811785697937012 6.635165214538574 -5.631715774536133 -4.652892112731934 5.997041702270508 -5.649036407470703 -14.914803504943848 5.2650580406188965 -5.694623947143555 -21.367477416992188 4.429384231567383 -5.687038421630859 -23.16126251220703 3.676823139190674 -5.788171768188477 -19.994718551635742 2.755589008331299 -5.8204498291015625 -12.690901756286621 2.0315468311309814 -5.751010894775391 -2.652184009552002 1.1827800273895264 -5.71436882019043 8.220979690551758 0.3595848083496094 -5.689170837402344 18.038000106811523 -0.5540814399719238 -5.763275146484375 25.399038314819336 -1.4781808853149414 -5.892953872680664 28.67739486694336 -2.375725746154785 -5.914829254150391 27.159183502197266 -3.5643205642700195 -5.941265106201172 21.290266036987305 -4.894440650939941 -5.933382034301758 12.05952262878418 12.02500057220459 -6.077983856201172 -37.030242919921875 12.615416526794434 -6.044898986816406 -16.48202133178711 11.636127471923828 -6.101724624633789 1.3528928756713867 10.605280876159668 -5.884361267089844 15.255212783813477 10.235719680786133 -5.61915397644043 23.15260887145996 9.506874084472656 -5.52546501159668 24.73848533630371 8.928672790527344 -5.373012542724609 20.9442138671875 8.158016204833984 -5.212785720825195 11.596940994262695 7.397857666015625 -5.0593109130859375 -0.23544299602508545 6.69754695892334 -4.9623565673828125 -13.164438247680664 5.982006549835205 -4.793750762939453 -24.008686065673828 5.188148498535156 -4.809452056884766 -30.135574340820312 4.482934951782227 -4.9969329833984375 -29.032909393310547 3.706230640411377 -4.915643692016602 -21.983179092407227 2.7995638847351074 -4.934150695800781 -10.165491104125977 1.9802696704864502 -4.948747634887695 4.501376152038574 1.1686642169952393 -4.83320426940918 19.0256404876709 0.38276195526123047 -4.792476654052734 30.67828369140625 -0.5387711524963379 -4.772918701171875 37.1112060546875 -1.386120319366455 -4.740283966064453 37.02788543701172 -2.3913888931274414 -4.764059066772461 29.40106201171875 -3.5383176803588867 -4.736143112182617 15.205954551696777 -4.955005645751953 -4.743278503417969 -3.5048274993896484 12.068178176879883 -5.611200332641602 -47.89610290527344 13.540842056274414 -5.517250061035156 -21.48836898803711 11.330842018127441 -5.337602615356445 1.6655092239379883 10.58442497253418 -5.187831878662109 18.389333724975586 9.961252212524414 -5.087018966674805 27.71568489074707 9.536843299865723 -4.877372741699219 28.64811134338379 8.718555450439453 -4.678337097167969 22.106422424316406 8.035545349121094 -4.441764831542969 9.621410369873047 7.357037544250488 -4.309394836425781 -6.189379692077637 6.65850830078125 -4.277122497558594 -22.017398834228516 5.759274005889893 -4.188190460205078 -34.093780517578125 5.207442283630371 -4.029975891113281 -39.009681701660156 4.432408809661865 -3.9855995178222656 -35.710113525390625 3.6715331077575684 -3.9482078552246094 -25.09557342529297 2.802673101425171 -3.9531211853027344 -8.614425659179688 1.955828309059143 -4.005393981933594 10.465002059936523 1.1115398406982422 -3.9652099609375 28.5384521484375 0.37921762466430664 -3.7424392700195312 41.91691207885742 -0.4628114700317383 -3.6746253967285156 47.55388641357422 -1.4240989685058594 -3.5942840576171875 43.70011901855469 -2.2382311820983887 -3.503864288330078 29.98161506652832 -3.4443788528442383 -3.5119361877441406 7.625614166259766 -4.913844108581543 -3.467212677001953 -20.493558883666992 12.139948844909668 -5.134565353393555 -55.880916595458984 12.083765983581543 -5.002468109130859 -24.327835083007812 11.30955696105957 -4.842754364013672 3.031332015991211 10.58839225769043 -4.778591156005859 22.938066482543945 9.863287925720215 -4.504779815673828 32.71427917480469 9.386585235595703 -4.248805999755859 32.99049377441406 8.584728240966797 -3.9803009033203125 24.408164978027344 7.814898490905762 -3.8951950073242188 8.550329208374023 7.274501800537109 -3.6439590454101562 -10.787642478942871 6.679991245269775 -3.49359130859375 -29.63275718688965 5.805871963500977 -3.4235305786132812 -43.10429382324219 5.0420002937316895 -3.4241485595703125 -48.10638427734375 4.404393196105957 -3.3560562133789062 -42.9305534362793 3.5621213912963867 -3.257183074951172 -29.158489227294922 2.8155853748321533 -3.145122528076172 -8.844459533691406 1.9693048000335693 -3.088146209716797 14.370016098022461 1.186434030532837 -3.0834274291992188 35.8208122253418 0.25957155227661133 -2.9724884033203125 50.75288009643555 -0.4191913604736328 -2.704761505126953 55.60359573364258 -1.4020423889160156 -2.5199508666992188 48.47406005859375 -2.136324882507324 -2.3371429443359375 29.181499481201172 -3.3251142501831055 -2.1434860229492188 -0.2818012237548828 -4.724947929382324 -2.1593475341796875 -36.653656005859375 12.209829330444336 -4.578884124755859 -60.84880065917969 11.410064697265625 -4.460865020751953 -25.507835388183594 11.042350769042969 -4.313579559326172 5.081456184387207 10.565342903137207 -4.036567687988281 27.502918243408203 9.779159545898438 -3.9221229553222656 38.30078887939453 9.134641647338867 -3.7532615661621094 38.22528839111328 8.443443298339844 -3.4765777587890625 27.780624389648438 7.7124857902526855 -3.0980148315429688 8.962657928466797 7.064739227294922 -2.9219131469726562 -13.74715518951416 6.513273239135742 -2.7026596069335938 -35.265281677246094 5.8315911293029785 -2.6798782348632812 -50.39209747314453 4.984930038452148 -2.620899200439453 -56.14134979248047 4.242976665496826 -2.591480255126953 -50.57929229736328 3.4740538597106934 -2.4811325073242188 -34.615501403808594 2.6571061611175537 -2.454631805419922 -11.292102813720703 2.0083141326904297 -2.4155044555664062 15.79658031463623 1.236637830734253 -2.2267379760742188 40.14683151245117 0.29699087142944336 -2.0931663513183594 56.5909423828125 -0.5090823173522949 -1.8973159790039062 60.8037223815918 -1.3320908546447754 -1.5711174011230469 50.995849609375 -2.1948537826538086 -1.2960243225097656 27.817262649536133 -3.182004928588867 -1.0992774963378906 -6.8064751625061035 -4.4080352783203125 -0.9774398803710938 -49.473602294921875 12.331241607666016 -3.9705772399902344 -62.76946258544922 11.62706470489502 -3.8688812255859375 -25.126127243041992 10.963553428649902 -3.7853736877441406 7.964015960693359 10.114297866821289 -3.4272499084472656 31.963104248046875 9.744458198547363 -3.1601829528808594 44.34027862548828 9.098114013671875 -2.998382568359375 43.27910232543945 8.257302284240723 -2.760345458984375 30.949878692626953 7.490047454833984 -2.4481201171875 10.140678405761719 6.849453449249268 -2.1024093627929688 -15.002240180969238 6.213779449462891 -1.9662857055664062 -38.57194900512695 5.6836113929748535 -1.916046142578125 -55.57231903076172 4.884760856628418 -1.8977699279785156 -62.82161331176758 4.092745304107666 -1.8339424133300781 -57.84477233886719 3.3621318340301514 -1.7955474853515625 -40.94643783569336 2.6595842838287354 -1.6631813049316406 -15.023395538330078 1.9348053932189941 -1.5359458923339844 14.415302276611328 1.2181050777435303 -1.3755836486816406 41.233882904052734 0.29670095443725586 -1.1202468872070312 58.99952697753906 -0.5899829864501953 -0.8724288940429688 63.346099853515625 -1.3878402709960938 -0.609893798828125 52.046905517578125 -2.139969825744629 -0.246917724609375 26.653125762939453 -3.019540786743164 0.00771331787109375 -10.773761749267578 -4.03668212890625 0.10747909545898438 -57.12565231323242 12.499996185302734 -3.3375930786132812 -62.14408493041992 11.591702461242676 -3.1969757080078125 -22.910673141479492 10.822165489196777 -2.9055023193359375 11.059610366821289 9.969544410705566 -2.7361221313476562 35.94150924682617 9.330726623535156 -2.5026779174804688 48.145572662353516 8.979434967041016 -2.0981979370117188 47.190372467041016 8.057345390319824 -1.880157470703125 34.10727310180664 7.344732761383057 -1.6473045349121094 11.74136734008789 6.642151832580566 -1.3940467834472656 -14.494690895080566 6.024982452392578 -1.1272239685058594 -39.3085823059082 5.448373794555664 -1.0135421752929688 -57.93498992919922 4.841033458709717 -1.0322608947753906 -66.4796371459961 4.071853160858154 -0.8541603088378906 -62.37528991699219 3.3277361392974854 -0.9029579162597656 -45.85765075683594 2.5600576400756836 -0.8835296630859375 -19.801937103271484 1.8389805555343628 -0.8088722229003906 10.691834449768066 1.1112914085388184 -0.5907020568847656 38.81405258178711 0.19506072998046875 -0.2604103088378906 57.605899810791016 -0.599543571472168 -0.019054412841796875 62.93463897705078 -1.351335048675537 0.18510055541992188 52.47390365600586 -2.109924793243408 0.5323905944824219 26.7060489654541 -2.8584976196289062 0.8933639526367188 -11.373467445373535 -3.59830379486084 0.9580802917480469 -58.17877197265625 12.692126274108887 -2.4866790771484375 -58.624996185302734 11.56965160369873 -2.3931198120117188 -18.816495895385742 10.687492370605469 -2.1345672607421875 14.995951652526855 9.925796508789062 -1.8605766296386719 39.49977493286133 8.969640731811523 -1.6805839538574219 51.27696990966797 8.482393264770508 -1.2870292663574219 49.999759674072266 7.863497734069824 -1.0012245178222656 36.7174072265625 7.196819305419922 -0.8581085205078125 14.525199890136719 6.491891384124756 -0.7304801940917969 -12.072266578674316 5.86099910736084 -0.5807151794433594 -37.293880462646484 5.21467924118042 -0.339630126953125 -57.011253356933594 4.554880619049072 -0.22745895385742188 -66.3089828491211 3.8472976684570312 -0.120880126953125 -63.44130325317383 3.3120036125183105 -0.12133026123046875 -48.683380126953125 2.4726383686065674 -0.1810455322265625 -24.096893310546875 1.7418646812438965 -0.004467010498046875 5.123798847198486 1.0406901836395264 0.19235610961914062 32.82216262817383 0.19815540313720703 0.3711357116699219 52.639190673828125 -0.6729650497436523 0.6154289245605469 59.928489685058594 -1.3728532791137695 0.9793739318847656 51.762657165527344 -2.1231460571289062 1.2163734436035156 28.28253173828125 -2.694997787475586 1.4564743041992188 -7.653669357299805 -3.14370059967041 1.5717735290527344 -52.00233459472656 12.884476661682129 -1.5489540100097656 -52.24824523925781 11.49254035949707 -1.4339256286621094 -13.45974349975586 10.673592567443848 -1.2993049621582031 18.98250961303711 9.728551864624023 -1.0164566040039062 42.108219146728516 8.899210929870605 -0.7382621765136719 53.38764190673828 8.06898307800293 -0.6128044128417969 52.4374885559082 7.5022454261779785 -0.37359619140625 39.64959716796875 7.042295455932617 -0.19841384887695312 18.400320053100586 6.36358642578125 -0.049449920654296875 -7.158314228057861 5.6871442794799805 0.06917953491210938 -32.38282012939453 4.9512786865234375 0.20388031005859375 -51.9550666809082 4.384184837341309 0.316864013671875 -62.129180908203125 3.780975580215454 0.3263740539550781 -61.26678466796875 3.1941945552825928 0.3810615539550781 -49.12635803222656 2.4035768508911133 0.5812301635742188 -27.288375854492188 1.6683577299118042 0.6068229675292969 -0.4481487274169922 0.9077115058898926 0.7764778137207031 25.937240600585938 0.18390750885009766 1.0169715881347656 46.31496810913086 -0.7878084182739258 1.2350616455078125 55.180694580078125 -1.42228364944458 1.5147209167480469 50.3078498840332 -2.0500173568725586 1.7733650207519531 31.17346954345703 -2.5749635696411133 1.88885498046875 0.25307464599609375 -2.740053176879883 1.9448509216308594 -38.57782745361328 12.85675048828125 -0.40821075439453125 -43.78997802734375 11.67482852935791 -0.36479949951171875 -8.035374641418457 10.476305961608887 -0.2928314208984375 22.138465881347656 9.538054466247559 -0.18947982788085938 43.57721710205078 8.706964492797852 0.015087127685546875 54.34992599487305 7.996731758117676 0.20290756225585938 53.45831298828125 7.2384514808654785 0.3020172119140625 42.291770935058594 6.725794315338135 0.4987945556640625 23.295246124267578 6.198608875274658 0.6374626159667969 0.13947519659996033 5.6319475173950195 0.7635421752929688 -23.1722469329834 4.88956356048584 0.8036422729492188 -42.50627899169922 4.283613681793213 0.819610595703125 -53.86846923828125 3.742337226867676 0.8837127685546875 -54.72553634643555 3.0800161361694336 0.9032630920410156 -45.63436508178711 2.328112840652466 1.07666015625 -27.74507713317871 1.6200346946716309 1.2351646423339844 -4.842174530029297 0.8667545318603516 1.2806396484375 19.360477447509766 -0.025106430053710938 1.4447402954101562 39.10456848144531 -0.7912983894348145 1.6945762634277344 49.903812408447266 -1.5587515830993652 1.9330520629882812 48.68097686767578 -2.067967414855957 2.190418243408203 35.073665618896484 -2.4006500244140625 2.295185089111328 11.382316589355469 -2.4432897567749023 2.225128173828125 -19.175125122070312 12.971868515014648 0.8578224182128906 -34.3930778503418 11.657748222351074 0.8329620361328125 -2.666818141937256 10.429465293884277 0.66217041015625 23.93764877319336 9.405254364013672 0.6823768615722656 43.23436737060547 8.474207878112793 0.8004035949707031 53.25440979003906 7.828033447265625 1.0004196166992188 53.7482795715332 7.26984977722168 0.9910926818847656 45.14353942871094 6.428133964538574 0.9726371765136719 29.526979446411133 6.076356887817383 1.2458076477050781 9.665614128112793 5.485475540161133 1.3844146728515625 -11.107892990112305 4.828076362609863 1.3454704284667969 -29.161602020263672 4.303396224975586 1.3985214233398438 -40.92354202270508 3.6739072799682617 1.4392433166503906 -44.49589920043945 3.0331625938415527 1.5233688354492188 -39.20380401611328 2.325956106185913 1.6273193359375 -25.9432430267334 1.5795071125030518 1.7017478942871094 -7.479348659515381 0.7813055515289307 1.887237548828125 13.443880081176758 -0.10259008407592773 2.0122756958007812 31.781047821044922 -0.9555745124816895 2.1830596923828125 43.471405029296875 -1.6283512115478516 2.2788162231445312 46.222599029541016 -2.0958375930786133 2.3575286865234375 39.30827713012695 -2.307992935180664 2.3521385192871094 24.437990188598633 -2.0890626907348633 2.3730010986328125 4.125364303588867 13.035276412963867 2.2257347106933594 -23.87436866760254 11.56605339050293 2.3942642211914062 1.907461166381836 10.37918758392334 2.2812728881835938 24.2709903717041 9.317044258117676 2.1577377319335938 41.097774505615234 8.434243202209473 1.753692626953125 50.62651062011719 7.726383209228516 1.1792488098144531 52.62669372558594 7.054672718048096 1.6940803527832031 47.54966354370117 6.432419300079346 1.7059173583984375 36.40974044799805 5.891922950744629 1.6555442810058594 21.140308380126953 5.382748126983643 1.7758216857910156 4.0987548828125 4.851794719696045 1.8343276977539062 -11.893707275390625 4.331088066101074 1.7414588928222656 -23.99071502685547 3.724477767944336 2.0034408569335938 -30.055652618408203 3.0496273040771484 2.0589141845703125 -29.47941780090332 2.284996271133423 1.9044609069824219 -22.35336685180664 1.543915867805481 2.165790557861328 -8.429027557373047 0.6568055152893066 2.5946197509765625 7.875556945800781 -0.20749616622924805 2.9889564514160156 23.739845275878906 -0.9694705009460449 2.8957061767578125 36.38689041137695 -1.6479711532592773 2.7022972106933594 42.73368453979492 -2.091754913330078 2.567188262939453 43.092247009277344 -2.229191780090332 2.3424034118652344 38.1190185546875 -2.0150489807128906 2.2977867126464844 29.01700210571289 -5.263051509857178 -26.14370346069336 -72.26112365722656 -5.268576622009277 -26.143545150756836 -72.37355041503906 -5.141862869262695 -24.76255989074707 -59.246673583984375 -5.147258281707764 -24.761865615844727 -59.385643005371094 -5.068075656890869 -23.48064613342285 -46.227298736572266 -5.072404861450195 -23.479415893554688 -46.38037872314453 -5.096749782562256 -22.401973724365234 -34.334007263183594 -5.100443363189697 -22.4003963470459 -34.48929977416992 -5.170693397521973 -21.477298736572266 -24.73873519897461 -5.174626350402832 -21.47557830810547 -24.882272720336914 -5.411100387573242 -20.468021392822266 -18.424480438232422 -5.414803504943848 -20.466421127319336 -18.547746658325195 -5.634077548980713 -19.524168014526367 -15.95980453491211 -5.638351917266846 -19.522872924804688 -16.067916870117188 -5.819601058959961 -18.4891357421875 -16.882904052734375 -5.824123859405518 -18.488086700439453 -16.97936248779297 -5.919939041137695 -17.475738525390625 -20.420238494873047 -5.924474239349365 -17.47494125366211 -20.507356643676758 -5.837815284729004 -16.523082733154297 -24.958187103271484 -5.841146945953369 -16.52259635925293 -25.04077911376953 -5.633484363555908 -15.915261268615723 -28.759010314941406 -5.636707782745361 -15.914620399475098 -28.838699340820312 -5.357200622558594 -14.999402046203613 -30.32297706604004 -5.36187219619751 -14.999011993408203 -30.397022247314453 -4.970783710479736 -13.813920974731445 -28.143112182617188 -4.974080562591553 -13.813813209533691 -28.186948776245117 -4.510644912719727 -13.063021659851074 -21.974882125854492 -4.513042449951172 -13.063398361206055 -21.98491859436035 -4.060636520385742 -12.49609375 -11.82737922668457 -4.062808990478516 -12.496809005737305 -11.806910514831543 -3.7281389236450195 -11.916739463806152 1.5807170867919922 -3.729907989501953 -11.917268753051758 1.6291217803955078 -3.5853052139282227 -11.379476547241211 16.388822555541992 -3.5869007110595703 -11.37972640991211 16.45589828491211 -3.6143007278442383 -10.854576110839844 30.576440811157227 -3.615818977355957 -10.854310989379883 30.652793884277344 -3.884100914001465 -10.32110595703125 41.816558837890625 -3.885859489440918 -10.320577621459961 41.906517028808594 -4.3674821853637695 -9.701326370239258 47.81327819824219 -4.3700103759765625 -9.700538635253906 47.90138244628906 -4.963339805603027 -8.946039199829102 46.80030822753906 -4.966726303100586 -8.945009231567383 46.86839294433594 -5.583935737609863 -8.032861709594727 38.42571258544922 -5.588033676147461 -8.03155517578125 38.4601936340332 -6.156559944152832 -6.984590530395508 22.62190055847168 -6.161320686340332 -6.98321533203125 22.611713409423828 -6.581806182861328 -5.860080718994141 0.8956222534179688 -6.586872100830078 -5.858903884887695 0.8406753540039062 -6.836113929748535 -4.71263313293457 -24.692981719970703 -6.841686248779297 -4.711832046508789 -24.792110443115234 -6.865097999572754 -3.4302711486816406 -51.606414794921875 -6.870841026306152 -3.430225372314453 -51.74237060546875 -6.589834213256836 -2.2398605346679688 -76.57520294189453 -6.5954742431640625 -2.2402725219726562 -76.75689697265625 -6.069277763366699 -1.0559043884277344 -96.44161987304688 -6.074365615844727 -1.0563735961914062 -96.66875457763672 -5.287446022033691 -0.01750946044921875 -108.23255157470703 -5.291375160217285 -0.017841339111328125 -108.48604583740234 -4.381721496582031 0.7605857849121094 -109.89566802978516 -4.384799003601074 0.7594413757324219 -110.1480941772461 -3.502063751220703 1.4637908935546875 -100.68699645996094 -3.50390625 1.4627914428710938 -100.91310119628906 -2.674086570739746 1.7972679138183594 -81.7032470703125 -2.674984931945801 1.7956123352050781 -81.88701629638672 -1.9633121490478516 2.132007598876953 -53.42900085449219 -1.9631881713867188 2.1303634643554688 -53.559391021728516 -1.511138916015625 2.2482376098632812 -18.898208618164062 -1.5115470886230469 2.2472572326660156 -18.980405807495117 -1.2580270767211914 2.4484024047851562 18.585742950439453 -1.2557430267333984 2.4479408264160156 18.54107666015625 14.913118362426758 4.355022430419922 -34.530696868896484 14.902843475341797 4.354572296142578 -34.4416389465332 14.912847518920898 4.362979888916016 -34.4648323059082 14.902486801147461 4.362522125244141 -34.376487731933594 13.008488655090332 4.249595642089844 -13.43993854522705 11.595361709594727 4.1063079833984375 6.6068878173828125 10.393588066101074 3.821636199951172 24.419355392456055 9.388769149780273 3.4222335815429688 38.340538024902344 8.47872257232666 2.993305206298828 47.33472442626953 7.734882354736328 2.604419708251953 51.0411262512207 7.048416614532471 2.253833770751953 49.54803466796875 6.438058376312256 1.9620170593261719 43.31011199951172 5.8743743896484375 1.7628898620605469 33.0212287902832 5.326597213745117 1.6990737915039062 20.17946434020996 4.841122150421143 1.7892265319824219 6.639245986938477 4.252387046813965 2.0659751892089844 -5.399387359619141 3.635180711746216 2.4865646362304688 -14.034149169921875 2.961195468902588 3.0293312072753906 -17.686857223510742 2.239194393157959 3.5172462463378906 -15.60518741607666 1.4312794208526611 3.828521728515625 -8.381097793579102 0.5786647796630859 3.9608001708984375 2.469977378845215 -0.2168893814086914 3.897411346435547 15.105571746826172 -0.921048641204834 3.6348953247070312 27.569076538085938 -1.5294303894042969 3.1956825256347656 38.291866302490234 -2.0098304748535156 2.686542510986328 46.2437629699707 -2.131720542907715 2.1981353759765625 51.554527282714844 -1.9869308471679688 1.8361778259277344 54.71581268310547 13.008500099182129 4.256549835205078 -13.387349128723145 11.595376968383789 4.111835479736328 6.646797180175781 10.39360523223877 3.8264198303222656 24.44517707824707 9.388896942138672 3.426258087158203 38.359886169433594 8.478878021240234 2.9966964721679688 47.351802825927734 7.735159397125244 2.6071815490722656 51.06321716308594 7.048371315002441 2.256298065185547 49.582008361816406 6.438181400299072 1.9640998840332031 43.359535217285156 5.874174118041992 1.7647285461425781 33.08558654785156 5.3263678550720215 1.700653076171875 20.2535457611084 4.840520858764648 1.7908668518066406 6.71453857421875 4.251759052276611 2.0680313110351562 -5.332584381103516 3.6343228816986084 2.4888458251953125 -13.980093002319336 2.9601008892059326 3.0321197509765625 -17.648345947265625 2.238295078277588 3.5205650329589844 -15.583680152893066 1.4305466413497925 3.8322715759277344 -8.379267692565918 0.578270435333252 3.964550018310547 2.455752372741699 -0.21692323684692383 3.9008750915527344 15.083475112915039 -0.9208230972290039 3.6375999450683594 27.546672821044922 -1.528531551361084 3.1980361938476562 38.280731201171875 -2.0084638595581055 2.687694549560547 46.25428009033203 -2.130702018737793 2.198089599609375 51.60417938232422 -1.9863624572753906 1.8346405029296875 54.812843322753906 -1.359151840209961 1.6462211608886719 56.53382873535156 -1.356863021850586 1.6456565856933594 56.54058837890625 -1.358799934387207 1.6441268920898438 56.67877960205078 -1.3564786911010742 1.6444969177246094 56.686134338378906 16.495304107666016 -25.477933883666992 3.5568809509277344 19.590444564819336 -25.119647979736328 3.869091033935547 16.492963790893555 -25.47187042236328 3.496623992919922 19.586511611938477 -25.108333587646484 3.8083724975585938 16.489891052246094 -25.46221923828125 3.428974151611328 19.58135414123535 -25.089168548583984 3.7404327392578125 16.49137306213379 -25.462528228759766 3.421783447265625 19.587541580200195 -25.089313507080078 3.7334556579589844 16.49220085144043 -25.480697631835938 3.535778045654297 19.59279441833496 -25.125049591064453 3.8482093811035156 16.49244499206543 -25.471778869628906 3.475147247314453 19.59307861328125 -25.107128143310547 3.7872238159179688 16.492094039916992 -25.482568740844727 3.609844207763672 19.586105346679688 -25.127010345458984 3.9239273071289062 16.49045753479004 -25.48462677001953 3.6021804809570312 19.58612823486328 -25.131465911865234 3.916595458984375 22.686304092407227 -24.744998931884766 4.179294586181641 22.693714141845703 -24.748695373535156 4.171875 22.681800842285156 -24.72248077392578 4.1195220947265625 22.693073272705078 -24.7239990234375 4.110851287841797 14.027654647827148 -25.617921829223633 1.7448291778564453 14.71517562866211 -25.249366760253906 1.8221893310546875 11.252904891967773 -25.78187370300293 -0.30176734924316406 9.958632469177246 -25.348007202148438 -0.41842079162597656 8.888521194458008 -25.891185760498047 -3.022641181945801 5.588684558868408 -25.29088020324707 -3.307039260864258 7.012528419494629 -25.99229621887207 -6.71523380279541 2.7433605194091797 -25.20206069946289 -7.100325584411621 5.813998699188232 -26.085552215576172 -11.465765953063965 0.9987268447875977 -25.1066837310791 -11.877710342407227 5.025867938995361 -26.20514488220215 -16.842071533203125 0.47795629501342773 -25.210277557373047 -17.229881286621094 4.602727890014648 -26.386842727661133 -21.875267028808594 0.49333620071411133 -25.64082145690918 -22.211503982543945 4.605676651000977 -26.674375534057617 -24.866924285888672 1.1740269660949707 -26.377727508544922 -25.097923278808594 5.0119123458862305 -26.976787567138672 -25.137100219726562 2.8508071899414062 -27.22277069091797 -25.293964385986328 5.500095367431641 -27.26640510559082 -22.677600860595703 4.4577460289001465 -28.011022567749023 -22.730751037597656 6.102519989013672 -27.526168823242188 -17.713069915771484 6.339987754821777 -28.73820686340332 -17.635921478271484 6.443899154663086 -27.7242374420166 -10.663894653320312 7.809605121612549 -29.339683532714844 -10.510356903076172 6.444879055023193 -27.8140869140625 -1.7022247314453125 8.414497375488281 -29.7073974609375 -1.5116500854492188 5.986205577850342 -27.766498565673828 8.242496490478516 8.11042308807373 -29.73812484741211 8.438678741455078 5.062111854553223 -27.55311393737793 18.032859802246094 6.999462127685547 -29.296669006347656 18.164348602294922 3.7485170364379883 -27.1229248046875 25.848495483398438 5.220895767211914 -28.328224182128906 25.924251556396484 2.2308878898620605 -26.474567413330078 30.19597625732422 3.0984344482421875 -26.792089462280273 30.165931701660156 0.5572624206542969 -25.67206382751465 29.087108612060547 0.6568489074707031 -24.76299285888672 28.970722198486328 -1.143031120300293 -24.843286514282227 21.161788940429688 -1.7971458435058594 -22.498695373535156 20.96672821044922 -2.7077784538269043 -24.15530776977539 6.405311584472656 -3.9673986434936523 -20.718624114990234 6.2007293701171875 -4.0452046394348145 -23.60637855529785 -13.38551139831543 -5.543219089508057 -19.430025100708008 -13.58676528930664 -5.227323532104492 -23.191139221191406 -36.17033386230469 -7.152565002441406 -18.534664154052734 -36.39316177368164 -6.433445453643799 -22.86147689819336 -60.484107971191406 -8.618346214294434 -18.0142822265625 -60.708595275878906 -7.843800067901611 -22.731952667236328 -85.6710205078125 -10.337573051452637 -17.901622772216797 -86.31155395507812 -7.8441548347473145 -22.725961685180664 -85.62123107910156 -10.337696075439453 -17.894556045532227 -86.26300048828125 14.026962280273438 -25.649818420410156 1.790201187133789 14.715693473815918 -25.306808471679688 1.8619670867919922 11.251631736755371 -25.813907623291016 -0.38471221923828125 9.95831298828125 -25.404722213745117 -0.4885902404785156 8.888187408447266 -25.916837692260742 -3.215263605117798 5.5892229080200195 -25.334884643554688 -3.5124282836914062 7.012199401855469 -26.010982513427734 -6.974617004394531 2.7434568405151367 -25.229084014892578 -7.3505859375 5.8134002685546875 -26.097135543823242 -11.750008583068848 0.9993147850036621 -25.120058059692383 -12.172626495361328 5.025238513946533 -26.212848663330078 -17.116533279418945 0.47655677795410156 -25.21268081665039 -17.500232696533203 4.601434230804443 -26.38994598388672 -22.12357521057129 0.49030399322509766 -25.6383056640625 -22.45577621459961 4.605255126953125 -26.671485900878906 -25.06878662109375 1.1704964637756348 -26.36250114440918 -25.308032989501953 5.009961128234863 -26.971298217773438 -25.268760681152344 2.8467416763305664 -27.202293395996094 -25.418453216552734 5.499100685119629 -27.259410858154297 -22.736011505126953 4.453856468200684 -27.990198135375977 -22.796974182128906 6.1024169921875 -27.5199031829834 -17.691444396972656 6.3369526863098145 -28.716442108154297 -17.62617301940918 6.443083763122559 -27.72197151184082 -10.57830810546875 7.807456970214844 -29.326862335205078 -10.42987060546875 6.445544242858887 -27.81650161743164 -1.5771636962890625 8.413272857666016 -29.705535888671875 -1.3979110717773438 5.986799716949463 -27.774593353271484 8.379863739013672 8.111837387084961 -29.746471405029297 8.559505462646484 5.063956260681152 -27.56639862060547 18.15686798095703 7.002439022064209 -29.314313888549805 18.275699615478516 3.7513723373413086 -27.13982391357422 25.94183349609375 5.227334976196289 -28.351593017578125 26.008708953857422 2.2344565391540527 -26.493431091308594 30.247425079345703 3.1068410873413086 -26.819440841674805 30.218647003173828 0.5614147186279297 -25.692502975463867 29.089313507080078 0.667485237121582 -24.79256248474121 28.979755401611328 -1.1400880813598633 -24.862842559814453 21.118179321289062 -1.7876853942871094 -22.5277099609375 20.925586700439453 -2.7052063941955566 -24.173118591308594 6.323387145996094 -3.9603538513183594 -20.74048614501953 6.130779266357422 -4.042812347412109 -23.621845245361328 -13.483951568603516 -5.53806209564209 -19.44896697998047 -13.671566009521484 -5.225839138031006 -23.20545196533203 -36.28878402709961 -7.149454116821289 -18.554317474365234 -36.50651550292969 -6.432546138763428 -22.877166748046875 -60.61567306518555 -8.61739730834961 -18.032737731933594 -60.84740447998047 15.369321823120117 -24.963138580322266 1.985422134399414 8.910005569458008 -24.94309425354004 -0.5810441970825195 2.0623042583465576 -24.71202850341797 -3.7515010833740234 -1.3276865482330322 -24.400272369384766 -7.6508307456970215 -3.9966864585876465 -24.121280670166016 -12.501468658447266 -3.992067813873291 -24.181583404541016 -17.779155731201172 -3.5516538619995117 -24.847013473510742 -22.66560935974121 -2.4022774696350098 -26.054658889770508 -25.46756362915039 0.862861156463623 -27.421682357788086 -25.465803146362305 3.3085544109344482 -28.754533767700195 -22.796714782714844 6.462255001068115 -29.92624282836914 -17.546781539916992 9.146114349365234 -30.938594818115234 -10.28316879272461 10.282392501831055 -31.606521606445312 -1.2501106262207031 10.076814651489258 -31.73228645324707 8.678104400634766 8.849202156066895 -31.102291107177734 18.32693862915039 6.612349510192871 -29.599380493164062 25.982223510742188 4.023736953735352 -27.166074752807617 30.10171127319336 0.8780441284179688 -23.927772521972656 28.766216278076172 -2.5198707580566406 -20.158077239990234 20.66299057006836 -5.045166969299316 -17.26586151123047 5.903560638427734 -6.9143218994140625 -15.20809555053711 -13.867454528808594 -9.007584571838379 -13.842824935913086 -36.70625305175781 -11.091178894042969 -13.224396705627441 -61.043601989746094 15.368318557739258 -24.93686294555664 1.9715614318847656 8.910100936889648 -24.914976119995117 -0.5610237121582031 2.0614874362945557 -24.69129180908203 -3.6801061630249023 -1.3280997276306152 -24.388710021972656 -7.5702385902404785 -3.9972996711730957 -24.115623474121094 -12.400972366333008 -3.9914748668670654 -24.183834075927734 -17.69020652770996 -3.54994535446167 -24.848751068115234 -22.585227966308594 -2.399866819381714 -26.064420700073242 -25.39548110961914 0.8653197288513184 -27.433727264404297 -25.427207946777344 3.3106930255889893 -28.765087127685547 -22.773574829101562 6.464184284210205 -29.939132690429688 -17.549022674560547 9.1476469039917 -30.94643783569336 -10.310108184814453 10.283185958862305 -31.60810089111328 -1.2872047424316406 10.076446533203125 -31.72943878173828 8.639259338378906 8.847428321838379 -31.09507942199707 18.29030990600586 6.608837127685547 -29.589561462402344 25.954933166503906 4.01875114440918 -27.15483283996582 30.083316802978516 0.8715801239013672 -23.913867950439453 28.761837005615234 -2.526132583618164 -20.146509170532227 20.678382873535156 -5.049356460571289 -17.25747299194336 5.924739837646484 -6.917378902435303 -15.200470924377441 -13.840164184570312 -9.009171485900879 -13.83414077758789 -36.66911697387695 -11.091894149780273 -13.216872215270996 -60.992557525634766 -7.853139877319336 -22.720001220703125 -85.66873168945312 -10.35147762298584 -17.887332916259766 -86.31314086914062 -7.861598014831543 -22.720062255859375 -85.76617431640625 -10.365377426147461 -17.887205123901367 -86.41194152832031 -7.868476390838623 -22.73219871520996 -85.96417236328125 -10.374970436096191 -17.90380859375 -86.60931396484375 -7.868989944458008 -22.725200653076172 -85.91315460205078 -10.376201629638672 -17.894622802734375 -86.56051635742188 -7.852445602416992 -22.739131927490234 -85.81858825683594 -10.351990699768066 -17.911903381347656 -86.45941162109375 -7.8608832359313965 -22.73927116394043 -85.91648864746094 -10.364522933959961 -17.913284301757812 -86.55859375 -12.791157722473145 -12.95796012878418 -87.04988098144531 -12.808691024780273 -12.95803451538086 -87.15064239501953 -12.792306900024414 -12.950921058654785 -87.00186157226562 -12.810636520385742 -12.95068645477295 -87.10233306884766 16.593095779418945 -26.373687744140625 -12.448687553405762 19.57394790649414 -27.46196937561035 -12.561075210571289 16.656803131103516 -28.645771026611328 -27.891738891601562 19.46192169189453 -32.005516052246094 -28.16574478149414 16.505334854125977 -30.14590835571289 -42.46141052246094 19.296968460083008 -36.082763671875 -42.96662902832031 16.37233543395996 -32.30759811401367 -55.383583068847656 18.676111221313477 -41.082054138183594 -56.1384162902832 16.0179443359375 -33.853946685791016 -66.07271575927734 17.719680786132812 -45.220516204833984 -66.97145080566406 15.519100189208984 -32.851280212402344 -72.63082885742188 16.402374267578125 -44.2661247253418 -73.56755065917969 14.97615909576416 -31.251789093017578 -74.77552795410156 15.06223201751709 -41.15848922729492 -75.54753875732422 14.400263786315918 -27.62813377380371 -72.64447784423828 13.5703125 -34.92838668823242 -73.19137573242188 13.843635559082031 -24.14365005493164 -65.15326690673828 11.931411743164062 -29.19473648071289 -65.52433776855469 13.269242286682129 -20.932897567749023 -52.57532501220703 10.515321731567383 -24.16728973388672 -52.78704833984375 12.870589256286621 -17.86762809753418 -36.45433044433594 9.581295013427734 -18.953433990478516 -36.515960693359375 12.727416038513184 -14.694014549255371 -18.248550415039062 9.131580352783203 -13.16385269165039 -18.091175079345703 12.542991638183594 -11.139554977416992 0.4877471923828125 9.050910949707031 -7.511521339416504 0.8140792846679688 12.586241722106934 -8.319905281066895 18.768325805664062 9.218823432922363 -3.072265148162842 19.205711364746094 12.819878578186035 -6.789924621582031 35.30009460449219 9.977571487426758 -0.7301607131958008 35.76442337036133 13.278081893920898 -5.750688552856445 48.034698486328125 11.290199279785156 0.38556671142578125 48.49335479736328 13.841620445251465 -4.993473052978516 55.608306884765625 12.962539672851562 1.044687271118164 56.038856506347656 14.484603881835938 -4.597929000854492 57.09698486328125 14.834053039550781 0.9902610778808594 57.49126434326172 15.091829299926758 -4.682649612426758 51.9005012512207 16.677383422851562 0.05672454833984375 52.227638244628906 15.641359329223633 -5.268581390380859 40.6387825012207 18.31842041015625 -1.5348472595214844 40.87642288208008 16.065078735351562 -6.221336364746094 24.398212432861328 19.56989860534668 -4.278282165527344 24.49117660522461 16.315044403076172 -7.530755996704102 4.632152557373047 20.353858947753906 -7.391040802001953 4.634166717529297 16.373291015625 -8.757135391235352 -17.027666091918945 20.605384826660156 -10.66678237915039 -17.21076202392578 16.229026794433594 -10.362937927246094 -38.699676513671875 20.346622467041016 -14.296680450439453 -39.019535064697266 15.890511512756348 -11.514402389526367 -59.016265869140625 19.591432571411133 -17.33782958984375 -59.480308532714844 15.405014991760254 -12.645519256591797 -76.55354309082031 18.43961524963379 -20.036983489990234 -77.11876678466797 14.820003509521484 -13.863677978515625 -90.3892822265625 17.069530487060547 -23.290916442871094 -91.11497497558594 14.238234519958496 -15.207473754882812 -99.65705108642578 15.602981567382812 -25.927488327026367 -100.5191879272461 13.6728515625 -15.413128852844238 -104.28135681152344 14.270465850830078 -27.584918975830078 -105.30009460449219 13.113529205322266 -14.582193374633789 -105.60613250732422 12.957280158996582 -26.452831268310547 -106.59044647216797 12.627867698669434 -13.168268203735352 -102.73350524902344 11.628793716430664 -24.414466857910156 -103.64850616455078 12.16866683959961 -11.61690902709961 -95.27849578857422 10.276886940002441 -21.877920150756836 -96.08561706542969 11.80402946472168 -9.065021514892578 -83.30052185058594 9.212718963623047 -18.198246002197266 -84.0895767211914 11.60136890411377 -5.727344512939453 -68.07431030273438 8.571941375732422 -11.35893440246582 -68.56771087646484 11.510805130004883 -2.3100547790527344 -51.90122985839844 8.286359786987305 -6.123298645019531 -52.21320343017578 11.651917457580566 -0.019962310791015625 -34.66877746582031 8.118929862976074 -4.1132659912109375 -34.73249053955078 11.64456844329834 -0.020648956298828125 -34.583351135253906 8.114625930786133 -4.113048553466797 -34.649417877197266 16.615367889404297 -26.373916625976562 -12.395263671875 19.617225646972656 -27.461820602416992 -12.482205390930176 16.680971145629883 -28.64547348022461 -27.680204391479492 19.516403198242188 -32.004920959472656 -27.97966766357422 16.525110244750977 -30.145374298095703 -42.116397857666016 19.348684310913086 -36.081520080566406 -42.59632110595703 16.400419235229492 -32.306182861328125 -54.861671447753906 18.740440368652344 -41.07708740234375 -55.61286926269531 16.02011489868164 -33.853599548339844 -65.40380859375 17.739334106445312 -45.21580505371094 -66.28422546386719 15.502945899963379 -32.84957504272461 -71.96866607666016 16.37545394897461 -44.25935745239258 -72.87063598632812 14.944668769836426 -31.250017166137695 -74.17353820800781 15.004411697387695 -41.15167236328125 -74.96089935302734 14.353985786437988 -27.625444412231445 -72.20169067382812 13.492594718933105 -34.92060089111328 -72.7637710571289 13.804014205932617 -24.140626907348633 -64.85302734375 11.868780136108398 -29.187110900878906 -65.21173095703125 13.231266021728516 -20.9305477142334 -52.388206481933594 10.455022811889648 -24.161794662475586 -52.58925247192383 12.833813667297363 -17.866230010986328 -36.39158248901367 9.514421463012695 -18.950361251831055 -36.447547912597656 12.68572998046875 -14.69306468963623 -18.32476043701172 9.060728073120117 -13.162544250488281 -18.192474365234375 12.501762390136719 -11.138670921325684 0.272552490234375 8.987215995788574 -7.5119242668151855 0.5930099487304688 12.560240745544434 -8.320487976074219 18.452678680419922 9.177550315856934 -3.074657917022705 18.893741607666016 12.805298805236816 -6.790901184082031 34.943912506103516 9.958732604980469 -0.7348690032958984 35.3963508605957 13.266940116882324 -5.752983093261719 47.67391586303711 11.27971076965332 0.37839508056640625 48.1202278137207 13.83430290222168 -4.996026992797852 55.2535514831543 12.957923889160156 1.036224365234375 55.67265701293945 14.482654571533203 -4.600889205932617 56.77004623413086 14.840290069580078 0.9812583923339844 57.14964294433594 15.096369743347168 -4.684989929199219 51.623069763183594 16.692279815673828 0.04822540283203125 51.93687438964844 15.650961875915527 -5.269390106201172 40.42879867553711 18.344966888427734 -1.5414581298828125 40.641387939453125 16.07989501953125 -6.222633361816406 24.283565521240234 19.606983184814453 -4.28240966796875 24.374710083007812 16.330482482910156 -7.532756805419922 4.626289367675781 20.392080307006836 -7.39361572265625 4.623928070068359 16.39129638671875 -8.755874633789062 -16.920934677124023 20.64814567565918 -10.666763305664062 -17.0892276763916 16.24658203125 -10.362312316894531 -38.46600341796875 20.388452529907227 -14.293766021728516 -38.7855110168457 15.903680801391602 -11.512819290161133 -58.678077697753906 19.624040603637695 -17.333099365234375 -59.12054443359375 15.41919994354248 -12.643180847167969 -76.11797332763672 18.476097106933594 -20.031265258789062 -76.67501831054688 14.836967468261719 -13.863929748535156 -89.84416198730469 17.106647491455078 -23.28444480895996 -90.53126525878906 14.249048233032227 -15.204938888549805 -99.01081848144531 15.63134765625 -25.92035675048828 -99.88740539550781 13.668088912963867 -15.412861824035645 -103.56893157958984 14.273773193359375 -27.577465057373047 -104.55052185058594 13.099014282226562 -14.57919692993164 -104.90220642089844 12.934967041015625 -26.446063995361328 -105.8812255859375 12.610759735107422 -13.16697883605957 -102.07408905029297 11.601449012756348 -24.408151626586914 -102.95789337158203 12.145134925842285 -11.615385055541992 -94.66170501708984 10.24410343170166 -21.87213706970215 -95.48291778564453 11.767084121704102 -9.06326675415039 -82.7688217163086 9.146293640136719 -18.193782806396484 -83.51958465576172 11.558058738708496 -5.722873687744141 -67.6977310180664 8.489506721496582 -11.355545043945312 -68.27037048339844 11.476011276245117 -2.3102455139160156 -51.65138244628906 8.245989799499512 -6.12169075012207 -52.010250091552734 22.65964126586914 -28.943134307861328 -12.6583251953125 22.679216384887695 -28.943069458007812 -12.627079963684082 22.484079360961914 -34.87662887573242 -28.344955444335938 22.511884689331055 -34.876060485839844 -28.289743423461914 22.01985740661621 -42.458106994628906 -43.351863861083984 22.049772262573242 -42.456886291503906 -43.22248077392578 20.97772789001465 -49.76738739013672 -56.664756774902344 21.0096378326416 -49.76502990722656 -56.49162673950195 19.444068908691406 -56.690086364746094 -67.61256408691406 19.457841873168945 -56.686702728271484 -67.38336181640625 17.278156280517578 -55.92819595336914 -74.22533416748047 17.264984130859375 -55.92414474487305 -73.99171447753906 15.059974670410156 -50.882232666015625 -76.06282043457031 15.030116081237793 -50.878265380859375 -75.86920928955078 12.682994842529297 -41.913848876953125 -73.50407409667969 12.648780822753906 -41.90894317626953 -73.36602783203125 9.927915573120117 -34.609458923339844 -65.72979736328125 9.900520324707031 -34.605010986328125 -65.61978149414062 7.676153182983398 -27.495805740356445 -52.890899658203125 7.647891998291016 -27.492504119873047 -52.82423400878906 6.21641731262207 -20.15503692626953 -36.52617263793945 6.183774948120117 -20.153179168701172 -36.50170135498047 5.4835205078125 -11.437923431396484 -17.956371307373047 5.449438095092773 -11.437298774719238 -17.991249084472656 5.456647872924805 -3.780532121658325 1.064605712890625 5.429110527038574 -3.780799627304077 0.989501953125 5.798081874847412 2.079427480697632 19.517051696777344 5.779219627380371 2.077971935272217 19.414470672607422 7.066803455352783 5.449761390686035 36.065914154052734 7.058432579040527 5.446662902832031 35.94209289550781 9.268434524536133 6.6664581298828125 48.76016616821289 9.265477180480957 6.661993026733398 48.63426971435547 12.058525085449219 7.1888427734375 56.268455505371094 12.057697296142578 7.183494567871094 56.14549255371094 15.198576927185059 6.774539947509766 57.685245513916016 15.203363418579102 6.768962860107422 57.569061279296875 18.312963485717773 5.0042266845703125 52.37898254394531 18.32086944580078 4.999027252197266 52.27935791015625 21.05486297607422 2.51263427734375 40.995819091796875 21.069862365722656 2.50836181640625 40.913917541503906 23.154170989990234 -2.33294677734375 24.511211395263672 23.17435073852539 -2.3360443115234375 24.472549438476562 24.474624633789062 -7.201847076416016 4.592140197753906 24.495317459106445 -7.203361511230469 4.588249206542969 24.905736923217773 -12.757427215576172 -17.352846145629883 24.9278621673584 -12.75748062133789 -17.310394287109375 24.514190673828125 -18.136308670043945 -39.232784271240234 24.536529541015625 -18.13484001159668 -39.156585693359375 23.34381675720215 -23.46200942993164 -59.79682922363281 23.360828399658203 -23.459495544433594 -59.67327117919922 21.56321144104004 -27.382726669311523 -77.48391723632812 21.583887100219727 -27.379104614257812 -77.33767700195312 19.35158920288086 -33.241661071777344 -91.63917541503906 19.36911392211914 -33.23762130737305 -91.43832397460938 16.97757339477539 -36.26470947265625 -101.06768798828125 16.993362426757812 -36.26067352294922 -100.86306762695312 14.845926284790039 -40.336883544921875 -106.04419708251953 14.85015869140625 -40.333518981933594 -105.78671264648438 12.827165603637695 -38.13893127441406 -107.2452392578125 12.816963195800781 -38.135169982910156 -107.0130844116211 10.605056762695312 -36.13779067993164 -104.30123138427734 10.591453552246094 -36.13385772705078 -104.06488800048828 8.368432998657227 -31.680509567260742 -96.61872863769531 8.355698585510254 -31.67647933959961 -96.42528533935547 6.543679714202881 -28.006797790527344 -84.66649627685547 6.51067590713501 -28.004405975341797 -84.46737670898438 5.500547409057617 -15.826704025268555 -68.83186340332031 5.455019950866699 -15.825287818908691 -68.74736022949219 5.011123180389404 -9.159900665283203 -52.4239387512207 5.000404357910156 -9.158445358276367 -52.36643981933594 -7.816943168640137 -20.36088752746582 -72.65386199951172 -10.39382553100586 -14.15145206451416 -73.18222045898438 -7.717508316040039 -17.583389282226562 -59.74285125732422 -10.312623977661133 -10.297855377197266 -60.38368225097656 -7.51759672164917 -15.456552505493164 -46.78014373779297 -10.000385284423828 -7.143008232116699 -47.530540466308594 -7.231843948364258 -14.223670959472656 -34.90045928955078 -9.363862991333008 -5.696915626525879 -35.675453186035156 -6.802534580230713 -13.942644119262695 -25.273040771484375 -8.40779972076416 -6.064245223999023 -26.03253173828125 -6.300660610198975 -14.017965316772461 -18.877593994140625 -7.190878868103027 -7.198659896850586 -19.52525520324707 -5.839901447296143 -13.927659034729004 -16.35903549194336 -6.0582146644592285 -8.11669921875 -16.924198150634766 -5.4634575843811035 -13.49947452545166 -17.234092712402344 -5.058523178100586 -8.414966583251953 -17.726890563964844 -5.195699691772461 -12.92844009399414 -20.741939544677734 -4.455533981323242 -8.143400192260742 -21.176319122314453 -5.077710151672363 -12.122573852539062 -25.25724220275879 -4.2975921630859375 -7.433143615722656 -25.652488708496094 -5.167858123779297 -11.568255424499512 -29.055152893066406 -4.70771598815918 -6.863184928894043 -29.425010681152344 -5.462865829467773 -10.940174102783203 -30.58048439025879 -5.556963920593262 -6.848916053771973 -30.877161026000977 -5.81273078918457 -11.241731643676758 -28.315963745117188 -6.649672508239746 -8.21841049194336 -28.508220672607422 -6.135110855102539 -12.271291732788086 -22.027450561523438 -7.786211967468262 -10.923479080200195 -22.069562911987305 -6.377042770385742 -13.397629737854004 -11.761442184448242 -8.735413551330566 -14.100957870483398 -11.648500442504883 -6.48726749420166 -14.392742156982422 1.73944091796875 -9.25611686706543 -17.096582412719727 1.9802875518798828 -6.406651496887207 -14.780760765075684 16.613508224487305 -9.262469291687012 -18.282981872558594 16.9001407623291 -6.0804443359375 -14.758755683898926 30.826236724853516 -8.596382141113281 -18.925600051879883 31.12407875061035 -5.541776657104492 -14.987687110900879 42.11458969116211 -7.223146915435791 -19.818134307861328 42.44158935546875 -4.831727027893066 -14.317209243774414 48.106990814208984 -5.294578552246094 -19.16351890563965 48.40688705444336 -4.014486312866211 -12.54768180847168 47.023895263671875 -3.0742483139038086 -16.4099178314209 47.2266960144043 -3.1934356689453125 -9.901674270629883 38.527793884277344 -0.7886910438537598 -12.068632125854492 38.58395767211914 -2.4709300994873047 -6.491064071655273 22.57168197631836 1.2068605422973633 -6.123414993286133 22.43667221069336 -1.9524240493774414 -3.021852493286133 0.692169189453125 2.706040859222412 -0.053844451904296875 0.37014007568359375 -1.7040815353393555 0.36713409423828125 -25.040130615234375 3.445420742034912 5.584114074707031 -25.515289306640625 -1.7888107299804688 3.499073028564453 -52.06751251220703 3.300128936767578 10.68145751953125 -52.64356994628906 -2.2175683975219727 7.071662902832031 -77.18780517578125 2.1746110916137695 16.644847869873047 -77.93751525878906 -3.006028175354004 10.693916320800781 -97.21571350097656 0.09232807159423828 22.917831420898438 -98.12681579589844 -4.019219398498535 13.143440246582031 -109.1278305053711 -2.7317581176757812 26.855545043945312 -110.16484069824219 -5.148067474365234 13.91054916381836 -110.7379379272461 -5.928346633911133 27.872234344482422 -111.74617767333984 -6.318358421325684 13.07028579711914 -101.46398162841797 -9.138688087463379 24.998973846435547 -102.34210968017578 -7.330099105834961 11.082778930664062 -82.31459045410156 -12.023276329040527 20.46905517578125 -82.99034881591797 -8.143173217773438 8.610916137695312 -53.85857009887695 -14.329505920410156 15.198780059814453 -54.334190368652344 -8.561558723449707 6.231346130371094 -19.182662963867188 -15.684667587280273 10.076751708984375 -19.48834228515625 -8.617207527160645 4.511554718017578 18.456329345703125 -16.040084838867188 5.585807800292969 18.32434844970703 -8.505593299865723 1.3170013427734375 57.04926300048828 -15.573492050170898 0.9622459411621094 57.71182632446289 -8.492525100708008 1.3171272277832031 57.05509567260742 -15.555583953857422 0.9613113403320312 57.71723175048828 -7.848365306854248 -20.361427307128906 -73.01495361328125 -10.439395904541016 -14.151623725891113 -73.55998992919922 -7.74839973449707 -17.584880828857422 -60.179901123046875 -10.357072830200195 -10.29893684387207 -60.82181167602539 -7.537694454193115 -15.458540916442871 -47.27542495727539 -10.028984069824219 -7.145151138305664 -48.031036376953125 -7.23997163772583 -14.226556777954102 -35.40703201293945 -9.369020462036133 -5.700923919677734 -36.190032958984375 -6.802344799041748 -13.945322036743164 -25.739585876464844 -8.396055221557617 -6.06904411315918 -26.511219024658203 -6.299934387207031 -14.021001815795898 -19.27861213684082 -7.177234649658203 -7.204557418823242 -19.9393253326416 -5.843503475189209 -13.929937362670898 -16.704082489013672 -6.050788402557373 -8.121999740600586 -17.274520874023438 -5.469633102416992 -13.501204490661621 -17.538475036621094 -5.058931350708008 -8.418567657470703 -18.033557891845703 -5.2050371170043945 -12.929717063903809 -21.024124145507812 -4.462602615356445 -8.145519256591797 -21.46619987487793 -5.086165428161621 -12.123387336730957 -25.533262252807617 -4.306875228881836 -7.432600975036621 -25.936614990234375 -5.175972938537598 -11.567784309387207 -29.33101463317871 -4.712970733642578 -6.860074996948242 -29.711711883544922 -5.466451644897461 -10.939798355102539 -30.828760147094727 -5.550114631652832 -6.844182014465332 -31.127437591552734 -5.803771018981934 -11.240700721740723 -28.488388061523438 -6.623556137084961 -8.21306037902832 -28.693294525146484 -6.121126174926758 -12.270283699035645 -22.09381103515625 -7.749701499938965 -10.918622016906738 -22.158586502075195 -6.3630876541137695 -13.397201538085938 -11.714556694030762 -8.695147514343262 -14.097661972045898 -11.607513427734375 -6.477720260620117 -14.392491340637207 1.8949127197265625 -9.22977352142334 -17.095117568969727 2.1454219818115234 -6.405403137207031 -14.781907081604004 16.820894241333008 -9.254617691040039 -18.284488677978516 17.11219596862793 -6.078045845031738 -14.76105785369873 31.067462921142578 -8.584959030151367 -18.930374145507812 31.382394790649414 -5.541813850402832 -14.990463256835938 42.40199279785156 -7.2179036140441895 -19.826122283935547 42.73044967651367 -4.846494674682617 -14.32065200805664 48.393028259277344 -5.315469264984131 -19.17329216003418 48.70002746582031 -4.040987968444824 -12.551469802856445 47.249664306640625 -3.116942882537842 -16.420583724975586 47.46128845214844 -3.2309045791625977 -9.90521240234375 38.64955139160156 -0.8520979881286621 -12.078662872314453 38.71816635131836 -2.513856887817383 -6.494245529174805 22.544754028320312 1.131800651550293 -6.131702423095703 22.41876220703125 -1.9946622848510742 -3.0238380432128906 0.5170860290527344 2.6343488693237305 -0.05912017822265625 0.18918228149414062 -1.7434492111206055 0.3666648864746094 -25.350643157958984 3.38193941116333 5.582843780517578 -25.829734802246094 -1.8289642333984375 3.5000152587890625 -52.49104309082031 3.234773635864258 10.68412971496582 -53.08088684082031 -2.263665199279785 7.074554443359375 -77.75740051269531 2.095977783203125 16.652755737304688 -78.51263427734375 -3.0452566146850586 10.697681427001953 -97.93888092041016 0.027135848999023438 22.929309844970703 -98.86607360839844 -4.039303779602051 13.148868560791016 -109.94049072265625 -2.7637462615966797 26.870216369628906 -110.99064636230469 -5.146881103515625 13.914993286132812 -111.55474853515625 -5.915874481201172 27.88715362548828 -112.59859466552734 -6.299912452697754 13.075847625732422 -102.1739501953125 -9.090010643005371 25.013629913330078 -103.05912017822266 -7.301705360412598 11.087287902832031 -82.87545013427734 -11.962838172912598 20.481597900390625 -83.5551986694336 -8.110979080200195 8.614509582519531 -54.249244689941406 -14.26434326171875 15.207477569580078 -54.73197937011719 -8.538265228271484 6.233142852783203 -19.41627311706543 -15.626911163330078 10.081043243408203 -19.717201232910156 -8.588067054748535 4.510364532470703 18.35826873779297 -15.985758781433105 5.585418701171875 18.2872257232666 -12.987735748291016 -7.872476100921631 -73.85527038574219 -13.007317543029785 -7.872226238250732 -73.9807357788086 -12.951445579528809 -2.9758243560791016 -61.18080139160156 -12.970598220825195 -2.976231575012207 -61.327396392822266 -12.515376091003418 1.192068099975586 -48.4736442565918 -12.527783393859863 1.1909065246582031 -48.64040756225586 -11.539586067199707 2.878284454345703 -36.67463684082031 -11.540571212768555 2.875946044921875 -36.84626770019531 -9.978363990783691 1.9537944793701172 -27.015026092529297 -9.970904350280762 1.9508533477783203 -27.17621612548828 -8.131260871887207 -0.2917289733886719 -20.382102966308594 -8.12196159362793 -0.2953205108642578 -20.5205135345459 -6.191183567047119 -2.2999324798583984 -17.658260345458984 -6.184963226318359 -2.3030242919921875 -17.774578094482422 -4.670616149902344 -3.293651580810547 -18.363922119140625 -4.668910980224609 -3.2959842681884766 -18.46661376953125 -3.658698081970215 -3.309612274169922 -21.72739028930664 -3.660191535949707 -3.3106651306152344 -21.82408332824707 -3.529759407043457 -2.6937808990478516 -26.147445678710938 -3.5330886840820312 -2.6932926177978516 -26.242307662963867 -4.173222541809082 -2.0491933822631836 -29.872766494750977 -4.1744184494018555 -2.04732608795166 -29.96924591064453 -5.613819122314453 -2.5211896896362305 -31.223737716674805 -5.6078081130981445 -2.5183238983154297 -31.311573028564453 -7.486509323120117 -5.128870964050293 -28.722471237182617 -7.472341537475586 -5.1253252029418945 -28.7840518951416 -9.443148612976074 -9.397417068481445 -22.11595916748047 -9.4235258102417 -9.394124984741211 -22.146642684936523 -11.083760261535645 -14.789626121520996 -11.489718437194824 -11.060820579528809 -14.78714370727539 -11.475695610046387 -12.101006507873535 -19.8380126953125 2.3098220825195312 -12.086958885192871 -19.83698272705078 2.3646697998046875 -12.163064002990723 -21.83390998840332 17.250402450561523 -12.157577514648438 -21.834712982177734 17.321483612060547 -11.121500015258789 -23.33732032775879 31.4871883392334 -11.115056991577148 -23.340030670166016 31.57619285583496 -8.969315528869629 -24.614065170288086 42.79127502441406 -8.966461181640625 -24.61891746520996 42.88667297363281 -5.808189392089844 -24.088119506835938 48.71744918823242 -5.81665563583374 -24.094207763671875 48.81581115722656 -2.156399726867676 -20.359386444091797 47.41251754760742 -2.176180839538574 -20.366060256958008 47.49131393432617 1.6125657558441162 -14.348316192626953 38.60215377807617 1.5832693576812744 -14.354772567749023 38.647674560546875 4.956006050109863 -5.895254135131836 22.222251892089844 4.919854164123535 -5.900407791137695 22.217941284179688 7.402062892913818 2.971200942993164 -0.07447433471679688 7.368292808532715 2.9677963256835938 -0.13531875610351562 8.678750991821289 10.822154998779297 -26.11658477783203 8.649344444274902 10.821218490600586 -26.221454620361328 8.443069458007812 18.046140670776367 -53.364349365234375 8.413371086120605 18.047876358032227 -53.512176513671875 6.634794235229492 26.216400146484375 -78.80501556396484 6.597967624664307 26.22105598449707 -78.99598693847656 3.242220878601074 35.30340576171875 -99.19891357421875 3.212003707885742 35.310604095458984 -99.44664001464844 -1.4039859771728516 40.62399673461914 -111.33384704589844 -1.419219970703125 40.63304901123047 -111.60860443115234 -6.726984024047852 42.23924255371094 -112.94502258300781 -6.719104766845703 42.248634338378906 -113.23310089111328 -11.945674896240234 36.96335220336914 -103.31380462646484 -11.918371200561523 36.97232437133789 -103.55253601074219 -16.767831802368164 29.940383911132812 -83.73555755615234 -16.737581253051758 29.948318481445312 -83.9249496459961 -20.628084182739258 21.865367889404297 -54.85909652709961 -20.59567642211914 21.87094497680664 -54.99241638183594 -22.90440559387207 13.888427734375 -19.813077926635742 -22.871379852294922 13.891120910644531 -19.8891658782959 -23.547134399414062 5.970115661621094 18.253610610961914 -23.52107048034668 5.969821929931641 18.24824333190918 11.658989906311035 -0.015316009521484375 -34.68717956542969 8.123390197753906 -4.109230041503906 -34.74168395996094 11.65926456451416 -0.008319854736328125 -34.61951446533203 8.12302303314209 -4.106166839599609 -34.66865539550781 11.651423454284668 -0.0010528564453125 -34.46489715576172 8.119902610778809 -4.102325439453125 -34.514137268066406 11.643864631652832 -0.0019989013671875 -34.380184173583984 8.115612983703613 -4.102264404296875 -34.430973052978516 11.637051582336426 -0.014919281005859375 -34.430057525634766 8.110008239746094 -4.109706878662109 -34.49382019042969 11.636639595031738 -0.008861541748046875 -34.36174774169922 8.10960578918457 -4.1064300537109375 -34.42137908935547 4.502769470214844 -8.352733612060547 -34.71379852294922 4.503488063812256 -8.352081298828125 -34.62688064575195 4.502242565155029 -8.351730346679688 -34.64150619506836 4.50333309173584 -8.351715087890625 -34.55427932739258 10.247699737548828 0.21570968627929688 -13.098777770996094 7.332605361938477 -3.8772964477539062 -12.861835479736328 9.378091812133789 0.4104423522949219 6.888654708862305 6.86685848236084 -3.3416404724121094 7.069370269775391 8.802457809448242 0.7584266662597656 24.62940216064453 6.781671047210693 -2.3331947326660156 24.73390007019043 8.103636741638184 1.1907081604003906 38.5053825378418 6.515788555145264 -1.0373992919921875 38.57053756713867 7.290931224822998 1.7722129821777344 47.479896545410156 5.709608554840088 0.5436210632324219 47.52235412597656 6.3099188804626465 2.3950767517089844 51.2056884765625 4.485935688018799 2.185771942138672 51.270965576171875 5.062285900115967 3.02581787109375 49.80149841308594 2.7234621047973633 3.7842140197753906 49.91950988769531 3.737088680267334 3.5921401977539062 43.643985748291016 0.7961635589599609 5.2278594970703125 43.831581115722656 2.4921984672546387 4.030860900878906 33.45197677612305 -1.0276861190795898 6.309669494628906 33.70459747314453 1.528052806854248 4.271404266357422 20.65705680847168 -2.3458871841430664 6.862033843994141 20.979873657226562 1.0882854461669922 4.2860260009765625 7.127388000488281 -2.625248432159424 6.794063568115234 7.473308563232422 0.9936255216598511 4.084785461425781 -4.9803314208984375 -2.1625173091888428 6.1040496826171875 -4.650714874267578 1.056976556777954 3.6769638061523438 -13.703657150268555 -1.3291889429092407 4.9030914306640625 -13.41148567199707 1.1765145063400269 3.2105751037597656 -17.448652267456055 -0.3872555196285248 3.4244117736816406 -17.22715950012207 1.2807492017745972 2.6426353454589844 -15.464542388916016 0.49679306149482727 1.7515144348144531 -15.303560256958008 1.3500310182571411 2.088665008544922 -8.348323822021484 1.2903971672058105 0.31943511962890625 -8.270832061767578 1.2038809061050415 1.6923065185546875 2.4029970169067383 1.7086181640625 -0.5900459289550781 2.3936376571655273 0.7444067001342773 1.4782142639160156 14.996761322021484 1.5225574970245361 -0.9573249816894531 14.94196891784668 0.03840517997741699 1.356719970703125 27.469873428344727 0.8078801035881042 -0.920654296875 27.39893913269043 -1.053929328918457 1.3427238464355469 38.23853302001953 -0.6769607067108154 -0.5082244873046875 38.17500686645508 -2.5913639068603516 1.3694915771484375 46.31608200073242 -3.319694995880127 0.044891357421875 46.356136322021484 -4.606631755828857 1.36273193359375 51.88219451904297 -7.1799421310424805 0.5146751403808594 52.09213638305664 -6.7977190017700195 1.3465232849121094 55.335716247558594 -11.602974891662598 0.8468513488769531 55.7423095703125 -8.518976211547852 1.3226737976074219 57.18491744995117 -15.591553688049316 0.9765472412109375 57.84697723388672 -8.519013404846191 1.3284835815429688 57.32661437988281 -15.591777801513672 0.9903030395507812 57.98745346069336 10.248411178588867 0.20223617553710938 -13.269990921020508 7.3339009284973145 -3.8853378295898438 -13.038140296936035 9.379019737243652 0.40233612060546875 6.745416641235352 6.870570182800293 -3.3447036743164062 6.912883758544922 8.803560256958008 0.7506103515625 24.517696380615234 6.786787033081055 -2.334247589111328 24.609283447265625 8.105643272399902 1.1813240051269531 38.41575622558594 6.5228071212768555 -1.0441818237304688 38.472103118896484 7.293135166168213 1.7615623474121094 47.39373779296875 5.717090129852295 0.5313873291015625 47.42323303222656 6.312107563018799 2.3816490173339844 51.1059455871582 4.493454933166504 2.1677284240722656 51.15483856201172 5.06487512588501 3.0101394653320312 49.66871643066406 2.7307381629943848 3.7614173889160156 49.77598571777344 3.7392349243164062 3.5767555236816406 43.47254943847656 0.8023281097412109 5.205078125 43.652339935302734 2.4935226440429688 4.017475128173828 33.24290466308594 -1.0238618850708008 6.2899627685546875 33.493064880371094 1.5284419059753418 4.263439178466797 20.425872802734375 -2.3447353839874268 6.852687835693359 20.746828079223633 1.0880248546600342 4.283882141113281 6.90325927734375 -2.6269967555999756 6.796550750732422 7.250879287719727 0.9923175573348999 4.085376739501953 -5.172687530517578 -2.1670479774475098 6.112987518310547 -4.837810516357422 1.0551626682281494 3.6784400939941406 -13.852457046508789 -1.3348112106323242 4.9143524169921875 -13.550094604492188 1.1743927001953125 3.211803436279297 -17.548969268798828 -0.3948665261268616 3.4354934692382812 -17.3165340423584 1.2782505750656128 2.6435775756835938 -15.51651382446289 0.48932331800460815 1.7615699768066406 -15.347575187683105 1.3477956056594849 2.0882186889648438 -8.352845191955566 1.2848494052886963 0.3271827697753906 -8.274888038635254 1.2020974159240723 1.6880989074707031 2.435727119445801 1.705578088760376 -0.5890960693359375 2.4224586486816406 0.7432365417480469 1.4707489013671875 15.04757308959961 1.5217409133911133 -0.9632530212402344 14.985574722290039 0.0378420352935791 1.3457565307617188 27.51950454711914 0.8092159032821655 -0.9332695007324219 27.443614959716797 -1.0543937683105469 1.3269882202148438 38.263221740722656 -0.6748905181884766 -0.5323371887207031 38.19598388671875 -2.5917515754699707 1.3480949401855469 46.276187896728516 -3.317272186279297 0.00543212890625 46.311614990234375 -4.60672664642334 1.3362770080566406 51.73084259033203 -7.178032875061035 0.4628868103027344 51.93694305419922 -6.79797887802124 1.3228683471679688 55.04777526855469 -11.601810455322266 0.7958335876464844 55.45269012451172 4.380696773529053 -7.951305389404297 -12.767024993896484 4.205964088439941 -7.121040344238281 7.115602493286133 4.7000932693481445 -5.5231781005859375 24.71025276184082 4.843874931335449 -3.2761497497558594 38.50201416015625 4.024280071258545 -0.7140464782714844 47.431724548339844 2.471637725830078 1.962860107421875 51.19972229003906 0.30776119232177734 4.541324615478516 49.87993621826172 -2.2206149101257324 6.8797454833984375 43.84297180175781 -4.552526473999023 8.627254486083984 33.787601470947266 -6.227756977081299 9.497207641601562 21.138004302978516 -6.326503276824951 9.371498107910156 7.690656661987305 -5.251046657562256 8.182811737060547 -4.400333404541016 -3.5634377002716064 6.1479644775390625 -13.147329330444336 -1.8144090175628662 3.5980262756347656 -16.992145538330078 -0.19702351093292236 0.8400764465332031 -15.101811408996582 1.2275198698043823 -1.481536865234375 -8.147392272949219 2.1922802925109863 -2.9143104553222656 2.429886817932129 2.2272415161132812 -3.4289627075195312 14.918813705444336 1.5565617084503174 -3.2452430725097656 27.342193603515625 -0.3524788022041321 -2.3880538940429688 38.091609954833984 -4.070788383483887 -1.3052711486816406 46.33188247680664 -9.757401466369629 -0.3765106201171875 52.168670654296875 -16.465425491333008 0.3187103271484375 55.95759582519531 4.380114555358887 -7.950023651123047 -12.708112716674805 4.2039313316345215 -7.121753692626953 7.169219970703125 4.696596145629883 -5.525199890136719 24.7518253326416 4.839568614959717 -3.2748069763183594 38.53559875488281 4.019644737243652 -0.7091407775878906 47.46556854248047 2.4670238494873047 1.9703483581542969 51.24060821533203 0.3033266067504883 4.550945281982422 49.92832946777344 -2.2242822647094727 6.889728546142578 43.903446197509766 -4.554919242858887 8.635784149169922 33.85801315307617 -6.2283935546875 9.500926971435547 21.215600967407227 -6.325292587280273 9.369056701660156 7.764665603637695 -5.248147487640381 8.176948547363281 -4.338645935058594 -3.559509754180908 6.140655517578125 -13.1031494140625 -1.8095896244049072 3.591358184814453 -16.964067459106445 -0.1924351155757904 0.8338890075683594 -15.088133811950684 1.2309000492095947 -1.4866104125976562 -8.146047592163086 2.1939303874969482 -2.9163246154785156 2.420246124267578 2.2275147438049316 -3.42767333984375 14.904937744140625 1.5554382801055908 -3.24053955078125 27.327327728271484 -0.35427558422088623 -2.3769760131835938 38.08503341674805 -4.072789669036865 -1.2863502502441406 46.34688949584961 -9.758919715881348 -0.35065460205078125 52.22013854980469 -16.466581344604492 0.3447303771972656 56.055397033691406 -8.508079528808594 1.3269386291503906 57.475013732910156 -15.57008171081543 0.9888229370117188 58.13098907470703 -8.502089500427246 1.3237037658691406 57.480712890625 -15.559103012084961 0.9832000732421875 58.13612365722656 -8.494434356689453 1.3236579895019531 57.204689025878906 -15.548221588134766 0.9780235290527344 57.85932922363281 -8.49817180633545 1.3249015808105469 57.346160888671875 -15.553474426269531 0.9846305847167969 58.000789642333984 -22.671836853027344 0.61907958984375 58.49995422363281 -22.641267776489258 0.6183242797851562 58.506065368652344 -22.67238426208496 0.6378250122070312 58.63951110839844 -22.644554138183594 0.6316947937011719 58.648101806640625 16.49203872680664 -25.47803497314453 3.548694610595703 19.586288452148438 -25.119850158691406 3.862377166748047 16.491905212402344 -25.479351043701172 3.5423927307128906 19.58987808227539 -25.122312545776367 3.8550872802734375 16.49115753173828 -25.47037124633789 3.489490509033203 19.584012985229492 -25.104888916015625 3.8010406494140625 16.49175262451172 -25.47066879272461 3.4825363159179688 19.589391708374023 -25.1053466796875 3.794719696044922 14.0272855758667 -25.63916778564453 1.7747669219970703 14.715547561645508 -25.287683486938477 1.8487052917480469 11.25204086303711 -25.803241729736328 -0.35735416412353516 9.95829963684082 -25.38576889038086 -0.4650869369506836 8.888386726379395 -25.908273696899414 -3.151076078414917 5.589049339294434 -25.320178985595703 -3.443887710571289 7.012330055236816 -26.004730224609375 -6.888361930847168 2.7433557510375977 -25.220050811767578 -7.267158508300781 5.813710689544678 -26.093257904052734 -11.655288696289062 0.9991164207458496 -25.115612030029297 -12.074289321899414 5.025455951690674 -26.210243225097656 -17.025165557861328 0.47699642181396484 -25.211902618408203 -17.41010856628418 4.601905345916748 -26.38888168334961 -22.040966033935547 0.4912738800048828 -25.639156341552734 -22.37434196472168 4.605474472045898 -26.672433853149414 -25.00157928466797 1.1716747283935547 -26.367595672607422 -25.23781967163086 5.010694980621338 -26.973121643066406 -25.225177764892578 2.8480288982391357 -27.209135055541992 -25.376874923706055 5.499571800231934 -27.261760711669922 -22.716773986816406 4.455147743225098 -27.997177124023438 -22.774810791015625 6.102630615234375 -27.52200698852539 -17.69892120361328 6.337965488433838 -28.723711013793945 -17.62929344177246 6.443493366241455 -27.72271156311035 -10.607154846191406 7.808163166046143 -29.33114242553711 -10.456611633300781 6.445472717285156 -27.815717697143555 -1.6191864013671875 8.413687705993652 -29.70612335205078 -1.4357223510742188 5.986739158630371 -27.771926879882812 8.333938598632812 8.111410140991211 -29.743661880493164 8.51926040649414 5.063446044921875 -27.56195831298828 18.115413665771484 7.001473426818848 -29.30843734741211 18.238628387451172 3.7504711151123047 -27.134258270263672 25.910717010498047 5.225218772888184 -28.343761444091797 25.980571746826172 2.2332677841186523 -26.487163543701172 30.230281829833984 3.1040353775024414 -26.810333251953125 30.201019287109375 0.5599775314331055 -25.68568992614746 29.08858871459961 0.6639251708984375 -24.78270721435547 28.976642608642578 -1.141158103942871 -24.856300354003906 21.132904052734375 -1.7908029556274414 -22.51801872253418 20.93914031982422 -2.7061891555786133 -24.16713523864746 6.350780487060547 -3.962736129760742 -20.733200073242188 6.154060363769531 -4.043741703033447 -23.616634368896484 -13.450895309448242 -5.539801120758057 -19.44264793395996 -13.643402099609375 -5.226409435272217 -23.200651168823242 -36.249237060546875 -7.150498867034912 -18.547775268554688 -36.46877670288086 -6.432896137237549 -22.87187957763672 -60.57170104980469 -8.617622375488281 -18.026596069335938 -60.80121994018555 14.027542114257812 -25.628524780273438 1.7599220275878906 14.71538257598877 -25.26848793029785 1.8353919982910156 11.252503395080566 -25.792591094970703 -0.3298149108886719 9.958409309387207 -25.366880416870117 -0.44167518615722656 8.888521194458008 -25.89971160888672 -3.0869035720825195 5.588865280151367 -25.305513381958008 -3.37542462348938 7.012454032897949 -25.99848175048828 -6.801833152770996 2.743317127227783 -25.21104621887207 -7.183773040771484 5.813903331756592 -26.08940315246582 -11.56060791015625 0.9989309310913086 -25.111143112182617 -11.975936889648438 5.025683879852295 -26.207679748535156 -16.93365478515625 0.47745513916015625 -25.211111068725586 -17.319978713989258 4.6023335456848145 -26.387836456298828 -21.958171844482422 0.4922795295715332 -25.63998794555664 -22.292877197265625 4.605627536773682 -26.673398971557617 -24.934337615966797 1.1728544235229492 -26.372682571411133 -25.167863845825195 5.011363506317139 -26.974952697753906 -25.1812744140625 2.8493716716766357 -27.215957641601562 -25.335342407226562 5.499929904937744 -27.264087677001953 -22.697383880615234 4.4564361572265625 -28.004114151000977 -22.752708435058594 6.102680683135986 -27.524089813232422 -17.706104278564453 6.338970184326172 -28.730972290039062 -17.6325740814209 6.443793296813965 -27.723487854003906 -10.635761260986328 7.808873176574707 -29.33542251586914 -10.483402252197266 6.445268630981445 -27.81492042541504 -1.6607704162597656 8.414093017578125 -29.706750869750977 -1.4736480712890625 5.986567497253418 -27.769216537475586 8.288066864013672 8.110929489135742 -29.740882873535156 8.47900390625 5.062843322753906 -27.55756950378418 18.07415008544922 7.000478267669678 -29.302539825439453 18.20148468017578 3.749537467956543 -27.128585815429688 25.879459381103516 5.223071098327637 -28.335996627807617 25.952411651611328 2.2320737838745117 -26.480892181396484 30.213130950927734 3.101231575012207 -26.80120086669922 30.183460235595703 0.5585794448852539 -25.67885971069336 29.087894439697266 0.6603851318359375 -24.772838592529297 28.97365951538086 -1.142134666442871 -24.849830627441406 21.147388458251953 -1.7939538955688477 -22.508342742919922 20.952903747558594 -2.7070655822753906 -24.161209106445312 6.378124237060547 -3.9650821685791016 -20.72587776184082 6.177314758300781 -4.044560432434082 -23.611473083496094 -13.418081283569336 -5.541508197784424 -19.436336517333984 -13.615129470825195 -5.2269134521484375 -23.19593048095703 -36.20973587036133 -7.151528358459473 -18.54120635986328 -36.431026458740234 -6.4332170486450195 -22.866657257080078 -60.527809143066406 -8.617935180664062 -18.020416259765625 -60.75487518310547 -7.852240562438965 -22.73174476623535 -85.76852416992188 -10.351033210754395 -17.902414321899414 -86.41124725341797 -7.861021041870117 -22.731952667236328 -85.86607360839844 -10.36423110961914 -17.903593063354492 -86.51020050048828 -7.85264253616333 -22.72582244873047 -85.71862030029297 -10.351017951965332 -17.895238876342773 -86.362548828125 -7.861392021179199 -22.725650787353516 -85.81596374511719 -10.364387512207031 -17.895374298095703 -86.4618911743164 16.60045051574707 -26.37372589111328 -12.430656433105469 19.588411331176758 -27.46176528930664 -12.534759521484375 16.607879638671875 -26.373830795288086 -12.412857055664062 19.602710723876953 -27.461711883544922 -12.5084810256958 16.664958953857422 -28.645742416381836 -27.821266174316406 19.47997283935547 -32.00545120239258 -28.103721618652344 16.673093795776367 -28.64565658569336 -27.750762939453125 19.498271942138672 -32.00523376464844 -28.041717529296875 16.511938095092773 -30.145618438720703 -42.34638977050781 19.31440544128418 -36.082252502441406 -42.8431396484375 16.518407821655273 -30.145442962646484 -42.2314453125 19.3315486907959 -36.08182144165039 -42.71965789794922 16.381742477416992 -32.30696105957031 -55.20999526977539 18.697654724121094 -41.0804557800293 -55.96311950683594 16.391143798828125 -32.306453704833984 -55.03590774536133 18.719024658203125 -41.07880401611328 -55.78800582885742 16.018726348876953 -33.8535041809082 -65.85037231445312 17.72624397277832 -45.219051361083984 -66.74211883544922 16.019393920898438 -33.85334396362305 -65.6274185180664 17.73285484313965 -45.21749496459961 -66.51300811767578 15.513703346252441 -32.850379943847656 -72.41069030761719 16.39337921142578 -44.26386260986328 -73.3349609375 15.508275985717773 -32.84976577758789 -72.18984985351562 16.384408950805664 -44.26161193847656 -73.1026840209961 14.9656400680542 -31.25109100341797 -74.57536315917969 15.042983055114746 -41.15631103515625 -75.35189056396484 14.955159187316895 -31.250446319580078 -74.37471008300781 15.023650169372559 -41.1540641784668 -75.15621948242188 14.38479232788086 -27.627225875854492 -72.49697875976562 13.544443130493164 -34.92586135864258 -73.04881286621094 14.369344711303711 -27.62631607055664 -72.34947204589844 13.518488883972168 -34.92329406738281 -72.90626525878906 13.830376625061035 -24.142616271972656 -65.05313873291016 11.910551071166992 -29.192073822021484 -65.42011260986328 13.817211151123047 -24.141613006591797 -64.95303344726562 11.889619827270508 -29.18954086303711 -65.3158950805664 13.256521224975586 -20.93207359313965 -52.512855529785156 10.495216369628906 -24.165447235107422 -52.72102355957031 13.243858337402344 -20.93129539489746 -52.45050811767578 10.475116729736328 -24.163639068603516 -52.6551513671875 12.858282089233398 -17.867189407348633 -36.4333610534668 9.558963775634766 -18.952356338500977 -36.493186950683594 12.845992088317871 -17.86673355102539 -36.41244888305664 9.536683082580566 -18.95133399963379 -36.47038269042969 12.713434219360352 -14.693870544433594 -18.273807525634766 9.107942581176758 -13.163473129272461 -18.125 12.699641227722168 -14.693562507629395 -18.299190521240234 9.084298133850098 -13.163023948669434 -18.15876007080078 12.529205322265625 -11.139410018920898 0.4163665771484375 9.029669761657715 -7.511631488800049 0.7402572631835938 12.515403747558594 -11.139139175415039 0.3446044921875 9.008447647094727 -7.511763095855713 0.6665725708007812 12.577515602111816 -8.32020378112793 18.663524627685547 9.205046653747559 -3.072986602783203 19.10161590576172 12.568852424621582 -8.320428848266602 18.558353424072266 9.191266059875488 -3.073770523071289 18.99761199951172 12.814972877502441 -6.790397644042969 35.18160629272461 9.971315383911133 -0.7317218780517578 35.64167022705078 12.810103416442871 -6.790740966796875 35.062843322753906 9.96503734588623 -0.733281135559082 35.51901626586914 13.274359703063965 -5.751588821411133 47.914588928222656 11.286697387695312 0.38316917419433594 48.36885070800781 13.27064323425293 -5.752370834350586 47.794342041015625 11.283199310302734 0.38079071044921875 48.24448013305664 13.839186668395996 -4.99445915222168 55.4903678894043 12.960984230041504 1.0418548583984375 55.91655731201172 13.83674430847168 -4.995334625244141 55.37211608886719 12.959447860717773 1.0390510559082031 55.79454803466797 14.483938217163086 -4.59906005859375 56.98814392089844 14.836243629455566 0.9872512817382812 57.377342224121094 14.483293533325195 -4.600059509277344 56.87914276123047 14.838275909423828 0.9842453002929688 57.26342010498047 15.09337043762207 -4.683567047119141 51.80830383300781 16.682336807250977 0.053874969482421875 52.13054656982422 15.094900131225586 -4.684368133544922 51.71577453613281 16.68731117248535 0.0510406494140625 52.033653259277344 15.644577980041504 -5.269031524658203 40.568885803222656 18.327285766601562 -1.5370864868164062 40.7979621887207 15.647788047790527 -5.269298553466797 40.49876403808594 18.336135864257812 -1.5392913818359375 40.7196159362793 16.07005500793457 -6.221809387207031 24.360069274902344 19.582286834716797 -4.279651641845703 24.452281951904297 16.074993133544922 -6.222267150878906 24.322017669677734 19.594661712646484 -4.281013488769531 24.413372039794922 16.320255279541016 -7.531454086303711 4.63018798828125 20.36663055419922 -7.39190673828125 4.6307525634765625 16.325424194335938 -7.532121658325195 4.628269195556641 20.379356384277344 -7.392765045166016 4.627357482910156 16.379314422607422 -8.756664276123047 -16.992046356201172 20.61964225769043 -10.666732788085938 -17.17028045654297 16.385295867919922 -8.756242752075195 -16.956567764282227 20.633907318115234 -10.666725158691406 -17.129749298095703 16.234947204589844 -10.36265754699707 -38.62192916870117 20.36056137084961 -14.295764923095703 -38.94145965576172 16.24082374572754 -10.362445831298828 -38.543941497802734 20.37451171875 -14.294784545898438 -38.8635139465332 15.894953727722168 -11.513696670532227 -58.90372848510742 19.60230827331543 -17.33620834350586 -59.36030578613281 15.899361610412598 -11.513166427612305 -58.79093551635742 19.613182067871094 -17.33462905883789 -59.240413665771484 15.409784317016602 -12.644598007202148 -76.40855407714844 18.451852798461914 -20.035097122192383 -76.9707260131836 15.414505004882812 -12.643783569335938 -76.26348876953125 18.464000701904297 -20.033205032348633 -76.82276916503906 14.825714111328125 -13.863466262817383 -90.20795440673828 17.081911087036133 -23.28867530822754 -90.92024230957031 14.831395149230957 -13.863548278808594 -90.02594757080078 17.094268798828125 -23.28651237487793 -90.72566986083984 14.241857528686523 -15.20644760131836 -99.44237518310547 15.612464904785156 -25.925283432006836 -100.30834197998047 14.245439529418945 -15.205538749694824 -99.22704315185547 15.621927261352539 -25.92292594909668 -100.09781646728516 13.671314239501953 -15.412668228149414 -104.0444564819336 14.271554946899414 -27.582416534423828 -105.05004119873047 13.669763565063477 -15.412564277648926 -103.80653381347656 14.272640228271484 -27.579914093017578 -104.80029296875 13.108689308166504 -14.58096694946289 -105.37199401855469 12.949856758117676 -26.45064926147461 -106.35393524169922 13.103826522827148 -14.579920768737793 -105.13731384277344 12.942422866821289 -26.448421478271484 -106.11758422851562 12.622157096862793 -13.167573928833008 -102.51399230957031 11.619626998901367 -24.412288665771484 -103.41809844970703 12.616453170776367 -13.167121887207031 -102.294189453125 11.610526084899902 -24.41019630432129 -103.1878662109375 12.160764694213867 -11.616310119628906 -95.07323455810547 10.265990257263184 -21.87615394592285 -95.88465881347656 12.152911186218262 -11.61577033996582 -94.86769104003906 10.255058288574219 -21.874225616455078 -95.68375396728516 11.79167652130127 -9.064245223999023 -83.12342071533203 9.190529823303223 -18.1966552734375 -83.8992919921875 11.779377937316895 -9.06365966796875 -82.9461669921875 9.16840934753418 -18.195165634155273 -83.70941162109375 11.586808204650879 -5.726116180419922 -67.94891357421875 8.54443359375 -11.35809326171875 -68.46878051757812 11.572427749633789 -5.724605560302734 -67.82369232177734 8.516904830932617 -11.35696029663086 -68.36968994140625 11.499267578125 -2.310302734375 -51.81797409057617 8.272940635681152 -6.122888565063477 -52.145721435546875 11.487585067749023 -2.3104019165039062 -51.73442840576172 8.259551048278809 -6.122358322143555 -52.0780143737793 -7.827383995056152 -20.36121368408203 -72.7742919921875 -10.409004211425781 -14.151519775390625 -73.30805969238281 -7.8378682136535645 -20.361377716064453 -72.89462280273438 -10.424192428588867 -14.151580810546875 -73.4339828491211 -7.727807998657227 -17.58401870727539 -59.888893127441406 -10.327423095703125 -10.298171043395996 -60.52962112426758 -7.738099098205566 -17.584508895874023 -60.0345573425293 -10.342252731323242 -10.29853630065918 -60.67568588256836 -7.524321556091309 -15.457444190979004 -46.945716857910156 -10.009894371032715 -7.143650054931641 -47.69721221923828 -7.531025409698486 -15.458064079284668 -47.11079406738281 -10.019440650939941 -7.144381523132324 -47.86408615112305 -7.234537601470947 -14.224889755249023 -35.06985092163086 -9.36559772491455 -5.698187828063965 -35.84684371948242 -7.2372612953186035 -14.225825309753418 -35.23871612548828 -9.367310523986816 -5.699526786804199 -36.018348693847656 -6.802584171295166 -13.943772315979004 -25.428926467895508 -8.403877258300781 -6.065818786621094 -26.191997528076172 -6.802448749542236 -13.944622039794922 -25.58452796936035 -8.400004386901855 -6.067441940307617 -26.351526260375977 -6.3003973960876465 -14.019176483154297 -19.011625289916992 -7.1863226890563965 -7.200624465942383 -19.663188934326172 -6.3001790046691895 -14.020166397094727 -19.145278930664062 -7.181788444519043 -7.202581405639648 -19.80120277404785 -5.841108798980713 -13.928555488586426 -16.47418975830078 -6.055760860443115 -8.118440628051758 -17.040969848632812 -5.842301845550537 -13.929291725158691 -16.58913803100586 -6.05329704284668 -8.12022590637207 -17.157764434814453 -5.46558141708374 -13.500168800354004 -17.335773468017578 -5.0586090087890625 -8.416139602661133 -17.829051971435547 -5.467580318450928 -13.500720977783203 -17.437240600585938 -5.058786392211914 -8.417350769042969 -17.931255340576172 -5.198787689208984 -12.929006576538086 -20.83628273010254 -4.457916259765625 -8.14409065246582 -21.272878646850586 -5.201896667480469 -12.929418563842773 -20.930330276489258 -4.460259437561035 -8.144813537597656 -21.369508743286133 -5.080477714538574 -12.123026847839355 -25.34954071044922 -4.300660133361816 -7.432956695556641 -25.74709701538086 -5.083301544189453 -12.12327766418457 -25.441606521606445 -4.303778648376465 -7.43277645111084 -25.84174346923828 -5.170502662658691 -11.568330764770508 -29.147520065307617 -4.709473609924316 -6.862118721008301 -29.520401000976562 -5.173230171203613 -11.568140983581543 -29.23946762084961 -4.711233139038086 -6.861100196838379 -29.615991592407227 -5.464073181152344 -10.94024658203125 -30.663822174072266 -5.554694175720215 -6.847301483154297 -30.960386276245117 -5.465261459350586 -10.940099716186523 -30.746566772460938 -5.552414894104004 -6.8457183837890625 -31.04379653930664 -5.809745788574219 -11.241633415222168 -28.37384033203125 -6.640997886657715 -8.216583251953125 -28.56973648071289 -5.806759834289551 -11.24124813079834 -28.431285858154297 -6.6322736740112305 -8.214813232421875 -28.631454467773438 -6.130476951599121 -12.271174430847168 -22.04974365234375 -7.774060249328613 -10.921865463256836 -22.09912109375 -6.1258392333984375 -12.270812034606934 -22.07187843322754 -7.761883735656738 -10.920263290405273 -22.128772735595703 -6.372425079345703 -13.397570610046387 -11.7459135055542 -8.722027778625488 -14.099851608276367 -11.634757041931152 -6.367790222167969 -13.397412300109863 -11.730273246765137 -8.708611488342285 -14.098766326904297 -11.621121406555176 -6.484162330627441 -14.392626762390137 1.7912254333496094 -9.24731731414795 -17.096084594726562 2.035360336303711 -6.480966567993164 -14.392538070678711 1.8430614471435547 -9.238546371459961 -17.095600128173828 2.090391159057617 -6.406291961669922 -14.781105041503906 16.682680130004883 -9.259836196899414 -18.283489227294922 16.97079849243164 -6.405861854553223 -14.781485557556152 16.751779556274414 -9.2572603225708 -18.28398895263672 17.041494369506836 -6.079681396484375 -14.759438514709473 30.90664291381836 -8.592626571655273 -18.927114486694336 31.21014976501465 -6.0789031982421875 -14.760209083557129 30.987058639526367 -8.588778495788574 -18.9287109375 31.296249389648438 -5.541828155517578 -14.98852252960205 42.21052551269531 -7.221385478973389 -19.82085609436035 42.537803649902344 -5.541851043701172 -14.98945140838623 42.306312561035156 -7.219647407531738 -19.823505401611328 42.634090423583984 -4.836668968200684 -14.318239212036133 48.202518463134766 -5.30151891708374 -19.16680335998535 48.50448226928711 -4.841587066650391 -14.319398880004883 48.297855377197266 -5.308496952056885 -19.170061111450195 48.6021728515625 -4.023331642150879 -12.548824310302734 47.09930419921875 -3.088449478149414 -16.41349220275879 47.304771423339844 -4.0321502685546875 -12.550104141235352 47.174560546875 -3.102688789367676 -16.41704750061035 47.382991790771484 -3.205873489379883 -9.902761459350586 38.568416595458984 -0.8098106384277344 -12.071966171264648 38.62861633300781 -3.218362808227539 -9.903951644897461 38.60901641845703 -0.8309388160705566 -12.075315475463867 38.67333984375 -2.485147476196289 -6.492097854614258 22.56265640258789 1.1818790435791016 -6.126153945922852 22.430641174316406 -2.4994678497314453 -6.4931640625 22.553672790527344 1.15681791305542 -6.128910064697266 22.4246768951416 -1.966425895690918 -3.0225830078125 0.633697509765625 2.6821646690368652 -0.05558586120605469 0.309844970703125 -1.9805002212524414 -3.0232372283935547 0.5753211975097656 2.6582674980163574 -0.057342529296875 0.24951934814453125 -1.7170839309692383 0.3668937683105469 -25.143802642822266 3.4242730140686035 5.583703994750977 -25.620079040527344 -1.730229377746582 0.3667564392089844 -25.247272491455078 3.403106689453125 5.583272933959961 -25.724895477294922 -1.8021354675292969 3.499279022216797 -52.208763122558594 3.2783727645874023 10.68231201171875 -52.789283752441406 -1.8155012130737305 3.4995994567871094 -52.35000991821289 3.2565765380859375 10.68319320678711 -52.935081481933594 -2.232830047607422 7.072475433349609 -77.37787628173828 2.148442268371582 16.64751434326172 -78.1291275024414 -2.2482051849365234 7.073463439941406 -77.56771087646484 2.1222333908081055 16.65013885498047 -78.3208236694336 -3.019001007080078 10.69491958618164 -97.45719146728516 0.07060813903808594 22.92168426513672 -98.37305450439453 -3.0320844650268555 10.69620132446289 -97.69822692871094 0.048877716064453125 22.925506591796875 -98.61946105957031 -4.025900840759277 13.144947052001953 -109.39920806884766 -2.742403984069824 26.860549926757812 -110.43990325927734 -4.032567024230957 13.146793365478516 -109.6700668334961 -2.753087043762207 26.865394592285156 -110.71520233154297 -5.147686958312988 13.911685943603516 -111.01058959960938 -5.924188613891602 27.877197265625 -112.030029296875 -5.147302627563477 13.913192749023438 -111.28290557861328 -5.920021057128906 27.882171630859375 -112.31412506103516 -6.312248229980469 13.071945190429688 -101.700927734375 -9.122515678405762 25.003921508789062 -102.58097076416016 -6.306087493896484 13.073844909667969 -101.93754577636719 -9.106287002563477 25.00878143310547 -102.81995391845703 -7.320735931396484 11.084243774414062 -82.50161743164062 -12.0031156539917 20.473224639892578 -83.17852783203125 -7.311274528503418 11.085746765136719 -82.68856811523438 -11.982986450195312 20.4774169921875 -83.36686706542969 -8.13254165649414 8.612117767333984 -53.98867416381836 -14.307839393615723 15.20166015625 -54.466758728027344 -8.121787071228027 8.613311767578125 -54.11884307861328 -14.286094665527344 15.204559326171875 -54.599342346191406 -8.553882598876953 6.232017517089844 -19.260316848754883 -15.665422439575195 10.078166961669922 -19.564762115478516 -8.546201705932617 6.232627868652344 -19.338197708129883 -15.646164894104004 10.079608917236328 -19.64103126525879 -8.607463836669922 4.511409759521484 18.423343658447266 -16.02205467224121 5.585895538330078 18.31220245361328 -8.597576141357422 4.510986328125 18.39078712463379 -16.003982543945312 5.585773468017578 18.29977798461914 11.651756286621094 -0.0152740478515625 -34.60195541381836 8.119096755981445 -4.109203338623047 -34.659122467041016 11.644095420837402 -0.01513671875 -34.51618194580078 8.11492919921875 -4.109607696533203 -34.57614517211914 11.651362419128418 -0.0087127685546875 -34.53386306762695 8.119706153869629 -4.106250762939453 -34.5866584777832 11.643783569335938 -0.008800506591796875 -34.44778060913086 8.114952087402344 -4.106487274169922 -34.50501251220703 10.24821662902832 0.20668411254882812 -13.212689399719238 7.333460807800293 -3.8827285766601562 -12.979469299316406 9.378866195678711 0.40502166748046875 6.793428421020508 6.869321823120117 -3.3436737060546875 6.964841842651367 8.803411483764648 0.7531967163085938 24.55523681640625 6.7850542068481445 -2.3338165283203125 24.650678634643555 8.105175018310547 1.1843986511230469 38.445960998535156 6.520454406738281 -1.0419273376464844 38.50477981567383 7.292624473571777 1.7651214599609375 47.42276382446289 5.7145867347717285 0.5354537963867188 47.456092834472656 6.31159782409668 2.3861122131347656 51.139495849609375 4.490956783294678 2.173748016357422 51.19339370727539 5.064199447631836 3.015380859375 49.71324920654297 2.7283029556274414 3.7689743041992188 49.823734283447266 3.738656997680664 3.581897735595703 43.52991485595703 0.8002738952636719 5.212665557861328 43.71198272705078 2.4931793212890625 4.02197265625 33.312801361083984 -1.0251736640930176 6.296501159667969 33.563446044921875 1.5283617973327637 4.266139984130859 20.503032684326172 -2.345162868499756 6.855792999267578 20.824392318725586 1.0880932807922363 4.284633636474609 6.978006362915039 -2.6264255046844482 6.795738220214844 7.324972152709961 0.9926763772964478 4.085231781005859 -5.1086273193359375 -2.165578842163086 6.109981536865234 -4.775459289550781 1.0556637048721313 3.6780052185058594 -13.80302619934082 -1.3329205513000488 4.91058349609375 -13.50374984741211 1.17499577999115 3.211353302001953 -17.515674591064453 -0.3923642039299011 3.431903839111328 -17.28666877746582 1.2790045738220215 2.6432571411132812 -15.499259948730469 0.4918116331100464 1.7582244873046875 -15.332775115966797 1.3485418558120728 2.0883445739746094 -8.35131549835205 1.2867028713226318 0.32462310791015625 -8.27353572845459 1.2027616500854492 1.6894721984863281 2.424941062927246 1.7065924406051636 -0.5893974304199219 2.4128284454345703 0.7437264919281006 1.4731979370117188 15.030790328979492 1.5220155715942383 -0.9612846374511719 14.970983505249023 0.038127899169921875 1.3494110107421875 27.503158569335938 0.8087863326072693 -0.9290695190429688 27.42870330810547 -1.0541706085205078 1.3321914672851562 38.25514221191406 -0.6755695343017578 -0.5243186950683594 38.18887710571289 -2.591580867767334 1.3552169799804688 46.28953552246094 -3.3180911540985107 0.01856231689453125 46.32615661621094 -4.606688022613525 1.3451423645019531 51.78120422363281 -7.178725719451904 0.48012542724609375 51.9883918762207 -6.797860145568848 1.3307151794433594 55.14384841918945 -11.602178573608398 0.8128738403320312 55.54920959472656 10.247967720031738 0.21117401123046875 -13.155547142028809 7.333029747009277 -3.880107879638672 -12.920783996582031 9.378519058227539 0.4076995849609375 6.8411407470703125 6.868069648742676 -3.342632293701172 7.016975402832031 8.803020477294922 0.75579833984375 24.592466354370117 6.783350944519043 -2.3335418701171875 24.692222595214844 8.104496002197266 1.1875534057617188 38.475868225097656 6.518118381500244 -1.0396690368652344 38.53761672973633 7.2918596267700195 1.7686767578125 47.451507568359375 5.712109565734863 0.5395431518554688 47.4891357421875 6.310849189758301 2.3905906677246094 51.17275619506836 4.488450527191162 2.1797561645507812 51.23210144042969 5.063316345214844 3.020599365234375 49.757511138916016 2.725888729095459 3.776592254638672 49.87159729003906 3.7379188537597656 3.587024688720703 43.5870361328125 0.798224925994873 5.220256805419922 43.771705627441406 2.4927191734313965 4.026432037353516 33.38245391845703 -1.026449203491211 6.303077697753906 33.63395690917969 1.5282237529754639 4.268802642822266 20.580093383789062 -2.3455498218536377 6.8589019775390625 20.902053833007812 1.0881781578063965 4.285346984863281 7.052740097045898 -2.6258444786071777 6.794902801513672 7.399089813232422 0.9931169748306274 4.085029602050781 -5.04443359375 -2.1640822887420654 6.10699462890625 -4.7130279541015625 1.0562751293182373 3.6775245666503906 -13.753515243530273 -1.3310489654541016 4.906867980957031 -13.457633972167969 1.17571222782135 3.210968017578125 -17.482254028320312 -0.3898370862007141 3.4281044006347656 -17.25689125061035 1.279842495918274 2.6429481506347656 -15.482000350952148 0.49430105090141296 1.7549247741699219 -15.31806755065918 1.3492870330810547 2.0884971618652344 -8.349804878234863 1.2885515689849854 0.32199859619140625 -8.27219295501709 1.2033541202545166 1.69085693359375 2.4140453338623047 1.707608699798584 -0.5896644592285156 2.4032087326049805 0.7441005706787109 1.4756736755371094 15.01385498046875 1.5222810506820679 -0.9593276977539062 14.956438064575195 0.03831744194030762 1.3530540466308594 27.486610412597656 0.8083213567733765 -0.9248695373535156 27.41374969482422 -1.054041862487793 1.337432861328125 38.246849060058594 -0.6762638092041016 -0.5162620544433594 38.18183898925781 -2.5914578437805176 1.3623313903808594 46.3028564453125 -3.3189055919647217 0.03173828125 46.34113311767578 -4.606652736663818 1.3539466857910156 51.83169174194336 -7.179317951202393 0.4973869323730469 52.04024887084961 -6.797762870788574 1.338653564453125 55.23966979980469 -11.602563858032227 0.8298530578613281 55.64567565917969 -8.510404586791992 1.321624755859375 57.19244384765625 -15.573949813842773 0.9742164611816406 57.851253509521484 -8.500102043151855 1.3211860656738281 57.198486328125 -15.55459213256836 0.9734382629394531 57.85520553588867 -8.510653495788574 1.3263778686523438 57.33289337158203 -15.574728012084961 0.9867401123046875 57.99089813232422 -8.501672744750977 1.3247528076171875 57.3406982421875 -15.558921813964844 0.9838714599609375 57.99119567871094</DataArray>
      </PointData>
    </Piece>
  </UnstructuredGrid>
</VTKFile>