<?xml version='1.0' encoding='utf-8'?>
<VTKFile type="UnstructuredGrid" version="0.1" byte_order="LittleEndian">
  <UnstructuredGrid>
    <Piece NumberOfPoints="525" NumberOfCells="480">
      <Points>
        <DataArray type="Float64" Name="" NumberOfComponents="3" format="ascii">0.0 0.0 0.0 1000.0 0.0 0.0 1000.0 1000.0 0.0 0.0 1000.0 0.0 0.0 0.0 5.0 1000.0 0.0 5.0 1000.0 0.0 5.0 1000.0 1000.0 5.0 1000.0 1000.0 5.0 0.0 1000.0 5.0 0.0 1000.0 5.0 0.0 0.0 5.0 50.0 0.0 0.0 100.0 0.0 0.0 150.00000000000003 0.0 0.0 200.0 0.0 0.0 250.0 0.0 0.0 300.00000000000006 0.0 0.0 350.00000000000006 0.0 0.0 400.0 0.0 0.0 450.0 0.0 0.0 500.0 0.0 0.0 550.0 0.0 0.0 600.0000000000001 0.0 0.0 650.0 0.0 0.0 700.0000000000001 0.0 0.0 750.0 0.0 0.0 800.0 0.0 0.0 850.0000000000001 0.0 0.0 900.0 0.0 0.0 950.0000000000001 0.0 0.0 1000.0 50.0 0.0 1000.0 100.0 0.0 1000.0 150.00000000000003 0.0 1000.0 200.0 0.0 1000.0 250.0 0.0 1000.0 300.00000000000006 0.0 1000.0 350.00000000000006 0.0 1000.0 400.0 0.0 1000.0 450.0 0.0 1000.0 500.0 0.0 1000.0 550.0 0.0 1000.0 600.0000000000001 0.0 1000.0 650.0 0.0 1000.0 700.0000000000001 0.0 1000.0 750.0 0.0 1000.0 800.0 0.0 1000.0 850.0000000000001 0.0 1000.0 900.0 0.0 1000.0 950.0000000000001 0.0 950.0 1000.0 0.0 900.0 1000.0 0.0 850.0 1000.0 0.0 800.0 1000.0 0.0 750.0 1000.0 0.0 700.0 1000.0 0.0 650.0 1000.0 0.0 600.0 1000.0 0.0 550.0 1000.0 0.0 500.0 1000.0 0.0 450.0 1000.0 0.0 399.9999999999999 1000.0 0.0 350.0 1000.0 0.0 299.9999999999999 1000.0 0.0 250.0 1000.0 0.0 200.0 1000.0 0.0 149.9999999999999 1000.0 0.0 100.0 1000.0 0.0 49.999999999999886 1000.0 0.0 0.0 950.0 0.0 0.0 900.0 0.0 0.0 850.0 0.0 0.0 800.0 0.0 0.0 750.0 0.0 0.0 700.0 0.0 0.0 650.0 0.0 0.0 600.0 0.0 0.0 550.0 0.0 0.0 500.0 0.0 0.0 450.0 0.0 0.0 399.9999999999999 0.0 0.0 350.0 0.0 0.0 299.9999999999999 0.0 0.0 250.0 0.0 0.0 200.0 0.0 0.0 149.9999999999999 0.0 0.0 100.0 0.0 0.0 49.999999999999886 0.0 50.0 0.0 5.0 100.0 0.0 5.0 150.00000000000003 0.0 5.0 200.0 0.0 5.0 250.0 0.0 5.0 300.00000000000006 0.0 5.0 350.00000000000006 0.0 5.0 400.0 0.0 5.0 450.0 0.0 5.0 500.0 0.0 5.0 550.0 0.0 5.0 600.0000000000001 0.0 5.0 650.0 0.0 5.0 700.0000000000001 0.0 5.0 750.0 0.0 5.0 800.0 0.0 5.0 850.0000000000001 0.0 5.0 900.0 0.0 5.0 950.0000000000001 0.0 5.0 1000.0 50.0 5.0 1000.0 100.0 5.0 1000.0 150.00000000000003 5.0 1000.0 200.0 5.0 1000.0 250.0 5.0 1000.0 300.00000000000006 5.0 1000.0 350.00000000000006 5.0 1000.0 400.0 5.0 1000.0 450.0 5.0 1000.0 500.0 5.0 1000.0 550.0 5.0 1000.0 600.0000000000001 5.0 1000.0 650.0 5.0 1000.0 700.0000000000001 5.0 1000.0 750.0 5.0 1000.0 800.0 5.0 1000.0 850.0000000000001 5.0 1000.0 900.0 5.0 1000.0 950.0000000000001 5.0 950.0 1000.0 5.0 900.0 1000.0 5.0 850.0 1000.0 5.0 800.0 1000.0 5.0 750.0 1000.0 5.0 700.0 1000.0 5.0 650.0 1000.0 5.0 600.0 1000.0 5.0 550.0 1000.0 5.0 500.0 1000.0 5.0 450.0 1000.0 5.0 399.9999999999999 1000.0 5.0 350.0 1000.0 5.0 299.9999999999999 1000.0 5.0 250.0 1000.0 5.0 200.0 1000.0 5.0 149.9999999999999 1000.0 5.0 100.0 1000.0 5.0 49.999999999999886 1000.0 5.0 0.0 950.0 5.0 0.0 900.0 5.0 0.0 850.0 5.0 0.0 800.0 5.0 0.0 750.0 5.0 0.0 700.0 5.0 0.0 650.0 5.0 0.0 600.0 5.0 0.0 550.0 5.0 0.0 500.0 5.0 0.0 450.0 5.0 0.0 399.9999999999999 5.0 0.0 350.0 5.0 0.0 299.9999999999999 5.0 0.0 250.0 5.0 0.0 200.0 5.0 0.0 149.9999999999999 5.0 0.0 100.0 5.0 0.0 49.999999999999886 5.0 49.99999999999994 49.99999999999994 0.0 50.0 99.99999999999994 0.0 49.99999999999994 149.9999999999999 0.0 49.99999999999994 200.0 0.0 50.0 249.99999999999997 0.0 50.0 299.99999999999994 0.0 50.0 350.0 0.0 50.0 399.99999999999994 0.0 50.00000000000006 450.0 0.0 50.0 500.0 0.0 50.0 550.0 0.0 50.0 600.0 0.0 49.999999999999886 650.0 0.0 50.0 700.0 0.0 50.0 750.0 0.0 50.0 800.0 0.0 50.00000000000006 850.0 0.0 50.0 900.0 0.0 50.0 950.0 0.0 100.0 49.99999999999994 0.0 99.99999999999994 99.99999999999994 0.0 99.99999999999994 149.9999999999999 0.0 99.99999999999994 199.99999999999994 0.0 100.00000000000006 250.0 0.0 100.00000000000006 300.0 0.0 100.00000000000006 350.0 0.0 99.99999999999994 399.99999999999994 0.0 99.99999999999994 450.0 0.0 100.0 500.0 0.0 100.0 550.0 0.0 100.0 600.0 0.0 99.99999999999994 650.0 0.0 99.99999999999994 700.0 0.0 99.99999999999994 750.0 0.0 100.0 800.0 0.0 99.99999999999994 850.0 0.0 100.0 900.0 0.0 100.0 950.0 0.0 150.0 49.99999999999994 0.0 150.0 99.99999999999994 0.0 150.0 150.0 0.0 150.0 200.0 0.0 150.0 250.0 0.0 150.0 300.0 0.0 150.0 350.0 0.0 150.00000000000006 400.0 0.0 150.0 450.0 0.0 150.0 500.0 0.0 150.0 550.0 0.0 150.0 600.0 0.0 150.00000000000006 650.0 0.0 150.0 700.0 0.0 150.0 750.0 0.0 150.0 800.0 0.0 150.0 850.0 0.0 150.0 900.0 0.0 150.0 950.0 0.0 200.0 50.00000000000006 0.0 200.0 100.0 0.0 200.0 150.0 0.0 200.0 200.0 0.0 200.0 249.99999999999994 0.0 200.0 300.0 0.0 200.0 350.0 0.0 200.00000000000006 400.0 0.0 200.0 450.0 0.0 200.0 500.0 0.0 199.99999999999994 550.0 0.0 200.0 600.0 0.0 200.0 650.0 0.0 200.0 700.0 0.0 200.00000000000006 750.0 0.0 200.0 800.0 0.0 200.0 850.0 0.0 200.0 900.0 0.0 200.0 950.0 0.0 250.0 49.99999999999994 0.0 250.0 99.99999999999994 0.0 250.0 150.0 0.0 250.0 200.00000000000006 0.0 250.0 249.99999999999991 0.0 250.0 299.99999999999994 0.0 250.0 350.0 0.0 250.0 400.0 0.0 250.0 450.0 0.0 249.99999999999994 500.0 0.0 249.99999999999994 550.0 0.0 250.0 600.0 0.0 250.0 650.0 0.0 249.99999999999994 700.0 0.0 249.99999999999991 750.0 0.0 250.0 800.0 0.0 250.0 850.0 0.0 250.0 900.0 0.0 250.0 950.0 0.0 300.0 49.99999999999994 0.0 300.0 99.99999999999994 0.0 300.0 150.0 0.0 300.0 200.00000000000006 0.0 300.0 249.99999999999991 0.0 300.0 300.0 0.0 300.0 350.0 0.0 300.0 400.0 0.0 300.0 450.0 0.0 300.0 500.0 0.0 299.99999999999994 550.0 0.0 299.99999999999994 600.0 0.0 300.0 650.0 0.0 299.99999999999994 700.0 0.0 300.0 750.0 0.0 300.0 800.0 0.0 300.0 850.0 0.0 300.0 900.0 0.0 299.99999999999994 950.0 0.0 350.0 49.99999999999994 0.0 350.0 100.0 0.0 350.0 150.00000000000006 0.0 350.0 200.00000000000006 0.0 350.0 250.0 0.0 350.0 300.0 0.0 350.0 350.0 0.0 350.0 400.0 0.0 350.0 450.0 0.0 350.0 500.0 0.0 350.0 550.0 0.0 350.0 600.0 0.0 349.99999999999994 650.0 0.0 350.0 700.0 0.0 350.0 750.0 0.0 350.0 800.0 0.0 350.0 850.0 0.0 350.0 900.0 0.0 350.0 950.0 0.0 400.0 50.00000000000006 0.0 400.0 99.99999999999994 0.0 400.0 150.00000000000006 0.0 400.0 200.00000000000006 0.0 400.0 250.0 0.0 400.0 300.0 0.0 400.0 350.0 0.0 400.0 400.0 0.0 400.0 450.0 0.0 400.0 500.0 0.0 400.0 550.0 0.0 400.0 600.0 0.0 400.0 650.0 0.0 400.0 700.0 0.0 400.0 750.0 0.0 400.0 800.0 0.0 399.99999999999994 850.0 0.0 400.0 900.0 0.0 399.99999999999994 950.0 0.0 450.0 50.0 0.0 450.0 99.99999999999994 0.0 450.0 150.0 0.0 450.0 200.0 0.0 450.0 250.0 0.0 450.0 300.0 0.0 450.0 350.0 0.0 450.0 400.0 0.0 450.0 450.0 0.0 450.0 500.0 0.0 450.0 550.0 0.0 450.0 600.0 0.0 450.0 650.0 0.0 450.0 700.0 0.0 450.0 750.0 0.0 450.0 800.0 0.0 450.0 850.0 0.0 450.0 900.0 0.0 450.0 950.0 0.0 500.0 49.99999999999994 0.0 500.0 100.0 0.0 500.0 149.99999999999994 0.0 500.0 199.99999999999994 0.0 500.0 250.0 0.0 500.0 300.0 0.0 500.0 350.0 0.0 500.0 400.0 0.0 500.0 450.0 0.0 500.0 500.0 0.0 500.0 550.0 0.0 500.0 600.0 0.0 500.0 650.0 0.0 500.0 700.0 0.0 500.0 750.0 0.0 500.0 800.0 0.0 500.0 850.0 0.0 500.0 900.0 0.0 500.0 950.0 0.0 550.0 49.99999999999994 0.0 550.0 100.00000000000006 0.0 550.0 150.0 0.0 550.0 200.0 0.0 550.0 250.0 0.0 550.0 300.0 0.0 550.0 350.0 0.0 550.0 400.0 0.0 550.0 450.0 0.0 550.0 500.0 0.0 550.0 550.0 0.0 550.0 600.0 0.0 550.0 650.0 0.0 550.0 700.0 0.0 550.0 750.0 0.0 550.0 800.0 0.0 550.0 850.0 0.0 550.0 900.0 0.0 550.0 950.0 0.0 600.0 50.0 0.0 600.0 100.00000000000006 0.0 600.0 149.99999999999994 0.0 600.0 200.0 0.0 600.0 250.0 0.0 600.0 300.0 0.0 600.0 350.0 0.0 600.0 400.0 0.0 600.0 450.0 0.0 600.0 500.0 0.0 600.0 550.0 0.0 600.0 600.0 0.0 600.0 650.0 0.0 600.0 700.0 0.0 600.0 750.0 0.0 600.0 800.0 0.0 600.0 850.0 0.0 600.0 900.0 0.0 600.0 950.0 0.0 650.0 50.0 0.0 650.0 100.0 0.0 650.0 149.99999999999994 0.0 650.0000000000001 199.99999999999994 0.0 650.0000000000001 249.99999999999994 0.0 650.0000000000001 300.0 0.0 650.0000000000001 350.0 0.0 650.0 400.0 0.0 650.0 450.0 0.0 650.0 500.0 0.0 650.0 550.0 0.0 650.0 600.0 0.0 650.0 650.0 0.0 650.0 700.0 0.0 650.0 750.0 0.0 650.0 800.0 0.0 650.0 850.0 0.0 650.0 900.0 0.0 650.0 950.0 0.0 700.0 50.00000000000006 0.0 700.0 99.99999999999994 0.0 700.0 150.0 0.0 700.0000000000001 200.0 0.0 700.0000000000001 249.99999999999994 0.0 700.0 299.99999999999994 0.0 700.0 350.0 0.0 700.0 400.0 0.0 700.0 450.0 0.0 700.0 500.0 0.0 700.0 550.0 0.0 700.0 600.0 0.0 700.0 650.0 0.0 700.0 700.0 0.0 700.0 750.0 0.0 700.0 800.0 0.0 700.0 850.0 0.0 700.0 900.0 0.0 700.0 950.0000000000002 0.0 750.0 49.99999999999994 0.0 750.0 99.99999999999994 0.0 750.0 150.0 0.0 750.0 200.00000000000006 0.0 750.0 249.99999999999997 0.0 750.0 300.0 0.0 750.0 350.0 0.0 750.0 400.0 0.0 750.0 450.0 0.0 750.0 500.0 0.0 750.0 550.0 0.0 750.0 600.0 0.0 750.0 650.0 0.0 750.0 700.0 0.0 750.0 750.0 0.0 750.0 800.0 0.0 750.0 850.0000000000001 0.0 750.0 900.0000000000001 0.0 750.0 950.0000000000001 0.0 800.0 50.0 0.0 800.0 100.0 0.0 800.0 150.0 0.0 800.0 200.0 0.0 800.0 250.0 0.0 800.0 300.0 0.0 800.0 350.0 0.0 800.0 400.0 0.0 800.0 450.0 0.0 800.0 500.0 0.0 800.0 550.0 0.0 800.0 600.0 0.0 800.0 650.0 0.0 800.0 700.0 0.0 800.0 750.0 0.0 800.0 800.0 0.0 800.0 850.0 0.0 800.0 900.0000000000001 0.0 800.0 950.0000000000001 0.0 850.0000000000001 49.99999999999994 0.0 850.0 100.0 0.0 850.0 150.0 0.0 850.0 200.0 0.0 850.0 250.0 0.0 850.0 300.0 0.0 850.0 350.0 0.0 850.0 400.0 0.0 850.0 450.0 0.0 850.0 500.0 0.0 850.0 550.0 0.0 850.0 600.0 0.0 850.0 650.0 0.0 850.0 700.0 0.0 850.0 750.0 0.0 850.0 800.0 0.0 850.0 850.0 0.0 850.0 900.0 0.0 850.0 950.0 0.0 900.0 49.99999999999994 0.0 900.0 99.99999999999994 0.0 900.0 149.99999999999994 0.0 900.0 200.0 0.0 900.0 250.0 0.0 900.0 300.0 0.0 900.0 350.0 0.0 900.0 400.0 0.0 900.0 450.0 0.0 900.0 500.0 0.0 900.0 550.0 0.0 900.0 600.0 0.0 900.0 650.0 0.0 900.0 700.0 0.0 900.0 750.0 0.0 900.0 800.0 0.0 900.0 850.0 0.0 900.0 900.0 0.0 900.0 950.0 0.0 950.0 49.99999999999994 0.0 950.0 100.0 0.0 950.0 150.0 0.0 950.0 200.0 0.0 950.0 250.0 0.0 950.0 300.0 0.0 950.0 350.0 0.0 950.0 400.0 0.0 950.0 450.0 0.0 950.0 500.0 0.0 950.0 550.0 0.0 950.0 600.0 0.0 950.0 650.0 0.0 950.0 700.0 0.0 950.0 750.0 0.0 950.0 800.0 0.0 950.0 850.0 0.0 950.0 900.0 0.0 950.0 950.0 0.0</DataArray>
      </Points>
      <Cells>
        <DataArray type="Int64" Name="connectivity" NumberOfComponents="1" format="ascii">0 12 164 87 87 164 165 86 86 165 166 85 85 166 167 84 84 167 168 83 83 168 169 82 82 169 170 81 81 170 171 80 80 171 172 79 79 172 173 78 78 173 174 77 77 174 175 76 76 175 176 75 75 176 177 74 74 177 178 73 73 178 179 72 72 179 180 71 71 180 181 70 70 181 182 69 69 182 68 3 12 13 183 164 164 183 184 165 165 184 185 166 166 185 186 167 167 186 187 168 168 187 188 169 169 188 189 170 170 189 190 171 171 190 191 172 172 191 192 173 173 192 193 174 174 193 194 175 175 194 195 176 176 195 196 177 177 196 197 178 178 197 198 179 179 198 199 180 180 199 200 181 181 200 201 182 182 201 67 68 13 14 202 183 183 202 203 184 184 203 204 185 185 204 205 186 186 205 206 187 187 206 207 188 188 207 208 189 189 208 209 190 190 209 210 191 191 210 211 192 192 211 212 193 193 212 213 194 194 213 214 195 195 214 215 196 196 215 216 197 197 216 217 198 198 217 218 199 199 218 219 200 200 219 220 201 201 220 66 67 14 15 221 202 202 221 222 203 203 222 223 204 204 223 224 205 205 224 225 206 206 225 226 207 207 226 227 208 208 227 228 209 209 228 229 210 210 229 230 211 211 230 231 212 212 231 232 213 213 232 233 214 214 233 234 215 215 234 235 216 216 235 236 217 217 236 237 218 218 237 238 219 219 238 239 220 220 239 65 66 15 16 240 221 221 240 241 222 222 241 242 223 223 242 243 224 224 243 244 225 225 244 245 226 226 245 246 227 227 246 247 228 228 247 248 229 229 248 249 230 230 249 250 231 231 250 251 232 232 251 252 233 233 252 253 234 234 253 254 235 235 254 255 236 236 255 256 237 237 256 257 238 238 257 258 239 239 258 64 65 16 17 259 240 240 259 260 241 241 260 261 242 242 261 262 243 243 262 263 244 244 263 264 245 245 264 265 246 246 265 266 247 247 266 267 248 248 267 268 249 249 268 269 250 250 269 270 251 251 270 271 252 252 271 272 253 253 272 273 254 254 273 274 255 255 274 275 256 256 275 276 257 257 276 277 258 258 277 63 64 17 18 278 259 259 278 279 260 260 279 280 261 261 280 281 262 262 281 282 263 263 282 283 264 264 283 284 265 265 284 285 266 266 285 286 267 267 286 287 268 268 287 288 269 269 288 289 270 270 289 290 271 271 290 291 272 272 291 292 273 273 292 293 274 274 293 294 275 275 294 295 276 276 295 296 277 277 296 62 63 18 19 297 278 278 297 298 279 279 298 299 280 280 299 300 281 281 300 301 282 282 301 302 283 283 302 303 284 284 303 304 285 285 304 305 286 286 305 306 287 287 306 307 288 288 307 308 289 289 308 309 290 290 309 310 291 291 310 311 292 292 311 312 293 293 312 313 294 294 313 314 295 295 314 315 296 296 315 61 62 19 20 316 297 297 316 317 298 298 317 318 299 299 318 319 300 300 319 320 301 301 320 321 302 302 321 322 303 303 322 323 304 304 323 324 305 305 324 325 306 306 325 326 307 307 326 327 308 308 327 328 309 309 328 329 310 310 329 330 311 311 330 331 312 312 331 332 313 313 332 333 314 314 333 334 315 315 334 60 61 20 21 335 316 316 335 336 317 317 336 337 318 318 337 338 319 319 338 339 320 320 339 340 321 321 340 341 322 322 341 342 323 323 342 343 324 324 343 344 325 325 344 345 326 326 345 346 327 327 346 347 328 328 347 348 329 329 348 349 330 330 349 350 331 331 350 351 332 332 351 352 333 333 352 353 334 334 353 59 60 21 22 354 335 335 354 355 336 336 355 356 337 337 356 357 338 338 357 358 339 339 358 359 340 340 359 360 341 341 360 361 342 342 361 362 343 343 362 363 344 344 363 364 345 345 364 365 346 346 365 366 347 347 366 367 348 348 367 368 349 349 368 369 350 350 369 370 351 351 370 371 352 352 371 372 353 353 372 58 59 22 23 373 354 354 373 374 355 355 374 375 356 356 375 376 357 357 376 377 358 358 377 378 359 359 378 379 360 360 379 380 361 361 380 381 362 362 381 382 363 363 382 383 364 364 383 384 365 365 384 385 366 366 385 386 367 367 386 387 368 368 387 388 369 369 388 389 370 370 389 390 371 371 390 391 372 372 391 57 58 23 24 392 373 373 392 393 374 374 393 394 375 375 394 395 376 376 395 396 377 377 396 397 378 378 397 398 379 379 398 399 380 380 399 400 381 381 400 401 382 382 401 402 383 383 402 403 384 384 403 404 385 385 404 405 386 386 405 406 387 387 406 407 388 388 407 408 389 389 408 409 390 390 409 410 391 391 410 56 57 24 25 411 392 392 411 412 393 393 412 413 394 394 413 414 395 395 414 415 396 396 415 416 397 397 416 417 398 398 417 418 399 399 418 419 400 400 419 420 401 401 420 421 402 402 421 422 403 403 422 423 404 404 423 424 405 405 424 425 406 406 425 426 407 407 426 427 408 408 427 428 409 409 428 429 410 410 429 55 56 25 26 430 411 411 430 431 412 412 431 432 413 413 432 433 414 414 433 434 415 415 434 435 416 416 435 436 417 417 436 437 418 418 437 438 419 419 438 439 420 420 439 440 421 421 440 441 422 422 441 442 423 423 442 443 424 424 443 444 425 425 444 445 426 426 445 446 427 427 446 447 428 428 447 448 429 429 448 54 55 26 27 449 430 430 449 450 431 431 450 451 432 432 451 452 433 433 452 453 434 434 453 454 435 435 454 455 436 436 455 456 437 437 456 457 438 438 457 458 439 439 458 459 440 440 459 460 441 441 460 461 442 442 461 462 443 443 462 463 444 444 463 464 445 445 464 465 446 446 465 466 447 447 466 467 448 448 467 53 54 27 28 468 449 449 468 469 450 450 469 470 451 451 470 471 452 452 471 472 453 453 472 473 454 454 473 474 455 455 474 475 456 456 475 476 457 457 476 477 458 458 477 478 459 459 478 479 460 460 479 480 461 461 480 481 462 462 481 482 463 463 482 483 464 464 483 484 465 465 484 485 466 466 485 486 467 467 486 52 53 28 29 487 468 468 487 488 469 469 488 489 470 470 489 490 471 471 490 491 472 472 491 492 473 473 492 493 474 474 493 494 475 475 494 495 476 476 495 496 477 477 496 497 478 478 497 498 479 479 498 499 480 480 499 500 481 481 500 501 482 482 501 502 483 483 502 503 484 484 503 504 485 485 504 505 486 486 505 51 52 29 30 506 487 487 506 507 488 488 507 508 489 489 508 509 490 490 509 510 491 491 510 511 492 492 511 512 493 493 512 513 494 494 513 514 495 495 514 515 496 496 515 516 497 497 516 517 498 498 517 518 499 499 518 519 500 500 519 520 501 501 520 521 502 502 521 522 503 503 522 523 504 504 523 524 505 505 524 50 51 30 1 31 506 506 31 32 507 507 32 33 508 508 33 34 509 509 34 35 510 510 35 36 511 511 36 37 512 512 37 38 513 513 38 39 514 514 39 40 515 515 40 41 516 516 41 42 517 517 42 43 518 518 43 44 519 519 44 45 520 520 45 46 521 521 46 47 522 522 47 48 523 523 48 49 524 524 49 2 50 0 4 88 12 12 88 89 13 13 89 90 14 14 90 91 15 15 91 92 16 16 92 93 17 17 93 94 18 18 94 95 19 19 95 96 20 20 96 97 21 21 97 98 22 22 98 99 23 23 99 100 24 24 100 101 25 25 101 102 26 26 102 103 27 27 103 104 28 28 104 105 29 29 105 106 30 30 106 5 1 1 6 107 31 31 107 108 32 32 108 109 33 33 109 110 34 34 110 111 35 35 111 112 36 36 112 113 37 37 113 114 38 38 114 115 39 39 115 116 40 40 116 117 41 41 117 118 42 42 118 119 43 43 119 120 44 44 120 121 45 45 121 122 46 46 122 123 47 47 123 124 48 48 124 125 49 49 125 7 2 2 8 126 50 50 126 127 51 51 127 128 52 52 128 129 53 53 129 130 54 54 130 131 55 55 131 132 56 56 132 133 57 57 133 134 58 58 134 135 59 59 135 136 60 60 136 137 61 61 137 138 62 62 138 139 63 63 139 140 64 64 140 141 65 65 141 142 66 66 142 143 67 67 143 144 68 68 144 9 3 3 10 145 69 69 145 146 70 70 146 147 71 71 147 148 72 72 148 149 73 73 149 150 74 74 150 151 75 75 151 152 76 76 152 153 77 77 153 154 78 78 154 155 79 79 155 156 80 80 156 157 81 81 157 158 82 82 158 159 83 83 159 160 84 84 160 161 85 85 161 162 86 86 162 163 87 87 163 11 0</DataArray>
        <DataArray type="Int64" Name="offsets" NumberOfComponents="1" format="ascii">0 4 8 12 16 20 24 28 32 36 40 44 48 52 56 60 64 68 72 76 80 84 88 92 96 100 104 108 112 116 120 124 128 132 136 140 144 148 152 156 160 164 168 172 176 180 184 188 192 196 200 204 208 212 216 220 224 228 232 236 240 244 248 252 256 260 264 268 272 276 280 284 288 292 296 300 304 308 312 316 320 324 328 332 336 340 344 348 352 356 360 364 368 372 376 380 384 388 392 396 400 404 408 412 416 420 424 428 432 436 440 444 448 452 456 460 464 468 472 476 480 484 488 492 496 500 504 508 512 516 520 524 528 532 536 540 544 548 552 556 560 564 568 572 576 580 584 588 592 596 600 604 608 612 616 620 624 628 632 636 640 644 648 652 656 660 664 668 672 676 680 684 688 692 696 700 704 708 712 716 720 724 728 732 736 740 744 748 752 756 760 764 768 772 776 780 784 788 792 796 800 804 808 812 816 820 824 828 832 836 840 844 848 852 856 860 864 868 872 876 880 884 888 892 896 900 904 908 912 916 920 924 928 932 936 940 944 948 952 956 960 964 968 972 976 980 984 988 992 996 1000 1004 1008 1012 1016 1020 1024 1028 1032 1036 1040 1044 1048 1052 1056 1060 1064 1068 1072 1076 1080 1084 1088 1092 1096 1100 1104 1108 1112 1116 1120 1124 1128 1132 1136 1140 1144 1148 1152 1156 1160 1164 1168 1172 1176 1180 1184 1188 1192 1196 1200 1204 1208 1212 1216 1220 1224 1228 1232 1236 1240 1244 1248 1252 1256 1260 1264 1268 1272 1276 1280 1284 1288 1292 1296 1300 1304 1308 1312 1316 1320 1324 1328 1332 1336 1340 1344 1348 1352 1356 1360 1364 1368 1372 1376 1380 1384 1388 1392 1396 1400 1404 1408 1412 1416 1420 1424 1428 1432 1436 1440 1444 1448 1452 1456 1460 1464 1468 1472 1476 1480 1484 1488 1492 1496 1500 1504 1508 1512 1516 1520 1524 1528 1532 1536 1540 1544 1548 1552 1556 1560 1564 1568 1572 1576 1580 1584 1588 1592 1596 1600 1604 1608 1612 1616 1620 1624 1628 1632 1636 1640 1644 1648 1652 1656 1660 1664 1668 1672 1676 1680 1684 1688 1692 1696 1700 1704 1708 1712 1716 1720 1724 1728 1732 1736 1740 1744 1748 1752 1756 1760 1764 1768 1772 1776 1780 1784 1788 1792 1796 1800 1804 1808 1812 1816 1820 1824 1828 1832 1836 1840 1844 1848 1852 1856 1860 1864 1868 1872 1876 1880 1884 1888 1892 1896 1900 1904 1908 1912 1916 1920</DataArray>
        <DataArray type="UInt8" Name="types" NumberOfComponents="1" format="ascii">9 9 9 9 9 9 9 9 9 9 9 9 9 9 9 9 9 9 9 9 9 9 9 9 9 9 9 9 9 9 9 9 9 9 9 9 9 9 9 9 9 9 9 9 9 9 9 9 9 9 9 9 9 9 9 9 9 9 9 9 9 9 9 9 9 9 9 9 9 9 9 9 9 9 9 9 9 9 9 9 9 9 9 9 9 9 9 9 9 9 9 9 9 9 9 9 9 9 9 9 9 9 9 9 9 9 9 9 9 9 9 9 9 9 9 9 9 9 9 9 9 9 9 9 9 9 9 9 9 9 9 9 9 9 9 9 9 9 9 9 9 9 9 9 9 9 9 9 9 9 9 9 9 9 9 9 9 9 9 9 9 9 9 9 9 9 9 9 9 9 9 9 9 9 9 9 9 9 9 9 9 9 9 9 9 9 9 9 9 9 9 9 9 9 9 9 9 9 9 9 9 9 9 9 9 9 9 9 9 9 9 9 9 9 9 9 9 9 9 9 9 9 9 9 9 9 9 9 9 9 9 9 9 9 9 9 9 9 9 9 9 9 9 9 9 9 9 9 9 9 9 9 9 9 9 9 9 9 9 9 9 9 9 9 9 9 9 9 9 9 9 9 9 9 9 9 9 9 9 9 9 9 9 9 9 9 9 9 9 9 9 9 9 9 9 9 9 9 9 9 9 9 9 9 9 9 9 9 9 9 9 9 9 9 9 9 9 9 9 9 9 9 9 9 9 9 9 9 9 9 9 9 9 9 9 9 9 9 9 9 9 9 9 9 9 9 9 9 9 9 9 9 9 9 9 9 9 9 9 9 9 9 9 9 9 9 9 9 9 9 9 9 9 9 9 9 9 9 9 9 9 9 9 9 9 9 9 9 9 9 9 9 9 9 9 9 9 9 9 9 9 9 9 9 9 9 9 9 9 9 9 9 9 9 9 9 9 9 9 9 9 9 9 9 9 9 9 9 9 9 9 9 9 9 9 9 9 9 9 9 9 9 9 9 9 9 9 9 9 9 9 9 9 9 9 9 9 9 9 9 9 9 9 9 9 9 9 9 9 9 9 9 9 9 9 9 9 9 9 9</DataArray>
      </Cells>
      <PointData>
        <DataArray type="Float64" Name="Displacement" NumberOfComponents="6" format="ascii">0.0 0.0 0.0 0.0 0.0 0.0 0.0 0.0 0.0 0.0 0.0 0.0 0.0 0.0 0.0 0.0 0.0 0.0 0.0 0.0 0.0 0.0 0.0 0.0 0.0 0.0 0.0 0.0 0.0 0.0 0.0 0.0 0.0 0.0 0.0 0.0 0.0 0.0 0.0 0.0 0.0 0.0 0.0 0.0 0.0 0.0 0.0 0.0 0.0 0.0 0.0 0.0 0.0 0.0 0.0 0.0 0.0 0.0 0.0 0.0 0.0 0.0 0.0 0.0 0.0 0.0 0.0 0.0 0.0 0.0 0.0 0.0 -4.1080341656019e-06 -2.5415978336952778e-05 8.49538191831734e-08 -8.74491793899063e-06 5.800995866979868e-08 -8.858603204654275e-07 -4.842008385429217e-06 -6.889155596948084e-05 4.3389993501434586e-08 -2.5886058207674025e-05 1.340635772211017e-07 -8.64619692261392e-07 -5.19280572168818e-06 -0.00013278450636739904 -6.555714861650543e-08 -5.1667352737024125e-05 1.700683101708091e-07 -1.5440622751520672e-06 -5.0330213087483025e-06 -0.00021126268264613977 -1.707875257919036e-07 -8.346108566407099e-05 2.1323265423592991e-07 -1.5276125914704894e-06 -4.554612399163077e-06 -0.00030110040647683104 -3.005027584266943e-07 -0.00012014645573821428 2.4419803214321155e-07 -1.907182930621421e-06 -3.840177454571526e-06 -0.0003995923074764691 -4.4820018075087747e-07 -0.00016070814206290768 2.7564907158124293e-07 -1.9213299614080775e-06 -2.871541138061261e-06 -0.0005026027355728367 -6.181404843573057e-07 -0.0002035111869164825 2.90207769961346e-07 -2.033325973563926e-06 -1.592000159853723e-06 -0.0006042263128828115 -7.964628584230075e-07 -0.00024609425924507184 2.8617041290857327e-07 -1.9098951677902e-06 5.615494620795624e-08 -0.0006964953617562895 -9.736082100780344e-07 -0.00028510186809597564 2.566570483711816e-07 -1.632763433015051e-06 2.0992497859250297e-06 -0.000770340612785327 -1.1253231157987838e-06 -0.0003166544704265587 1.9490628864935364e-07 -1.239320296227924e-06 4.511946725149639e-06 -0.0008164322651539755 -1.237096505652659e-06 -0.00033676559165505025 1.1031698725006594e-07 -5.158150404052849e-07 7.205409983805706e-06 -0.0008267682089218571 -1.2829095762880317e-06 -0.0003419520473128108 -5.100402945819228e-09 8.636386700148554e-08 1.0021632957341577e-05 -0.0007958154919818051 -1.2553941942419302e-06 -0.00032981105587743376 -1.2384505727261997e-07 1.1468843596326607e-06 1.2732821209152228e-05 -0.0007220950482067411 -1.1355785534486835e-06 -0.00029956505302102394 -2.561900541910561e-07 1.6481390311835238e-06 1.503486544122175e-05 -0.0006089999000765767 -9.358993583435461e-07 -0.0002525855746830016 -3.575268221274385e-07 2.784590830172818e-06 1.6547061352006415e-05 -0.0004661109242190175 -6.429547003941797e-07 -0.00019267369288495032 -4.4402486714488266e-07 2.6408793218592936e-06 1.6758190773827048e-05 -0.00030992418767905095 -3.189211455482117e-07 -0.0001268436846342014 -4.5131911521332796e-07 3.507730175553176e-06 1.5144489677030767e-05 -0.00016441672057928119 9.354394602052873e-08 -6.485542020513294e-05 -4.054264583849873e-07 1.9447537637706654e-06 1.2693157050535063e-05 -6.318915651648243e-05 2.473039686292876e-07 -2.2469362194170243e-05 -1.903967289362933e-07 2.1733034423022095e-06 5.890130222525631e-05 -1.2486358784851535e-05 2.4004889981765394e-07 -1.8966396200820734e-07 -2.1136739639693028e-05 -2.018142307202704e-06 0.000151448797748966 -1.4936719989959798e-05 8.341336591016873e-08 -3.969505156713452e-07 -6.058582466941317e-05 -1.7587151215136667e-06 0.00028356064523385135 -1.6636648882943347e-05 -3.3843797525721444e-07 -4.2821507407483317e-07 -0.00011781102389592539 -3.182308063180789e-06 0.00041887468387279733 -1.6488973553088344e-05 -6.5695634591231e-07 -3.911650498646141e-07 -0.00017568578821305244 -2.1562718582144473e-06 0.0005308290145241123 -1.4994195611449731e-05 -9.222220896892631e-07 -2.673854733436579e-07 -0.00022327193902394187 -2.0790806833170856e-06 0.0006014681983322852 -1.2709574500369558e-05 -1.064133694386529e-06 -1.2553875935495397e-07 -0.0002528460532908885 -7.104994411994986e-07 0.0006220465634489818 -1.0102393573261256e-05 -1.0959250712042052e-06 4.231141002918628e-08 -0.0002609346076754369 -3.74597772682538e-08 0.0005923809998886969 -7.573604678911909e-06 -1.0118166020953182e-06 1.8169119060092727e-07 -0.0002475123060520822 1.1500190572814777e-06 0.0005194691792215286 -5.4335405673922966e-06 -8.407731583530325e-07 3.0037331394011746e-07 -0.00021571113639697276 1.6884183604131625e-06 0.0004158804722419716 -3.888466697619368e-06 -6.075233488237396e-07 3.6102736208513174e-07 -0.0001709508865465057 2.295608522540971e-06 0.00029730854936458207 -3.028011430688934e-06 -3.527104850258591e-07 3.7937729311635297e-07 -0.00012001377352155511 2.2914204834250886e-06 0.00018016385575722282 -2.824184715373611e-06 -1.1076524774021235e-07 3.389383127722897e-07 -6.995372340537698e-05 2.2277308336745535e-06 7.892489862775407e-05 -3.141811147106595e-06 8.446796516885905e-08 2.658443284142521e-07 -2.6987776927061454e-05 1.67942669235936e-06 4.0923283297627035e-06 -3.7623810169310556e-06 2.091058833230571e-07 1.6158294125017772e-07 4.360343782454537e-06 1.2165344263718922e-06 -3.949707772615421e-05 -4.418508493368859e-06 2.547309985503549e-07 5.746513480444631e-08 2.2046701438003135e-05 4.5384703051920306e-07 -5.318390912957841e-05 -4.8386271751812605e-06 2.176448313682839e-07 -3.633425963408157e-08 2.661009338561889e-05 9.415393617697246e-08 -4.45574073298592e-05 -4.7860588489534605e-06 1.3087133280385994e-07 -9.274931825945254e-08 2.1439038192779173e-05 -4.550186081706262e-07 -2.5493662295074548e-05 -4.14669527276369e-06 -9.487429148106479e-09 -1.0569835129324696e-07 1.1597613132909955e-05 -2.4203076109398594e-07 -1.106642929459378e-05 -3.4159719700158897e-06 -6.067431744866541e-08 -5.555771234140564e-08 4.285220523310645e-06 -3.6660472862445186e-07 -4.10803416555035e-06 -2.5415978336743825e-05 -8.495381917820541e-08 -8.744917938879306e-06 5.800995867026215e-08 8.858603204399288e-07 -4.842008385359046e-06 -6.889155596906801e-05 -4.33899935009444e-08 -2.5886058207552364e-05 1.340635772168339e-07 8.646196922985097e-07 -5.192805721633484e-06 -0.00013278450636645793 6.555714860641553e-08 -5.166735273648275e-05 1.70068310173417e-07 1.5440622750704615e-06 -5.033021308711314e-06 -0.00021126268264484157 1.7078752579766038e-07 -8.346108566359878e-05 2.1323265423065772e-07 1.5276125915677181e-06 -4.55461239913337e-06 -0.00030110040647633046 3.005027584130953e-07 -0.00012014645573783824 2.4419803215198644e-07 1.9071829305192008e-06 -3.840177454570162e-06 -0.000399592307476293 4.4820018076043147e-07 -0.0001607081420628929 2.7564907157352413e-07 1.9213299615673248e-06 -2.8715411380665263e-06 -0.0005026027355738124 6.181404843266087e-07 -0.00020351118691654197 2.902077699799953e-07 2.033325973409546e-06 -1.5920001598994768e-06 -0.0006042263128835191 7.964628583981983e-07 -0.00024609425924509504 2.8617041289767407e-07 1.9098951679992287e-06 5.615494630167094e-08 -0.0006964953617605148 9.736082101332842e-07 -0.0002851018680982114 2.5665704838816927e-07 1.632763432902251e-06 2.0992497859885106e-06 -0.0007703406127862537 1.1253231157687164e-06 -0.0003166544704265706 1.9490628862240042e-07 1.2393202962381315e-06 4.511946725194422e-06 -0.000816432265155838 1.2370965056880282e-06 -0.0003367655916560839 1.103169872697114e-07 5.158150404269244e-07 7.205409983815935e-06 -0.0008267682089229017 1.2829095762971343e-06 -0.0003419520473132317 -5.100402963719418e-09 -8.636386706484712e-08 1.002163295738244e-05 -0.0007958154919830784 1.2553941942479242e-06 -0.00032981105587789666 -1.2384505725736885e-07 -1.1468843595304685e-06 1.2732821209242986e-05 -0.000722095048208323 1.135578553465962e-06 -0.0002995650530217362 -2.561900542068183e-07 -1.6481390313068283e-06 1.5034865441197443e-05 -0.0006089999000762038 9.358993583375344e-07 -0.000252585574682729 -3.575268221069904e-07 -2.7845908300836546e-06 1.654706135206551e-05 -0.00046611092422099666 6.429547004209885e-07 -0.00019267369288596361 -4.4402486715880147e-07 -2.6408793218909057e-06 1.675819077384311e-05 -0.00030992418767927923 3.189211455492899e-07 -0.0001268436846343239 -4.5131911520535675e-07 -3.507730175563665e-06 1.514448967703318e-05 -0.0001644167205796878 -9.354394602240252e-08 -6.48554202052627e-05 -4.054264583905317e-07 -1.9447537637548094e-06 1.2693157050557231e-05 -6.318915651697449e-05 -2.4730396862351725e-07 -2.2469362194417705e-05 -1.903967289338346e-07 -2.1733034423170063e-06 5.8901302225143434e-05 -1.248635878488609e-05 -2.4004889982151355e-07 -1.8966396200896316e-07 -2.1136739639628223e-05 2.018142307209089e-06 0.00015144879774897223 -1.4936719989978797e-05 -8.341336590683494e-08 -3.9695051566798747e-07 -6.058582466946044e-05 1.7587151215011135e-06 0.0002835606452338536 -1.6636648882996527e-05 3.384379752434422e-07 -4.2821507407876885e-07 -0.00011781102389584025 3.1823080631977023e-06 0.0004188746838751588 -1.6488973553163693e-05 6.569563459434789e-07 -3.9116504986638073e-07 -0.000175685788214214 2.156271858273489e-06 0.0005308290145264007 -1.4994195611477544e-05 9.222220896942745e-07 -2.6738547335060314e-07 -0.00022327193902487967 2.0790806832664033e-06 0.0006014681983348653 -1.270957450038984e-05 1.0641336943913048e-06 -1.2553875935627423e-07 -0.00025284605329191714 7.104994412668819e-07 0.0006220465634515438 -1.0102393573203686e-05 1.0959250712153496e-06 4.231141003808112e-08 -0.00026093460767653 3.7459777203987673e-08 0.000592380999891388 -7.573604678858242e-06 1.0118166021405974e-06 1.8169119060524732e-07 -0.00024751230605355974 -1.1500190572465435e-06 0.0005194691792206502 -5.433540567316024e-06 8.407731583510654e-07 3.0037331395572886e-07 -0.0002157111363964977 -1.688418360557391e-06 0.0004158804722408004 -3.888466697654954e-06 6.075233488260199e-07 3.6102736207059523e-07 -0.00017095088654601212 -2.2956085224423645e-06 0.0002973085493641278 -3.0280114307209375e-06 3.5271048503902837e-07 3.7937729311821904e-07 -0.00012001377352133693 -2.2914204834801496e-06 0.0001801638557559632 -2.824184715353525e-06 1.1076524774590609e-07 3.389383127683715e-07 -6.995372340488645e-05 -2.2277308336362206e-06 7.892489862932485e-05 -3.1418111471519514e-06 -8.446796514831078e-08 2.658443284226641e-07 -2.6987776927584815e-05 -1.6794266923306639e-06 4.092328326653944e-06 -3.762381016874159e-06 -2.091058832942964e-07 1.615829412448645e-07 4.360343783185253e-06 -1.21653442652654e-06 -3.949707772968198e-05 -4.418508493375601e-06 -2.547309985462731e-07 5.74651348122303e-08 2.20467014393634e-05 -4.538470304131922e-07 -5.3183909132252515e-05 -4.838627175243881e-06 -2.1764483138104657e-07 -3.633425964232321e-08 2.6610093386783245e-05 -9.415393621976473e-08 -4.455740733143905e-05 -4.786058849021662e-06 -1.308713328014211e-07 -9.274931825696996e-08 2.1439038193399296e-05 4.550186082340146e-07 -2.549366229617373e-05 -4.146695272813908e-06 9.48742914389863e-09 -1.0569835129831955e-07 1.1597613133375974e-05 2.4203076107045256e-07 -1.1066429294996106e-05 -3.4159719700649638e-06 6.067431745002077e-08 -5.555771234129353e-08 4.2852205234648806e-06 3.666047286564867e-07 0.0 0.0 0.0 0.0 0.0 0.0 0.0 0.0 0.0 0.0 0.0 0.0 0.0 0.0 0.0 0.0 0.0 0.0 0.0 0.0 0.0 0.0 0.0 0.0 0.0 0.0 0.0 0.0 0.0 0.0 0.0 0.0 0.0 0.0 0.0 0.0 0.0 0.0 0.0 0.0 0.0 0.0 0.0 0.0 0.0 0.0 0.0 0.0 0.0 0.0 0.0 0.0 0.0 0.0 0.0 0.0 0.0 0.0 0.0 0.0 0.0 0.0 0.0 0.0 0.0 0.0 0.0 0.0 0.0 0.0 0.0 0.0 0.0 0.0 0.0 0.0 0.0 0.0 0.0 0.0 0.0 0.0 0.0 0.0 0.0 0.0 0.0 0.0 0.0 0.0 0.0 0.0 0.0 0.0 0.0 0.0 0.0 0.0 0.0 0.0 0.0 0.0 0.0 0.0 0.0 0.0 0.0 0.0 0.0 0.0 0.0 0.0 0.0 0.0 0.0 0.0 0.0 0.0 0.0 0.0 0.0 0.0 0.0 0.0 0.0 0.0 0.0 0.0 0.0 0.0 0.0 0.0 0.0 0.0 0.0 0.0 0.0 0.0 0.0 0.0 0.0 0.0 0.0 0.0 0.0 0.0 0.0 0.0 0.0 0.0 0.0 0.0 0.0 0.0 0.0 0.0 0.0 0.0 0.0 0.0 0.0 0.0 0.0 0.0 0.0 0.0 0.0 0.0 0.0 0.0 0.0 0.0 0.0 0.0 0.0 0.0 0.0 0.0 0.0 0.0 0.0 0.0 0.0 0.0 0.0 0.0 0.0 0.0 0.0 0.0 0.0 0.0 0.0 0.0 0.0 0.0 0.0 0.0 0.0 0.0 0.0 0.0 0.0 0.0 0.0 0.0 0.0 0.0 0.0 0.0 0.0 0.0 0.0 0.0 0.0 0.0 0.0 0.0 0.0 0.0 0.0 0.0 0.0 0.0 0.0 0.0 0.0 0.0 0.0 0.0 0.0 0.0 0.0 0.0 0.0 0.0 0.0 0.0 0.0 0.0 0.0 0.0 0.0 0.0 0.0 0.0 0.0 0.0 0.0 0.0 0.0 0.0 0.0 0.0 0.0 0.0 0.0 0.0 0.0 0.0 0.0 0.0 0.0 0.0 0.0 0.0 0.0 0.0 0.0 0.0 0.0 0.0 0.0 0.0 0.0 0.0 0.0 0.0 0.0 0.0 0.0 0.0 0.0 0.0 0.0 0.0 0.0 0.0 0.0 0.0 0.0 0.0 0.0 0.0 0.0 0.0 0.0 0.0 0.0 0.0 0.0 0.0 0.0 0.0 0.0 0.0 0.0 0.0 0.0 0.0 0.0 0.0 0.0 0.0 0.0 0.0 0.0 0.0 0.0 0.0 0.0 0.0 0.0 0.0 0.0 0.0 0.0 0.0 0.0 0.0 0.0 0.0 0.0 0.0 0.0 0.0 0.0 0.0 0.0 0.0 0.0 0.0 0.0 0.0 0.0 0.0 0.0 0.0 0.0 0.0 0.0 0.0 0.0 0.0 0.0 0.0 0.0 0.0 0.0 0.0 0.0 0.0 0.0 0.0 0.0 0.0 0.0 0.0 0.0 0.0 0.0 0.0 0.0 0.0 0.0 0.0 0.0 0.0 0.0 0.0 0.0 0.0 0.0 0.0 0.0 0.0 0.0 0.0 0.0 0.0 0.0 0.0 0.0 0.0 0.0 0.0 0.0 0.0 0.0 0.0 0.0 0.0 0.0 0.0 0.0 0.0 0.0 0.0 0.0 0.0 0.0 0.0 0.0 0.0 0.0 0.0 0.0 0.0 0.0 0.0 0.0 0.0 0.0 0.0 0.0 0.0 0.0 0.0 0.0 0.0 0.0 0.0 0.0 0.0 0.0 0.0 0.0 0.0 0.0 0.0 0.0 0.0 0.0 0.0 0.0 0.0 0.0 0.0 0.0 0.0 0.0 0.0 0.0 0.0 0.0 0.0 -7.2189436120329714e-06 -3.210126837412513e-05 -0.0014975539695434284 -5.125698216610186e-05 5.5688605208059326e-05 6.688233802731587e-23 -1.3209104044492372e-05 -3.968397521651047e-05 -0.004937609859688488 -8.640326055973363e-05 0.00018590877090796977 -6.657295886863064e-23 -1.948737008165254e-05 -4.937697905349422e-05 -0.009002869800740268 -7.627860349582813e-05 0.00033849627205893054 6.874281515216386e-23 -1.783399855990486e-05 -6.258638791725467e-05 -0.011601365845506653 -2.7696551555684816e-05 0.000437147270570854 6.580743795530297e-23 1.0141102960983185e-06 -7.842301064858537e-05 -0.01107068029824215 4.895369961355848e-05 0.00042044112944539654 -1.0737259616416413e-22 4.2868943473538055e-05 -9.519097806438354e-05 -0.006401253645270784 0.00013794485660936258 0.00025142804763681197 -1.3685881760290634e-22 0.00010879925171402369 -0.00011086356482178977 0.002606794788435779 0.00022259260153768327 -7.735256761402329e-05 4.956567518376606e-23 0.00019477696256515575 -0.00012348334129707328 0.015329108979483886 0.00028659757254176566 -0.000542982103332972 1.2353676609091451e-23 0.00029221185335401225 -0.00013147427776144971 0.03040934535679862 0.00031696020549447525 -0.0010957682141659966 3.114698709837439e-23 0.00038922698791198616 -0.00013389882529637033 0.04596048623994646 0.0003054429050897544 -0.001666494908326323 -4.3214761591448085e-23 0.0004724541751983857 -0.00013061869079696332 0.059843701201716774 0.00025020431001224175 -0.002176717894057929 1.0477377416802251e-23 0.0005291448963451409 -0.00012234082644413703 0.06999141022596041 0.00015593773603529752 -0.0025505722275691992 7.873517504784975e-23 0.0005492911550880528 -0.00011054397841249374 0.07473364572502701 3.386464632452607e-05 -0.002726721045579151 1.5239181884053332e-22 0.0005275567952329021 -9.728242516514202e-05 0.07308595397767949 -9.980157075316896e-05 -0.002668953888725233 -2.7954248500880012e-24 0.00046475835207639653 -8.48942986859911e-05 0.06497689088584796 -0.0002247288397641682 -0.002374387020653 8.527450842861744e-23 0.0003688735837453307 -7.561311283134936e-05 0.05138999569363384 -0.00031903057122211517 -0.0018788918081316234 -2.088666818781873e-23 0.0002552248167881404 -7.099625992820119e-05 0.03446312941954775 -0.0003583841063009384 -0.0012601765317741425 -1.1295891596155124e-23 0.00014614532352293818 -7.094866846297403e-05 0.01748760099091437 -0.0003209689692748427 -0.0006389616462465379 7.655205384726321e-23 6.207606590931222e-05 -6.951126702292835e-05 0.005011649806030471 -0.00017828763834581702 -0.00017961187186881845 -8.008658100600138e-23 9.073930341694925e-07 -8.01047184127747e-05 -0.005569951909603934 -0.0001969381389959487 0.00010728135504787038 7.295257276299663e-24 4.947557667471667e-06 -9.340516941027704e-05 -0.01784087485136416 -0.0002938569321232871 0.0003301998788944544 -4.4802480054488286e-23 9.377170888874474e-06 -0.0001099905913665551 -0.03164827221774268 -0.00025837215129576865 0.0005671932946184488 -2.0851633085196443e-23 1.9944939674933866e-05 -0.0001302582615190115 -0.04053958882435659 -9.722076645682705e-05 0.000720168428163208 5.939036391019595e-23 4.292175169543773e-05 -0.00015339160906681164 -0.03912973445184806 0.00015367243073131679 0.0007016976977425324 1.6946783817774433e-23 8.260009330158079e-05 -0.0001773331610423178 -0.024150367478650545 0.0004455541818147954 0.000458387053026093 -1.3956302322901668e-22 0.0001396997459138994 -0.00019947850532031337 0.00506765413533458 0.0007232173795913369 -2.10615431113539e-05 6.038666029748723e-24 0.00021098155655860644 -0.00021723962591979195 0.04650161668504569 0.000934188893616693 -0.0007036508108056317 -1.0028755389166991e-22 0.0002896205077377223 -0.00022853617391579818 0.09574398602136067 0.0010355508423174273 -0.0015170510815515547 9.281700898698537e-23 0.0003662107797916223 -0.00023217791498468207 0.14665104244060564 0.001000771178771789 -0.0023602507015502263 6.245126572354983e-23 0.00043021480606982986 -0.00022810737086565716 0.19225567417360107 0.000823446779630233 -0.00311860743439913 -3.226649833020398e-23 0.00047165987282084493 -0.0002174714413412725 0.22582288597235425 0.0005192667895675583 -0.0036813314782307757 -1.198879628869436e-22 0.000482860043906345 -0.00020250714526892565 0.24191292425411393 0.0001243520842640316 -0.003959007389214399 4.070360726672777e-23 0.00045995955506868494 -0.00018624241938806611 0.23732608485787102 -0.0003078101940325046 -0.00389925289285435 -1.2069382830083835e-22 0.0004041180632948123 -0.0001720158524580364 0.2118233991572956 -0.0007122783630908051 -0.003498265049889701 6.78606536005912e-23 0.0003221607256454572 -0.0001627868035191454 0.16859012681349225 -0.001017012825743798 -0.0028082103162500194 1.0657433205332277e-22 0.0002265421630490455 -0.00016015653363199192 0.1144206899066046 -0.0011496955679964813 -0.001937630203059014 6.078084189589183e-24 0.00013331960863761415 -0.00016270883624710486 0.05970550564896136 -0.001038790961688488 -0.0010496507636125264 -5.356466978908189e-23 5.881937631264825e-05 -0.00016613470760179112 0.017676554007116707 -0.0006422573821026722 -0.0003272076480509242 8.16109031085421e-23 1.2469858804986565e-05 -0.0001441758708460566 -0.011847278055428352 -0.0004220856461159835 0.0001439440363577107 -5.06321743378487e-23 2.6460081128502002e-05 -0.00015987820505098825 -0.03723138245796249 -0.0005931045912690059 0.0004454210391164582 -1.6620034800327904e-23 3.988005761321269e-05 -0.0001792686147287376 -0.0650127719110517 -0.0005179767749187019 0.0007672733501762859 -6.922567529567348e-23 5.711198845686045e-05 -0.00020200582363305344 -0.08324170451828794 -0.00021104280534286674 0.0009877322449027763 1.3225637805469541e-24 8.270709174310735e-05 -0.00022700725197871002 -0.08190573393069593 0.00026454872285555506 0.001009144657932 -2.3145571826365157e-23 0.00011970275264397288 -0.00025235856953296565 -0.05485724344780705 0.0008173765189753727 0.0007697591269908714 1.1933117492382534e-23 0.00016853420878932748 -0.0002756181223304444 -0.0007989126848678904 0.001344857224773122 0.0002557419834033622 -1.3807722754161086e-22 0.00022663458874845542 -0.0002943394889096868 0.07652547777362813 0.0017479478331452784 -0.0004970688643717757 -8.896823933988149e-23 0.00028870082718897993 -0.0003065720879507635 0.16888513569082989 0.001946219651603975 -0.0014081000377183929 -1.5083033254596266e-22 0.0003474670009381782 -0.0003112700045842682 0.26477924050809937 0.001889310425922724 -0.002364111903960333 -8.957200972942372e-23 0.0003948402836079892 -0.00030855279943445014 0.35114916052671397 0.0015652739504390454 -0.0032361242368168217 -3.168144705273706e-23 0.00042323120623033125 -0.000299781613189302 0.4153624682316366 0.0010031038821195605 -0.003899068270696451 3.0063420092543873e-23 0.00042690027661504475 -0.00028743070925889904 0.4472114881293742 0.00027079344829930156 -0.004251670482079113 1.0025100946136707e-22 0.0004031474141781228 -0.00027474985306007887 0.4406766367044315 -0.0005321382503762637 -0.004233541790431525 -1.3303798511215816e-23 0.0003531772385848909 -0.0002652188191592939 0.39526177203797874 -0.0012842794508567598 -0.0038381953457870994 1.3974762724628022e-22 0.00028248864999523066 -0.0002617985687643432 0.31677998870524177 -0.0018546913288291003 -0.0031185750466410033 -1.0712160352346177e-22 0.00020049347191089702 -0.000265978287666361 0.2175689506778656 -0.002113334714337335 -0.0021878281626674352 1.4154501958994223e-22 0.00011938308493812738 -0.00027711813501645697 0.11608900457870049 -0.0019453728759619066 -0.0012055885005234114 6.884147134193893e-23 5.251552381901304e-05 -0.0002924835572230231 0.035313080042157954 -0.0012851542544363996 -0.00037860352336078893 -2.0714680078684278e-23 2.523980199323788e-05 -0.00022073243305574468 -0.01984705128994266 -0.0007101057149963133 0.00017622778860765432 1.0957492543287156e-22 4.8975976133085736e-05 -0.00023526533844896974 -0.06214382856879916 -0.0009814277580159965 0.000551102933892253 1.0727540717763456e-22 6.981861517709927e-05 -0.00025368669586479605 -0.10831395066824685 -0.0008650661934113373 0.0009646658839752541 -8.155255132462687e-23 9.18639649051765e-05 -0.00027507903673110493 -0.1398969299781021 -0.0003980270758977426 0.0012782811150798136 -5.7736975240656435e-24 0.00011874651207371812 -0.0002982692782451306 -0.14175162304643815 0.0003239361283192966 0.0013844710349393483 6.245230719979207e-24 0.0001527557580158033 -0.0003215662292004836 -0.10453868251144034 0.0011645197322838355 0.0012173249431816514 -1.2505505138152171e-22 0.0001941575684790309 -0.0003429224852023395 -0.026178025045538685 0.001969686120619233 0.0007593715336079117 7.484270682235895e-23 0.00024095541167404088 -0.00036030538181347455 0.08785105504038547 0.002591119623019176 4.4179282692784124e-05 1.1877632024890281e-22 0.0002891008649843543 -0.0003721289097537726 0.2253295481924307 0.0029075723713183105 -0.0008493159870937528 -6.424871806168462e-24 0.00033309167308670235 -0.0003776261782590217 0.3691111866797381 0.002843217369230737 -0.0018085668392683425 -2.193879259544926e-23 0.00036684463984037346 -0.0003770932911554423 0.499683423753072 0.002379239425247144 -0.002704430616402222 2.5821111356488257e-23 0.00038471289072015025 -0.0003719604342500665 0.5981349515927644 0.0015585026144840268 -0.003410852646491284 -2.3137757975380008e-23 0.00038250531777119705 -0.0003646680974820854 0.6491402892024734 0.0004815641181869309 -0.003824423469148541 1.1391403851996733e-22 0.0003583651370974759 -0.0003583451038044726 0.6435819898473121 -0.0007038281797539991 -0.003881631562768173 1.1359738968829837e-22 0.00031337360635171237 -0.0003563040207460897 0.5805001458898481 -0.0018191476179958781 -0.0035704223518896617 1.0732666970083587e-22 0.0002517458886733506 -0.00036139380302353753 0.46817305836367484 -0.00267341413861681 -0.00293644686867279 9.825796621085357e-23 0.00018057346663125193 -0.0003753598244463972 0.3242719410961173 -0.0030819206435123768 -0.002079884883166269 1.0848782011489442e-23 0.00010922900230461195 -0.0003984212745377067 0.1750457883700521 -0.0028862784099172064 -0.0011526394293224892 -3.1050616606316464e-23 4.936936787351018e-05 -0.00042950259170584253 0.05385392662391416 -0.0019604557676640585 -0.0003634138685882125 -1.5088821519944085e-22 3.8091282576399e-05 -0.0003061982815374107 -0.029397837327236165 -0.0010552433115161438 0.00020602531515524818 -1.789249318403999e-23 7.058920332736158e-05 -0.0003165299776616704 -0.09220082587390312 -0.00145635047492948 0.0006512196654299257 -1.5207459755857576e-22 9.747810313072357e-05 -0.00033068822772023215 -0.16141347481197948 -0.0013116867329923446 0.001159198101861304 -2.4116202724503074e-23 0.0001229415947441154 -0.00034767451050656467 -0.21139021731356644 -0.0006870440281580949 0.0015812237491315162 -4.862170401139494e-23 0.00015024229352926218 -0.00036637645718693134 -0.22147969643371992 0.000283611587167136 0.0018043742845288572 -2.6036898404364668e-23 0.00018127671303159245 -0.00038537439210705555 -0.1789433695895061 0.0014177615202670346 0.0017586051598551808 -3.2500652097242076e-24 0.00021627245194956603 -0.0004030196252914541 -0.08072282385529499 0.0025107493717362365 0.0014222517997506418 -1.5084784941928988e-22 0.000253718156391235 -0.00041770957701008803 0.06619058800415964 0.0033652788793001524 0.0008222210992952405 -5.220121103561552e-23 0.00029057704447802937 -0.0004282331474130742 0.24584131998192105 0.003820108953038187 2.901821920343858e-05 -8.07895784896881e-24 0.00032275932298607744 -0.000434086276390361 0.4356991641356558 0.0037735192833811457 -0.0008545716490466008 -7.959091403765517e-23 0.00034578587818483343 -0.00043568405021288 0.6100355625764333 0.0031993078937986048 -0.0017090801775881195 8.060815055934075e-23 0.00035554794698921193 -0.00043442437325498794 0.7438357985814402 0.0021522284729244717 -0.0024164551544060687 -1.9855687929990246e-23 0.00034905484758339 -0.0004325818464659947 0.8167270038947152 0.0007631868445409153 -0.0028782332218890583 -1.074013085290239e-22 0.0003250602243142654 -0.0004330331692802602 0.8164133056090087 -0.0007756712340320952 -0.0030308067679640943 -6.270862521959008e-23 0.00028446605110814206 -0.00043883925969304886 0.7411944412248009 -0.0022326992712097212 -0.0028566198665190856 -2.9997872214205186e-23 0.00023044007588531336 -0.0004527470025113089 0.6013091723207982 -0.0033620210024595466 -0.0023884371428953594 6.02248431845719e-23 0.00016825786809518094 -0.00047670578219813554 0.4190198432464414 -0.003928599325116349 -0.0017097157425883134 4.868128683655879e-23 0.00010508712286251379 -0.0005115274763580323 0.2276818143899501 -0.003723766293157907 -0.0009527918467273832 1.1381316895496617e-23 5.00781305424168e-05 -0.0005565578900882841 0.07045331238784155 -0.0025640751601661315 -0.0003009202837941481 -1.1305509121128488e-22 5.001788719864307e-05 -0.00039747020114710665 -0.04030424484609427 -0.0014506996969378416 0.00023048646986939823 -7.908192273649093e-23 8.988962669505964e-05 -0.0004006333049604712 -0.12685294332481098 -0.002010509302903208 0.0007349147663156188 2.559570217176371e-23 0.00012154605050839887 -0.00040772993463891266 -0.22356817772999085 -0.0018574487574100273 0.0013268567417476554 7.690018490526209e-23 0.00014946741774662258 -0.00041787709564449556 -0.2972959938953554 -0.0010911884222440215 0.001854737914032886 -2.5965327289253914e-23 0.00017677560924849912 -0.0004301352357906965 -0.32171731450214275 0.00011456211101019696 0.002204782755533891 1.076914797029901e-22 0.00020516998474775697 -0.0004433346955847115 -0.28055319386243655 0.001531935522904818 0.002305426421051707 -7.896203187357589e-23 0.00023490543713910967 -0.0004561440102881322 -0.1695340876909866 0.002908465193522707 0.0021298903004321208 -6.409330544589358e-25 0.00026487661726278943 -0.00046728871892518707 0.0032316601566626337 0.004001544480343969 0.0016959378640529397 -1.4599571095468374e-22 0.00029285133441568856 -0.0004758332099360361 0.21860051259028565 0.004612413741195591 0.0010605690970820955 1.03590320698657e-22 0.000315855775322436 -0.0004814430337939494 0.44930641600291354 0.004614961297966746 0.00031041028313357394 8.286988706505566e-23 0.0003306749093816819 -0.0004845650093248361 0.6640667456607101 0.00397465165524369 -0.00045186900504253836 7.401273709519214e-23 0.0003344056666334927 -0.00048648435606427477 0.8323357855464748 0.002755494866317718 -0.0011231052893532825 1.1064387708997645e-22 0.00032498648421457114 -0.0004892407421780469 0.9290714400724621 0.001113606130938073 -0.0016150145803792812 3.8540859156868053e-23 0.0003016245741703394 -0.0004954072197803226 0.9388872709548919 -0.0007209358870579009 -0.0018675955368854119 1.4612618816385424e-22 0.0002650545597251115 -0.0005077590213983876 0.8590762402158152 -0.002471077099969751 -0.001858140235241458 -6.014009987996556e-24 0.00021759338828892337 -0.0005288785464952511 0.7011806824909989 -0.0038439401328109347 -0.0016060263476617342 1.002485158329324e-22 0.00016302170571632862 -0.0005607519845412292 0.4910899215731709 -0.004558559296980836 -0.001172866384906727 1.2013411173741747e-22 0.00010639235763011917 -0.0006043567339963942 0.2680151106455422 -0.004363049631741992 -0.0006605515122750736 -6.271691315182491e-23 5.389190088699837e-05 -0.0006591365463078465 0.08321666163188911 -0.0030273137279820264 -0.00020989421824648525 1.5105190752547106e-22 6.0061155836164665e-05 -0.0004905913212955952 -0.05215992746030996 -0.0018818587740902254 0.00024401781429207349 4.759492790134253e-23 0.00010570413794627348 -0.00048395741516296426 -0.1648102924453986 -0.0026231848510714466 0.0007834296872498513 4.389959139805279e-24 0.0001410450736636704 -0.0004817238925446344 -0.2925150814134886 -0.0024841555410841675 0.001430868088317936 2.4528045066601838e-23 0.00017086210660455903 -0.000483238702501456 -0.3946698097390585 -0.0016014002209189802 0.0020399064811085403 1.3094816976417918e-22 0.00019817704923599718 -0.0004877390920090571 -0.4394036965288948 -0.00018762414846563633 0.0025022589190302298 7.460471759534912e-23 0.0002245376536877205 -0.0004942315790976854 -0.4069005604762951 0.0014877282183494785 0.0027480091428120027 -9.970905002810238e-23 0.0002502226888789473 -0.0005015731104106901 -0.29145434108534574 0.0031297416700206016 0.0027464748339222247 1.4619529301014357e-22 0.0002744458765118029 -0.0005086693813977106 -0.1017937407023806 0.0044559924556702765 0.0025047021707531635 -1.4923938447595364e-22 0.000295608472488149 -0.000514717390853406 0.14050103663604016 0.005234890174662081 0.0020631449674787337 1.4687902975873489e-22 0.00031161780066179444 -0.0005194291007108099 0.4043518949840211 0.005318145336995723 0.0014876419255033851 -7.777558353981427e-23 0.00032025859933681414 -0.0005231858760919479 0.6538946204901394 0.004662620662049095 0.0008587669227258082 5.76206449104414e-23 0.00031958096900553046 -0.0005270905884512042 0.853927626127309 0.003337956648589409 0.00025957109690347716 -1.3388742779238423e-22 0.0003082554952423875 -0.0005329030318959717 0.9753685821126841 0.0015192617146114462 -0.00023663737886737453 8.18490848569225e-23 0.00028584314511528587 -0.0005428632464087996 0.9999999999894921 -0.0005340174671189272 -0.0005766308017528529 -3.604605247434151e-23 0.00025293552215230553 -0.0005594237526440059 0.9239060737521386 -0.002509308494187424 -0.0007347730600108625 -7.274383154725406e-23 0.00021114177686548956 -0.0005849211915462507 0.7592510024921498 -0.004076033907219725 -0.0007165605611626192 9.318110490048677e-23 0.00016292567653228241 -0.0006212068699626288 0.534380528935776 -0.004917552915646005 -0.0005586337107749926 9.129741243694325e-23 0.0001113141256962785 -0.0006692178887940911 0.29267492939798934 -0.004749146731995598 -0.0003258560074694977 -8.752445193947962e-23 5.9469181924915897e-05 -0.000728397789955609 0.09109874014985009 -0.003312161935387316 -0.00010556534329823157 1.2298075464531789e-22 6.741416518323036e-05 -0.0005802078787763391 -0.0642649830154388 -0.002323200214745239 0.00024046624316369033 -1.3229094470837783e-22 0.00011712809946356214 -0.000561866998572391 -0.2038103441951029 -0.0032574050099006264 0.0007766181407794161 1.1698785910254905e-23 0.00015533254407641198 -0.000548809394816782 -0.36410187059448734 -0.003153198574573087 0.0014324411209993874 5.284175237811919e-23 0.0001868681978977176 -0.0005406617545368943 -0.49758785442073916 -0.0021854390295066024 0.002076484067422104 -7.133204811073308e-23 0.0002145384313917613 -0.000536788415484626 -0.5672923136277552 -0.0006022847567454872 0.002612830715712321 -1.2725211775305074e-22 0.00023967652352790183 -0.0005362608695803725 -0.5500635893040703 0.0012914848289199187 0.002977983541152442 1.408863456149265e-22 0.000262524722896504 -0.0005379782426532763 -0.4386129217594433 0.003166183641634344 0.0031393187561707444 5.512475432384682e-23 0.00028252281411859866 -0.0005408682813020368 -0.24175990901275352 0.004707218580881128 0.0030934220939913 -3.579477265951946e-23 0.00029856736642967113 -0.0005441119743953404 0.017350054673583273 0.005656202922211722 0.0028624394912573872 1.3220678618647591e-22 0.0003092714257120549 -0.0005473434758173232 0.30493840828235363 0.005846235638700797 0.002488538358730156 8.391632200511227e-23 0.00031322825330325573 -0.0005507869328549446 0.5817587946718453 0.005225526644972806 0.002026416100879684 -7.442302107866738e-23 0.00030926329621388447 -0.000555304550319903 0.8090633297125969 0.0038658035465647528 0.0015348584766539605 1.837603622254721e-23 0.00029664655567638215 -0.0005623451308443383 0.9545741040589025 0.001954114388580914 0.0010683670133791083 5.8834768256451765e-24 0.0002752328428649411 -0.000573797218315803 0.9976684662439498 -0.0002304198692504129 0.0006699102188294448 -1.0083110121521132e-22 0.00024549945803743804 -0.0005917628264126803 0.9331297178853841 -0.0023507349713280997 0.0003658822394869705 3.945759639541385e-23 0.00020845699765156809 -0.0006182714862338467 0.7730726261521228 -0.004050692251765953 0.00016375463620124469 1.2076852960753106e-23 0.00016541305911120838 -0.0006549451648410801 0.5470283387859701 -0.004989821356919304 5.275733212756973e-05 -1.3190740258410993e-22 0.00011755749407654361 -0.0007025982796060144 0.30061974631586935 -0.004864952660343607 8.052725409902506e-06 -1.2511148776416326e-22 6.529787059764983e-05 -0.0007607216565695938 0.09377528440511573 -0.003407029257472532 -1.5566101327078976e-06 -7.838801005366492e-24 7.153990887153431e-05 -0.0006595469123972299 -0.07564312531445244 -0.0027390496968951674 0.00021492272445819074 4.4458867720946805e-23 0.00012366023153990297 -0.0006287289688413631 -0.24068101575110998 -0.0038610315253371666 0.0006982460311939677 7.684765410061063e-23 0.00016420796483310188 -0.0006044153588375517 -0.43243397593216654 -0.00380783364551649 0.0013006827205389088 -1.2804919320441691e-22 0.0001976418900846987 -0.0005865224425949469 -0.597418185664782 -0.0027905683176759725 0.0019164030390099972 -1.023056817082093e-22 0.0002262989299062203 -0.000574468832229762 -0.6943677506272408 -0.0010868300631035443 0.0024697299786586783 -5.488244849096408e-23 0.0002511560165215528 -0.0005672729140476762 -0.6972418451139473 0.0009720081312248242 0.002908598378730925 1.0602235918829062e-22 0.00027232104488699105 -0.0005637352702908178 -0.5971527250902385 0.0030312482100825423 0.003201674292231229 1.3610437085692555e-22 0.00028936712651062387 -0.0005626608934165222 -0.40251595745123314 0.004753514428665842 0.003336209795418998 7.569842033511054e-23 0.0003015802002437686 -0.0005630822464650112 -0.13712240507452592 0.0058612253164320016 0.003315873253897601 -9.725476356131161e-23 0.000308158424807911 -0.0005644485495307776 0.16377077177293028 0.006173352546557421 0.003157634415528348 7.802386099936931e-23 0.0003083788916490064 -0.0005667526267426048 0.45888795239460267 0.0056302083250595126 0.002887957584324643 9.092612005684573e-23 0.0003017312357524027 -0.0005705758033346901 0.7072208755167574 0.004302174077979963 0.002538462727442928 -4.642257103692484e-23 0.00028800732626774856 -0.0005770430282157427 0.8743163103064822 0.0023810458170339843 0.0021416522991833608 3.6148469828975856e-23 0.0002673300380043798 -0.0005876925647290517 0.9377337837272258 0.00015549468044761088 0.0017272636710210724 -8.78085538978345e-23 0.00024010033057830682 -0.00060427418774766 0.8909837294218751 -0.0020251697662891288 0.0013198123934101092 -1.714471363049042e-24 0.0002068374759964596 -0.0006284936398347639 0.7455324320519241 -0.003792081070895672 0.0009377652990957946 8.393431324589174e-23 0.00016787686154836923 -0.0006617164105107904 0.5308320708281216 -0.004794721204763837 0.0005950522221998063 1.3846358457411064e-22 0.00012286595427484068 -0.00070463100777689 0.292784365592561 -0.004725656862839906 0.0003053630166338619 -8.506261618913806e-23 6.99550944102757e-05 -0.0007568535592017111 0.0915337243634472 -0.0033226173498023138 9.126994230459302e-05 -1.458097294827759e-22 7.228738271360151e-05 -0.0007209700295976743 -0.08513318488681705 -0.00308686941219094 0.00016489814700723542 -4.259114927810967e-23 0.00012534489201829798 -0.0006783368187334381 -0.271643564534543 -0.004371921965882448 0.0005402820304717388 -5.771070926952939e-23 0.00016804399813718823 -0.0006436174821655117 -0.4904539068364945 -0.004379074119571098 0.0010199738908891914 -2.905606069331902e-24 0.0002038674201221263 -0.0006169898821575206 -0.6837092787857605 -0.00335003103122169 0.00153495552818911 -1.185232949730411e-22 0.00023434829038124238 -0.0005978511405256894 -0.8070510242753892 -0.0015829337798335705 0.002037193619951226 -3.710611857580017e-23 0.00025991457924874693 -0.0005850636126361607 -0.8322559075199962 0.0005749768589313133 0.0024914593000528213 3.3784781055665616e-23 0.0002804219537605648 -0.0005772135590392555 -0.7489860846359513 0.0027555777895442285 0.0028710842417569125 2.6498399212273594e-23 0.00029549196734815123 -0.000572867339302546 -0.5648412368415117 0.0046095508015160875 0.0031561820808341475 -1.107641949999303e-22 0.0003047264098995569 -0.0005708057137737294 -0.3033546538655117 0.005848925816348213 0.003332781278461956 1.1674318381349364e-22 0.00030783890059974506 -0.0005702138550769744 -1.7999920528252197e-11 0.006284101170954946 0.003392570661825255 -1.5109389497334282e-23 0.00030472640989983273 -0.0005708057137738761 0.3033546538308669 0.005848925816402322 0.003332781278472933 1.4952849104012164e-23 0.00029549196734864736 -0.0005728673393028383 0.5648412368110095 0.004609550801627732 0.0031561820808422786 -4.724449864122127e-23 0.0002804219537612607 -0.0005772135590396232 0.7489860846119922 0.002755577789694192 0.0028710842417619085 -3.3664224258513987e-23 0.00025991457924953596 -0.000585063612636654 0.8322559075037449 0.0005749768590896701 0.0024914593000573016 -9.541742302014372e-23 0.0002343482903820942 -0.0005978511405263139 0.8070510242661648 -0.0015829337797109249 0.002037193619948813 -4.400669934363788e-23 0.00020386742012290713 -0.0006169898821583197 0.6837092787815463 -0.003350031031143921 0.0015349555281761484 -7.577596324752422e-24 0.0001680439981379568 -0.0006436174821665377 0.49045390683523854 -0.004379074119530517 0.0010199738908765492 2.3247144653297292e-23 0.00012534489201883973 -0.000678336818734611 0.27164356453456134 -0.0043719219658721045 0.0005402820304639524 -1.1783303871371485e-22 7.228738271388213e-05 -0.0007209700295990039 0.08513318488695401 -0.0030868694121964513 0.00016489814700377137 -1.7597401013214365e-23 6.995509440996959e-05 -0.0007568535592003676 -0.0915337243634371 -0.003322617349803001 9.126994230620518e-05 -1.3173395742403993e-22 0.00012286595427427052 -0.0007046310077756941 -0.2927843655928383 -0.004725656862850666 0.00030536301663787544 1.408977843787825e-22 0.0001678768615476401 -0.0006617164105098123 -0.5308320708297741 -0.004794721204808157 0.0005950522222030775 -2.583999068735231e-23 0.00020683747599570994 -0.0006284936398339946 -0.7455324320562985 -0.0037920810709601445 0.0009377652990892168 -4.4240816132722513e-23 0.0002401003305775362 -0.0006042741877470437 -0.8909837294305701 -0.002025169766397617 0.0013198123933865213 -1.3822425317047565e-22 0.0002673300380036226 -0.0005876925647285133 -0.9377337837425516 0.00015549468029090954 0.001727263670988662 2.3941457574523285e-23 0.00028800732626712265 -0.0005770430282152564 -0.8743163103293246 0.002381045816890159 0.002141652299143623 -1.8369120414691431e-23 0.0003017312357519703 -0.0005705758033343029 -0.7072208755455953 0.004302174077883951 0.0025384627273845016 5.623476885397397e-23 0.0003083788916488559 -0.0005667526267423308 -0.45888795242737784 0.005630208324997991 0.002887957584260839 3.1660120823383046e-23 0.0003081584248080023 -0.0005644485495306771 -0.16377077180765304 0.0061733525465409896 0.0031576344154773156 5.958925168823421e-23 0.00030158020024411683 -0.0005630822464650218 0.13712240504061896 0.005861225316481179 0.003315873253857026 1.082786559983606e-22 0.00028936712651120815 -0.0005626608934166696 0.4025159574213311 0.004753514428776758 0.0033362097953867982 1.7741450298546126e-23 0.0002723210448877325 -0.0005637352702911073 0.5971527250668507 0.003031248210232143 0.0032016742922034978 1.5216949221281198e-22 0.0002511560165224221 -0.0005672729140481187 0.697241845098188 0.0009720081313802842 0.002908598378706791 1.1229280918912492e-22 0.00022629892990711544 -0.0005744688322303381 0.6943677506184438 -0.0010868300629805296 0.0024697299786439766 -4.502162459420667e-23 0.00019764189008560914 -0.0005865224425957341 0.5974181856610743 -0.002790568317595388 0.0019164030390027302 -6.545705555852737e-23 0.00016420796483392346 -0.0006044153588386833 0.43243397593142074 -0.0038078336454786554 0.0013006827205312497 2.0608897464442306e-23 0.00012366023154055666 -0.0006287289688430356 0.24068101575143624 -0.00386103152533203 0.0006982460311894197 1.4878651155791541e-22 7.15399088719199e-05 -0.0006595469123998032 0.0756431253147094 -0.0027390496969031176 0.00021492272445686607 1.0717331407872733e-22 6.52978705973161e-05 -0.0007607216565684603 -0.09377528440514397 -0.0034070292574740987 -1.5566101327823685e-06 -1.1460151823558553e-22 0.00011755749407599638 -0.000702598279604996 -0.3006197463163465 -0.0048649526603599955 8.052725413883202e-06 -1.4035175126353906e-22 0.00016541305911053393 -0.0006549451648401889 -0.5470283387877595 -0.00498982135695542 5.275733212973405e-05 -2.4364970633047795e-23 0.00020845699765084538 -0.0006182714862331133 -0.7730726261562149 -0.004050692251821913 0.000163754636196527 1.1819527562293453e-24 0.00024549945803667634 -0.0005917628264119887 -0.9331297178931983 -0.0023507349714210683 0.0003658822394754167 6.324102361066741e-23 0.0002752328428642174 -0.0005737972183151718 -0.9976684662573629 -0.00023041986938131763 0.0006699102187852265 -8.520617468129524e-23 0.000296646555675814 -0.0005623451308438099 -0.9545741040785837 0.0019541143884612066 0.0010683670132924292 1.4127526703014384e-22 0.0003092632962135659 -0.0005553045503194747 -0.8090633297373419 0.0038658035464819236 0.00153485847654867 -5.06213828223428e-23 0.0003132282533032262 -0.0005507869328546395 -0.5817587947003456 0.005225526644905261 0.0020264161007727045 -6.239375573869317e-23 0.00030927142571225783 -0.0005473434758170886 -0.30493840831318975 0.005846235638675181 0.0024885383586256637 -1.0568611082977185e-22 0.00029856736643009624 -0.0005441119743952573 -0.017350054704053503 0.0056562029222517645 0.002862439491160585 -1.4220988185308937e-22 0.00028252281411925894 -0.0005408682813020826 0.24175990898555802 0.004707218580972198 0.0030934220939152976 1.3464121257859544e-22 0.00026252472289729827 -0.0005379782426534603 0.4386129217380423 0.0031661836417749426 0.003139318756118861 1.0759436060375717e-22 0.00023967652352886016 -0.0005362608695806973 0.550063589289742 0.0012914848290621927 0.0029779835411193694 -1.292628187686447e-22 0.00021453843139273817 -0.0005367884154851054 0.5672923136197136 -0.0006022847566363573 0.002612830715696837 -2.784534600831336e-23 0.00018686819789877357 -0.0005406617545376021 0.49758785441729597 -0.0021854390294317786 0.0020764840674188097 -5.550631659281079e-24 0.00015533254407742075 -0.0005488093948178228 0.3641018705938508 -0.0031531985745356463 0.0014324411210025689 8.502081429115291e-23 0.00011712809946448544 -0.0005618669985736022 0.20381034419549188 -0.003257405009897103 0.0007766181407815022 9.026969434610489e-23 6.741416518398136e-05 -0.000580207878777646 0.06426498301567558 -0.002323200214754734 0.0002404662431657993 6.573811421602019e-23 5.946918192452677e-05 -0.0007283977899545393 -0.09109874014991586 -0.0033121619353904206 -0.0001055653432966579 -1.493103940497141e-22 0.00011131412569585063 -0.0006692178887932421 -0.2926749293986296 -0.004749146732015477 -0.00032585600746695605 -7.381797912389478e-23 0.00016292567653165686 -0.0006212068699619536 -0.5343805289376834 -0.004917552915676784 -0.0005586337107724451 1.0355031260508662e-23 0.00021114177686477282 -0.0005849211915456417 -0.759251002496048 -0.004076033907268627 -0.0007165605611656662 -1.2655845971602675e-22 0.0002529355221515076 -0.0005594237526434136 -0.9239060737589029 -0.002509308494253117 -0.000734773060041438 -7.518743049845494e-23 0.00028584314511459263 -0.0005428632464082416 -1.0 -0.0005340174672030265 -0.0005766308018248473 -7.078792598912695e-23 0.000308255495241881 -0.0005329030318954801 -0.9753685821275984 0.001519261714519347 -0.0002366373789713029 1.2307915347088104e-22 0.00031958096900527606 -0.0005270905884508012 -0.853927626146398 0.0033379566485144995 0.00025957109678266386 2.4331998815015216e-24 0.0003202585993368223 -0.0005231858760915399 -0.6538946205126186 0.004662620661988469 0.0008587669225917119 -1.4249979200531e-22 0.00031161780066207335 -0.0005194291007104783 -0.40435189500874186 0.0053181453369666185 0.0014876419253633515 3.4116658367276026e-23 0.00029560847248870744 -0.0005147173908532104 -0.14050103666084088 0.005234890174688025 0.002063144967348723 -5.862108528015026e-23 0.00027444587651251123 -0.0005086693813976421 0.1017937406799408 0.004455992455738727 0.0025047021706388964 9.459031159434697e-23 0.0002502226888798232 -0.0005015731104107502 0.29145434106728124 0.003129741670127171 0.002746474833840774 9.73870078554166e-23 0.00022453765368871378 -0.0004942315790978252 0.4069005604637663 0.001487728218464243 0.0027480091427731193 7.644513480897121e-23 0.0001981770492370461 -0.00048773909200931683 0.43940369652156747 -0.0001876241483723497 0.0025022589190171352 1.3437883294409783e-22 0.0001708621066056932 -0.00048323870250184075 0.394669809735673 -0.0016014002208546237 0.002039906481109503 5.463278324844555e-23 0.00014104507366480157 -0.0004817238925451236 0.29251508141257154 -0.002484155541049752 0.001430868088326027 -8.076648813496561e-23 0.00010570413794725734 -0.00048395741516342596 0.1648102924454577 -0.002623184851066834 0.0007834296872609096 7.247815289877791e-23 6.0061155836795264e-05 -0.0004905913212961705 0.05215992746039676 -0.0018818587740936736 0.00024401781429598618 -2.440224620165419e-23 5.389190088680838e-05 -0.000659136546306989 -0.08321666163198478 -0.003027313727986592 -0.00020989421824687377 6.047931765210549e-23 0.0001063923576296636 -0.0006043567339959221 -0.26801511064612554 -0.004363049631756925 -0.0006605515122798741 1.187884621712706e-22 0.00016302170571567569 -0.0005607519845407759 -0.49108992157479453 -0.004558559297007541 -0.0011728663849206494 -8.861711445098384e-23 0.00021759338828813906 -0.0005288785464947886 -0.7011806824940303 -0.003843940132840484 -0.001606026347693411 -7.107970890130052e-23 0.00026505455972423406 -0.0005077590213978856 -0.8590762402206013 -0.0024710771000105 -0.0018581402352899489 -1.1490727468293373e-22 0.00030162457416959523 -0.0004954072197798102 -0.9388872709620318 -0.0007209358871112329 -0.0018675955369480922 -4.6669838598141596e-24 0.00032498648421402015 -0.000489240742177553 -0.9290714400825563 0.0011136061308731357 -0.0016150145804681255 -9.201496052875413e-23 0.0003344056666332438 -0.0004864843560637992 -0.8323357855595589 0.002755494866263227 -0.0011231052894726825 2.031036148952538e-24 0.00033067490938167336 -0.00048456500932435873 -0.6640667456763665 0.0039746516551951785 -0.0004518690051810978 1.4265646517206835e-22 0.0003158557753228037 -0.0004814430337935315 -0.44930641602056526 0.004614961297935564 0.00031041028299088247 1.443199804918094e-22 0.0002928513344163097 -0.00047583320993568586 -0.2186005126084798 0.004612413741205147 0.001060569096947856 -2.889951243126782e-23 0.00026487661726359055 -0.00046728871892496194 -0.0032316601734349803 0.0040015444803912885 0.0016959378639406332 -1.2501663151316932e-22 0.00023490543714005906 -0.00045614401028799774 0.16953408767710854 0.0029084651935911403 0.002129890300346074 1.2351686775757918e-22 0.0002051699847488043 -0.0004433346955846592 0.2805531938522525 0.0015319355229841776 0.0023054264209967394 -5.38754624622317e-23 0.00017677560924966173 -0.0004301352357906819 0.3217173144957036 0.00011456211108055863 0.002204782755511421 4.58602819101784e-23 0.00014946741774780873 -0.00041787709564453714 0.2972959938919787 -0.0010911884221918536 0.0018547379140315605 -8.41269607932294e-23 0.00012154605050956565 -0.00040772993463895674 0.22356817772864407 -0.0018574487573810485 0.0013268567417567144 5.349849605763114e-23 8.988962669604583e-05 -0.0004006333049605305 0.12685294332442157 -0.002010509302893846 0.0007349147663225073 2.104029216356469e-23 5.0017887199326516e-05 -0.0003974702011470661 0.04030424484601642 -0.001450699696934739 0.0002304864698720399 -4.9649512792458043e-23 5.0078130542032795e-05 -0.0005565578900880858 -0.07045331238787114 -0.0025640751601670297 -0.00030092028379639495 -7.38193763411532e-23 0.0001050871228620036 -0.0005115274763576784 -0.22768181439021049 -0.003723766293166272 -0.0009527918467354985 8.947458124488977e-23 0.00016825786809445054 -0.00047670578219776994 -0.4190198432472524 -0.003928599325129935 -0.001709715742606893 9.895710248104917e-23 0.0002304400758844428 -0.00045274700251091756 -0.601309172322311 -0.003362021002474143 -0.002388437142924319 -1.2741691479195366e-22 0.00028446605110715717 -0.00043883925969260076 -0.7411944412274333 -0.002232699271239817 -0.0028566198665567932 2.3685397878477447e-24 0.00032506022431340304 -0.0004330331692797474 -0.816413305613211 -0.0007756712340648187 -0.003030806768018998 9.158952393301225e-23 0.0003490548475827594 -0.0004325818464654081 -0.8167270039006458 0.0007631868445045612 -0.002878233221966905 -5.603414692212417e-23 0.00035554794698889475 -0.0004344243732544085 -0.743835798589194 0.002152228472887738 -0.0024164551544996657 -1.3634159439241232e-22 0.000345785878184863 -0.000435684050212346 -0.6100355625860535 0.003199307893760739 -0.0017090801776911497 -1.0082720969138609e-22 0.0003227593229864445 -0.00043408627638983585 -0.43569916414686405 0.0037735192833554397 -0.0008545716491615931 6.94296202599244e-23 0.0002905770444787109 -0.00042823314741260527 -0.24584131999388176 0.003820108953033855 2.901821908839622e-05 8.564365874780002e-23 0.00025371815639211367 -0.00041770957700972873 -0.06619058801564061 0.003365278879323643 0.0008222210991958379 -1.2166824980254204e-22 0.00021627245195063747 -0.00040301962529116223 0.08072282384547487 0.002510749371779194 0.0014222517996744395 -1.5915838699571614e-23 0.00018127671303274167 -0.00038537439210686067 0.17894336958202553 0.0014177615203176382 0.0017586051598021213 -1.4115756726575507e-22 0.00015024229353047697 -0.00036637645718678666 0.22147969642863338 0.0002836115872123079 0.0018043742844972338 -1.2048710739983014e-22 0.00012294159474534428 -0.00034767451050644687 0.21139021731048974 -0.0006870440281228725 0.0015812237491208022 -1.912301452774656e-23 9.747810313192473e-05 -0.0003306882277201188 0.16141347481041246 -0.0013116867329671625 0.001159198101861046 -1.3173790425140202e-22 7.058920332833751e-05 -0.0003165299776613478 0.09220082587328964 -0.0014563504749165396 0.0006512196654319787 -1.355833996304646e-22 3.8091282577013626e-05 -0.00030619828153695405 0.029397837327086087 -0.0010552433115105322 0.00020602531515552514 7.656638085415219e-23 4.9369367873252586e-05 -0.0004295025917048291 -0.05385392662387138 -0.0019604557676634036 -0.00036341386858885653 -3.694687363775614e-23 0.00010922900230416034 -0.00039842127453718523 -0.17504578837002285 -0.002886278409918367 -0.0011526394293259739 1.8340857198493472e-23 0.00018057346663049643 -0.0003753598244460793 -0.3242719410962446 -0.0030819206435175476 -0.0020798848831750116 6.729814780389124e-23 0.0002517458886723647 -0.0003613938030232815 -0.4681730583641058 -0.0026734141386237057 -0.0029364468686872212 -9.788392961950182e-23 0.00031337360635055623 -0.00035630402074574697 -0.580500145890904 -0.0018191476180140676 -0.0035704223519149613 3.3352225600643457e-23 0.00035836513709640934 -0.0003583451038040054 -0.6435819898491247 -0.0007038281797660072 -0.0038816315628087705 1.4549404705250594e-22 0.0003825053177704407 -0.0003646680974815189 -0.6491402892051052 0.00048156411816606767 -0.0038244234692025544 -7.406278360330304e-24 0.0003847128907197733 -0.00037196043424946534 -0.5981349515966132 0.001558502614456276 -0.0034108526465540232 -9.442788192761895e-24 0.00036684463984041585 -0.0003770932911548192 -0.4996834237582946 0.002379239425219981 -0.0027044306164751004 -2.374904081200378e-23 0.0003330916730871153 -0.00037762617825845465 -0.36911118668613396 0.002843217369210919 -0.001808566839345875 -9.082622929826461e-23 0.0002891008649850753 -0.00037212890975326935 -0.22532954819946951 0.002907572371312446 -0.000849315987175606 -8.042875794898741e-23 0.00024095541167505583 -0.0003603053818129929 -0.08785105504736827 0.002591119623027252 4.4179282612332243e-05 -8.12289041078368e-23 0.0001941575684802067 -0.0003429224852019532 0.02617802503926787 0.0019696861206396766 0.0007593715335421067 2.870200656648556e-23 0.00015275575801707112 -0.00032156622920014006 0.10453868250645577 0.0011645197323148359 0.00121732494313481 1.0351506395033706e-23 0.00011874651207508464 -0.0002982692782448536 0.1417516230428787 0.0003239361283452688 0.0013844710349098742 1.077870395913596e-23 9.186396490652066e-05 -0.00027507903673090376 0.13989692997573155 -0.0003980270758761142 0.0012782811150623067 -1.1024585273348885e-22 6.981861517833059e-05 -0.00025368669586454885 0.10831395066687476 -0.0008650661933930659 0.0009646658839677051 9.025919860161595e-23 4.897597613404331e-05 -0.00023526533844859732 0.062143828568181035 -0.0009814277580040929 0.0005511029338903942 1.26089696711351e-22 2.5239801993777697e-05 -0.00022073243305498606 0.019847051289776648 -0.0007101057149901407 0.00017622778860799669 -4.370639919067584e-23 5.251552381886028e-05 -0.00029248355722281586 -0.03531308004213203 -0.0012851542544354904 -0.0003786035233594837 1.1040668960234276e-23 0.00011938308493779868 -0.00027711813501627976 -0.1160890045786263 -0.0019453728759608795 -0.0012055885005217227 1.1800061111848647e-22 0.00020049347191018724 -0.00026597828766626634 -0.21756895067777512 -0.002113334714337705 -0.0021878281626674287 -1.4387306626201067e-22 0.000282488649994086 -0.0002617985687643049 -0.3167799887051606 -0.001854691328829118 -0.003118575046646987 3.575717209747286e-23 0.0003531772385834813 -0.00026521881915911 -0.39526177203801477 -0.0012842794508614195 -0.0038381953458026543 -1.1399058799016564e-22 0.0004031474141767646 -0.0002747498530597569 -0.4406766367046514 -0.0005321382503789408 -0.004233541790454705 1.3464143512710651e-22 0.0004269002766140653 -0.0002874307092583792 -0.4472114881299834 0.0002707934482863709 -0.004251670482106058 -2.0945279372890227e-23 0.0004232312062298358 -0.0002997816131886668 -0.41536246823310047 0.0010031038820983353 -0.0038990682707290085 1.0160948588901601e-22 0.00039484028360807163 -0.0003085527994337567 -0.3511491605291646 0.0015652739504207701 -0.0032361242368547866 -1.3168982331084253e-22 0.000347467000938659 -0.0003112700045836485 -0.2647792405113236 0.0018893104259100919 -0.0023641119040096244 1.7077675130901712e-23 0.0002887008271897386 -0.000306572087950236 -0.16888513569439215 0.0019462196516030893 -0.0014081000377756058 1.081506105258999e-22 0.0002266345887495397 -0.00029433948890917466 -0.0765254777771419 0.0017479478331480672 -0.0004970688644301229 -7.050494653181326e-23 0.0001685342087905433 -0.0002756181223299619 0.0007989126815467361 0.0013448572247780647 0.00025574198335124427 1.9970991079609045e-23 0.00011970275264530319 -0.0002523585695324973 0.054857243444917554 0.0008173765189876977 0.0007697591269539505 6.98361295995791e-23 8.270709174467226e-05 -0.00022700725197829767 0.08190573392848391 0.0002645487228703361 0.001009144657907586 -1.0071901131488984e-22 5.7111988458462e-05 -0.00020200582363277106 0.08324170451674738 -0.000211042805330793 0.0009877322448870768 5.722582552089727e-23 3.9880057614523196e-05 -0.00017926861472852942 0.0650127719100855 -0.0005179767749077903 0.0007672733501676143 6.965367228595267e-23 2.646008112939535e-05 -0.00015987820505061076 0.037231382457483385 -0.0005931045912604491 0.00044542103911275274 1.1922769055126199e-23 1.2469858805364861e-05 -0.00014417587084540723 0.011847278055288547 -0.0004220856461109517 0.00014394403635632953 5.439355400541058e-23 5.881937631257739e-05 -0.000166134707601478 -0.017676554007115628 -0.0006422573821027577 -0.0003272076480512258 8.852498381663553e-23 0.0001333196086373641 -0.00016270883624699338 -0.05970550564895979 -0.0010387909616883812 -0.0010496507636113287 -3.202484634541099e-23 0.00022654216304844547 -0.00016015653363196476 -0.11442068990655806 -0.0011496955679947871 -0.001937630203057277 1.2050575699316523e-22 0.0003221607256441401 -0.0001627868035192014 -0.1685901268133028 -0.0010170128257397765 -0.0028082103162484274 1.2158386108196911e-22 0.00040411806329304726 -0.00017201585245800726 -0.21182339915689785 -0.0007122783630865118 -0.003498265049891482 2.0037193628109444e-23 0.00045995955506685784 -0.00018624241938786575 -0.23732608485738124 -0.00030781019403311157 -0.0038992528928595087 2.3911157768199834e-23 0.00048286004390514194 -0.00020250714526851295 -0.24191292425384806 0.000124352084255656 -0.003959007389222448 7.545415728688595e-23 0.0004716598728201411 -0.00021747144134067698 -0.2258228859727253 0.0005192667895504684 -0.003681331478242036 2.68295184386828e-23 0.0004302148060698806 -0.000228107370864998 -0.19225567417467174 0.0008234467796193563 -0.003118607434416405 1.3646513602810141e-22 0.0003662107797922052 -0.000232177914984145 -0.14665104244197524 0.0010007711787707017 -0.0023602507015751777 -4.7704300903818655e-23 0.000289620507738458 -0.0002285361739153488 -0.0957439860226839 0.0010355508423203507 -0.0015170510815838885 -3.4443573822184994e-24 0.00021098155655966796 -0.00021723962591935916 -0.04650161668628806 0.0009341888936169967 -0.0007036508108381095 -2.771088483019049e-23 0.00013969974591513548 -0.0001994785053198389 -0.005067654136624285 0.0007232173795891469 -2.1061543140519875e-05 1.4783888920471812e-23 8.260009330301842e-05 -0.00017733316104175453 0.024150367477350762 0.0004455541818166022 0.0004583870529993787 -9.435439309193098e-23 4.29217516974114e-05 -0.00015339160906642575 0.03912973445073783 0.00015367243073708363 0.0007016976977228707 4.3299394282354973e-23 1.9944939676932156e-05 -0.0001302582615188535 0.040539588823532 -9.72207664511673e-05 0.0007201684281502799 -8.552651470915648e-24 9.377170890297019e-06 -0.00010999059136638293 0.03164827221719501 -0.0002583721512903516 0.000567193294610373 7.028009125354739e-23 4.9475576683356335e-06 -9.340516941000031e-05 0.017840874851081105 -0.00029385693211811436 0.0003301998788903217 -3.994450291378862e-23 9.073930345559575e-07 -8.010471841241147e-05 0.005569951909525776 -0.00019693813899293523 0.00010728135504678359 -5.3346471199192196e-24 6.207606590934727e-05 -6.951126702264909e-05 -0.005011649806027096 -0.0001782876383459423 -0.0001796118718686152 1.3288601335569801e-22 0.00014614532352284892 -7.094866846279453e-05 -0.017487600990927735 -0.00032096896927537256 -0.0006389616462471249 9.595934273477152e-23 0.0002552248167877587 -7.099625992824598e-05 -0.034463129419547434 -0.00035838410629987044 -0.0012601765317740354 -1.3082215392421575e-22 0.0003688735837436772 -7.56131128314671e-05 -0.05138999569354343 -0.0003190305712195683 -0.0018788918081292132 1.2655729720160675e-22 0.00046475835207431654 -8.489429868601881e-05 -0.06497689088561534 -0.00022472883976103737 -0.002374387020644646 1.235751275776269e-22 0.0005275567952306285 -9.728242516518514e-05 -0.07308595397735786 -9.980157075274681e-05 -0.0026689538887134014 -1.455179605999863e-22 0.0005492911550863155 -0.00011054397841226825 -0.07473364572478035 3.386464632112916e-05 -0.0027267210455703896 -1.2759649572208866e-22 0.0005291448963437959 -0.00012234082644347588 -0.06999141022598475 0.00015593773602783333 -0.002550572227571734 5.451551660975652e-23 0.00047245417519862956 -0.00013061869079625637 -0.05984370120204201 0.00025020431000768404 -0.002176717894070457 -1.3229708927915808e-22 0.0003892269879128135 -0.0001338988252961008 -0.045960486240324935 0.0003054429050921685 -0.001666494908340984 1.3054193979526561e-23 0.0002922118533546634 -0.00013147427776129836 -0.03040934535705868 0.0003169602054967816 -0.0010957682141761974 -9.080901062638992e-23 0.0001947769625662402 -0.00012348334129684446 -0.015329108979705509 0.0002865975725409963 -0.0005429821033413543 1.2425655843459663e-22 0.00010879925171434983 -0.00011086356482139247 -0.002606794788708936 0.00022259260153640242 -7.735256762550037e-05 9.178358470498437e-23 4.2868943475296346e-05 -9.519097806372463e-05 0.006401253644947186 0.0001379448566086216 0.0002514280476245391 -1.2649258128490468e-22 1.014110298785857e-06 -7.842301064840202e-05 0.01107068029791585 4.895369961420403e-05 0.00042044112943370813 4.827855741919259e-23 -1.78339985575506e-05 -6.258638791723535e-05 0.011601365845241098 -2.769655155390548e-05 0.0004371472705614131 -1.3560805665489622e-22 -1.948737008011819e-05 -4.9376979053417626e-05 0.009002869800559764 -7.62786034941992e-05 0.00033849627205232905 1.4155926808306906e-22 -1.3209104043572674e-05 -3.968397521640483e-05 0.004937609859592672 -8.640326055797764e-05 0.0001859087709046101 -1.5849745847096198e-23 -7.218943611588217e-06 -3.210126837399678e-05 0.001497553969515997 -5.125698216511839e-05 5.5688605207115874e-05 6.239263577843013e-23</DataArray>
      </PointData>
      <CellData>
        <DataArray type="Float64" Name="Stress" NumberOfComponents="6" format="ascii">0.000764135596827519 0.0006303178380531603 0.0 0.00018422694529701995 0.0 0.0 0.0030071402612954134 0.0014716859933927107 0.0 0.0006799699113950847 0.0 0.0 0.006196845211161163 0.00227403834936308 0.0 0.0007837218977728414 0.0 0.0 0.009086359299955249 0.003015539278094695 0.0 0.0003512725498334703 0.0 0.0 0.010094386689797247 0.0031161491297872963 0.0 -0.0005061531174793864 0.0 0.0 0.00812698915637751 0.002198724515135669 0.0 -0.0016191707413591816 0.0 0.0 0.0026837175252083134 7.54467780514961e-05 0.0 -0.002780807996492762 0.0 0.0 -0.006064973770635691 -0.0031897916585734098 0.0 -0.003779803985403916 0.0 0.0 -0.017317923140699878 -0.007313147607407993 0.0 -0.004429326649625921 0.0 0.0 -0.0297589093303611 -0.011821057256805302 0.0 -0.004593557430745855 0.0 0.0 -0.041754827903460384 -0.01613158806383042 0.0 -0.004208388087750626 0.0 0.0 -0.05159653052629704 -0.01963338164710303 0.0 -0.003291661838888369 0.0 0.0 -0.057764829284244576 -0.02179112642741147 0.0 -0.0019448088703342954 0.0 0.0 -0.05917578224969643 -0.02222542850420603 0.0 -0.00034149197199291625 0.0 0.0 -0.05539447540685931 -0.020806063951813156 0.0 0.0012870281711416607 0.0 0.0 -0.046779858292218986 -0.017689824127413413 0.0 0.002676138865928934 0.0 0.0 -0.03459957799167516 -0.013401233569906553 0.0 0.003538352793403848 0.0 0.0 -0.021055478388305116 -0.008779180167584662 0.0 0.003590732480256195 0.0 0.0 -0.009459285789085139 -0.005173722864009519 0.0 0.0025279115810787228 0.0 0.0 -0.0023533023399098262 -0.0023133156441896142 0.0 0.0006165259839957979 0.0 0.0 0.0016348505106988749 0.0026105971296287492 0.0 0.0008455701718591401 0.0 0.0 0.00317428121020113 0.002381531620891277 0.0 0.0021521388496725754 0.0 0.0 0.0046577879494597635 0.0011442365429370476 0.0 0.002367659560413804 0.0 0.0 0.0057271125361799706 -0.00014126014348102512 0.0 0.0013827841041098364 0.0 0.0 0.005920939738917392 -0.0012967582907982235 0.0 -0.0006113819246650949 0.0 0.0 0.004776445165780518 -0.002305246208393668 0.0 -0.003215104962359971 0.0 0.0 0.0020694062431400413 -0.0031735262401466307 0.0 -0.005943537418825071 0.0 0.0 -0.00213589937640886 -0.003907933571605552 0.0 -0.008291237879168608 0.0 0.0 -0.007485037534840337 -0.0045041356750743985 0.0 -0.009811116708164008 0.0 0.0 -0.013387546954851146 -0.0049527120284749105 0.0 -0.010177074299624196 0.0 0.0 -0.019106374305702657 -0.0052434129939060575 0.0 -0.009234596493117624 0.0 0.0 -0.023874155243915448 -0.005376058518397879 0.0 -0.007027262169861525 0.0 0.0 -0.027017406587565632 -0.0053694732438433704 0.0 -0.0037978163299660587 0.0 0.0 -0.028077045110825122 -0.005277270299305623 0.0 3.387438850582291e-05 0.0 0.0 -0.026904887020478937 -0.0052018534934067705 0.0 0.003915683481133959 0.0 0.0 -0.023732513246128187 -0.005317541009406548 0.0 0.007210515619889698 0.0 0.0 -0.01917207537135134 -0.005875996147322455 0.0 0.00926067075650187 0.0 0.0 -0.014166439750819895 -0.007174820445167706 0.0 0.009411090321138316 0.0 0.0 -0.009414864883355656 -0.009177979757637084 0.0 0.007202255456457988 0.0 0.0 -0.005222478798691086 -0.009340792924683953 0.0 0.002577395351300616 0.0 0.0 0.003041151111612636 0.006405118917097886 0.0 0.0014189215152951703 0.0 0.0 0.0033396763332721705 0.003725220064088137 0.0 0.0033438460419782487 0.0 0.0 0.0036747768385770128 4.026447312304611e-06 0.0 0.0035707019294846224 0.0 0.0 0.003939020409702971 -0.0035352941708342907 0.0 0.0022629814461918103 0.0 0.0 0.004072801967221699 -0.006117074225911536 0.0 -0.00032465664410299397 0.0 0.0 0.00402507222441768 -0.007329995277563512 0.0 -0.003704863763706863 0.0 0.0 0.0037368238385405883 -0.007010758471081416 0.0 -0.007257720852894377 0.0 0.0 0.0031863705259923365 -0.005230897885365405 0.0 -0.010338057819914216 0.0 0.0 0.002392871145589512 -0.0022744806837293576 0.0 -0.01236889207254602 0.0 0.0 0.0014138818408412988 0.0013990450515815283 0.0 -0.012929253930391236 0.0 0.0 0.00033051361207795445 0.005213691683771959 0.0 -0.011817484617448215 0.0 0.0 -0.0007708799318457593 0.008549219768778621 0.0 -0.009086614114698412 0.0 0.0 -0.00182109742335224 0.010816964421924459 0.0 -0.005046146690433382 0.0 0.0 -0.0027870008928932953 0.011525595233360494 0.0 -0.00022969453078729282 0.0 0.0 -0.003688397272942997 0.01032831079451892 0.0 0.0046612191570657635 0.0 0.0 -0.004592734174581659 0.007040862729759089 0.0 0.008837478448041296 0.0 0.0 -0.005599676015349506 0.0016578963813207337 0.0 0.011500704952251488 0.0 0.0 -0.006704099395433256 -0.005607225704659614 0.0 0.011949557742917356 0.0 0.0 -0.007830849836701211 -0.013887774881406231 0.0 0.009702789062488238 0.0 0.0 -0.00900840463591619 -0.021117713605702852 0.0 0.003780539379283206 0.0 0.0 0.005187349611004477 0.011836957922631196 0.0 0.00190179669695917 0.0 0.0 0.00402492600771895 0.0057310278888330814 0.0 0.004423136016165572 0.0 0.0 0.0031405764514740144 -0.0010367808998957726 0.0 0.004840304454918354 0.0 0.0 0.002683224800526025 -0.007107736448390136 0.0 0.003428335004343487 0.0 0.0 0.002837715274443512 -0.01132237791297403 0.0 0.0005833628895364612 0.0 0.0 0.0037519137078926568 -0.012919831202782586 0.0 -0.0031518822162929293 0.0 0.0 0.005463887741474649 -0.011587073932734957 0.0 -0.00710793363659519 0.0 0.0 0.007863934884516756 -0.007460709785818064 0.0 -0.010587056489399355 0.0 0.0 0.010705247391839015 -0.0011057079806564556 0.0 -0.012965578484561951 0.0 0.0 0.013628350503720927 0.006562030627789083 0.0 -0.013784565696661057 0.0 0.0 0.01620682759733055 0.014395376156138912 0.0 -0.012819710514566944 0.0 0.0 0.018001424455181204 0.021168679004403744 0.0 -0.010118537180074626 0.0 0.0 0.018620312275095297 0.02573704661819551 0.0 -0.006001061243357876 0.0 0.0 0.017772751705554778 0.027182379147151194 0.0 -0.0010245922305720102 0.0 0.0 0.015317981125233113 0.02491752000690868 0.0 0.004083827119177163 0.0 0.0 0.011292361011844073 0.018747033071845387 0.0 0.008514964347056364 0.0 0.0 0.005940599415469328 0.008866281266976967 0.0 0.01147311870456135 0.0 0.0 -0.0003369510116175469 -0.004112834098767067 0.0 0.01227084661256232 0.0 0.0 -0.0071209132603197904 -0.019173245335661487 0.0 0.01016917219830562 0.0 0.0 -0.01405020213532488 -0.03542149692964575 0.0 0.004001671995909945 0.0 0.0 0.007881284824693354 0.018624252526277196 0.0 0.0023615492344131695 0.0 0.0 0.005040533426534751 0.008491859419769241 0.0 0.005462976486389414 0.0 0.0 0.0026961868924422674 -0.0018575743831849292 0.0 0.006187678609957531 0.0 0.0 0.0012403308491681123 -0.010804472120337616 0.0 0.0048899650211668 0.0 0.0 0.001090653474297965 -0.016908848687647457 0.0 0.0020434376496636414 0.0 0.0 0.0025522480185524604 -0.019149385021978136 0.0 -0.0017596576416656095 0.0 0.0 0.005713500353645738 -0.01708615714845023 0.0 -0.005843284151403462 0.0 0.0 0.010387921043041249 -0.01092519016571978 0.0 -0.00951322588006271 0.0 0.0 0.016109083082837348 -0.0014926659706695922 0.0 -0.012149635997635714 0.0 0.0 0.02218227304305732 0.009868851959843718 0.0 -0.013293108805268425 0.0 0.0 0.027771479714506657 0.02147983635427461 0.0 -0.012710764370048642 0.0 0.0 0.03201437775848866 0.031547838758400656 0.0 -0.010432198972418288 0.0 0.0 0.03414307524667862 0.038408379981047715 0.0 -0.006749199411708148 0.0 0.0 0.03359891045289833 0.040740784654932215 0.0 -0.002179635464903924 0.0 0.0 0.030117235706832335 0.03773271896338394 0.0 0.0025999350408600964 0.0 0.0 0.0237789896884098 0.029157503143114414 0.0 0.006838480687718784 0.0 0.0 0.014993112685813713 0.015368845338752319 0.0 0.009801839800673343 0.0 0.0 0.004407331919916251 -0.002820651330081685 0.0 0.010783459090778616 0.0 0.0 -0.00721121609334936 -0.024500741498772866 0.0 0.009025622401629714 0.0 0.0 -0.019113716089388978 -0.04932870646340131 0.0 0.003533050104041502 0.0 0.0 0.01102355597725099 0.02663054881011688 0.0 0.002781250531024129 0.0 0.0 0.006170857992454962 0.011942562891392772 0.0 0.006415115262340023 0.0 0.0 0.0019896481506010756 -0.00239393241143276 0.0 0.007490148405907305 0.0 0.0 -0.0008981906946305229 -0.014539641115773902 0.0 0.00644983501733591 0.0 0.0 -0.0018567228515983486 -0.02281635149469957 0.0 0.0038108456203090743 0.0 0.0 -0.00042657114579168064 -0.026007835855403245 0.0 0.0001694990260123669 0.0 0.0 0.0035356808427827436 -0.023585448362635986 0.0 -0.003821902865404938 0.0 0.0 0.009782968209570591 -0.015821247263580432 0.0 -0.007511611435754633 0.0 0.0 0.017676112321954443 -0.0037772290312531346 0.0 -0.010319598698079411 0.0 0.0 0.026249228766108624 0.010825483106950315 0.0 -0.011811662805190432 0.0 0.0 0.03433451311237901 0.025831818074473514 0.0 -0.011757020071449494 0.0 0.0 0.040720695291034774 0.038944043516599504 0.0 -0.010159534042257425 0.0 0.0 0.04432576743587378 0.048030472018733734 0.0 -0.007257157852305271 0.0 0.0 0.04435284258972253 0.05140895999741344 0.0 -0.003488209340992819 0.0 0.0 0.04041009838158099 0.04805415293321862 0.0 0.0005672381607787314 0.0 0.0 0.032565419595264086 0.03769774279986449 0.0 0.004264482564166319 0.0 0.0 0.021325278697351534 0.020783764169879607 0.0 0.006952960102100587 0.0 0.0 0.007543465573782265 -0.0017703051786105667 0.0 0.008006451877288653 0.0 0.0 -0.007734636904824033 -0.029046227389864065 0.0 0.006793333573002363 0.0 0.0 -0.02344305214886483 -0.06092360858286683 0.0 0.0026019381506734492 0.0 0.0 0.014494605632585724 0.035622568879587126 0.0 0.00310199915253026 0.0 0.0 0.007258888563714106 0.015949620278144182 0.0 0.007131229592786303 0.0 0.0 0.0008221263916043899 -0.0026406790687639454 0.0 0.00853014999916079 0.0 0.0 -0.003978540772122581 -0.018198192571784986 0.0 0.007829360653004873 0.0 0.0 -0.006298490413418106 -0.02888224751898096 0.0 0.0055587607451124356 0.0 0.0 -0.005525465429200643 -0.033334363427604 0.0 0.002282291762680055 0.0 0.0 -0.0014479215641901761 -0.030966108308730457 0.0 -0.0014108753482316887 0.0 0.0 0.005657225361204453 -0.02211282037646834 0.0 -0.004943089093610681 0.0 0.0 0.015022890265408902 -0.00803443869693615 0.0 -0.007803492533209713 0.0 0.0 0.02547472589345504 0.009228647829180876 0.0 -0.009604210025618483 0.0 0.0 0.03558089895399657 0.02712191524917521 0.0 -0.010126622634777782 0.0 0.0 0.04384845242460784 0.04291934840271276 0.0 -0.009346560255156018 0.0 0.0 0.04893218853676364 0.054093023812696144 0.0 -0.007433029682245829 0.0 0.0 0.0498274681150206 0.058647932322120684 0.0 -0.004721574855434616 0.0 0.0 0.04601237400697765 0.05537014892406183 0.0 -0.001664187062920215 0.0 0.0 0.03751727268432407 0.043936623892473395 0.0 0.0012274616501243172 0.0 0.0 0.02490883860091547 0.024843326001704427 0.0 0.0034388889029942616 0.0 0.0 0.009185015130346103 -0.0008813101196203294 0.0 0.004487951270409332 0.0 0.0 -0.008394627817602154 -0.032224655265453046 0.0 0.003940805238924311 0.0 0.0 -0.026534083221759555 -0.0690183908726804 0.0 0.0014163765022389106 0.0 0.0 0.018115122598367724 0.045160882949923375 0.0 0.0032447532849396044 0.0 0.0 0.008197810912557241 0.02028418094975477 0.0 0.0074248433769927204 0.0 0.0 -0.0008417253504202864 -0.0026161363295769168 0.0 0.009053838815195805 0.0 0.0 -0.007965578967411045 -0.021625051936050483 0.0 0.00872502612051597 0.0 0.0 -0.01213697740265882 -0.034830364917761474 0.0 0.006949683227478054 0.0 0.0 -0.0125950989338986 -0.0407889085102084 0.0 0.004222239748431829 0.0 0.0 -0.009048205274546254 -0.03887699379753307 0.0 0.0010346469134960643 0.0 0.0 -0.0017734047226415069 -0.029482082234379002 0.0 -0.002141857769518076 0.0 0.0 0.008383104445435118 -0.014018495850539913 0.0 -0.0048909464783131315 0.0 0.0 0.020098940951861495 0.0052272654797235595 0.0 -0.006890724267677549 0.0 0.0 0.03174740791547253 0.0253892975287476 0.0 -0.007946111967357585 0.0 0.0 0.04161874347495911 0.043407145210418906 0.0 -0.008007014060712353 0.0 0.0 0.04815925698614708 0.056439013474384826 0.0 -0.007167849236100809 0.0 0.0 0.05018912650051656 0.062239661975980715 0.0 -0.005646795082382271 0.0 0.0 0.04706645190048285 0.05943738090833414 0.0 -0.003750912184980299 0.0 0.0 0.03877047965990007 0.04765495781142747 0.0 -0.001829842345998341 0.0 0.0 0.025887908883974263 0.027432051119149894 0.0 -0.00023032962966476958 0.0 0.0 0.009505415728716127 -8.722384673855471e-05 0.0 0.0007484345166003293 0.0 0.0 -0.008986846046950703 -0.033716853194824835 0.0 0.0008983776942347039 0.0 0.0 -0.02815734516786684 -0.07307186150764171 0.0 0.00015423117270033478 0.0 0.0 0.021631061117027183 0.05457263112445973 0.0 0.0031378038140552657 0.0 0.0 0.008915243171625951 0.024619551742222426 0.0 0.007123515910702906 0.0 0.0 -0.002889716640100174 -0.0023562176699280244 0.0 0.008831448212718425 0.0 0.0 -0.01256885764860377 -0.02461738622328662 0.0 0.008867966253573773 0.0 0.0 -0.018917069118223166 -0.040276483426450224 0.0 0.007686194110638216 0.0 0.0 -0.021038090884881233 -0.04786407951302685 0.0 0.005676235525373404 0.0 0.0 -0.01855477690157345 -0.046743096969511275 0.0 0.0032002407621239243 0.0 0.0 -0.0117174149520372 -0.03733813417686036 0.0 0.0005956177066754034 0.0 0.0 -0.0014055416645402902 -0.021165819418201576 0.0 -0.0018397951585722972 0.0 0.0 0.010972935141755492 -0.0006784034543202362 0.0 -0.0038681154818213867 0.0 0.0 0.023665683929468308 0.021047330381551824 0.0 -0.005330325536308309 0.0 0.0 0.034815844436790706 0.04072050328902187 0.0 -0.006156979473206342 0.0 0.0 0.04271954871586712 0.05528091562159016 0.0 -0.0063675487564680356 0.0 0.0 0.04606297871309353 0.06230502918956669 0.0 -0.00605848444900896 0.0 0.0 0.04410184048660298 0.06030505937163061 0.0 -0.0053797457560437025 0.0 0.0 0.036754504249498804 0.04886320643116079 0.0 -0.00450496397647467 0.0 0.0 0.024594035114811213 0.028556341943307053 0.0 -0.0035943559509088903 0.0 0.0 0.008733061234754624 0.0006482169885952382 0.0 -0.0027516436003269936 0.0 0.0 -0.00938596440531719 -0.03346747420509755 0.0 -0.0019669472471151757 0.0 0.0 -0.02828233286028152 -0.07307847541024226 0.0 -0.0010304930217104053 0.0 0.0 0.024724963829943117 0.06299480356308011 0.0 0.0027326612299224395 0.0 0.0 0.00936473536629434 0.028550749512053865 0.0 0.006112729324721014 0.0 0.0 -0.005094729147780715 -0.0019080194547151372 0.0 0.007709629751979772 0.0 0.0 -0.017295356394105014 -0.026936021557035308 0.0 0.008074974741847613 0.0 0.0 -0.02589959810239646 -0.0447562707805939 0.0 0.007558641513959552 0.0 0.0 -0.029899686535619 -0.053927528484463985 0.0 0.0064125694206993026 0.0 0.0 -0.02883632121902858 -0.05381906160878013 0.0 0.004842164155630551 0.0 0.0 -0.022913327011020574 -0.04487351714384977 0.0 0.0030274955376065373 0.0 0.0 -0.013000320137790037 -0.0286545843562956 0.0 0.0011287263801062976 0.0 0.0 -0.0005304744682331047 -0.007692960078304887 0.0 -0.0007167737032509859 0.0 0.0 0.012689968935054514 0.014830223975439842 0.0 -0.0023987240954737323 0.0 0.0 0.024729298586761303 0.03550696403203545 0.0 -0.0038371963962505517 0.0 0.0 0.033798116504432485 0.051162124884389815 0.0 -0.0049824034053999365 0.0 0.0 0.0384962825141151 0.059275037776451614 0.0 -0.005809835580984781 0.0 0.0 0.038001092029470274 0.058292496158078785 0.0 -0.006311353999712449 0.0 0.0 0.03216797029139838 0.04777369173976365 0.0 -0.006479957615572066 0.0 0.0 0.021524310941682608 0.028328052892378212 0.0 -0.006287761391403577 0.0 0.0 0.007154126012783495 0.0013231461109482364 0.0 -0.0056502855149492045 0.0 0.0 -0.009521674845525114 -0.031638148228234644 0.0 -0.004366965867455896 0.0 0.0 -0.027052071550691236 -0.06947098851085137 0.0 -0.0020192072268161846 0.0 0.0 0.02705207155065004 0.06947098851079601 0.0 0.00201920722685446 0.0 0.0 0.009521674845579505 0.03163814822851259 0.0 0.004366965867501787 0.0 0.0 -0.007154126012637779 -0.0013231461102556031 0.0 0.00565028551497727 0.0 0.0 -0.02152431094175497 -0.028328052891838106 0.0 0.006287761391335017 0.0 0.0 -0.03216797029151744 -0.04777369173892558 0.0 0.0064799576153751325 0.0 0.0 -0.03800109202971232 -0.05829249615733845 0.0 0.006311353999600252 0.0 0.0 -0.0384962825149621 -0.059275037777004866 0.0 0.005809835580930321 0.0 0.0 -0.03379811650585421 -0.051162124885821565 0.0 0.004982403405246417 0.0 0.0 -0.024729298588426134 -0.03550696403362422 0.0 0.0038371963961944225 0.0 0.0 -0.01268996893676226 -0.014830223977118147 0.0 0.0023987240956463715 0.0 0.0 0.0005304744664425033 0.007692960076388886 0.0 0.0007167737034065677 0.0 0.0 0.013000320136128778 0.02865458435443552 0.0 -0.0011287263800637132 0.0 0.0 0.0229133270097847 0.04487351714258322 0.0 -0.0030274955375958063 0.0 0.0 0.02883632121823063 0.05381906160831565 0.0 -0.004842164155606658 0.0 0.0 0.029899686535456816 0.05392752848507802 0.0 -0.006412569420680532 0.0 0.0 0.02589959810273393 0.0447562707815981 0.0 -0.00755864151398204 0.0 0.0 0.01729535639461225 0.026936021558031854 0.0 -0.008074974741848819 0.0 0.0 0.005094729148176983 0.0019080194554961679 0.0 -0.007709629751926493 0.0 0.0 -0.009364735366094933 -0.028550749511695245 0.0 -0.006112729324674861 0.0 0.0 -0.02472496382997486 -0.06299480356321743 0.0 -0.0027326612299067555 0.0 0.0 0.028282332860277617 0.07307847541027356 0.0 0.0010304930217154738 0.0 0.0 0.009385964405413927 0.033467474205382514 0.0 0.001966947247158372 0.0 0.0 -0.008733061234515171 -0.0006482169879700255 0.0 0.002751643600306697 0.0 0.0 -0.024594035114612556 -0.02855634194283129 0.0 0.0035943559507887477 0.0 0.0 -0.03675450424894807 -0.04886320643013221 0.0 0.004504963976303601 0.0 0.0 -0.04410184048619021 -0.060305059370605395 0.0 0.005379745755748762 0.0 0.0 -0.04606297871390721 -0.06230502919013445 0.0 0.006058484448654385 0.0 0.0 -0.042719548717386036 -0.05528091562304662 0.0 0.006367548756203476 0.0 0.0 -0.034815844438097966 -0.04072050329004489 0.0 0.0061569794731578375 0.0 0.0 -0.023665683931031512 -0.021047330383049755 0.0 0.0053303255364194006 0.0 0.0 -0.010972935143685391 0.0006784034522329745 0.0 0.0038681154819541503 0.0 0.0 0.0014055416628130368 0.021165819416380367 0.0 0.0018397951587823748 0.0 0.0 0.01171741495080835 0.0373381341754839 0.0 -0.0005956177064684915 0.0 0.0 0.01855477690114393 0.04674309696926118 0.0 -0.003200240761962811 0.0 0.0 0.021038090885078506 0.04786407951375877 0.0 -0.0056762355251792915 0.0 0.0 0.01891706911862717 0.04027648342737475 0.0 -0.007686194110497008 0.0 0.0 0.012568857649162457 0.024617386224304632 0.0 -0.008867966253529952 0.0 0.0 0.002889716640627473 0.0023562176707979925 0.0 -0.008831448212703005 0.0 0.0 -0.008915243171378937 -0.024619551741872497 0.0 -0.00712351591067542 0.0 0.0 -0.0216310611170613 -0.054572631124635826 0.0 -0.0031378038140472348 0.0 0.0 0.028157345167910942 0.07307186150771376 0.0 -0.0001542311726914583 0.0 0.0 0.00898684604710279 0.03371685319519822 0.0 -0.0008983776942005365 0.0 0.0 -0.009505415728582265 8.722384709536904e-05 0.0 -0.0007484345166159217 0.0 0.0 -0.025887908883769427 -0.02743205111869051 0.0 0.0002303296295742284 0.0 0.0 -0.03877047965985103 -0.047654957810870445 0.0 0.0018298423457517553 0.0 0.0 -0.047066451900772105 -0.05943738090788738 0.0 0.0037509121844510225 0.0 0.0 -0.05018912650106747 -0.06223966197623474 0.0 0.00564679508185164 0.0 0.0 -0.048159256986794026 -0.05643901347518617 0.0 0.007167849235848713 0.0 0.0 -0.041618743475606866 -0.04340714521097486 0.0 0.008007014060608135 0.0 0.0 -0.03174740791656758 -0.025389297529921608 0.0 0.007946111967335523 0.0 0.0 -0.020098940953253614 -0.005227265481490345 0.0 0.006890724267806162 0.0 0.0 -0.008383104446730438 0.014018495849083908 0.0 0.004890946478576966 0.0 0.0 0.0017734047214168968 0.02948208223301002 0.0 0.0021418577699256662 0.0 0.0 0.009048205274078427 0.038876993797245026 0.0 -0.0010346469130549628 0.0 0.0 0.012595098934117938 0.040788908510839605 0.0 -0.004222239748120371 0.0 0.0 0.012136977403039158 0.03483036491854241 0.0 -0.00694968322728782 0.0 0.0 0.00796557896784106 0.02162505193689135 0.0 -0.00872502612041625 0.0 0.0 0.0008417253508904884 0.0026161363304007634 0.0 -0.0090538388151784 0.0 0.0 -0.008197810912330319 -0.020284180949455298 0.0 -0.007424843377040253 0.0 0.0 -0.018115122598407127 -0.04516088295006572 0.0 -0.003244753284986007 0.0 0.0 0.026534083221776042 0.06901839087276615 0.0 -0.0014163765022316103 0.0 0.0 0.008394627817619797 0.03222465526572545 0.0 -0.003940805238952257 0.0 0.0 -0.00918501513052319 0.0008813101197743071 0.0 -0.004487951270477653 0.0 0.0 -0.024908838601353938 -0.024843326001670746 0.0 -0.003438888903163423 0.0 0.0 -0.03751727268474654 -0.043936623892362255 0.0 -0.0012274616504423534 0.0 0.0 -0.04601237400693416 -0.05537014892373473 0.0 0.0016641870625230067 0.0 0.0 -0.049827468114638354 -0.058647932321772595 0.0 0.0047215748550214305 0.0 0.0 -0.048932188536699915 -0.054093023812948074 0.0 0.0074330296819087255 0.0 0.0 -0.04384845242474078 -0.04291934840296851 0.0 0.009346560254926266 0.0 0.0 -0.03558089895431376 -0.027121915249791975 0.0 0.010126622634708836 0.0 0.0 -0.02547472589399231 -0.009228647830355681 0.0 0.009604210025753174 0.0 0.0 -0.015022890265817487 0.008034438695967497 0.0 0.00780349253348056 0.0 0.0 -0.0056572253615169476 0.022112820375748823 0.0 0.004943089094035716 0.0 0.0 0.001447921563853672 0.030966108308403014 0.0 0.0014108753487595015 0.0 0.0 0.005525465429043941 0.03333436342784455 0.0 -0.0022822917622612694 0.0 0.0 0.006298490413504732 0.028882247519484962 0.0 -0.005558760744858708 0.0 0.0 0.003978540772360394 0.018198192572410368 0.0 -0.007829360652876639 0.0 0.0 -0.0008221263914066789 0.00264067906933736 0.0 -0.008530149999153637 0.0 0.0 -0.007258888563710098 -0.01594962027799952 0.0 -0.0071312295928660525 0.0 0.0 -0.014494605632603118 -0.03562256887959973 0.0 -0.003101999152575634 0.0 0.0 0.023443052148868687 0.06092360858292581 0.0 -0.0026019381507035723 0.0 0.0 0.007734636904843329 0.029046227390047905 0.0 -0.006793333573079792 0.0 0.0 -0.00754346557379786 0.0017703051787741797 0.0 -0.00800645187743114 0.0 0.0 -0.021325278697358053 -0.02078376416984331 0.0 -0.006952960102302861 0.0 0.0 -0.03256541959497817 -0.03769774279948221 0.0 -0.00426448256435026 0.0 0.0 -0.04041009838128999 -0.048054152932949366 0.0 -0.0005672381610017481 0.0 0.0 -0.04435284258942855 -0.0514089599971429 0.0 0.0034882093406436057 0.0 0.0 -0.04432576743548547 -0.04803047201867934 0.0 0.007257157851977287 0.0 0.0 -0.04072069529032827 -0.03894404351636581 0.0 0.010159534042056538 0.0 0.0 -0.034334513111766635 -0.02583181807452415 0.0 0.011757020071337578 0.0 0.0 -0.026249228765845976 -0.010825483107467601 0.0 0.011811662805253314 0.0 0.0 -0.01767611232188409 0.003777229030623061 0.0 0.010319598698350552 0.0 0.0 -0.009782968209491398 0.01582124726320472 0.0 0.007511611436109628 0.0 0.0 -0.0035356808427294446 0.023585448362469813 0.0 0.003821902865793988 0.0 0.0 0.00042657114577556685 0.026007835855540232 0.0 -0.00016949902562545948 0.0 0.0 0.0018567228515123364 0.022816351494945708 0.0 -0.0038108456200072233 0.0 0.0 0.0008981906945669683 0.014539641116080726 0.0 -0.0064498350171864425 0.0 0.0 -0.001989648150616615 0.002393932411747046 0.0 -0.0074901484059055525 0.0 0.0 -0.006170857992475759 -0.011942562891262842 0.0 -0.006415115262382773 0.0 0.0 -0.011023555977238987 -0.02663054881002712 0.0 -0.002781250531046705 0.0 0.0 0.019113716089411804 0.049328706463416375 0.0 -0.0035330501040528 0.0 0.0 0.007211216093468371 0.024500741498909902 0.0 -0.009025622401689736 0.0 0.0 -0.004407331919700567 0.0028206513302583263 0.0 -0.010783459090891987 0.0 0.0 -0.014993112685512459 -0.015368845338604805 0.0 -0.00980183980079026 0.0 0.0 -0.02377898968796424 -0.029157503142666845 0.0 -0.006838480687860748 0.0 0.0 -0.030117235706534764 -0.03773271896329852 0.0 -0.002599935041092426 0.0 0.0 -0.03359891045238794 -0.040740784654601465 0.0 0.0021796354646464668 0.0 0.0 -0.03414307524599502 -0.03840837998070133 0.0 0.006749199411535812 0.0 0.0 -0.032014377757760434 -0.031547838758104144 0.0 0.010432198972281214 0.0 0.0 -0.027771479713794223 -0.02147983635418534 0.0 0.012710764369933037 0.0 0.0 -0.02218227304238405 -0.009868851959928884 0.0 0.013293108805239756 0.0 0.0 -0.016109083082414023 0.0014926659704199766 0.0 0.012149635997759414 0.0 0.0 -0.010387921042841367 0.010925190165479763 0.0 0.009513225880335374 0.0 0.0 -0.005713500353532633 0.017086157148312055 0.0 0.005843284151705723 0.0 0.0 -0.002552248018400367 0.01914938502214243 0.0 0.0017596576419443618 0.0 0.0 -0.0010906534742824983 0.016908848687795533 0.0 -0.0020434376494283552 0.0 0.0 -0.0012403308492700627 0.010804472120431199 0.0 -0.0048899650210203855 0.0 0.0 -0.0026961868924852903 0.0018575743833571688 0.0 -0.006187678609901694 0.0 0.0 -0.005040533426516964 -0.008491859419626335 0.0 -0.005462976486387716 0.0 0.0 -0.007881284824638716 -0.018624252526140198 0.0 -0.0023615492344176794 0.0 0.0 0.01405020213534285 0.0354214969296388 0.0 -0.004001671995915657 0.0 0.0 0.007120913260412884 0.019173245335710496 0.0 -0.010169172198328526 0.0 0.0 0.00033695101180968804 0.004112834098895133 0.0 -0.012270846612616538 0.0 0.0 -0.005940599415259974 -0.008866281266880686 0.0 -0.011473118704648722 0.0 0.0 -0.011292361011555417 -0.01874703307156824 0.0 -0.008514964347205157 0.0 0.0 -0.015317981124953863 -0.024917520006875995 0.0 -0.004083827119341255 0.0 0.0 -0.017772751704938892 -0.027182379146710782 0.0 0.00102459223045076 0.0 0.0 -0.018620312274344814 -0.025737046617741993 0.0 0.006001061243258071 0.0 0.0 -0.018001424454423643 -0.021168679004135296 0.0 0.010118537179967989 0.0 0.0 -0.01620682759663989 -0.014395376155993827 0.0 0.012819710514455646 0.0 0.0 -0.013628350503213245 -0.0065620306278445575 0.0 0.013784565696576252 0.0 0.0 -0.010705247391365313 0.0011057079806694153 0.0 0.012965578484566415 0.0 0.0 -0.007863934884159107 0.007460709785814662 0.0 0.01058705648954965 0.0 0.0 -0.005463887741278081 0.011587073932633625 0.0 0.007107933636840778 0.0 0.0 -0.0037519137076995474 0.01291983120288433 0.0 0.003151882216508399 0.0 0.0 -0.0028377152743237354 0.01132237791309039 0.0 -0.000583362889387682 0.0 0.0 -0.002683224800492482 0.007107736448448466 0.0 -0.0034283350042237054 0.0 0.0 -0.0031405764514662563 0.0010367808999890529 0.0 -0.00484030445484464 0.0 0.0 -0.00402492600771696 -0.005731027888733121 0.0 -0.0044231360161370884 0.0 0.0 -0.005187349610974141 -0.011836957922508846 0.0 -0.001901796696956268 0.0 0.0 0.009008404635895107 0.021117713605687583 0.0 -0.00378053937927581 0.0 0.0 0.007830849836675568 0.01388777488139055 0.0 -0.009702789062475806 0.0 0.0 0.0067040993954485435 0.005607225704662172 0.0 -0.01194955774292862 0.0 0.0 0.005599676015446108 -0.0016578963813102684 0.0 -0.011500704952299897 0.0 0.0 0.004592734174851445 -0.007040862729605162 0.0 -0.008837478448137369 0.0 0.0 0.003688397273327064 -0.01032831079433302 0.0 -0.004661219157145453 0.0 0.0 0.002787000893412332 -0.011525595232968557 0.0 0.00022969453074262244 0.0 0.0 0.0018210974239080107 -0.010816964421529083 0.0 0.005046146690373822 0.0 0.0 0.0007708799322996944 -0.00854921976868746 0.0 0.009086614114620918 0.0 0.0 -0.00033051361161547094 -0.005213691683743249 0.0 0.011817484617315598 0.0 0.0 -0.0014138818403302993 -0.0013990450515364932 0.0 0.012929253930282712 0.0 0.0 -0.0023928711449910794 0.002274480683957843 0.0 0.012368892072538518 0.0 0.0 -0.003186370525409483 0.005230897885602057 0.0 0.010338057819983412 0.0 0.0 -0.0037368238381981474 0.00701075847110535 0.0 0.007257720853021882 0.0 0.0 -0.004025072224265112 0.007329995277558042 0.0 0.0037048637638494725 0.0 0.0 -0.00407280196711085 0.006117074225980449 0.0 0.00032465664421295326 0.0 0.0 -0.0039390204096504365 0.0035352941708687653 0.0 -0.0022629814461105134 0.0 0.0 -0.003674776838560347 -4.026447276910733e-06 0.0 -0.003570701929425067 0.0 0.0 -0.00333967633324523 -0.0037252200640169346 0.0 -0.003343846041944702 0.0 0.0 -0.00304115111157215 -0.006405118917004451 0.0 -0.0014189215152828477 0.0 0.0 0.005222478798699366 0.009340792924690087 0.0 -0.0025773953513011107 0.0 0.0 0.009414864883343171 0.009177979757631198 0.0 -0.007202255456454002 0.0 0.0 0.014166439750767108 0.007174820445111637 0.0 -0.009411090321131695 0.0 0.0 0.01917207537132142 0.005875996147270851 0.0 -0.009260670756494224 0.0 0.0 0.02373251324624757 0.0053175410094474925 0.0 -0.00721051561987465 0.0 0.0 0.026904887020829733 0.0052018534936247385 0.0 -0.0039156834811351045 0.0 0.0 0.028077045111273347 0.005277270299605602 0.0 -3.387438854596017e-05 0.0 0.0 0.02701740658791945 0.0053694732441188974 0.0 0.003797816329864842 0.0 0.0 0.023874155244027598 0.005376058518352638 0.0 0.0070272621697561825 0.0 0.0 0.019106374305804415 0.0052434129937735515 0.0 0.009234596493050718 0.0 0.0 0.013387546955219442 0.004952712028581141 0.0 0.010177074299601341 0.0 0.0 0.007485037535417349 0.004504135675362771 0.0 0.009811116708176942 0.0 0.0 0.002135899376911044 0.003907933571838575 0.0 0.008291237879166882 0.0 0.0 -0.002069406242784485 0.003173526240246982 0.0 0.0059435374188427465 0.0 0.0 -0.004776445165529938 0.0023052462084339007 0.0 0.003215104962419491 0.0 0.0 -0.005920939738774976 0.001296758290841004 0.0 0.0006113819247269936 0.0 0.0 -0.005727112536113122 0.00014126014351241426 0.0 -0.0013827841040608014 0.0 0.0 -0.004657787949429814 -0.0011442365429225594 0.0 -0.002367659560367552 0.0 0.0 -0.003174281210174386 -0.002381531620850169 0.0 -0.002152138849638468 0.0 0.0 -0.0016348505106780953 -0.0026105971295814936 0.0 -0.0008455701718487162 0.0 0.0 0.0023533023399087815 0.002313315644191135 0.0 -0.0006165259839968863 0.0 0.0 0.009459285789092811 0.005173722864015514 0.0 -0.002527911581085788 0.0 0.0 0.021055478388307357 0.008779180167567607 0.0 -0.003590732480253526 0.0 0.0 0.03459957799164682 0.013401233569879944 0.0 -0.0035383527933902023 0.0 0.0 0.04677985829210233 0.017689824127361285 0.0 -0.0026761388658886336 0.0 0.0 0.055394475406649095 0.020806063951755986 0.0 -0.0012870281711175634 0.0 0.0 0.05917578224948208 0.022225428504160486 0.0 0.00034149197197279796 0.0 0.0 0.057764829284196656 0.021791126427437323 0.0 0.0019448088702539834 0.0 0.0 0.05159653052646614 0.01963338164714195 0.0 0.0032916618388159147 0.0 0.0 0.04175482790374928 0.0161315880638727 0.0 0.004208388087734785 0.0 0.0 0.029758909330650393 0.011821057256921045 0.0 0.004593557430775132 0.0 0.0 0.017317923140927147 0.007313147607529845 0.0 0.004429326649640031 0.0 0.0 0.0060649737708556115 0.00318979165866897 0.0 0.0037798039853742154 0.0 0.0 -0.0026837175249364263 -7.54467779466879e-05 0.0 0.0027808079964962494 0.0 0.0 -0.008126989156099572 -0.0021987245150423395 0.0 0.0016191707413603078 0.0 0.0 -0.01009438668956793 -0.003116149129708149 0.0 0.0005061531174920554 0.0 0.0 -0.009086359299780083 -0.0030155392780223875 0.0 -0.0003512725498159466 0.0 0.0 -0.006196845211053414 -0.0022740383493212194 0.0 -0.0007837218977527789 0.0 0.0 -0.00300714026124613 -0.0014716859933650043 0.0 -0.0006799699113802419 0.0 0.0 -0.0007641355968149437 -0.0006303178380390939 0.0 -0.0001842269452930579 0.0 0.0 0.00037402003135825435 0.0 0.0010156044245240477 0.0 8.414919404127598e-05 0.0 0.0016339918391415343 0.0 0.004103859969054619 0.0 0.00019576043317384947 0.0 0.0036979875910224365 0.0 0.009236752846390299 0.0 0.00017989671330561192 0.0 0.0064476484170389575 0.0 0.016115537674365937 0.0 0.00014158056547827495 0.0 0.009728253642794664 0.0 0.024299184625768255 0.0 8.826177339791648e-05 0.0 0.01341835458257829 0.0 0.03352767190706127 0.0 1.769066382154837e-05 0.0 0.017407420367936424 0.0 0.04349153511162441 0.0 -5.5008423502047856e-05 0.0 0.02149090843083063 0.0 0.05369836832276573 0.0 -0.00013413640406088046 0.0 0.02539566448820811 0.0 0.0634548856362381 0.0 -0.0002116174574076917 0.0 0.028774651560673513 0.0 0.07189538760911053 0.0 -0.00029278286375022646 0.0 0.03124784664875767 0.0 0.07807738682980911 0.0 -0.000371022189626515 0.0 0.032464784101791155 0.0 0.08110967814569665 0.0 -0.00045250124125709775 0.0 0.032130492027666706 0.0 0.08028233750714414 0.0 -0.0005277480011703864 0.0 0.03011045547815302 0.0 0.07522089035587604 0.0 -0.0006043874616413331 0.0 0.02640540493924228 0.0 0.0659843725372787 0.0 -0.0006648943227037456 0.0 0.02129771897530782 0.0 0.0532028997527921 0.0 -0.0007191419284141423 0.0 0.015253110619386947 0.0 0.038149169584264196 0.0 -0.0007336156588521973 0.0 0.009138657184171837 0.0 0.022847911077554937 0.0 -0.0007217901271239373 0.0 0.004110188757542694 0.0 0.010342468951482414 0.0 -0.000695200275647708 0.0 0.0009329568963563207 0.0 0.002595388581096624 0.0 -0.0002963445637742412 0.0 0.0 0.0008704588866887224 0.002437852628663027 0.0 0.0 0.0002992338358450462 0.0 0.003843888330746622 0.009677465536636487 0.0 0.0 0.0007030589032047216 0.0 0.008503942342231265 0.02126676425436107 0.0 0.0 0.0007452728796943119 0.0 0.014012981724350934 0.035054413332755115 0.0 0.0 0.0007845612230663656 0.0 0.019090062017346733 0.04768971537419829 0.0 0.0 0.0008022383916978538 0.0 0.022777778955530806 0.056921546392102944 0.0 0.0 0.0007836638357192258 0.0 0.024591631192748122 0.061430724450290866 0.0 0.0 0.000758999081393802 0.0 0.024328094424560413 0.060786703309906036 0.0 0.0 0.0007192570907654556 0.0 0.02216554516245716 0.0553738212859332 0.0 0.0 0.0006801001419244293 0.0 0.01849260906559841 0.046208075571304894 0.0 0.0 0.0006359065754987655 0.0 0.013911478796591525 0.034757080908827655 0.0 0.0 0.0005936678472553289 0.0 0.00907132627385546 0.022671627775512005 0.0 0.0 0.0005500552499467341 0.0 0.004620260335352636 0.011544883895642035 0.0 0.0 0.000506759691344164 0.0 0.0010616399950074168 0.002658041927614467 0.0 0.0 0.0004624081837691399 0.0 -0.0012782972439274937 -0.0031984071078041063 0.0 0.0 0.0004151596158667359 0.0 -0.0023402036690670577 -0.0058489985329808905 0.0 0.0 0.00036634882904605946 0.0 -0.00229748631071078 -0.005758759298541334 0.0 0.0 0.00031207280296430913 0.0 -0.0015738781570031717 -0.003945354785735757 0.0 0.0 0.0002584830846525149 0.0 -0.0007428022662882984 -0.0018783880974777025 0.0 0.0 0.00022205977868825562 0.0 -0.00016486687597686283 -0.0004884013709769431 0.0 0.0 9.381830788590139e-05 -0.00037402003135349996 0.0 -0.0010156044245115102 0.0 8.41491940407254e-05 0.0 -0.0016339918391316665 0.0 -0.004103859969027919 0.0 0.00019576043316914022 0.0 -0.003697987590988808 0.0 -0.009236752846309582 0.0 0.000179896713304278 0.0 -0.006447648416992404 0.0 -0.016115537674245523 0.0 0.000141580565474139 0.0 -0.009728253642751438 0.0 -0.024299184625665354 0.0 8.826177339543842e-05 0.0 -0.013418354582562264 0.0 -0.033527671907015374 0.0 1.7690663817028806e-05 0.0 -0.017407420367933735 0.0 -0.04349153511162569 0.0 -5.500842350220391e-05 0.0 -0.02149090843083577 0.0 -0.053698368322770494 0.0 -0.00013413640406090128 0.0 -0.025395664488314956 0.0 -0.06345488563650978 0.0 -0.00021161745742102916 0.0 -0.02877465156078285 0.0 -0.07189538760938155 0.0 -0.00029278286374392984 0.0 -0.03124784664880762 0.0 -0.07807738682993418 0.0 -0.0003710221896354019 0.0 -0.03246478410186111 0.0 -0.08110967814587453 0.0 -0.00045250124125529006 0.0 -0.03213049202771184 0.0 -0.08028233750725208 0.0 -0.0005277480011737369 0.0 -0.030110455478208 0.0 -0.07522089035601788 0.0 -0.0006043874616462106 0.0 -0.026405404939264916 0.0 -0.06598437253733284 0.0 -0.0006648943227012989 0.0 -0.02129771897534364 0.0 -0.05320289975288258 0.0 -0.0007191419284221501 0.0 -0.015253110619442099 0.0 -0.03814916958440262 0.0 -0.0007336156588501043 0.0 -0.009138657184183965 0.0 -0.022847911077584934 0.0 -0.0007217901271248042 0.0 -0.004110188757560712 0.0 -0.010342468951527734 0.0 -0.0006952002756490714 0.0 -0.000932956896368292 0.0 -0.0025953885811267363 0.0 -0.0002963445637736001 0.0 0.0 -0.0008704588866851172 -0.0024378526286547185 0.0 0.0 0.00029923383584629754 0.0 -0.0038438883307457218 -0.009677465536634322 0.0 0.0 0.0007030589032064287 0.0 -0.008503942342228907 -0.021266764254355294 0.0 0.0 0.0007452728796972678 0.0 -0.014012981724403257 -0.03505441333288542 0.0 0.0 0.0007845612230636305 0.0 -0.019090062017447684 -0.04768971537445223 0.0 0.0 0.0008022383917021322 0.0 -0.022777778955626406 -0.056921546392338804 0.0 0.0 0.0007836638357200234 0.0 -0.024591631192849277 -0.06143072445054511 0.0 0.0 0.0007589990813921058 0.0 -0.02432809442468665 -0.06078670331021924 0.0 0.0 0.0007192570907610352 0.0 -0.022165545162505098 -0.05537382128605696 0.0 0.0 0.0006801001419308343 0.0 -0.01849260906555386 -0.04620807557119024 0.0 0.0 0.0006359065754989927 0.0 -0.013911478796556583 -0.03475708090874405 0.0 0.0 0.0005936678472551653 0.0 -0.009071326273824343 -0.02267162777543057 0.0 0.0 0.0005500552499487565 0.0 -0.004620260335354555 -0.01154488389564871 0.0 0.0 0.0005067596913389985 0.0 -0.0010616399949989256 -0.002658041927595266 0.0 0.0 0.00046240818377767557 0.0 0.001278297244023155 0.003198407108048185 0.0 0.0 0.0004151596158690182 0.0 0.0023402036691901277 0.005848998533283448 0.0 0.0 0.00036634882904563933 0.0 0.002297486310795048 0.005758759298754521 0.0 0.0 0.0003120728029662478 0.0 0.0015738781570557975 0.003945354785865598 0.0 0.0 0.0002584830846547942 0.0 0.0007428022663172949 0.001878388097551612 0.0 0.0 0.00022205977869036478 0.0 0.00016486687598393998 0.000488401370995062 0.0 0.0 9.381830788596396e-05</DataArray>
        <DataArray type="Float64" Name="Strain" NumberOfComponents="6" format="ascii">5.120084616062549e-07 3.246635993221527e-07 0.0 5.158354468316558e-07 0.0 0.0 2.4184658639383284e-06 2.688298888745453e-07 0.0 1.9039157519062367e-06 0.0 0.0 5.287229871415929e-06 -2.0469973510138504e-07 0.0 2.194421313763956e-06 0.0 0.0 7.88014358871737e-06 -6.190044418874049e-07 0.0 9.835631395337167e-07 0.0 0.0 8.847927037882328e-06 -9.216055461316028e-07 0.0 -1.417228728942282e-06 0.0 0.0 7.247499350323241e-06 -1.052071147415335e-06 0.0 -4.533678075805708e-06 0.0 0.0 2.6535388139877143e-06 -9.980402320318292e-07 0.0 -7.786262390179733e-06 0.0 0.0 -4.789057107206326e-06 -7.638021503191334e-07 0.0 -1.0583451159130964e-05 0.0 0.0 -1.4392664097736677e-05 -3.8597835112804117e-07 0.0 -1.2402114618952576e-05 0.0 0.0 -2.5030486427638975e-05 8.250647533913818e-08 0.0 -1.2861960806088391e-05 0.0 0.0 -3.5302192677928214e-05 5.703430975537349e-07 0.0 -1.1783486645701752e-05 0.0 0.0 -4.374317786745583e-05 1.0052305634157877e-06 0.0 -9.216653148887432e-06 0.0 0.0 -4.904837871327998e-05 1.3148052862863647e-06 0.0 -5.445464836936027e-06 0.0 0.0 -5.028561084801402e-05 1.4448843956725496e-06 0.0 -9.561775215801654e-07 0.0 0.0 -4.707204982613404e-05 1.3517262109305677e-06 0.0 3.6036788791966498e-06 0.0 0.0 -3.970392864125362e-05 1.0221191894741832e-06 0.0 7.493188824601014e-06 0.0 0.0 -2.923908456371253e-05 4.3859762676350956e-07 0.0 9.907387821530775e-06 0.0 0.0 -1.7543806321271248e-05 -3.5698881226261574e-07 0.0 1.0054050944717346e-05 0.0 0.0 -7.3897966434813305e-06 -1.3900085483754634e-06 0.0 7.078152427020423e-06 0.0 0.0 -1.4279760822339806e-06 -1.3719947082256835e-06 0.0 1.7262727551882339e-06 0.0 0.0 5.90611658847375e-07 1.9566569253491992e-06 0.0 2.367596481205592e-06 0.0 0.0 2.221668561844619e-06 1.1118191368108247e-06 0.0 6.0259887790832104e-06 0.0 0.0 4.200093332284944e-06 -7.188786368468578e-07 0.0 6.629446769158651e-06 0.0 0.0 5.78361659357238e-06 -2.4321051579530132e-06 0.0 3.871795491507542e-06 0.0 0.0 6.439643055236681e-06 -3.6651341863651796e-06 0.0 -1.7118693890622653e-06 0.0 0.0 5.698543649137984e-06 -4.215824274705875e-06 0.0 -9.002293894607918e-06 0.0 0.0 3.3388167391986927e-06 -4.001288737402647e-06 0.0 -1.6641904772710195e-05 0.0 0.0 -5.727259477666392e-07 -3.0535738210420074e-06 0.0 -2.32154660616721e-05 0.0 0.0 -5.683383264810577e-06 -1.5101206611382638e-06 0.0 -2.747112678285922e-05 0.0 0.0 -1.140646214346118e-05 4.023067534655475e-07 0.0 -2.8495808038947748e-05 0.0 0.0 -1.7009009108140233e-05 2.3991367283750063e-06 0.0 -2.5856870180729344e-05 0.0 0.0 -2.1723731836556293e-05 4.173603579168299e-06 0.0 -1.967633407561227e-05 0.0 0.0 -2.4869617290028282e-05 5.437489391182882e-06 0.0 -1.0633885723904964e-05 0.0 0.0 -2.596613699110287e-05 5.953547745024426e-06 0.0 9.484828781630414e-08 0.0 0.0 -2.4824145623116225e-05 5.560101314784805e-06 0.0 1.0963913747175084e-05 0.0 0.0 -2.1605496842365566e-05 4.175464289044726e-06 0.0 2.0189443735691155e-05 0.0 0.0 -1.6821676912422356e-05 1.792834001218081e-06 0.0 2.5929878118205237e-05 0.0 0.0 -1.1296511572752811e-05 -1.508244544839748e-06 0.0 2.635105289918728e-05 0.0 0.0 -5.7436729803008225e-06 -5.412033804294819e-06 0.0 2.0166315278082365e-05 0.0 0.0 -1.486161628817505e-06 -7.251801405207517e-06 0.0 7.2167069836417235e-06 0.0 0.0 4.791035447734812e-07 5.1886584724528315e-06 0.0 3.972980242826476e-06 0.0 0.0 1.8495883076369155e-06 2.3893495307792687e-06 0.0 9.362768917539096e-06 0.0 0.0 3.6731662596520904e-06 -1.4658842881185003e-06 0.0 9.997965402556942e-06 0.0 0.0 5.353138078036687e-06 -5.110902334715479e-06 0.0 6.336348049337067e-06 0.0 0.0 6.519631657586315e-06 -7.746195012800216e-06 0.0 -9.09038603488383e-07 0.0 0.0 6.957070335443084e-06 -8.940024167330583e-06 0.0 -1.0373618538379216e-05 0.0 0.0 6.541127226973155e-06 -8.505488006497651e-06 0.0 -2.0321618388104253e-05 0.0 0.0 5.278729680138498e-06 -6.5054460957623394e-06 0.0 -2.8946561895759803e-05 0.0 0.0 3.302663419081255e-06 -3.2316291419651625e-06 0.0 -3.4632897803128855e-05 0.0 0.0 8.542638202086874e-07 8.334923152450088e-07 0.0 -3.620191100509546e-05 0.0 0.0 -1.7549630614308288e-06 5.0814862389407764e-06 0.0 -3.3088956928855e-05 0.0 0.0 -4.190567839357207e-06 8.857571741516923e-06 0.0 -2.544251952115555e-05 0.0 0.0 -6.147883192122023e-06 1.1545403391265353e-05 0.0 -1.4129210733213468e-05 0.0 0.0 -7.397238986237492e-06 1.264039559051781e-05 0.0 -6.431446862044199e-07 0.0 0.0 -7.819721590750564e-06 1.1803669703696116e-05 0.0 1.3051413639784137e-05 0.0 0.0 -7.409079266485294e-06 8.877956399591752e-06 0.0 2.4744939654515627e-05 0.0 0.0 -6.262834567877799e-06 3.897766787460536e-06 0.0 3.220197386630417e-05 0.0 0.0 -4.46120911356941e-06 -2.925585946486311e-06 0.0 3.3458761680168594e-05 0.0 0.0 -2.2757398841387185e-06 -1.0755434946725745e-05 0.0 2.7167809374967065e-05 0.0 0.0 -5.61319193635048e-07 -1.7514351751336377e-05 0.0 1.0585510261992975e-05 0.0 0.0 4.5256644195199954e-07 9.762018078229403e-06 0.0 5.325030751485675e-06 0.0 0.0 1.7325148521857183e-06 4.1210574857455e-06 0.0 1.23847808452636e-05 0.0 0.0 3.5552888114323238e-06 -2.2930114804853787e-06 0.0 1.3552852473771391e-05 0.0 0.0 5.526319379882079e-06 -8.181026368600546e-06 0.0 9.599338012161764e-06 0.0 0.0 7.366666439633123e-06 -1.2457464022751432e-05 0.0 1.6334160907020912e-06 0.0 0.0 8.91984618900569e-06 -1.4420596685939647e-05 0.0 -8.8252702056202e-06 0.0 0.0 1.0098717314568631e-05 -1.3772629029324816e-05 0.0 -1.9902214182466532e-05 0.0 0.0 1.084821879884398e-05 -1.0606283739624766e-05 0.0 -2.964375817031819e-05 0.0 0.0 1.1147530584101598e-05 -5.387806937392062e-06 0.0 -3.630361975677346e-05 0.0 0.0 1.1003538252605292e-05 1.110690426300712e-06 0.0 -3.859678395065096e-05 0.0 0.0 1.0448677134874985e-05 7.912645117206689e-06 0.0 -3.589518944078744e-05 0.0 0.0 9.533952853419704e-06 1.3968109222331262e-05 0.0 -2.833190410420895e-05 0.0 0.0 8.325493627817091e-06 1.828892170815739e-05 0.0 -1.680297148140205e-05 0.0 0.0 6.899800046694297e-06 2.0073278464929283e-05 0.0 -2.8688582456016287e-06 0.0 0.0 5.350973122469641e-06 1.8790327556815433e-05 0.0 1.1434715933696056e-05 0.0 0.0 3.7935477831059185e-06 1.4230088667107757e-05 0.0 2.384190017175782e-05 0.0 0.0 2.3940869086785403e-06 6.4900415007892355e-06 0.0 3.2124732372771775e-05 0.0 0.0 1.3081826278892798e-06 -3.9780536941200475e-06 0.0 3.4358370515174496e-05 0.0 0.0 5.483848739448036e-07 -1.632488003153357e-05 0.0 2.8473682155255734e-05 0.0 0.0 1.1839663653342498e-07 -2.9801416075515802e-05 0.0 1.1204681588547846e-05 0.0 0.0 4.31583814182475e-07 1.5471738596399852e-05 0.0 6.612337856356875e-06 0.0 0.0 1.6437896586270551e-06 6.475646049155339e-06 0.0 1.529633416189036e-05 0.0 0.0 3.4392166457162385e-06 -2.936049140161836e-06 0.0 1.7325500107881086e-05 0.0 0.0 5.5621196973031584e-06 -1.130060446000486e-05 0.0 1.3691902059267038e-05 0.0 0.0 7.854192949356946e-06 -1.734511007736664e-05 0.0 5.721625419058197e-06 0.0 0.0 1.0212002027343715e-05 -2.017028422939912e-05 0.0 -4.9270413966637065e-06 0.0 0.0 1.2547963213025833e-05 -1.9371557289908527e-05 0.0 -1.636119562392969e-05 0.0 0.0 1.475799710932916e-05 -1.5080358582936278e-05 0.0 -2.6637032464175587e-05 0.0 0.0 1.6706149471105183e-05 -7.936299203804531e-06 0.0 -3.4018980793379996e-05 0.0 0.0 1.823473225911983e-05 9.95942742620789e-07 0.0 -3.722070465475159e-05 0.0 0.0 1.9179545172796813e-05 1.0371244468471941e-05 0.0 -3.55901402361362e-05 0.0 0.0 1.9395242255128396e-05 1.8742087655005187e-05 0.0 -2.9210157122771204e-05 0.0 0.0 1.8779723254259526e-05 2.4751149882376266e-05 0.0 -1.889775835278281e-05 0.0 0.0 1.7302596590925443e-05 2.7301220473772877e-05 0.0 -6.102979301730987e-06 0.0 0.0 1.5024148121478759e-05 2.5685824680650997e-05 0.0 7.2798181144082695e-06 0.0 0.0 1.211598843116403e-05 1.9645907267750493e-05 0.0 1.9147745925612593e-05 0.0 0.0 8.845574550312784e-06 9.371600264426834e-06 0.0 2.7445151441885358e-05 0.0 0.0 5.535592451948925e-06 -4.583584098048185e-06 0.0 3.019368545418012e-05 0.0 0.0 2.5890805061597874e-06 -2.161625506143312e-05 0.0 2.52717427245632e-05 0.0 0.0 6.177664959715476e-07 -4.1683220027645714e-05 0.0 9.892540291316204e-06 0.0 0.0 3.7133645320423646e-07 2.2221126419216485e-05 0.0 7.787501486867561e-06 0.0 0.0 1.3938328358978535e-06 9.474219694410785e-06 0.0 1.7962322734552064e-05 0.0 0.0 2.9472211151741796e-06 -3.18979167167319e-06 0.0 2.097241553654045e-05 0.0 0.0 4.917665751679038e-06 -1.4180364837921692e-05 0.0 1.8059538048540547e-05 0.0 0.0 7.269817746281479e-06 -2.207366235406023e-05 0.0 1.0670367736865408e-05 0.0 0.0 9.976563196369617e-06 -2.5837207397086572e-05 0.0 4.7459727283462723e-07 0.0 0.0 1.2969860187837139e-05 -2.499972069974908e-05 0.0 -1.0701328023133825e-05 0.0 0.0 1.6111467115002764e-05 -1.9734434547408668e-05 0.0 -2.1032512020112972e-05 0.0 0.0 1.9187003934455698e-05 -1.0847673960034912e-05 0.0 -2.889487635462235e-05 0.0 0.0 2.1919035523328495e-05 3.257916005068649e-07 0.0 -3.307265585453321e-05 0.0 0.0 2.40017858825896e-05 1.209801282952191e-05 0.0 -3.291965620005858e-05 0.0 0.0 2.514307788439497e-05 2.265576540018559e-05 0.0 -2.844669531832079e-05 0.0 0.0 2.511357862838028e-05 3.030016504438422e-05 0.0 -2.0320041986454757e-05 0.0 0.0 2.3789258590757147e-05 3.366782296152443e-05 0.0 -9.766986154779892e-06 0.0 0.0 2.1188437208293533e-05 3.189011358058623e-05 0.0 1.588266850180448e-06 0.0 0.0 1.748632247531829e-05 2.4671574961758855e-05 0.0 1.1940551179665691e-05 0.0 0.0 1.301177302939969e-05 1.2253652690938991e-05 0.0 1.946828828588164e-05 0.0 0.0 8.25158764522649e-06 -4.787691408123472e-06 0.0 2.2418065256408226e-05 0.0 0.0 3.883854051121595e-06 -2.595237262793445e-05 0.0 1.9021334004406614e-05 0.0 0.0 9.263912842819022e-07 -5.1546387723320895e-05 0.0 7.285426821885657e-06 0.0 0.0 2.455780807508724e-07 2.9824726626552836e-05 0.0 8.685597627084727e-06 0.0 0.0 8.79040452456432e-07 1.3046064852658539e-05 0.0 1.9967442859801647e-05 0.0 0.0 1.878398019109968e-06 -2.969529625405701e-06 0.0 2.3884419997650204e-05 0.0 0.0 3.3007362565914118e-06 -1.660677626293595e-05 0.0 2.1922209828413645e-05 0.0 0.0 5.254408594174279e-06 -2.6362851353613715e-05 0.0 1.5564530086314817e-05 0.0 0.0 7.808279941840956e-06 -3.1124177255923734e-05 0.0 6.390416935504154e-06 0.0 0.0 1.0938521759302006e-05 -3.038693968305438e-05 0.0 -3.950450975048728e-06 0.0 0.0 1.450235351179179e-05 -2.437571052095012e-05 0.0 -1.3840649462109905e-05 0.0 0.0 1.823666574418336e-05 -1.404359480309971e-05 0.0 -2.1849779092987194e-05 0.0 0.0 2.1783266761782685e-05 -9.612425282011385e-07 0.0 -2.689178807173175e-05 0.0 0.0 2.4732132854326484e-05 1.2889555667576583e-05 0.0 -2.8354543377377788e-05 0.0 0.0 2.668071306352273e-05 2.5379967432869626e-05 0.0 -2.617036871443685e-05 0.0 0.0 2.7294979011685173e-05 3.452014839799069e-05 0.0 -2.081248311028832e-05 0.0 0.0 2.6368295186172315e-05 3.871694507611244e-05 0.0 -1.3220409595216922e-05 0.0 0.0 2.386431443735292e-05 3.696519932127076e-05 0.0 -4.659723776176602e-06 0.0 0.0 1.9942623127334708e-05 2.8929714818743765e-05 0.0 3.436892620348088e-06 0.0 0.0 1.4971508200233695e-05 1.487979056133824e-05 0.0 9.628888928383932e-06 0.0 0.0 9.537539178194234e-06 -4.55531617175877e-06 0.0 1.2566263557146127e-05 0.0 0.0 4.495234288579065e-06 -2.8866804138412184e-05 0.0 1.103425466898807e-05 0.0 0.0 1.0732731273125994e-06 -5.840475758397656e-05 0.0 3.96585420626895e-06 0.0 0.0 5.0769418398372966e-08 3.7914833910576283e-05 0.0 9.085309197830891e-06 0.0 0.0 8.413853265533344e-08 1.7005056584731872e-05 0.0 2.0789561455579617e-05 0.0 0.0 2.0472918141048043e-07 -2.279446189408802e-06 0.0 2.5350748682548252e-05 0.0 0.0 6.844418070091483e-07 -1.843882034908606e-05 0.0 2.4430073137444717e-05 0.0 0.0 1.795168564445772e-06 -2.9975573956697945e-05 0.0 1.9459113036938548e-05 0.0 0.0 3.7204644701847585e-06 -3.5750868936648954e-05 0.0 1.182227129560912e-05 0.0 0.0 6.502592244466976e-06 -3.525771168771457e-05 0.0 2.89701135778898e-06 0.0 0.0 1.0019428171110092e-05 -2.8772720345322395e-05 0.0 -5.997201754650613e-06 0.0 0.0 1.3990502785651082e-05 -1.737173762871396e-05 0.0 -1.3694650139276768e-05 0.0 0.0 1.800803475997207e-05 -2.8123109010210384e-06 0.0 -1.9294027949497136e-05 0.0 0.0 2.1591688903973486e-05 1.2690334362558586e-05 0.0 -2.2249113508601237e-05 0.0 0.0 2.425588539079155e-05 2.6759647820435254e-05 0.0 -2.2419639369994587e-05 0.0 0.0 2.5583651596393147e-05 3.717531067992599e-05 0.0 -2.0069977861082262e-05 0.0 0.0 2.529326171012427e-05 4.2164011375774087e-05 0.0 -1.5811026230670358e-05 0.0 0.0 2.3291499537149185e-05 4.0610800148140995e-05 0.0 -1.0502554117944838e-05 0.0 0.0 1.970849653532908e-05 3.214676594746744e-05 0.0 -5.123558568795355e-06 0.0 0.0 1.4915088436314304e-05 1.707688756556019e-05 0.0 -6.449229630613548e-07 0.0 0.0 9.540305267411548e-06 -3.889390138225006e-06 0.0 2.095616646480922e-06 0.0 0.0 4.49989523097923e-06 -3.0122114776044548e-05 0.0 2.515457543857171e-06 0.0 0.0 1.0713994351898487e-06 -6.180892344049497e-05 0.0 4.3184728356093734e-07 0.0 0.0 -1.9799133275671303e-07 4.592020667764885e-05 0.0 8.785850679354744e-06 0.0 0.0 -9.325775252630201e-07 2.1053454473572043e-05 0.0 1.9945844549968137e-05 0.0 0.0 -1.947229572128964e-06 -1.2003310138879547e-06 0.0 2.4728054995611588e-05 0.0 0.0 -2.721903159289125e-06 -1.9589843163845108e-05 0.0 2.4830305510006563e-05 0.0 0.0 -2.8064757476430784e-06 -3.2709655779160956e-05 0.0 2.1521343509787004e-05 0.0 0.0 -1.892459079670493e-06 -3.944884315907435e-05 0.0 1.589345947104553e-05 0.0 0.0 1.4246188623105866e-07 -3.932118620888189e-05 0.0 8.960674133946988e-06 0.0 0.0 3.217838718706947e-06 -3.265116819604548e-05 0.0 1.6677295786911294e-06 0.0 0.0 7.06078610274034e-06 -2.0603602752385458e-05 0.0 -5.151426444002432e-06 0.0 0.0 1.1244296523483586e-05 -5.067577511022433e-06 0.0 -1.0830723349099882e-05 0.0 0.0 1.5246751776847574e-05 1.15810568097645e-05 0.0 -1.4924911501663264e-05 0.0 0.0 1.852764312118195e-05 2.6794165514305588e-05 0.0 -1.7239542524977758e-05 0.0 0.0 2.060718246723105e-05 3.8193096135243305e-05 0.0 -1.7829136518110498e-05 0.0 0.0 2.114096703726685e-05 4.387983770432927e-05 0.0 -1.6963756457225086e-05 0.0 0.0 1.9979816737950742e-05 4.2664323176989405e-05 0.0 -1.5063288116922365e-05 0.0 0.0 1.7209221677034487e-05 3.416140473136126e-05 0.0 -1.2613899134129075e-05 0.0 0.0 1.317149833748839e-05 1.8718727897382566e-05 0.0 -1.0064196662544892e-05 0.0 0.0 8.473774439316529e-06 -2.845007505306612e-06 0.0 -7.704602080915581e-06 0.0 0.0 4.001025276721832e-06 -2.971308844297067e-05 0.0 -5.507452291922492e-06 0.0 0.0 9.49057303815386e-07 -6.176554226612965e-05 0.0 -2.8853804607891346e-06 0.0 0.0 -4.7295759528892885e-07 5.310481803110286e-05 0.0 7.65145144378283e-06 0.0 0.0 -2.0555644385272088e-06 2.4804855365536127e-05 0.0 1.7115642109218838e-05 0.0 0.0 -4.331521365894659e-06 1.2987220439714893e-07 0.0 2.158696330554336e-05 0.0 0.0 -6.520947771290894e-06 -2.00178789993933e-05 0.0 2.260992927717332e-05 0.0 0.0 -7.99708979015889e-06 -3.4396431539635326e-05 0.0 2.1164196239086744e-05 0.0 0.0 -8.3286751418334e-06 -4.196765387021638e-05 0.0 1.7955194377958045e-05 0.0 0.0 -7.308696575516527e-06 -4.2284533121168695e-05 0.0 1.3558059635765543e-05 0.0 0.0 -4.963920153480666e-06 -3.5708186339441535e-05 0.0 8.476987505298304e-06 0.0 0.0 -1.5384863952717973e-06 -2.3454456301179583e-05 0.0 3.1604338642976333e-06 0.0 0.0 2.54670956308885e-06 -7.4807702910116445e-06 0.0 -2.0069663691027602e-06 0.0 0.0 6.757879344878576e-06 9.754236401418035e-06 0.0 -6.71642746732645e-06 0.0 0.0 1.052651297394712e-05 2.5615244597330926e-05 0.0 -1.0744149909501544e-05 0.0 0.0 1.3333266550676555e-05 3.764287828261682e-05 0.0 -1.3950729535119821e-05 0.0 0.0 1.4786267403534452e-05 4.3876524770805564e-05 0.0 -1.6267539626757387e-05 0.0 0.0 1.4684093566238762e-05 4.3092059346290665e-05 0.0 -1.7671791199194856e-05 0.0 0.0 1.3058493595492922e-05 3.49065036232043e-05 0.0 -1.8143881323601784e-05 0.0 0.0 1.019308978473132e-05 1.971832851570517e-05 0.0 -1.7605731895930016e-05 0.0 0.0 6.6248675684042e-06 -1.5385042941651616e-06 0.0 -1.5820799441857773e-05 0.0 0.0 3.1335844457687444e-06 -2.7829478290024598e-05 0.0 -1.2227504428876507e-05 0.0 0.0 7.363238536493156e-07 -5.865015989057488e-05 0.0 -5.653780235085317e-06 0.0 0.0 -7.363238536683685e-07 5.8650159890535994e-05 0.0 5.653780235192488e-06 0.0 0.0 -3.1335844458255303e-06 2.7829478290280785e-05 0.0 1.2227504429005002e-05 0.0 0.0 -6.624867568535539e-06 1.538504294799509e-06 0.0 1.5820799441936354e-05 0.0 0.0 -1.0193089785019726e-05 -1.9718328515136115e-05 0.0 1.7605731895738044e-05 0.0 0.0 -1.3058493595947213e-05 -3.490650362231859e-05 0.0 1.8143881323050366e-05 0.0 0.0 -1.4684093566776946e-05 -4.309205934545351e-05 0.0 1.7671791198880705e-05 0.0 0.0 -1.4786267404160154e-05 -4.3876524771020026e-05 0.0 1.6267539626604898e-05 0.0 0.0 -1.3333266551525582e-05 -3.7642878283479876e-05 0.0 1.3950729534689966e-05 0.0 0.0 -1.0526512974976447e-05 -2.5615244598253765e-05 0.0 1.0744149909344382e-05 0.0 0.0 -6.757879345915001e-06 -9.754236402413241e-06 0.0 6.71642746780984e-06 0.0 0.0 -2.546709564113051e-06 7.480770289811884e-06 0.0 2.0069663695383893e-06 0.0 0.0 1.5384863943545686e-06 2.3454456299984006e-05 0.0 -3.1604338641783964e-06 0.0 0.0 4.963920152751413e-06 3.570818633866933e-05 0.0 -8.476987505268256e-06 0.0 0.0 7.308696574904367e-06 4.228453312102339e-05 0.0 -1.3558059635698641e-05 0.0 0.0 8.328675141425603e-06 4.1967653870895295e-05 0.0 -1.7955194377905488e-05 0.0 0.0 7.997089790094686e-06 3.439643154050453e-05 0.0 -2.116419623914971e-05 0.0 0.0 6.52094777139951e-06 2.001787900018695e-05 0.0 -2.2609929277176693e-05 0.0 0.0 4.331521365978516e-06 -1.2987220377462548e-07 0.0 -2.158696330539418e-05 0.0 0.0 2.0555644385831663e-06 -2.480485536525727e-05 0.0 -1.7115642109089608e-05 0.0 0.0 4.7295759531211404e-07 -5.3104818031227485e-05 0.0 -7.651451443738915e-06 0.0 0.0 -9.490573038318063e-07 6.17655422661625e-05 0.0 2.8853804608033263e-06 0.0 0.0 -4.001025276739079e-06 2.9713088443216938e-05 0.0 5.5074522920434405e-06 0.0 0.0 -8.47377443932716e-06 2.845007505836043e-06 0.0 7.70460208085875e-06 0.0 0.0 -1.3171498337480038e-05 -1.8718727896986266e-05 0.0 1.0064196662208495e-05 0.0 0.0 -1.7209221676895187e-05 -3.416140473055297e-05 0.0 1.2613899133650081e-05 0.0 0.0 -1.997981673794805e-05 -4.26643231761293e-05 0.0 1.5063288116096532e-05 0.0 0.0 -2.1140967037853427e-05 -4.3879837704571554e-05 0.0 1.6963756456232276e-05 0.0 0.0 -2.0607182468167384e-05 -3.81930961360922e-05 0.0 1.7829136517369734e-05 0.0 0.0 -1.8527643122080005e-05 -2.6794165514805703e-05 0.0 1.7239542524841944e-05 0.0 0.0 -1.524675177781161e-05 -1.1581056810637147e-05 0.0 1.492491150197432e-05 0.0 0.0 -1.124429652457858e-05 5.067577509707131e-06 0.0 1.083072334947162e-05 0.0 0.0 -7.06078610373911e-06 2.060360275125515e-05 0.0 5.151426444590649e-06 0.0 0.0 -3.2178387193852093e-06 3.2651168195160554e-05 0.0 -1.6677295781117758e-06 0.0 0.0 -1.4246188656054854e-07 3.932118620880361e-05 0.0 -8.96067413349587e-06 0.0 0.0 1.8924590795749948e-06 3.9448843159727366e-05 0.0 -1.5893459470502015e-05 0.0 0.0 2.8064757476772684e-06 3.2709655779923875e-05 0.0 -2.152134350939162e-05 0.0 0.0 2.721903159440603e-06 1.9589843164639648e-05 0.0 -2.483030550988386e-05 0.0 0.0 1.947229572308276e-06 1.200331014547003e-06 0.0 -2.472805499556841e-05 0.0 0.0 9.325775253700598e-07 -2.105345447332092e-05 0.0 -1.9945844549891175e-05 0.0 0.0 1.9799133279303007e-07 -4.59202066778113e-05 0.0 -8.785850679332257e-06 0.0 0.0 -1.0713994351745606e-06 6.180892344054937e-05 0.0 -4.3184728353608327e-07 0.0 0.0 -4.4998952309765e-06 3.0122114776357103e-05 0.0 -2.515457543761502e-06 0.0 0.0 -9.540305267420417e-06 3.889390138528277e-06 0.0 -2.0956166465245806e-06 0.0 0.0 -1.491508843629322e-05 -1.707688756518274e-05 0.0 6.449229628078395e-07 0.0 0.0 -1.9708496535502844e-05 -3.214676594693003e-05 0.0 5.123558568104915e-06 0.0 0.0 -2.3291499537617158e-05 -4.061080014757853e-05 0.0 1.0502554116462862e-05 0.0 0.0 -2.529326171057358e-05 -4.2164011375807744e-05 0.0 1.581102622918459e-05 0.0 0.0 -2.5583651596719556e-05 -3.717531068046855e-05 0.0 2.0069977860376396e-05 0.0 0.0 -2.4255885391216927e-05 -2.6759647820732106e-05 0.0 2.2419639369702778e-05 0.0 0.0 -2.1591688904598932e-05 -1.2690334363294575e-05 0.0 2.224911350853946e-05 0.0 0.0 -1.8008034760657475e-05 2.812310899811101e-06 0.0 1.929402794985725e-05 0.0 0.0 -1.3990502786363999e-05 1.737173762777608e-05 0.0 1.3694650140015506e-05 0.0 0.0 -1.0019428171787112e-05 2.8772720344443262e-05 0.0 5.9972017557918645e-06 0.0 0.0 -6.5025922448195845e-06 3.525771168761365e-05 0.0 -2.8970113565538957e-06 0.0 0.0 -3.720464470217902e-06 3.5750868937192424e-05 0.0 -1.1822271294737038e-05 0.0 0.0 -1.795168564377808e-06 2.9975573957326745e-05 0.0 -1.9459113036405897e-05 0.0 0.0 -6.844418069154798e-07 1.8438820349754922e-05 0.0 -2.44300731371655e-05 0.0 0.0 -2.0472918126981705e-07 2.279446190044568e-06 0.0 -2.5350748682499517e-05 0.0 0.0 -8.413853254819833e-08 -1.700505658452317e-05 0.0 -2.0789561455712706e-05 0.0 0.0 -5.076941838083903e-08 -3.7914833910702864e-05 0.0 -9.08530919796082e-06 0.0 0.0 -1.0732731273304182e-06 5.840475758405572e-05 0.0 -3.965854206248508e-06 0.0 0.0 -4.495234288670387e-06 2.8866804138677532e-05 0.0 -1.103425466906632e-05 0.0 0.0 -9.537539178432911e-06 4.555316171983583e-06 0.0 -1.2566263557337428e-05 0.0 0.0 -1.4971508200685638e-05 -1.487979056112917e-05 0.0 -9.628888928857584e-06 0.0 0.0 -1.994262312780163e-05 -2.8929714818463637e-05 0.0 -3.436892621238589e-06 0.0 0.0 -2.386431443744027e-05 -3.696519932096106e-05 0.0 4.6597237750644185e-06 0.0 0.0 -2.6368295185929315e-05 -3.8716945075917244e-05 0.0 1.3220409594060004e-05 0.0 0.0 -2.7294979011520683e-05 -3.452014839826811e-05 0.0 2.081248310934443e-05 0.0 0.0 -2.6680713063553376e-05 -2.5379967433072192e-05 0.0 2.617036871379354e-05 0.0 0.0 -2.473213285439697e-05 -1.2889555668066466e-05 0.0 2.835454337718474e-05 0.0 0.0 -2.1783266761850038e-05 9.61242527241246e-07 0.0 2.6891788072108883e-05 0.0 0.0 -1.8236665744204484e-05 1.404359480229449e-05 0.0 2.1849779093745566e-05 0.0 0.0 -1.4502353511816477e-05 2.43757105203556e-05 0.0 1.3840649463300003e-05 0.0 0.0 -1.0938521759507533e-05 3.0386939682861542e-05 0.0 3.950450976526604e-06 0.0 0.0 -7.80827994209388e-06 3.112417725622697e-05 0.0 -6.390416934331554e-06 0.0 0.0 -5.254408594289255e-06 2.636285135408307e-05 0.0 -1.556453008560438e-05 0.0 0.0 -3.3007362566037535e-06 1.660677626346621e-05 0.0 -2.1922209828054587e-05 0.0 0.0 -1.8783980191416228e-06 2.9695296259000313e-06 0.0 -2.388441999763018e-05 0.0 0.0 -8.790404525102895e-07 -1.304606485251548e-05 0.0 -1.9967442860024945e-05 0.0 0.0 -2.4557808076322494e-07 -2.982472662655848e-05 0.0 -8.685597627211774e-06 0.0 0.0 -9.263912843016389e-07 5.154638772337833e-05 0.0 -7.285426821970002e-06 0.0 0.0 -3.883854051175834e-06 2.5952372628110573e-05 0.0 -1.9021334004623418e-05 0.0 0.0 -8.251587645307531e-06 4.787691408293323e-06 0.0 -2.241806525680719e-05 0.0 0.0 -1.3011773029420728e-05 -1.2253652690900087e-05 0.0 -1.9468288286448008e-05 0.0 0.0 -1.7486322475185286e-05 -2.467157496149094e-05 0.0 -1.1940551180180725e-05 0.0 0.0 -2.1188437208110242e-05 -3.189011358043336e-05 0.0 -1.5882668508048949e-06 0.0 0.0 -2.3789258590571386e-05 -3.3667822961371475e-05 0.0 9.766986153802094e-06 0.0 0.0 -2.5113578628013727e-05 -3.0300165044485153e-05 0.0 2.03200419855364e-05 0.0 0.0 -2.5143077883781946e-05 -2.265576540023449e-05 0.0 2.8446695317758304e-05 0.0 0.0 -2.4001785881956973e-05 -1.2098012829817492e-05 0.0 3.291965619974522e-05 0.0 0.0 -2.1919035522858934e-05 -3.2579160112920963e-07 0.0 3.307265585470928e-05 0.0 0.0 -1.918700393413331e-05 1.0847673959376696e-05 0.0 2.8894876355381544e-05 0.0 0.0 -1.6111467114773286e-05 1.973443454700128e-05 0.0 2.103251202110696e-05 0.0 0.0 -1.296986018771737e-05 2.499972069956159e-05 0.0 1.0701328024223166e-05 0.0 0.0 -9.976563196440526e-06 2.5837207397230005e-05 0.0 -4.745972717512865e-07 0.0 0.0 -7.269817746465946e-06 2.207366235434077e-05 0.0 -1.0670367736020225e-05 0.0 0.0 -4.917665751865322e-06 1.4180364838253937e-05 0.0 -1.805953804812204e-05 0.0 0.0 -2.9472211153154333e-06 3.1897916719936915e-06 0.0 -2.0972415536535545e-05 0.0 0.0 -1.3938328359706221e-06 -9.474219694272537e-06 0.0 -1.7962322734671763e-05 0.0 0.0 -3.71336453228136e-07 -2.2221126419131524e-05 0.0 -7.787501486930775e-06 0.0 0.0 -6.177664959547454e-07 4.1683220027651644e-05 0.0 -9.89254029134784e-06 0.0 0.0 -2.58908050609559e-06 2.1616255061522553e-05 0.0 -2.5271742724731265e-05 0.0 0.0 -5.535592451803898e-06 4.583584098138553e-06 0.0 -3.0193685454497562e-05 0.0 0.0 -8.845574550070536e-06 -9.37160026439982e-06 0.0 -2.7445151442212726e-05 0.0 0.0 -1.2115988430897506e-05 -1.9645907267481143e-05 0.0 -1.9147745926010092e-05 0.0 0.0 -1.5024148121215348e-05 -2.568582468068462e-05 0.0 -7.2798181150587925e-06 0.0 0.0 -1.730259659054735e-05 -2.730122047364629e-05 0.0 6.102979301010107e-06 0.0 0.0 -1.877972325371448e-05 -2.4751149882303323e-05 0.0 1.8897758352300273e-05 0.0 0.0 -1.9395242254518773e-05 -1.874208765499997e-05 0.0 2.9210157122387397e-05 0.0 0.0 -1.9179545172120088e-05 -1.0371244468667646e-05 0.0 3.55901402358125e-05 0.0 0.0 -1.8234732258412494e-05 -9.95942742975263e-07 0.0 3.7220704654671316e-05 0.0 0.0 -1.6706149470582012e-05 7.936299203385585e-06 0.0 3.401898079372636e-05 0.0 0.0 -1.4757997109033271e-05 1.508035858261631e-05 0.0 2.6637032464939045e-05 0.0 0.0 -1.2547963212857455e-05 1.9371557289725107e-05 0.0 1.6361195624776023e-05 0.0 0.0 -1.021200202725734e-05 2.0170284229502576e-05 0.0 4.927041397444213e-06 0.0 0.0 -7.85419294940071e-06 1.734511007750853e-05 0.0 -5.721625418399395e-06 0.0 0.0 -5.562119697442542e-06 1.1300604460139223e-05 0.0 -1.369190205885708e-05 0.0 0.0 -3.4392166458281583e-06 2.9360491403512848e-06 0.0 -1.732550010772474e-05 0.0 0.0 -1.6437896586664303e-06 -6.475646049019548e-06 0.0 -1.5296334161885605e-05 0.0 0.0 -4.3158381418263626e-07 -1.547173859628471e-05 0.0 -6.612337856369502e-06 0.0 0.0 -1.183966365126727e-07 2.9801416075501657e-05 0.0 -1.120468158856384e-05 0.0 0.0 -5.483848738713148e-07 1.6324880031545342e-05 0.0 -2.8473682155319875e-05 0.0 0.0 -1.308182627748365e-06 3.978053694171257e-06 0.0 -3.4358370515326304e-05 0.0 0.0 -2.3940869085076993e-06 -6.490041500776696e-06 0.0 -3.212473237301642e-05 0.0 0.0 -3.7935477829281208e-06 -1.4230088666946072e-05 0.0 -2.384190017217444e-05 0.0 0.0 -5.350973122203466e-06 -1.8790327556894445e-05 0.0 -1.1434715934155512e-05 0.0 0.0 -6.899800046254577e-06 -2.0073278464735224e-05 0.0 2.8688582452621277e-06 0.0 0.0 -8.325493627248014e-06 -1.8288921708004067e-05 0.0 1.6802971481122597e-05 0.0 0.0 -9.533952852769525e-06 -1.3968109222365838e-05 0.0 2.8331904103910366e-05 0.0 0.0 -1.0448677134242356e-05 -7.91264511733787e-06 0.0 3.5895189440475806e-05 0.0 0.0 -1.1003538252075422e-05 -1.1106904265592582e-06 0.0 3.8596783950413504e-05 0.0 0.0 -1.1147530583633077e-05 5.38780693721554e-06 0.0 3.630361975678596e-05 0.0 0.0 -1.084821879848497e-05 1.0606283739478303e-05 0.0 2.9643758170739017e-05 0.0 0.0 -1.009871731433153e-05 1.3772629029144856e-05 0.0 1.9902214183154177e-05 0.0 0.0 -8.91984618885328e-06 1.442059668596415e-05 0.0 8.825270206223516e-06 0.0 0.0 -7.366666439559891e-06 1.2457464022819883e-05 0.0 -1.6334160902855094e-06 0.0 0.0 -5.526319379871868e-06 8.181026368645459e-06 0.0 -9.599338011826374e-06 0.0 0.0 -3.5552888114618767e-06 2.293011480575555e-06 0.0 -1.3552852473564993e-05 0.0 0.0 -1.7325148522237097e-06 -4.121057485646337e-06 0.0 -1.2384780845183846e-05 0.0 0.0 -4.5256644197060207e-07 -9.762018078119189e-06 0.0 -5.32503075147755e-06 0.0 0.0 5.613191936200724e-07 1.751435175132954e-05 0.0 -1.0585510261972267e-05 0.0 0.0 2.275739884119349e-06 1.0755434946720321e-05 0.0 -2.7167809374932252e-05 0.0 0.0 4.461209113583676e-06 2.9255859464827533e-06 0.0 -3.345876168020013e-05 0.0 0.0 6.2628345679702145e-06 -3.897766787488712e-06 0.0 -3.2201973866439706e-05 0.0 0.0 7.40907926669351e-06 -8.87795639954574e-06 0.0 -2.474493965478463e-05 0.0 0.0 7.819721591060271e-06 -1.1803669703663844e-05 0.0 -1.3051413640007269e-05 0.0 0.0 7.397238986599754e-06 -1.2640395590333488e-05 0.0 6.431446860793428e-07 0.0 0.0 6.147883192519644e-06 -1.1545403391092286e-05 0.0 1.4129210733046701e-05 0.0 0.0 4.190567839774678e-06 -8.857571741607336e-06 0.0 2.544251952093857e-05 0.0 0.0 1.754963061881829e-06 -5.081486239097061e-06 0.0 3.308895692848367e-05 0.0 0.0 -8.542638197157019e-07 -8.334923154043734e-07 0.0 3.620191100479159e-05 0.0 0.0 -3.3026634185742166e-06 3.2316291419542748e-06 0.0 3.463289780310785e-05 0.0 0.0 -5.278729679650305e-06 6.5054460957658495e-06 0.0 2.8946561895953554e-05 0.0 0.0 -6.541127226640287e-06 8.505488006384608e-06 0.0 2.0321618388461268e-05 0.0 0.0 -6.957070335288328e-06 8.940024167264085e-06 0.0 1.0373618538778523e-05 0.0 0.0 -6.519631657503029e-06 7.746195012824789e-06 0.0 9.09038603796269e-07 0.0 0.0 -5.3531380779979425e-06 5.1109023347289395e-06 0.0 -6.3363480491094374e-06 0.0 0.0 -3.6731662596495823e-06 1.465884288147228e-06 0.0 -9.997965402390187e-06 0.0 0.0 -1.849588307638456e-06 -2.389349530718842e-06 0.0 -9.362768917445165e-06 0.0 0.0 -4.791035447703698e-07 -5.188658472375591e-06 0.0 -3.972980242791973e-06 0.0 0.0 1.486161628823331e-06 7.251801405210341e-06 0.0 -7.21670698364311e-06 0.0 0.0 5.743672980290691e-06 5.41203380429393e-06 0.0 -2.0166315278071204e-05 0.0 0.0 1.1296511572722453e-05 1.5082445448047934e-06 0.0 -2.6351052899168738e-05 0.0 0.0 1.6821676912413072e-05 -1.792834001257715e-06 0.0 -2.5929878118183827e-05 0.0 0.0 2.160549684246857e-05 -4.175464289051534e-06 0.0 -2.0189443735649017e-05 0.0 0.0 2.4824145623379835e-05 -5.5601013147071554e-06 0.0 -1.0963913747178292e-05 0.0 0.0 2.5966136991431106e-05 -5.953547744903739e-06 0.0 -9.484828792868847e-08 0.0 0.0 2.486961729027189e-05 -5.4374893910488825e-06 0.0 1.0633885723621557e-05 0.0 0.0 2.172373183668654e-05 -4.173603579258401e-06 0.0 1.967633407531731e-05 0.0 0.0 1.7009009108294996e-05 -2.3991367285482153e-06 0.0 2.5856870180542007e-05 0.0 0.0 1.1406462143786985e-05 -4.02306753506636e-07 0.0 2.8495808038883757e-05 0.0 0.0 5.68338326527224e-06 1.5101206611958315e-06 0.0 2.7471126782895436e-05 0.0 0.0 5.727259481756142e-07 3.053573821074157e-06 0.0 2.3215466061667267e-05 0.0 0.0 -3.3388167388832775e-06 4.001288737360775e-06 0.0 1.664190477275969e-05 0.0 0.0 -5.6985436489034975e-06 4.2158242746458754e-06 0.0 9.002293894774575e-06 0.0 0.0 -6.4396430551113765e-06 3.665134186350994e-06 0.0 1.7118693892355818e-06 0.0 0.0 -5.783616593518087e-06 2.432105157957663e-06 0.0 -3.871795491370244e-06 0.0 0.0 -4.20009333226079e-06 7.188786368493662e-07 0.0 -6.629446769029146e-06 0.0 0.0 -2.2216685618343177e-06 -1.111819136780415e-06 0.0 -6.02598877898771e-06 0.0 0.0 -5.906116588454978e-07 -1.9566569253102552e-06 0.0 -2.367596481176405e-06 0.0 0.0 1.4279760822323278e-06 1.371994708227622e-06 0.0 -1.7262727551912815e-06 0.0 0.0 7.389796643486604e-06 1.3900085483783903e-06 0.0 -7.078152427040205e-06 0.0 0.0 1.7543806321280315e-05 3.5698881224466356e-07 0.0 -1.0054050944709872e-05 0.0 0.0 2.9239084563694845e-05 -4.385976267787875e-07 0.0 -9.907387821492565e-06 0.0 0.0 3.970392864115781e-05 -1.0221191894796497e-06 0.0 -7.493188824488174e-06 0.0 0.0 4.70720498259467e-05 -1.3517262109036547e-06 0.0 -3.6036788791291777e-06 0.0 0.0 5.028561084781788e-05 -1.4448843956323482e-06 0.0 9.561775215238343e-07 0.0 0.0 4.904837871322172e-05 -1.3148052862413373e-06 0.0 5.445464836711153e-06 0.0 0.0 4.374317786760936e-05 -1.0052305634445076e-06 0.0 9.216653148684561e-06 0.0 0.0 3.530219267820019e-05 -5.703430976270098e-07 0.0 1.1783486645657398e-05 0.0 0.0 2.5030486427881975e-05 -8.250647533911487e-08 0.0 1.2861960806170369e-05 0.0 0.0 1.4392664097915208e-05 3.859783511589859e-07 0.0 1.2402114618992085e-05 0.0 0.0 4.789057107388023e-06 7.638021503267252e-07 0.0 1.0583451159047802e-05 0.0 0.0 -2.6535388137577508e-06 9.980402320278825e-07 0.0 7.786262390189498e-06 0.0 0.0 -7.247499350082636e-06 1.0520711473974896e-06 0.0 4.533678075808861e-06 0.0 0.0 -8.84792703768467e-06 9.216055461190232e-07 0.0 1.417228728977755e-06 0.0 0.0 -7.880143588571128e-06 6.19004441889646e-07 0.0 -9.835631394846504e-07 0.0 0.0 -5.287229871324926e-06 2.0469973510014605e-07 0.0 -2.194421313707781e-06 0.0 0.0 -2.4184658639001277e-06 -2.6882988886655237e-07 0.0 -1.903915751864677e-06 0.0 0.0 -5.12008461599306e-07 -3.246635993131164e-07 0.0 -5.15835446820562e-07 0.0 0.0 -3.222173845136473e-08 0.0 8.659964119807457e-07 0.0 2.3561774331557272e-07 0.0 -7.552148480313518e-09 0.0 3.450263233398005e-06 0.0 5.481292128867785e-07 0.0 3.2864524663171136e-09 0.0 7.757557809981323e-06 0.0 5.037107972557134e-07 0.0 1.4333472925829992e-09 0.0 1.3536478307550353e-05 0.0 3.9642558333916986e-07 0.0 8.57979248736157e-09 0.0 2.0407883168650387e-05 0.0 2.471329655141661e-07 0.0 7.2858197537820694e-09 0.0 2.8160330074029952e-05 0.0 4.953385870033543e-08 0.0 1.080632328666113e-08 0.0 3.6528566964449835e-05 0.0 -1.5402358580573398e-07 0.0 1.1561101724338133e-08 0.0 4.510200495043347e-05 0.0 -3.7558193137046526e-07 0.0 1.3710233712865304e-08 0.0 5.3296619840954855e-05 0.0 -5.925288807415368e-07 0.0 1.6496517029299462e-08 0.0 6.038552698484112e-05 0.0 -8.19792018500634e-07 0.0 1.6891916834019705e-08 0.0 6.557824817030604e-05 0.0 -1.0388621309542419e-06 0.0 2.091284351249292e-08 0.0 6.812376450498018e-05 0.0 -1.2670034755198736e-06 0.0 1.755702480904699e-08 0.0 6.743014069607745e-05 0.0 -1.4776944032770818e-06 0.0 2.2099335802597843e-08 0.0 6.317670816461483e-05 0.0 -1.6922848925957324e-06 0.0 1.16559243308023e-08 0.0 5.542221056158178e-05 0.0 -1.8617041035704878e-06 0.0 1.6559074190981892e-08 0.0 4.4683812162668964e-05 0.0 -2.0135973995595983e-06 0.0 -6.5572143187324555e-09 0.0 3.2047925336509416e-05 0.0 -2.054123844786152e-06 0.0 -5.072468501376852e-10 0.0 1.91924482038862e-05 0.0 -2.021012355947024e-06 0.0 -2.6798823050272418e-08 0.0 8.698393448465337e-06 0.0 -1.946560771813582e-06 0.0 -1.0519853608232877e-07 0.0 2.2222058225540953e-06 0.0 -8.297647785678754e-07 0.0 0.0 -1.0468216477648831e-07 2.0896690739875375e-06 0.0 0.0 8.378547403661293e-07 0.0 -2.7097883907973012e-08 8.139910204337837e-06 0.0 0.0 1.9685649289732205e-06 0.0 -2.763359513164275e-09 1.7865187317468563e-05 0.0 0.0 2.0867640631440734e-06 0.0 -8.78360875111339e-09 2.944922064301474e-05 0.0 0.0 2.1967714245858236e-06 0.0 1.4175867667412505e-08 4.0053690567259596e-05 0.0 0.0 2.2462674967539904e-06 0.0 9.160398689625839e-09 4.781043480989062e-05 0.0 0.0 2.194258740013832e-06 0.0 1.934141263177059e-08 5.1594071973191615e-05 0.0 0.0 2.1251974279026454e-06 0.0 1.3413100597996166e-08 5.1055465540081865e-05 0.0 0.0 2.0139198541432758e-06 0.0 1.601664808387927e-08 4.650760322095033e-05 0.0 0.0 1.904280397388402e-06 0.0 9.378837076451197e-09 3.881103194506552e-05 0.0 0.0 1.7805384113965434e-06 0.0 8.646433060463166e-09 2.9192489390191042e-05 0.0 0.0 1.662269972314921e-06 0.0 2.675163650658574e-09 1.904309726596982e-05 0.0 0.0 1.5401546998508554e-06 0.0 2.3067770958221015e-09 9.696779761500979e-06 0.0 0.0 1.418927135763659e-06 0.0 -1.5767760383699204e-09 2.2333859296115e-06 0.0 0.0 1.2947429145535916e-06 0.0 1.0655991941488625e-09 -2.6870882102331084e-06 0.0 0.0 1.1624469244268604e-06 0.0 -6.042558747017096e-10 -4.912917065354067e-06 0.0 0.0 1.0257767213289663e-06 0.0 6.017408705753972e-09 -4.839764774257021e-06 0.0 0.0 8.738038483000655e-07 0.0 4.263757291131308e-09 -3.315803522934488e-06 0.0 0.0 7.237526370270417e-07 0.0 8.552972702782649e-09 -1.581267190962383e-06 0.0 0.0 6.217673803271157e-07 0.0 3.0493672413914445e-08 -4.22454620586198e-07 0.0 0.0 2.626912620805239e-07 3.222173845110421e-08 0.0 -8.659964119701102e-07 0.0 2.3561774331403112e-07 0.0 7.552148479501152e-09 0.0 -3.4502632333752523e-06 0.0 5.481292128735926e-07 0.0 -3.286452464975142e-09 0.0 -7.757557809914058e-06 0.0 5.037107972519784e-07 0.0 -1.433347294194261e-09 0.0 -1.353647830744856e-05 0.0 3.964255833275892e-07 0.0 -8.57979248529427e-09 0.0 -2.040788316856478e-05 0.0 2.4713296550722755e-07 0.0 -7.285819756113316e-09 0.0 -2.816033007399047e-05 0.0 4.953385868768065e-08 0.0 -1.0806323283458571e-08 0.0 -3.652856696445219e-05 0.0 -1.5402358580617095e-07 0.0 -1.1561101727567324e-08 0.0 -4.510200495043619e-05 0.0 -3.7558193137052355e-07 0.0 -1.3710233711041702e-08 0.0 -5.329661984118379e-05 0.0 -5.925288807788816e-07 0.0 -1.6496517030227198e-08 0.0 -6.038552698506841e-05 0.0 -8.197920184830035e-07 0.0 -1.6891916833947042e-08 0.0 -6.557824817041113e-05 0.0 -1.0388621309791252e-06 0.0 -2.0912843511297366e-08 0.0 -6.812376450513008e-05 0.0 -1.2670034755148121e-06 0.0 -1.7557024811008865e-08 0.0 -6.743014069616735e-05 0.0 -1.4776944032864631e-06 0.0 -2.2099335800841818e-08 0.0 -6.317670816473468e-05 0.0 -1.6922848926093895e-06 0.0 -1.1655924331776311e-08 0.0 -5.542221056162687e-05 0.0 -1.861704103563637e-06 0.0 -1.655907419060815e-08 0.0 -4.468381216274512e-05 0.0 -2.01359739958202e-06 0.0 6.557214318951576e-09 0.0 -3.204792533662578e-05 0.0 -2.054123844780292e-06 0.0 5.072468500107626e-10 0.0 -1.9192448203911348e-05 0.0 -2.0210123559494518e-06 0.0 2.6798823050381378e-08 0.0 -8.698393448503448e-06 0.0 -1.9465607718173997e-06 0.0 1.0519853608240249e-07 0.0 -2.222205822579419e-06 0.0 -8.297647785660802e-07 0.0 0.0 1.0468216477677003e-07 -2.089669073980671e-06 0.0 0.0 8.378547403696331e-07 0.0 2.709788390800683e-08 -8.139910204336031e-06 0.0 0.0 1.9685649289780003e-06 0.0 2.7633595132114046e-09 -1.786518731746373e-05 0.0 0.0 2.0867640631523497e-06 0.0 8.783608750913784e-09 -2.9449220643124118e-05 0.0 0.0 2.196771424578165e-06 0.0 -1.4175867666790614e-08 -4.005369056747315e-05 0.0 0.0 2.24626749676597e-06 0.0 -9.160398690881836e-09 -4.781043481008824e-05 0.0 0.0 2.1942587400160654e-06 0.0 -1.93414126312326e-08 -5.1594071973405386e-05 0.0 0.0 2.125197427897896e-06 0.0 -1.3413100598949126e-08 -5.1055465540344574e-05 0.0 0.0 2.0139198541308985e-06 0.0 -1.601664808231371e-08 -4.6507603221054915e-05 0.0 0.0 1.9042803974063357e-06 0.0 -9.378837077760965e-09 -3.8811031944968695e-05 0.0 0.0 1.7805384113971797e-06 0.0 -8.646433058962317e-09 -2.9192489390121412e-05 0.0 0.0 1.6622699723144628e-06 0.0 -2.6751636521134093e-09 -1.9043097265900833e-05 0.0 0.0 1.5401546998565182e-06 0.0 -2.306777095071306e-09 -9.696779761506886e-06 0.0 0.0 1.4189271357491957e-06 0.0 1.5767760391808403e-09 -2.2333859295956956e-06 0.0 0.0 1.2947429145774915e-06 0.0 -1.0655991961190595e-09 2.6870882104389226e-06 0.0 0.0 1.1624469244332508e-06 0.0 6.042558767485184e-10 4.912917065607397e-06 0.0 0.0 1.02577672132779e-06 0.0 -6.017408706759966e-09 4.839764774436501e-06 0.0 0.0 8.738038483054937e-07 0.0 -4.263757290441926e-09 3.315803523043279e-06 0.0 0.0 7.237526370334237e-07 0.0 -8.552972703349766e-09 1.5812671910246937e-06 0.0 0.0 6.217673803330213e-07 0.0 -3.049367241408484e-08 4.2245462060148604e-07 0.0 0.0 2.6269126208069906e-07</DataArray>
      </CellData>
    </Piece>
  </UnstructuredGrid>
</VTKFile>