<?xml version='1.0' encoding='utf-8'?>
<VTKFile type="UnstructuredGrid" version="0.1" byte_order="LittleEndian">
  <UnstructuredGrid>
    <Piece NumberOfPoints="525" NumberOfCells="480">
      <Points>
        <DataArray type="Float64" Name="" NumberOfComponents="3" format="ascii">0.0 0.0 0.0 1000.0 0.0 0.0 1000.0 1000.0 0.0 0.0 1000.0 0.0 0.0 0.0 5.0 1000.0 0.0 5.0 1000.0 0.0 5.0 1000.0 1000.0 5.0 1000.0 1000.0 5.0 0.0 1000.0 5.0 0.0 1000.0 5.0 0.0 0.0 5.0 50.0 0.0 0.0 100.0 0.0 0.0 150.00000000000003 0.0 0.0 200.0 0.0 0.0 250.0 0.0 0.0 300.00000000000006 0.0 0.0 350.00000000000006 0.0 0.0 400.0 0.0 0.0 450.0 0.0 0.0 500.0 0.0 0.0 550.0 0.0 0.0 600.0000000000001 0.0 0.0 650.0 0.0 0.0 700.0000000000001 0.0 0.0 750.0 0.0 0.0 800.0 0.0 0.0 850.0000000000001 0.0 0.0 900.0 0.0 0.0 950.0000000000001 0.0 0.0 1000.0 50.0 0.0 1000.0 100.0 0.0 1000.0 150.00000000000003 0.0 1000.0 200.0 0.0 1000.0 250.0 0.0 1000.0 300.00000000000006 0.0 1000.0 350.00000000000006 0.0 1000.0 400.0 0.0 1000.0 450.0 0.0 1000.0 500.0 0.0 1000.0 550.0 0.0 1000.0 600.0000000000001 0.0 1000.0 650.0 0.0 1000.0 700.0000000000001 0.0 1000.0 750.0 0.0 1000.0 800.0 0.0 1000.0 850.0000000000001 0.0 1000.0 900.0 0.0 1000.0 950.0000000000001 0.0 950.0 1000.0 0.0 900.0 1000.0 0.0 850.0 1000.0 0.0 800.0 1000.0 0.0 750.0 1000.0 0.0 700.0 1000.0 0.0 650.0 1000.0 0.0 600.0 1000.0 0.0 550.0 1000.0 0.0 500.0 1000.0 0.0 450.0 1000.0 0.0 399.9999999999999 1000.0 0.0 350.0 1000.0 0.0 299.9999999999999 1000.0 0.0 250.0 1000.0 0.0 200.0 1000.0 0.0 149.9999999999999 1000.0 0.0 100.0 1000.0 0.0 49.999999999999886 1000.0 0.0 0.0 950.0 0.0 0.0 900.0 0.0 0.0 850.0 0.0 0.0 800.0 0.0 0.0 750.0 0.0 0.0 700.0 0.0 0.0 650.0 0.0 0.0 600.0 0.0 0.0 550.0 0.0 0.0 500.0 0.0 0.0 450.0 0.0 0.0 399.9999999999999 0.0 0.0 350.0 0.0 0.0 299.9999999999999 0.0 0.0 250.0 0.0 0.0 200.0 0.0 0.0 149.9999999999999 0.0 0.0 100.0 0.0 0.0 49.999999999999886 0.0 50.0 0.0 5.0 100.0 0.0 5.0 150.00000000000003 0.0 5.0 200.0 0.0 5.0 250.0 0.0 5.0 300.00000000000006 0.0 5.0 350.00000000000006 0.0 5.0 400.0 0.0 5.0 450.0 0.0 5.0 500.0 0.0 5.0 550.0 0.0 5.0 600.0000000000001 0.0 5.0 650.0 0.0 5.0 700.0000000000001 0.0 5.0 750.0 0.0 5.0 800.0 0.0 5.0 850.0000000000001 0.0 5.0 900.0 0.0 5.0 950.0000000000001 0.0 5.0 1000.0 50.0 5.0 1000.0 100.0 5.0 1000.0 150.00000000000003 5.0 1000.0 200.0 5.0 1000.0 250.0 5.0 1000.0 300.00000000000006 5.0 1000.0 350.00000000000006 5.0 1000.0 400.0 5.0 1000.0 450.0 5.0 1000.0 500.0 5.0 1000.0 550.0 5.0 1000.0 600.0000000000001 5.0 1000.0 650.0 5.0 1000.0 700.0000000000001 5.0 1000.0 750.0 5.0 1000.0 800.0 5.0 1000.0 850.0000000000001 5.0 1000.0 900.0 5.0 1000.0 950.0000000000001 5.0 950.0 1000.0 5.0 900.0 1000.0 5.0 850.0 1000.0 5.0 800.0 1000.0 5.0 750.0 1000.0 5.0 700.0 1000.0 5.0 650.0 1000.0 5.0 600.0 1000.0 5.0 550.0 1000.0 5.0 500.0 1000.0 5.0 450.0 1000.0 5.0 399.9999999999999 1000.0 5.0 350.0 1000.0 5.0 299.9999999999999 1000.0 5.0 250.0 1000.0 5.0 200.0 1000.0 5.0 149.9999999999999 1000.0 5.0 100.0 1000.0 5.0 49.999999999999886 1000.0 5.0 0.0 950.0 5.0 0.0 900.0 5.0 0.0 850.0 5.0 0.0 800.0 5.0 0.0 750.0 5.0 0.0 700.0 5.0 0.0 650.0 5.0 0.0 600.0 5.0 0.0 550.0 5.0 0.0 500.0 5.0 0.0 450.0 5.0 0.0 399.9999999999999 5.0 0.0 350.0 5.0 0.0 299.9999999999999 5.0 0.0 250.0 5.0 0.0 200.0 5.0 0.0 149.9999999999999 5.0 0.0 100.0 5.0 0.0 49.999999999999886 5.0 49.99999999999994 49.99999999999994 0.0 50.0 99.99999999999994 0.0 49.99999999999994 149.9999999999999 0.0 49.99999999999994 200.0 0.0 50.0 249.99999999999997 0.0 50.0 299.99999999999994 0.0 50.0 350.0 0.0 50.0 399.99999999999994 0.0 50.00000000000006 450.0 0.0 50.0 500.0 0.0 50.0 550.0 0.0 50.0 600.0 0.0 49.999999999999886 650.0 0.0 50.0 700.0 0.0 50.0 750.0 0.0 50.0 800.0 0.0 50.00000000000006 850.0 0.0 50.0 900.0 0.0 50.0 950.0 0.0 100.0 49.99999999999994 0.0 99.99999999999994 99.99999999999994 0.0 99.99999999999994 149.9999999999999 0.0 99.99999999999994 199.99999999999994 0.0 100.00000000000006 250.0 0.0 100.00000000000006 300.0 0.0 100.00000000000006 350.0 0.0 99.99999999999994 399.99999999999994 0.0 99.99999999999994 450.0 0.0 100.0 500.0 0.0 100.0 550.0 0.0 100.0 600.0 0.0 99.99999999999994 650.0 0.0 99.99999999999994 700.0 0.0 99.99999999999994 750.0 0.0 100.0 800.0 0.0 99.99999999999994 850.0 0.0 100.0 900.0 0.0 100.0 950.0 0.0 150.0 49.99999999999994 0.0 150.0 99.99999999999994 0.0 150.0 150.0 0.0 150.0 200.0 0.0 150.0 250.0 0.0 150.0 300.0 0.0 150.0 350.0 0.0 150.00000000000006 400.0 0.0 150.0 450.0 0.0 150.0 500.0 0.0 150.0 550.0 0.0 150.0 600.0 0.0 150.00000000000006 650.0 0.0 150.0 700.0 0.0 150.0 750.0 0.0 150.0 800.0 0.0 150.0 850.0 0.0 150.0 900.0 0.0 150.0 950.0 0.0 200.0 50.00000000000006 0.0 200.0 100.0 0.0 200.0 150.0 0.0 200.0 200.0 0.0 200.0 249.99999999999994 0.0 200.0 300.0 0.0 200.0 350.0 0.0 200.00000000000006 400.0 0.0 200.0 450.0 0.0 200.0 500.0 0.0 199.99999999999994 550.0 0.0 200.0 600.0 0.0 200.0 650.0 0.0 200.0 700.0 0.0 200.00000000000006 750.0 0.0 200.0 800.0 0.0 200.0 850.0 0.0 200.0 900.0 0.0 200.0 950.0 0.0 250.0 49.99999999999994 0.0 250.0 99.99999999999994 0.0 250.0 150.0 0.0 250.0 200.00000000000006 0.0 250.0 249.99999999999991 0.0 250.0 299.99999999999994 0.0 250.0 350.0 0.0 250.0 400.0 0.0 250.0 450.0 0.0 249.99999999999994 500.0 0.0 249.99999999999994 550.0 0.0 250.0 600.0 0.0 250.0 650.0 0.0 249.99999999999994 700.0 0.0 249.99999999999991 750.0 0.0 250.0 800.0 0.0 250.0 850.0 0.0 250.0 900.0 0.0 250.0 950.0 0.0 300.0 49.99999999999994 0.0 300.0 99.99999999999994 0.0 300.0 150.0 0.0 300.0 200.00000000000006 0.0 300.0 249.99999999999991 0.0 300.0 300.0 0.0 300.0 350.0 0.0 300.0 400.0 0.0 300.0 450.0 0.0 300.0 500.0 0.0 299.99999999999994 550.0 0.0 299.99999999999994 600.0 0.0 300.0 650.0 0.0 299.99999999999994 700.0 0.0 300.0 750.0 0.0 300.0 800.0 0.0 300.0 850.0 0.0 300.0 900.0 0.0 299.99999999999994 950.0 0.0 350.0 49.99999999999994 0.0 350.0 100.0 0.0 350.0 150.00000000000006 0.0 350.0 200.00000000000006 0.0 350.0 250.0 0.0 350.0 300.0 0.0 350.0 350.0 0.0 350.0 400.0 0.0 350.0 450.0 0.0 350.0 500.0 0.0 350.0 550.0 0.0 350.0 600.0 0.0 349.99999999999994 650.0 0.0 350.0 700.0 0.0 350.0 750.0 0.0 350.0 800.0 0.0 350.0 850.0 0.0 350.0 900.0 0.0 350.0 950.0 0.0 400.0 50.00000000000006 0.0 400.0 99.99999999999994 0.0 400.0 150.00000000000006 0.0 400.0 200.00000000000006 0.0 400.0 250.0 0.0 400.0 300.0 0.0 400.0 350.0 0.0 400.0 400.0 0.0 400.0 450.0 0.0 400.0 500.0 0.0 400.0 550.0 0.0 400.0 600.0 0.0 400.0 650.0 0.0 400.0 700.0 0.0 400.0 750.0 0.0 400.0 800.0 0.0 399.99999999999994 850.0 0.0 400.0 900.0 0.0 399.99999999999994 950.0 0.0 450.0 50.0 0.0 450.0 99.99999999999994 0.0 450.0 150.0 0.0 450.0 200.0 0.0 450.0 250.0 0.0 450.0 300.0 0.0 450.0 350.0 0.0 450.0 400.0 0.0 450.0 450.0 0.0 450.0 500.0 0.0 450.0 550.0 0.0 450.0 600.0 0.0 450.0 650.0 0.0 450.0 700.0 0.0 450.0 750.0 0.0 450.0 800.0 0.0 450.0 850.0 0.0 450.0 900.0 0.0 450.0 950.0 0.0 500.0 49.99999999999994 0.0 500.0 100.0 0.0 500.0 149.99999999999994 0.0 500.0 199.99999999999994 0.0 500.0 250.0 0.0 500.0 300.0 0.0 500.0 350.0 0.0 500.0 400.0 0.0 500.0 450.0 0.0 500.0 500.0 0.0 500.0 550.0 0.0 500.0 600.0 0.0 500.0 650.0 0.0 500.0 700.0 0.0 500.0 750.0 0.0 500.0 800.0 0.0 500.0 850.0 0.0 500.0 900.0 0.0 500.0 950.0 0.0 550.0 49.99999999999994 0.0 550.0 100.00000000000006 0.0 550.0 150.0 0.0 550.0 200.0 0.0 550.0 250.0 0.0 550.0 300.0 0.0 550.0 350.0 0.0 550.0 400.0 0.0 550.0 450.0 0.0 550.0 500.0 0.0 550.0 550.0 0.0 550.0 600.0 0.0 550.0 650.0 0.0 550.0 700.0 0.0 550.0 750.0 0.0 550.0 800.0 0.0 550.0 850.0 0.0 550.0 900.0 0.0 550.0 950.0 0.0 600.0 50.0 0.0 600.0 100.00000000000006 0.0 600.0 149.99999999999994 0.0 600.0 200.0 0.0 600.0 250.0 0.0 600.0 300.0 0.0 600.0 350.0 0.0 600.0 400.0 0.0 600.0 450.0 0.0 600.0 500.0 0.0 600.0 550.0 0.0 600.0 600.0 0.0 600.0 650.0 0.0 600.0 700.0 0.0 600.0 750.0 0.0 600.0 800.0 0.0 600.0 850.0 0.0 600.0 900.0 0.0 600.0 950.0 0.0 650.0 50.0 0.0 650.0 100.0 0.0 650.0 149.99999999999994 0.0 650.0000000000001 199.99999999999994 0.0 650.0000000000001 249.99999999999994 0.0 650.0000000000001 300.0 0.0 650.0000000000001 350.0 0.0 650.0 400.0 0.0 650.0 450.0 0.0 650.0 500.0 0.0 650.0 550.0 0.0 650.0 600.0 0.0 650.0 650.0 0.0 650.0 700.0 0.0 650.0 750.0 0.0 650.0 800.0 0.0 650.0 850.0 0.0 650.0 900.0 0.0 650.0 950.0 0.0 700.0 50.00000000000006 0.0 700.0 99.99999999999994 0.0 700.0 150.0 0.0 700.0000000000001 200.0 0.0 700.0000000000001 249.99999999999994 0.0 700.0 299.99999999999994 0.0 700.0 350.0 0.0 700.0 400.0 0.0 700.0 450.0 0.0 700.0 500.0 0.0 700.0 550.0 0.0 700.0 600.0 0.0 700.0 650.0 0.0 700.0 700.0 0.0 700.0 750.0 0.0 700.0 800.0 0.0 700.0 850.0 0.0 700.0 900.0 0.0 700.0 950.0000000000002 0.0 750.0 49.99999999999994 0.0 750.0 99.99999999999994 0.0 750.0 150.0 0.0 750.0 200.00000000000006 0.0 750.0 249.99999999999997 0.0 750.0 300.0 0.0 750.0 350.0 0.0 750.0 400.0 0.0 750.0 450.0 0.0 750.0 500.0 0.0 750.0 550.0 0.0 750.0 600.0 0.0 750.0 650.0 0.0 750.0 700.0 0.0 750.0 750.0 0.0 750.0 800.0 0.0 750.0 850.0000000000001 0.0 750.0 900.0000000000001 0.0 750.0 950.0000000000001 0.0 800.0 50.0 0.0 800.0 100.0 0.0 800.0 150.0 0.0 800.0 200.0 0.0 800.0 250.0 0.0 800.0 300.0 0.0 800.0 350.0 0.0 800.0 400.0 0.0 800.0 450.0 0.0 800.0 500.0 0.0 800.0 550.0 0.0 800.0 600.0 0.0 800.0 650.0 0.0 800.0 700.0 0.0 800.0 750.0 0.0 800.0 800.0 0.0 800.0 850.0 0.0 800.0 900.0000000000001 0.0 800.0 950.0000000000001 0.0 850.0000000000001 49.99999999999994 0.0 850.0 100.0 0.0 850.0 150.0 0.0 850.0 200.0 0.0 850.0 250.0 0.0 850.0 300.0 0.0 850.0 350.0 0.0 850.0 400.0 0.0 850.0 450.0 0.0 850.0 500.0 0.0 850.0 550.0 0.0 850.0 600.0 0.0 850.0 650.0 0.0 850.0 700.0 0.0 850.0 750.0 0.0 850.0 800.0 0.0 850.0 850.0 0.0 850.0 900.0 0.0 850.0 950.0 0.0 900.0 49.99999999999994 0.0 900.0 99.99999999999994 0.0 900.0 149.99999999999994 0.0 900.0 200.0 0.0 900.0 250.0 0.0 900.0 300.0 0.0 900.0 350.0 0.0 900.0 400.0 0.0 900.0 450.0 0.0 900.0 500.0 0.0 900.0 550.0 0.0 900.0 600.0 0.0 900.0 650.0 0.0 900.0 700.0 0.0 900.0 750.0 0.0 900.0 800.0 0.0 900.0 850.0 0.0 900.0 900.0 0.0 900.0 950.0 0.0 950.0 49.99999999999994 0.0 950.0 100.0 0.0 950.0 150.0 0.0 950.0 200.0 0.0 950.0 250.0 0.0 950.0 300.0 0.0 950.0 350.0 0.0 950.0 400.0 0.0 950.0 450.0 0.0 950.0 500.0 0.0 950.0 550.0 0.0 950.0 600.0 0.0 950.0 650.0 0.0 950.0 700.0 0.0 950.0 750.0 0.0 950.0 800.0 0.0 950.0 850.0 0.0 950.0 900.0 0.0 950.0 950.0 0.0</DataArray>
      </Points>
      <Cells>
        <DataArray type="Int64" Name="connectivity" NumberOfComponents="1" format="ascii">0 12 164 87 87 164 165 86 86 165 166 85 85 166 167 84 84 167 168 83 83 168 169 82 82 169 170 81 81 170 171 80 80 171 172 79 79 172 173 78 78 173 174 77 77 174 175 76 76 175 176 75 75 176 177 74 74 177 178 73 73 178 179 72 72 179 180 71 71 180 181 70 70 181 182 69 69 182 68 3 12 13 183 164 164 183 184 165 165 184 185 166 166 185 186 167 167 186 187 168 168 187 188 169 169 188 189 170 170 189 190 171 171 190 191 172 172 191 192 173 173 192 193 174 174 193 194 175 175 194 195 176 176 195 196 177 177 196 197 178 178 197 198 179 179 198 199 180 180 199 200 181 181 200 201 182 182 201 67 68 13 14 202 183 183 202 203 184 184 203 204 185 185 204 205 186 186 205 206 187 187 206 207 188 188 207 208 189 189 208 209 190 190 209 210 191 191 210 211 192 192 211 212 193 193 212 213 194 194 213 214 195 195 214 215 196 196 215 216 197 197 216 217 198 198 217 218 199 199 218 219 200 200 219 220 201 201 220 66 67 14 15 221 202 202 221 222 203 203 222 223 204 204 223 224 205 205 224 225 206 206 225 226 207 207 226 227 208 208 227 228 209 209 228 229 210 210 229 230 211 211 230 231 212 212 231 232 213 213 232 233 214 214 233 234 215 215 234 235 216 216 235 236 217 217 236 237 218 218 237 238 219 219 238 239 220 220 239 65 66 15 16 240 221 221 240 241 222 222 241 242 223 223 242 243 224 224 243 244 225 225 244 245 226 226 245 246 227 227 246 247 228 228 247 248 229 229 248 249 230 230 249 250 231 231 250 251 232 232 251 252 233 233 252 253 234 234 253 254 235 235 254 255 236 236 255 256 237 237 256 257 238 238 257 258 239 239 258 64 65 16 17 259 240 240 259 260 241 241 260 261 242 242 261 262 243 243 262 263 244 244 263 264 245 245 264 265 246 246 265 266 247 247 266 267 248 248 267 268 249 249 268 269 250 250 269 270 251 251 270 271 252 252 271 272 253 253 272 273 254 254 273 274 255 255 274 275 256 256 275 276 257 257 276 277 258 258 277 63 64 17 18 278 259 259 278 279 260 260 279 280 261 261 280 281 262 262 281 282 263 263 282 283 264 264 283 284 265 265 284 285 266 266 285 286 267 267 286 287 268 268 287 288 269 269 288 289 270 270 289 290 271 271 290 291 272 272 291 292 273 273 292 293 274 274 293 294 275 275 294 295 276 276 295 296 277 277 296 62 63 18 19 297 278 278 297 298 279 279 298 299 280 280 299 300 281 281 300 301 282 282 301 302 283 283 302 303 284 284 303 304 285 285 304 305 286 286 305 306 287 287 306 307 288 288 307 308 289 289 308 309 290 290 309 310 291 291 310 311 292 292 311 312 293 293 312 313 294 294 313 314 295 295 314 315 296 296 315 61 62 19 20 316 297 297 316 317 298 298 317 318 299 299 318 319 300 300 319 320 301 301 320 321 302 302 321 322 303 303 322 323 304 304 323 324 305 305 324 325 306 306 325 326 307 307 326 327 308 308 327 328 309 309 328 329 310 310 329 330 311 311 330 331 312 312 331 332 313 313 332 333 314 314 333 334 315 315 334 60 61 20 21 335 316 316 335 336 317 317 336 337 318 318 337 338 319 319 338 339 320 320 339 340 321 321 340 341 322 322 341 342 323 323 342 343 324 324 343 344 325 325 344 345 326 326 345 346 327 327 346 347 328 328 347 348 329 329 348 349 330 330 349 350 331 331 350 351 332 332 351 352 333 333 352 353 334 334 353 59 60 21 22 354 335 335 354 355 336 336 355 356 337 337 356 357 338 338 357 358 339 339 358 359 340 340 359 360 341 341 360 361 342 342 361 362 343 343 362 363 344 344 363 364 345 345 364 365 346 346 365 366 347 347 366 367 348 348 367 368 349 349 368 369 350 350 369 370 351 351 370 371 352 352 371 372 353 353 372 58 59 22 23 373 354 354 373 374 355 355 374 375 356 356 375 376 357 357 376 377 358 358 377 378 359 359 378 379 360 360 379 380 361 361 380 381 362 362 381 382 363 363 382 383 364 364 383 384 365 365 384 385 366 366 385 386 367 367 386 387 368 368 387 388 369 369 388 389 370 370 389 390 371 371 390 391 372 372 391 57 58 23 24 392 373 373 392 393 374 374 393 394 375 375 394 395 376 376 395 396 377 377 396 397 378 378 397 398 379 379 398 399 380 380 399 400 381 381 400 401 382 382 401 402 383 383 402 403 384 384 403 404 385 385 404 405 386 386 405 406 387 387 406 407 388 388 407 408 389 389 408 409 390 390 409 410 391 391 410 56 57 24 25 411 392 392 411 412 393 393 412 413 394 394 413 414 395 395 414 415 396 396 415 416 397 397 416 417 398 398 417 418 399 399 418 419 400 400 419 420 401 401 420 421 402 402 421 422 403 403 422 423 404 404 423 424 405 405 424 425 406 406 425 426 407 407 426 427 408 408 427 428 409 409 428 429 410 410 429 55 56 25 26 430 411 411 430 431 412 412 431 432 413 413 432 433 414 414 433 434 415 415 434 435 416 416 435 436 417 417 436 437 418 418 437 438 419 419 438 439 420 420 439 440 421 421 440 441 422 422 441 442 423 423 442 443 424 424 443 444 425 425 444 445 426 426 445 446 427 427 446 447 428 428 447 448 429 429 448 54 55 26 27 449 430 430 449 450 431 431 450 451 432 432 451 452 433 433 452 453 434 434 453 454 435 435 454 455 436 436 455 456 437 437 456 457 438 438 457 458 439 439 458 459 440 440 459 460 441 441 460 461 442 442 461 462 443 443 462 463 444 444 463 464 445 445 464 465 446 446 465 466 447 447 466 467 448 448 467 53 54 27 28 468 449 449 468 469 450 450 469 470 451 451 470 471 452 452 471 472 453 453 472 473 454 454 473 474 455 455 474 475 456 456 475 476 457 457 476 477 458 458 477 478 459 459 478 479 460 460 479 480 461 461 480 481 462 462 481 482 463 463 482 483 464 464 483 484 465 465 484 485 466 466 485 486 467 467 486 52 53 28 29 487 468 468 487 488 469 469 488 489 470 470 489 490 471 471 490 491 472 472 491 492 473 473 492 493 474 474 493 494 475 475 494 495 476 476 495 496 477 477 496 497 478 478 497 498 479 479 498 499 480 480 499 500 481 481 500 501 482 482 501 502 483 483 502 503 484 484 503 504 485 485 504 505 486 486 505 51 52 29 30 506 487 487 506 507 488 488 507 508 489 489 508 509 490 490 509 510 491 491 510 511 492 492 511 512 493 493 512 513 494 494 513 514 495 495 514 515 496 496 515 516 497 497 516 517 498 498 517 518 499 499 518 519 500 500 519 520 501 501 520 521 502 502 521 522 503 503 522 523 504 504 523 524 505 505 524 50 51 30 1 31 506 506 31 32 507 507 32 33 508 508 33 34 509 509 34 35 510 510 35 36 511 511 36 37 512 512 37 38 513 513 38 39 514 514 39 40 515 515 40 41 516 516 41 42 517 517 42 43 518 518 43 44 519 519 44 45 520 520 45 46 521 521 46 47 522 522 47 48 523 523 48 49 524 524 49 2 50 0 4 88 12 12 88 89 13 13 89 90 14 14 90 91 15 15 91 92 16 16 92 93 17 17 93 94 18 18 94 95 19 19 95 96 20 20 96 97 21 21 97 98 22 22 98 99 23 23 99 100 24 24 100 101 25 25 101 102 26 26 102 103 27 27 103 104 28 28 104 105 29 29 105 106 30 30 106 5 1 1 6 107 31 31 107 108 32 32 108 109 33 33 109 110 34 34 110 111 35 35 111 112 36 36 112 113 37 37 113 114 38 38 114 115 39 39 115 116 40 40 116 117 41 41 117 118 42 42 118 119 43 43 119 120 44 44 120 121 45 45 121 122 46 46 122 123 47 47 123 124 48 48 124 125 49 49 125 7 2 2 8 126 50 50 126 127 51 51 127 128 52 52 128 129 53 53 129 130 54 54 130 131 55 55 131 132 56 56 132 133 57 57 133 134 58 58 134 135 59 59 135 136 60 60 136 137 61 61 137 138 62 62 138 139 63 63 139 140 64 64 140 141 65 65 141 142 66 66 142 143 67 67 143 144 68 68 144 9 3 3 10 145 69 69 145 146 70 70 146 147 71 71 147 148 72 72 148 149 73 73 149 150 74 74 150 151 75 75 151 152 76 76 152 153 77 77 153 154 78 78 154 155 79 79 155 156 80 80 156 157 81 81 157 158 82 82 158 159 83 83 159 160 84 84 160 161 85 85 161 162 86 86 162 163 87 87 163 11 0</DataArray>
        <DataArray type="Int64" Name="offsets" NumberOfComponents="1" format="ascii">0 4 8 12 16 20 24 28 32 36 40 44 48 52 56 60 64 68 72 76 80 84 88 92 96 100 104 108 112 116 120 124 128 132 136 140 144 148 152 156 160 164 168 172 176 180 184 188 192 196 200 204 208 212 216 220 224 228 232 236 240 244 248 252 256 260 264 268 272 276 280 284 288 292 296 300 304 308 312 316 320 324 328 332 336 340 344 348 352 356 360 364 368 372 376 380 384 388 392 396 400 404 408 412 416 420 424 428 432 436 440 444 448 452 456 460 464 468 472 476 480 484 488 492 496 500 504 508 512 516 520 524 528 532 536 540 544 548 552 556 560 564 568 572 576 580 584 588 592 596 600 604 608 612 616 620 624 628 632 636 640 644 648 652 656 660 664 668 672 676 680 684 688 692 696 700 704 708 712 716 720 724 728 732 736 740 744 748 752 756 760 764 768 772 776 780 784 788 792 796 800 804 808 812 816 820 824 828 832 836 840 844 848 852 856 860 864 868 872 876 880 884 888 892 896 900 904 908 912 916 920 924 928 932 936 940 944 948 952 956 960 964 968 972 976 980 984 988 992 996 1000 1004 1008 1012 1016 1020 1024 1028 1032 1036 1040 1044 1048 1052 1056 1060 1064 1068 1072 1076 1080 1084 1088 1092 1096 1100 1104 1108 1112 1116 1120 1124 1128 1132 1136 1140 1144 1148 1152 1156 1160 1164 1168 1172 1176 1180 1184 1188 1192 1196 1200 1204 1208 1212 1216 1220 1224 1228 1232 1236 1240 1244 1248 1252 1256 1260 1264 1268 1272 1276 1280 1284 1288 1292 1296 1300 1304 1308 1312 1316 1320 1324 1328 1332 1336 1340 1344 1348 1352 1356 1360 1364 1368 1372 1376 1380 1384 1388 1392 1396 1400 1404 1408 1412 1416 1420 1424 1428 1432 1436 1440 1444 1448 1452 1456 1460 1464 1468 1472 1476 1480 1484 1488 1492 1496 1500 1504 1508 1512 1516 1520 1524 1528 1532 1536 1540 1544 1548 1552 1556 1560 1564 1568 1572 1576 1580 1584 1588 1592 1596 1600 1604 1608 1612 1616 1620 1624 1628 1632 1636 1640 1644 1648 1652 1656 1660 1664 1668 1672 1676 1680 1684 1688 1692 1696 1700 1704 1708 1712 1716 1720 1724 1728 1732 1736 1740 1744 1748 1752 1756 1760 1764 1768 1772 1776 1780 1784 1788 1792 1796 1800 1804 1808 1812 1816 1820 1824 1828 1832 1836 1840 1844 1848 1852 1856 1860 1864 1868 1872 1876 1880 1884 1888 1892 1896 1900 1904 1908 1912 1916 1920</DataArray>
        <DataArray type="UInt8" Name="types" NumberOfComponents="1" format="ascii">9 9 9 9 9 9 9 9 9 9 9 9 9 9 9 9 9 9 9 9 9 9 9 9 9 9 9 9 9 9 9 9 9 9 9 9 9 9 9 9 9 9 9 9 9 9 9 9 9 9 9 9 9 9 9 9 9 9 9 9 9 9 9 9 9 9 9 9 9 9 9 9 9 9 9 9 9 9 9 9 9 9 9 9 9 9 9 9 9 9 9 9 9 9 9 9 9 9 9 9 9 9 9 9 9 9 9 9 9 9 9 9 9 9 9 9 9 9 9 9 9 9 9 9 9 9 9 9 9 9 9 9 9 9 9 9 9 9 9 9 9 9 9 9 9 9 9 9 9 9 9 9 9 9 9 9 9 9 9 9 9 9 9 9 9 9 9 9 9 9 9 9 9 9 9 9 9 9 9 9 9 9 9 9 9 9 9 9 9 9 9 9 9 9 9 9 9 9 9 9 9 9 9 9 9 9 9 9 9 9 9 9 9 9 9 9 9 9 9 9 9 9 9 9 9 9 9 9 9 9 9 9 9 9 9 9 9 9 9 9 9 9 9 9 9 9 9 9 9 9 9 9 9 9 9 9 9 9 9 9 9 9 9 9 9 9 9 9 9 9 9 9 9 9 9 9 9 9 9 9 9 9 9 9 9 9 9 9 9 9 9 9 9 9 9 9 9 9 9 9 9 9 9 9 9 9 9 9 9 9 9 9 9 9 9 9 9 9 9 9 9 9 9 9 9 9 9 9 9 9 9 9 9 9 9 9 9 9 9 9 9 9 9 9 9 9 9 9 9 9 9 9 9 9 9 9 9 9 9 9 9 9 9 9 9 9 9 9 9 9 9 9 9 9 9 9 9 9 9 9 9 9 9 9 9 9 9 9 9 9 9 9 9 9 9 9 9 9 9 9 9 9 9 9 9 9 9 9 9 9 9 9 9 9 9 9 9 9 9 9 9 9 9 9 9 9 9 9 9 9 9 9 9 9 9 9 9 9 9 9 9 9 9 9 9 9 9 9 9 9 9 9 9 9 9 9 9 9 9 9 9 9 9 9 9 9 9 9 9 9 9 9 9 9 9 9 9 9 9 9</DataArray>
      </Cells>
      <PointData>
        <DataArray type="Float64" Name="Displacement" NumberOfComponents="6" format="ascii">0.0 0.0 0.0 0.0 0.0 0.0 0.0 0.0 0.0 0.0 0.0 0.0 0.0 0.0 0.0 0.0 0.0 0.0 0.0 0.0 0.0 0.0 0.0 0.0 0.0 0.0 0.0 0.0 0.0 0.0 0.0 0.0 0.0 0.0 0.0 0.0 0.0 0.0 0.0 0.0 0.0 0.0 0.0 0.0 0.0 0.0 0.0 0.0 0.0 0.0 0.0 0.0 0.0 0.0 0.0 0.0 0.0 0.0 0.0 0.0 0.0 0.0 0.0 0.0 0.0 0.0 0.0 0.0 0.0 0.0 0.0 0.0 1.2140786308320358e-05 6.808317814776023e-05 -3.570602868941962e-07 2.7024694043437346e-05 -3.7190563614467344e-07 2.4656034168770516e-06 1.542620586146984e-05 0.00021181717560669102 2.3125050213783153e-07 9.135448468884586e-05 -6.509123351370732e-07 3.216082945808534e-06 1.575114694958e-05 0.0003996651262160066 9.938300620775803e-07 0.00017447853579735892 -5.670088384608101e-07 3.920883121412206e-06 1.3194488359785744e-05 0.0005626203035562728 1.4582594003216554e-06 0.000244731512658253 -4.167895620964376e-07 2.4532069293501724e-06 9.35694603437341e-06 0.0006669945402651464 1.7219804382816276e-06 0.00028867298861205763 -1.5497004827976787e-07 1.5126853663709657e-06 5.507963966284922e-06 0.0007042384093722264 1.713881505870671e-06 0.00030275021914827414 3.483088267310834e-08 -2.3958626306050692e-08 2.484800551096648e-06 0.0006878911986574745 1.5538953659888054e-06 0.0002934848234058468 1.810798643685457e-07 -6.435132246547619e-07 6.735413542536612e-07 0.0006443022381845075 1.3098502189172613e-06 0.00027261746824514866 1.9468735734909973e-07 -1.005908580222131e-06 -1.7086842876867702e-09 0.0006029625897712365 1.1195852773780993e-06 0.00025337332068870393 1.3016293928387416e-07 -6.151992211634967e-07 7.087690401925598e-17 0.0005863779573377478 1.0379535300545835e-06 0.00024569646674887366 1.9327734121383033e-17 -1.3180472269140177e-16 1.7086841222022746e-09 0.0006029625897587663 1.1195852772760164e-06 0.000253373320683164 -1.3016293927255288e-07 6.15199220968877e-07 -6.735413541218552e-07 0.0006443022381652514 1.3098502188833003e-06 0.000272617468237185 -1.946873573039644e-07 1.0059085801321394e-06 -2.48480055094872e-06 0.0006878911986341128 1.5538953659168347e-06 0.00029348482339614196 -1.810798643603867e-07 6.435132245492699e-07 -5.507963965890022e-06 0.000704238409337369 1.7138815058661072e-06 0.000302750219134158 -3.483088267018675e-08 2.395862604260996e-08 -9.356946033546482e-06 0.0006669945402355013 1.7219804381417446e-06 0.00028867298859890236 1.549700482826761e-07 -1.5126853659590705e-06 -1.3194488358979134e-05 0.0005626203035320894 1.4582594003464316e-06 0.000244731512648364 4.167895620942749e-07 -2.4532069295580733e-06 -1.5751146948518284e-05 0.0003996651261935708 9.938300620161355e-07 0.0001744785357873932 5.670088384329963e-07 -3.9208831211312275e-06 -1.5426205860283282e-05 0.00021181717559312188 2.312505020790961e-07 9.135448468302896e-05 6.509123351010546e-07 -3.2160829457077073e-06 -1.2140786307199853e-05 6.808317814293989e-05 -3.5706028679869466e-07 2.7024694041573935e-05 3.7190563612201414e-07 -2.465603416668225e-06 -6.808317814591017e-05 1.214078630751848e-05 -3.5706028688047495e-07 3.7190563612145007e-07 2.7024694042419433e-05 2.4656034167981836e-06 -0.00021181717560371944 1.542620586038445e-05 2.3125050212969623e-07 6.509123351243894e-07 9.135448468697452e-05 3.2160829458550208e-06 -0.000399665126214764 1.5751146948936162e-05 9.938300620820314e-07 5.670088384514379e-07 0.00017447853579569424 3.92088312138859e-06 -0.0005626203035609056 1.3194488359423858e-05 1.4582594002785235e-06 4.1678956212755396e-07 0.0002447315126588206 2.4532069296474933e-06 -0.0006669945402872146 9.356946034481952e-06 1.7219804381840412e-06 1.5497004835470908e-07 0.0002886729886195052 1.5126853666948868e-06 -0.0007042384094189523 5.50796396708768e-06 1.7138815059977001e-06 -3.4830882570891966e-08 0.0003027502191670739 -2.3958625599383727e-08 -0.0006878911987436416 2.4848005519459138e-06 1.5538953660515834e-06 -1.8107986428052843e-07 0.00029348482344058134 -6.43513223899226e-07 -0.0006443022383063045 6.735413550851931e-07 1.309850219155869e-06 -1.9468735722379047e-07 0.00027261746829574936 -1.00590857958806e-06 -0.00060296258992046 -1.708683568311646e-09 1.1195852776792183e-06 -1.3016293922741245e-07 0.0002533733207509746 -6.151992207203292e-07 -0.0005863779575046559 1.8074483513716812e-16 1.0379535303704613e-06 1.5859027407747814e-17 0.0002456964668181636 1.046212526625319e-16 -0.0006029625899309542 1.7086838387306995e-09 1.1195852777193424e-06 1.3016293924737612e-07 0.00025337332075560875 6.151992209166492e-07 -0.000644302238323552 -6.735413548994053e-07 1.3098502192186972e-06 1.9468735724591735e-07 0.00027261746830313033 1.0059085796549992e-06 -0.0006878911987643683 -2.4848005519796418e-06 1.5538953661320046e-06 1.810798642749531e-07 0.0002934848234495183 6.435132239596652e-07 -0.0007042384094410469 -5.5079639670669705e-06 1.7138815060342922e-06 3.4830882589182206e-08 0.00030275021917637937 2.395862558667077e-08 -0.0006669945403097212 -9.356946034733624e-06 1.7219804382726048e-06 -1.5497004836495426e-07 0.0002886729886290833 -1.5126853666585459e-06 -0.0005626203035791195 -1.3194488359764147e-05 1.458259400348099e-06 -4.1678956214076747e-07 0.00024473151266666724 -2.4532069298490456e-06 -0.00039966512622578113 -1.575114694924072e-05 9.93830062053159e-07 -5.67008838479295e-07 0.0001744785358001032 -3.920883121456995e-06 -0.00021181717561106036 -1.5426205860855426e-05 2.3125050209098182e-07 -6.509123351308342e-07 9.135448469016655e-05 -3.2160829459427196e-06 -6.808317814881187e-05 -1.214078630765703e-05 -3.57060286816958e-07 -3.719056361339555e-07 2.7024694043608525e-05 -2.4656034168950214e-06 -1.2140786307611606e-05 -6.808317814361393e-05 -3.5706028688110466e-07 -2.7024694041752554e-05 3.719056361347428e-07 2.465603416717855e-06 -1.5426205860723156e-05 -0.00021181717559772803 2.3125050212175623e-07 -9.135448468517701e-05 6.509123351070775e-07 3.2160829457867046e-06 -1.575114694886886e-05 -0.0003996651262006795 9.938300620133085e-07 -0.0001744785357907333 5.670088384573011e-07 3.920883121175073e-06 -1.319448835928888e-05 -0.0005626203035368922 1.4582594003580982e-06 -0.00024473151265033097 4.1678956207570983e-07 2.453206929454023e-06 -9.356946033904668e-06 -0.000666994540242218 1.7219804381587894e-06 -0.0002886729886023546 1.5497004829044432e-07 1.5126853660937231e-06 -5.507963966032129e-06 -0.0007042384093424964 1.7138815058908446e-06 -0.00030275021913640494 -3.483088270240099e-08 -2.3958626231838185e-08 -2.484800550751669e-06 -0.0006878911986310514 1.553895365872563e-06 -0.0002934848233945536 -1.8107986434667316e-07 -6.435132246475467e-07 -6.735413541919558e-07 -0.0006443022381601246 1.3098502188792486e-06 -0.0002726174682349949 -1.9468735735539565e-07 -1.0059085801365906e-06 1.7086842042267002e-09 -0.000602962589750147 1.1195852772919376e-06 -0.00025337332067985733 -1.3016293925461857e-07 -6.151992211015677e-07 -1.8711186277595122e-16 -0.0005863779573236624 1.0379535299182413e-06 -0.0002456964667423165 -1.7806434007937666e-17 7.207929787460284e-17 -1.7086843330073007e-09 -0.0006029625897578767 1.1195852773586692e-06 -0.00025337332068308137 1.3016293932991495e-07 6.151992212561043e-07 6.735413539454098e-07 -0.0006443022381746259 1.3098502188641743e-06 -0.0002726174682413155 1.946873573114347e-07 1.0059085802440122e-06 2.484800550662829e-06 -0.0006878911986494491 1.5538953659375332e-06 -0.00029348482340221566 1.8107986441759647e-07 6.435132246918973e-07 5.507963965927337e-06 -0.0007042384093655414 1.7138815058904918e-06 -0.0003027502191462923 3.4830882676108685e-08 2.3958626369863305e-08 9.356946033958672e-06 -0.0006669945402670157 1.7219804383224294e-06 -0.0002886729886129833 -1.5497004826198775e-07 -1.5126853661728413e-06 1.3194488359554759e-05 -0.000562620303559962 1.4582594003160307e-06 -0.00024473151266017314 -4.1678956210469387e-07 -2.4532069294231706e-06 1.575114694943454e-05 -0.0003996651262203993 9.938300621940274e-07 -0.000174478535799343 -5.670088384594666e-07 -3.920883121357259e-06 1.5426205861263794e-05 -0.00021181717560839796 2.3125050207540634e-07 -9.135448468952583e-05 -6.509123351567096e-07 -3.2160829459241607e-06 1.2140786307982681e-05 -6.80831781480134e-05 -3.570602868471184e-07 -2.7024694043471922e-05 -3.719056361370173e-07 -2.4656034168539475e-06 6.808317814899449e-05 -1.2140786308216034e-05 -3.5706028688263626e-07 -3.7190563613821603e-07 -2.7024694043463144e-05 2.4656034169071916e-06 0.0002118171756142618 -1.5426205861345217e-05 2.3125050215273481e-07 -6.509123351614394e-07 -9.135448469156663e-05 3.2160829460452982e-06 0.00039966512623300647 -1.5751146949822823e-05 9.938300620781436e-07 -5.670088384665339e-07 -0.00017447853580351155 3.920883121504072e-06 0.0005626203035869256 -1.3194488360108803e-05 1.458259400387608e-06 -4.167895621411865e-07 -0.0002447315126701726 2.4532069298203875e-06 0.0006669945403143928 -9.356946034746309e-06 1.721980438281724e-06 -1.5497004834780378e-07 -0.00028867298863129447 1.5126853665783871e-06 0.0007042384094425525 -5.507963967106887e-06 1.7138815060032264e-06 3.4830882584227514e-08 -0.0003027502191771991 -2.395862564254645e-08 0.0006878911987583214 -2.4848005518104186e-06 1.5538953660860418e-06 1.8107986430389587e-07 -0.0002934848234463103 -6.435132241374701e-07 0.0006443022383164583 -6.735413549180888e-07 1.3098502192411013e-06 1.9468735725675369e-07 -0.0002726174683005797 -1.0059085795686495e-06 0.0006029625899204859 1.7086838555819936e-09 1.1195852777066138e-06 1.301629392637537e-07 -0.000253373320750859 -6.151992211044473e-07 0.000586377957497349 2.783035576691304e-17 1.0379535303298823e-06 -2.0888584403131145e-17 -0.00024569646681477217 1.6894820267620812e-16 0.000602962589921815 -1.7086839747072682e-09 1.1195852777185473e-06 -1.3016293924273054e-07 -0.00025337332075152206 6.151992208043557e-07 0.000644302238315227 6.735413548623408e-07 1.3098502191535113e-06 -1.946873572583e-07 -0.00027261746829933156 1.0059085797968362e-06 0.0006878911987633578 2.4848005517047626e-06 1.5538953661190335e-06 -1.8107986429024755e-07 -0.0002934848234486648 6.435132240707739e-07 0.0007042384094459532 5.5079639670351475e-06 1.7138815060593123e-06 -3.483088261759575e-08 -0.0003027502191787274 2.3958625755042866e-08 0.0006669945403225201 9.356946034717991e-06 1.7219804383362485e-06 1.5497004835881417e-07 -0.0002886729886347405 -1.5126853665631702e-06 0.0005626203035929829 1.3194488360217401e-05 1.4582594003479431e-06 4.1678956212759494e-07 -0.0002447315126723041 -2.4532069298844186e-06 0.0003996651262382434 1.5751146949805245e-05 9.938300621678496e-07 5.670088384893118e-07 -0.00017447853580577021 -3.920883121503722e-06 0.00021181717561949897 1.5426205861441583e-05 2.312505021118556e-07 6.509123351525362e-07 -9.135448469364392e-05 -3.216082946026756e-06 6.808317815259667e-05 1.2140786308402591e-05 -3.570602868320196e-07 3.719056361478705e-07 -2.702469404517008e-05 -2.4656034170142278e-06 0.0 0.0 0.0 0.0 0.0 0.0 0.0 0.0 0.0 0.0 0.0 0.0 0.0 0.0 0.0 0.0 0.0 0.0 0.0 0.0 0.0 0.0 0.0 0.0 0.0 0.0 0.0 0.0 0.0 0.0 0.0 0.0 0.0 0.0 0.0 0.0 0.0 0.0 0.0 0.0 0.0 0.0 0.0 0.0 0.0 0.0 0.0 0.0 0.0 0.0 0.0 0.0 0.0 0.0 0.0 0.0 0.0 0.0 0.0 0.0 0.0 0.0 0.0 0.0 0.0 0.0 0.0 0.0 0.0 0.0 0.0 0.0 0.0 0.0 0.0 0.0 0.0 0.0 0.0 0.0 0.0 0.0 0.0 0.0 0.0 0.0 0.0 0.0 0.0 0.0 0.0 0.0 0.0 0.0 0.0 0.0 0.0 0.0 0.0 0.0 0.0 0.0 0.0 0.0 0.0 0.0 0.0 0.0 0.0 0.0 0.0 0.0 0.0 0.0 0.0 0.0 0.0 0.0 0.0 0.0 0.0 0.0 0.0 0.0 0.0 0.0 0.0 0.0 0.0 0.0 0.0 0.0 0.0 0.0 0.0 0.0 0.0 0.0 0.0 0.0 0.0 0.0 0.0 0.0 0.0 0.0 0.0 0.0 0.0 0.0 0.0 0.0 0.0 0.0 0.0 0.0 0.0 0.0 0.0 0.0 0.0 0.0 0.0 0.0 0.0 0.0 0.0 0.0 0.0 0.0 0.0 0.0 0.0 0.0 0.0 0.0 0.0 0.0 0.0 0.0 0.0 0.0 0.0 0.0 0.0 0.0 0.0 0.0 0.0 0.0 0.0 0.0 0.0 0.0 0.0 0.0 0.0 0.0 0.0 0.0 0.0 0.0 0.0 0.0 0.0 0.0 0.0 0.0 0.0 0.0 0.0 0.0 0.0 0.0 0.0 0.0 0.0 0.0 0.0 0.0 0.0 0.0 0.0 0.0 0.0 0.0 0.0 0.0 0.0 0.0 0.0 0.0 0.0 0.0 0.0 0.0 0.0 0.0 0.0 0.0 0.0 0.0 0.0 0.0 0.0 0.0 0.0 0.0 0.0 0.0 0.0 0.0 0.0 0.0 0.0 0.0 0.0 0.0 0.0 0.0 0.0 0.0 0.0 0.0 0.0 0.0 0.0 0.0 0.0 0.0 0.0 0.0 0.0 0.0 0.0 0.0 0.0 0.0 0.0 0.0 0.0 0.0 0.0 0.0 0.0 0.0 0.0 0.0 0.0 0.0 0.0 0.0 0.0 0.0 0.0 0.0 0.0 0.0 0.0 0.0 0.0 0.0 0.0 0.0 0.0 0.0 0.0 0.0 0.0 0.0 0.0 0.0 0.0 0.0 0.0 0.0 0.0 0.0 0.0 0.0 0.0 0.0 0.0 0.0 0.0 0.0 0.0 0.0 0.0 0.0 0.0 0.0 0.0 0.0 0.0 0.0 0.0 0.0 0.0 0.0 0.0 0.0 0.0 0.0 0.0 0.0 0.0 0.0 0.0 0.0 0.0 0.0 0.0 0.0 0.0 0.0 0.0 0.0 0.0 0.0 0.0 0.0 0.0 0.0 0.0 0.0 0.0 0.0 0.0 0.0 0.0 0.0 0.0 0.0 0.0 0.0 0.0 0.0 0.0 0.0 0.0 0.0 0.0 0.0 0.0 0.0 0.0 0.0 0.0 0.0 0.0 0.0 0.0 0.0 0.0 0.0 0.0 0.0 0.0 0.0 0.0 0.0 0.0 0.0 0.0 0.0 0.0 0.0 0.0 0.0 0.0 0.0 0.0 0.0 0.0 0.0 0.0 0.0 0.0 0.0 0.0 0.0 0.0 0.0 0.0 0.0 0.0 0.0 0.0 0.0 0.0 0.0 0.0 0.0 0.0 0.0 0.0 0.0 0.0 0.0 0.0 0.0 0.0 0.0 0.0 0.0 0.0 0.0 0.0 0.0 0.0 0.0 0.0 0.0 0.0 0.0 5.655455471548303e-05 5.65545547088471e-05 0.008740554810446928 0.0003229171793545191 -0.0003229171793527666 -9.123218806923598e-22 0.00016940263446645382 4.158763042559721e-05 0.029208289029834456 0.0004959946787182867 -0.0010765312452440474 9.076512200578065e-22 0.00031405734482217593 3.1917531017399905e-05 0.053183428637381056 0.0004633654816565165 -0.0019513209197356868 -9.37154664326313e-22 0.0004468099396352851 3.207626997492616e-05 0.07273681506783207 0.00031908056957138134 -0.0026624793194088545 -8.975507126022398e-22 0.0005381165163434341 3.7658458259486704e-05 0.08396821094603157 0.00013037513911363382 -0.003067383475723265 1.4666157264012821e-21 0.0005793782207945372 4.2897291740881994e-05 0.08626182299296503 -3.8576542455236605e-05 -0.0031450140435487412 1.8673482651279593e-21 0.0005787822535511792 4.287532528271029e-05 0.08171892894277115 -0.00014319813045986747 -0.0029727700347723382 -6.7724847963328e-22 0.000555050350808866 3.5045415882913814e-05 0.07407878202529497 -0.00016252315416838517 -0.0026883518580804807 -1.6858844004378076e-22 0.000529624858649702 1.976533329903702e-05 0.06741258899894476 -0.00010422822575712268 -0.0024412148011444834 -4.249800769071975e-22 0.0005190833242388097 -1.3018036881010783e-16 0.06480790934032786 -4.965683501547789e-15 -0.0023448103190587106 5.898530155454312e-22 0.000529624858648577 -1.9765333299223353e-05 0.067412588998679 0.00010422822575645364 -0.00244121480113454 -1.4296572224243766e-22 0.0005550503508078248 -3.5045415882211265e-05 0.0740787820251898 0.00016252315417544298 -0.0026883518580749018 -1.0745150459331707e-21 0.0005787822535481343 -4.287532528147573e-05 0.08171892894281867 0.00014319813045890828 -0.0029727700347766907 -2.080899819388622e-21 0.0005793782207903136 -4.289729173976639e-05 0.08626182299281072 3.857654244814054e-05 -0.0031450140435441377 3.8197799736646727e-23 0.0005381165163366273 -3.765845825886693e-05 0.08396821094558744 -0.0001303751391181378 -0.0030673834757090224 -1.1632190080347421e-21 0.0004468099396291415 -3.207626997463232e-05 0.07273681506733538 -0.0003190805695689484 -0.0026624793193911044 2.8514388517116577e-22 0.00031405734481678853 -3.1917531016795124e-05 0.053183428637090226 -0.0004633654816507596 -0.0019513209197263577 1.54231222136566e-22 0.00016940263446217787 -4.1587630425364154e-05 0.029208289029710868 -0.0004959946787173211 -0.0010765312452412175 -1.0452831298869105e-21 5.6554554712459934e-05 -5.655455470943775e-05 0.008740554810397752 -0.00032291717935252175 -0.0003229171793525768 1.093028202231844e-21 4.1587630433502196e-05 0.00016940263445158532 0.02920828902951119 0.0010765312452359688 -0.0004959946787071322 -9.956424878390957e-23 0.00012923641979046446 0.00012923641977294903 0.09385021436361596 0.0015085686144989958 -0.0015085686144780098 6.125012636317611e-22 0.00024128030150899122 9.956426690728028e-05 0.16656087550675655 0.0013993554801534505 -0.002582479873651326 2.844948489973307e-22 0.0003470035437517295 8.323705311055091e-05 0.22509934404843682 0.0009418740935389437 -0.0034301014598685804 -8.0986296735928e-22 0.0004252786735777155 7.661600809898622e-05 0.25750927324237705 0.0003543814916591917 -0.0038720155232022393 -2.3116308065219583e-22 0.0004681109691397516 7.271369046937665e-05 0.2620949856633389 -0.00017094177167327118 -0.0038859917431739773 1.9040330478850216e-21 0.00047973172325502727 6.512405104630947e-05 0.24555594972140088 -0.0004905137958636519 -0.003578522780534762 -8.24915837830503e-23 0.0004722477335637793 5.0108606144494266e-05 0.21979119614374037 -0.0005399332776276243 -0.0031381710683581893 1.3695219501480327e-21 0.0004601053414653169 2.7430867820030497e-05 0.19772108569259075 -0.00034275620958370396 -0.002769343059419697 -1.2674820167312924e-21 0.0004546376115692639 5.946970485741931e-16 0.18915106492342 -5.180063583412816e-15 -0.002627206024650462 -8.520515430599114e-22 0.00046010534146447447 -2.74308678185478e-05 0.19772108569219274 0.00034275620957816943 -0.0027693430594243847 4.40264328071203e-22 0.00047224773356230256 -5.0108606142679705e-05 0.21979119614336184 0.0005399332776339181 -0.0031381710683529708 1.6344295348351763e-21 0.0004797317232519995 -6.512405104448363e-05 0.24555594972118358 0.0004905137958638085 -0.003578522780519658 -5.554296250553066e-22 0.0004681109691350548 -7.271369046753873e-05 0.26209498566286976 0.00017094177166305616 -0.003885991743165957 1.6466237202709699e-21 0.0004252786735717916 -7.66160080974786e-05 0.2575092732414836 -0.0003543814916659267 -0.0038720155231985135 -9.2606946982251e-22 0.00034700354374568777 -8.323705310947307e-05 0.225099344047543 -0.0009418740935322428 -0.003430101459870543 -1.4552983370733956e-21 0.00024128030150396694 -9.956426690670522e-05 0.16656087550632784 -0.0013993554801415688 -0.002582479873655142 -8.306854362308886e-23 0.00012923641978641415 -0.00012923641977321285 0.09385021436362184 -0.0015085686144935113 -0.0015085686144859934 7.314300459090073e-22 4.1587630430750884e-05 -0.00016940263445315817 0.0292082890295912 -0.0010765312452384827 -0.0004959946787124246 -1.1130564973780012e-21 3.191753102691898e-05 0.0003140573447968094 0.05318342863628398 0.0019513209197002809 -0.00046336548163669307 6.910183056743689e-22 9.956426692758141e-05 0.00024128030147998642 0.16656087550476226 0.0025824798736508625 -0.0013993554800946716 2.268582038411773e-22 0.00018572658323006642 0.0001857265831978672 0.2895257913033633 0.002335022154547624 -0.0023350221544674037 9.439163117025214e-22 0.00026858371904458394 0.00014734228685892234 0.3855972806513548 0.0015070726775598868 -0.0029882728748964926 -1.8043193614174844e-23 0.00033351760934624737 0.00012182171017801579 0.4347790524154797 0.00045983557877483526 -0.003216995073434666 3.161112326423168e-22 0.0003742575078500216 0.00010260002549959168 0.4346625686352636 -0.0004644947122064621 -0.0030149213146833213 -1.6295840337505864e-22 0.00039250673030696875 8.33815439401614e-05 0.3977737192756961 -0.0010107978364959195 -0.0025085400424895094 1.884087271078002e-21 0.00039550746484896804 6.01014427528493e-05 0.3459320613443704 -0.001062508807672836 -0.001906029826261677 1.2136172252125978e-21 0.000392376411375085 3.172970024429834e-05 0.30275834350104025 -0.0006641410719188688 -0.001430889331226361 2.059643786505761e-21 0.00039041137775012096 1.2798067627127713e-15 0.2861519768930281 1.7192646132856854e-15 -0.001251642877939917 1.2233704974029243e-21 0.0003923764113738529 -3.1729700241333147e-05 0.30275834350103553 0.0006641410719152453 -0.0014308893312373462 4.321585356297133e-22 0.0003955074648471409 -6.0101442749654165e-05 0.3459320613443207 0.0010625088076747279 -0.0019060298262799644 -4.104519080661241e-22 0.0003925067303037176 -8.338154393692329e-05 0.39777371927547933 0.0010107978364872897 -0.002508540042504858 -1.3691702784882147e-21 0.00037425750784561774 -0.00010260002549695943 0.43466256863448977 0.00046449471219288255 -0.0030149213146792244 1.8173444439495592e-22 0.0003335176093409308 -0.00012182171017572564 0.43477905241455045 -0.0004598355787674778 -0.0032169950734369655 -1.906356087921237e-21 0.0002685837190392028 -0.00014734228685764404 0.3855972806508673 -0.0015070726775496162 -0.0029882728749106753 1.4632635751241802e-21 0.00018572658322527652 -0.00018572658319781273 0.2895257913034531 -0.002335022154534749 -0.0023350221544843324 -1.9308037001708894e-21 9.956426692415225e-05 -0.0002412803014811724 0.16656087550527351 -0.0025824798736469156 -0.0013993554801069038 -9.38976788834616e-22 3.1917531024480186e-05 -0.00031405734479924424 0.053183428636614447 -0.0019513209197114594 -0.00046336548164146047 2.827403417894668e-22 3.2076269987011645e-05 0.00044680993959509297 0.07273681506534929 0.0026624793193236523 -0.00031908056953572594 -1.4946686612958848e-21 8.323705313378332e-05 0.0003470035437087402 0.22509934404220103 0.0034301014598037386 -0.0009418740934280536 -1.4653161771138815e-21 0.0001473422868920394 0.00026858371900040536 0.38559728064472265 0.002988272874945535 -0.001507072677374839 1.1123635196278831e-21 0.000209989849183253 0.0002099898491394548 0.5047421473085233 0.0017764829114260104 -0.0017764829112098227 7.887072602921175e-23 0.00026144033299901914 0.0001665126366138948 0.5562928448361283 0.000285096324071702 -0.0016424351409278384 -8.526993547989768e-23 0.0002969885851324545 0.00013209660394164694 0.5382938633259505 -0.001004951519750481 -0.0011293002193152606 1.7059827783594804e-21 0.00031691994092806754 0.00010106316306350761 0.46991445504230994 -0.0017297391958047716 -0.00037627713101370694 -1.0211445605595116e-21 0.00032517877915743223 6.944223369132615e-05 0.38354030143019213 -0.001724603340694927 0.00040226303030688697 -1.620664411469732e-21 0.00032714013074439243 3.5592158560378464e-05 0.3139771485942719 -0.0010574207233685897 0.000982501692671945 8.770317724981162e-23 0.00032722917484588956 1.7485585189254316e-15 0.287536837043897 8.007220340089278e-15 0.0011965406728813878 2.996326146388952e-22 0.0003271401307429345 -3.5592158556651384e-05 0.3139771485947452 0.0010574207233714345 0.0009825016926637944 -3.5275063749519043e-22 0.000325178779155059 -6.944223368711114e-05 0.38354030143063983 0.0017246033406910985 0.00040226303030527005 3.160019774748889e-22 0.00031691994092491777 -0.00010106316305951853 0.4699144550422166 0.001729739195786901 -0.0003762771310029401 -1.554718350109452e-21 0.00029698858512851924 -0.00013209660393832055 0.5382938633250743 0.0010049515197371663 -0.0011293002193151827 -1.5504129878281256e-21 0.00026144033299458947 -0.00016651263661119308 0.5562928448352324 -0.0002850963240592143 -0.0016424351409268319 -1.4657998788069201e-21 0.000209989849179242 -0.00020998984913783285 0.5047421473084984 -0.001776482911403632 -0.0017764829112142482 -1.3424679394951798e-21 0.00014734228688809267 -0.0002685837189996209 0.38559728064557774 -0.002988272874932778 -0.0015070726773885078 -1.4810939162017675e-22 8.323705313049632e-05 -0.0003470035437087809 0.22509934404323556 -0.0034301014598093057 -0.0009418740934367375 4.235516008709584e-22 3.207626998501675e-05 -0.00044680993959685984 0.07273681506582126 -0.0026624793193405607 -0.0003190805695365851 2.0592399981926508e-21 3.765845827285498e-05 0.0005381165162865217 0.08396821094135175 0.00306738347555891 -0.00013037513906138818 2.440494871330374e-22 7.66160081236313e-05 0.00042527867352047395 0.25750927322942496 0.0038720155230358142 -0.0003543814915014689 2.074647503039596e-21 0.00012182171021163219 0.00033351760928926344 0.43477905239746595 0.003216995073398717 -0.0004598355785047463 3.296596644577412e-22 0.00016651263665618435 0.0002614403329442577 0.5562928448218273 0.0016424351411123148 -0.0002850963237159412 6.637566546746978e-22 0.0002048009924643771 0.00020480099241366258 0.5914385052621269 -0.0002369770824854808 0.00023697708287284932 3.5557052685598323e-22 0.00023328080637786738 0.0001584420031758704 0.5400089011586233 -0.001819882742819662 0.0010608476808275735 4.4374344411645097e-23 0.000251454917814861 0.00011755039797940147 0.4283185271492201 -0.002646938010564539 0.0020399623516591183 2.0588139139374508e-21 0.00026116032864423013 7.854926522312075e-05 0.2993008235142836 -0.002512837538558047 0.0029668583981656855 7.128336793985257e-22 0.0002652921691316953 3.9507363738559725e-05 0.19867364664520767 -0.0015115177048326326 0.003628957648671721 1.1020360168262162e-22 0.0002663456568144762 1.9215622261934034e-15 0.16087883899308303 -7.357249678931363e-15 0.003869015014566228 1.085977183251784e-21 0.0002652921691301047 -3.9507363734363944e-05 0.1986736466447689 0.001511517704829763 0.0036289576487164477 -1.1001489475565194e-21 0.0002611603286422542 -7.854926521897487e-05 0.29930082351343507 0.0025128375385444312 0.0029668583982192494 2.7112931399734977e-22 0.0002514549178122603 -0.00011755039797509733 0.4283185271478439 0.0026469380105571525 0.0020399623516993274 1.467075656047473e-21 0.00023328080637451088 -0.00015844200317233163 0.54000890115693 0.0018198827428142705 0.0010608476808601915 8.554051951044118e-22 0.000204800992460639 -0.00020480099241033375 0.5914385052606419 0.00023697708249930573 0.00023697708289541412 4.0918733477927322e-22 0.00016651263665281048 -0.0002614403329408198 0.5562928448213459 -0.0016424351410861268 -0.0002850963236931861 -8.216532153466551e-22 0.00012182171020810536 -0.00033351760928680186 0.4347790523980238 -0.0032169950733833053 -0.0004598355784790924 -6.649904581456585e-22 7.66160081211681e-05 -0.0004252786735184217 0.25750927323024747 -0.003872015523040652 -0.00035438149148428266 -1.5548811758309974e-22 3.765845827198184e-05 -0.0005381165162855586 0.08396821094171394 -0.003067383475572443 -0.0001303751390561661 1.5415406269609786e-21 4.289729175577466e-05 0.0005793782207193099 0.08626182298556706 0.0031450140432835246 3.857654251176691e-05 1.0794831582658053e-21 7.271369049409774e-05 0.00046811096906562873 0.2620949856417592 0.0038859917428720942 0.00017094177186062395 -3.4973536162614397e-22 0.00010260002553183137 0.00037425750777941196 0.43466256860227037 0.0030149213145288407 0.00046449471253555224 -1.0491310020768148e-21 0.00013209660398070215 0.00029698858506683573 0.5382938632916123 0.0011293002194159014 0.001004951520196085 3.544363545355053e-22 0.00015844200322108574 0.0002332808063189931 0.5400089011359375 -0.0010608476804621297 0.0018198827433396191 -1.471079083244399e-21 0.00017931908791956743 0.00017931908786870216 0.44221594624818844 -0.002850222962318489 0.0028502229628602797 1.0776158893048498e-21 0.00019387920470699806 0.00013142446267589116 0.27839988163781804 -0.003701253962445088 0.00395576594665999 8.74613615051187e-24 0.00020269876684237868 8.66687913873454e-05 0.10141284125053598 -0.0033769475252958267 0.004947300795473735 1.9910404185359253e-21 0.00020712658267727912 4.316590889863183e-05 -0.03298570583454378 -0.0019980177278952856 0.005635812911503449 -1.4142248901715294e-21 0.0002084327456697503 1.9984337961959768e-15 -0.08294525236895207 -2.8918436352146406e-14 0.005882258314947307 -1.1309796127182148e-21 0.0002071265826758202 -4.316590889467208e-05 -0.03298570583694948 0.0019980177278569166 0.0056358129115370754 -1.0101917690806897e-21 0.0002026987668407992 -8.666879138339154e-05 0.10141284124685515 0.0033769475252831416 0.004947300795533246 -1.5098053670211425e-21 0.00019387920470498516 -0.0001314244626718531 0.27839988163363577 0.003701253962437636 0.003955765946732337 -5.260275431515338e-22 0.0001793190879165259 -0.00017931908786407403 0.4422159462440094 0.0028502229623261705 0.0028502229629270735 -1.993114768509047e-21 0.0001584420032175068 -0.0002332808063140886 0.5400089011322996 0.0010608476804760294 0.0018198827434032045 8.220092696968521e-23 0.00013209660397724423 -0.0002969885850618335 0.5382938632888842 -0.001129300219393304 0.0010049515202631843 -1.3698458490329084e-21 0.0001026000255287446 -0.00037425750777436267 0.43466256860073005 -0.0030149213145040203 0.0004644947125937323 -1.639476800411969e-21 7.271369049190307e-05 -0.00046811096906068065 0.2620949856411646 -0.0038859917428590734 0.00017094177190012065 8.55715506516633e-22 4.289729175491005e-05 -0.0005793782207139513 0.08626182298540816 -0.003145014043279104 3.8576542527451435e-05 -2.062359971300486e-21 4.287532529737169e-05 0.0005787822534522368 0.08171892893235608 0.0029727700343988067 0.00014319813052413933 -6.499508027882383e-22 6.512405106938235e-05 0.0004797317231627023 0.24555594969012623 0.0035785227800741713 0.0004905137960641042 -5.990125629435731e-23 8.33815439686123e-05 0.0003925067302222785 0.3977737192255776 0.0025085400421966312 0.0010107978368517282 -3.350387183437695e-22 0.00010106316309685177 0.00031691994085165573 0.46991445498485823 0.0003762771310132522 0.0017297391962836227 -1.7866507706507705e-21 0.00011755039801670463 0.00025145491774756037 0.4283185270995834 -0.0020399623513460284 0.002646938011122421 -1.0181700115208213e-21 0.00013142446271762433 0.00019387920464994095 0.2783998816093076 -0.003955765946128295 0.003701253963043571 1.3617948495826789e-21 0.00014179927233137497 0.0001417992722854252 0.06018227219456391 -0.004771382661689959 0.004771382662298644 -1.9939232234298188e-21 0.00014860265173470967 9.309899960619073e-05 -0.1648282932971156 -0.004227413817637873 0.005700443465728329 2.0376018955130906e-21 0.00015230695485257684 4.6185488555798735e-05 -0.3322768470472224 -0.002469311949880223 0.006333694112821332 -2.0025997287264362e-21 0.00015346354240247057 1.4984646527080451e-15 -0.394020871595953 -4.179856312945809e-14 0.006558542492730158 1.06197153275912e-21 0.0001523069548511124 -4.618548855264674e-05 -0.33227684705130384 0.002469311949800583 0.006333694112854997 -7.861175971985268e-22 0.00014860265173319745 -9.30989996030163e-05 -0.16482829330405757 0.0042274138176031095 0.005700443465799393 1.8260825275799603e-21 0.00014179927232898666 -0.00014179927228154206 0.060182272186660946 0.004771382661686288 0.004771382662374758 -1.1175794936540446e-21 0.00013142446271464781 -0.00019387920464524006 0.27839988160129614 0.003955765946127562 0.0037012539631301002 4.919894066239727e-22 0.00011755039801336785 -0.0002514549177423466 0.4283185270920081 0.002039962351364265 0.0026469380112162486 9.918802386394517e-22 0.00010106316309305976 -0.0003169199408458314 0.4699144549785587 -0.0003762771309805362 0.0017297391963592681 -1.2719348768025879e-21 8.338154396564594e-05 -0.00039250673021570446 0.39777371922104915 -0.0025085400421585497 0.0010107978369131153 -1.247045987500045e-21 6.512405106741815e-05 -0.0004797317231562096 0.24555594968747935 -0.003578522780036942 0.0004905137961066412 1.1946070794108363e-21 4.287532529604512e-05 -0.0005787822534452958 0.08171892893145198 -0.0029727700343663405 0.00014319813053818343 -1.6777956003504368e-21 3.504541589544144e-05 0.0005550503506894698 0.0740787820116463 0.00268835185758915 0.00016252315423347788 1.8050370796250625e-21 5.010860616351292e-05 0.00047224773345557337 0.21979119610281805 0.003138171067758909 0.0005399332778130612 -1.5991094422425147e-22 6.010144277564345e-05 0.00039550746475164116 0.3459320612777627 0.0019060298258338775 0.001062508807976469 -7.221615058978879e-22 6.944223371688878e-05 0.0003251787790710356 0.383540301350441 -0.0004022630304047396 0.0017246033411078415 9.731555004283237e-22 7.854926525157725e-05 0.00026116032857016476 0.2993008234384175 -0.002966858397912471 0.0025128375390492115 1.7365549633648274e-21 8.66687914187054e-05 0.00020269876678034646 0.10141284119419586 -0.00494730079494593 0.0033769475258102885 -1.9223561113600456e-21 9.309899964006817e-05 0.00014860265168542612 -0.16482829332491808 -0.005700443465114932 0.004227413818140977 -7.5197719821751575e-22 9.755495123802554e-05 9.755495120195537e-05 -0.43117560454383197 -0.004951524578591543 0.0049515245790900915 4.882920428561973e-22 0.00010010103803717002 4.835305589228021e-05 -0.6266615839827715 -0.0028664957576696685 0.005439568593798459 -1.803930510112285e-21 0.00010092013681780459 1.3795077262818911e-15 -0.698337008513855 -6.131961884075374e-14 0.005611904757544615 -1.1447735807240403e-21 0.00010010103803608197 -4.835305588958673e-05 -0.6266615839887125 0.002866495757554783 0.005439568593838841 1.0158076278652111e-21 9.755495123541007e-05 -9.755495119828295e-05 -0.43117560455378157 0.004951524578546138 0.0049515245791390975 -2.507333312414773e-22 9.309899963661468e-05 -0.0001486026516813092 -0.16482829333636032 0.005700443465100379 0.004227413818206736 -8.037253391258653e-23 8.66687914149713e-05 -0.00020269876677517972 0.10141284118234968 0.004947300794944419 0.003376947525877017 1.377503160975082e-21 7.854926524816432e-05 -0.0002611603285642506 0.29930082342707115 0.002966858397934004 0.0025128375391061295 -5.385802256261212e-22 6.944223371326925e-05 -0.000325178779064812 0.38354030134063505 0.00040226303044480584 0.0017246033411725274 -1.6498900504806164e-22 6.0101442772265906e-05 -0.00039550746474466557 0.34593206127042764 -0.0019060298257751462 0.0010625088080272315 1.798824001813197e-21 5.010860616104934e-05 -0.0004722477334471818 0.219791196098595 -0.003138171067693158 0.0005399332778335493 1.706206125152767e-21 3.50454158938306e-05 -0.0005550503506795407 0.07407878201031018 -0.002688351857539517 0.00016252315423678814 1.0699123641468076e-22 1.9765333307792314e-05 0.0005296248585135231 0.06741258898277039 0.002441214800560866 0.00010422822579308486 -6.069036291204951e-22 2.7430867832944474e-05 0.0004601053413439499 0.19772108564421623 0.002769343058715733 0.0003427562096962425 -1.0489237799375707e-21 3.172970026013366e-05 0.00039237641126709715 0.3027583434217331 0.0014308893306932845 0.0006641410721232346 1.7469278465888755e-21 3.559215857744627e-05 0.0003271401306505835 0.31397714849731045 -0.0009825016928448583 0.0010574207236440749 1.3989457325885222e-21 3.9507363756428414e-05 0.00026529216905111244 0.19867364654950717 -0.0036289576484483024 0.001511517705134591 7.486933659217374e-22 4.3165908918510474e-05 0.00020712658261068829 -0.032985705911062695 -0.0056358129109597005 0.0019980177281877956 -1.4481187420641811e-21 4.61854885768087e-05 0.00015230695479979774 -0.33227684709388444 -0.006333694112171091 0.002469311950131459 -1.856798338689786e-21 4.8353055914008845e-05 0.00010010103799942644 -0.6266615840005798 -0.005439568593294645 0.0028664957578833066 -1.0329268253320213e-21 4.9626477186095294e-05 4.9626477163730656e-05 -0.8410027374779134 -0.00313252239593432 0.0031325223961427015 1.3283476540738574e-21 5.004276604832088e-05 8.032328673850059e-16 -0.9193300268567044 -6.952972851730319e-14 0.0032262127467167045 -1.0649489697443367e-21 4.962647718409067e-05 -4.962647716117632e-05 -0.8410027374844616 0.0031325223958114747 0.003132522396126833 -1.2418895896451648e-21 4.835305591059597e-05 -0.00010010103799661898 -0.6266615840120229 0.005439568593221774 0.0028664957578941903 6.34038037258785e-22 4.6185488572808024e-05 -0.00015230695479654668 -0.3322768471076137 0.006333694112152529 0.002469311950156935 -4.932042942604837e-22 4.3165908914012316e-05 -0.00020712658260690746 -0.03298570592503474 0.005635812910968619 0.001998017728206158 1.1983321575758046e-21 3.950736375254591e-05 -0.000265292169046442 0.19867364653644037 0.0036289576484754187 0.0015115177051466424 2.3390007885179413e-23 3.559215857383814e-05 -0.0003271401306445943 0.3139771484860037 0.0009825016928883049 0.001057420723639159 -1.1461271369344851e-21 3.1729700256043974e-05 -0.00039237641126010133 0.30275834341330327 -0.0014308893306217271 0.000664141072116234 -1.8888338425461603e-21 2.7430867829854592e-05 -0.0004601053413352156 0.19772108563947632 -0.0027693430586398084 0.00034275620969648066 1.1608341493419243e-21 1.976533330620516e-05 -0.0005296248585027787 0.0674125889812789 -0.00244121480050688 0.00010422822579595482 1.9895662848047184e-21 4.228582407461165e-15 0.0005190833240944776 0.06480790932315579 0.002344810318438193 8.95408583805207e-15 5.81120337746398e-22 6.819625175417841e-15 0.0004546376114406682 0.18915106487154856 0.0026272060238835015 3.2613774488499984e-14 7.871576516840357e-22 8.421925741615037e-15 0.0003904113776379973 0.28615197680704807 0.0012516428773428733 6.069467899337348e-14 3.966985735558342e-23 8.767549171995731e-15 0.0003272291747485848 0.28753683693815835 -0.0011965406730743817 6.738123473145957e-14 1.6177330142897676e-21 9.45366709935714e-15 0.00026634565673150335 0.1608788388886738 -0.0038690150143202164 5.371766140187672e-14 5.064511639554044e-22 9.408700141963533e-15 0.00020843274560073815 -0.08294525245246841 -0.005882258314357659 1.6263732025775076e-14 -4.612346375914781e-22 8.95322193099956e-15 0.00015346354234854385 -0.3940208716472934 -0.006558542492033207 -2.239611180496775e-14 -3.6198977765230123e-22 7.763225857686354e-15 0.00010092013677869642 -0.6983370085341509 -0.0056119047569998535 -5.268662243316506e-14 1.5107440920606391e-21 7.313403673381097e-15 5.004276602573418e-05 -0.9193300268578022 -0.0032262127464937397 -9.499864653594136e-14 -1.5919930350716095e-21 6.2684093320018045e-15 9.37122092698027e-16 -1.0 -5.603718317886921e-14 -1.2295673124052576e-13 2.0625794601303205e-22 5.1634114167540036e-15 -5.004276602448496e-05 -0.9193300268635672 0.00322621274637518 -1.1048647268185157e-13 -2.0417936556921408e-22 4.3925621347283346e-15 -0.00010092013677719493 -0.698337008544945 0.005611904756917371 -8.967730750813467e-14 6.4517226283561e-22 4.1980893277054344e-15 -0.00015346354234633237 -0.39402087166051697 0.006558542492018525 -6.804274287469987e-14 4.592461456166849e-22 4.472855880345775e-15 -0.00020843274559770593 -0.08294525246555569 0.0058822583143777205 -3.7621002560185784e-14 1.3036476182090406e-21 4.0094651427677865e-15 -0.0002663456567273584 0.16087883887699775 0.003869015014356598 -1.417275677620482e-14 6.004401404791772e-22 4.608399295925339e-15 -0.0003272291747429739 0.287536836928621 0.001196540673123357 1.8124836095816213e-15 1.033524487733848e-22 3.918758762583897e-15 -0.0003904113776308245 0.2861519768000029 -0.0012516428772920962 1.2390560042051322e-14 -3.177140451053413e-22 3.217927242929473e-15 -0.0004546376114327038 0.18915106486725608 -0.002627206023824233 1.4416798260512844e-14 1.6078756666197646e-21 2.1619146284563937e-15 -0.0005190833240842767 0.06480790932166636 -0.002344810318385315 6.0191235793673785e-15 2.401109346963851e-22 -1.9765333299604253e-05 0.0005296248585041239 0.06741258898175753 0.002441214800526004 -0.00010422822577046102 1.7978778594810047e-21 -2.7430867819706938e-05 0.0004601053413363333 0.19772108564100185 0.0027693430586624352 -0.0003427562096328315 -1.9213988269675896e-21 -3.1729700243297125e-05 0.00039237641126124815 0.30275834341605057 0.001430889330648049 -0.0006641410720174466 3.53035585266268e-22 -3.5592158559676355e-05 0.00032714013064518934 0.3139771484908243 -0.0009825016928317518 -0.0010574207235194933 6.038178286665036e-22 -3.950736373808046e-05 0.0002652921690468289 0.1986736465446996 -0.0036289576483943624 -0.0015115177050497302 1.8857424391060913e-21 -4.3165908899884444e-05 0.0002071265826069859 -0.03298570591279352 -0.005635812910890576 -0.001998017728151064 -3.2690979465238444e-22 -4.6185488559572944e-05 0.0001523069547969302 -0.33227684709228184 -0.006333694112107005 -0.002469311950150761 2.505313805206101e-22 -4.835305589813348e-05 0.00010010103799723438 -0.6266615839956136 -0.00543956859322407 -0.0028664957579765107 -7.669328091641188e-22 -4.962647717233532e-05 4.9626477162052684e-05 -0.8410027374694895 -0.0031325223958666827 -0.0031325223962894834 -4.318696517898433e-22 -5.004276603578682e-05 4.4570134646737304e-17 -0.919330026846097 -4.9898150870007416e-14 -0.0032262127468950116 -8.12932091010243e-22 -4.962647717378244e-05 -4.9626477162044024e-05 -0.8410027374741502 0.0031325223957800264 -0.0031325223963181736 -1.4793496464787606e-21 -4.83530559020119e-05 -0.00010010103799698572 -0.6266615840037083 0.00543956859317343 -0.0028664957580474154 -2.4188313845456425e-22 -4.618548856477157e-05 -0.00015230695479602626 -0.3322768471017696 0.006333694112102021 -0.0024693119502545192 -2.0766126224906486e-21 -4.316590890582343e-05 -0.00020712658260498636 -0.03298570592170627 0.005635812910918518 -0.001998017728264002 -1.5320924260963183e-21 -3.950736374409573e-05 -0.00026529216904402973 0.19867364653746303 0.003628957648433343 -0.0015115177051592229 6.157439257714966e-22 -3.559215856538426e-05 -0.0003271401306415185 0.313977148485292 0.0009825016928609747 -0.0010574207236142648 8.935129691524096e-22 -3.172970024808935e-05 -0.00039237641125590395 0.30275834341166874 -0.001430889330631281 -0.0006641410720756103 -2.813153518814815e-22 -2.7430867823526006e-05 -0.00046010534132989386 0.19772108563790816 -0.002769343058627576 -0.0003427562096625976 -2.0298252465031215e-21 -1.976533330243739e-05 -0.000529624858496246 0.06741258898060712 -0.0024412148004832736 -0.00010422822578110936 -1.4625595853136771e-21 -3.504541588782085e-05 0.0005550503506726208 0.0740787820095448 0.0026883518575131177 -0.00016252315421255324 1.5636145685301285e-21 -5.010860615039208e-05 0.00047224773344135097 0.2197911960965931 0.0031381710676700466 -0.0005399332777561086 1.9158993339746284e-21 -6.010144275986753e-05 0.0003955074647398057 0.345932061267869 0.0019060298257760704 -0.0010625088079137975 3.3292598314022436e-22 -6.944223369959302e-05 0.00032517877906145003 0.3835403013393393 -0.0004022630303952457 -0.0017246033410478088 -1.614036158368606e-23 -7.854926523369928e-05 0.00026116032856185207 0.2993008234294931 -0.002966858397834892 -0.0025128375389694008 -8.62961960246018e-22 -8.6668791400711e-05 0.00020269876677354227 0.101412841190203 -0.004947300794826402 -0.0033769475257565797 1.1623226628014493e-21 -9.309899962381949e-05 0.00014860265168022645 -0.16482829332277094 -0.0057004434649887935 -0.0042274138181434984 -1.927918384444273e-21 -9.755495122284811e-05 9.75549511978341e-05 -0.4311756045354188 -0.004951524578467026 -0.004951524579134737 6.918493641581891e-22 -0.00010010103802442524 4.8353055889462006e-05 -0.6266615839688016 -0.002866495757572044 -0.005439568593873621 8.506517468854978e-22 -0.00010092013680595471 -3.7268208624592705e-16 -0.6983370084966052 -2.76821905828777e-14 -0.005611904757632031 1.443922452182559e-21 -0.00010010103802612189 -4.835305588949977e-05 -0.6266615839713257 0.002866495757526483 -0.005439568593930478 1.9400364612165768e-21 -9.755495122704422e-05 -9.755495119762157e-05 -0.4311756045394176 0.004951524578453661 -0.004951524579227647 -1.837207734642594e-21 -9.309899962893565e-05 -0.00014860265167979765 -0.16482829332682375 0.005700443464999859 -0.004227413818257006 -1.468711021471698e-21 -8.666879140766045e-05 -0.00020269876677285947 0.10141284118726969 0.004947300794860214 -0.003376947525882737 1.7640712849061695e-21 -7.854926524010035e-05 -0.0002611603285605996 0.29930082342786135 0.0029668583978530176 -0.002512837539084228 3.8031296932001487e-22 -6.944223370584368e-05 -0.00032517877905957344 0.3835403013379608 0.00040226303038729927 -0.0017246033411190045 7.574074413506778e-23 -6.01014427652362e-05 -0.0003955074647374038 0.3459320612661823 -0.0019060298257804454 -0.0010625088079634834 -1.159976146704615e-21 -5.0108606155594064e-05 -0.00047224773343757724 0.2197911960951723 -0.0031381710676550074 -0.0005399332777932768 -1.2325276626182779e-21 -3.504541589048393e-05 -0.0005550503506678078 0.07407878200899545 -0.0026883518574933544 -0.00016252315422592823 -8.973238467980651e-22 -4.287532528990337e-05 0.0005787822534306947 0.08171892892949602 0.0029727700342941565 -0.00014319813051470574 2.0375498787426534e-21 -6.51240510572831e-05 0.00047973172314435213 0.24555594968188402 0.0035785227799637223 -0.000490513796040419 1.0076600154759627e-21 -8.338154395333379e-05 0.0003925067302066654 0.397773719212943 0.002508540042131335 -0.0010107978368047266 -1.4129804831920152e-22 -0.00010106316307998126 0.00031691994083856036 0.46991445497085604 0.0003762771310239484 -0.001729739196227506 1.725927433470322e-21 -0.00011755039799928664 0.0002514549177366267 0.42831852708765156 -0.00203996235127403 -0.0026469380110819177 1.0260093057579197e-21 -0.00013142446270088628 0.0001938792046412784 0.27839988160273466 -0.003955765945985723 -0.0037012539629941825 9.657897776394995e-22 -0.00014179927231585966 0.00014179927227838735 0.060182272195700603 -0.004771382661524463 -0.004771382662255743 -1.6788404296726383e-21 -0.00014860265172108035 9.309899960085715e-05 -0.16482829328804113 -0.004227413817485701 -0.005700443465710039 -3.32056368814221e-23 -0.00015230695484044155 4.618548855176277e-05 -0.3322768470314955 -0.00246931194976647 -0.00633369411281636 1.9447108834034368e-21 -0.00015346354239244666 -8.655598113070488e-16 -0.39402087157622295 4.6334341867825425e-15 -0.006558542492741845 -4.6513318503314885e-22 -0.00015230695484313335 -4.6185488553218916e-05 -0.3322768470311904 0.0024693119497693956 -0.006333694112872479 7.995903967629122e-22 -0.00014860265172574692 -9.309899960152644e-05 -0.16482829328728632 0.0042274138175006125 -0.0057004434658072065 -1.2921607128611655e-21 -0.00014179927232160495 -0.00014179927227875576 0.06018227219733705 0.0047713826615450585 -0.004771382662369827 -1.3304157921590809e-21 -0.0001314244627077392 -0.0001938792046418281 0.2783998816055034 0.003955765946010195 -0.0037012539630959843 -1.0434168792947152e-21 -0.00011755039800647913 -0.00025145491773733277 0.42831852709069007 0.002039962351260528 -0.0026469380111537985 -1.8332465621285084e-21 -0.00010106316308643312 -0.0003169199408387207 0.4699144549729564 -0.00037627713104801944 -0.0017297391962956814 -7.453216814040066e-22 -8.338154396016582e-05 -0.0003925067302061535 0.39777371921385 -0.0025085400421548856 -0.001010797836858767 1.102728749018934e-21 -6.512405106271277e-05 -0.00047973172314331135 0.24555594968205427 -0.0035785227799697427 -0.0004905137960668401 -9.885230247386338e-22 -4.287532529349999e-05 -0.0005787822534291038 0.08171892892948396 -0.002972770034295341 -0.00014319813052283948 3.3321626879244455e-22 -4.289729174929325e-05 0.0005793782206923104 0.08626182298239218 0.003145014043170746 -3.8576542508598074e-05 -8.247313177557332e-22 -7.271369048303097e-05 0.00046811096904419443 0.2620949856325913 0.0038859917427452335 -0.00017094177184719746 -1.6208967116973962e-21 -0.00010260002551713353 0.00037425750776187174 0.43466256858774416 0.003014921314441443 -0.0004644947125069424 1.2098480426170648e-21 -0.0001320966039642844 0.0002969885850519216 0.5382938632750253 0.0011293002194209417 -0.0010049515201489719 9.703641353720338e-22 -0.00015844200320380345 0.00023328080630644586 0.5400089011214674 -0.0010608476803825883 -0.0018198827432784886 1.5673277787935307e-21 -0.00017931908790337918 0.00017931908785792517 0.4422159462392082 -0.002850222962178364 -0.0028502229628133025 6.369083259219495e-23 -0.0001938792046920821 0.00013142446266721888 0.27839988163661455 -0.003701253962274261 -0.003955765946609294 1.2568675683737674e-21 -0.00020269876682992846 8.666879138043e-05 0.10141284125757051 -0.003376947525137194 -0.004947300795410528 -2.7706834390813794e-23 -0.00020712658266640928 4.316590889333435e-05 -0.0329857058204662 -0.0019980177277721814 -0.005635812911442556 -1.9455380707139924e-21 -0.00020843274566145604 -1.068755698171091e-15 -0.08294525235051396 2.2311341848874836e-14 -0.005882258314884016 -1.968029308577293e-21 -0.00020712658266972402 -4.316590889571951e-05 -0.032985705817937076 0.0019980177278287907 -0.00563581291147544 3.9438376525699866e-22 -0.00020269876683511018 -8.666879138235923e-05 0.10141284126241724 0.003376947525173319 -0.004947300795476982 1.705671705603141e-21 -0.0001938792046984847 -0.0001314244626690961 0.27839988164300067 0.0037012539622997133 -0.003955765946685125 -1.6862483076850158e-21 -0.00017931908791054543 -0.0001793190878595386 0.442215946246337 0.0028502229621825046 -0.002850222962885932 7.355563881950817e-22 -0.00015844200321189574 -0.0002332808063077558 0.5400089011282513 0.0010608476803648035 -0.0018198827433566478 -6.263359475833574e-22 -0.0001320966039717051 -0.0002969885850529588 0.5382938632805837 -0.0011293002194522617 -0.00100495152021891 1.1485951771538548e-21 -0.00010260002552460256 -0.0003742575077627898 0.4346625685913074 -0.0030149213144898723 -0.0004644947125591528 -7.301910422554668e-22 -7.27136904887751e-05 -0.0004681109690457541 0.26209498563418737 -0.0038859917427754445 -0.00017094177187785965 -2.8711581807799773e-22 -4.289729175246641e-05 -0.000579378220695108 0.0862618229828408 -0.003145014043186426 -3.857654251892321e-05 6.783738177503495e-22 -3.7658458267843396e-05 0.0005381165162607455 0.08396821093802462 0.0030673834754391706 0.00013037513906431604 1.0080989795639478e-21 -7.661600811309396e-05 0.0004252786734986873 0.25750927321962774 0.003872015522896771 0.0003543814915131523 -1.221695938534451e-21 -0.00012182171019751564 0.00033351760927122557 0.4347790523818383 0.003216995073304666 0.00045983557852024307 -1.3516223079239118e-21 -0.00016651263663994875 0.0002614403329287629 0.5562928448034075 0.0016424351410946464 0.0002850963237422175 1.7390063218068928e-21 -0.00020480099244726816 0.00020480099240018944 0.5914385052451551 -0.00023697708240975388 -0.00023697708283413108 -3.2328026057699444e-23 -0.00023328080636174505 0.00015844200316395934 0.5400089011472038 -0.0018198827426735154 -0.001060847680776981 -1.2516128600158944e-21 -0.0002514549178006106 0.00011755039796904332 0.4283185271453336 -0.002646938010409436 -0.0020399623516025893 7.644060041626111e-22 -0.0002611603286327821 7.85492652150013e-05 0.29930082351821724 -0.002512837538400238 -0.002966858398104862 1.8601415936509958e-21 -0.0002652921691223503 3.95073637323964e-05 0.19867364665598305 -0.0015115177047169514 -0.0036289576486005074 1.3766612843379448e-21 -0.000266345656808411 -1.6739418978626135e-15 0.16087883900789943 3.8672107511650576e-14 -0.0038690150144846205 -9.471221070041722e-22 -0.0002652921691257802 -3.950736373536892e-05 0.19867364665987655 0.0015115177047952835 -0.0036289576486221394 -1.1689808907666368e-21 -0.0002611603286384717 -7.854926521804507e-05 0.29930082352549914 0.002512837538457358 -0.002966858398135775 1.6606806514995788e-21 -0.000251454917807816 -0.00011755039797228898 0.4283185271546424 0.002646938010433508 -0.0020399623516436753 2.1732086719690047e-22 -0.00023328080637043542 -0.0001584420031665668 0.540008901157373 0.001819882742683868 -0.0010608476808259583 1.9266251789129534e-21 -0.00020480099245614967 -0.0002048009924020951 0.5914385052551977 0.0002369770823941361 -0.00023697708288605024 1.6437556192687691e-21 -0.00016651263664834286 -0.0002614403329303717 0.5562928448119454 -0.001642435141139013 0.0002850963236929163 2.6084135995862727e-22 -0.00012182171020505852 -0.0003335176092734652 0.4347790523877326 -0.0032169950733660557 0.0004598355784792255 1.7976404682650104e-21 -7.661600811858324e-05 -0.0004252786735017875 0.25750927322270567 -0.0038720155229479856 0.00035438149148460125 1.849375516304788e-21 -3.765845827055351e-05 -0.0005381165162653064 0.08396821093896825 -0.003067383475473374 0.00013037513905486236 -1.0449536477348672e-21 -3.2076269981219356e-05 0.00044680993957388506 0.07273681506201528 0.002662479319200183 0.00031908056953305143 5.044439395489584e-22 -8.32370531234141e-05 0.00034700354369054476 0.22509934403242093 0.00343010145966961 0.0009418740934156627 -2.501498383902945e-22 -0.00014734228687754406 0.00026858371898483963 0.3855972806291737 0.0029882728748487943 0.001507072677356126 -9.171283443758732e-22 -0.00020998984916662027 0.00020998984912564873 0.5047421472899503 0.001776482911402029 0.0017764829111895498 1.3369485874153983e-21 -0.000261440332980559 0.0001665126366014891 0.5562928448185104 0.0002850963241337273 0.0016424351409150438 -4.550551149236792e-22 -0.00029698858511535865 0.00013209660393009986 0.5382938633130383 -0.0010049515196241933 0.0011293002193242803 -1.983887736725818e-21 -0.00031691994091414817 0.00010106316305278185 0.4699144550362027 -0.0017297391956589882 0.0003762771310460667 1.0105200795795487e-22 -0.0003251787791467257 6.944223368251472e-05 0.3835403014312086 -0.001724603340555801 -0.00040226303025100643 1.2877460388147587e-22 -0.0003271401307372586 3.5592158554404605e-05 0.3139771486014238 -0.0010574207232623522 -0.0009825016925982342 3.2421116103559755e-22 -0.00032722917484178125 -1.7833617754193627e-15 0.28753683705460337 4.392901706779922e-14 -0.0011965406727986756 1.2415179385528569e-21 -0.0003271401307410661 -3.5592158557912765e-05 0.3139771486056604 0.0010574207233440024 -0.000982501692590347 1.0968815740097027e-21 -0.00032517877915333215 -6.944223368596221e-05 0.3835403014391026 0.0017246033406203795 -0.00040226303024465306 1.1086623127613039e-21 -0.00031691994092279745 -0.00010106316305569924 0.46991445504655077 0.0017297391956925695 0.0003762771310456534 -3.9159577819719037e-22 -0.0002969885851261251 -0.00013209660393246687 0.5382938633244785 0.0010049515196342473 0.0011293002193224523 -1.412076728652996e-22 -0.0002614403329911739 -0.00016651263660312873 0.5562928448299038 -0.00028509632414554367 0.0016424351409128105 -1.4712737584851615e-22 -0.00020998984917557109 -0.0002099898491269036 0.504742147299947 -0.0017764829114462074 0.0017764829111806056 1.5038177549554646e-21 -0.00014734228688578234 -0.00026858371898650794 0.38559728063633913 -0.002988272874917654 0.0015070726773463354 -1.2337520568519195e-21 -8.323705312910442e-05 -0.0003470035436928511 0.22509934403635914 -0.0034301014597299213 0.0009418740934097937 -1.7207677863088507e-21 -3.207626998411118e-05 -0.0004468099395774094 0.07273681506325273 -0.002662479319247763 0.0003190805695307368 5.96816775572654e-22 -3.191753102181512e-05 0.0003140573447788776 0.05318342863351763 0.0019513209195997309 0.00046336548161663403 -1.5070901197852377e-22 -9.956426691670429e-05 0.00024128030146564086 0.16656087549663706 0.0025824798735371184 0.001399355480040888 -1.609431826332884e-21 -0.00018572658321420294 0.00018572658318582967 0.28952579129021105 0.0023350221544603425 0.0023350221543902696 1.962817786628111e-21 -0.00026858371902557056 0.00014734228684763463 0.385597280635491 0.0015070726775387934 0.0029882728748084897 -4.878812221623314e-22 -0.0003335176093260684 0.00012182171016673893 0.43477905240031783 0.0004598355788239376 0.003216995073349212 1.556360381631433e-21 -0.0003742575078318849 0.0001026000254890267 0.4346625686235517 -0.00046449471211757495 0.0030149213146262563 -1.837262998307617e-21 -0.00039250673029259824 8.338154393049458e-05 0.39777371926886324 -0.0010107978363897002 0.0025085400424860196 2.8588724863469933e-22 -0.0003955074648393413 6.010144274454146e-05 0.3459320613431069 -0.0010625088075562616 0.0019060298262969172 -1.387564675355081e-21 -0.0003923764113695086 3.1729700237752596e-05 0.302758343504949 -0.0006641410718286823 0.0014308893312823612 1.797068964186077e-21 -0.00039041137774842663 -2.426012818765431e-15 0.286151976899965 3.266789709813276e-14 0.0012516428780079687 -2.3318742347055667e-22 -0.0003923764113744572 -3.172970024217185e-05 0.3027583435083898 0.0006641410719010207 0.0014308893313062581 -1.4773158793439974e-21 -0.00039550746484770554 -6.0101442747715266e-05 0.34593206134999954 0.0010625088076219 0.0019060298263306227 9.61481344384681e-22 -0.0003925067303035596 -8.338154393257596e-05 0.3977737192781653 0.001010797836420438 0.0025085400425283433 -2.7268039213386326e-22 -0.0003742575078441629 -0.00010260002549076548 0.43466256863374053 0.0004644947121222977 0.0030149213146781185 -9.524959289827789e-22 -0.00033351760933854937 -0.00012182171016809918 0.434779052410501 -0.00045983557882886165 0.0032169950733998472 1.3759571483894203e-21 -0.000268583719036065 -0.00014734228684797816 0.3855972806446157 -0.0015070726775762721 0.002988272874852318 -7.808980973286832e-22 -0.00018572658322275895 -0.00018572658318644932 0.2895257912967694 -0.0023350221545254232 0.0023350221544243617 -9.5048183931395e-22 -9.956426692287047e-05 -0.00024128030146753425 0.1665608755001549 -0.002582479873593628 0.001399355480063593 -1.6274608135017454e-22 -3.1917531024328716e-05 -0.000314057344782908 0.05318342863461249 -0.0019513209196401293 0.00046336548162468575 -7.422507819991702e-22 -4.158763042826804e-05 0.00016940263444084627 0.029208289027893856 0.0010765312451771405 0.0004959946786812606 -1.2082532307218826e-21 -0.00012923641977849183 0.00012923641976403966 0.09385021435865204 0.00150856861442399 0.0015085686144054005 4.368122262272428e-22 -0.00024128030149155828 9.956426689948865e-05 0.1665608754984368 0.0013993554800942833 0.0025824798735352137 -1.6453372291837479e-21 -0.00034700354372907964 8.32370531031487e-05 0.22509934403822218 0.0009418740935223316 0.0034301014597306703 -1.6590981064824309e-21 -0.0004252786735539802 7.66160080910626e-05 0.25750927323253714 0.0003543814916908198 0.0038720155230748746 -2.734042469965444e-22 -0.0004681109691188935 7.27136904607846e-05 0.26209498565556316 -0.00017094177162240492 0.003885991743073693 -3.2672737058849552e-22 -0.00047973172323992255 6.512405103795992e-05 0.24555594971633427 -0.0004905137958060796 0.0035785227804677015 -1.0294847768918727e-21 -0.00047224773355446817 5.01086061374117e-05 0.2197911961419121 -0.0005399332775557255 0.0031381710683455457 -3.663810436564889e-22 -0.00046010534146145984 2.7430867814610313e-05 0.1977210856941187 -0.0003427562095213872 0.0027693430594588806 -1.8621817881672763e-21 -0.0004546376115701745 -2.195762562422182e-15 0.18915106492714873 2.048095303635447e-14 0.002627206024710715 6.520315092395675e-22 -0.00046010534146826175 -2.743086781884238e-05 0.1977210856963875 0.00034275620957118896 0.0027693430594818917 4.6993522210494416e-23 -0.00047224773356537345 -5.010860614052943e-05 0.21979119614655954 0.0005399332776010041 0.0031381710684016332 3.7811991721797395e-22 -0.00047973172325355536 -6.512405104007185e-05 0.245555949722502 0.0004905137958215813 0.003578522780550669 -2.0160393796943853e-22 -0.0004681109691343126 -7.271369046200987e-05 0.26209498566225986 0.00017094177162812996 0.0038859917431614804 1.2886959209282559e-21 -0.0004252786735691755 -7.661600809107475e-05 0.2575092732393062 -0.0003543814916937042 0.003872015523160807 -5.910364967635574e-22 -0.0003470035437416578 -8.32370531026506e-05 0.22509934404420515 -0.0009418740935508759 0.003430101459812445 1.166513186879204e-22 -0.00024128030150086737 -9.956426689927606e-05 0.16656087550260087 -0.0013993554801384751 0.002582479873596877 -9.5915616782888e-22 -0.00012923641978452688 -0.0001292364197650681 0.09385021436077914 -0.001508568614461224 0.00150856861443827 5.449959596307113e-22 -4.158763043027647e-05 -0.0001694026344434905 0.029208289028519536 -0.0010765312451999868 0.000495994678691958 7.2764564655927e-23 -5.6554554709734385e-05 5.655455470426656e-05 0.008740554809926453 0.0003229171793355454 0.0003229171793347229 -1.812860355510057e-21 -0.00016940263445312556 4.158763042138474e-05 0.02920828902817622 0.0004959946786917495 0.0010765312451844497 -1.3101965116217797e-21 -0.0003140573448016487 3.1917531013590886e-05 0.05318342863454689 0.0004633654816359982 0.0019513209196324911 1.785177843701573e-21 -0.00044680993960822694 3.207626997076415e-05 0.07273681506428052 0.00031908056956320515 0.002662479319280398 -1.727363311503573e-21 -0.0005381165163145868 3.765845825444629e-05 0.08396821094251124 0.0001303751391230731 0.0030673834755979125 -1.6865903442680781e-21 -0.000579378220770486 4.289729173569193e-05 0.08626182299018378 -3.8576542435118176e-05 0.003145014043449293 1.9861252096689186e-21 -0.0005787822535344948 4.287532527785464e-05 0.08171892894097488 -0.0001431981304405968 0.002972770034708645 1.740336489229801e-21 -0.0005550503507994085 3.504541587859612e-05 0.07407878202449461 -0.00016252315414777097 0.0026883518580520724 -7.435485920740501e-22 -0.0005296248586475087 1.9765333295736362e-05 0.0674125889992111 -0.00010422822573505033 0.0024412148011557265 1.804350803043487e-21 -0.0005190833242433179 -1.7460069590655149e-15 0.06480790934148145 8.453082086172731e-15 0.0023448103191014156 -1.7837989268823725e-22 -0.0005296248586555685 -1.9765333298909923e-05 0.06741258900011714 0.00010422822575439323 0.0024412148011872443 1.2405151474568482e-21 -0.0005550503508138805 -3.504541588101239e-05 0.07407878202621027 0.00016252315416080863 0.002688351858113214 -1.6956760566335856e-21 -0.000578782253551574 -4.287532527937756e-05 0.08171892894313419 0.00014319813044534415 0.0029727700347859636 -1.2546127594493803e-21 -0.0005793782207894616 -4.289729173686004e-05 0.0862618229925512 3.857654243868448e-05 0.0031450140435345976 1.7251079176304682e-21 -0.0005381165163333346 -3.765845825520799e-05 0.08396821094494172 -0.0001303751391241213 0.003067383475685445 -6.590763670950495e-22 -0.0004468099396235937 -3.2076269970611055e-05 0.07273681506634815 -0.00031908056957668276 0.0026624793193551636 1.8506538510229793e-21 -0.0003140573448122098 -3.1917531013274746e-05 0.0531834286359121 -0.00046336548165059325 0.0019513209196826975 -1.9311077563960985e-21 -0.000169402634459522 -4.1587630421509267e-05 0.02920828902886971 -0.0004959946787040639 0.0010765312452089548 2.161810919289129e-22 -5.6554554712139606e-05 -5.655455470522808e-05 0.00874055481012096 -0.00032291717934317566 0.00032291717934129744 -8.508523930944149e-22</DataArray>
      </PointData>
      <CellData>
        <DataArray type="Float64" Name="Stress" NumberOfComponents="6" format="ascii">-0.004927537134567035 -0.004927537134604223 0.0 -0.0016933787229129898 0.0 0.0 -0.016774138271016106 -0.00856003541633628 0.0 -0.0046738415230671 0.0 0.0 -0.0342939796446904 -0.013483912435490153 0.0 -0.005504376768566816 0.0 0.0 -0.051657064897005514 -0.01924245384150786 0.0 -0.004400420326845823 0.0 0.0 -0.0638674038498766 -0.023639842580644863 0.0 -0.00233880526455076 0.0 0.0 -0.06912499988718591 -0.02594468661573877 0.0 -0.00013996372246058414 0.0 0.0 -0.06803367960371623 -0.026196244770358475 0.0 0.001513945861619835 0.0 0.0 -0.062970255342636 -0.02509112751100593 0.0 0.002207402090416101 0.0 0.0 -0.05709394527539741 -0.023580725964678882 0.0 0.0018577911073974825 0.0 0.0 -0.05330043455345434 -0.022561393954447173 0.0 0.0007172152642601521 0.0 0.0 -0.05330043455338639 -0.02256139395451425 0.0 -0.0007172152641946226 0.0 0.0 -0.05709394527526242 -0.023580725964692406 0.0 -0.0018577911074307524 0.0 0.0 -0.06297025534259752 -0.0250911275109057 0.0 -0.0022074020904824863 0.0 0.0 -0.06803367960371665 -0.02619624477029766 0.0 -0.001513945861551468 0.0 0.0 -0.06912499988702957 -0.025944686615707122 0.0 0.00013996372252367227 0.0 0.0 -0.06386740384958119 -0.023639842580597717 0.0 0.0023388052645787133 0.0 0.0 -0.051657064896753285 -0.019242453841438717 0.0 0.0044004203267955025 0.0 0.0 -0.03429397964456583 -0.013483912435394683 0.0 0.005504376768525681 0.0 0.0 -0.016774138271015353 -0.008560035416353813 0.0 0.004673841523053792 0.0 0.0 -0.004927537134571686 -0.004927537134584152 0.0 0.001693378722918041 0.0 0.0 -0.008560035416227137 -0.01677413827101311 0.0 -0.004673841522980757 0.0 0.0 -0.011004133459306783 -0.011004133459609522 0.0 -0.01118350808973676 0.0 0.0 -0.013513566065302353 -0.004380425634786444 0.0 -0.012447395537968295 0.0 0.0 -0.015918159571761074 -0.0005112855901000542 0.0 -0.009858143400977012 0.0 0.0 -0.0175575566231402 0.0007285691068488876 0.0 -0.005121135916614026 0.0 0.0 -0.017755598300279344 -0.00014612471258054367 0.0 -0.00010849986622716597 0.0 0.0 -0.016552564581108178 -0.0024552057693055427 0.0 0.00365172777643373 0.0 0.0 -0.014512683846583553 -0.005346082026924638 0.0 0.00519854179043954 0.0 0.0 -0.012471922975331009 -0.007923067363767633 0.0 0.004346657191733061 0.0 0.0 -0.011216207717864425 -0.009428289451638611 0.0 0.0016740206103449172 0.0 0.0 -0.011216207718100552 -0.009428289451870266 0.0 -0.0016740206103031251 0.0 0.0 -0.012471922975598597 -0.007923067364058017 0.0 -0.0043466571916851975 0.0 0.0 -0.014512683846291225 -0.005346082026660732 0.0 -0.0051985417904475755 0.0 0.0 -0.016552564580763204 -0.002455205769003539 0.0 -0.003651727776425383 0.0 0.0 -0.017755598300391886 -0.0001461247126945451 0.0 0.00010849986625749184 0.0 0.0 -0.01755755662358898 0.0007285691064580762 0.0 0.005121135916606892 0.0 0.0 -0.01591815957218811 -0.0005112855903578235 0.0 0.009858143400912234 0.0 0.0 -0.013513566065533063 -0.004380425634778951 0.0 0.012447395537897752 0.0 0.0 -0.011004133459471849 -0.01100413345962721 0.0 0.01118350808974075 0.0 0.0 -0.008560035416286004 -0.016774138271032624 0.0 0.004673841523027332 0.0 0.0 -0.013483912435251169 -0.03429397964434398 0.0 -0.00550437676835408 0.0 0.0 -0.00438042563451567 -0.01351356606589695 0.0 -0.012447395537625533 0.0 0.0 0.0045240830398315625 0.00452408303894259 0.0 -0.012938369539548045 0.0 0.0 0.012471434554244855 0.017295767356363595 0.0 -0.009510320132018728 0.0 0.0 0.018663135445118797 0.023491134967770815 0.0 -0.0038884606323334584 0.0 0.0 0.022751049684991947 0.023365715394054045 0.0 0.0019102165120436082 0.0 0.0 0.02494763718210783 0.01836972514781654 0.0 0.006091789358909917 0.0 0.0 0.02575348430023336 0.010929742788610957 0.0 0.007533887762267303 0.0 0.0 0.02580342925752904 0.0038554288567026113 0.0 0.00602481114219451 0.0 0.0 0.02566236394249853 -0.0003956329186162487 0.0 0.0022844086403138552 0.0 0.0 0.025662363942432945 -0.0003956329186131328 0.0 -0.0022844086404231615 0.0 0.0 0.025803429257085574 0.0038554288563573884 0.0 -0.006024811142170479 0.0 0.0 0.02575348429966372 0.010929742788550235 0.0 -0.007533887762175046 0.0 0.0 0.024947637181769483 0.01836972514782847 0.0 -0.006091789358824557 0.0 0.0 0.022751049684764713 0.023365715393712256 0.0 -0.001910216512122112 0.0 0.0 0.018663135444831978 0.023491134967478212 0.0 0.0038884606322104843 0.0 0.0 0.01247143455390864 0.017295767356134036 0.0 0.009510320131990617 0.0 0.0 0.004524083039698131 0.004524083039021669 0.0 0.012938369539555053 0.0 0.0 -0.004380425634450948 -0.013513566065665398 0.0 0.012447395537700046 0.0 0.0 -0.013483912435302692 -0.03429397964449576 0.0 0.005504376768430154 0.0 0.0 -0.019242453840855368 -0.05165706489582918 0.0 -0.004400420326475049 0.0 0.0 -0.0005112855895197141 -0.015918159572146363 0.0 -0.009858143400185992 0.0 0.0 0.017295767357330398 0.012471434552642017 0.0 -0.009510320131350964 0.0 0.0 0.03237935457503362 0.03237935457308712 0.0 -0.00555111611549752 0.0 0.0 0.04337534653283448 0.04204639758246272 0.0 0.00012277662648093403 0.0 0.0 0.049703940426085925 0.04148898034496245 0.0 0.005646001421879354 0.0 0.0 0.05182576007035556 0.03293869280720401 0.0 0.009300576082736423 0.0 0.0 0.05108702294258287 0.02035155003210893 0.0 0.01000131518825913 0.0 0.0 0.04922631006972286 0.008412802320691111 0.0 0.007581381747285071 0.0 0.0 0.0478286027326804 0.0012426045520838253 0.0 0.002816255549044295 0.0 0.0 0.04782860273281083 0.001242604552344671 0.0 -0.0028162555491841874 0.0 0.0 0.04922631006995488 0.008412802320802677 0.0 -0.0075813817472895235 0.0 0.0 0.05108702294320304 0.02035155003260081 0.0 -0.010001315188152511 0.0 0.0 0.051825760070621285 0.03293869280730155 0.0 -0.009300576082674856 0.0 0.0 0.0497039404258664 0.04148898034439759 0.0 -0.005646001421919227 0.0 0.0 0.04337534653294589 0.04204639758235834 0.0 -0.00012277662660037353 0.0 0.0 0.03237935457523852 0.03237935457321863 0.0 0.005551116115418059 0.0 0.0 0.017295767357543106 0.012471434552978982 0.0 0.00951032013143386 0.0 0.0 -0.000511285589312127 -0.015918159571828374 0.0 0.009858143400309683 0.0 0.0 -0.019242453840938305 -0.05165706489614294 0.0 0.004400420326534738 0.0 0.0 -0.023639842579431365 -0.06386740384729304 0.0 -0.0023388052639635327 0.0 0.0 0.0007285691075339975 -0.017557556623080305 0.0 -0.005121135915353702 0.0 0.0 0.023491134968195472 0.01866313544283574 0.0 -0.003888460631030257 0.0 0.0 0.04204639758329152 0.04337534652931632 0.0 0.0001227766272991479 0.0 0.0 0.05451137096894332 0.05451137096653686 0.0 0.005327571546322085 0.0 0.0 0.0603105285422955 0.0520459962393814 0.0 0.010009542750980644 0.0 0.0 0.060347401667115365 0.038938139644091714 0.0 0.012661449636945599 0.0 0.0 0.056754857395324966 0.020603359065682007 0.0 0.012337241914130253 0.0 0.0 0.0522455611984021 0.0034842802026882284 0.0 0.008942087574938066 0.0 0.0 0.04926885283144821 -0.006732838372392117 0.0 0.0032616109448071052 0.0 0.0 0.049268852832085264 -0.006732838372118222 0.0 -0.003261610944554301 0.0 0.0 0.05224556119977664 0.0034842802034166244 0.0 -0.00894208757483102 0.0 0.0 0.05675485739638052 0.02060335906618167 0.0 -0.012337241914140342 0.0 0.0 0.06034740166782868 0.038938139644297286 0.0 -0.01266144963708026 0.0 0.0 0.06031052854273637 0.05204599623909925 0.0 -0.010009542751046449 0.0 0.0 0.05451137096942888 0.05451137096649881 0.0 -0.005327571546347668 0.0 0.0 0.0420463975841843 0.04337534652985926 0.0 -0.0001227766273327376 0.0 0.0 0.023491134969164197 0.018663135443596615 0.0 0.0038884606310253538 0.0 0.0 0.0007285691080195612 -0.01755755662271387 0.0 0.005121135915351761 0.0 0.0 -0.023639842579501573 -0.0638674038476447 0.0 0.002338805263956568 0.0 0.0 -0.025944686613887158 -0.06912499988269137 0.0 -0.00013996372170359554 0.0 0.0 -0.00014612471196960992 -0.01775559829963988 0.0 -0.00010849986458955812 0.0 0.0 0.023365715393788407 0.022751049682144593 0.0 0.0019102165138081572 0.0 0.0 0.041488980344449346 0.049703940421197294 0.0 0.00564600142329206 0.0 0.0 0.0520459962397498 0.060310528537873935 0.0 0.010009542751720987 0.0 0.0 0.05453267057855794 0.054532670576447735 0.0 0.013596912257717838 0.0 0.0 0.05034954119595585 0.036032816853204315 0.0 0.015131425727229917 0.0 0.0 0.04242075276332113 0.01154666397332264 0.0 0.013847769277728949 0.0 0.0 0.034351818402902586 -0.010887216789831266 0.0 0.009719853942795877 0.0 0.0 0.029370673612901188 -0.024173817608088673 0.0 0.0034965035294927953 0.0 0.0 0.02937067361262296 -0.024173817608509927 0.0 -0.0034965035289433407 0.0 0.0 0.03435181840277614 -0.01088721679003178 0.0 -0.009719853942551744 0.0 0.0 0.04242075276373286 0.011546663973375145 0.0 -0.013847769277739312 0.0 0.0 0.050349541196673675 0.036032816853318404 0.0 -0.01513142572732675 0.0 0.0 0.05453267057933798 0.054532670576506084 0.0 -0.013596912257805925 0.0 0.0 0.052045996240667525 0.06031052853803237 0.0 -0.01000954275168223 0.0 0.0 0.04148898034540502 0.04970394042165585 0.0 -0.005646001423318733 0.0 0.0 0.02336571539459985 0.022751049682784564 0.0 -0.001910216513975942 0.0 0.0 -0.00014612471149702907 -0.01775559829928467 0.0 0.00010849986437035144 0.0 0.0 -0.025944686613817564 -0.06912499988278022 0.0 0.00013996372160419366 0.0 0.0 -0.02619624476754848 -0.06803367959688311 0.0 0.0015139458623926775 0.0 0.0 -0.0024552057684538793 -0.016552564579453054 0.0 0.003651727778256418 0.0 0.0 0.01836972514677835 0.024947637178652855 0.0 0.00609178936096281 0.0 0.0 0.032938692805260586 0.05182576006423539 0.0 0.009300576084400278 0.0 0.0 0.03893813964209837 0.06034740166069322 0.0 0.01266144963800896 0.0 0.0 0.03603281685233394 0.05034954119184071 0.0 0.015131425727659699 0.0 0.0 0.02611121930353278 0.02611121930272248 0.0 0.01571861863893362 0.0 0.0 0.012832033908836965 -0.004484498688156498 0.0 0.01383435215427658 0.0 0.0 0.0006086774423950857 -0.03203100961001494 0.0 0.009503947086708856 0.0 0.0 -0.006646379548256398 -0.04822536257085982 0.0 0.003385965484105482 0.0 0.0 -0.0066463795483669924 -0.04822536257113712 0.0 -0.003385965483642648 0.0 0.0 0.0006086774421978702 -0.032031009610799265 0.0 -0.009503947086262869 0.0 0.0 0.012832033908846456 -0.004484498688508028 0.0 -0.013834352154155363 0.0 0.0 0.026111219303729557 0.02611121930263455 0.0 -0.01571861863890578 0.0 0.0 0.03603281685281641 0.050349541191789735 0.0 -0.01513142572763239 0.0 0.0 0.038938139642451984 0.06034740166060985 0.0 -0.012661449638110112 0.0 0.0 0.032938692805365655 0.05182576006420955 0.0 -0.009300576084553916 0.0 0.0 0.0183697251469163 0.02494763717883274 0.0 -0.006091789361212955 0.0 0.0 -0.0024552057683722454 -0.01655256457927818 0.0 -0.003651727778611649 0.0 0.0 -0.026196244767413435 -0.06803367959649217 0.0 -0.0015139458625892804 0.0 0.0 -0.02509112750727799 -0.06297025533328363 0.0 0.002207402091278515 0.0 0.0 -0.0053460820261538875 -0.014512683844147068 0.0 0.005198541792195196 0.0 0.0 0.0109297427861684 0.025753484296049477 0.0 0.0075338877641522965 0.0 0.0 0.020351550027670657 0.05108702293477595 0.0 0.010001315189865145 0.0 0.0 0.02060335906084214 0.05675485738695737 0.0 0.012337241915218324 0.0 0.0 0.011546663969056873 0.042420752756905634 0.0 0.013847769278169159 0.0 0.0 -0.004484498691341465 0.012832033906175714 0.0 0.013834352154263896 0.0 0.0 -0.02321059506522818 -0.023210595063473075 0.0 0.011888792109837495 0.0 0.0 -0.03954757691653617 -0.05521149171701039 0.0 0.008055225497834795 0.0 0.0 -0.049019655682919994 -0.07391132479208774 0.0 0.002851827161181573 0.0 0.0 -0.0490196556828909 -0.07391132479219231 0.0 -0.0028518271606634104 0.0 0.0 -0.039547576917267256 -0.05521149171843638 0.0 -0.00805522549751203 0.0 0.0 -0.023210595065929353 -0.023210595064361447 0.0 -0.01188879210968627 0.0 0.0 -0.004484498691789348 0.012832033905855434 0.0 -0.013834352154182184 0.0 0.0 0.01154666396817776 0.042420752756146464 0.0 -0.0138477692781831 0.0 0.0 0.020603359060120573 0.05675485738634778 0.0 -0.01233724191529197 0.0 0.0 0.020351550027303583 0.05108702293440383 0.0 -0.01000131519005912 0.0 0.0 0.010929742785745575 0.02575348429583205 0.0 -0.007533887764488295 0.0 0.0 -0.00534608202644459 -0.014512683844034714 0.0 -0.0051985417924987 0.0 0.0 -0.025091127507048328 -0.06297025533243499 0.0 -0.0022074020913773413 0.0 0.0 -0.02358072596038348 -0.05709394526384248 0.0 0.0018577911080668156 0.0 0.0 -0.007923067363888906 -0.012471922972836547 0.0 0.004346657193070914 0.0 0.0 0.003855428852982673 0.025803429252859965 0.0 0.0060248111436332855 0.0 0.0 0.008412802314522664 0.04922631006060547 0.0 0.007581381748523191 0.0 0.0 0.0034842801951352116 0.05224556118816246 0.0 0.00894208757565004 0.0 0.0 -0.010887216797697746 0.03435181839406706 0.0 0.009719853942872798 0.0 0.0 -0.03203100961673373 0.0006086774380523054 0.0 0.009503947086316624 0.0 0.0 -0.055211491722345844 -0.03954757691577509 0.0 0.008055225497525796 0.0 0.0 -0.07486252458105552 -0.07486252457669793 0.0 0.0054135011502702505 0.0 0.0 -0.08610582398470254 -0.0954123064591507 0.0 0.0019091498625241274 0.0 0.0 -0.08610582398549305 -0.09541230645969775 0.0 -0.0019091498623651664 0.0 0.0 -0.07486252458276237 -0.07486252457856289 0.0 -0.005413501150031457 0.0 0.0 -0.05521149172369653 -0.03954757691715811 0.0 -0.008055225497312718 0.0 0.0 -0.032031009617990124 0.0006086774371603313 0.0 -0.009503947086372325 0.0 0.0 -0.010887216799010946 0.03435181839314573 0.0 -0.009719853942993609 0.0 0.0 0.0034842801936087534 0.05224556118721951 0.0 -0.008942087575719914 0.0 0.0 0.008412802312783699 0.04922631005945972 0.0 -0.007581381748639839 0.0 0.0 0.003855428851998845 0.02580342925238416 0.0 -0.006024811143789565 0.0 0.0 -0.007923067363944268 -0.012471922972442616 0.0 -0.004346657193162192 0.0 0.0 -0.02358072595992372 -0.05709394526269133 0.0 -0.0018577911080853036 0.0 0.0 -0.02256139394961413 -0.0533004345404703 0.0 0.0007172152645319392 0.0 0.0 -0.00942828945174847 -0.01121620771493498 0.0 0.0016740206110254932 0.0 0.0 -0.0003956329229831625 0.025662363937642232 0.0 0.0022844086411932885 0.0 0.0 0.00124260454428768 0.04782860272220979 0.0 0.0028162555496215294 0.0 0.0 -0.00673283838190631 0.04926885281956474 0.0 0.003261610944772712 0.0 0.0 -0.024173817618064544 0.0293706736025507 0.0 0.0034965035289932184 0.0 0.0 -0.04822536257943813 -0.006646379553536715 0.0 0.0033859654834347084 0.0 0.0 -0.07391132479852329 -0.0490196556822095 0.0 0.0028518271605461024 0.0 0.0 -0.09541230646477097 -0.08610582398045938 0.0 0.0019091498621236493 0.0 0.0 -0.10764007310112243 -0.10764007309535115 0.0 0.0006721902814831762 0.0 0.0 -0.10764007310116443 -0.10764007309546202 0.0 -0.0006721902817253911 0.0 0.0 -0.09541230646574494 -0.08610582398170441 0.0 -0.0019091498621045912 0.0 0.0 -0.07391132480052441 -0.0490196556842195 0.0 -0.0028518271605198456 0.0 0.0 -0.048225362581448994 -0.006646379554949792 0.0 -0.0033859654835519926 0.0 0.0 -0.02417381762005496 0.029370673601429368 0.0 -0.0034965035291428296 0.0 0.0 -0.006732838383729668 0.04926885281857402 0.0 -0.003261610944875479 0.0 0.0 0.0012426045429322153 0.047828602721394164 0.0 -0.0028162555495164876 0.0 0.0 -0.0003956329237545159 0.02566236393723044 0.0 -0.0022844086409215527 0.0 0.0 -0.00942828945189372 -0.01121620771466731 0.0 -0.0016740206108919863 0.0 0.0 -0.022561393949210643 -0.05330043453929708 0.0 -0.0007172152645184372 0.0 0.0 -0.022561393949410948 -0.05330043454006515 0.0 -0.0007172152642616401 0.0 0.0 -0.009428289451625658 -0.011216207714683651 0.0 -0.0016740206104201997 0.0 0.0 -0.00039563292322532684 0.025662363937482485 0.0 -0.0022844086405132843 0.0 0.0 0.0012426045437078054 0.04782860272139896 0.0 -0.002816255549426254 0.0 0.0 -0.006732838382489307 0.04926885281893424 0.0 -0.0032616109452792154 0.0 0.0 -0.024173817618361713 0.02937067360228579 0.0 -0.003496503529899999 0.0 0.0 -0.04822536257906691 -0.00664637955332949 0.0 -0.0033859654844184003 0.0 0.0 -0.07391132479810648 -0.049019655682100906 0.0 -0.002851827161538762 0.0 0.0 -0.09541230646410134 -0.086105823980157 0.0 -0.001909149863135427 0.0 0.0 -0.10764007309958053 -0.10764007309424517 0.0 -0.0006721902821276898 0.0 0.0 -0.10764007309976437 -0.10764007309439229 0.0 0.0006721902817884728 0.0 0.0 -0.09541230646500089 -0.0861058239812328 0.0 0.0019091498626582573 0.0 0.0 -0.07391132479974713 -0.0490196556838781 0.0 0.0028518271612233397 0.0 0.0 -0.04822536258079207 -0.0066463795546770794 0.0 0.003385965484281762 0.0 0.0 -0.02417381761969991 0.02937067360149605 0.0 0.0034965035298142777 0.0 0.0 -0.006732838383359798 0.04926885281858114 0.0 0.003261610945395268 0.0 0.0 0.0012426045432870293 0.047828602721369545 0.0 0.0028162555497992167 0.0 0.0 -0.00039563292360407683 0.025662363937083994 0.0 0.002284408640925569 0.0 0.0 -0.00942828945185648 -0.011216207714754043 0.0 0.0016740206106616612 0.0 0.0 -0.022561393949076844 -0.05330043453902777 0.0 0.0007172152643469859 0.0 0.0 -0.023580725959916726 -0.05709394526262721 0.0 -0.0018577911077500555 0.0 0.0 -0.00792306736382426 -0.012471922972453892 0.0 -0.004346657192535028 0.0 0.0 0.0038554288522120303 0.025803429252202165 0.0 -0.006024811143312244 0.0 0.0 0.008412802312637227 0.04922631005862193 0.0 -0.007581381748435236 0.0 0.0 0.0034842801937880704 0.052245561186558216 0.0 -0.008942087575817975 0.0 0.0 -0.010887216797830996 0.03435181839346331 0.0 -0.009719853943426407 0.0 0.0 -0.03203100961634698 0.0006086774382157 0.0 -0.009503947087149807 0.0 0.0 -0.055211491721602876 -0.03954757691550906 0.0 -0.00805522549837835 0.0 0.0 -0.07486252457949451 -0.07486252457575705 0.0 -0.005413501150897532 0.0 0.0 -0.08610582398224538 -0.09541230645702804 0.0 -0.0019091498628527898 0.0 0.0 -0.08610582398268993 -0.09541230645742903 0.0 0.0019091498622274342 0.0 0.0 -0.07486252458042103 -0.07486252457680487 0.0 0.0054135011503202045 0.0 0.0 -0.055211491722313315 -0.03954757691648539 0.0 0.00805522549798718 0.0 0.0 -0.03203100961689014 0.0006086774374552198 0.0 0.009503947086977965 0.0 0.0 -0.01088721679803985 0.03435181839343993 0.0 0.00971985394352415 0.0 0.0 0.003484280194171913 0.05224556118708502 0.0 0.008942087576223308 0.0 0.0 0.008412802313058272 0.049226310058901164 0.0 0.007581381748840586 0.0 0.0 0.0038554288520346483 0.0258034292517808 0.0 0.006024811143588708 0.0 0.0 -0.007923067364007476 -0.012471922972628368 0.0 0.004346657192833224 0.0 0.0 -0.023580725959673338 -0.057093945261949275 0.0 0.0018577911079179995 0.0 0.0 -0.02509112750662044 -0.06297025533134815 0.0 -0.002207402091040389 0.0 0.0 -0.005346082026584273 -0.014512683844074772 0.0 -0.005198541791831638 0.0 0.0 0.010929742785229252 0.025753484294963075 0.0 -0.007533887763952154 0.0 0.0 0.020351550026766835 0.0510870229330291 0.0 -0.010001315189834468 0.0 0.0 0.020603359059717236 0.056754857385247846 0.0 -0.012337241915205632 0.0 0.0 0.011546663967999237 0.04242075275539516 0.0 -0.01384776927831099 0.0 0.0 -0.004484498691001074 0.012832033906048828 0.0 -0.013834352154734537 0.0 0.0 -0.023210595063880905 -0.023210595062756887 0.0 -0.011888792110336615 0.0 0.0 -0.03954757691453526 -0.05521149171553091 0.0 -0.008055225498170428 0.0 0.0 -0.04901965568045516 -0.07391132478976134 0.0 -0.0028518271614054016 0.0 0.0 -0.04901965568047003 -0.0739113247897921 0.0 0.002851827160573658 0.0 0.0 -0.03954757691480005 -0.05521149171606827 0.0 0.008055225497596713 0.0 0.0 -0.023210595064092523 -0.02321059506313751 0.0 0.0118887921100545 0.0 0.0 -0.004484498690850786 0.012832033905843438 0.0 0.013834352154714813 0.0 0.0 0.01154666396904967 0.04242075275635605 0.0 0.013847769278594008 0.0 0.0 0.020603359060432692 0.05675485738591212 0.0 0.012337241915534184 0.0 0.0 0.020351550026717374 0.051087022932980425 0.0 0.010001315190075617 0.0 0.0 0.010929742785118334 0.02575348429456822 0.0 0.007533887764228289 0.0 0.0 -0.005346082026445722 -0.014512683844099069 0.0 0.0051985417921262995 0.0 0.0 -0.025091127506486226 -0.06297025533112861 0.0 0.0022074020911979587 0.0 0.0 -0.026196244766663875 -0.06803367959449634 0.0 -0.0015139458623155873 0.0 0.0 -0.0024552057685382485 -0.016552564579200423 0.0 -0.003651727778078824 0.0 0.0 0.018369725146046727 0.024947637177580386 0.0 -0.006091789360681341 0.0 0.0 0.032938692804144645 0.051825760062156175 0.0 -0.009300576084204088 0.0 0.0 0.03893813964160458 0.060347401659182814 0.0 -0.01266144963802861 0.0 0.0 0.03603281685193735 0.05034954119041089 0.0 -0.015131425727716382 0.0 0.0 0.026111219303345614 0.026111219302148672 0.0 -0.01571861863897613 0.0 0.0 0.012832033909581333 -0.0044844986875689505 0.0 -0.013834352154388947 0.0 0.0 0.0006086774439324586 -0.03203100960863135 0.0 -0.009503947086842287 0.0 0.0 -0.006646379546052321 -0.04822536256854722 0.0 -0.003385965484230696 0.0 0.0 -0.006646379545809893 -0.048225362568506416 0.0 0.0033859654835686065 0.0 0.0 0.0006086774446075236 -0.03203100960826392 0.0 0.009503947086286761 0.0 0.0 0.01283203391041381 -0.004484498687182545 0.0 0.013834352154183825 0.0 0.0 0.026111219304220133 0.02611121930267363 0.0 0.0157186186390708 0.0 0.0 0.036032816852481414 0.05034954119122902 0.0 0.015131425727880931 0.0 0.0 0.03893813964160527 0.06034740165943233 0.0 0.01266144963811213 0.0 0.0 0.03293869280420908 0.051825760062355765 0.0 0.009300576084422843 0.0 0.0 0.018369725145835944 0.024947637177137463 0.0 0.006091789361028965 0.0 0.0 -0.002455205768709035 -0.016552564579469284 0.0 0.0036517277783457086 0.0 0.0 -0.026196244766770776 -0.06803367959470974 0.0 0.0015139458624264645 0.0 0.0 -0.025944686612869104 -0.06912499988011427 0.0 0.00013996372180643835 0.0 0.0 -0.00014612471181257153 -0.017755598299147697 0.0 0.00010849986476502996 0.0 0.0 0.023365715393232542 0.0227510496811541 0.0 -0.0019102165136503273 0.0 0.0 0.04148898034325682 0.04970394041908382 0.0 -0.005646001423072755 0.0 0.0 0.052045996238452144 0.0603105285357197 0.0 -0.010009542751530943 0.0 0.0 0.05453267057772347 0.054532670574837246 0.0 -0.013596912257748665 0.0 0.0 0.05034954119588822 0.0360328168528172 0.0 -0.01513142572718207 0.0 0.0 0.04242075276340655 0.011546663973491656 0.0 -0.013847769277638967 0.0 0.0 0.0343518184033538 -0.010887216788838479 0.0 -0.009719853942758126 0.0 0.0 0.029370673613894196 -0.024173817606228224 0.0 -0.0034965035294279114 0.0 0.0 0.029370673613965607 -0.02417381760632812 0.0 0.0034965035290082562 0.0 0.0 0.03435181840410384 -0.010887216788117658 0.0 0.009719853942431704 0.0 0.0 0.042420752764435174 0.011546663974338818 0.0 0.013847769277480453 0.0 0.0 0.05034954119672685 0.03603281685351203 0.0 0.01513142572713161 0.0 0.0 0.05453267057852265 0.054532670575645946 0.0 0.013596912257678801 0.0 0.0 0.052045996239193176 0.06031052853644463 0.0 0.01000954275160846 0.0 0.0 0.041488980343783365 0.04970394041963064 0.0 0.005646001423254644 0.0 0.0 0.02336571539325073 0.022751049680862456 0.0 0.00191021651389639 0.0 0.0 -0.00014612471193151412 -0.017755598299537566 0.0 -0.000108499864475718 0.0 0.0 -0.025944686613087242 -0.06912499988068857 0.0 -0.00013996372165823092 0.0 0.0 -0.023639842578408135 -0.0638674038446138 0.0 0.0023388052640346707 0.0 0.0 0.0007285691073640277 -0.01755755662277865 0.0 0.005121135915411251 0.0 0.0 0.023491134967142207 0.01866313544165441 0.0 0.003888460631062525 0.0 0.0 0.0420463975816496 0.043375346527211124 0.0 -0.0001227766272040069 0.0 0.0 0.054511370966958746 0.054511370963983265 0.0 -0.005327571546159975 0.0 0.0 0.060310528540585204 0.052045996237374686 0.0 -0.010009542750743755 0.0 0.0 0.06034740166621618 0.038938139643471294 0.0 -0.012661449636754887 0.0 0.0 0.0567548573950042 0.020603359065634732 0.0 -0.012337241913956173 0.0 0.0 0.05224556119871783 0.003484280203612628 0.0 -0.008942087574758888 0.0 0.0 0.049268852832131844 -0.006732838370668896 0.0 -0.0032616109446896246 0.0 0.0 0.04926885283250569 -0.006732838370462817 0.0 0.0032616109445625964 0.0 0.0 0.05224556119967973 0.0034842802043801163 0.0 0.008942087574660355 0.0 0.0 0.05675485739621048 0.020603359066760987 0.0 0.012337241913822091 0.0 0.0 0.0603474016674028 0.038938139644330294 0.0 0.01266144963667792 0.0 0.0 0.060310528541927276 0.05204599623840424 0.0 0.010009542750720968 0.0 0.0 0.05451137096829765 0.05451137096513668 0.0 0.005327571546141001 0.0 0.0 0.0420463975826805 0.04337534652803006 0.0 0.0001227766272654638 0.0 0.0 0.023491134967677022 0.01866313544166615 0.0 -0.003888460630923522 0.0 0.0 0.0007285691075601114 -0.017557556623024426 0.0 -0.005121135915223627 0.0 0.0 -0.023639842578705068 -0.06386740384553062 0.0 -0.002338805263922054 0.0 0.0 -0.01924245384005995 -0.051657064893394534 0.0 0.0044004203263625615 0.0 0.0 -0.0005112855900766104 -0.015918159572064584 0.0 0.009858143399938605 0.0 0.0 0.01729576735588394 0.012471434551474338 0.0 0.009510320131197306 0.0 0.0 0.03237935457292674 0.032379354570879974 0.0 0.005551116115449513 0.0 0.0 0.04337534653047489 0.04204639757997099 0.0 -0.00012277662638557053 0.0 0.0 0.049703940423979076 0.04148898034309494 0.0 -0.005646001421524954 0.0 0.0 0.05182576006899262 0.032938692806307755 0.0 -0.009300576082204361 0.0 0.0 0.05108702294190086 0.020351550031831884 0.0 -0.0100013151878378 0.0 0.0 0.04922631006953908 0.008412802321256366 0.0 -0.007581381747036853 0.0 0.0 0.04782860273288982 0.0012426045535159484 0.0 -0.002816255548921351 0.0 0.0 0.047828602733065384 0.0012426045535831383 0.0 0.002816255549109442 0.0 0.0 0.0492263100701402 0.008412802321747589 0.0 0.007581381747071405 0.0 0.0 0.051087022943008334 0.020351550032950076 0.0 0.010001315187838176 0.0 0.0 0.05182576007033522 0.032938692807349144 0.0 0.009300576082255532 0.0 0.0 0.04970394042536276 0.041488980343974656 0.0 0.005646001421516608 0.0 0.0 0.04337534653200772 0.04204639758124729 0.0 0.00012277662630603642 0.0 0.0 0.032379354574300925 0.0323793545719456 0.0 -0.005551116115508263 0.0 0.0 0.01729576735664643 0.012471434551589002 0.0 -0.00951032013122818 0.0 0.0 -0.0005112855897675337 -0.01591815957226287 0.0 -0.009858143399994797 0.0 0.0 -0.019242453840346497 -0.05165706489437951 0.0 -0.004400420326396918 0.0 0.0 -0.01348391243459871 -0.03429397964257369 0.0 0.0055043767681126985 0.0 0.0 -0.004380425634628724 -0.013513566065594283 0.0 0.012447395537140605 0.0 0.0 0.004524083038990044 0.004524083038217199 0.0 0.012938369539142413 0.0 0.0 0.012471434552736282 0.01729576735468416 0.0 0.009510320131844581 0.0 0.0 0.01866313544354497 0.02349113496595185 0.0 0.0038884606324605204 0.0 0.0 0.02275104968377236 0.023365715392976417 0.0 -0.001910216511645849 0.0 0.0 0.024947637180768617 0.018369725147051878 0.0 -0.006091789358312638 0.0 0.0 0.025753484298806455 0.01092974278781964 0.0 -0.007533887761629884 0.0 0.0 0.025803429256922222 0.00385542885685381 0.0 -0.006024811141701727 0.0 0.0 0.025662363942636737 -0.00039563291754733546 0.0 -0.0022844086401007553 0.0 0.0 0.025662363942531498 -0.0003956329177419332 0.0 0.0022844086403961666 0.0 0.0 0.025803429257190494 0.00385542885709695 0.0 0.0060248111419821055 0.0 0.0 0.025753484299812685 0.01092974278888989 0.0 0.007533887761864868 0.0 0.0 0.024947637181787247 0.018369725147829544 0.0 0.0060917893584053915 0.0 0.0 0.022751049684645044 0.023365715393523973 0.0 0.0019102165116307046 0.0 0.0 0.018663135444644277 0.023491134966988986 0.0 -0.0038884606325146156 0.0 0.0 0.012471434553685748 0.017295767355490835 0.0 -0.00951032013203311 0.0 0.0 0.004524083039345932 0.004524083038179138 0.0 -0.012938369539403076 0.0 0.0 -0.004380425634631756 -0.013513566065938022 0.0 -0.01244739553736818 0.0 0.0 -0.0134839124348615 -0.03429397964330674 0.0 -0.005504376768219271 0.0 0.0 -0.008560035415779915 -0.0167741382701023 0.0 0.004673841522751889 0.0 0.0 -0.011004133458912923 -0.01100413345919259 0.0 0.011183508089195904 0.0 0.0 -0.013513566065037537 -0.004380425634883864 0.0 0.012447395537422273 0.0 0.0 -0.0159181595716667 -0.0005112855906108894 0.0 0.009858143400708536 0.0 0.0 -0.017557556623210627 0.0007285691061481488 0.0 0.00512113591674404 0.0 0.0 -0.01775559830029295 -0.00014612471289334372 0.0 0.00010849986660049359 0.0 0.0 -0.016552564581026486 -0.002455205769325681 0.0 -0.0036517277759630182 0.0 0.0 -0.014512683846776637 -0.005346082027140523 0.0 -0.005198541789823378 0.0 0.0 -0.012471922975817918 -0.007923067363854367 0.0 -0.004346657191107441 0.0 0.0 -0.011216207718232254 -0.0094282894512895 0.0 -0.0016740206099990498 0.0 0.0 -0.01121620771819738 -0.00942828945138354 0.0 0.0016740206103424051 0.0 0.0 -0.01247192297565343 -0.007923067363661574 0.0 0.004346657191524031 0.0 0.0 -0.014512683846676889 -0.0053460820267009585 0.0 0.005198541790116268 0.0 0.0 -0.016552564581148572 -0.0024552057692525226 0.0 0.0036517277760440233 0.0 0.0 -0.017755598300317414 -0.0001461247127546945 0.0 -0.00010849986659887077 0.0 0.0 -0.017557556623162347 0.000728569106562604 0.0 -0.005121135916847339 0.0 0.0 -0.01591815957185537 -0.0005112855905199406 0.0 -0.009858143400999622 0.0 0.0 -0.013513566065344705 -0.004380425635115952 0.0 -0.012447395537781443 0.0 0.0 -0.011004133459173103 -0.011004133459511907 0.0 -0.011183508089444596 0.0 0.0 -0.008560035415975324 -0.016774138270478696 0.0 -0.004673841522842112 0.0 0.0 -0.004927537134308349 -0.004927537134335821 0.0 0.0016933787228353083 0.0 0.0 -0.01677413827012664 -0.008560035415902875 0.0 0.0046738415228263575 0.0 0.0 -0.034293979642913204 -0.01348391243483346 0.0 0.005504376768306108 0.0 0.0 -0.05165706489449354 -0.01924245384062963 0.0 0.004400420326717645 0.0 0.0 -0.06386740384714563 -0.023639842579731805 0.0 0.0023388052646072235 0.0 0.0 -0.06912499988476827 -0.02594468661487763 0.0 0.00013996372266041033 0.0 0.0 -0.0680336796019311 -0.02619624476963035 0.0 -0.001513945861354366 0.0 0.0 -0.06297025534165274 -0.025091127510621113 0.0 -0.00220740209016168 0.0 0.0 -0.0570939452752597 -0.02358072596462618 0.0 -0.0018577911071162932 0.0 0.0 -0.05330043455405817 -0.02256139395458807 0.0 -0.0007172152640424655 0.0 0.0 -0.05330043455441765 -0.022561393954753838 0.0 0.0007172152642606551 0.0 0.0 -0.05709394527624856 -0.02358072596495197 0.0 0.0018577911073219707 0.0 0.0 -0.06297025534314046 -0.025091127511126278 0.0 0.002207402090281281 0.0 0.0 -0.06803367960372302 -0.026196244770331455 0.0 0.0015139458614117315 0.0 0.0 -0.06912499988666017 -0.025944686615586614 0.0 -0.00013996372263715278 0.0 0.0 -0.06386740384888583 -0.023639842580295296 0.0 -0.002338805264683327 0.0 0.0 -0.05165706489586839 -0.01924245384116627 0.0 -0.004400420326878869 0.0 0.0 -0.03429397964374265 -0.013483912435194353 0.0 -0.005504376768473702 0.0 0.0 -0.016774138270486315 -0.008560035416098581 0.0 -0.004673841522936911 0.0 0.0 -0.004927537134407125 -0.004927537134445714 0.0 -0.0016933787228680022 0.0 0.0 -0.0011547065730324916 0.0 -0.003128646004867312 0.0 -0.0002503006969924641 0.0 -0.005600934949593921 0.0 -0.014065710874590253 0.0 -0.0005497677022735913 0.0 -0.012721574562966362 0.0 -0.03179443993022856 0.0 -0.000558990131320851 0.0 -0.020092113500830684 0.0 -0.0502030591921334 0.0 -0.0005535644513817694 0.0 -0.02558614268092963 0.0 -0.06389293118326325 0.0 -0.0005058936571164842 0.0 -0.02835415020111129 0.0 -0.07082756705089292 0.0 -0.00042747393215045957 0.0 -0.028576367696675736 0.0 -0.07138082902126835 0.0 -0.0003429562341633322 0.0 -0.027110869199820024 0.0 -0.06774095140351817 0.0 -0.00024710370503586344 0.0 -0.025175557822835624 0.0 -0.06291224557214906 0.0 -0.0001512993471839282 0.0 -0.023875271375198983 0.0 -0.059672841174580625 0.0 -4.961925377835264e-05 0.0 -0.02387527137493479 0.0 -0.059672841173910744 0.0 4.9619253742684525e-05 0.0 -0.02517555782218382 0.0 -0.06291224557052437 0.0 0.00015129934716655324 0.0 -0.027110869198973247 0.0 -0.06774095140140202 0.0 0.00024710370501253726 0.0 -0.02857636769553294 0.0 -0.07138082901842148 0.0 0.00034295623411525523 0.0 -0.02835415019980867 0.0 -0.0708275670476303 0.0 0.00042747393211507294 0.0 -0.02558614267981967 0.0 -0.06389293118050332 0.0 0.0005058936570776824 0.0 -0.02009211349988626 0.0 -0.05020305918976649 0.0 0.0005535644513170722 0.0 -0.012721574562205457 0.0 -0.031794439928333924 0.0 0.0005589901312690173 0.0 -0.005600934949232016 0.0 -0.014065710873681138 0.0 0.0005497677022169263 0.0 -0.0011547065729591586 0.0 -0.003128646004661188 0.0 0.0002503006969662178 0.0 0.0 -0.0011547065729932803 -0.0031286460047512082 0.0 0.0 -0.00025030069697022867 0.0 -0.005600934949461472 -0.014065710874248906 0.0 0.0 -0.0005497677022104716 0.0 -0.012721574562791715 -0.031794439929804734 0.0 0.0 -0.0005589901312574931 0.0 -0.02009211350077706 -0.05020305919199836 0.0 0.0 -0.000553564451328273 0.0 -0.025586142681299318 -0.06389293118419856 0.0 0.0 -0.0005058936570608723 0.0 -0.02835415020235885 -0.07082756705401962 0.0 0.0 -0.00042747393210485347 0.0 -0.02857636769923405 -0.07138082902766407 0.0 0.0 -0.00034295623411343117 0.0 -0.02711086920389673 -0.06774095141371252 0.0 0.0 -0.00024710370498897023 0.0 -0.02517555782823521 -0.06291224558564999 0.0 0.0 -0.00015129934715894325 0.0 -0.02387527138149795 -0.059672841190317974 0.0 0.0 -4.961925375857548e-05 0.0 -0.023875271381721467 -0.059672841190874806 0.0 0.0 4.96192537671856e-05 0.0 -0.02517555782881173 -0.06291224558709241 0.0 0.0 0.0001512993471619433 0.0 -0.02711086920468313 -0.0677409514156732 0.0 0.0 0.00024710370499370885 0.0 -0.028576367700106797 -0.07138082902984912 0.0 0.0 0.00034295623411676016 0.0 -0.028354150203267862 -0.07082756705628411 0.0 0.0 0.000427473932115105 0.0 -0.025586142682134827 -0.06389293118629105 0.0 0.0 0.0005058936570698615 0.0 -0.020092113501363758 -0.050203059193462685 0.0 0.0 0.0005535644513290338 0.0 -0.0127215745631522 -0.03179443993070227 0.0 0.0 0.0005589901312752334 0.0 -0.005600934949667212 -0.014065710874771795 0.0 0.0 0.0005497677022188619 0.0 -0.0011547065730524316 -0.0031286460049001295 0.0 0.0 0.0002503006969672445 -0.0011547065729594296 0.0 -0.0031286460046709174 0.0 0.00025030069697880736 0.0 -0.005600934949340932 0.0 -0.014065710873953396 0.0 0.0005497677022352668 0.0 -0.012721574562469338 0.0 -0.03179443992899227 0.0 0.0005589901312887664 0.0 -0.020092113500138124 0.0 -0.05020305919039883 0.0 0.0005535644513476572 0.0 -0.02558614268008136 0.0 -0.0638929311811528 0.0 0.0005058936570951204 0.0 -0.02835415020008076 0.0 -0.07082756704831322 0.0 0.000427473932139167 0.0 -0.02857636769556849 0.0 -0.0713808290184996 0.0 0.00034295623413750534 0.0 -0.027110869198788953 0.0 -0.06774095140094562 0.0 0.0002471037050136774 0.0 -0.025175557821922923 0.0 -0.06291224556987152 0.0 0.00015129934717494204 0.0 -0.023875271374456178 0.0 -0.05967284117272088 0.0 4.9619253767993815e-05 0.0 -0.02387527137461593 0.0 -0.059672841173113854 0.0 -4.961925377244982e-05 0.0 -0.025175557822377924 0.0 -0.06291224557101315 0.0 -0.00015129934718166021 0.0 -0.0271108691994583 0.0 -0.06774095140261661 0.0 -0.0002471037050121965 0.0 -0.02857636769640818 0.0 -0.07138082902059688 0.0 -0.00034295623414481747 0.0 -0.028354150201064802 0.0 -0.07082756705077478 0.0 -0.00042747393214269023 0.0 -0.02558614268106578 0.0 -0.06389293118360581 0.0 -0.0005058936571012774 0.0 -0.020092113501024415 0.0 -0.05020305919261239 0.0 -0.0005535644513683454 0.0 -0.012721574563093042 0.0 -0.03179443993055105 0.0 -0.0005589901313008327 0.0 -0.005600934949627302 0.0 -0.014065710874673527 0.0 -0.000549767702248955 0.0 -0.0011547065730401246 0.0 -0.0031286460048785304 0.0 -0.00025030069698093744 0.0 0.0 -0.0011547065730358715 -0.0031286460048724 0.0 0.0 0.0002503006969875283 0.0 -0.0056009349497286726 -0.014065710874921459 0.0 0.0 0.0005497677022462457 0.0 -0.012721574563383544 -0.03179443993128433 0.0 0.0 0.0005589901313011301 0.0 -0.020092113501697977 -0.05020305919429419 0.0 0.0 0.0005535644513610757 0.0 -0.0255861426824127 -0.06389293118697872 0.0 0.0 0.0005058936570912407 0.0 -0.028354150203411102 -0.0708275670566423 0.0 0.0 0.0004274739321269552 0.0 -0.02857636769999044 -0.07138082902955604 0.0 0.0 0.0003429562341349257 0.0 -0.027110869204408698 -0.0677409514149852 0.0 0.0 0.0002471037049890065 0.0 -0.025175557828461714 -0.06291224558622333 0.0 0.0 0.0001512993471736115 0.0 -0.02387527138133472 -0.05967284118990066 0.0 0.0 4.961925376423015e-05 0.0 -0.02387527138135719 -0.059672841189977156 0.0 0.0 -4.9619253765724506e-05 0.0 -0.025175557828437292 -0.06291224558614748 0.0 0.0 -0.0001512993471576167 0.0 -0.027110869204454675 -0.06774095141510876 0.0 0.0 -0.00024710370500230673 0.0 -0.028576367700182112 -0.07138082903002992 0.0 0.0 -0.00034295623412735786 0.0 -0.028354150203652603 -0.0708275670572474 0.0 0.0 -0.000427473932134786 0.0 -0.02558614268267969 -0.06389293118764476 0.0 0.0 -0.0005058936570873334 0.0 -0.020092113501908683 -0.05020305919482249 0.0 0.0 -0.0005535644513629687 0.0 -0.012721574563593916 -0.03179443993180695 0.0 0.0 -0.000558990131303504 0.0 -0.005600934949908917 -0.014065710875372952 0.0 0.0 -0.0005497677022521941 0.0 -0.0011547065731186176 -0.003128646005081253 0.0 0.0 -0.00025030069698409117</DataArray>
        <DataArray type="Float64" Name="Strain" NumberOfComponents="6" format="ascii">-2.9565222807253456e-06 -2.9565222807774084e-06 0.0 -4.7414604241563714e-06 0.0 0.0 -1.3350124104481597e-05 -1.8503801079298368e-06 0.0 -1.308675626458788e-05 0.0 0.0 -2.8900414670494337e-05 2.3367942238600793e-07 0.0 -1.5412254951987084e-05 0.0 0.0 -4.396008336040237e-05 1.4203721172943496e-06 0.0 -1.2321176915168304e-05 0.0 0.0 -5.441146681761864e-05 1.907118959305774e-06 0.0 -6.548654740742127e-06 0.0 0.0 -5.8747125240890404e-05 1.7053133391355966e-06 0.0 -3.918984228896356e-07 0.0 0.0 -5.7555181695572827e-05 1.017227071128015e-06 0.0 4.2390484125355385e-06 0.0 0.0 -5.293380433823362e-05 9.697462604846881e-08 0.0 6.180725853165083e-06 0.0 0.0 -4.766165488952585e-05 -7.431478545199138e-07 0.0 5.20181510071295e-06 0.0 0.0 -4.427587697167547e-05 -1.2412201330654351e-06 0.0 2.0082027399284256e-06 0.0 0.0 -4.427587697158069e-05 -1.2412201331596938e-06 0.0 -2.008202739744943e-06 0.0 0.0 -4.766165488938545e-05 -7.431478545874392e-07 0.0 -5.201815100806106e-06 0.0 0.0 -5.2933804338235234e-05 9.697462613330786e-08 0.0 -6.180725853350961e-06 0.0 0.0 -5.755518169559758e-05 1.017227071189003e-06 0.0 -4.23904841234411e-06 0.0 0.0 -5.8747125240746707e-05 1.7053133391047045e-06 0.0 3.9189842306628235e-07 0.0 0.0 -5.44114668173421e-05 1.9071189592347607e-06 0.0 6.5486547408203965e-06 0.0 0.0 -4.3960083360177796e-05 1.4203721172625975e-06 0.0 1.2321176915027407e-05 0.0 0.0 -2.8900414670407953e-05 2.3367942243164945e-07 0.0 1.5412254951871905e-05 0.0 0.0 -1.335012410447383e-05 -1.8503801079476694e-06 0.0 1.3086756264550617e-05 0.0 0.0 -2.9565222807380256e-06 -2.9565222807554766e-06 0.0 4.741460424170514e-06 0.0 0.0 -1.8503801078218935e-06 -1.3350124104522251e-05 0.0 -1.308675626434612e-05 0.0 0.0 -6.6024800754629735e-06 -6.602480075886808e-06 0.0 -3.131382265126292e-05 0.0 0.0 -1.1761395811387773e-05 1.0250007913344966e-06 0.0 -3.4852707506311225e-05 0.0 0.0 -1.571364533572105e-05 5.8559782386043745e-06 0.0 -2.760280152273563e-05 0.0 0.0 -1.784898426587975e-05 7.751591756104967e-06 0.0 -1.4339180566519273e-05 0.0 0.0 -1.7697148415247123e-05 6.956114607531193e-06 0.0 -3.0379962543606465e-07 0.0 0.0 -1.5570482273385962e-05 4.165820063137729e-06 0.0 1.0224837774014442e-05 0.0 0.0 -1.2374251035813699e-05 4.5899151170878413e-07 0.0 1.4555917013230713e-05 0.0 0.0 -9.302696029823954e-06 -2.93429817363523e-06 0.0 1.2170640136852572e-05 0.0 0.0 -7.444891937208981e-06 -4.941806364492839e-06 0.0 4.687257708965768e-06 0.0 0.0 -7.444891937352445e-06 -4.941806364630046e-06 0.0 -4.68725770884875e-06 0.0 0.0 -9.302696029975389e-06 -2.9342981738185774e-06 0.0 -1.2170640136718552e-05 0.0 0.0 -1.2374251035626931e-05 4.589915118557584e-07 0.0 -1.4555917013253212e-05 0.0 0.0 -1.5570482273161786e-05 4.165820063301742e-06 0.0 -1.0224837773991072e-05 0.0 0.0 -1.7697148415314066e-05 6.9561146074622084e-06 0.0 3.037996255209771e-07 0.0 0.0 -1.784898426617221e-05 7.751591755893668e-06 0.0 1.4339180566499296e-05 0.0 0.0 -1.571364533604498e-05 5.8559782385174215e-06 0.0 2.7602801522554255e-05 0.0 0.0 -1.1761395811621482e-05 1.0250007914342748e-06 0.0 3.4852707506113704e-05 0.0 0.0 -6.602480075620964e-06 -6.60248007583847e-06 0.0 3.13138226512741e-05 0.0 0.0 -1.850380107872955e-06 -1.3350124104518221e-05 0.0 1.308675626447653e-05 0.0 0.0 2.3367942248642316e-07 -2.890041467024351e-05 0.0 -1.5412254951391424e-05 0.0 0.0 1.0250007918431103e-06 -1.1761395812090682e-05 0.0 -3.485270750535149e-05 0.0 0.0 2.7144498242545263e-06 2.7144498230099647e-06 0.0 -3.622743471073452e-05 0.0 0.0 5.553127611699419e-06 1.2307193534665649e-05 0.0 -2.662889636965244e-05 0.0 0.0 9.266681458010474e-06 1.602588078972329e-05 0.0 -1.0887689770533684e-05 0.0 0.0 1.3404763527370326e-05 1.4265295520057266e-05 0.0 5.348606233722102e-06 0.0 0.0 1.7599747122981214e-05 8.390670274973407e-06 0.0 1.7057010204947767e-05 0.0 0.0 2.1381587184788972e-05 6.283490685176146e-07 0.0 2.1094885734348447e-05 0.0 0.0 2.426125771484799e-05 -6.465942846309004e-06 0.0 1.6869471198144624e-05 0.0 0.0 2.582061710994503e-05 -1.0660578495615661e-05 0.0 6.3963441928787944e-06 0.0 0.0 2.5820617109878193e-05 -1.066057849558631e-05 0.0 -6.396344193184852e-06 0.0 0.0 2.4261257714542615e-05 -6.465942846476841e-06 0.0 -1.686947119807734e-05 0.0 0.0 2.1381587184243625e-05 6.283490686847462e-07 0.0 -2.1094885734090126e-05 0.0 0.0 1.759974712263809e-05 8.39067027512068e-06 0.0 -1.7057010204708758e-05 0.0 0.0 1.3404763527279808e-05 1.426529551980637e-05 0.0 -5.348606233941913e-06 0.0 0.0 9.266681457840693e-06 1.6025880789545418e-05 0.0 1.0887689770189355e-05 0.0 0.0 5.5531276114550224e-06 1.2307193534570581e-05 0.0 2.6628896369573727e-05 0.0 0.0 2.7144498240894637e-06 2.7144498231424157e-06 0.0 3.6227434710754146e-05 0.0 0.0 1.0250007918152116e-06 -1.1761395811885017e-05 0.0 3.4852707505560124e-05 0.0 0.0 2.336794224956146e-07 -2.8900414670374682e-05 0.0 1.541225495160443e-05 0.0 0.0 1.4203721174763001e-06 -4.396008335948702e-05 0.0 -1.2321176914130136e-05 0.0 0.0 5.855978239338831e-06 -1.571364533633848e-05 0.0 -2.7602801520520773e-05 0.0 0.0 1.2307193536273592e-05 5.553127609709857e-06 0.0 -2.66288963677827e-05 0.0 0.0 1.9427612745798767e-05 1.9427612743073666e-05 0.0 -1.5543125123393055e-05 0.0 0.0 2.6556787499849383e-05 2.469625896932893e-05 0.0 3.437745541466153e-07 0.0 0.0 3.310834828810094e-05 2.1607404174528076e-05 0.0 1.5808803981262192e-05 0.0 0.0 3.8650282947473954e-05 1.2208388779061783e-05 0.0 2.6041613031661984e-05 0.0 0.0 4.294640292973929e-05 -8.325914492421621e-08 0.0 2.8003682527125562e-05 0.0 0.0 4.5861189141446415e-05 -1.1277721707198034e-05 0.0 2.12278688923982e-05 0.0 0.0 4.733156091184686e-05 -1.788883654098833e-05 0.0 7.885515537324026e-06 0.0 0.0 4.733156091187296e-05 -1.788883654077966e-05 0.0 -7.885515537715724e-06 0.0 0.0 4.58611891416338e-05 -1.1277721707179274e-05 0.0 -2.1227868892410663e-05 0.0 0.0 4.294640293016271e-05 -8.325914468040773e-08 0.0 -2.800368252682703e-05 0.0 0.0 3.865028294770066e-05 1.2208388779053034e-05 0.0 -2.6041613031489595e-05 0.0 0.0 3.310834828810736e-05 2.1607404174051024e-05 0.0 -1.5808803981373835e-05 0.0 0.0 2.6556787500002553e-05 2.4696258969179982e-05 0.0 -3.437745544810459e-07 0.0 0.0 1.942761274595107e-05 1.942761274312322e-05 0.0 1.5543125123170563e-05 0.0 0.0 1.2307193536351512e-05 5.553127609961739e-06 0.0 2.6628896368014807e-05 0.0 0.0 5.855978239419223e-06 -1.5713645336103522e-05 0.0 2.760280152086711e-05 0.0 0.0 1.4203721175188688e-06 -4.3960083359767615e-05 0.0 1.2321176914297266e-05 0.0 0.0 1.9071189594858545e-06 -5.4411466815520495e-05 0.0 -6.548654739097891e-06 0.0 0.0 7.751591756766119e-06 -1.7848984266093904e-05 0.0 -1.4339180562990366e-05 0.0 0.0 1.6025880791061173e-05 9.26668145555755e-06 0.0 -1.088768976688472e-05 0.0 0.0 2.4696258971564983e-05 2.6556787495999716e-05 0.0 3.437745564376141e-07 0.0 0.0 3.2706822582328575e-05 3.270682257895953e-05 0.0 1.4917200329701839e-05 0.0 0.0 3.949213004654293e-05 2.79217848224632e-05 0.0 2.80267197027458e-05 0.0 0.0 4.477214580947867e-05 1.4799178977245571e-05 0.0 3.5452058983447675e-05 0.0 0.0 4.851351376905216e-05 -2.0985838924479823e-06 0.0 3.4544277359564704e-05 0.0 0.0 5.08518491173268e-05 -1.7413944276672612e-05 0.0 2.5037845209826584e-05 0.0 0.0 5.196198818040506e-05 -2.64403795049714e-05 0.0 9.132510645459894e-06 0.0 0.0 5.196198818093255e-05 -2.6440379504952326e-05 0.0 -9.132510644752042e-06 0.0 0.0 5.085184911840999e-05 -1.7413944276494034e-05 0.0 -2.5037845209526853e-05 0.0 0.0 4.8513513769907844e-05 -2.098583892370539e-06 0.0 -3.4544277359592955e-05 0.0 0.0 4.4772145810109766e-05 1.4799178977165804e-05 0.0 -3.545205898382473e-05 0.0 0.0 3.949213004709666e-05 2.7921784822004706e-05 0.0 -2.8026719702930057e-05 0.0 0.0 3.2706822582829354e-05 3.270682257872725e-05 0.0 -1.491720032977347e-05 0.0 0.0 2.4696258972240586e-05 2.655678749618554e-05 0.0 -3.4377455653166524e-07 0.0 0.0 1.602588079172555e-05 9.266681455930937e-06 0.0 1.088768976687099e-05 0.0 0.0 7.751591757105108e-06 -1.7848984265921692e-05 0.0 1.433918056298493e-05 0.0 0.0 1.9071189595563075e-06 -5.441146681584406e-05 0.0 6.54865473907839e-06 0.0 0.0 1.7053133391893896e-06 -5.87471252371365e-05 0.0 -3.918984207700675e-07 0.0 0.0 6.9561146078863416e-06 -1.7697148414852033e-05 0.0 -3.037996208507627e-07 0.0 0.0 1.426529552093057e-05 1.3404763524629229e-05 0.0 5.34860623866284e-06 0.0 0.0 2.1607404175970417e-05 3.310834828341756e-05 0.0 1.5808803985217765e-05 0.0 0.0 2.7921784824600222e-05 3.949213004197401e-05 0.0 2.802671970481876e-05 0.0 0.0 3.2719602347978844e-05 3.2719602345024556e-05 0.0 3.8071354321609943e-05 0.0 0.0 3.5936414454674115e-05 1.5893000374821968e-05 0.0 4.236799203624377e-05 0.0 0.0 3.7802087173992066e-05 -5.421637132005809e-06 0.0 3.877375397764105e-05 0.0 0.0 3.870670511883509e-05 -2.46279441509923e-05 0.0 2.721559103982845e-05 0.0 0.0 3.904020065613665e-05 -3.5922087053249144e-05 0.0 9.790209882579826e-06 0.0 0.0 3.904020065602693e-05 -3.592208705355911e-05 0.0 -9.790209881041353e-06 0.0 0.0 3.870670511878885e-05 -2.4627944151142234e-05 0.0 -2.7215591039144882e-05 0.0 0.0 3.78020871743828e-05 -5.421637132118001e-06 0.0 -3.877375397767007e-05 0.0 0.0 3.5936414455346314e-05 1.5893000374648925e-05 0.0 -4.2367992036514895e-05 0.0 0.0 3.271960234873554e-05 3.2719602344770887e-05 0.0 -3.8071354321856586e-05 0.0 0.0 2.7921784825454577e-05 3.9492130041765354e-05 0.0 -2.8026719704710242e-05 0.0 0.0 2.160740417674268e-05 3.310834828349384e-05 0.0 -1.580880398529245e-05 0.0 0.0 1.4265295521486024e-05 1.3404763524944623e-05 0.0 -5.348606239132637e-06 0.0 0.0 6.956114608216839e-06 -1.769714841468586e-05 0.0 3.03799620236984e-07 0.0 0.0 1.7053133392945267e-06 -5.8747125237253184e-05 0.0 3.918984204917422e-07 0.0 0.0 1.0172270712047658e-06 -5.7555181689863716e-05 0.0 4.239048414699497e-06 0.0 0.0 4.165820063327343e-06 -1.5570482272071503e-05 0.0 1.022483777911797e-05 0.0 0.0 8.390670275317206e-06 1.7599747119941514e-05 0.0 1.7057010210695868e-05 0.0 0.0 1.2208388779566428e-05 3.8650282942131155e-05 0.0 2.6041613036320773e-05 0.0 0.0 1.4799178977821082e-05 4.4772145803853865e-05 0.0 3.5452058986425084e-05 0.0 0.0 1.5893000375597657e-05 3.593641445090713e-05 0.0 4.2367992037447153e-05 0.0 0.0 1.5666731582443787e-05 1.566673158130937e-05 0.0 4.4012132189014134e-05 0.0 0.0 1.4625833384099562e-05 -9.617312251691283e-06 0.0 3.873618603197442e-05 0.0 0.0 1.3421081286401061e-05 -3.227448058697297e-05 0.0 2.6611051842784795e-05 0.0 0.0 1.264376548008753e-05 -4.5566810751557256e-05 0.0 9.48070335549535e-06 0.0 0.0 1.2643765480087856e-05 -4.556681075179032e-05 0.0 -9.480703354199414e-06 0.0 0.0 1.3421081286517574e-05 -3.227448058767841e-05 0.0 -2.661105184153603e-05 0.0 0.0 1.4625833384249666e-05 -9.61731225204661e-06 0.0 -3.873618603163501e-05 0.0 0.0 1.566673158267573e-05 1.5666731581142727e-05 0.0 -4.401213218893618e-05 0.0 0.0 1.5893000376100516e-05 3.593641445066316e-05 0.0 -4.236799203737069e-05 0.0 0.0 1.4799178978208044e-05 4.4772145803629056e-05 0.0 -3.545205898670831e-05 0.0 0.0 1.2208388779681836e-05 3.8650282942063284e-05 0.0 -2.6041613036750964e-05 0.0 0.0 8.3906702753832e-06 1.7599747120066218e-05 0.0 -1.7057010211396273e-05 0.0 0.0 4.165820063339026e-06 -1.557048227192928e-05 0.0 -1.0224837780112617e-05 0.0 0.0 1.0172270711834392e-06 -5.7555181689526793e-05 0.0 -4.239048415249985e-06 0.0 0.0 9.697462603545886e-08 -5.293380433037242e-05 0.0 6.180725855579841e-06 0.0 0.0 4.5899151150494036e-07 -1.2374251033685511e-05 0.0 1.4555917018146546e-05 0.0 0.0 6.283490677486086e-07 2.1381587181582115e-05 0.0 2.1094885739626428e-05 0.0 0.0 -8.325914623972551e-08 4.294640292370768e-05 0.0 2.8003682531622403e-05 0.0 0.0 -2.0985838939408093e-06 4.851351376262051e-05 0.0 3.4544277362611306e-05 0.0 0.0 -5.42163713370538e-06 3.780208716928288e-05 0.0 3.877375397887364e-05 0.0 0.0 -9.61731225381175e-06 1.46258333827123e-05 0.0 3.873618603193891e-05 0.0 0.0 -1.3926357039838953e-05 -1.3926357037381797e-05 0.0 3.3288617907544986e-05 0.0 0.0 -1.746298022973201e-05 -3.939246095039592e-05 0.0 2.2554631393937426e-05 0.0 0.0 -1.945512576608489e-05 -5.430346251891975e-05 0.0 7.985116051308404e-06 0.0 0.0 -1.945512576601397e-05 -5.4303462519035954e-05 0.0 -7.985116049857548e-06 0.0 0.0 -1.7462980229892705e-05 -3.9392460951529474e-05 0.0 -2.2554631393033683e-05 0.0 0.0 -1.3926357040184773e-05 -1.3926357037989704e-05 0.0 -3.328861790712155e-05 0.0 0.0 -9.61731225413152e-06 1.462583338257117e-05 0.0 -3.8736186031710114e-05 0.0 0.0 -5.421637134280826e-06 3.780208716887536e-05 0.0 -3.877375397891267e-05 0.0 0.0 -2.098583894418538e-06 4.8513513762299543e-05 0.0 -3.4544277362817514e-05 0.0 0.0 -8.325914645795021e-08 4.294640292348239e-05 0.0 -2.8003682532165534e-05 0.0 0.0 6.283490674127557e-07 2.1381587181533817e-05 0.0 -2.1094885740567224e-05 0.0 0.0 4.589915111692952e-07 -1.2374251033456875e-05 0.0 -1.4555917018996358e-05 0.0 0.0 9.697462592566631e-08 -5.293380432961565e-05 0.0 -6.180725855856555e-06 0.0 0.0 -7.431478548464871e-07 -4.766165487968909e-05 0.0 5.2018151025870835e-06 0.0 0.0 -2.9342981747542866e-06 -9.302696027280984e-06 0.0 1.217064014059856e-05 0.0 0.0 -6.465942848161314e-06 2.4261257711666894e-05 0.0 1.6869471202173197e-05 0.0 0.0 -1.1277721709719523e-05 4.5861189134796393e-05 0.0 2.1227868895864935e-05 0.0 0.0 -1.7413944280129774e-05 5.0851849110108375e-05 0.0 2.503784521182011e-05 0.0 0.0 -2.462794415532457e-05 3.870670511314616e-05 0.0 2.721559104004383e-05 0.0 0.0 -3.227448059195465e-05 1.3421081284745798e-05 0.0 2.6611051841686546e-05 0.0 0.0 -3.93924609560358e-05 -1.7462980226836755e-05 0.0 2.2554631393072226e-05 0.0 0.0 -4.491751475037634e-05 -4.4917514744275724e-05 0.0 1.51578032207567e-05 0.0 0.0 -4.794090140104226e-05 -6.096997686526968e-05 0.0 5.345619615067557e-06 0.0 0.0 -4.794090140161393e-05 -6.096997686550054e-05 0.0 -5.345619614622465e-06 0.0 0.0 -4.49175147513372e-05 -4.491751474545793e-05 0.0 -1.5157803220088078e-05 0.0 0.0 -3.939246095683328e-05 -1.7462980227679496e-05 0.0 -2.2554631392475607e-05 0.0 0.0 -3.227448059285425e-05 1.342108128435638e-05 0.0 -2.6611051841842505e-05 0.0 0.0 -2.4627944156269236e-05 3.870670511275011e-05 0.0 -2.7215591040382106e-05 0.0 0.0 -1.741394428127905e-05 5.0851849109776e-05 0.0 -2.5037845212015758e-05 0.0 0.0 -1.1277721711000189e-05 4.586118913434623e-05 0.0 -2.1227868896191548e-05 0.0 0.0 -6.46594284895482e-06 2.4261257711584624e-05 0.0 -1.686947120261078e-05 0.0 0.0 -2.9342981749672214e-06 -9.302696026864908e-06 0.0 -1.2170640140854136e-05 0.0 0.0 -7.431478548471861e-07 -4.766165487872184e-05 0.0 -5.20181510263885e-06 0.0 0.0 -1.2412201334260048e-06 -4.427587696062465e-05 0.0 2.0082027406894296e-06 0.0 0.0 -4.941806365774478e-06 -7.444891934235591e-06 0.0 4.687257710871381e-06 0.0 0.0 -1.0660578498040056e-05 2.5820617106835498e-05 0.0 6.396344195341207e-06 0.0 0.0 -1.7888836544596238e-05 4.733156090449472e-05 0.0 7.885515538940283e-06 0.0 0.0 -2.6440379509732198e-05 5.196198817232725e-05 0.0 9.132510645363593e-06 0.0 0.0 -3.592208705908482e-05 3.904020064977652e-05 0.0 9.79020988118101e-06 0.0 0.0 -4.556681075802344e-05 1.2643765478238537e-05 0.0 9.480703353617182e-06 0.0 0.0 -5.430346252563949e-05 -1.945512576280018e-05 0.0 7.985116049529086e-06 0.0 0.0 -6.0969976872587215e-05 -4.794090139455098e-05 0.0 5.345619613946218e-06 0.0 0.0 -6.458404386298196e-05 -6.458404385490218e-05 0.0 1.8821327881528931e-06 0.0 0.0 -6.45840438629796e-05 -6.458404385499624e-05 0.0 -1.882132788831095e-06 0.0 0.0 -6.096997687306317e-05 -4.794090139540643e-05 0.0 -5.345619613892855e-06 0.0 0.0 -5.430346252683659e-05 -1.945512576400974e-05 0.0 -7.985116049455567e-06 0.0 0.0 -4.556681075946907e-05 1.2643765477629805e-05 0.0 -9.480703353945579e-06 0.0 0.0 -3.5922087060626706e-05 3.904020064945135e-05 0.0 -9.790209881599923e-06 0.0 0.0 -2.6440379511159275e-05 5.196198817206588e-05 0.0 -9.13251064565134e-06 0.0 0.0 -1.788883654562545e-05 4.7331560904221274e-05 0.0 -7.885515538646165e-06 0.0 0.0 -1.0660578498646692e-05 2.5820617106732244e-05 0.0 -6.396344194580347e-06 0.0 0.0 -4.9418063660267945e-06 -7.444891933909821e-06 0.0 -4.687257710497562e-06 0.0 0.0 -1.2412201334918078e-06 -4.4275876959612816e-05 0.0 -2.008202740651624e-06 0.0 0.0 -1.241220133384885e-06 -4.427587696030077e-05 0.0 -2.008202739932592e-06 0.0 0.0 -4.9418063657521966e-06 -7.444891934033387e-06 0.0 -4.687257709176559e-06 0.0 0.0 -1.0660578498218319e-05 2.582061710677261e-05 0.0 -6.396344193437196e-06 0.0 0.0 -1.7888836544851784e-05 4.733156090391584e-05 0.0 -7.885515538393512e-06 0.0 0.0 -2.6440379510063e-05 5.1961988171929964e-05 0.0 -9.132510646781802e-06 0.0 0.0 -3.592208705927603e-05 3.9040200649630475e-05 0.0 -9.790209883719997e-06 0.0 0.0 -4.5566810757735115e-05 1.2643765478297274e-05 0.0 -9.48070335637152e-06 0.0 0.0 -5.430346252526612e-05 -1.9455125762858307e-05 0.0 -7.985116052308533e-06 0.0 0.0 -6.096997687203855e-05 -4.794090139451645e-05 0.0 -5.345619616779195e-06 0.0 0.0 -6.458404386188245e-05 -6.458404385441294e-05 0.0 -1.8821327899575316e-06 0.0 0.0 -6.458404386200744e-05 -6.458404385448653e-05 0.0 1.8821327890077237e-06 0.0 0.0 -6.0969976872507756e-05 -4.7940901395232454e-05 0.0 5.34561961544312e-06 0.0 0.0 -5.430346252619589e-05 -1.945512576397924e-05 0.0 7.98511605142535e-06 0.0 0.0 -4.556681075892123e-05 1.2643765477639746e-05 0.0 9.480703355988934e-06 0.0 0.0 -3.592208706029833e-05 3.904020064937601e-05 0.0 9.790209883479977e-06 0.0 0.0 -2.6440379510792253e-05 5.196198817192506e-05 0.0 9.13251064710675e-06 0.0 0.0 -1.788883654526079e-05 4.7331560904054734e-05 0.0 7.885515539437807e-06 0.0 0.0 -1.0660578498437674e-05 2.5820617106525623e-05 0.0 6.396344194591593e-06 0.0 0.0 -4.941806365954861e-06 -7.444891934011451e-06 0.0 4.687257709852651e-06 0.0 0.0 -1.2412201334657325e-06 -4.4275876959397026e-05 0.0 2.0082027401715605e-06 0.0 0.0 -7.431478548658413e-07 -4.766165487866051e-05 0.0 -5.201815101700155e-06 0.0 0.0 -2.9342981748427037e-06 -9.302696026924186e-06 0.0 -1.2170640139098078e-05 0.0 0.0 -6.465942848668836e-06 2.426125771131735e-05 0.0 -1.6869471201274282e-05 0.0 0.0 -1.1277721710811546e-05 4.5861189133567044e-05 0.0 -2.122786889561866e-05 0.0 0.0 -1.7413944280835217e-05 5.0851849109042984e-05 0.0 -2.5037845212290325e-05 0.0 0.0 -2.4627944155216316e-05 3.8706705112595704e-05 0.0 -2.721559104159394e-05 0.0 0.0 -3.227448059163326e-05 1.3421081284754492e-05 0.0 -2.6611051844019457e-05 0.0 0.0 -3.939246095539925e-05 -1.7462980226867903e-05 0.0 -2.255463139545938e-05 0.0 0.0 -4.491751474919169e-05 -4.491751474395924e-05 0.0 -1.5157803222513088e-05 0.0 0.0 -4.7940901399434144e-05 -6.096997686412989e-05 0.0 -5.345619615987811e-06 0.0 0.0 -4.794090139971831e-05 -6.096997686435305e-05 0.0 5.3456196142368155e-06 0.0 0.0 -4.491751474969909e-05 -4.491751474463645e-05 0.0 1.5157803220896571e-05 0.0 0.0 -3.9392460955719157e-05 -1.7462980227560057e-05 0.0 2.25546313943641e-05 0.0 0.0 -3.227448059187223e-05 1.3421081284211278e-05 0.0 2.66110518435383e-05 0.0 0.0 -2.4627944155415823e-05 3.870670511265587e-05 0.0 2.721559104186762e-05 0.0 0.0 -1.7413944280662093e-05 5.085184910941625e-05 0.0 2.503784521342526e-05 0.0 0.0 -1.1277721710502193e-05 4.586118913367785e-05 0.0 2.122786889675364e-05 0.0 0.0 -6.465942848677673e-06 2.426125771096694e-05 0.0 1.6869471202048382e-05 0.0 0.0 -2.9342981749561265e-06 -9.302696027025378e-06 0.0 1.2170640139933025e-05 0.0 0.0 -7.431478548936237e-07 -4.7661654878079936e-05 0.0 5.201815102170398e-06 0.0 0.0 9.697462591881697e-08 -5.293380432869996e-05 0.0 -6.180725854913089e-06 0.0 0.0 4.589915110456363e-07 -1.2374251033441061e-05 0.0 -1.4555917017128586e-05 0.0 0.0 6.28349067244021e-07 2.1381587180871373e-05 0.0 -2.109488573906603e-05 0.0 0.0 -8.325914644480648e-08 4.294640292232236e-05 0.0 -2.8003682531536507e-05 0.0 0.0 -2.0985838943819055e-06 4.851351376136095e-05 0.0 -3.4544277362575764e-05 0.0 0.0 -5.421637134158827e-06 3.780208716819547e-05 0.0 -3.8773753979270765e-05 0.0 0.0 -9.617312253420604e-06 1.4625833382449255e-05 0.0 -3.87361860332567e-05 0.0 0.0 -1.3926357038778146e-05 -1.3926357037204526e-05 0.0 -3.328861790894252e-05 0.0 0.0 -1.74629802283229e-05 -3.9392460949716796e-05 0.0 -2.2554631394877196e-05 0.0 0.0 -1.9455125764550618e-05 -5.430346251757928e-05 0.0 -7.985116051935123e-06 0.0 0.0 -1.9455125764553183e-05 -5.430346251760408e-05 0.0 7.985116049606242e-06 0.0 0.0 -1.7462980228372738e-05 -3.939246095014825e-05 0.0 2.2554631393270795e-05 0.0 0.0 -1.392635703883752e-05 -1.3926357037500498e-05 0.0 3.32886179081526e-05 0.0 0.0 -9.61731225318816e-06 1.462583338218375e-05 0.0 3.8736186033201474e-05 0.0 0.0 -5.42163713349275e-06 3.780208716873618e-05 0.0 3.877375398006322e-05 0.0 0.0 -2.0985838939321572e-06 4.851351376173904e-05 0.0 3.454427736349571e-05 0.0 0.0 -8.325914647479949e-08 4.2946402922293476e-05 0.0 2.8003682532211728e-05 0.0 0.0 6.283490672910464e-07 2.1381587180520885e-05 0.0 2.1094885739839206e-05 0.0 0.0 4.5899151119390674e-07 -1.237425103352078e-05 0.0 1.4555917017953638e-05 0.0 0.0 9.697462596521694e-08 -5.293380432853411e-05 0.0 6.1807258553542845e-06 0.0 0.0 1.0172270711346645e-06 -5.755518168783079e-05 0.0 -4.239048414483644e-06 0.0 0.0 4.165820063141921e-06 -1.557048227178512e-05 0.0 -1.0224837778620705e-05 0.0 0.0 8.39067027501457e-06 1.7599747119161695e-05 0.0 -1.7057010209907755e-05 0.0 0.0 1.2208388779282167e-05 3.865028294049832e-05 0.0 -2.6041613035771445e-05 0.0 0.0 1.4799178977931454e-05 4.477214580254097e-05 0.0 -3.545205898648011e-05 0.0 0.0 1.589300037577299e-05 3.593641444963595e-05 0.0 -4.236799203760587e-05 0.0 0.0 1.5666731582486145e-05 1.5666731580810426e-05 0.0 -4.401213218913316e-05 0.0 0.0 1.4625833384608913e-05 -9.617312251401484e-06 0.0 -3.873618603228905e-05 0.0 0.0 1.3421081287384998e-05 -3.227448058620433e-05 0.0 -2.6611051843158404e-05 0.0 0.0 1.2643765481366564e-05 -4.5566810750126286e-05 0.0 -9.480703355845948e-06 0.0 0.0 1.2643765481592674e-05 -4.5566810750182454e-05 0.0 9.480703353992098e-06 0.0 0.0 1.342108128791309e-05 -3.2274480586106924e-05 0.0 2.661105184160293e-05 0.0 0.0 1.4625833385286826e-05 -9.617312251348069e-06 0.0 3.873618603171471e-05 0.0 0.0 1.5666731583150676e-05 1.566673158098558e-05 0.0 4.401213218939823e-05 0.0 0.0 1.5893000375989802e-05 3.5936414450236455e-05 0.0 4.2367992038066606e-05 0.0 0.0 1.4799178977832338e-05 4.4772145802790215e-05 0.0 3.545205898671396e-05 0.0 0.0 1.2208388779266771e-05 3.865028294067213e-05 0.0 2.6041613036383962e-05 0.0 0.0 8.390670274980956e-06 1.759974711880308e-05 0.0 1.70570102108811e-05 0.0 0.0 4.16582006307868e-06 -1.557048227198567e-05 0.0 1.0224837779367983e-05 0.0 0.0 1.0172270711131245e-06 -5.755518168800143e-05 0.0 4.2390484147941e-06 0.0 0.0 1.7053133391766076e-06 -5.874712523496663e-05 0.0 3.9189842105802737e-07 0.0 0.0 6.956114607846507e-06 -1.769714841442267e-05 0.0 3.0379962134208385e-07 0.0 0.0 1.4265295520770901e-05 1.3404763523861083e-05 0.0 -5.348606238220916e-06 0.0 0.0 2.1607404175623286e-05 3.310834828178109e-05 0.0 -1.5808803984603714e-05 0.0 0.0 2.7921784824164258e-05 3.9492130040338836e-05 0.0 -2.8026719704286638e-05 0.0 0.0 3.2719602347788574e-05 3.2719602343747854e-05 0.0 -3.807135432169626e-05 0.0 0.0 3.593641445476135e-05 1.5893000374461907e-05 0.0 -4.236799203610979e-05 0.0 0.0 3.780208717400989e-05 -5.421637131870965e-06 0.0 -3.8773753977389105e-05 0.0 0.0 3.870670511888919e-05 -2.4627944150179997e-05 0.0 -2.721559103972275e-05 0.0 0.0 3.904020065638548e-05 -3.59220870517859e-05 0.0 -9.790209882398151e-06 0.0 0.0 3.9040200656496856e-05 -3.592208705191436e-05 0.0 9.790209881223117e-06 0.0 0.0 3.87067051193509e-05 -2.462794414975919e-05 0.0 2.7215591038808772e-05 0.0 0.0 3.7802087174699644e-05 -5.421637131435252e-06 0.0 3.8773753976945266e-05 0.0 0.0 3.593641445532203e-05 1.5893000374821287e-05 0.0 4.2367992035968505e-05 0.0 0.0 3.2719602348264274e-05 3.2719602344236876e-05 0.0 3.807135432150064e-05 0.0 0.0 2.7921784824615326e-05 3.9492130040767346e-05 0.0 2.8026719704503685e-05 0.0 0.0 2.160740417593111e-05 3.310834828211729e-05 0.0 1.5808803985113004e-05 0.0 0.0 1.4265295520905744e-05 1.3404763523562159e-05 0.0 5.348606238909892e-06 0.0 0.0 6.956114607883512e-06 -1.7697148414764958e-05 0.0 -3.0379962053201034e-07 0.0 0.0 1.7053133391881874e-06 -5.874712523545367e-05 0.0 -3.9189842064304644e-07 0.0 0.0 1.907118959437384e-06 -5.4411466813250535e-05 0.0 6.548654739297077e-06 0.0 0.0 7.751591756475487e-06 -1.784898426572426e-05 0.0 1.43391805631515e-05 0.0 0.0 1.6025880790480437e-05 9.266681454797526e-06 0.0 1.088768976697507e-05 0.0 0.0 2.469625897076515e-05 2.655678749455128e-05 0.0 -3.4377455617121926e-07 0.0 0.0 3.2706822581365444e-05 3.2706822577199763e-05 0.0 -1.4917200329247927e-05 0.0 0.0 3.949213004563532e-05 2.7921784821140607e-05 0.0 -2.8026719702082516e-05 0.0 0.0 4.477214580882766e-05 1.4799178976984819e-05 0.0 -3.545205898291368e-05 0.0 0.0 4.85135137687503e-05 -2.0985838923669467e-06 0.0 -3.454427735907728e-05 0.0 0.0 5.085184911727277e-05 -1.74139442758745e-05 0.0 -2.5037845209324883e-05 0.0 0.0 5.19619881803994e-05 -2.6440379503521633e-05 0.0 -9.132510645130949e-06 0.0 0.0 5.196198818069081e-05 -2.6440379503465092e-05 0.0 9.13251064477527e-06 0.0 0.0 5.0851849117927675e-05 -1.7413944275491774e-05 0.0 2.5037845209048994e-05 0.0 0.0 4.8513513769506086e-05 -2.098583891723206e-06 0.0 3.4544277358701856e-05 0.0 0.0 4.4772145809670684e-05 1.4799178977369165e-05 0.0 3.545205898269817e-05 0.0 0.0 3.949213004656558e-05 2.7921784821633326e-05 0.0 2.8026719702018707e-05 0.0 0.0 3.270682258224297e-05 3.2706822577817616e-05 0.0 1.4917200329194801e-05 0.0 0.0 2.4696258971468475e-05 2.6556787494957856e-05 0.0 3.4377455634329867e-07 0.0 0.0 1.602588079101056e-05 9.26668145459534e-06 0.0 -1.0887689766585862e-05 0.0 0.0 7.751591756769882e-06 -1.784898426604847e-05 0.0 -1.4339180562626153e-05 0.0 0.0 1.9071189595071783e-06 -5.441146681404858e-05 0.0 -6.548654738981751e-06 0.0 0.0 1.4203721172978608e-06 -4.3960083357370546e-05 0.0 1.2321176913815172e-05 0.0 0.0 5.855978238749225e-06 -1.571364533603394e-05 0.0 2.760280151982809e-05 0.0 0.0 1.2307193535294203e-05 5.553127609120762e-06 0.0 2.6628896367352454e-05 0.0 0.0 1.9427612744574744e-05 1.942761274170928e-05 0.0 1.5543125123258634e-05 0.0 0.0 2.655678749848649e-05 2.4696258967781025e-05 0.0 -3.4377455387959746e-07 0.0 0.0 3.310834828674109e-05 2.1607404173503315e-05 0.0 -1.580880398026987e-05 0.0 0.0 3.865028294646952e-05 1.2208388778710701e-05 0.0 -2.604161303017221e-05 0.0 0.0 4.2946402929168104e-05 -8.325914492846123e-08 0.0 -2.800368252594584e-05 0.0 0.0 4.586118914103653e-05 -1.1277721706559268e-05 0.0 -2.1227868891703188e-05 0.0 0.0 4.7331560911483444e-05 -1.7888836539639984e-05 0.0 -7.885515536979781e-06 0.0 0.0 4.733156091163213e-05 -1.7888836539643016e-05 0.0 7.885515537506438e-06 0.0 0.0 4.5861189141441164e-05 -1.1277721706308492e-05 0.0 2.1227868891799932e-05 0.0 0.0 4.29464029298283e-05 -8.32591442532578e-08 0.0 2.800368252594689e-05 0.0 0.0 3.865028294739556e-05 1.2208388779215055e-05 0.0 2.604161303031549e-05 0.0 0.0 3.31083482877729e-05 2.1607404173829548e-05 0.0 1.58088039802465e-05 0.0 0.0 2.6556787499508798e-05 2.4696258968444205e-05 0.0 3.437745536569019e-07 0.0 0.0 1.9427612745522682e-05 1.9427612742225227e-05 0.0 -1.5543125123423135e-05 0.0 0.0 1.230719353601083e-05 5.553127608930428e-06 0.0 -2.6628896367438902e-05 0.0 0.0 5.855978239137614e-06 -1.5713645336355853e-05 0.0 -2.7602801519985434e-05 0.0 0.0 1.4203721174053135e-06 -4.3960083358240916e-05 0.0 -1.2321176913911368e-05 0.0 0.0 2.3367942243076796e-07 -2.8900414668734206e-05 0.0 1.5412254950715556e-05 0.0 0.0 1.0250007916089895e-06 -1.1761395811742792e-05 0.0 3.485270750399369e-05 0.0 0.0 2.7144498237031633e-06 2.7144498226211817e-06 0.0 3.622743470959875e-05 0.0 0.0 5.553127610862616e-06 1.2307193533589647e-05 0.0 2.6628896369164823e-05 0.0 0.0 9.266681457164226e-06 1.602588078853386e-05 0.0 1.0887689770889456e-05 0.0 0.0 1.3404763526581792e-05 1.426529551946747e-05 0.0 -5.348606232608377e-06 0.0 0.0 1.759974712194786e-05 8.390670274744432e-06 0.0 -1.7057010203275385e-05 0.0 0.0 2.1381587183678596e-05 6.283490682970592e-07 0.0 -2.1094885732563674e-05 0.0 0.0 2.4261257714180695e-05 -6.465942845915078e-06 0.0 -1.6869471196764834e-05 0.0 0.0 2.5820617109655667e-05 -1.0660578494602029e-05 0.0 -6.396344192282114e-06 0.0 0.0 2.582061710962827e-05 -1.0660578494754532e-05 0.0 6.396344193109266e-06 0.0 0.0 2.4261257714351714e-05 -6.465942845779249e-06 0.0 1.6869471197549895e-05 0.0 0.0 2.1381587184256727e-05 6.283490689648157e-07 0.0 2.109488573322163e-05 0.0 0.0 1.7599747122655425e-05 8.390670275114643e-06 0.0 1.7057010203535095e-05 0.0 0.0 1.3404763527235454e-05 1.426529551966595e-05 0.0 5.348606232565973e-06 0.0 0.0 9.26668145784868e-06 1.6025880789131273e-05 0.0 -1.0887689771040923e-05 0.0 0.0 5.553127611489412e-06 1.2307193534016537e-05 0.0 -2.6628896369692704e-05 0.0 0.0 2.7144498240742764e-06 2.7144498224407653e-06 0.0 -3.622743471032861e-05 0.0 0.0 1.025000791743452e-06 -1.1761395812085317e-05 0.0 -3.48527075046309e-05 0.0 0.0 2.3367942246120018e-07 -2.8900414669362146e-05 0.0 -1.541225495101396e-05 0.0 0.0 -1.8503801077389927e-06 -1.3350124103790334e-05 0.0 1.308675626370529e-05 0.0 0.0 -6.602480075235887e-06 -6.60248007562742e-06 0.0 3.131382264974853e-05 0.0 0.0 -1.1761395811083993e-05 1.025000791131152e-06 0.0 3.4852707504782365e-05 0.0 0.0 -1.5713645335422348e-05 5.855978238055791e-06 0.0 2.7602801521983893e-05 0.0 0.0 -1.7848984265669886e-05 7.7515917554324e-06 0.0 1.433918056688331e-05 0.0 0.0 -1.7697148415135613e-05 6.9561146072238364e-06 0.0 3.0379962648138203e-07 0.0 0.0 -1.5570482273296214e-05 4.165820063084914e-06 0.0 -1.022483777269645e-05 0.0 0.0 -1.2374251035920428e-05 4.589915115701332e-07 0.0 -1.4555917011505456e-05 0.0 0.0 -9.302696030276168e-06 -2.934298173527201e-06 0.0 -1.2170640135100835e-05 0.0 0.0 -7.444891937716452e-06 -4.9418063639966e-06 0.0 -4.687257707997339e-06 0.0 0.0 -7.444891937643962e-06 -4.941806364104587e-06 0.0 4.687257708958734e-06 0.0 0.0 -9.3026960301888e-06 -2.9342981734002007e-06 0.0 1.2170640136267287e-05 0.0 0.0 -1.2374251035996505e-05 4.589915119697971e-07 0.0 1.4555917012325548e-05 0.0 0.0 -1.5570482273447562e-05 4.165820063206906e-06 0.0 1.0224837772923265e-05 0.0 0.0 -1.7697148415215535e-05 6.956114607372271e-06 0.0 -3.037996264768381e-07 0.0 0.0 -1.7848984265787386e-05 7.751591755827542e-06 0.0 -1.4339180567172548e-05 0.0 0.0 -1.571364533564739e-05 5.855978238222207e-06 0.0 -2.760280152279894e-05 0.0 0.0 -1.1761395811298323e-05 1.02500079102193e-06 0.0 -3.485270750578804e-05 0.0 0.0 -6.6024800753683405e-06 -6.6024800758426645e-06 0.0 -3.1313822650444866e-05 0.0 0.0 -1.8503801077838454e-06 -1.3350124104088564e-05 0.0 -1.3086756263957914e-05 0.0 0.0 -2.9565222805740206e-06 -2.956522280612481e-06 0.0 4.741460423938863e-06 0.0 0.0 -1.3350124103765487e-05 -1.8503801078522185e-06 0.0 1.30867562639138e-05 0.0 0.0 -2.8900414668979815e-05 2.3367942233182201e-07 0.0 1.54122549512571e-05 0.0 0.0 -4.396008335824169e-05 1.4203721171677834e-06 0.0 1.2321176914809402e-05 0.0 0.0 -5.441146681525291e-05 1.9071189591264512e-06 0.0 6.548654740900225e-06 0.0 0.0 -5.874712523881721e-05 1.7053133390296826e-06 0.0 3.9189842344914886e-07 0.0 0.0 -5.755518169407896e-05 1.017227071142089e-06 0.0 -4.239048411792224e-06 0.0 0.0 -5.2933804337404274e-05 9.697462603997748e-08 0.0 -6.180725852452704e-06 0.0 0.0 -4.766165488940922e-05 -7.431478545223028e-07 0.0 -5.20181509992562e-06 0.0 0.0 -4.4275876972222935e-05 -1.2412201329648e-06 0.0 -2.0082027393189032e-06 0.0 0.0 -4.427587697251611e-05 -1.2412201329867759e-06 0.0 2.008202739929834e-06 0.0 0.0 -4.7661654890267764e-05 -7.431478544525455e-07 0.0 5.201815100501517e-06 0.0 0.0 -5.2933804338689955e-05 9.697462612990926e-08 0.0 6.180725852787586e-06 0.0 0.0 -5.755518169559043e-05 1.0172270711577563e-06 0.0 4.239048411952848e-06 0.0 0.0 -5.874712524042552e-05 1.7053133390774527e-06 0.0 -3.918984233840277e-07 0.0 0.0 -5.44114668167677e-05 1.9071189592590373e-06 0.0 -6.548654741113315e-06 0.0 0.0 -4.396008335940188e-05 1.4203721171810873e-06 0.0 -1.2321176915260832e-05 0.0 0.0 -2.8900414669664912e-05 2.3367942230270833e-07 0.0 -1.5412254951726364e-05 0.0 0.0 -1.335012410404688e-05 -1.8503801079040559e-06 0.0 -1.308675626422335e-05 0.0 0.0 -2.956522280628838e-06 -2.956522280682864e-06 0.0 -4.741460424030406e-06 0.0 0.0 9.675182891443306e-08 0.0 -2.666763375654315e-06 0.0 -7.008419515788993e-07 0.0 2.5349400242180013e-08 0.0 -1.1825336894752683e-05 0.0 -1.5393495663660557e-06 0.0 -3.7985908749351404e-09 0.0 -2.6705810105042018e-05 0.0 -1.5651723676983828e-06 0.0 -1.0889823977322205e-08 0.0 -4.216621379180112e-05 0.0 -1.549980463868954e-06 0.0 -2.89702076243313e-08 0.0 -5.3658474110891395e-05 0.0 -1.4165022399261557e-06 0.0 -2.3123380754114687e-08 0.0 -5.948590697044841e-05 0.0 -1.1969270100212866e-06 0.0 -2.403608816839563e-08 0.0 -5.9950281942598046e-05 0.0 -9.602774556573302e-07 0.0 -1.4488638412756193e-08 0.0 -5.6896603723590155e-05 0.0 -6.918903741004176e-07 0.0 -1.0659593975999822e-08 0.0 -5.28420224430148e-05 0.0 -4.2363817211499895e-07 0.0 -6.1349053667312834e-09 0.0 -5.012273262450103e-05 0.0 -1.3893391057938738e-07 0.0 -6.134905370493563e-09 0.0 -5.012273262393682e-05 0.0 1.3893391047951666e-07 0.0 -1.0659593974073176e-08 0.0 -5.284202244165083e-05 0.0 4.2363817206634903e-07 0.0 -1.4488638412439986e-08 0.0 -5.689660372181271e-05 0.0 6.918903740351042e-07 0.0 -2.4036088164346364e-08 0.0 -5.9950281940208295e-05 0.0 9.602774555227146e-07 0.0 -2.3123380756547845e-08 0.0 -5.9485906967706826e-05 0.0 1.1969270099222041e-06 0.0 -2.897020761833651e-08 0.0 -5.365847410857545e-05 0.0 1.4165022398175105e-06 0.0 -1.0889823979659934e-08 0.0 -4.216621378981198e-05 0.0 1.5499804636878021e-06 0.0 -3.7985908718852e-09 0.0 -2.670581010345174e-05 0.0 1.5651723675532486e-06 0.0 2.5349400240439424e-08 0.0 -1.182533689398833e-05 0.0 1.5393495662073933e-06 0.0 9.675182890531651e-08 0.0 -2.666763375477524e-06 0.0 7.008419515054099e-07 0.0 0.0 9.675182890720295e-08 -2.666763375553896e-06 0.0 0.0 -7.008419515166403e-07 0.0 2.5349400238091366e-08 -1.1825336894464318e-05 0.0 0.0 -1.5393495661893202e-06 0.0 -3.798590869818578e-09 -2.670581010468805e-05 0.0 0.0 -1.5651723675209806e-06 0.0 -1.0889823977712089e-08 -4.2166213791687535e-05 0.0 0.0 -1.5499804637191644e-06 0.0 -2.8970207619893013e-08 -5.365847411167883e-05 0.0 0.0 -1.4165022397704422e-06 0.0 -2.312338075099999e-08 -5.948590697307608e-05 0.0 0.0 -1.1969270098935897e-06 0.0 -2.4036088168419236e-08 -5.995028194797045e-05 0.0 0.0 -9.602774555176072e-07 0.0 -1.4488638411718883e-08 -5.689660373215382e-05 0.0 0.0 -6.918903739691167e-07 0.0 -1.0659593975212355e-08 -5.2842022454355907e-05 0.0 0.0 -4.2363817204504107e-07 0.0 -6.134905370758939e-09 -5.012273263771879e-05 0.0 0.0 -1.3893391052401133e-07 0.0 -6.134905371540421e-09 -5.0122732638186215e-05 0.0 0.0 1.3893391054811966e-07 0.0 -1.0659593974764838e-08 -5.284202245556771e-05 0.0 0.0 4.236381720534412e-07 0.0 -1.448863841384906e-08 -5.689660373379994e-05 0.0 0.0 6.918903739823847e-07 0.0 -2.403608816714329e-08 -5.99502819498064e-05 0.0 0.0 9.602774555269284e-07 0.0 -2.3123380754214415e-08 -5.9485906974976964e-05 0.0 0.0 1.196927009922294e-06 0.0 -2.8970207618400223e-08 -5.365847411343712e-05 0.0 0.0 1.4165022397956122e-06 0.0 -1.0889823978686243e-08 -4.2166213792917176e-05 0.0 0.0 1.5499804637212947e-06 0.0 -3.798590871289815e-09 -2.670581010544139e-05 0.0 0.0 1.5651723675706534e-06 0.0 2.5349400241506897e-08 -1.182533689490491e-05 0.0 0.0 1.5393495662128133e-06 0.0 9.675182890762029e-08 -2.6667633756791568e-06 0.0 0.0 7.008419515082846e-07 9.675182890893753e-08 0.0 -2.6667633754871454e-06 0.0 7.008419515406606e-07 0.0 2.5349400240427e-08 0.0 -1.1825336894217023e-05 0.0 1.539349566258747e-06 0.0 -3.798590872426646e-09 0.0 -2.6705810104004538e-05 0.0 1.5651723676085458e-06 0.0 -1.0889823978589317e-08 0.0 -4.216621379034357e-05 0.0 1.54998046377344e-06 0.0 -2.8970207620239115e-08 0.0 -5.365847410912025e-05 0.0 1.416502239866337e-06 0.0 -2.3123380755469774e-08 0.0 -5.948590696828092e-05 0.0 1.1969270099896675e-06 0.0 -2.4036088168647518e-08 0.0 -5.9950281940272195e-05 0.0 9.60277455585015e-07 0.0 -1.4488638410706689e-08 0.0 -5.689660372143003e-05 0.0 6.918903740382967e-07 0.0 -1.0659593974312055e-08 0.0 -5.284202244110234e-05 0.0 4.236381720898377e-07 0.0 -6.134905367823084e-09 0.0 -5.01227326229384e-05 0.0 1.3893391055038267e-07 0.0 -6.134905370381296e-09 0.0 -5.0122732623267484e-05 0.0 -1.389339105628595e-07 0.0 -1.0659593972663225e-08 0.0 -5.2842022442061976e-05 0.0 -4.2363817210864853e-07 0.0 -1.4488638411653081e-08 0.0 -5.689660372283329e-05 0.0 -6.918903740341502e-07 0.0 -2.4036088169424684e-08 0.0 -5.9950281942033604e-05 0.0 -9.602774556054888e-07 0.0 -2.3123380754886357e-08 0.0 -5.948590697034886e-05 0.0 -1.1969270099995325e-06 0.0 -2.8970207623457592e-08 0.0 -5.365847411117949e-05 0.0 -1.4165022398835766e-06 0.0 -1.088982397945691e-08 0.0 -4.216621379220262e-05 0.0 -1.5499804638313668e-06 0.0 -3.7985908726235346e-09 0.0 -2.6705810105313827e-05 0.0 -1.5651723676423314e-06 0.0 2.534940024210896e-08 0.0 -1.1825336894822604e-05 0.0 -1.539349566297074e-06 0.0 9.675182891128756e-08 0.0 -2.6667633756624804e-06 0.0 -7.008419515466248e-07 0.0 0.0 9.675182891308843e-08 -2.666763375658051e-06 0.0 0.0 7.008419515650792e-07 0.0 2.5349400239910772e-08 -1.1825336895029988e-05 0.0 0.0 1.5393495662894877e-06 0.0 -3.798590869811683e-09 -2.6705810105930908e-05 0.0 0.0 1.565172367643164e-06 0.0 -1.0889823980303351e-08 -4.2166213793614996e-05 0.0 0.0 1.5499804638110118e-06 0.0 -2.897020762120495e-08 -5.365847411401364e-05 0.0 0.0 1.4165022398554737e-06 0.0 -2.3123380754184885e-08 -5.948590697527785e-05 0.0 0.0 1.1969270099554745e-06 0.0 -2.403608816801545e-08 -5.995028194955987e-05 0.0 0.0 9.602774555777919e-07 0.0 -1.4488638414611506e-08 -5.689660373322172e-05 0.0 0.0 6.918903739692182e-07 0.0 -1.065959397237873e-08 -5.284202245483864e-05 0.0 0.0 4.2363817208611216e-07 0.0 -6.134905374456438e-09 -5.012273263736677e-05 0.0 0.0 1.3893391053984441e-07 0.0 -6.1349053663287e-09 -5.012273263743427e-05 0.0 0.0 -1.389339105440286e-07 0.0 -1.0659593978295261e-08 -5.2842022454772565e-05 0.0 0.0 -4.236381720413267e-07 0.0 -1.4488638411163628e-08 -5.6896603733326894e-05 0.0 0.0 -6.918903740064587e-07 0.0 -2.403608817014648e-08 -5.995028194995706e-05 0.0 0.0 -9.602774555566019e-07 0.0 -2.3123380753646357e-08 -5.948590697578635e-05 0.0 0.0 -1.1969270099774008e-06 0.0 -2.8970207621781622e-08 -5.3658474114572885e-05 0.0 0.0 -1.4165022398445334e-06 0.0 -1.0889823979685407e-08 -4.216621379405902e-05 0.0 0.0 -1.5499804638163123e-06 0.0 -3.798590871133068e-09 -2.6705810106369383e-05 0.0 0.0 -1.565172367649811e-06 0.0 2.534940024026456e-08 -1.1825336895409384e-05 0.0 0.0 -1.5393495663061434e-06 0.0 9.675182891388383e-08 -2.666763375833806e-06 0.0 0.0 -7.008419515554553e-07</DataArray>
      </CellData>
    </Piece>
  </UnstructuredGrid>
</VTKFile>