<?xml version='1.0' encoding='utf-8'?>
<VTKFile type="UnstructuredGrid" version="0.1" byte_order="LittleEndian">
  <UnstructuredGrid>
    <Piece NumberOfPoints="6596" NumberOfCells="4788">
      <Points>
        <DataArray type="Float64" Name="" NumberOfComponents="3" format="ascii">-30.0 -30.0 -30.0 -30.0 0.0 -30.0 -30.0 1000.0 -30.0 -30.0 1030.0 -30.0 0.0 -30.0 -30.0 0.0 0.0 -30.0 0.0 1000.0 -30.0 0.0 1030.0 -30.0 1000.0 -30.0 -30.0 1000.0 0.0 -30.0 1000.0 1000.0 -30.0 1000.0 1030.0 -30.0 1030.0 -30.0 -30.0 1030.0 0.0 -30.0 1030.0 1000.0 -30.0 1030.0 1030.0 -30.0 -30.0 -30.0 0.0 0.0 -30.0 0.0 0.0 0.0 0.0 -30.0 0.0 0.0 0.0 1000.0 0.0 -30.0 1000.0 0.0 0.0 1030.0 0.0 -30.0 1030.0 0.0 1000.0 -30.0 0.0 1000.0 0.0 0.0 1000.0 1000.0 0.0 1000.0 1030.0 0.0 1030.0 -30.0 0.0 1030.0 0.0 0.0 1030.0 1000.0 0.0 1030.0 1030.0 0.0 -38.7488663525924 -38.7488663525924 100.0 -8.748866352592401 -38.7488663525924 100.0 -8.748866352592401 -8.748866352592401 100.0 -38.7488663525924 -8.748866352592401 100.0 -8.748866352592401 1008.7488663525924 100.0 -38.7488663525924 1008.7488663525924 100.0 -8.748866352592401 1038.7488663525924 100.0 -38.7488663525924 1038.7488663525924 100.0 1008.7488663525924 -38.7488663525924 100.0 1008.7488663525924 -8.748866352592401 100.0 1008.7488663525924 1008.7488663525924 100.0 1008.7488663525924 1038.7488663525924 100.0 1038.7488663525924 -38.7488663525924 100.0 1038.7488663525924 -8.748866352592401 100.0 1038.7488663525924 1008.7488663525924 100.0 1038.7488663525924 1038.7488663525924 100.0 -20.0 -30.0 -30.0 -10.0 -30.0 -30.0 -20.0 0.0 -30.0 -10.0 0.0 -30.0 -20.0 1000.0 -30.0 -10.0 1000.0 -30.0 -20.0 1030.0 -30.0 -10.0 1030.0 -30.0 50.0 -30.0 -30.0 100.0 -30.0 -30.0 150.00000000000003 -30.0 -30.0 200.0 -30.0 -30.0 250.0 -30.0 -30.0 300.00000000000006 -30.0 -30.0 350.00000000000006 -30.0 -30.0 400.0 -30.0 -30.0 450.0 -30.0 -30.0 500.0 -30.0 -30.0 550.0 -30.0 -30.0 600.0000000000001 -30.0 -30.0 650.0 -30.0 -30.0 700.0000000000001 -30.0 -30.0 750.0 -30.0 -30.0 800.0 -30.0 -30.0 850.0000000000001 -30.0 -30.0 900.0 -30.0 -30.0 950.0000000000001 -30.0 -30.0 50.0 0.0 -30.0 100.0 0.0 -30.0 150.00000000000003 0.0 -30.0 200.0 0.0 -30.0 250.0 0.0 -30.0 300.00000000000006 0.0 -30.0 350.00000000000006 0.0 -30.0 400.0 0.0 -30.0 450.0 0.0 -30.0 500.0 0.0 -30.0 550.0 0.0 -30.0 600.0000000000001 0.0 -30.0 650.0 0.0 -30.0 700.0000000000001 0.0 -30.0 750.0 0.0 -30.0 800.0 0.0 -30.0 850.0000000000001 0.0 -30.0 900.0 0.0 -30.0 950.0000000000001 0.0 -30.0 50.0 1000.0 -30.0 100.0 1000.0 -30.0 150.00000000000003 1000.0 -30.0 200.0 1000.0 -30.0 250.0 1000.0 -30.0 300.00000000000006 1000.0 -30.0 350.00000000000006 1000.0 -30.0 400.0 1000.0 -30.0 450.0 1000.0 -30.0 500.0 1000.0 -30.0 550.0 1000.0 -30.0 600.0000000000001 1000.0 -30.0 650.0 1000.0 -30.0 700.0000000000001 1000.0 -30.0 750.0 1000.0 -30.0 800.0 1000.0 -30.0 850.0000000000001 1000.0 -30.0 900.0 1000.0 -30.0 950.0000000000001 1000.0 -30.0 50.0 1030.0 -30.0 100.0 1030.0 -30.0 150.00000000000003 1030.0 -30.0 200.0 1030.0 -30.0 250.0 1030.0 -30.0 300.00000000000006 1030.0 -30.0 350.00000000000006 1030.0 -30.0 400.0 1030.0 -30.0 450.0 1030.0 -30.0 500.0 1030.0 -30.0 550.0 1030.0 -30.0 600.0000000000001 1030.0 -30.0 650.0 1030.0 -30.0 700.0000000000001 1030.0 -30.0 750.0 1030.0 -30.0 800.0 1030.0 -30.0 850.0000000000001 1030.0 -30.0 900.0 1030.0 -30.0 950.0000000000001 1030.0 -30.0 1010.0 -30.0 -30.0 1020.0 -30.0 -30.0 1010.0 0.0 -30.0 1020.0 0.0 -30.0 1010.0 1000.0 -30.0 1020.0 1000.0 -30.0 1010.0 1030.0 -30.0 1020.0 1030.0 -30.0 -30.0 -20.0 -30.0 -30.0 -10.0 -30.0 -30.0 50.0 -30.0 -30.0 100.0 -30.0 -30.0 150.00000000000003 -30.0 -30.0 200.0 -30.0 -30.0 250.0 -30.0 -30.0 300.00000000000006 -30.0 -30.0 350.00000000000006 -30.0 -30.0 400.0 -30.0 -30.0 450.0 -30.0 -30.0 500.0 -30.0 -30.0 550.0 -30.0 -30.0 600.0000000000001 -30.0 -30.0 650.0 -30.0 -30.0 700.0000000000001 -30.0 -30.0 750.0 -30.0 -30.0 800.0 -30.0 -30.0 850.0000000000001 -30.0 -30.0 900.0 -30.0 -30.0 950.0000000000001 -30.0 -30.0 1010.0 -30.0 -30.0 1020.0 -30.0 0.0 -20.0 -30.0 0.0 -10.0 -30.0 0.0 50.0 -30.0 0.0 100.0 -30.0 0.0 150.00000000000003 -30.0 0.0 200.0 -30.0 0.0 250.0 -30.0 0.0 300.00000000000006 -30.0 0.0 350.00000000000006 -30.0 0.0 400.0 -30.0 0.0 450.0 -30.0 0.0 500.0 -30.0 0.0 550.0 -30.0 0.0 600.0000000000001 -30.0 0.0 650.0 -30.0 0.0 700.0000000000001 -30.0 0.0 750.0 -30.0 0.0 800.0 -30.0 0.0 850.0000000000001 -30.0 0.0 900.0 -30.0 0.0 950.0000000000001 -30.0 0.0 1010.0 -30.0 0.0 1020.0 -30.0 1000.0 -20.0 -30.0 1000.0 -10.0 -30.0 1000.0 50.0 -30.0 1000.0 100.0 -30.0 1000.0 150.00000000000003 -30.0 1000.0 200.0 -30.0 1000.0 250.0 -30.0 1000.0 300.00000000000006 -30.0 1000.0 350.00000000000006 -30.0 1000.0 400.0 -30.0 1000.0 450.0 -30.0 1000.0 500.0 -30.0 1000.0 550.0 -30.0 1000.0 600.0000000000001 -30.0 1000.0 650.0 -30.0 1000.0 700.0000000000001 -30.0 1000.0 750.0 -30.0 1000.0 800.0 -30.0 1000.0 850.0000000000001 -30.0 1000.0 900.0 -30.0 1000.0 950.0000000000001 -30.0 1000.0 1010.0 -30.0 1000.0 1020.0 -30.0 1030.0 -20.0 -30.0 1030.0 -10.0 -30.0 1030.0 50.0 -30.0 1030.0 100.0 -30.0 1030.0 150.00000000000003 -30.0 1030.0 200.0 -30.0 1030.0 250.0 -30.0 1030.0 300.00000000000006 -30.0 1030.0 350.00000000000006 -30.0 1030.0 400.0 -30.0 1030.0 450.0 -30.0 1030.0 500.0 -30.0 1030.0 550.0 -30.0 1030.0 600.0000000000001 -30.0 1030.0 650.0 -30.0 1030.0 700.0000000000001 -30.0 1030.0 750.0 -30.0 1030.0 800.0 -30.0 1030.0 850.0000000000001 -30.0 1030.0 900.0 -30.0 1030.0 950.0000000000001 -30.0 1030.0 1010.0 -30.0 1030.0 1020.0 -30.0 -30.0 -30.0 -20.0 -30.0 -30.0 -10.0 0.0 -30.0 -20.0 0.0 -30.0 -10.0 -20.0 -30.0 0.0 -10.0 -30.0 0.0 0.0 0.0 -20.0 0.0 0.0 -10.0 0.0 -20.0 0.0 0.0 -10.0 0.0 -30.0 0.0 -20.0 -30.0 0.0 -10.0 -20.0 0.0 0.0 -10.0 0.0 0.0 -30.0 -20.0 0.0 -30.0 -10.0 0.0 0.0 1000.0 -20.0 0.0 1000.0 -10.0 0.0 50.0 0.0 0.0 100.0 0.0 0.0 150.00000000000003 0.0 0.0 200.0 0.0 0.0 250.0 0.0 0.0 300.00000000000006 0.0 0.0 350.00000000000006 0.0 0.0 400.0 0.0 0.0 450.0 0.0 0.0 500.0 0.0 0.0 550.0 0.0 0.0 600.0000000000001 0.0 0.0 650.0 0.0 0.0 700.0000000000001 0.0 0.0 750.0 0.0 0.0 800.0 0.0 0.0 850.0000000000001 0.0 0.0 900.0 0.0 0.0 950.0000000000001 0.0 -30.0 1000.0 -20.0 -30.0 1000.0 -10.0 -20.0 1000.0 0.0 -10.0 1000.0 0.0 -30.0 50.0 0.0 -30.0 100.0 0.0 -30.0 150.00000000000003 0.0 -30.0 200.0 0.0 -30.0 250.0 0.0 -30.0 300.00000000000006 0.0 -30.0 350.00000000000006 0.0 -30.0 400.0 0.0 -30.0 450.0 0.0 -30.0 500.0 0.0 -30.0 550.0 0.0 -30.0 600.0000000000001 0.0 -30.0 650.0 0.0 -30.0 700.0000000000001 0.0 -30.0 750.0 0.0 -30.0 800.0 0.0 -30.0 850.0000000000001 0.0 -30.0 900.0 0.0 -30.0 950.0000000000001 0.0 0.0 1030.0 -20.0 0.0 1030.0 -10.0 0.0 1010.0 0.0 0.0 1020.0 0.0 -30.0 1030.0 -20.0 -30.0 1030.0 -10.0 -20.0 1030.0 0.0 -10.0 1030.0 0.0 -30.0 1010.0 0.0 -30.0 1020.0 0.0 1000.0 -30.0 -20.0 1000.0 -30.0 -10.0 50.0 -30.0 0.0 100.0 -30.0 0.0 150.00000000000003 -30.0 0.0 200.0 -30.0 0.0 250.0 -30.0 0.0 300.00000000000006 -30.0 0.0 350.00000000000006 -30.0 0.0 400.0 -30.0 0.0 450.0 -30.0 0.0 500.0 -30.0 0.0 550.0 -30.0 0.0 600.0000000000001 -30.0 0.0 650.0 -30.0 0.0 700.0000000000001 -30.0 0.0 750.0 -30.0 0.0 800.0 -30.0 0.0 850.0000000000001 -30.0 0.0 900.0 -30.0 0.0 950.0000000000001 -30.0 0.0 1000.0 0.0 -20.0 1000.0 0.0 -10.0 1000.0 -20.0 0.0 1000.0 -10.0 0.0 50.0 0.0 0.0 100.0 0.0 0.0 150.00000000000003 0.0 0.0 200.0 0.0 0.0 250.0 0.0 0.0 300.00000000000006 0.0 0.0 350.00000000000006 0.0 0.0 400.0 0.0 0.0 450.0 0.0 0.0 500.0 0.0 0.0 550.0 0.0 0.0 600.0000000000001 0.0 0.0 650.0 0.0 0.0 700.0000000000001 0.0 0.0 750.0 0.0 0.0 800.0 0.0 0.0 850.0000000000001 0.0 0.0 900.0 0.0 0.0 950.0000000000001 0.0 0.0 1000.0 1000.0 -20.0 1000.0 1000.0 -10.0 1000.0 50.0 0.0 1000.0 100.0 0.0 1000.0 150.00000000000003 0.0 1000.0 200.0 0.0 1000.0 250.0 0.0 1000.0 300.00000000000006 0.0 1000.0 350.00000000000006 0.0 1000.0 400.0 0.0 1000.0 450.0 0.0 1000.0 500.0 0.0 1000.0 550.0 0.0 1000.0 600.0000000000001 0.0 1000.0 650.0 0.0 1000.0 700.0000000000001 0.0 1000.0 750.0 0.0 1000.0 800.0 0.0 1000.0 850.0000000000001 0.0 1000.0 900.0 0.0 1000.0 950.0000000000001 0.0 50.0 1000.0 0.0 100.0 1000.0 0.0 150.00000000000003 1000.0 0.0 200.0 1000.0 0.0 250.0 1000.0 0.0 300.00000000000006 1000.0 0.0 350.00000000000006 1000.0 0.0 400.0 1000.0 0.0 450.0 1000.0 0.0 500.0 1000.0 0.0 550.0 1000.0 0.0 600.0000000000001 1000.0 0.0 650.0 1000.0 0.0 700.0000000000001 1000.0 0.0 750.0 1000.0 0.0 800.0 1000.0 0.0 850.0000000000001 1000.0 0.0 900.0 1000.0 0.0 950.0000000000001 1000.0 0.0 1000.0 1030.0 -20.0 1000.0 1030.0 -10.0 1000.0 1010.0 0.0 1000.0 1020.0 0.0 50.0 1030.0 0.0 100.0 1030.0 0.0 150.00000000000003 1030.0 0.0 200.0 1030.0 0.0 250.0 1030.0 0.0 300.00000000000006 1030.0 0.0 350.00000000000006 1030.0 0.0 400.0 1030.0 0.0 450.0 1030.0 0.0 500.0 1030.0 0.0 550.0 1030.0 0.0 600.0000000000001 1030.0 0.0 650.0 1030.0 0.0 700.0000000000001 1030.0 0.0 750.0 1030.0 0.0 800.0 1030.0 0.0 850.0000000000001 1030.0 0.0 900.0 1030.0 0.0 950.0000000000001 1030.0 0.0 1030.0 -30.0 -20.0 1030.0 -30.0 -10.0 1010.0 -30.0 0.0 1020.0 -30.0 0.0 1030.0 0.0 -20.0 1030.0 0.0 -10.0 1030.0 -20.0 0.0 1030.0 -10.0 0.0 1010.0 0.0 0.0 1020.0 0.0 0.0 1030.0 1000.0 -20.0 1030.0 1000.0 -10.0 1030.0 50.0 0.0 1030.0 100.0 0.0 1030.0 150.00000000000003 0.0 1030.0 200.0 0.0 1030.0 250.0 0.0 1030.0 300.00000000000006 0.0 1030.0 350.00000000000006 0.0 1030.0 400.0 0.0 1030.0 450.0 0.0 1030.0 500.0 0.0 1030.0 550.0 0.0 1030.0 600.0000000000001 0.0 1030.0 650.0 0.0 1030.0 700.0000000000001 0.0 1030.0 750.0 0.0 1030.0 800.0 0.0 1030.0 850.0000000000001 0.0 1030.0 900.0 0.0 1030.0 950.0000000000001 0.0 1010.0 1000.0 0.0 1020.0 1000.0 0.0 1030.0 1030.0 -20.0 1030.0 1030.0 -10.0 1030.0 1010.0 0.0 1030.0 1020.0 0.0 1010.0 1030.0 0.0 1020.0 1030.0 0.0 -30.87488663525924 -30.87488663525924 10.0 -31.74977327051848 -31.74977327051848 20.0 -32.62465990577772 -32.62465990577772 30.0 -33.49954654103696 -33.49954654103696 40.0 -34.3744331762962 -34.3744331762962 50.0 -35.24931981155544 -35.24931981155544 60.0 -36.12420644681468 -36.12420644681468 70.0 -36.99909308207392 -36.99909308207392 80.0 -37.87397971733316 -37.87397971733316 90.0 -0.87488663525924 -30.87488663525924 10.0 -1.74977327051848 -31.74977327051848 20.0 -2.6246599057777202 -32.62465990577772 30.0 -3.49954654103696 -33.49954654103696 40.0 -4.3744331762962005 -34.3744331762962 50.0 -5.2493198115554405 -35.24931981155544 60.0 -6.12420644681468 -36.12420644681468 70.0 -6.99909308207392 -36.99909308207392 80.0 -7.87397971733316 -37.87397971733316 90.0 -28.7488663525924 -38.7488663525924 100.0 -18.7488663525924 -38.7488663525924 100.0 -0.87488663525924 -0.87488663525924 10.0 -1.74977327051848 -1.74977327051848 20.0 -2.6246599057777202 -2.6246599057777202 30.0 -3.49954654103696 -3.49954654103696 40.0 -4.3744331762962005 -4.3744331762962005 50.0 -5.2493198115554405 -5.2493198115554405 60.0 -6.12420644681468 -6.12420644681468 70.0 -6.99909308207392 -6.99909308207392 80.0 -7.87397971733316 -7.87397971733316 90.0 -8.748866352592401 -28.7488663525924 100.0 -8.748866352592401 -18.7488663525924 100.0 -30.87488663525924 -0.87488663525924 10.0 -31.74977327051848 -1.74977327051848 20.0 -32.62465990577772 -2.6246599057777202 30.0 -33.49954654103696 -3.49954654103696 40.0 -34.3744331762962 -4.3744331762962005 50.0 -35.24931981155544 -5.2493198115554405 60.0 -36.12420644681468 -6.12420644681468 70.0 -36.99909308207392 -6.99909308207392 80.0 -37.87397971733316 -7.87397971733316 90.0 -28.7488663525924 -8.748866352592401 100.0 -18.7488663525924 -8.748866352592401 100.0 -38.7488663525924 -28.7488663525924 100.0 -38.7488663525924 -18.7488663525924 100.0 -0.87488663525924 1000.8748866352593 10.0 -1.74977327051848 1001.7497732705185 20.0 -2.6246599057777202 1002.6246599057778 30.0 -3.49954654103696 1003.4995465410369 40.0 -4.3744331762962005 1004.3744331762962 50.0 -5.2493198115554405 1005.2493198115554 60.0 -6.12420644681468 1006.1242064468147 70.0 -6.99909308207392 1006.999093082074 80.0 -7.87397971733316 1007.8739797173332 90.0 -8.748866352592401 50.0 100.0 -8.748866352592401 100.0 100.0 -8.748866352592401 150.00000000000003 100.0 -8.748866352592401 200.0 100.0 -8.748866352592401 250.0 100.0 -8.748866352592401 300.00000000000006 100.0 -8.748866352592401 350.00000000000006 100.0 -8.748866352592401 400.0 100.0 -8.748866352592401 450.0 100.0 -8.748866352592401 500.0 100.0 -8.748866352592401 550.0 100.0 -8.748866352592401 600.0000000000001 100.0 -8.748866352592401 650.0 100.0 -8.748866352592401 700.0000000000001 100.0 -8.748866352592401 750.0 100.0 -8.748866352592401 800.0 100.0 -8.748866352592401 850.0000000000001 100.0 -8.748866352592401 900.0 100.0 -8.748866352592401 950.0000000000001 100.0 -30.87488663525924 1000.8748866352593 10.0 -31.74977327051848 1001.7497732705185 20.0 -32.62465990577772 1002.6246599057778 30.0 -33.49954654103696 1003.4995465410369 40.0 -34.3744331762962 1004.3744331762962 50.0 -35.24931981155544 1005.2493198115554 60.0 -36.12420644681468 1006.1242064468147 70.0 -36.99909308207392 1006.999093082074 80.0 -37.87397971733316 1007.8739797173332 90.0 -28.7488663525924 1008.7488663525924 100.0 -18.7488663525924 1008.7488663525924 100.0 -38.7488663525924 50.0 100.0 -38.7488663525924 100.0 100.0 -38.7488663525924 150.00000000000003 100.0 -38.7488663525924 200.0 100.0 -38.7488663525924 250.0 100.0 -38.7488663525924 300.00000000000006 100.0 -38.7488663525924 350.00000000000006 100.0 -38.7488663525924 400.0 100.0 -38.7488663525924 450.0 100.0 -38.7488663525924 500.0 100.0 -38.7488663525924 550.0 100.0 -38.7488663525924 600.0000000000001 100.0 -38.7488663525924 650.0 100.0 -38.7488663525924 700.0000000000001 100.0 -38.7488663525924 750.0 100.0 -38.7488663525924 800.0 100.0 -38.7488663525924 850.0000000000001 100.0 -38.7488663525924 900.0 100.0 -38.7488663525924 950.0000000000001 100.0 -0.87488663525924 1030.8748866352591 10.0 -1.74977327051848 1031.7497732705185 20.0 -2.6246599057777202 1032.6246599057777 30.0 -3.49954654103696 1033.499546541037 40.0 -4.3744331762962005 1034.3744331762962 50.0 -5.2493198115554405 1035.2493198115556 60.0 -6.12420644681468 1036.1242064468147 70.0 -6.99909308207392 1036.9990930820738 80.0 -7.87397971733316 1037.8739797173332 90.0 -8.748866352592401 1018.7488663525924 100.0 -8.748866352592401 1028.7488663525924 100.0 -30.87488663525924 1030.8748866352591 10.0 -31.74977327051848 1031.7497732705185 20.0 -32.62465990577772 1032.6246599057777 30.0 -33.49954654103696 1033.499546541037 40.0 -34.3744331762962 1034.3744331762962 50.0 -35.24931981155544 1035.2493198115556 60.0 -36.12420644681468 1036.1242064468147 70.0 -36.99909308207392 1036.9990930820738 80.0 -37.87397971733316 1037.8739797173332 90.0 -28.7488663525924 1038.7488663525924 100.0 -18.7488663525924 1038.7488663525924 100.0 -38.7488663525924 1018.7488663525924 100.0 -38.7488663525924 1028.7488663525924 100.0 1000.8748866352593 -30.87488663525924 10.0 1001.7497732705185 -31.74977327051848 20.0 1002.6246599057778 -32.62465990577772 30.0 1003.4995465410369 -33.49954654103696 40.0 1004.3744331762962 -34.3744331762962 50.0 1005.2493198115554 -35.24931981155544 60.0 1006.1242064468147 -36.12420644681468 70.0 1006.999093082074 -36.99909308207392 80.0 1007.8739797173332 -37.87397971733316 90.0 50.0 -38.7488663525924 100.0 100.0 -38.7488663525924 100.0 150.00000000000003 -38.7488663525924 100.0 200.0 -38.7488663525924 100.0 250.0 -38.7488663525924 100.0 300.00000000000006 -38.7488663525924 100.0 350.00000000000006 -38.7488663525924 100.0 400.0 -38.7488663525924 100.0 450.0 -38.7488663525924 100.0 500.0 -38.7488663525924 100.0 550.0 -38.7488663525924 100.0 600.0000000000001 -38.7488663525924 100.0 650.0 -38.7488663525924 100.0 700.0000000000001 -38.7488663525924 100.0 750.0 -38.7488663525924 100.0 800.0 -38.7488663525924 100.0 850.0000000000001 -38.7488663525924 100.0 900.0 -38.7488663525924 100.0 950.0000000000001 -38.7488663525924 100.0 1000.8748866352593 -0.87488663525924 10.0 1001.7497732705185 -1.74977327051848 20.0 1002.6246599057778 -2.6246599057777202 30.0 1003.4995465410369 -3.49954654103696 40.0 1004.3744331762962 -4.3744331762962005 50.0 1005.2493198115554 -5.2493198115554405 60.0 1006.1242064468147 -6.12420644681468 70.0 1006.999093082074 -6.99909308207392 80.0 1007.8739797173332 -7.87397971733316 90.0 1008.7488663525924 -28.7488663525924 100.0 1008.7488663525924 -18.7488663525924 100.0 50.0 -8.748866352592401 100.0 100.0 -8.748866352592401 100.0 150.00000000000003 -8.748866352592401 100.0 200.0 -8.748866352592401 100.0 250.0 -8.748866352592401 100.0 300.00000000000006 -8.748866352592401 100.0 350.00000000000006 -8.748866352592401 100.0 400.0 -8.748866352592401 100.0 450.0 -8.748866352592401 100.0 500.0 -8.748866352592401 100.0 550.0 -8.748866352592401 100.0 600.0000000000001 -8.748866352592401 100.0 650.0 -8.748866352592401 100.0 700.0000000000001 -8.748866352592401 100.0 750.0 -8.748866352592401 100.0 800.0 -8.748866352592401 100.0 850.0000000000001 -8.748866352592401 100.0 900.0 -8.748866352592401 100.0 950.0000000000001 -8.748866352592401 100.0 1000.8748866352593 1000.8748866352593 10.0 1001.7497732705185 1001.7497732705185 20.0 1002.6246599057778 1002.6246599057778 30.0 1003.4995465410369 1003.4995465410369 40.0 1004.3744331762962 1004.3744331762962 50.0 1005.2493198115554 1005.2493198115554 60.0 1006.1242064468147 1006.1242064468147 70.0 1006.999093082074 1006.999093082074 80.0 1007.8739797173332 1007.8739797173332 90.0 50.0 1008.7488663525924 100.0 100.0 1008.7488663525924 100.0 150.00000000000003 1008.7488663525924 100.0 200.0 1008.7488663525924 100.0 250.0 1008.7488663525924 100.0 300.00000000000006 1008.7488663525924 100.0 350.00000000000006 1008.7488663525924 100.0 400.0 1008.7488663525924 100.0 450.0 1008.7488663525924 100.0 500.0 1008.7488663525924 100.0 550.0 1008.7488663525924 100.0 600.0000000000001 1008.7488663525924 100.0 650.0 1008.7488663525924 100.0 700.0000000000001 1008.7488663525924 100.0 750.0 1008.7488663525924 100.0 800.0 1008.7488663525924 100.0 850.0000000000001 1008.7488663525924 100.0 900.0 1008.7488663525924 100.0 950.0000000000001 1008.7488663525924 100.0 1000.8748866352593 1030.8748866352591 10.0 1001.7497732705185 1031.7497732705185 20.0 1002.6246599057778 1032.6246599057777 30.0 1003.4995465410369 1033.499546541037 40.0 1004.3744331762962 1034.3744331762962 50.0 1005.2493198115554 1035.2493198115556 60.0 1006.1242064468147 1036.1242064468147 70.0 1006.999093082074 1036.9990930820738 80.0 1007.8739797173332 1037.8739797173332 90.0 1008.7488663525924 1018.7488663525924 100.0 1008.7488663525924 1028.7488663525924 100.0 50.0 1038.7488663525924 100.0 100.0 1038.7488663525924 100.0 150.00000000000003 1038.7488663525924 100.0 200.0 1038.7488663525924 100.0 250.0 1038.7488663525924 100.0 300.00000000000006 1038.7488663525924 100.0 350.00000000000006 1038.7488663525924 100.0 400.0 1038.7488663525924 100.0 450.0 1038.7488663525924 100.0 500.0 1038.7488663525924 100.0 550.0 1038.7488663525924 100.0 600.0000000000001 1038.7488663525924 100.0 650.0 1038.7488663525924 100.0 700.0000000000001 1038.7488663525924 100.0 750.0 1038.7488663525924 100.0 800.0 1038.7488663525924 100.0 850.0000000000001 1038.7488663525924 100.0 900.0 1038.7488663525924 100.0 950.0000000000001 1038.7488663525924 100.0 1030.8748866352591 -30.87488663525924 10.0 1031.7497732705185 -31.74977327051848 20.0 1032.6246599057777 -32.62465990577772 30.0 1033.499546541037 -33.49954654103696 40.0 1034.3744331762962 -34.3744331762962 50.0 1035.2493198115556 -35.24931981155544 60.0 1036.1242064468147 -36.12420644681468 70.0 1036.9990930820738 -36.99909308207392 80.0 1037.8739797173332 -37.87397971733316 90.0 1018.7488663525924 -38.7488663525924 100.0 1028.7488663525924 -38.7488663525924 100.0 1030.8748866352591 -0.87488663525924 10.0 1031.7497732705185 -1.74977327051848 20.0 1032.6246599057777 -2.6246599057777202 30.0 1033.499546541037 -3.49954654103696 40.0 1034.3744331762962 -4.3744331762962005 50.0 1035.2493198115556 -5.2493198115554405 60.0 1036.1242064468147 -6.12420644681468 70.0 1036.9990930820738 -6.99909308207392 80.0 1037.8739797173332 -7.87397971733316 90.0 1038.7488663525924 -28.7488663525924 100.0 1038.7488663525924 -18.7488663525924 100.0 1018.7488663525924 -8.748866352592401 100.0 1028.7488663525924 -8.748866352592401 100.0 1030.8748866352591 1000.8748866352593 10.0 1031.7497732705185 1001.7497732705185 20.0 1032.6246599057777 1002.6246599057778 30.0 1033.499546541037 1003.4995465410369 40.0 1034.3744331762962 1004.3744331762962 50.0 1035.2493198115556 1005.2493198115554 60.0 1036.1242064468147 1006.1242064468147 70.0 1036.9990930820738 1006.999093082074 80.0 1037.8739797173332 1007.8739797173332 90.0 1038.7488663525924 50.0 100.0 1038.7488663525924 100.0 100.0 1038.7488663525924 150.00000000000003 100.0 1038.7488663525924 200.0 100.0 1038.7488663525924 250.0 100.0 1038.7488663525924 300.00000000000006 100.0 1038.7488663525924 350.00000000000006 100.0 1038.7488663525924 400.0 100.0 1038.7488663525924 450.0 100.0 1038.7488663525924 500.0 100.0 1038.7488663525924 550.0 100.0 1038.7488663525924 600.0000000000001 100.0 1038.7488663525924 650.0 100.0 1038.7488663525924 700.0000000000001 100.0 1038.7488663525924 750.0 100.0 1038.7488663525924 800.0 100.0 1038.7488663525924 850.0000000000001 100.0 1038.7488663525924 900.0 100.0 1038.7488663525924 950.0000000000001 100.0 1018.7488663525924 1008.7488663525924 100.0 1028.7488663525924 1008.7488663525924 100.0 1008.7488663525924 50.0 100.0 1008.7488663525924 100.0 100.0 1008.7488663525924 150.00000000000003 100.0 1008.7488663525924 200.0 100.0 1008.7488663525924 250.0 100.0 1008.7488663525924 300.00000000000006 100.0 1008.7488663525924 350.00000000000006 100.0 1008.7488663525924 400.0 100.0 1008.7488663525924 450.0 100.0 1008.7488663525924 500.0 100.0 1008.7488663525924 550.0 100.0 1008.7488663525924 600.0000000000001 100.0 1008.7488663525924 650.0 100.0 1008.7488663525924 700.0000000000001 100.0 1008.7488663525924 750.0 100.0 1008.7488663525924 800.0 100.0 1008.7488663525924 850.0000000000001 100.0 1008.7488663525924 900.0 100.0 1008.7488663525924 950.0000000000001 100.0 1030.8748866352591 1030.8748866352591 10.0 1031.7497732705185 1031.7497732705185 20.0 1032.6246599057777 1032.6246599057777 30.0 1033.499546541037 1033.499546541037 40.0 1034.3744331762962 1034.3744331762962 50.0 1035.2493198115556 1035.2493198115556 60.0 1036.1242064468147 1036.1242064468147 70.0 1036.9990930820738 1036.9990930820738 80.0 1037.8739797173332 1037.8739797173332 90.0 1038.7488663525924 1018.7488663525924 100.0 1038.7488663525924 1028.7488663525924 100.0 1018.7488663525924 1038.7488663525924 100.0 1028.7488663525924 1038.7488663525924 100.0 -20.0 -20.0 -30.0 -20.0 -10.0 -30.0 -10.0 -20.0 -30.0 -9.999999999999998 -10.0 -30.0 -20.0 50.0 -30.0 -20.0 100.0 -30.0 -20.0 150.0 -30.0 -20.0 200.0000000000001 -30.0 -20.0 249.99999999999997 -30.0 -20.0 300.0 -30.0 -20.0 350.0000000000001 -30.0 -20.0 399.99999999999994 -30.0 -20.0 450.0 -30.0 -20.0 500.0 -30.0 -20.0 550.0 -30.0 -20.0 600.0000000000002 -30.0 -20.0 650.0 -30.0 -20.0 700.0000000000001 -30.0 -20.0 750.0 -30.0 -20.0 799.9999999999999 -30.0 -20.0 850.0000000000002 -30.0 -20.0 900.0 -30.0 -20.0 950.0000000000002 -30.0 -10.0 50.0 -30.0 -10.0 100.0 -30.0 -10.0 150.0 -30.0 -10.0 200.0 -30.0 -10.0 250.0 -30.0 -10.0 300.0 -30.0 -10.0 350.0000000000001 -30.0 -9.999999999999998 400.0 -30.0 -10.0 450.0 -30.0 -10.0 500.0 -30.0 -9.999999999999998 550.0 -30.0 -10.0 600.0000000000002 -30.0 -10.0 650.0 -30.0 -10.0 700.0000000000002 -30.0 -10.0 750.0 -30.0 -10.0 800.0 -30.0 -10.0 850.0000000000002 -30.0 -10.0 900.0 -30.0 -10.0 950.0000000000002 -30.0 -20.0 1010.0 -30.0 -20.0 1020.0 -30.0 -10.0 1010.0 -30.0 -9.999999999999998 1020.0 -30.0 50.0 -20.0 -30.0 50.0 -10.0 -30.0 100.00000000000011 -20.0 -30.0 100.0 -10.0 -30.0 150.0 -20.0 -30.0 150.0 -10.0 -30.0 200.00000000000006 -20.0 -30.0 200.00000000000006 -10.0 -30.0 250.0 -20.0 -30.0 250.0 -10.0 -30.0 300.0000000000001 -20.0 -30.0 300.0000000000001 -10.0 -30.0 350.0000000000001 -20.0 -30.0 350.0000000000001 -9.999999999999998 -30.0 399.99999999999994 -20.0 -30.0 399.99999999999994 -10.0 -30.0 450.0 -20.0 -30.0 450.0 -10.0 -30.0 500.0 -20.0 -30.0 500.0 -10.0 -30.0 550.0 -20.0 -30.0 550.0 -10.0 -30.0 600.0000000000002 -20.0 -30.0 600.0000000000002 -10.0 -30.0 650.0 -20.0 -30.0 650.0 -10.0 -30.0 700.0 -20.0 -30.0 700.0000000000001 -9.999999999999998 -30.0 750.0 -20.0 -30.0 750.0 -10.0 -30.0 800.0 -20.0 -30.0 799.9999999999999 -9.999999999999998 -30.0 850.0000000000002 -20.0 -30.0 850.0000000000002 -9.999999999999998 -30.0 900.0 -20.0 -30.0 900.0 -10.0 -30.0 950.0000000000002 -20.0 -30.0 950.0000000000002 -9.999999999999998 -30.0 50.0 50.0 -30.0 50.0 100.0 -30.0 50.0 150.0 -30.0 50.0 200.0 -30.0 49.99999999999994 249.99999999999994 -30.0 50.0 299.9999999999999 -30.0 49.99999999999994 350.00000000000006 -30.0 50.0 400.0 -30.0 50.0 450.0 -30.0 50.0 500.0 -30.0 50.0 550.0 -30.0 50.0 600.0000000000001 -30.0 49.999999999999886 650.0 -30.0 50.0 700.0000000000001 -30.0 49.99999999999994 750.0 -30.0 50.0 800.0 -30.0 49.99999999999994 850.0000000000002 -30.0 50.0 900.0 -30.0 49.99999999999994 950.0000000000002 -30.0 100.0 50.0 -30.0 100.0 100.0 -30.0 100.0 150.0 -30.0 100.00000000000006 200.00000000000006 -30.0 100.0 250.0 -30.0 100.0 300.0 -30.0 100.0 350.0000000000001 -30.0 100.0 400.0 -30.0 100.0 450.00000000000006 -30.0 100.0 500.0 -30.0 100.0 550.0 -30.0 100.0 600.0000000000001 -30.0 100.00000000000006 650.0 -30.0 100.0 700.0000000000001 -30.0 100.0 750.0 -30.0 100.00000000000006 800.0 -30.0 100.0 850.0000000000001 -30.0 100.0 900.0 -30.0 100.0 950.0000000000001 -30.0 150.0 50.0 -30.0 150.0 100.0 -30.0 149.99999999999994 149.99999999999994 -30.0 150.0 200.0 -30.0 150.0 250.0 -30.0 150.0 300.0 -30.0 150.0 350.0 -30.0 150.0 400.0 -30.0 150.0 450.0 -30.0 150.0 500.0 -30.0 150.0 550.0 -30.0 149.99999999999994 600.0000000000002 -30.0 150.0 650.0 -30.0 150.0 700.0000000000001 -30.0 150.0 750.0 -30.0 149.99999999999994 800.0 -30.0 149.99999999999994 850.0000000000002 -30.0 150.0 900.0 -30.0 149.99999999999994 950.0000000000002 -30.0 200.0 50.0 -30.0 200.00000000000006 100.00000000000006 -30.0 200.0 150.0 -30.0 200.00000000000006 200.00000000000006 -30.0 200.00000000000006 250.00000000000006 -30.0 200.0 299.9999999999999 -30.0 199.99999999999994 350.00000000000006 -30.0 200.0 400.0 -30.0 200.00000000000006 450.0 -30.0 200.0 500.0 -30.0 200.0 550.0 -30.0 200.0 600.0000000000001 -30.0 200.0 650.0 -30.0 200.0 700.0000000000002 -30.0 200.00000000000006 750.0 -30.0 200.0 799.9999999999999 -30.0 200.0 850.0000000000001 -30.0 200.00000000000006 900.0 -30.0 200.0 950.0000000000001 -30.0 249.99999999999994 49.99999999999994 -30.0 250.0 100.0 -30.0 250.0 150.0 -30.0 250.00000000000006 200.00000000000006 -30.0 250.0 250.0 -30.0 249.99999999999994 299.99999999999994 -30.0 250.0 350.00000000000006 -30.0 250.0 400.0 -30.0 250.00000000000003 450.0 -30.0 250.0 500.0 -30.0 250.0 550.0 -30.0 250.0 600.0000000000001 -30.0 250.0 650.0 -30.0 249.99999999999994 700.0000000000002 -30.0 250.0 750.0 -30.0 250.00000000000006 799.9999999999999 -30.0 250.0 850.0000000000001 -30.0 250.0 900.0 -30.0 249.99999999999997 950.0000000000002 -30.0 300.0 50.0 -30.0 300.0000000000001 100.0 -30.0 300.0000000000001 150.0 -30.0 299.99999999999994 200.0 -30.0 300.00000000000006 249.99999999999994 -30.0 300.00000000000006 300.0 -30.0 300.00000000000006 350.00000000000006 -30.0 300.0 400.0 -30.0 300.0000000000001 450.0 -30.0 300.0000000000001 500.0 -30.0 300.00000000000006 550.0 -30.0 300.0 600.0000000000001 -30.0 300.00000000000006 650.0 -30.0 300.00000000000006 700.0000000000002 -30.0 300.0 750.0 -30.0 300.0 800.0 -30.0 300.00000000000006 850.0000000000002 -30.0 300.0000000000001 900.0 -30.0 300.0 950.0000000000001 -30.0 350.00000000000006 49.99999999999994 -30.0 350.0000000000001 100.0 -30.0 350.0 150.0 -30.0 350.00000000000006 199.99999999999994 -30.0 350.00000000000006 250.0 -30.0 350.00000000000006 299.99999999999994 -30.0 350.0000000000001 350.00000000000006 -30.0 350.00000000000006 400.0 -30.0 350.0000000000001 450.0 -30.0 350.0 500.0 -30.0 350.00000000000006 550.0 -30.0 350.00000000000006 600.0000000000001 -30.0 350.00000000000006 650.0 -30.0 350.0 700.0000000000002 -30.0 350.0000000000001 750.0 -30.0 350.0000000000001 800.0 -30.0 350.00000000000006 850.0000000000002 -30.0 350.0000000000001 900.0 -30.0 350.0 950.0000000000002 -30.0 400.0 50.0 -30.0 400.0 100.0 -30.0 400.0 150.0 -30.0 400.0 200.0 -30.0 399.99999999999994 250.0 -30.0 400.0 300.0 -30.0 400.0 350.00000000000006 -30.0 400.0 400.0 -30.0 400.0 450.0 -30.0 400.0 500.0 -30.0 399.99999999999994 550.0 -30.0 400.0 600.0000000000001 -30.0 400.0 650.0 -30.0 400.0 700.0000000000002 -30.0 399.99999999999994 750.0 -30.0 400.0 800.0 -30.0 399.99999999999994 850.0000000000002 -30.0 400.0 900.0 -30.0 400.0 950.0000000000001 -30.0 450.0 50.0 -30.0 450.0 100.0 -30.0 450.0 150.0 -30.0 450.0 200.00000000000006 -30.0 450.0 250.0 -30.0 450.0 300.0 -30.0 450.0 350.0000000000001 -30.0 450.0 400.0 -30.0 450.0 450.00000000000006 -30.0 450.0 500.0 -30.0 450.0 550.0 -30.0 450.0 600.0000000000001 -30.0 450.0 650.0 -30.0 450.0 700.0000000000001 -30.0 450.0 750.0 -30.0 450.0 800.0 -30.0 450.0 850.0000000000001 -30.0 450.0 900.0 -30.0 450.0 950.0000000000001 -30.0 500.0 50.0 -30.0 500.0 100.0 -30.0 500.0 150.0 -30.0 500.0 200.0 -30.0 500.0 250.0 -30.0 500.0 300.0 -30.0 500.0 350.00000000000006 -30.0 500.0 400.0 -30.0 500.0 450.0 -30.0 500.0 500.0 -30.0 500.0 550.0 -30.0 500.0 600.0000000000001 -30.0 500.0 650.0 -30.0 500.0 700.0000000000001 -30.0 500.0 750.0 -30.0 500.0 800.0 -30.0 500.0 850.0000000000001 -30.0 500.0 900.0 -30.0 500.0 950.0000000000001 -30.0 550.0 50.0 -30.0 550.0 100.0 -30.0 550.0 150.0 -30.0 550.0 200.0 -30.0 550.0 250.0 -30.0 550.0 300.0 -30.0 550.0 350.0000000000001 -30.0 550.0 400.0 -30.0 550.0 450.0 -30.0 550.0 500.0 -30.0 550.0 550.0 -30.0 550.0 600.0000000000001 -30.0 550.0 650.0 -30.0 550.0 700.0000000000001 -30.0 550.0 750.0 -30.0 550.0 800.0 -30.0 550.0 850.0000000000001 -30.0 550.0 900.0 -30.0 550.0 950.0000000000001 -30.0 600.0000000000001 50.0 -30.0 600.0000000000001 100.0 -30.0 600.0000000000002 149.99999999999994 -30.0 600.0000000000001 200.0 -30.0 600.0000000000001 250.0 -30.0 600.0000000000001 300.0 -30.0 600.0000000000001 350.00000000000006 -30.0 600.0000000000001 400.0 -30.0 600.0000000000001 450.0 -30.0 600.0000000000001 500.0 -30.0 600.0000000000001 550.0 -30.0 600.0000000000001 600.0000000000001 -30.0 600.0000000000001 650.0 -30.0 600.0000000000001 700.0000000000002 -30.0 600.0000000000001 750.0 -30.0 600.0000000000001 800.0 -30.0 600.0000000000001 850.0000000000001 -30.0 600.0000000000001 900.0 -30.0 600.0000000000001 950.0000000000001 -30.0 650.0 49.999999999999886 -30.0 650.0 100.00000000000006 -30.0 650.0 150.0 -30.0 650.0 200.0 -30.0 650.0 250.0 -30.0 650.0 299.99999999999994 -30.0 650.0 350.00000000000006 -30.0 650.0 400.0 -30.0 650.0 450.0 -30.0 650.0 500.0 -30.0 650.0 550.0 -30.0 650.0 600.0000000000001 -30.0 650.0 650.0 -30.0 650.0 700.0000000000001 -30.0 650.0 750.0 -30.0 650.0 800.0 -30.0 650.0 850.0000000000001 -30.0 650.0 900.0 -30.0 650.0 950.0000000000002 -30.0 700.0000000000001 50.0 -30.0 700.0000000000001 100.0 -30.0 700.0 150.0 -30.0 700.0000000000002 200.0 -30.0 700.0000000000002 250.0 -30.0 700.0000000000001 300.0 -30.0 700.0000000000001 350.0 -30.0 700.0000000000001 400.0 -30.0 700.0000000000002 450.0 -30.0 700.0000000000001 500.0 -30.0 700.0000000000001 550.0 -30.0 700.0000000000002 600.0000000000001 -30.0 700.0000000000001 650.0 -30.0 700.0000000000002 700.0000000000002 -30.0 700.0000000000002 750.0 -30.0 700.0000000000002 800.0 -30.0 700.0000000000001 850.0000000000001 -30.0 700.0000000000001 900.0 -30.0 700.0000000000002 950.0000000000001 -30.0 750.0 49.99999999999994 -30.0 750.0 100.0 -30.0 750.0 150.0 -30.0 750.0 200.00000000000006 -30.0 750.0 250.0 -30.0 750.0 299.99999999999994 -30.0 750.0 350.00000000000006 -30.0 750.0 400.0 -30.0 750.0 450.0 -30.0 750.0 500.0 -30.0 750.0 550.0 -30.0 750.0 600.0000000000001 -30.0 750.0 650.0 -30.0 750.0 700.0000000000002 -30.0 750.0 750.0 -30.0 750.0 799.9999999999999 -30.0 750.0 850.0000000000001 -30.0 750.0 900.0 -30.0 750.0 950.0000000000002 -30.0 800.0 50.0 -30.0 800.0 100.00000000000006 -30.0 800.0 150.0 -30.0 800.0 200.00000000000006 -30.0 800.0 250.00000000000006 -30.0 800.0 299.9999999999999 -30.0 800.0 350.0 -30.0 800.0 400.0 -30.0 800.0 450.0 -30.0 800.0 500.0 -30.0 800.0 550.0 -30.0 800.0 600.0000000000001 -30.0 800.0 650.0 -30.0 800.0 700.0000000000002 -30.0 800.0 750.0 -30.0 800.0 800.0 -30.0 800.0 850.0000000000001 -30.0 800.0 900.0 -30.0 800.0 950.0000000000001 -30.0 850.0000000000002 49.99999999999994 -30.0 850.0000000000001 100.0 -30.0 850.0000000000002 149.99999999999994 -30.0 850.0000000000001 200.0 -30.0 850.0000000000001 250.0 -30.0 850.0000000000002 299.9999999999999 -30.0 850.0000000000002 350.0 -30.0 850.0000000000002 400.0 -30.0 850.0000000000001 450.0 -30.0 850.0000000000001 500.0 -30.0 850.0000000000002 550.0 -30.0 850.0000000000002 600.0000000000001 -30.0 850.0000000000001 650.0 -30.0 850.0000000000002 700.0000000000001 -30.0 850.0 750.0 -30.0 850.0000000000001 800.0 -30.0 850.0000000000001 850.0000000000001 -30.0 850.0000000000001 900.0 -30.0 850.0000000000001 950.0000000000001 -30.0 900.0 50.0 -30.0 900.0 100.0 -30.0 900.0 150.0 -30.0 900.0 200.00000000000006 -30.0 900.0 250.0 -30.0 900.0 300.0 -30.0 900.0 350.0000000000001 -30.0 900.0 400.0 -30.0 900.0 450.0 -30.0 900.0 500.0 -30.0 900.0 550.0 -30.0 900.0 600.0000000000001 -30.0 900.0 650.0 -30.0 900.0 700.0000000000001 -30.0 900.0 750.0 -30.0 900.0 800.0 -30.0 900.0 850.0000000000001 -30.0 900.0 900.0 -30.0 900.0 950.0000000000001 -30.0 950.0000000000002 49.99999999999994 -30.0 950.0000000000001 100.0 -30.0 950.0000000000002 150.0 -30.0 950.0000000000002 200.00000000000006 -30.0 950.0000000000002 250.0 -30.0 950.0000000000002 299.99999999999994 -30.0 950.0000000000002 350.0 -30.0 950.0000000000001 400.00000000000006 -30.0 950.0000000000001 450.00000000000006 -30.0 950.0000000000001 500.0 -30.0 950.0000000000001 550.0 -30.0 950.0000000000001 600.0000000000001 -30.0 950.0000000000002 650.0 -30.0 950.0000000000002 700.0000000000002 -30.0 950.0000000000002 750.0 -30.0 950.0000000000002 799.9999999999999 -30.0 950.0000000000002 850.0000000000001 -30.0 950.0000000000001 900.0 -30.0 950.0000000000002 950.0000000000002 -30.0 50.0 1010.0 -30.0 50.0 1020.0 -30.0 100.00000000000011 1010.0 -30.0 100.0 1020.0 -30.0 150.0 1010.0 -30.0 150.0 1020.0 -30.0 200.00000000000006 1010.0 -30.0 200.00000000000006 1020.0 -30.0 250.0 1010.0 -30.0 250.0 1020.0 -30.0 300.0000000000001 1010.0 -30.0 300.0000000000001 1020.0 -30.0 350.0000000000001 1010.0 -30.0 350.0000000000001 1020.0 -30.0 399.99999999999994 1010.0 -30.0 399.99999999999994 1020.0 -30.0 450.0 1010.0 -30.0 450.0 1020.0 -30.0 500.0 1010.0 -30.0 500.0 1020.0 -30.0 550.0 1010.0 -30.0 550.0 1020.0 -30.0 600.0000000000002 1010.0 -30.0 600.0000000000002 1020.0 -30.0 650.0 1010.0 -30.0 650.0 1020.0 -30.0 700.0 1010.0 -30.0 700.0000000000001 1020.0 -30.0 750.0 1010.0 -30.0 750.0 1020.0 -30.0 800.0 1010.0 -30.0 799.9999999999999 1020.0 -30.0 850.0000000000002 1010.0 -30.0 850.0000000000002 1020.0 -30.0 900.0 1010.0 -30.0 900.0 1020.0 -30.0 950.0000000000002 1010.0 -30.0 950.0000000000002 1020.0 -30.0 1010.0 -20.0 -30.0 1010.0 -10.0 -30.0 1020.0 -20.0 -30.0 1020.0 -10.0 -30.0 1010.0 50.0 -30.0 1010.0 100.0 -30.0 1010.0 150.0 -30.0 1010.0 200.0000000000001 -30.0 1010.0 249.99999999999997 -30.0 1010.0 300.0 -30.0 1010.0 350.0000000000001 -30.0 1010.0 399.99999999999994 -30.0 1010.0 450.0 -30.0 1010.0 500.0 -30.0 1010.0 550.0 -30.0 1010.0 600.0000000000002 -30.0 1010.0 650.0 -30.0 1010.0 700.0000000000001 -30.0 1010.0 750.0 -30.0 1010.0 799.9999999999999 -30.0 1010.0 850.0000000000002 -30.0 1010.0 900.0 -30.0 1010.0 950.0000000000002 -30.0 1020.0 50.0 -30.0 1020.0 100.0 -30.0 1020.0 150.0 -30.0 1020.0 200.0 -30.0 1020.0 250.0 -30.0 1020.0 300.0 -30.0 1020.0 350.0000000000001 -30.0 1020.0 400.0 -30.0 1020.0 450.0 -30.0 1020.0 500.0 -30.0 1020.0 550.0 -30.0 1020.0 600.0000000000002 -30.0 1020.0 650.0 -30.0 1020.0 700.0000000000002 -30.0 1020.0 750.0 -30.0 1020.0 800.0 -30.0 1020.0 850.0000000000002 -30.0 1020.0 900.0 -30.0 1020.0 950.0000000000002 -30.0 1010.0 1010.0 -30.0 1010.0 1020.0 -30.0 1020.0 1010.0 -30.0 1020.0 1020.0 -30.0 -20.0 -30.0 -20.0 -20.0 -30.0 -10.0 -10.0 -30.0 -20.0 -10.0 -30.0 -10.0 0.0 -20.0 -20.0 0.0 -20.0 -10.0 0.0 -10.0 -20.0 0.0 -10.0 -10.0 -20.0 0.0 -20.0 -20.0 0.0 -10.0 -10.0 0.0 -20.0 -10.0 0.0 -10.0 -30.0 -20.0 -20.0 -30.0 -20.0 -10.0 -30.0 -10.0 -20.0 -30.0 -10.0 -10.0 -20.0 -20.0 0.0 -20.0 -10.0 0.0 -10.0 -20.0 0.0 -9.999999999999998 -10.0 0.0 0.0 50.0 -20.0 0.0 50.0 -10.0 0.0 100.0 -20.0 0.0 100.0 -10.0 0.0 150.00000000000003 -20.0 0.0 150.00000000000003 -10.0 0.0 200.0 -20.0 0.0 200.0 -10.0 0.0 250.0 -20.0 0.0 250.0 -10.0 0.0 300.00000000000006 -20.0 0.0 300.00000000000006 -10.0 0.0 350.00000000000006 -20.0 0.0 350.00000000000006 -10.0 0.0 400.0 -20.0 0.0 400.0 -10.0 0.0 450.0 -20.0 0.0 450.0 -10.0 0.0 500.0 -20.0 0.0 500.0 -10.0 0.0 550.0 -20.0 0.0 550.0 -10.0 0.0 600.0000000000001 -20.0 0.0 600.0000000000001 -10.0 0.0 650.0 -20.0 0.0 650.0 -10.0 0.0 700.0000000000001 -20.0 0.0 700.0000000000001 -10.0 0.0 750.0 -20.0 0.0 750.0 -10.0 0.0 800.0 -20.0 0.0 800.0 -10.0 0.0 850.0000000000001 -20.0 0.0 850.0000000000001 -10.0 0.0 900.0 -20.0 0.0 900.0 -10.0 0.0 950.0000000000001 -20.0 0.0 950.0000000000001 -10.0 -20.0 1000.0 -20.0 -20.0 1000.0 -10.0 -10.0 1000.0 -20.0 -10.0 1000.0 -10.0 -30.0 50.0 -20.0 -30.0 50.0 -10.0 -30.0 100.0 -20.0 -30.0 100.0 -10.0 -30.0 150.00000000000003 -20.0 -30.0 150.00000000000003 -10.0 -30.0 200.0 -20.0 -30.0 200.0 -10.0 -30.0 250.0 -20.0 -30.0 250.0 -10.0 -30.0 300.00000000000006 -20.0 -30.0 300.00000000000006 -10.0 -30.0 350.00000000000006 -20.0 -30.0 350.00000000000006 -10.0 -30.0 400.0 -20.0 -30.0 400.0 -10.0 -30.0 450.0 -20.0 -30.0 450.0 -10.0 -30.0 500.0 -20.0 -30.0 500.0 -10.0 -30.0 550.0 -20.0 -30.0 550.0 -10.0 -30.0 600.0000000000001 -20.0 -30.0 600.0000000000001 -10.0 -30.0 650.0 -20.0 -30.0 650.0 -10.0 -30.0 700.0000000000001 -20.0 -30.0 700.0000000000001 -10.0 -30.0 750.0 -20.0 -30.0 750.0 -10.0 -30.0 800.0 -20.0 -30.0 800.0 -10.0 -30.0 850.0000000000001 -20.0 -30.0 850.0000000000001 -10.0 -30.0 900.0 -20.0 -30.0 900.0 -10.0 -30.0 950.0000000000001 -20.0 -30.0 950.0000000000001 -10.0 -20.0 50.0 0.0 -20.0 100.0 0.0 -20.0 150.0 0.0 -20.0 200.0000000000001 0.0 -20.0 249.99999999999997 0.0 -20.0 300.0 0.0 -20.0 350.0000000000001 0.0 -20.0 399.99999999999994 0.0 -20.0 450.0 0.0 -20.0 500.0 0.0 -20.0 550.0 0.0 -20.0 600.0000000000002 0.0 -20.0 650.0 0.0 -20.0 700.0000000000001 0.0 -20.0 750.0 0.0 -20.0 799.9999999999999 0.0 -20.0 850.0000000000002 0.0 -20.0 900.0 0.0 -20.0 950.0000000000002 0.0 -10.0 50.0 0.0 -10.0 100.0 0.0 -10.0 150.0 0.0 -10.0 200.0 0.0 -10.0 250.0 0.0 -10.0 300.0 0.0 -10.0 350.0000000000001 0.0 -9.999999999999998 400.0 0.0 -10.0 450.0 0.0 -10.0 500.0 0.0 -9.999999999999998 550.0 0.0 -10.0 600.0000000000002 0.0 -10.0 650.0 0.0 -10.0 700.0000000000002 0.0 -10.0 750.0 0.0 -10.0 800.0 0.0 -10.0 850.0000000000002 0.0 -10.0 900.0 0.0 -10.0 950.0000000000002 0.0 0.0 1010.0 -20.0 0.0 1010.0 -10.0 0.0 1020.0 -20.0 0.0 1020.0 -10.0 -20.0 1030.0 -20.0 -20.0 1030.0 -10.0 -10.0 1030.0 -20.0 -10.0 1030.0 -10.0 -30.0 1010.0 -20.0 -30.0 1010.0 -10.0 -30.0 1020.0 -20.0 -30.0 1020.0 -10.0 -20.0 1010.0 0.0 -20.0 1020.0 0.0 -10.0 1010.0 0.0 -9.999999999999998 1020.0 0.0 50.0 -30.0 -20.0 50.0 -30.0 -10.0 100.0 -30.0 -20.0 100.0 -30.0 -10.0 150.00000000000003 -30.0 -20.0 150.00000000000003 -30.0 -10.0 200.0 -30.0 -20.0 200.0 -30.0 -10.0 250.0 -30.0 -20.0 250.0 -30.0 -10.0 300.00000000000006 -30.0 -20.0 300.00000000000006 -30.0 -10.0 350.00000000000006 -30.0 -20.0 350.00000000000006 -30.0 -10.0 400.0 -30.0 -20.0 400.0 -30.0 -10.0 450.0 -30.0 -20.0 450.0 -30.0 -10.0 500.0 -30.0 -20.0 500.0 -30.0 -10.0 550.0 -30.0 -20.0 550.0 -30.0 -10.0 600.0000000000001 -30.0 -20.0 600.0000000000001 -30.0 -10.0 650.0 -30.0 -20.0 650.0 -30.0 -10.0 700.0000000000001 -30.0 -20.0 700.0000000000001 -30.0 -10.0 750.0 -30.0 -20.0 750.0 -30.0 -10.0 800.0 -30.0 -20.0 800.0 -30.0 -10.0 850.0000000000001 -30.0 -20.0 850.0000000000001 -30.0 -10.0 900.0 -30.0 -20.0 900.0 -30.0 -10.0 950.0000000000001 -30.0 -20.0 950.0000000000001 -30.0 -10.0 1000.0 -20.0 -20.0 1000.0 -20.0 -10.0 1000.0 -10.0 -20.0 1000.0 -10.0 -10.0 50.0 0.0 -20.0 50.0 0.0 -10.0 100.0 0.0 -20.0 100.0 0.0 -10.0 150.00000000000003 0.0 -20.0 150.00000000000003 0.0 -10.0 200.0 0.0 -20.0 200.0 0.0 -10.0 250.0 0.0 -20.0 250.0 0.0 -10.0 300.00000000000006 0.0 -20.0 300.00000000000006 0.0 -10.0 350.00000000000006 0.0 -20.0 350.00000000000006 0.0 -10.0 400.0 0.0 -20.0 400.0 0.0 -10.0 450.0 0.0 -20.0 450.0 0.0 -10.0 500.0 0.0 -20.0 500.0 0.0 -10.0 550.0 0.0 -20.0 550.0 0.0 -10.0 600.0000000000001 0.0 -20.0 600.0000000000001 0.0 -10.0 650.0 0.0 -20.0 650.0 0.0 -10.0 700.0000000000001 0.0 -20.0 700.0000000000001 0.0 -10.0 750.0 0.0 -20.0 750.0 0.0 -10.0 800.0 0.0 -20.0 800.0 0.0 -10.0 850.0000000000001 0.0 -20.0 850.0000000000001 0.0 -10.0 900.0 0.0 -20.0 900.0 0.0 -10.0 950.0000000000001 0.0 -20.0 950.0000000000001 0.0 -10.0 50.0 -20.0 0.0 50.0 -10.0 0.0 100.00000000000011 -20.0 0.0 100.0 -10.0 0.0 150.0 -20.0 0.0 150.0 -10.0 0.0 200.00000000000006 -20.0 0.0 200.00000000000006 -10.0 0.0 250.0 -20.0 0.0 250.0 -10.0 0.0 300.0000000000001 -20.0 0.0 300.0000000000001 -10.0 0.0 350.0000000000001 -20.0 0.0 350.0000000000001 -9.999999999999998 0.0 399.99999999999994 -20.0 0.0 399.99999999999994 -10.0 0.0 450.0 -20.0 0.0 450.0 -10.0 0.0 500.0 -20.0 0.0 500.0 -10.0 0.0 550.0 -20.0 0.0 550.0 -10.0 0.0 600.0000000000002 -20.0 0.0 600.0000000000002 -10.0 0.0 650.0 -20.0 0.0 650.0 -10.0 0.0 700.0 -20.0 0.0 700.0000000000001 -9.999999999999998 0.0 750.0 -20.0 0.0 750.0 -10.0 0.0 800.0 -20.0 0.0 799.9999999999999 -9.999999999999998 0.0 850.0000000000002 -20.0 0.0 850.0000000000002 -9.999999999999998 0.0 900.0 -20.0 0.0 900.0 -10.0 0.0 950.0000000000002 -20.0 0.0 950.0000000000002 -9.999999999999998 0.0 1000.0 50.0 -20.0 1000.0 50.0 -10.0 1000.0 100.0 -20.0 1000.0 100.0 -10.0 1000.0 150.00000000000003 -20.0 1000.0 150.00000000000003 -10.0 1000.0 200.0 -20.0 1000.0 200.0 -10.0 1000.0 250.0 -20.0 1000.0 250.0 -10.0 1000.0 300.00000000000006 -20.0 1000.0 300.00000000000006 -10.0 1000.0 350.00000000000006 -20.0 1000.0 350.00000000000006 -10.0 1000.0 400.0 -20.0 1000.0 400.0 -10.0 1000.0 450.0 -20.0 1000.0 450.0 -10.0 1000.0 500.0 -20.0 1000.0 500.0 -10.0 1000.0 550.0 -20.0 1000.0 550.0 -10.0 1000.0 600.0000000000001 -20.0 1000.0 600.0000000000001 -10.0 1000.0 650.0 -20.0 1000.0 650.0 -10.0 1000.0 700.0000000000001 -20.0 1000.0 700.0000000000001 -10.0 1000.0 750.0 -20.0 1000.0 750.0 -10.0 1000.0 800.0 -20.0 1000.0 800.0 -10.0 1000.0 850.0000000000001 -20.0 1000.0 850.0000000000001 -10.0 1000.0 900.0 -20.0 1000.0 900.0 -10.0 1000.0 950.0000000000001 -20.0 1000.0 950.0000000000001 -10.0 50.0 1000.0 -20.0 50.0 1000.0 -10.0 100.0 1000.0 -20.0 100.0 1000.0 -10.0 150.00000000000003 1000.0 -20.0 150.00000000000003 1000.0 -10.0 200.0 1000.0 -20.0 200.0 1000.0 -10.0 250.0 1000.0 -20.0 250.0 1000.0 -10.0 300.00000000000006 1000.0 -20.0 300.00000000000006 1000.0 -10.0 350.00000000000006 1000.0 -20.0 350.00000000000006 1000.0 -10.0 400.0 1000.0 -20.0 400.0 1000.0 -10.0 450.0 1000.0 -20.0 450.0 1000.0 -10.0 500.0 1000.0 -20.0 500.0 1000.0 -10.0 550.0 1000.0 -20.0 550.0 1000.0 -10.0 600.0000000000001 1000.0 -20.0 600.0000000000001 1000.0 -10.0 650.0 1000.0 -20.0 650.0 1000.0 -10.0 700.0000000000001 1000.0 -20.0 700.0000000000001 1000.0 -10.0 750.0 1000.0 -20.0 750.0 1000.0 -10.0 800.0 1000.0 -20.0 800.0 1000.0 -10.0 850.0000000000001 1000.0 -20.0 850.0000000000001 1000.0 -10.0 900.0 1000.0 -20.0 900.0 1000.0 -10.0 950.0000000000001 1000.0 -20.0 950.0000000000001 1000.0 -10.0 50.0 50.0 0.0 50.0 100.0 0.0 50.0 150.0 0.0 50.0 200.0 0.0 49.99999999999994 249.99999999999994 0.0 50.0 299.9999999999999 0.0 49.99999999999994 350.00000000000006 0.0 50.0 400.0 0.0 50.0 450.0 0.0 50.0 500.0 0.0 50.0 550.0 0.0 50.0 600.0000000000001 0.0 49.999999999999886 650.0 0.0 50.0 700.0000000000001 0.0 49.99999999999994 750.0 0.0 50.0 800.0 0.0 49.99999999999994 850.0000000000002 0.0 50.0 900.0 0.0 49.99999999999994 950.0000000000002 0.0 100.0 50.0 0.0 100.0 100.0 0.0 100.0 150.0 0.0 100.00000000000006 200.00000000000006 0.0 100.0 250.0 0.0 100.0 300.0 0.0 100.0 350.0000000000001 0.0 100.0 400.0 0.0 100.0 450.00000000000006 0.0 100.0 500.0 0.0 100.0 550.0 0.0 100.0 600.0000000000001 0.0 100.00000000000006 650.0 0.0 100.0 700.0000000000001 0.0 100.0 750.0 0.0 100.00000000000006 800.0 0.0 100.0 850.0000000000001 0.0 100.0 900.0 0.0 100.0 950.0000000000001 0.0 150.0 50.0 0.0 150.0 100.0 0.0 149.99999999999994 149.99999999999994 0.0 150.0 200.0 0.0 150.0 250.0 0.0 150.0 300.0 0.0 150.0 350.0 0.0 150.0 400.0 0.0 150.0 450.0 0.0 150.0 500.0 0.0 150.0 550.0 0.0 149.99999999999994 600.0000000000002 0.0 150.0 650.0 0.0 150.0 700.0000000000001 0.0 150.0 750.0 0.0 149.99999999999994 800.0 0.0 149.99999999999994 850.0000000000002 0.0 150.0 900.0 0.0 149.99999999999994 950.0000000000002 0.0 200.0 50.0 0.0 200.00000000000006 100.00000000000006 0.0 200.0 150.0 0.0 200.00000000000006 200.00000000000006 0.0 200.00000000000006 250.00000000000006 0.0 200.0 299.9999999999999 0.0 199.99999999999994 350.00000000000006 0.0 200.0 400.0 0.0 200.00000000000006 450.0 0.0 200.0 500.0 0.0 200.0 550.0 0.0 200.0 600.0000000000001 0.0 200.0 650.0 0.0 200.0 700.0000000000002 0.0 200.00000000000006 750.0 0.0 200.0 799.9999999999999 0.0 200.0 850.0000000000001 0.0 200.00000000000006 900.0 0.0 200.0 950.0000000000001 0.0 249.99999999999994 49.99999999999994 0.0 250.0 100.0 0.0 250.0 150.0 0.0 250.00000000000006 200.00000000000006 0.0 250.0 250.0 0.0 249.99999999999994 299.99999999999994 0.0 250.0 350.00000000000006 0.0 250.0 400.0 0.0 250.00000000000003 450.0 0.0 250.0 500.0 0.0 250.0 550.0 0.0 250.0 600.0000000000001 0.0 250.0 650.0 0.0 249.99999999999994 700.0000000000002 0.0 250.0 750.0 0.0 250.00000000000006 799.9999999999999 0.0 250.0 850.0000000000001 0.0 250.0 900.0 0.0 249.99999999999997 950.0000000000002 0.0 300.0 50.0 0.0 300.0000000000001 100.0 0.0 300.0000000000001 150.0 0.0 299.99999999999994 200.0 0.0 300.00000000000006 249.99999999999994 0.0 300.00000000000006 300.0 0.0 300.00000000000006 350.00000000000006 0.0 300.0 400.0 0.0 300.0000000000001 450.0 0.0 300.0000000000001 500.0 0.0 300.00000000000006 550.0 0.0 300.0 600.0000000000001 0.0 300.00000000000006 650.0 0.0 300.00000000000006 700.0000000000002 0.0 300.0 750.0 0.0 300.0 800.0 0.0 300.00000000000006 850.0000000000002 0.0 300.0000000000001 900.0 0.0 300.0 950.0000000000001 0.0 350.00000000000006 49.99999999999994 0.0 350.0000000000001 100.0 0.0 350.0 150.0 0.0 350.00000000000006 199.99999999999994 0.0 350.00000000000006 250.0 0.0 350.00000000000006 299.99999999999994 0.0 350.0000000000001 350.00000000000006 0.0 350.00000000000006 400.0 0.0 350.0000000000001 450.0 0.0 350.0 500.0 0.0 350.00000000000006 550.0 0.0 350.00000000000006 600.0000000000001 0.0 350.00000000000006 650.0 0.0 350.0 700.0000000000002 0.0 350.0000000000001 750.0 0.0 350.0000000000001 800.0 0.0 350.00000000000006 850.0000000000002 0.0 350.0000000000001 900.0 0.0 350.0 950.0000000000002 0.0 400.0 50.0 0.0 400.0 100.0 0.0 400.0 150.0 0.0 400.0 200.0 0.0 399.99999999999994 250.0 0.0 400.0 300.0 0.0 400.0 350.00000000000006 0.0 400.0 400.0 0.0 400.0 450.0 0.0 400.0 500.0 0.0 399.99999999999994 550.0 0.0 400.0 600.0000000000001 0.0 400.0 650.0 0.0 400.0 700.0000000000002 0.0 399.99999999999994 750.0 0.0 400.0 800.0 0.0 399.99999999999994 850.0000000000002 0.0 400.0 900.0 0.0 400.0 950.0000000000001 0.0 450.0 50.0 0.0 450.0 100.0 0.0 450.0 150.0 0.0 450.0 200.00000000000006 0.0 450.0 250.0 0.0 450.0 300.0 0.0 450.0 350.0000000000001 0.0 450.0 400.0 0.0 450.0 450.00000000000006 0.0 450.0 500.0 0.0 450.0 550.0 0.0 450.0 600.0000000000001 0.0 450.0 650.0 0.0 450.0 700.0000000000001 0.0 450.0 750.0 0.0 450.0 800.0 0.0 450.0 850.0000000000001 0.0 450.0 900.0 0.0 450.0 950.0000000000001 0.0 500.0 50.0 0.0 500.0 100.0 0.0 500.0 150.0 0.0 500.0 200.0 0.0 500.0 250.0 0.0 500.0 300.0 0.0 500.0 350.00000000000006 0.0 500.0 400.0 0.0 500.0 450.0 0.0 500.0 500.0 0.0 500.0 550.0 0.0 500.0 600.0000000000001 0.0 500.0 650.0 0.0 500.0 700.0000000000001 0.0 500.0 750.0 0.0 500.0 800.0 0.0 500.0 850.0000000000001 0.0 500.0 900.0 0.0 500.0 950.0000000000001 0.0 550.0 50.0 0.0 550.0 100.0 0.0 550.0 150.0 0.0 550.0 200.0 0.0 550.0 250.0 0.0 550.0 300.0 0.0 550.0 350.0000000000001 0.0 550.0 400.0 0.0 550.0 450.0 0.0 550.0 500.0 0.0 550.0 550.0 0.0 550.0 600.0000000000001 0.0 550.0 650.0 0.0 550.0 700.0000000000001 0.0 550.0 750.0 0.0 550.0 800.0 0.0 550.0 850.0000000000001 0.0 550.0 900.0 0.0 550.0 950.0000000000001 0.0 600.0000000000001 50.0 0.0 600.0000000000001 100.0 0.0 600.0000000000002 149.99999999999994 0.0 600.0000000000001 200.0 0.0 600.0000000000001 250.0 0.0 600.0000000000001 300.0 0.0 600.0000000000001 350.00000000000006 0.0 600.0000000000001 400.0 0.0 600.0000000000001 450.0 0.0 600.0000000000001 500.0 0.0 600.0000000000001 550.0 0.0 600.0000000000001 600.0000000000001 0.0 600.0000000000001 650.0 0.0 600.0000000000001 700.0000000000002 0.0 600.0000000000001 750.0 0.0 600.0000000000001 800.0 0.0 600.0000000000001 850.0000000000001 0.0 600.0000000000001 900.0 0.0 600.0000000000001 950.0000000000001 0.0 650.0 49.999999999999886 0.0 650.0 100.00000000000006 0.0 650.0 150.0 0.0 650.0 200.0 0.0 650.0 250.0 0.0 650.0 299.99999999999994 0.0 650.0 350.00000000000006 0.0 650.0 400.0 0.0 650.0 450.0 0.0 650.0 500.0 0.0 650.0 550.0 0.0 650.0 600.0000000000001 0.0 650.0 650.0 0.0 650.0 700.0000000000001 0.0 650.0 750.0 0.0 650.0 800.0 0.0 650.0 850.0000000000001 0.0 650.0 900.0 0.0 650.0 950.0000000000002 0.0 700.0000000000001 50.0 0.0 700.0000000000001 100.0 0.0 700.0 150.0 0.0 700.0000000000002 200.0 0.0 700.0000000000002 250.0 0.0 700.0000000000001 300.0 0.0 700.0000000000001 350.0 0.0 700.0000000000001 400.0 0.0 700.0000000000002 450.0 0.0 700.0000000000001 500.0 0.0 700.0000000000001 550.0 0.0 700.0000000000002 600.0000000000001 0.0 700.0000000000001 650.0 0.0 700.0000000000002 700.0000000000002 0.0 700.0000000000002 750.0 0.0 700.0000000000002 800.0 0.0 700.0000000000001 850.0000000000001 0.0 700.0000000000001 900.0 0.0 700.0000000000002 950.0000000000001 0.0 750.0 49.99999999999994 0.0 750.0 100.0 0.0 750.0 150.0 0.0 750.0 200.00000000000006 0.0 750.0 250.0 0.0 750.0 299.99999999999994 0.0 750.0 350.00000000000006 0.0 750.0 400.0 0.0 750.0 450.0 0.0 750.0 500.0 0.0 750.0 550.0 0.0 750.0 600.0000000000001 0.0 750.0 650.0 0.0 750.0 700.0000000000002 0.0 750.0 750.0 0.0 750.0 799.9999999999999 0.0 750.0 850.0000000000001 0.0 750.0 900.0 0.0 750.0 950.0000000000002 0.0 800.0 50.0 0.0 800.0 100.00000000000006 0.0 800.0 150.0 0.0 800.0 200.00000000000006 0.0 800.0 250.00000000000006 0.0 800.0 299.9999999999999 0.0 800.0 350.0 0.0 800.0 400.0 0.0 800.0 450.0 0.0 800.0 500.0 0.0 800.0 550.0 0.0 800.0 600.0000000000001 0.0 800.0 650.0 0.0 800.0 700.0000000000002 0.0 800.0 750.0 0.0 800.0 800.0 0.0 800.0 850.0000000000001 0.0 800.0 900.0 0.0 800.0 950.0000000000001 0.0 850.0000000000002 49.99999999999994 0.0 850.0000000000001 100.0 0.0 850.0000000000002 149.99999999999994 0.0 850.0000000000001 200.0 0.0 850.0000000000001 250.0 0.0 850.0000000000002 299.9999999999999 0.0 850.0000000000002 350.0 0.0 850.0000000000002 400.0 0.0 850.0000000000001 450.0 0.0 850.0000000000001 500.0 0.0 850.0000000000002 550.0 0.0 850.0000000000002 600.0000000000001 0.0 850.0000000000001 650.0 0.0 850.0000000000002 700.0000000000001 0.0 850.0 750.0 0.0 850.0000000000001 800.0 0.0 850.0000000000001 850.0000000000001 0.0 850.0000000000001 900.0 0.0 850.0000000000001 950.0000000000001 0.0 900.0 50.0 0.0 900.0 100.0 0.0 900.0 150.0 0.0 900.0 200.00000000000006 0.0 900.0 250.0 0.0 900.0 300.0 0.0 900.0 350.0000000000001 0.0 900.0 400.0 0.0 900.0 450.0 0.0 900.0 500.0 0.0 900.0 550.0 0.0 900.0 600.0000000000001 0.0 900.0 650.0 0.0 900.0 700.0000000000001 0.0 900.0 750.0 0.0 900.0 800.0 0.0 900.0 850.0000000000001 0.0 900.0 900.0 0.0 900.0 950.0000000000001 0.0 950.0000000000002 49.99999999999994 0.0 950.0000000000001 100.0 0.0 950.0000000000002 150.0 0.0 950.0000000000002 200.00000000000006 0.0 950.0000000000002 250.0 0.0 950.0000000000002 299.99999999999994 0.0 950.0000000000002 350.0 0.0 950.0000000000001 400.00000000000006 0.0 950.0000000000001 450.00000000000006 0.0 950.0000000000001 500.0 0.0 950.0000000000001 550.0 0.0 950.0000000000001 600.0000000000001 0.0 950.0000000000002 650.0 0.0 950.0000000000002 700.0000000000002 0.0 950.0000000000002 750.0 0.0 950.0000000000002 799.9999999999999 0.0 950.0000000000002 850.0000000000001 0.0 950.0000000000001 900.0 0.0 950.0000000000002 950.0000000000002 0.0 1000.0 1010.0 -20.0 1000.0 1010.0 -10.0 1000.0 1020.0 -20.0 1000.0 1020.0 -10.0 50.0 1030.0 -20.0 50.0 1030.0 -10.0 100.0 1030.0 -20.0 100.0 1030.0 -10.0 150.00000000000003 1030.0 -20.0 150.00000000000003 1030.0 -10.0 200.0 1030.0 -20.0 200.0 1030.0 -10.0 250.0 1030.0 -20.0 250.0 1030.0 -10.0 300.00000000000006 1030.0 -20.0 300.00000000000006 1030.0 -10.0 350.00000000000006 1030.0 -20.0 350.00000000000006 1030.0 -10.0 400.0 1030.0 -20.0 400.0 1030.0 -10.0 450.0 1030.0 -20.0 450.0 1030.0 -10.0 500.0 1030.0 -20.0 500.0 1030.0 -10.0 550.0 1030.0 -20.0 550.0 1030.0 -10.0 600.0000000000001 1030.0 -20.0 600.0000000000001 1030.0 -10.0 650.0 1030.0 -20.0 650.0 1030.0 -10.0 700.0000000000001 1030.0 -20.0 700.0000000000001 1030.0 -10.0 750.0 1030.0 -20.0 750.0 1030.0 -10.0 800.0 1030.0 -20.0 800.0 1030.0 -10.0 850.0000000000001 1030.0 -20.0 850.0000000000001 1030.0 -10.0 900.0 1030.0 -20.0 900.0 1030.0 -10.0 950.0000000000001 1030.0 -20.0 950.0000000000001 1030.0 -10.0 50.0 1010.0 0.0 50.0 1020.0 0.0 100.00000000000011 1010.0 0.0 100.0 1020.0 0.0 150.0 1010.0 0.0 150.0 1020.0 0.0 200.00000000000006 1010.0 0.0 200.00000000000006 1020.0 0.0 250.0 1010.0 0.0 250.0 1020.0 0.0 300.0000000000001 1010.0 0.0 300.0000000000001 1020.0 0.0 350.0000000000001 1010.0 0.0 350.0000000000001 1020.0 0.0 399.99999999999994 1010.0 0.0 399.99999999999994 1020.0 0.0 450.0 1010.0 0.0 450.0 1020.0 0.0 500.0 1010.0 0.0 500.0 1020.0 0.0 550.0 1010.0 0.0 550.0 1020.0 0.0 600.0000000000002 1010.0 0.0 600.0000000000002 1020.0 0.0 650.0 1010.0 0.0 650.0 1020.0 0.0 700.0 1010.0 0.0 700.0000000000001 1020.0 0.0 750.0 1010.0 0.0 750.0 1020.0 0.0 800.0 1010.0 0.0 799.9999999999999 1020.0 0.0 850.0000000000002 1010.0 0.0 850.0000000000002 1020.0 0.0 900.0 1010.0 0.0 900.0 1020.0 0.0 950.0000000000002 1010.0 0.0 950.0000000000002 1020.0 0.0 1010.0 -30.0 -20.0 1010.0 -30.0 -10.0 1020.0 -30.0 -20.0 1020.0 -30.0 -10.0 1030.0 -20.0 -20.0 1030.0 -20.0 -10.0 1030.0 -10.0 -20.0 1030.0 -10.0 -10.0 1010.0 0.0 -20.0 1010.0 0.0 -10.0 1020.0 0.0 -20.0 1020.0 0.0 -10.0 1010.0 -20.0 0.0 1010.0 -10.0 0.0 1020.0 -20.0 0.0 1020.0 -10.0 0.0 1030.0 50.0 -20.0 1030.0 50.0 -10.0 1030.0 100.0 -20.0 1030.0 100.0 -10.0 1030.0 150.00000000000003 -20.0 1030.0 150.00000000000003 -10.0 1030.0 200.0 -20.0 1030.0 200.0 -10.0 1030.0 250.0 -20.0 1030.0 250.0 -10.0 1030.0 300.00000000000006 -20.0 1030.0 300.00000000000006 -10.0 1030.0 350.00000000000006 -20.0 1030.0 350.00000000000006 -10.0 1030.0 400.0 -20.0 1030.0 400.0 -10.0 1030.0 450.0 -20.0 1030.0 450.0 -10.0 1030.0 500.0 -20.0 1030.0 500.0 -10.0 1030.0 550.0 -20.0 1030.0 550.0 -10.0 1030.0 600.0000000000001 -20.0 1030.0 600.0000000000001 -10.0 1030.0 650.0 -20.0 1030.0 650.0 -10.0 1030.0 700.0000000000001 -20.0 1030.0 700.0000000000001 -10.0 1030.0 750.0 -20.0 1030.0 750.0 -10.0 1030.0 800.0 -20.0 1030.0 800.0 -10.0 1030.0 850.0000000000001 -20.0 1030.0 850.0000000000001 -10.0 1030.0 900.0 -20.0 1030.0 900.0 -10.0 1030.0 950.0000000000001 -20.0 1030.0 950.0000000000001 -10.0 1010.0 1000.0 -20.0 1010.0 1000.0 -10.0 1020.0 1000.0 -20.0 1020.0 1000.0 -10.0 1010.0 50.0 0.0 1010.0 100.0 0.0 1010.0 150.0 0.0 1010.0 200.0000000000001 0.0 1010.0 249.99999999999997 0.0 1010.0 300.0 0.0 1010.0 350.0000000000001 0.0 1010.0 399.99999999999994 0.0 1010.0 450.0 0.0 1010.0 500.0 0.0 1010.0 550.0 0.0 1010.0 600.0000000000002 0.0 1010.0 650.0 0.0 1010.0 700.0000000000001 0.0 1010.0 750.0 0.0 1010.0 799.9999999999999 0.0 1010.0 850.0000000000002 0.0 1010.0 900.0 0.0 1010.0 950.0000000000002 0.0 1020.0 50.0 0.0 1020.0 100.0 0.0 1020.0 150.0 0.0 1020.0 200.0 0.0 1020.0 250.0 0.0 1020.0 300.0 0.0 1020.0 350.0000000000001 0.0 1020.0 400.0 0.0 1020.0 450.0 0.0 1020.0 500.0 0.0 1020.0 550.0 0.0 1020.0 600.0000000000002 0.0 1020.0 650.0 0.0 1020.0 700.0000000000002 0.0 1020.0 750.0 0.0 1020.0 800.0 0.0 1020.0 850.0000000000002 0.0 1020.0 900.0 0.0 1020.0 950.0000000000002 0.0 1030.0 1010.0 -20.0 1030.0 1010.0 -10.0 1030.0 1020.0 -20.0 1030.0 1020.0 -10.0 1010.0 1030.0 -20.0 1010.0 1030.0 -10.0 1020.0 1030.0 -20.0 1020.0 1030.0 -10.0 1010.0 1010.0 0.0 1010.0 1020.0 0.0 1020.0 1010.0 0.0 1020.0 1020.0 0.0 -20.87488663525924 -30.87488663525924 10.0 -21.74977327051848 -31.74977327051848 20.0 -22.62465990577772 -32.62465990577772 30.0 -23.49954654103696 -33.49954654103696 40.0 -24.3744331762962 -34.3744331762962 50.0 -25.24931981155544 -35.24931981155544 60.0 -26.124206446814682 -36.12420644681468 70.0 -26.99909308207392 -36.99909308207392 80.0 -27.87397971733316 -37.87397971733316 90.0 -10.87488663525924 -30.87488663525924 10.0 -11.74977327051848 -31.74977327051848 20.0 -12.62465990577772 -32.62465990577772 30.0 -13.49954654103696 -33.49954654103696 40.0 -14.3744331762962 -34.3744331762962 50.0 -15.249319811555441 -35.24931981155544 60.0 -16.124206446814682 -36.12420644681468 70.0 -16.99909308207392 -36.99909308207392 80.0 -17.87397971733316 -37.87397971733316 90.0 -0.87488663525924 -20.87488663525924 10.0 -1.74977327051848 -21.74977327051848 20.0 -2.6246599057777202 -22.62465990577772 30.0 -3.49954654103696 -23.49954654103696 40.0 -4.3744331762962005 -24.3744331762962 50.0 -5.2493198115554405 -25.24931981155544 60.0 -6.12420644681468 -26.124206446814682 70.0 -6.99909308207392 -26.99909308207392 80.0 -7.87397971733316 -27.87397971733316 90.0 -0.87488663525924 -10.87488663525924 10.0 -1.74977327051848 -11.74977327051848 20.0 -2.6246599057777202 -12.62465990577772 30.0 -3.49954654103696 -13.49954654103696 40.0 -4.3744331762962005 -14.3744331762962 50.0 -5.2493198115554405 -15.249319811555441 60.0 -6.12420644681468 -16.124206446814682 70.0 -6.99909308207392 -16.99909308207392 80.0 -7.87397971733316 -17.87397971733316 90.0 -20.87488663525924 -0.87488663525924 10.0 -21.74977327051848 -1.74977327051848 20.0 -22.62465990577772 -2.6246599057777202 30.0 -23.49954654103696 -3.49954654103696 40.0 -24.3744331762962 -4.3744331762962005 50.0 -25.24931981155544 -5.2493198115554405 60.0 -26.124206446814682 -6.12420644681468 70.0 -26.99909308207392 -6.99909308207392 80.0 -27.87397971733316 -7.87397971733316 90.0 -10.87488663525924 -0.87488663525924 10.0 -11.74977327051848 -1.74977327051848 20.0 -12.62465990577772 -2.6246599057777202 30.0 -13.49954654103696 -3.49954654103696 40.0 -14.3744331762962 -4.3744331762962005 50.0 -15.249319811555441 -5.2493198115554405 60.0 -16.124206446814682 -6.12420644681468 70.0 -16.99909308207392 -6.99909308207392 80.0 -17.87397971733316 -7.87397971733316 90.0 -30.87488663525924 -20.87488663525924 10.0 -31.74977327051848 -21.74977327051848 20.0 -32.62465990577772 -22.62465990577772 30.0 -33.49954654103696 -23.49954654103696 40.0 -34.3744331762962 -24.3744331762962 50.0 -35.24931981155544 -25.24931981155544 60.0 -36.12420644681468 -26.124206446814682 70.0 -36.99909308207392 -26.99909308207392 80.0 -37.87397971733316 -27.87397971733316 90.0 -30.87488663525924 -10.87488663525924 10.0 -31.74977327051848 -11.74977327051848 20.0 -32.62465990577772 -12.62465990577772 30.0 -33.49954654103696 -13.49954654103696 40.0 -34.3744331762962 -14.3744331762962 50.0 -35.24931981155544 -15.249319811555441 60.0 -36.12420644681468 -16.124206446814682 70.0 -36.99909308207392 -16.99909308207392 80.0 -37.87397971733316 -17.87397971733316 90.0 -28.7488663525924 -28.7488663525924 100.0 -28.7488663525924 -18.7488663525924 100.0 -18.7488663525924 -28.7488663525924 100.0 -18.7488663525924 -18.7488663525924 100.0 -0.87488663525924 50.0 10.0 -1.74977327051848 50.0 20.0 -2.6246599057777202 50.0 30.0 -3.49954654103696 50.0 40.0 -4.3744331762962005 50.0 50.0 -5.2493198115554405 50.0 60.0 -6.12420644681468 50.0 70.0 -6.99909308207392 50.0 80.0 -7.87397971733316 50.0 90.0 -0.87488663525924 100.0 10.0 -1.74977327051848 100.0 20.0 -2.6246599057777202 100.0 30.0 -3.49954654103696 100.0 40.0 -4.3744331762962005 100.0 50.0 -5.2493198115554405 100.0 60.0 -6.12420644681468 100.0 70.0 -6.99909308207392 100.0 80.0 -7.87397971733316 100.0 90.0 -0.87488663525924 150.00000000000003 10.0 -1.74977327051848 150.00000000000003 20.0 -2.6246599057777202 150.00000000000003 30.0 -3.49954654103696 150.00000000000003 40.0 -4.3744331762962005 150.00000000000003 50.0 -5.2493198115554405 150.00000000000003 60.0 -6.12420644681468 150.00000000000003 70.0 -6.99909308207392 150.00000000000003 80.0 -7.87397971733316 150.00000000000003 90.0 -0.87488663525924 200.0 10.0 -1.74977327051848 200.0 20.0 -2.6246599057777202 200.0 30.0 -3.49954654103696 200.0 40.0 -4.3744331762962005 200.0 50.0 -5.2493198115554405 200.0 60.0 -6.12420644681468 200.0 70.0 -6.99909308207392 200.0 80.0 -7.87397971733316 200.0 90.0 -0.87488663525924 250.0 10.0 -1.74977327051848 250.0 20.0 -2.6246599057777202 250.0 30.0 -3.49954654103696 250.0 40.0 -4.3744331762962005 250.0 50.0 -5.2493198115554405 250.0 60.0 -6.12420644681468 250.0 70.0 -6.99909308207392 250.0 80.0 -7.87397971733316 250.0 90.0 -0.87488663525924 300.00000000000006 10.0 -1.74977327051848 300.00000000000006 20.0 -2.6246599057777202 300.00000000000006 30.0 -3.49954654103696 300.00000000000006 40.0 -4.3744331762962005 300.00000000000006 50.0 -5.2493198115554405 300.00000000000006 60.0 -6.12420644681468 300.00000000000006 70.0 -6.99909308207392 300.00000000000006 80.0 -7.87397971733316 300.00000000000006 90.0 -0.87488663525924 350.00000000000006 10.0 -1.74977327051848 350.00000000000006 20.0 -2.6246599057777202 350.00000000000006 30.0 -3.49954654103696 350.00000000000006 40.0 -4.3744331762962005 350.00000000000006 50.0 -5.2493198115554405 350.00000000000006 60.0 -6.12420644681468 350.00000000000006 70.0 -6.99909308207392 350.00000000000006 80.0 -7.87397971733316 350.00000000000006 90.0 -0.87488663525924 400.0 10.0 -1.74977327051848 400.0 20.0 -2.6246599057777202 400.0 30.0 -3.49954654103696 400.0 40.0 -4.3744331762962005 400.0 50.0 -5.2493198115554405 400.0 60.0 -6.12420644681468 400.0 70.0 -6.99909308207392 400.0 80.0 -7.87397971733316 400.0 90.0 -0.87488663525924 450.0 10.0 -1.74977327051848 450.0 20.0 -2.6246599057777202 450.0 30.0 -3.49954654103696 450.0 40.0 -4.3744331762962005 450.0 50.0 -5.2493198115554405 450.0 60.0 -6.12420644681468 450.0 70.0 -6.99909308207392 450.0 80.0 -7.87397971733316 450.0 90.0 -0.87488663525924 500.0 10.0 -1.74977327051848 500.0 20.0 -2.6246599057777202 500.0 30.0 -3.49954654103696 500.0 40.0 -4.3744331762962005 500.0 50.0 -5.2493198115554405 500.0 60.0 -6.12420644681468 500.0 70.0 -6.99909308207392 500.0 80.0 -7.87397971733316 500.0 90.0 -0.87488663525924 550.0 10.0 -1.74977327051848 550.0 20.0 -2.6246599057777202 550.0 30.0 -3.49954654103696 550.0 40.0 -4.3744331762962005 550.0 50.0 -5.2493198115554405 550.0 60.0 -6.12420644681468 550.0 70.0 -6.99909308207392 550.0 80.0 -7.87397971733316 550.0 90.0 -0.87488663525924 600.0000000000001 10.0 -1.74977327051848 600.0000000000001 20.0 -2.6246599057777202 600.0000000000001 30.0 -3.49954654103696 600.0000000000001 40.0 -4.3744331762962005 600.0000000000001 50.0 -5.2493198115554405 600.0000000000001 60.0 -6.12420644681468 600.0000000000001 70.0 -6.99909308207392 600.0000000000001 80.0 -7.87397971733316 600.0000000000001 90.0 -0.87488663525924 650.0 10.0 -1.74977327051848 650.0 20.0 -2.6246599057777202 650.0 30.0 -3.49954654103696 650.0 40.0 -4.3744331762962005 650.0 50.0 -5.2493198115554405 650.0 60.0 -6.12420644681468 650.0 70.0 -6.99909308207392 650.0 80.0 -7.87397971733316 650.0 90.0 -0.87488663525924 700.0000000000001 10.0 -1.74977327051848 700.0000000000001 20.0 -2.6246599057777202 700.0000000000001 30.0 -3.49954654103696 700.0000000000001 40.0 -4.3744331762962005 700.0000000000001 50.0 -5.2493198115554405 700.0000000000001 60.0 -6.12420644681468 700.0000000000001 70.0 -6.99909308207392 700.0000000000001 80.0 -7.87397971733316 700.0000000000001 90.0 -0.87488663525924 750.0 10.0 -1.74977327051848 750.0 20.0 -2.6246599057777202 750.0 30.0 -3.49954654103696 750.0 40.0 -4.3744331762962005 750.0 50.0 -5.2493198115554405 750.0 60.0 -6.12420644681468 750.0 70.0 -6.99909308207392 750.0 80.0 -7.87397971733316 750.0 90.0 -0.87488663525924 800.0 10.0 -1.74977327051848 800.0 20.0 -2.6246599057777202 800.0 30.0 -3.49954654103696 800.0 40.0 -4.3744331762962005 800.0 50.0 -5.2493198115554405 800.0 60.0 -6.12420644681468 800.0 70.0 -6.99909308207392 800.0 80.0 -7.87397971733316 800.0 90.0 -0.87488663525924 850.0000000000001 10.0 -1.74977327051848 850.0000000000001 20.0 -2.6246599057777202 850.0000000000001 30.0 -3.49954654103696 850.0000000000001 40.0 -4.3744331762962005 850.0000000000001 50.0 -5.2493198115554405 850.0000000000001 60.0 -6.12420644681468 850.0000000000001 70.0 -6.99909308207392 850.0000000000001 80.0 -7.87397971733316 850.0000000000001 90.0 -0.87488663525924 900.0 10.0 -1.74977327051848 900.0 20.0 -2.6246599057777202 900.0 30.0 -3.49954654103696 900.0 40.0 -4.3744331762962005 900.0 50.0 -5.2493198115554405 900.0 60.0 -6.12420644681468 900.0 70.0 -6.99909308207392 900.0 80.0 -7.87397971733316 900.0 90.0 -0.87488663525924 950.0000000000001 10.0 -1.74977327051848 950.0000000000001 20.0 -2.6246599057777202 950.0000000000001 30.0 -3.49954654103696 950.0000000000001 40.0 -4.3744331762962005 950.0000000000001 50.0 -5.2493198115554405 950.0000000000001 60.0 -6.12420644681468 950.0000000000001 70.0 -6.99909308207392 950.0000000000001 80.0 -7.87397971733316 950.0000000000001 90.0 -20.87488663525924 1000.8748866352593 10.0 -21.74977327051848 1001.7497732705185 20.0 -22.62465990577772 1002.6246599057778 30.0 -23.49954654103696 1003.4995465410369 40.0 -24.3744331762962 1004.3744331762962 50.0 -25.24931981155544 1005.2493198115554 60.0 -26.124206446814682 1006.1242064468147 70.0 -26.99909308207392 1006.999093082074 80.0 -27.87397971733316 1007.8739797173332 90.0 -10.87488663525924 1000.8748866352593 10.0 -11.74977327051848 1001.7497732705185 20.0 -12.62465990577772 1002.6246599057778 30.0 -13.49954654103696 1003.4995465410369 40.0 -14.3744331762962 1004.3744331762962 50.0 -15.249319811555441 1005.2493198115554 60.0 -16.124206446814682 1006.1242064468147 70.0 -16.99909308207392 1006.999093082074 80.0 -17.87397971733316 1007.8739797173332 90.0 -30.87488663525924 50.0 10.0 -31.74977327051848 50.0 20.0 -32.62465990577772 50.0 30.0 -33.49954654103696 50.0 40.0 -34.3744331762962 50.0 50.0 -35.24931981155544 50.0 60.0 -36.12420644681468 50.0 70.0 -36.99909308207392 50.0 80.0 -37.87397971733316 50.0 90.0 -30.87488663525924 100.0 10.0 -31.74977327051848 100.0 20.0 -32.62465990577772 100.0 30.0 -33.49954654103696 100.0 40.0 -34.3744331762962 100.0 50.0 -35.24931981155544 100.0 60.0 -36.12420644681468 100.0 70.0 -36.99909308207392 100.0 80.0 -37.87397971733316 100.0 90.0 -30.87488663525924 150.00000000000003 10.0 -31.74977327051848 150.00000000000003 20.0 -32.62465990577772 150.00000000000003 30.0 -33.49954654103696 150.00000000000003 40.0 -34.3744331762962 150.00000000000003 50.0 -35.24931981155544 150.00000000000003 60.0 -36.12420644681468 150.00000000000003 70.0 -36.99909308207392 150.00000000000003 80.0 -37.87397971733316 150.00000000000003 90.0 -30.87488663525924 200.0 10.0 -31.74977327051848 200.0 20.0 -32.62465990577772 200.0 30.0 -33.49954654103696 200.0 40.0 -34.3744331762962 200.0 50.0 -35.24931981155544 200.0 60.0 -36.12420644681468 200.0 70.0 -36.99909308207392 200.0 80.0 -37.87397971733316 200.0 90.0 -30.87488663525924 250.0 10.0 -31.74977327051848 250.0 20.0 -32.62465990577772 250.0 30.0 -33.49954654103696 250.0 40.0 -34.3744331762962 250.0 50.0 -35.24931981155544 250.0 60.0 -36.12420644681468 250.0 70.0 -36.99909308207392 250.0 80.0 -37.87397971733316 250.0 90.0 -30.87488663525924 300.00000000000006 10.0 -31.74977327051848 300.00000000000006 20.0 -32.62465990577772 300.00000000000006 30.0 -33.49954654103696 300.00000000000006 40.0 -34.3744331762962 300.00000000000006 50.0 -35.24931981155544 300.00000000000006 60.0 -36.12420644681468 300.00000000000006 70.0 -36.99909308207392 300.00000000000006 80.0 -37.87397971733316 300.00000000000006 90.0 -30.87488663525924 350.00000000000006 10.0 -31.74977327051848 350.00000000000006 20.0 -32.62465990577772 350.00000000000006 30.0 -33.49954654103696 350.00000000000006 40.0 -34.3744331762962 350.00000000000006 50.0 -35.24931981155544 350.00000000000006 60.0 -36.12420644681468 350.00000000000006 70.0 -36.99909308207392 350.00000000000006 80.0 -37.87397971733316 350.00000000000006 90.0 -30.87488663525924 400.0 10.0 -31.74977327051848 400.0 20.0 -32.62465990577772 400.0 30.0 -33.49954654103696 400.0 40.0 -34.3744331762962 400.0 50.0 -35.24931981155544 400.0 60.0 -36.12420644681468 400.0 70.0 -36.99909308207392 400.0 80.0 -37.87397971733316 400.0 90.0 -30.87488663525924 450.0 10.0 -31.74977327051848 450.0 20.0 -32.62465990577772 450.0 30.0 -33.49954654103696 450.0 40.0 -34.3744331762962 450.0 50.0 -35.24931981155544 450.0 60.0 -36.12420644681468 450.0 70.0 -36.99909308207392 450.0 80.0 -37.87397971733316 450.0 90.0 -30.87488663525924 500.0 10.0 -31.74977327051848 500.0 20.0 -32.62465990577772 500.0 30.0 -33.49954654103696 500.0 40.0 -34.3744331762962 500.0 50.0 -35.24931981155544 500.0 60.0 -36.12420644681468 500.0 70.0 -36.99909308207392 500.0 80.0 -37.87397971733316 500.0 90.0 -30.87488663525924 550.0 10.0 -31.74977327051848 550.0 20.0 -32.62465990577772 550.0 30.0 -33.49954654103696 550.0 40.0 -34.3744331762962 550.0 50.0 -35.24931981155544 550.0 60.0 -36.12420644681468 550.0 70.0 -36.99909308207392 550.0 80.0 -37.87397971733316 550.0 90.0 -30.87488663525924 600.0000000000001 10.0 -31.74977327051848 600.0000000000001 20.0 -32.62465990577772 600.0000000000001 30.0 -33.49954654103696 600.0000000000001 40.0 -34.3744331762962 600.0000000000001 50.0 -35.24931981155544 600.0000000000001 60.0 -36.12420644681468 600.0000000000001 70.0 -36.99909308207392 600.0000000000001 80.0 -37.87397971733316 600.0000000000001 90.0 -30.87488663525924 650.0 10.0 -31.74977327051848 650.0 20.0 -32.62465990577772 650.0 30.0 -33.49954654103696 650.0 40.0 -34.3744331762962 650.0 50.0 -35.24931981155544 650.0 60.0 -36.12420644681468 650.0 70.0 -36.99909308207392 650.0 80.0 -37.87397971733316 650.0 90.0 -30.87488663525924 700.0000000000001 10.0 -31.74977327051848 700.0000000000001 20.0 -32.62465990577772 700.0000000000001 30.0 -33.49954654103696 700.0000000000001 40.0 -34.3744331762962 700.0000000000001 50.0 -35.24931981155544 700.0000000000001 60.0 -36.12420644681468 700.0000000000001 70.0 -36.99909308207392 700.0000000000001 80.0 -37.87397971733316 700.0000000000001 90.0 -30.87488663525924 750.0 10.0 -31.74977327051848 750.0 20.0 -32.62465990577772 750.0 30.0 -33.49954654103696 750.0 40.0 -34.3744331762962 750.0 50.0 -35.24931981155544 750.0 60.0 -36.12420644681468 750.0 70.0 -36.99909308207392 750.0 80.0 -37.87397971733316 750.0 90.0 -30.87488663525924 800.0 10.0 -31.74977327051848 800.0 20.0 -32.62465990577772 800.0 30.0 -33.49954654103696 800.0 40.0 -34.3744331762962 800.0 50.0 -35.24931981155544 800.0 60.0 -36.12420644681468 800.0 70.0 -36.99909308207392 800.0 80.0 -37.87397971733316 800.0 90.0 -30.87488663525924 850.0000000000001 10.0 -31.74977327051848 850.0000000000001 20.0 -32.62465990577772 850.0000000000001 30.0 -33.49954654103696 850.0000000000001 40.0 -34.3744331762962 850.0000000000001 50.0 -35.24931981155544 850.0000000000001 60.0 -36.12420644681468 850.0000000000001 70.0 -36.99909308207392 850.0000000000001 80.0 -37.87397971733316 850.0000000000001 90.0 -30.87488663525924 900.0 10.0 -31.74977327051848 900.0 20.0 -32.62465990577772 900.0 30.0 -33.49954654103696 900.0 40.0 -34.3744331762962 900.0 50.0 -35.24931981155544 900.0 60.0 -36.12420644681468 900.0 70.0 -36.99909308207392 900.0 80.0 -37.87397971733316 900.0 90.0 -30.87488663525924 950.0000000000001 10.0 -31.74977327051848 950.0000000000001 20.0 -32.62465990577772 950.0000000000001 30.0 -33.49954654103696 950.0000000000001 40.0 -34.3744331762962 950.0000000000001 50.0 -35.24931981155544 950.0000000000001 60.0 -36.12420644681468 950.0000000000001 70.0 -36.99909308207392 950.0000000000001 80.0 -37.87397971733316 950.0000000000001 90.0 -28.7488663525924 50.0 100.0 -28.7488663525924 100.0 100.0 -28.7488663525924 150.0 100.0 -28.7488663525924 200.0000000000001 100.0 -28.7488663525924 249.99999999999997 100.0 -28.7488663525924 300.0 100.0 -28.7488663525924 350.0000000000001 100.0 -28.7488663525924 399.99999999999994 100.0 -28.7488663525924 450.0 100.0 -28.7488663525924 500.0 100.0 -28.7488663525924 550.0 100.0 -28.7488663525924 600.0000000000002 100.0 -28.7488663525924 650.0 100.0 -28.7488663525924 700.0000000000001 100.0 -28.7488663525924 750.0 100.0 -28.7488663525924 799.9999999999999 100.0 -28.7488663525924 850.0000000000002 100.0 -28.7488663525924 900.0 100.0 -28.7488663525924 950.0000000000002 100.0 -18.7488663525924 50.0 100.0 -18.7488663525924 100.0 100.0 -18.7488663525924 150.0 100.0 -18.7488663525924 200.0 100.0 -18.7488663525924 250.0 100.0 -18.7488663525924 300.0 100.0 -18.7488663525924 350.0000000000001 100.0 -18.7488663525924 400.0 100.0 -18.7488663525924 450.0 100.0 -18.7488663525924 500.0 100.0 -18.7488663525924 550.0 100.0 -18.7488663525924 600.0000000000002 100.0 -18.7488663525924 650.0 100.0 -18.7488663525924 700.0000000000002 100.0 -18.7488663525924 750.0 100.0 -18.7488663525924 800.0 100.0 -18.7488663525924 850.0000000000002 100.0 -18.7488663525924 900.0 100.0 -18.7488663525924 950.0000000000002 100.0 -0.87488663525924 1010.8748866352593 10.0 -1.74977327051848 1011.7497732705185 20.0 -2.6246599057777202 1012.6246599057778 30.0 -3.49954654103696 1013.4995465410369 40.0 -4.3744331762962005 1014.3744331762962 50.0 -5.2493198115554405 1015.2493198115554 60.0 -6.12420644681468 1016.1242064468147 70.0 -6.99909308207392 1016.999093082074 80.0 -7.87397971733316 1017.8739797173332 90.0 -0.87488663525924 1020.8748866352593 10.0 -1.74977327051848 1021.7497732705185 20.0 -2.6246599057777202 1022.6246599057778 30.0 -3.49954654103696 1023.4995465410369 40.0 -4.3744331762962005 1024.3744331762962 50.0 -5.2493198115554405 1025.2493198115556 60.0 -6.12420644681468 1026.1242064468147 70.0 -6.99909308207392 1026.9990930820738 80.0 -7.87397971733316 1027.8739797173332 90.0 -20.87488663525924 1030.8748866352591 10.0 -21.74977327051848 1031.7497732705185 20.0 -22.62465990577772 1032.6246599057777 30.0 -23.49954654103696 1033.499546541037 40.0 -24.3744331762962 1034.3744331762962 50.0 -25.24931981155544 1035.2493198115556 60.0 -26.124206446814682 1036.1242064468147 70.0 -26.99909308207392 1036.9990930820738 80.0 -27.87397971733316 1037.8739797173332 90.0 -10.87488663525924 1030.8748866352591 10.0 -11.74977327051848 1031.7497732705185 20.0 -12.62465990577772 1032.6246599057777 30.0 -13.49954654103696 1033.499546541037 40.0 -14.3744331762962 1034.3744331762962 50.0 -15.249319811555441 1035.2493198115556 60.0 -16.124206446814682 1036.1242064468147 70.0 -16.99909308207392 1036.9990930820738 80.0 -17.87397971733316 1037.8739797173332 90.0 -30.87488663525924 1010.8748866352593 10.0 -31.74977327051848 1011.7497732705185 20.0 -32.62465990577772 1012.6246599057778 30.0 -33.49954654103696 1013.4995465410369 40.0 -34.3744331762962 1014.3744331762962 50.0 -35.24931981155544 1015.2493198115554 60.0 -36.12420644681468 1016.1242064468147 70.0 -36.99909308207392 1016.999093082074 80.0 -37.87397971733316 1017.8739797173332 90.0 -30.87488663525924 1020.8748866352593 10.0 -31.74977327051848 1021.7497732705185 20.0 -32.62465990577772 1022.6246599057778 30.0 -33.49954654103696 1023.4995465410369 40.0 -34.3744331762962 1024.3744331762962 50.0 -35.24931981155544 1025.2493198115556 60.0 -36.12420644681468 1026.1242064468147 70.0 -36.99909308207392 1026.9990930820738 80.0 -37.87397971733316 1027.8739797173332 90.0 -28.7488663525924 1018.7488663525924 100.0 -28.7488663525924 1028.7488663525924 100.0 -18.7488663525924 1018.7488663525924 100.0 -18.7488663525924 1028.7488663525924 100.0 50.0 -30.87488663525924 10.0 50.0 -31.74977327051848 20.0 50.0 -32.62465990577772 30.0 50.0 -33.49954654103696 40.0 50.0 -34.3744331762962 50.0 50.0 -35.24931981155544 60.0 50.0 -36.12420644681468 70.0 50.0 -36.99909308207392 80.0 50.0 -37.87397971733316 90.0 100.0 -30.87488663525924 10.0 100.0 -31.74977327051848 20.0 100.0 -32.62465990577772 30.0 100.0 -33.49954654103696 40.0 100.0 -34.3744331762962 50.0 100.0 -35.24931981155544 60.0 100.0 -36.12420644681468 70.0 100.0 -36.99909308207392 80.0 100.0 -37.87397971733316 90.0 150.00000000000003 -30.87488663525924 10.0 150.00000000000003 -31.74977327051848 20.0 150.00000000000003 -32.62465990577772 30.0 150.00000000000003 -33.49954654103696 40.0 150.00000000000003 -34.3744331762962 50.0 150.00000000000003 -35.24931981155544 60.0 150.00000000000003 -36.12420644681468 70.0 150.00000000000003 -36.99909308207392 80.0 150.00000000000003 -37.87397971733316 90.0 200.0 -30.87488663525924 10.0 200.0 -31.74977327051848 20.0 200.0 -32.62465990577772 30.0 200.0 -33.49954654103696 40.0 200.0 -34.3744331762962 50.0 200.0 -35.24931981155544 60.0 200.0 -36.12420644681468 70.0 200.0 -36.99909308207392 80.0 200.0 -37.87397971733316 90.0 250.0 -30.87488663525924 10.0 250.0 -31.74977327051848 20.0 250.0 -32.62465990577772 30.0 250.0 -33.49954654103696 40.0 250.0 -34.3744331762962 50.0 250.0 -35.24931981155544 60.0 250.0 -36.12420644681468 70.0 250.0 -36.99909308207392 80.0 250.0 -37.87397971733316 90.0 300.00000000000006 -30.87488663525924 10.0 300.00000000000006 -31.74977327051848 20.0 300.00000000000006 -32.62465990577772 30.0 300.00000000000006 -33.49954654103696 40.0 300.00000000000006 -34.3744331762962 50.0 300.00000000000006 -35.24931981155544 60.0 300.00000000000006 -36.12420644681468 70.0 300.00000000000006 -36.99909308207392 80.0 300.00000000000006 -37.87397971733316 90.0 350.00000000000006 -30.87488663525924 10.0 350.00000000000006 -31.74977327051848 20.0 350.00000000000006 -32.62465990577772 30.0 350.00000000000006 -33.49954654103696 40.0 350.00000000000006 -34.3744331762962 50.0 350.00000000000006 -35.24931981155544 60.0 350.00000000000006 -36.12420644681468 70.0 350.00000000000006 -36.99909308207392 80.0 350.00000000000006 -37.87397971733316 90.0 400.0 -30.87488663525924 10.0 400.0 -31.74977327051848 20.0 400.0 -32.62465990577772 30.0 400.0 -33.49954654103696 40.0 400.0 -34.3744331762962 50.0 400.0 -35.24931981155544 60.0 400.0 -36.12420644681468 70.0 400.0 -36.99909308207392 80.0 400.0 -37.87397971733316 90.0 450.0 -30.87488663525924 10.0 450.0 -31.74977327051848 20.0 450.0 -32.62465990577772 30.0 450.0 -33.49954654103696 40.0 450.0 -34.3744331762962 50.0 450.0 -35.24931981155544 60.0 450.0 -36.12420644681468 70.0 450.0 -36.99909308207392 80.0 450.0 -37.87397971733316 90.0 500.0 -30.87488663525924 10.0 500.0 -31.74977327051848 20.0 500.0 -32.62465990577772 30.0 500.0 -33.49954654103696 40.0 500.0 -34.3744331762962 50.0 500.0 -35.24931981155544 60.0 500.0 -36.12420644681468 70.0 500.0 -36.99909308207392 80.0 500.0 -37.87397971733316 90.0 550.0 -30.87488663525924 10.0 550.0 -31.74977327051848 20.0 550.0 -32.62465990577772 30.0 550.0 -33.49954654103696 40.0 550.0 -34.3744331762962 50.0 550.0 -35.24931981155544 60.0 550.0 -36.12420644681468 70.0 550.0 -36.99909308207392 80.0 550.0 -37.87397971733316 90.0 600.0000000000001 -30.87488663525924 10.0 600.0000000000001 -31.74977327051848 20.0 600.0000000000001 -32.62465990577772 30.0 600.0000000000001 -33.49954654103696 40.0 600.0000000000001 -34.3744331762962 50.0 600.0000000000001 -35.24931981155544 60.0 600.0000000000001 -36.12420644681468 70.0 600.0000000000001 -36.99909308207392 80.0 600.0000000000001 -37.87397971733316 90.0 650.0 -30.87488663525924 10.0 650.0 -31.74977327051848 20.0 650.0 -32.62465990577772 30.0 650.0 -33.49954654103696 40.0 650.0 -34.3744331762962 50.0 650.0 -35.24931981155544 60.0 650.0 -36.12420644681468 70.0 650.0 -36.99909308207392 80.0 650.0 -37.87397971733316 90.0 700.0000000000001 -30.87488663525924 10.0 700.0000000000001 -31.74977327051848 20.0 700.0000000000001 -32.62465990577772 30.0 700.0000000000001 -33.49954654103696 40.0 700.0000000000001 -34.3744331762962 50.0 700.0000000000001 -35.24931981155544 60.0 700.0000000000001 -36.12420644681468 70.0 700.0000000000001 -36.99909308207392 80.0 700.0000000000001 -37.87397971733316 90.0 750.0 -30.87488663525924 10.0 750.0 -31.74977327051848 20.0 750.0 -32.62465990577772 30.0 750.0 -33.49954654103696 40.0 750.0 -34.3744331762962 50.0 750.0 -35.24931981155544 60.0 750.0 -36.12420644681468 70.0 750.0 -36.99909308207392 80.0 750.0 -37.87397971733316 90.0 800.0 -30.87488663525924 10.0 800.0 -31.74977327051848 20.0 800.0 -32.62465990577772 30.0 800.0 -33.49954654103696 40.0 800.0 -34.3744331762962 50.0 800.0 -35.24931981155544 60.0 800.0 -36.12420644681468 70.0 800.0 -36.99909308207392 80.0 800.0 -37.87397971733316 90.0 850.0000000000001 -30.87488663525924 10.0 850.0000000000001 -31.74977327051848 20.0 850.0000000000001 -32.62465990577772 30.0 850.0000000000001 -33.49954654103696 40.0 850.0000000000001 -34.3744331762962 50.0 850.0000000000001 -35.24931981155544 60.0 850.0000000000001 -36.12420644681468 70.0 850.0000000000001 -36.99909308207392 80.0 850.0000000000001 -37.87397971733316 90.0 900.0 -30.87488663525924 10.0 900.0 -31.74977327051848 20.0 900.0 -32.62465990577772 30.0 900.0 -33.49954654103696 40.0 900.0 -34.3744331762962 50.0 900.0 -35.24931981155544 60.0 900.0 -36.12420644681468 70.0 900.0 -36.99909308207392 80.0 900.0 -37.87397971733316 90.0 950.0000000000001 -30.87488663525924 10.0 950.0000000000001 -31.74977327051848 20.0 950.0000000000001 -32.62465990577772 30.0 950.0000000000001 -33.49954654103696 40.0 950.0000000000001 -34.3744331762962 50.0 950.0000000000001 -35.24931981155544 60.0 950.0000000000001 -36.12420644681468 70.0 950.0000000000001 -36.99909308207392 80.0 950.0000000000001 -37.87397971733316 90.0 1000.8748866352593 -20.87488663525924 10.0 1001.7497732705185 -21.74977327051848 20.0 1002.6246599057778 -22.62465990577772 30.0 1003.4995465410369 -23.49954654103696 40.0 1004.3744331762962 -24.3744331762962 50.0 1005.2493198115554 -25.24931981155544 60.0 1006.1242064468147 -26.124206446814682 70.0 1006.999093082074 -26.99909308207392 80.0 1007.8739797173332 -27.87397971733316 90.0 1000.8748866352593 -10.87488663525924 10.0 1001.7497732705185 -11.74977327051848 20.0 1002.6246599057778 -12.62465990577772 30.0 1003.4995465410369 -13.49954654103696 40.0 1004.3744331762962 -14.3744331762962 50.0 1005.2493198115554 -15.249319811555441 60.0 1006.1242064468147 -16.124206446814682 70.0 1006.999093082074 -16.99909308207392 80.0 1007.8739797173332 -17.87397971733316 90.0 50.0 -0.87488663525924 10.0 50.0 -1.74977327051848 20.0 50.0 -2.6246599057777202 30.0 50.0 -3.49954654103696 40.0 50.0 -4.3744331762962005 50.0 50.0 -5.2493198115554405 60.0 50.0 -6.12420644681468 70.0 50.0 -6.99909308207392 80.0 50.0 -7.87397971733316 90.0 100.0 -0.87488663525924 10.0 100.0 -1.74977327051848 20.0 100.0 -2.6246599057777202 30.0 100.0 -3.49954654103696 40.0 100.0 -4.3744331762962005 50.0 100.0 -5.2493198115554405 60.0 100.0 -6.12420644681468 70.0 100.0 -6.99909308207392 80.0 100.0 -7.87397971733316 90.0 150.00000000000003 -0.87488663525924 10.0 150.00000000000003 -1.74977327051848 20.0 150.00000000000003 -2.6246599057777202 30.0 150.00000000000003 -3.49954654103696 40.0 150.00000000000003 -4.3744331762962005 50.0 150.00000000000003 -5.2493198115554405 60.0 150.00000000000003 -6.12420644681468 70.0 150.00000000000003 -6.99909308207392 80.0 150.00000000000003 -7.87397971733316 90.0 200.0 -0.87488663525924 10.0 200.0 -1.74977327051848 20.0 200.0 -2.6246599057777202 30.0 200.0 -3.49954654103696 40.0 200.0 -4.3744331762962005 50.0 200.0 -5.2493198115554405 60.0 200.0 -6.12420644681468 70.0 200.0 -6.99909308207392 80.0 200.0 -7.87397971733316 90.0 250.0 -0.87488663525924 10.0 250.0 -1.74977327051848 20.0 250.0 -2.6246599057777202 30.0 250.0 -3.49954654103696 40.0 250.0 -4.3744331762962005 50.0 250.0 -5.2493198115554405 60.0 250.0 -6.12420644681468 70.0 250.0 -6.99909308207392 80.0 250.0 -7.87397971733316 90.0 300.00000000000006 -0.87488663525924 10.0 300.00000000000006 -1.74977327051848 20.0 300.00000000000006 -2.6246599057777202 30.0 300.00000000000006 -3.49954654103696 40.0 300.00000000000006 -4.3744331762962005 50.0 300.00000000000006 -5.2493198115554405 60.0 300.00000000000006 -6.12420644681468 70.0 300.00000000000006 -6.99909308207392 80.0 300.00000000000006 -7.87397971733316 90.0 350.00000000000006 -0.87488663525924 10.0 350.00000000000006 -1.74977327051848 20.0 350.00000000000006 -2.6246599057777202 30.0 350.00000000000006 -3.49954654103696 40.0 350.00000000000006 -4.3744331762962005 50.0 350.00000000000006 -5.2493198115554405 60.0 350.00000000000006 -6.12420644681468 70.0 350.00000000000006 -6.99909308207392 80.0 350.00000000000006 -7.87397971733316 90.0 400.0 -0.87488663525924 10.0 400.0 -1.74977327051848 20.0 400.0 -2.6246599057777202 30.0 400.0 -3.49954654103696 40.0 400.0 -4.3744331762962005 50.0 400.0 -5.2493198115554405 60.0 400.0 -6.12420644681468 70.0 400.0 -6.99909308207392 80.0 400.0 -7.87397971733316 90.0 450.0 -0.87488663525924 10.0 450.0 -1.74977327051848 20.0 450.0 -2.6246599057777202 30.0 450.0 -3.49954654103696 40.0 450.0 -4.3744331762962005 50.0 450.0 -5.2493198115554405 60.0 450.0 -6.12420644681468 70.0 450.0 -6.99909308207392 80.0 450.0 -7.87397971733316 90.0 500.0 -0.87488663525924 10.0 500.0 -1.74977327051848 20.0 500.0 -2.6246599057777202 30.0 500.0 -3.49954654103696 40.0 500.0 -4.3744331762962005 50.0 500.0 -5.2493198115554405 60.0 500.0 -6.12420644681468 70.0 500.0 -6.99909308207392 80.0 500.0 -7.87397971733316 90.0 550.0 -0.87488663525924 10.0 550.0 -1.74977327051848 20.0 550.0 -2.6246599057777202 30.0 550.0 -3.49954654103696 40.0 550.0 -4.3744331762962005 50.0 550.0 -5.2493198115554405 60.0 550.0 -6.12420644681468 70.0 550.0 -6.99909308207392 80.0 550.0 -7.87397971733316 90.0 600.0000000000001 -0.87488663525924 10.0 600.0000000000001 -1.74977327051848 20.0 600.0000000000001 -2.6246599057777202 30.0 600.0000000000001 -3.49954654103696 40.0 600.0000000000001 -4.3744331762962005 50.0 600.0000000000001 -5.2493198115554405 60.0 600.0000000000001 -6.12420644681468 70.0 600.0000000000001 -6.99909308207392 80.0 600.0000000000001 -7.87397971733316 90.0 650.0 -0.87488663525924 10.0 650.0 -1.74977327051848 20.0 650.0 -2.6246599057777202 30.0 650.0 -3.49954654103696 40.0 650.0 -4.3744331762962005 50.0 650.0 -5.2493198115554405 60.0 650.0 -6.12420644681468 70.0 650.0 -6.99909308207392 80.0 650.0 -7.87397971733316 90.0 700.0000000000001 -0.87488663525924 10.0 700.0000000000001 -1.74977327051848 20.0 700.0000000000001 -2.6246599057777202 30.0 700.0000000000001 -3.49954654103696 40.0 700.0000000000001 -4.3744331762962005 50.0 700.0000000000001 -5.2493198115554405 60.0 700.0000000000001 -6.12420644681468 70.0 700.0000000000001 -6.99909308207392 80.0 700.0000000000001 -7.87397971733316 90.0 750.0 -0.87488663525924 10.0 750.0 -1.74977327051848 20.0 750.0 -2.6246599057777202 30.0 750.0 -3.49954654103696 40.0 750.0 -4.3744331762962005 50.0 750.0 -5.2493198115554405 60.0 750.0 -6.12420644681468 70.0 750.0 -6.99909308207392 80.0 750.0 -7.87397971733316 90.0 800.0 -0.87488663525924 10.0 800.0 -1.74977327051848 20.0 800.0 -2.6246599057777202 30.0 800.0 -3.49954654103696 40.0 800.0 -4.3744331762962005 50.0 800.0 -5.2493198115554405 60.0 800.0 -6.12420644681468 70.0 800.0 -6.99909308207392 80.0 800.0 -7.87397971733316 90.0 850.0000000000001 -0.87488663525924 10.0 850.0000000000001 -1.74977327051848 20.0 850.0000000000001 -2.6246599057777202 30.0 850.0000000000001 -3.49954654103696 40.0 850.0000000000001 -4.3744331762962005 50.0 850.0000000000001 -5.2493198115554405 60.0 850.0000000000001 -6.12420644681468 70.0 850.0000000000001 -6.99909308207392 80.0 850.0000000000001 -7.87397971733316 90.0 900.0 -0.87488663525924 10.0 900.0 -1.74977327051848 20.0 900.0 -2.6246599057777202 30.0 900.0 -3.49954654103696 40.0 900.0 -4.3744331762962005 50.0 900.0 -5.2493198115554405 60.0 900.0 -6.12420644681468 70.0 900.0 -6.99909308207392 80.0 900.0 -7.87397971733316 90.0 950.0000000000001 -0.87488663525924 10.0 950.0000000000001 -1.74977327051848 20.0 950.0000000000001 -2.6246599057777202 30.0 950.0000000000001 -3.49954654103696 40.0 950.0000000000001 -4.3744331762962005 50.0 950.0000000000001 -5.2493198115554405 60.0 950.0000000000001 -6.12420644681468 70.0 950.0000000000001 -6.99909308207392 80.0 950.0000000000001 -7.87397971733316 90.0 50.0 -28.7488663525924 100.0 50.0 -18.7488663525924 100.0 100.00000000000011 -28.7488663525924 100.0 100.0 -18.7488663525924 100.0 150.0 -28.7488663525924 100.0 150.0 -18.7488663525924 100.0 200.00000000000006 -28.7488663525924 100.0 200.00000000000006 -18.7488663525924 100.0 250.0 -28.7488663525924 100.0 250.0 -18.7488663525924 100.0 300.0000000000001 -28.7488663525924 100.0 300.0000000000001 -18.7488663525924 100.0 350.0000000000001 -28.7488663525924 100.0 350.0000000000001 -18.7488663525924 100.0 399.99999999999994 -28.7488663525924 100.0 399.99999999999994 -18.7488663525924 100.0 450.0 -28.7488663525924 100.0 450.0 -18.7488663525924 100.0 500.0 -28.7488663525924 100.0 500.0 -18.7488663525924 100.0 550.0 -28.7488663525924 100.0 550.0 -18.7488663525924 100.0 600.0000000000002 -28.7488663525924 100.0 600.0000000000002 -18.7488663525924 100.0 650.0 -28.7488663525924 100.0 650.0 -18.7488663525924 100.0 700.0 -28.7488663525924 100.0 700.0000000000001 -18.7488663525924 100.0 750.0 -28.7488663525924 100.0 750.0 -18.7488663525924 100.0 800.0 -28.7488663525924 100.0 799.9999999999999 -18.7488663525924 100.0 850.0000000000002 -28.7488663525924 100.0 850.0000000000002 -18.7488663525924 100.0 900.0 -28.7488663525924 100.0 900.0 -18.7488663525924 100.0 950.0000000000002 -28.7488663525924 100.0 950.0000000000002 -18.7488663525924 100.0 50.0 1000.8748866352593 10.0 50.0 1001.7497732705185 20.0 50.0 1002.6246599057778 30.0 50.0 1003.4995465410369 40.0 50.0 1004.3744331762962 50.0 50.0 1005.2493198115554 60.0 50.0 1006.1242064468147 70.0 50.0 1006.999093082074 80.0 50.0 1007.8739797173332 90.0 100.0 1000.8748866352593 10.0 100.0 1001.7497732705185 20.0 100.0 1002.6246599057778 30.0 100.0 1003.4995465410369 40.0 100.0 1004.3744331762962 50.0 100.0 1005.2493198115554 60.0 100.0 1006.1242064468147 70.0 100.0 1006.999093082074 80.0 100.0 1007.8739797173332 90.0 150.00000000000003 1000.8748866352593 10.0 150.00000000000003 1001.7497732705185 20.0 150.00000000000003 1002.6246599057778 30.0 150.00000000000003 1003.4995465410369 40.0 150.00000000000003 1004.3744331762962 50.0 150.00000000000003 1005.2493198115554 60.0 150.00000000000003 1006.1242064468147 70.0 150.00000000000003 1006.999093082074 80.0 150.00000000000003 1007.8739797173332 90.0 200.0 1000.8748866352593 10.0 200.0 1001.7497732705185 20.0 200.0 1002.6246599057778 30.0 200.0 1003.4995465410369 40.0 200.0 1004.3744331762962 50.0 200.0 1005.2493198115554 60.0 200.0 1006.1242064468147 70.0 200.0 1006.999093082074 80.0 200.0 1007.8739797173332 90.0 250.0 1000.8748866352593 10.0 250.0 1001.7497732705185 20.0 250.0 1002.6246599057778 30.0 250.0 1003.4995465410369 40.0 250.0 1004.3744331762962 50.0 250.0 1005.2493198115554 60.0 250.0 1006.1242064468147 70.0 250.0 1006.999093082074 80.0 250.0 1007.8739797173332 90.0 300.00000000000006 1000.8748866352593 10.0 300.00000000000006 1001.7497732705185 20.0 300.00000000000006 1002.6246599057778 30.0 300.00000000000006 1003.4995465410369 40.0 300.00000000000006 1004.3744331762962 50.0 300.00000000000006 1005.2493198115554 60.0 300.00000000000006 1006.1242064468147 70.0 300.00000000000006 1006.999093082074 80.0 300.00000000000006 1007.8739797173332 90.0 350.00000000000006 1000.8748866352593 10.0 350.00000000000006 1001.7497732705185 20.0 350.00000000000006 1002.6246599057778 30.0 350.00000000000006 1003.4995465410369 40.0 350.00000000000006 1004.3744331762962 50.0 350.00000000000006 1005.2493198115554 60.0 350.00000000000006 1006.1242064468147 70.0 350.00000000000006 1006.999093082074 80.0 350.00000000000006 1007.8739797173332 90.0 400.0 1000.8748866352593 10.0 400.0 1001.7497732705185 20.0 400.0 1002.6246599057778 30.0 400.0 1003.4995465410369 40.0 400.0 1004.3744331762962 50.0 400.0 1005.2493198115554 60.0 400.0 1006.1242064468147 70.0 400.0 1006.999093082074 80.0 400.0 1007.8739797173332 90.0 450.0 1000.8748866352593 10.0 450.0 1001.7497732705185 20.0 450.0 1002.6246599057778 30.0 450.0 1003.4995465410369 40.0 450.0 1004.3744331762962 50.0 450.0 1005.2493198115554 60.0 450.0 1006.1242064468147 70.0 450.0 1006.999093082074 80.0 450.0 1007.8739797173332 90.0 500.0 1000.8748866352593 10.0 500.0 1001.7497732705185 20.0 500.0 1002.6246599057778 30.0 500.0 1003.4995465410369 40.0 500.0 1004.3744331762962 50.0 500.0 1005.2493198115554 60.0 500.0 1006.1242064468147 70.0 500.0 1006.999093082074 80.0 500.0 1007.8739797173332 90.0 550.0 1000.8748866352593 10.0 550.0 1001.7497732705185 20.0 550.0 1002.6246599057778 30.0 550.0 1003.4995465410369 40.0 550.0 1004.3744331762962 50.0 550.0 1005.2493198115554 60.0 550.0 1006.1242064468147 70.0 550.0 1006.999093082074 80.0 550.0 1007.8739797173332 90.0 600.0000000000001 1000.8748866352593 10.0 600.0000000000001 1001.7497732705185 20.0 600.0000000000001 1002.6246599057778 30.0 600.0000000000001 1003.4995465410369 40.0 600.0000000000001 1004.3744331762962 50.0 600.0000000000001 1005.2493198115554 60.0 600.0000000000001 1006.1242064468147 70.0 600.0000000000001 1006.999093082074 80.0 600.0000000000001 1007.8739797173332 90.0 650.0 1000.8748866352593 10.0 650.0 1001.7497732705185 20.0 650.0 1002.6246599057778 30.0 650.0 1003.4995465410369 40.0 650.0 1004.3744331762962 50.0 650.0 1005.2493198115554 60.0 650.0 1006.1242064468147 70.0 650.0 1006.999093082074 80.0 650.0 1007.8739797173332 90.0 700.0000000000001 1000.8748866352593 10.0 700.0000000000001 1001.7497732705185 20.0 700.0000000000001 1002.6246599057778 30.0 700.0000000000001 1003.4995465410369 40.0 700.0000000000001 1004.3744331762962 50.0 700.0000000000001 1005.2493198115554 60.0 700.0000000000001 1006.1242064468147 70.0 700.0000000000001 1006.999093082074 80.0 700.0000000000001 1007.8739797173332 90.0 750.0 1000.8748866352593 10.0 750.0 1001.7497732705185 20.0 750.0 1002.6246599057778 30.0 750.0 1003.4995465410369 40.0 750.0 1004.3744331762962 50.0 750.0 1005.2493198115554 60.0 750.0 1006.1242064468147 70.0 750.0 1006.999093082074 80.0 750.0 1007.8739797173332 90.0 800.0 1000.8748866352593 10.0 800.0 1001.7497732705185 20.0 800.0 1002.6246599057778 30.0 800.0 1003.4995465410369 40.0 800.0 1004.3744331762962 50.0 800.0 1005.2493198115554 60.0 800.0 1006.1242064468147 70.0 800.0 1006.999093082074 80.0 800.0 1007.8739797173332 90.0 850.0000000000001 1000.8748866352593 10.0 850.0000000000001 1001.7497732705185 20.0 850.0000000000001 1002.6246599057778 30.0 850.0000000000001 1003.4995465410369 40.0 850.0000000000001 1004.3744331762962 50.0 850.0000000000001 1005.2493198115554 60.0 850.0000000000001 1006.1242064468147 70.0 850.0000000000001 1006.999093082074 80.0 850.0000000000001 1007.8739797173332 90.0 900.0 1000.8748866352593 10.0 900.0 1001.7497732705185 20.0 900.0 1002.6246599057778 30.0 900.0 1003.4995465410369 40.0 900.0 1004.3744331762962 50.0 900.0 1005.2493198115554 60.0 900.0 1006.1242064468147 70.0 900.0 1006.999093082074 80.0 900.0 1007.8739797173332 90.0 950.0000000000001 1000.8748866352593 10.0 950.0000000000001 1001.7497732705185 20.0 950.0000000000001 1002.6246599057778 30.0 950.0000000000001 1003.4995465410369 40.0 950.0000000000001 1004.3744331762962 50.0 950.0000000000001 1005.2493198115554 60.0 950.0000000000001 1006.1242064468147 70.0 950.0000000000001 1006.999093082074 80.0 950.0000000000001 1007.8739797173332 90.0 1000.8748866352593 1010.8748866352593 10.0 1001.7497732705185 1011.7497732705185 20.0 1002.6246599057778 1012.6246599057778 30.0 1003.4995465410369 1013.4995465410369 40.0 1004.3744331762962 1014.3744331762962 50.0 1005.2493198115554 1015.2493198115554 60.0 1006.1242064468147 1016.1242064468147 70.0 1006.999093082074 1016.999093082074 80.0 1007.8739797173332 1017.8739797173332 90.0 1000.8748866352593 1020.8748866352593 10.0 1001.7497732705185 1021.7497732705185 20.0 1002.6246599057778 1022.6246599057778 30.0 1003.4995465410369 1023.4995465410369 40.0 1004.3744331762962 1024.3744331762962 50.0 1005.2493198115554 1025.2493198115556 60.0 1006.1242064468147 1026.1242064468147 70.0 1006.999093082074 1026.9990930820738 80.0 1007.8739797173332 1027.8739797173332 90.0 50.0 1030.8748866352591 10.0 50.0 1031.7497732705185 20.0 50.0 1032.6246599057777 30.0 50.0 1033.499546541037 40.0 50.0 1034.3744331762962 50.0 50.0 1035.2493198115556 60.0 50.0 1036.1242064468147 70.0 50.0 1036.9990930820738 80.0 50.0 1037.8739797173332 90.0 100.0 1030.8748866352591 10.0 100.0 1031.7497732705185 20.0 100.0 1032.6246599057777 30.0 100.0 1033.499546541037 40.0 100.0 1034.3744331762962 50.0 100.0 1035.2493198115556 60.0 100.0 1036.1242064468147 70.0 100.0 1036.9990930820738 80.0 100.0 1037.8739797173332 90.0 150.00000000000003 1030.8748866352591 10.0 150.00000000000003 1031.7497732705185 20.0 150.00000000000003 1032.6246599057777 30.0 150.00000000000003 1033.499546541037 40.0 150.00000000000003 1034.3744331762962 50.0 150.00000000000003 1035.2493198115556 60.0 150.00000000000003 1036.1242064468147 70.0 150.00000000000003 1036.9990930820738 80.0 150.00000000000003 1037.8739797173332 90.0 200.0 1030.8748866352591 10.0 200.0 1031.7497732705185 20.0 200.0 1032.6246599057777 30.0 200.0 1033.499546541037 40.0 200.0 1034.3744331762962 50.0 200.0 1035.2493198115556 60.0 200.0 1036.1242064468147 70.0 200.0 1036.9990930820738 80.0 200.0 1037.8739797173332 90.0 250.0 1030.8748866352591 10.0 250.0 1031.7497732705185 20.0 250.0 1032.6246599057777 30.0 250.0 1033.499546541037 40.0 250.0 1034.3744331762962 50.0 250.0 1035.2493198115556 60.0 250.0 1036.1242064468147 70.0 250.0 1036.9990930820738 80.0 250.0 1037.8739797173332 90.0 300.00000000000006 1030.8748866352591 10.0 300.00000000000006 1031.7497732705185 20.0 300.00000000000006 1032.6246599057777 30.0 300.00000000000006 1033.499546541037 40.0 300.00000000000006 1034.3744331762962 50.0 300.00000000000006 1035.2493198115556 60.0 300.00000000000006 1036.1242064468147 70.0 300.00000000000006 1036.9990930820738 80.0 300.00000000000006 1037.8739797173332 90.0 350.00000000000006 1030.8748866352591 10.0 350.00000000000006 1031.7497732705185 20.0 350.00000000000006 1032.6246599057777 30.0 350.00000000000006 1033.499546541037 40.0 350.00000000000006 1034.3744331762962 50.0 350.00000000000006 1035.2493198115556 60.0 350.00000000000006 1036.1242064468147 70.0 350.00000000000006 1036.9990930820738 80.0 350.00000000000006 1037.8739797173332 90.0 400.0 1030.8748866352591 10.0 400.0 1031.7497732705185 20.0 400.0 1032.6246599057777 30.0 400.0 1033.499546541037 40.0 400.0 1034.3744331762962 50.0 400.0 1035.2493198115556 60.0 400.0 1036.1242064468147 70.0 400.0 1036.9990930820738 80.0 400.0 1037.8739797173332 90.0 450.0 1030.8748866352591 10.0 450.0 1031.7497732705185 20.0 450.0 1032.6246599057777 30.0 450.0 1033.499546541037 40.0 450.0 1034.3744331762962 50.0 450.0 1035.2493198115556 60.0 450.0 1036.1242064468147 70.0 450.0 1036.9990930820738 80.0 450.0 1037.8739797173332 90.0 500.0 1030.8748866352591 10.0 500.0 1031.7497732705185 20.0 500.0 1032.6246599057777 30.0 500.0 1033.499546541037 40.0 500.0 1034.3744331762962 50.0 500.0 1035.2493198115556 60.0 500.0 1036.1242064468147 70.0 500.0 1036.9990930820738 80.0 500.0 1037.8739797173332 90.0 550.0 1030.8748866352591 10.0 550.0 1031.7497732705185 20.0 550.0 1032.6246599057777 30.0 550.0 1033.499546541037 40.0 550.0 1034.3744331762962 50.0 550.0 1035.2493198115556 60.0 550.0 1036.1242064468147 70.0 550.0 1036.9990930820738 80.0 550.0 1037.8739797173332 90.0 600.0000000000001 1030.8748866352591 10.0 600.0000000000001 1031.7497732705185 20.0 600.0000000000001 1032.6246599057777 30.0 600.0000000000001 1033.499546541037 40.0 600.0000000000001 1034.3744331762962 50.0 600.0000000000001 1035.2493198115556 60.0 600.0000000000001 1036.1242064468147 70.0 600.0000000000001 1036.9990930820738 80.0 600.0000000000001 1037.8739797173332 90.0 650.0 1030.8748866352591 10.0 650.0 1031.7497732705185 20.0 650.0 1032.6246599057777 30.0 650.0 1033.499546541037 40.0 650.0 1034.3744331762962 50.0 650.0 1035.2493198115556 60.0 650.0 1036.1242064468147 70.0 650.0 1036.9990930820738 80.0 650.0 1037.8739797173332 90.0 700.0000000000001 1030.8748866352591 10.0 700.0000000000001 1031.7497732705185 20.0 700.0000000000001 1032.6246599057777 30.0 700.0000000000001 1033.499546541037 40.0 700.0000000000001 1034.3744331762962 50.0 700.0000000000001 1035.2493198115556 60.0 700.0000000000001 1036.1242064468147 70.0 700.0000000000001 1036.9990930820738 80.0 700.0000000000001 1037.8739797173332 90.0 750.0 1030.8748866352591 10.0 750.0 1031.7497732705185 20.0 750.0 1032.6246599057777 30.0 750.0 1033.499546541037 40.0 750.0 1034.3744331762962 50.0 750.0 1035.2493198115556 60.0 750.0 1036.1242064468147 70.0 750.0 1036.9990930820738 80.0 750.0 1037.8739797173332 90.0 800.0 1030.8748866352591 10.0 800.0 1031.7497732705185 20.0 800.0 1032.6246599057777 30.0 800.0 1033.499546541037 40.0 800.0 1034.3744331762962 50.0 800.0 1035.2493198115556 60.0 800.0 1036.1242064468147 70.0 800.0 1036.9990930820738 80.0 800.0 1037.8739797173332 90.0 850.0000000000001 1030.8748866352591 10.0 850.0000000000001 1031.7497732705185 20.0 850.0000000000001 1032.6246599057777 30.0 850.0000000000001 1033.499546541037 40.0 850.0000000000001 1034.3744331762962 50.0 850.0000000000001 1035.2493198115556 60.0 850.0000000000001 1036.1242064468147 70.0 850.0000000000001 1036.9990930820738 80.0 850.0000000000001 1037.8739797173332 90.0 900.0 1030.8748866352591 10.0 900.0 1031.7497732705185 20.0 900.0 1032.6246599057777 30.0 900.0 1033.499546541037 40.0 900.0 1034.3744331762962 50.0 900.0 1035.2493198115556 60.0 900.0 1036.1242064468147 70.0 900.0 1036.9990930820738 80.0 900.0 1037.8739797173332 90.0 950.0000000000001 1030.8748866352591 10.0 950.0000000000001 1031.7497732705185 20.0 950.0000000000001 1032.6246599057777 30.0 950.0000000000001 1033.499546541037 40.0 950.0000000000001 1034.3744331762962 50.0 950.0000000000001 1035.2493198115556 60.0 950.0000000000001 1036.1242064468147 70.0 950.0000000000001 1036.9990930820738 80.0 950.0000000000001 1037.8739797173332 90.0 50.0 1018.7488663525924 100.0 50.0 1028.7488663525924 100.0 100.00000000000011 1018.7488663525924 100.0 100.0 1028.7488663525924 100.0 150.0 1018.7488663525924 100.0 150.0 1028.7488663525924 100.0 200.00000000000006 1018.7488663525924 100.0 200.00000000000006 1028.7488663525924 100.0 250.0 1018.7488663525924 100.0 250.0 1028.7488663525924 100.0 300.0000000000001 1018.7488663525924 100.0 300.0000000000001 1028.7488663525924 100.0 350.0000000000001 1018.7488663525924 100.0 350.0000000000001 1028.7488663525924 100.0 399.99999999999994 1018.7488663525924 100.0 399.99999999999994 1028.7488663525924 100.0 450.0 1018.7488663525924 100.0 450.0 1028.7488663525924 100.0 500.0 1018.7488663525924 100.0 500.0 1028.7488663525924 100.0 550.0 1018.7488663525924 100.0 550.0 1028.7488663525924 100.0 600.0000000000002 1018.7488663525924 100.0 600.0000000000002 1028.7488663525924 100.0 650.0 1018.7488663525924 100.0 650.0 1028.7488663525924 100.0 700.0 1018.7488663525924 100.0 700.0000000000001 1028.7488663525924 100.0 750.0 1018.7488663525924 100.0 750.0 1028.7488663525924 100.0 800.0 1018.7488663525924 100.0 799.9999999999999 1028.7488663525924 100.0 850.0000000000002 1018.7488663525924 100.0 850.0000000000002 1028.7488663525924 100.0 900.0 1018.7488663525924 100.0 900.0 1028.7488663525924 100.0 950.0000000000002 1018.7488663525924 100.0 950.0000000000002 1028.7488663525924 100.0 1010.8748866352593 -30.87488663525924 10.0 1011.7497732705185 -31.74977327051848 20.0 1012.6246599057778 -32.62465990577772 30.0 1013.4995465410369 -33.49954654103696 40.0 1014.3744331762962 -34.3744331762962 50.0 1015.2493198115554 -35.24931981155544 60.0 1016.1242064468147 -36.12420644681468 70.0 1016.999093082074 -36.99909308207392 80.0 1017.8739797173332 -37.87397971733316 90.0 1020.8748866352593 -30.87488663525924 10.0 1021.7497732705185 -31.74977327051848 20.0 1022.6246599057778 -32.62465990577772 30.0 1023.4995465410369 -33.49954654103696 40.0 1024.3744331762962 -34.3744331762962 50.0 1025.2493198115556 -35.24931981155544 60.0 1026.1242064468147 -36.12420644681468 70.0 1026.9990930820738 -36.99909308207392 80.0 1027.8739797173332 -37.87397971733316 90.0 1030.8748866352591 -20.87488663525924 10.0 1031.7497732705185 -21.74977327051848 20.0 1032.6246599057777 -22.62465990577772 30.0 1033.499546541037 -23.49954654103696 40.0 1034.3744331762962 -24.3744331762962 50.0 1035.2493198115556 -25.24931981155544 60.0 1036.1242064468147 -26.124206446814682 70.0 1036.9990930820738 -26.99909308207392 80.0 1037.8739797173332 -27.87397971733316 90.0 1030.8748866352591 -10.87488663525924 10.0 1031.7497732705185 -11.74977327051848 20.0 1032.6246599057777 -12.62465990577772 30.0 1033.499546541037 -13.49954654103696 40.0 1034.3744331762962 -14.3744331762962 50.0 1035.2493198115556 -15.249319811555441 60.0 1036.1242064468147 -16.124206446814682 70.0 1036.9990930820738 -16.99909308207392 80.0 1037.8739797173332 -17.87397971733316 90.0 1010.8748866352593 -0.87488663525924 10.0 1011.7497732705185 -1.74977327051848 20.0 1012.6246599057778 -2.6246599057777202 30.0 1013.4995465410369 -3.49954654103696 40.0 1014.3744331762962 -4.3744331762962005 50.0 1015.2493198115554 -5.2493198115554405 60.0 1016.1242064468147 -6.12420644681468 70.0 1016.999093082074 -6.99909308207392 80.0 1017.8739797173332 -7.87397971733316 90.0 1020.8748866352593 -0.87488663525924 10.0 1021.7497732705185 -1.74977327051848 20.0 1022.6246599057778 -2.6246599057777202 30.0 1023.4995465410369 -3.49954654103696 40.0 1024.3744331762962 -4.3744331762962005 50.0 1025.2493198115556 -5.2493198115554405 60.0 1026.1242064468147 -6.12420644681468 70.0 1026.9990930820738 -6.99909308207392 80.0 1027.8739797173332 -7.87397971733316 90.0 1018.7488663525924 -28.7488663525924 100.0 1018.7488663525924 -18.7488663525924 100.0 1028.7488663525924 -28.7488663525924 100.0 1028.7488663525924 -18.7488663525924 100.0 1030.8748866352591 50.0 10.0 1031.7497732705185 50.0 20.0 1032.6246599057777 50.0 30.0 1033.499546541037 50.0 40.0 1034.3744331762962 50.0 50.0 1035.2493198115556 50.0 60.0 1036.1242064468147 50.0 70.0 1036.9990930820738 50.0 80.0 1037.8739797173332 50.0 90.0 1030.8748866352591 100.0 10.0 1031.7497732705185 100.0 20.0 1032.6246599057777 100.0 30.0 1033.499546541037 100.0 40.0 1034.3744331762962 100.0 50.0 1035.2493198115556 100.0 60.0 1036.1242064468147 100.0 70.0 1036.9990930820738 100.0 80.0 1037.8739797173332 100.0 90.0 1030.8748866352591 150.00000000000003 10.0 1031.7497732705185 150.00000000000003 20.0 1032.6246599057777 150.00000000000003 30.0 1033.499546541037 150.00000000000003 40.0 1034.3744331762962 150.00000000000003 50.0 1035.2493198115556 150.00000000000003 60.0 1036.1242064468147 150.00000000000003 70.0 1036.9990930820738 150.00000000000003 80.0 1037.8739797173332 150.00000000000003 90.0 1030.8748866352591 200.0 10.0 1031.7497732705185 200.0 20.0 1032.6246599057777 200.0 30.0 1033.499546541037 200.0 40.0 1034.3744331762962 200.0 50.0 1035.2493198115556 200.0 60.0 1036.1242064468147 200.0 70.0 1036.9990930820738 200.0 80.0 1037.8739797173332 200.0 90.0 1030.8748866352591 250.0 10.0 1031.7497732705185 250.0 20.0 1032.6246599057777 250.0 30.0 1033.499546541037 250.0 40.0 1034.3744331762962 250.0 50.0 1035.2493198115556 250.0 60.0 1036.1242064468147 250.0 70.0 1036.9990930820738 250.0 80.0 1037.8739797173332 250.0 90.0 1030.8748866352591 300.00000000000006 10.0 1031.7497732705185 300.00000000000006 20.0 1032.6246599057777 300.00000000000006 30.0 1033.499546541037 300.00000000000006 40.0 1034.3744331762962 300.00000000000006 50.0 1035.2493198115556 300.00000000000006 60.0 1036.1242064468147 300.00000000000006 70.0 1036.9990930820738 300.00000000000006 80.0 1037.8739797173332 300.00000000000006 90.0 1030.8748866352591 350.00000000000006 10.0 1031.7497732705185 350.00000000000006 20.0 1032.6246599057777 350.00000000000006 30.0 1033.499546541037 350.00000000000006 40.0 1034.3744331762962 350.00000000000006 50.0 1035.2493198115556 350.00000000000006 60.0 1036.1242064468147 350.00000000000006 70.0 1036.9990930820738 350.00000000000006 80.0 1037.8739797173332 350.00000000000006 90.0 1030.8748866352591 400.0 10.0 1031.7497732705185 400.0 20.0 1032.6246599057777 400.0 30.0 1033.499546541037 400.0 40.0 1034.3744331762962 400.0 50.0 1035.2493198115556 400.0 60.0 1036.1242064468147 400.0 70.0 1036.9990930820738 400.0 80.0 1037.8739797173332 400.0 90.0 1030.8748866352591 450.0 10.0 1031.7497732705185 450.0 20.0 1032.6246599057777 450.0 30.0 1033.499546541037 450.0 40.0 1034.3744331762962 450.0 50.0 1035.2493198115556 450.0 60.0 1036.1242064468147 450.0 70.0 1036.9990930820738 450.0 80.0 1037.8739797173332 450.0 90.0 1030.8748866352591 500.0 10.0 1031.7497732705185 500.0 20.0 1032.6246599057777 500.0 30.0 1033.499546541037 500.0 40.0 1034.3744331762962 500.0 50.0 1035.2493198115556 500.0 60.0 1036.1242064468147 500.0 70.0 1036.9990930820738 500.0 80.0 1037.8739797173332 500.0 90.0 1030.8748866352591 550.0 10.0 1031.7497732705185 550.0 20.0 1032.6246599057777 550.0 30.0 1033.499546541037 550.0 40.0 1034.3744331762962 550.0 50.0 1035.2493198115556 550.0 60.0 1036.1242064468147 550.0 70.0 1036.9990930820738 550.0 80.0 1037.8739797173332 550.0 90.0 1030.8748866352591 600.0000000000001 10.0 1031.7497732705185 600.0000000000001 20.0 1032.6246599057777 600.0000000000001 30.0 1033.499546541037 600.0000000000001 40.0 1034.3744331762962 600.0000000000001 50.0 1035.2493198115556 600.0000000000001 60.0 1036.1242064468147 600.0000000000001 70.0 1036.9990930820738 600.0000000000001 80.0 1037.8739797173332 600.0000000000001 90.0 1030.8748866352591 650.0 10.0 1031.7497732705185 650.0 20.0 1032.6246599057777 650.0 30.0 1033.499546541037 650.0 40.0 1034.3744331762962 650.0 50.0 1035.2493198115556 650.0 60.0 1036.1242064468147 650.0 70.0 1036.9990930820738 650.0 80.0 1037.8739797173332 650.0 90.0 1030.8748866352591 700.0000000000001 10.0 1031.7497732705185 700.0000000000001 20.0 1032.6246599057777 700.0000000000001 30.0 1033.499546541037 700.0000000000001 40.0 1034.3744331762962 700.0000000000001 50.0 1035.2493198115556 700.0000000000001 60.0 1036.1242064468147 700.0000000000001 70.0 1036.9990930820738 700.0000000000001 80.0 1037.8739797173332 700.0000000000001 90.0 1030.8748866352591 750.0 10.0 1031.7497732705185 750.0 20.0 1032.6246599057777 750.0 30.0 1033.499546541037 750.0 40.0 1034.3744331762962 750.0 50.0 1035.2493198115556 750.0 60.0 1036.1242064468147 750.0 70.0 1036.9990930820738 750.0 80.0 1037.8739797173332 750.0 90.0 1030.8748866352591 800.0 10.0 1031.7497732705185 800.0 20.0 1032.6246599057777 800.0 30.0 1033.499546541037 800.0 40.0 1034.3744331762962 800.0 50.0 1035.2493198115556 800.0 60.0 1036.1242064468147 800.0 70.0 1036.9990930820738 800.0 80.0 1037.8739797173332 800.0 90.0 1030.8748866352591 850.0000000000001 10.0 1031.7497732705185 850.0000000000001 20.0 1032.6246599057777 850.0000000000001 30.0 1033.499546541037 850.0000000000001 40.0 1034.3744331762962 850.0000000000001 50.0 1035.2493198115556 850.0000000000001 60.0 1036.1242064468147 850.0000000000001 70.0 1036.9990930820738 850.0000000000001 80.0 1037.8739797173332 850.0000000000001 90.0 1030.8748866352591 900.0 10.0 1031.7497732705185 900.0 20.0 1032.6246599057777 900.0 30.0 1033.499546541037 900.0 40.0 1034.3744331762962 900.0 50.0 1035.2493198115556 900.0 60.0 1036.1242064468147 900.0 70.0 1036.9990930820738 900.0 80.0 1037.8739797173332 900.0 90.0 1030.8748866352591 950.0000000000001 10.0 1031.7497732705185 950.0000000000001 20.0 1032.6246599057777 950.0000000000001 30.0 1033.499546541037 950.0000000000001 40.0 1034.3744331762962 950.0000000000001 50.0 1035.2493198115556 950.0000000000001 60.0 1036.1242064468147 950.0000000000001 70.0 1036.9990930820738 950.0000000000001 80.0 1037.8739797173332 950.0000000000001 90.0 1010.8748866352593 1000.8748866352593 10.0 1011.7497732705185 1001.7497732705185 20.0 1012.6246599057778 1002.6246599057778 30.0 1013.4995465410369 1003.4995465410369 40.0 1014.3744331762962 1004.3744331762962 50.0 1015.2493198115554 1005.2493198115554 60.0 1016.1242064468147 1006.1242064468147 70.0 1016.999093082074 1006.999093082074 80.0 1017.8739797173332 1007.8739797173332 90.0 1020.8748866352593 1000.8748866352593 10.0 1021.7497732705185 1001.7497732705185 20.0 1022.6246599057778 1002.6246599057778 30.0 1023.4995465410369 1003.4995465410369 40.0 1024.3744331762962 1004.3744331762962 50.0 1025.2493198115556 1005.2493198115554 60.0 1026.1242064468147 1006.1242064468147 70.0 1026.9990930820738 1006.999093082074 80.0 1027.8739797173332 1007.8739797173332 90.0 1000.8748866352593 50.0 10.0 1001.7497732705185 50.0 20.0 1002.6246599057778 50.0 30.0 1003.4995465410369 50.0 40.0 1004.3744331762962 50.0 50.0 1005.2493198115554 50.0 60.0 1006.1242064468147 50.0 70.0 1006.999093082074 50.0 80.0 1007.8739797173332 50.0 90.0 1000.8748866352593 100.0 10.0 1001.7497732705185 100.0 20.0 1002.6246599057778 100.0 30.0 1003.4995465410369 100.0 40.0 1004.3744331762962 100.0 50.0 1005.2493198115554 100.0 60.0 1006.1242064468147 100.0 70.0 1006.999093082074 100.0 80.0 1007.8739797173332 100.0 90.0 1000.8748866352593 150.00000000000003 10.0 1001.7497732705185 150.00000000000003 20.0 1002.6246599057778 150.00000000000003 30.0 1003.4995465410369 150.00000000000003 40.0 1004.3744331762962 150.00000000000003 50.0 1005.2493198115554 150.00000000000003 60.0 1006.1242064468147 150.00000000000003 70.0 1006.999093082074 150.00000000000003 80.0 1007.8739797173332 150.00000000000003 90.0 1000.8748866352593 200.0 10.0 1001.7497732705185 200.0 20.0 1002.6246599057778 200.0 30.0 1003.4995465410369 200.0 40.0 1004.3744331762962 200.0 50.0 1005.2493198115554 200.0 60.0 1006.1242064468147 200.0 70.0 1006.999093082074 200.0 80.0 1007.8739797173332 200.0 90.0 1000.8748866352593 250.0 10.0 1001.7497732705185 250.0 20.0 1002.6246599057778 250.0 30.0 1003.4995465410369 250.0 40.0 1004.3744331762962 250.0 50.0 1005.2493198115554 250.0 60.0 1006.1242064468147 250.0 70.0 1006.999093082074 250.0 80.0 1007.8739797173332 250.0 90.0 1000.8748866352593 300.00000000000006 10.0 1001.7497732705185 300.00000000000006 20.0 1002.6246599057778 300.00000000000006 30.0 1003.4995465410369 300.00000000000006 40.0 1004.3744331762962 300.00000000000006 50.0 1005.2493198115554 300.00000000000006 60.0 1006.1242064468147 300.00000000000006 70.0 1006.999093082074 300.00000000000006 80.0 1007.8739797173332 300.00000000000006 90.0 1000.8748866352593 350.00000000000006 10.0 1001.7497732705185 350.00000000000006 20.0 1002.6246599057778 350.00000000000006 30.0 1003.4995465410369 350.00000000000006 40.0 1004.3744331762962 350.00000000000006 50.0 1005.2493198115554 350.00000000000006 60.0 1006.1242064468147 350.00000000000006 70.0 1006.999093082074 350.00000000000006 80.0 1007.8739797173332 350.00000000000006 90.0 1000.8748866352593 400.0 10.0 1001.7497732705185 400.0 20.0 1002.6246599057778 400.0 30.0 1003.4995465410369 400.0 40.0 1004.3744331762962 400.0 50.0 1005.2493198115554 400.0 60.0 1006.1242064468147 400.0 70.0 1006.999093082074 400.0 80.0 1007.8739797173332 400.0 90.0 1000.8748866352593 450.0 10.0 1001.7497732705185 450.0 20.0 1002.6246599057778 450.0 30.0 1003.4995465410369 450.0 40.0 1004.3744331762962 450.0 50.0 1005.2493198115554 450.0 60.0 1006.1242064468147 450.0 70.0 1006.999093082074 450.0 80.0 1007.8739797173332 450.0 90.0 1000.8748866352593 500.0 10.0 1001.7497732705185 500.0 20.0 1002.6246599057778 500.0 30.0 1003.4995465410369 500.0 40.0 1004.3744331762962 500.0 50.0 1005.2493198115554 500.0 60.0 1006.1242064468147 500.0 70.0 1006.999093082074 500.0 80.0 1007.8739797173332 500.0 90.0 1000.8748866352593 550.0 10.0 1001.7497732705185 550.0 20.0 1002.6246599057778 550.0 30.0 1003.4995465410369 550.0 40.0 1004.3744331762962 550.0 50.0 1005.2493198115554 550.0 60.0 1006.1242064468147 550.0 70.0 1006.999093082074 550.0 80.0 1007.8739797173332 550.0 90.0 1000.8748866352593 600.0000000000001 10.0 1001.7497732705185 600.0000000000001 20.0 1002.6246599057778 600.0000000000001 30.0 1003.4995465410369 600.0000000000001 40.0 1004.3744331762962 600.0000000000001 50.0 1005.2493198115554 600.0000000000001 60.0 1006.1242064468147 600.0000000000001 70.0 1006.999093082074 600.0000000000001 80.0 1007.8739797173332 600.0000000000001 90.0 1000.8748866352593 650.0 10.0 1001.7497732705185 650.0 20.0 1002.6246599057778 650.0 30.0 1003.4995465410369 650.0 40.0 1004.3744331762962 650.0 50.0 1005.2493198115554 650.0 60.0 1006.1242064468147 650.0 70.0 1006.999093082074 650.0 80.0 1007.8739797173332 650.0 90.0 1000.8748866352593 700.0000000000001 10.0 1001.7497732705185 700.0000000000001 20.0 1002.6246599057778 700.0000000000001 30.0 1003.4995465410369 700.0000000000001 40.0 1004.3744331762962 700.0000000000001 50.0 1005.2493198115554 700.0000000000001 60.0 1006.1242064468147 700.0000000000001 70.0 1006.999093082074 700.0000000000001 80.0 1007.8739797173332 700.0000000000001 90.0 1000.8748866352593 750.0 10.0 1001.7497732705185 750.0 20.0 1002.6246599057778 750.0 30.0 1003.4995465410369 750.0 40.0 1004.3744331762962 750.0 50.0 1005.2493198115554 750.0 60.0 1006.1242064468147 750.0 70.0 1006.999093082074 750.0 80.0 1007.8739797173332 750.0 90.0 1000.8748866352593 800.0 10.0 1001.7497732705185 800.0 20.0 1002.6246599057778 800.0 30.0 1003.4995465410369 800.0 40.0 1004.3744331762962 800.0 50.0 1005.2493198115554 800.0 60.0 1006.1242064468147 800.0 70.0 1006.999093082074 800.0 80.0 1007.8739797173332 800.0 90.0 1000.8748866352593 850.0000000000001 10.0 1001.7497732705185 850.0000000000001 20.0 1002.6246599057778 850.0000000000001 30.0 1003.4995465410369 850.0000000000001 40.0 1004.3744331762962 850.0000000000001 50.0 1005.2493198115554 850.0000000000001 60.0 1006.1242064468147 850.0000000000001 70.0 1006.999093082074 850.0000000000001 80.0 1007.8739797173332 850.0000000000001 90.0 1000.8748866352593 900.0 10.0 1001.7497732705185 900.0 20.0 1002.6246599057778 900.0 30.0 1003.4995465410369 900.0 40.0 1004.3744331762962 900.0 50.0 1005.2493198115554 900.0 60.0 1006.1242064468147 900.0 70.0 1006.999093082074 900.0 80.0 1007.8739797173332 900.0 90.0 1000.8748866352593 950.0000000000001 10.0 1001.7497732705185 950.0000000000001 20.0 1002.6246599057778 950.0000000000001 30.0 1003.4995465410369 950.0000000000001 40.0 1004.3744331762962 950.0000000000001 50.0 1005.2493198115554 950.0000000000001 60.0 1006.1242064468147 950.0000000000001 70.0 1006.999093082074 950.0000000000001 80.0 1007.8739797173332 950.0000000000001 90.0 1018.7488663525924 50.0 100.0 1018.7488663525924 100.0 100.0 1018.7488663525924 150.0 100.0 1018.7488663525924 200.0000000000001 100.0 1018.7488663525924 249.99999999999997 100.0 1018.7488663525924 300.0 100.0 1018.7488663525924 350.0000000000001 100.0 1018.7488663525924 399.99999999999994 100.0 1018.7488663525924 450.0 100.0 1018.7488663525924 500.0 100.0 1018.7488663525924 550.0 100.0 1018.7488663525924 600.0000000000002 100.0 1018.7488663525924 650.0 100.0 1018.7488663525924 700.0000000000001 100.0 1018.7488663525924 750.0 100.0 1018.7488663525924 799.9999999999999 100.0 1018.7488663525924 850.0000000000002 100.0 1018.7488663525924 900.0 100.0 1018.7488663525924 950.0000000000002 100.0 1028.7488663525924 50.0 100.0 1028.7488663525924 100.0 100.0 1028.7488663525924 150.0 100.0 1028.7488663525924 200.0 100.0 1028.7488663525924 250.0 100.0 1028.7488663525924 300.0 100.0 1028.7488663525924 350.0000000000001 100.0 1028.7488663525924 400.0 100.0 1028.7488663525924 450.0 100.0 1028.7488663525924 500.0 100.0 1028.7488663525924 550.0 100.0 1028.7488663525924 600.0000000000002 100.0 1028.7488663525924 650.0 100.0 1028.7488663525924 700.0000000000002 100.0 1028.7488663525924 750.0 100.0 1028.7488663525924 800.0 100.0 1028.7488663525924 850.0000000000002 100.0 1028.7488663525924 900.0 100.0 1028.7488663525924 950.0000000000002 100.0 1030.8748866352591 1010.8748866352593 10.0 1031.7497732705185 1011.7497732705185 20.0 1032.6246599057777 1012.6246599057778 30.0 1033.499546541037 1013.4995465410369 40.0 1034.3744331762962 1014.3744331762962 50.0 1035.2493198115556 1015.2493198115554 60.0 1036.1242064468147 1016.1242064468147 70.0 1036.9990930820738 1016.999093082074 80.0 1037.8739797173332 1017.8739797173332 90.0 1030.8748866352591 1020.8748866352593 10.0 1031.7497732705185 1021.7497732705185 20.0 1032.6246599057777 1022.6246599057778 30.0 1033.499546541037 1023.4995465410369 40.0 1034.3744331762962 1024.3744331762962 50.0 1035.2493198115556 1025.2493198115556 60.0 1036.1242064468147 1026.1242064468147 70.0 1036.9990930820738 1026.9990930820738 80.0 1037.8739797173332 1027.8739797173332 90.0 1010.8748866352593 1030.8748866352591 10.0 1011.7497732705185 1031.7497732705185 20.0 1012.6246599057778 1032.6246599057777 30.0 1013.4995465410369 1033.499546541037 40.0 1014.3744331762962 1034.3744331762962 50.0 1015.2493198115554 1035.2493198115556 60.0 1016.1242064468147 1036.1242064468147 70.0 1016.999093082074 1036.9990930820738 80.0 1017.8739797173332 1037.8739797173332 90.0 1020.8748866352593 1030.8748866352591 10.0 1021.7497732705185 1031.7497732705185 20.0 1022.6246599057778 1032.6246599057777 30.0 1023.4995465410369 1033.499546541037 40.0 1024.3744331762962 1034.3744331762962 50.0 1025.2493198115556 1035.2493198115556 60.0 1026.1242064468147 1036.1242064468147 70.0 1026.9990930820738 1036.9990930820738 80.0 1027.8739797173332 1037.8739797173332 90.0 1018.7488663525924 1018.7488663525924 100.0 1018.7488663525924 1028.7488663525924 100.0 1028.7488663525924 1018.7488663525924 100.0 1028.7488663525924 1028.7488663525924 100.0 -20.0 -20.0 -20.0 -20.0 -20.0 -10.0 -20.0 -10.0 -20.0 -20.0 -10.0 -10.0 -10.0 -20.0 -20.0 -10.0 -20.0 -10.0 -9.999999999999998 -10.0 -20.0 -9.999999999999998 -10.0 -10.0 -20.0 50.0 -20.0 -20.0 50.0 -10.0 -20.0 100.0 -20.0 -20.0 100.0 -10.0 -20.0 150.0 -20.0 -20.0 150.0 -10.0 -20.0 200.0000000000001 -20.0 -20.0 200.0000000000001 -10.0 -20.0 249.99999999999997 -20.0 -20.0 249.99999999999997 -10.0 -20.0 300.0 -20.0 -20.0 300.0 -10.0 -20.0 350.0000000000001 -20.0 -20.0 350.0000000000001 -10.0 -20.0 399.99999999999994 -20.0 -20.0 399.99999999999994 -10.0 -20.0 450.0 -20.0 -20.0 450.0 -10.0 -20.0 500.0 -20.0 -20.0 500.0 -10.0 -20.0 550.0 -20.0 -20.0 550.0 -10.0 -20.0 600.0000000000002 -20.0 -20.0 600.0000000000002 -10.0 -20.0 650.0 -20.0 -20.0 650.0 -10.0 -20.0 700.0000000000001 -20.0 -20.0 700.0000000000001 -10.0 -20.0 750.0 -20.0 -20.0 750.0 -10.0 -20.0 799.9999999999999 -20.0 -20.0 799.9999999999999 -10.0 -20.0 850.0000000000002 -20.0 -20.0 850.0000000000002 -10.0 -20.0 900.0 -20.0 -20.0 900.0 -10.0 -20.0 950.0000000000002 -20.0 -20.0 950.0000000000002 -10.0 -10.0 50.0 -20.0 -10.0 50.0 -10.0 -10.0 100.0 -20.0 -10.0 100.0 -10.0 -10.0 150.0 -20.0 -10.0 150.0 -10.0 -10.0 200.0 -20.0 -10.0 200.0 -10.0 -10.0 250.0 -20.0 -10.0 250.0 -10.0 -10.0 300.0 -20.0 -10.0 300.0 -10.0 -10.0 350.0000000000001 -20.0 -10.0 350.0000000000001 -10.0 -9.999999999999998 400.0 -20.0 -9.999999999999998 400.0 -10.0 -10.0 450.0 -20.0 -10.0 450.0 -10.0 -10.0 500.0 -20.0 -10.0 500.0 -10.0 -9.999999999999998 550.0 -20.0 -9.999999999999998 550.0 -10.0 -10.0 600.0000000000002 -20.0 -10.0 600.0000000000002 -10.0 -10.0 650.0 -20.0 -10.0 650.0 -10.0 -10.0 700.0000000000002 -20.0 -10.0 700.0000000000002 -10.0 -10.0 750.0 -20.0 -10.0 750.0 -10.0 -10.0 800.0 -20.0 -10.0 800.0 -10.0 -10.0 850.0000000000002 -20.0 -10.0 850.0000000000002 -10.0 -10.0 900.0 -20.0 -10.0 900.0 -10.0 -10.0 950.0000000000002 -20.0 -10.0 950.0000000000002 -10.0 -20.0 1010.0 -20.0 -20.0 1010.0 -10.0 -20.0 1020.0 -20.0 -20.0 1020.0 -10.0 -10.0 1010.0 -20.0 -10.0 1010.0 -10.0 -9.999999999999998 1020.0 -20.0 -9.999999999999998 1020.0 -10.0 50.0 -20.0 -20.0 50.0 -20.0 -10.0 50.0 -10.0 -20.0 50.0 -10.0 -10.0 100.00000000000011 -20.0 -20.0 100.00000000000011 -20.0 -10.0 100.0 -10.0 -20.0 100.0 -10.0 -10.0 150.0 -20.0 -20.0 150.0 -20.0 -10.0 150.0 -10.0 -20.0 150.0 -10.0 -10.0 200.00000000000006 -20.0 -20.0 200.00000000000006 -20.0 -10.0 200.00000000000006 -10.0 -20.0 200.00000000000006 -10.0 -10.0 250.0 -20.0 -20.0 250.0 -20.0 -10.0 250.0 -10.0 -20.0 250.0 -10.0 -10.0 300.0000000000001 -20.0 -20.0 300.0000000000001 -20.0 -10.0 300.0000000000001 -10.0 -20.0 300.0000000000001 -10.0 -10.0 350.0000000000001 -20.0 -20.0 350.0000000000001 -20.0 -10.0 350.0000000000001 -9.999999999999998 -20.0 350.0000000000001 -9.999999999999998 -10.0 399.99999999999994 -20.0 -20.0 399.99999999999994 -20.0 -10.0 399.99999999999994 -10.0 -20.0 399.99999999999994 -10.0 -10.0 450.0 -20.0 -20.0 450.0 -20.0 -10.0 450.0 -10.0 -20.0 450.0 -10.0 -10.0 500.0 -20.0 -20.0 500.0 -20.0 -10.0 500.0 -10.0 -20.0 500.0 -10.0 -10.0 550.0 -20.0 -20.0 550.0 -20.0 -10.0 550.0 -10.0 -20.0 550.0 -10.0 -10.0 600.0000000000002 -20.0 -20.0 600.0000000000002 -20.0 -10.0 600.0000000000002 -10.0 -20.0 600.0000000000002 -10.0 -10.0 650.0 -20.0 -20.0 650.0 -20.0 -10.0 650.0 -10.0 -20.0 650.0 -10.0 -10.0 700.0 -20.0 -20.0 700.0 -20.0 -10.0 700.0000000000001 -9.999999999999998 -20.0 700.0000000000001 -9.999999999999998 -10.0 750.0 -20.0 -20.0 750.0 -20.0 -10.0 750.0 -10.0 -20.0 750.0 -10.0 -10.0 800.0 -20.0 -20.0 800.0 -20.0 -10.0 799.9999999999999 -9.999999999999998 -20.0 799.9999999999999 -9.999999999999998 -10.0 850.0000000000002 -20.0 -20.0 850.0000000000002 -20.0 -10.0 850.0000000000002 -9.999999999999998 -20.0 850.0000000000002 -9.999999999999998 -10.0 900.0 -20.0 -20.0 900.0 -20.0 -10.0 900.0 -10.0 -20.0 900.0 -10.0 -10.0 950.0000000000002 -20.0 -20.0 950.0000000000002 -20.0 -10.0 950.0000000000002 -9.999999999999998 -20.0 950.0000000000002 -9.999999999999998 -10.0 50.0 50.0 -20.0 50.0 50.0 -10.0 50.0 100.0 -20.0 50.0 100.0 -10.0 50.0 150.0 -20.0 50.0 150.0 -10.0 50.0 200.0 -20.0 50.0 200.0 -10.0 49.99999999999994 249.99999999999994 -20.0 49.99999999999994 249.99999999999994 -10.0 50.0 299.9999999999999 -20.0 50.0 299.9999999999999 -10.0 49.99999999999994 350.00000000000006 -20.0 49.99999999999994 350.00000000000006 -10.0 50.0 400.0 -20.0 50.0 400.0 -10.0 50.0 450.0 -20.0 50.0 450.0 -10.0 50.0 500.0 -20.0 50.0 500.0 -10.0 50.0 550.0 -20.0 50.0 550.0 -10.0 50.0 600.0000000000001 -20.0 50.0 600.0000000000001 -10.0 49.999999999999886 650.0 -20.0 49.999999999999886 650.0 -10.0 50.0 700.0000000000001 -20.0 50.0 700.0000000000001 -10.0 49.99999999999994 750.0 -20.0 49.99999999999994 750.0 -10.0 50.0 800.0 -20.0 50.0 800.0 -10.0 49.99999999999994 850.0000000000002 -20.0 49.99999999999994 850.0000000000002 -10.0 50.0 900.0 -20.0 50.0 900.0 -10.0 49.99999999999994 950.0000000000002 -20.0 49.99999999999994 950.0000000000002 -10.0 100.0 50.0 -20.0 100.0 50.0 -10.0 100.0 100.0 -20.0 100.0 100.0 -10.0 100.0 150.0 -20.0 100.0 150.0 -10.0 100.00000000000006 200.00000000000006 -20.0 100.00000000000006 200.00000000000006 -10.0 100.0 250.0 -20.0 100.0 250.0 -10.0 100.0 300.0 -20.0 100.0 300.0 -10.0 100.0 350.0000000000001 -20.0 100.0 350.0000000000001 -10.0 100.0 400.0 -20.0 100.0 400.0 -10.0 100.0 450.00000000000006 -20.0 100.0 450.00000000000006 -10.0 100.0 500.0 -20.0 100.0 500.0 -10.0 100.0 550.0 -20.0 100.0 550.0 -10.0 100.0 600.0000000000001 -20.0 100.0 600.0000000000001 -10.0 100.00000000000006 650.0 -20.0 100.00000000000006 650.0 -10.0 100.0 700.0000000000001 -20.0 100.0 700.0000000000001 -10.0 100.0 750.0 -20.0 100.0 750.0 -10.0 100.00000000000006 800.0 -20.0 100.00000000000006 800.0 -10.0 100.0 850.0000000000001 -20.0 100.0 850.0000000000001 -10.0 100.0 900.0 -20.0 100.0 900.0 -10.0 100.0 950.0000000000001 -20.0 100.0 950.0000000000001 -10.0 150.0 50.0 -20.0 150.0 50.0 -10.0 150.0 100.0 -20.0 150.0 100.0 -10.0 149.99999999999994 149.99999999999994 -20.0 149.99999999999994 149.99999999999994 -10.0 150.0 200.0 -20.0 150.0 200.0 -10.0 150.0 250.0 -20.0 150.0 250.0 -10.0 150.0 300.0 -20.0 150.0 300.0 -10.0 150.0 350.0 -20.0 150.0 350.0 -10.0 150.0 400.0 -20.0 150.0 400.0 -10.0 150.0 450.0 -20.0 150.0 450.0 -10.0 150.0 500.0 -20.0 150.0 500.0 -10.0 150.0 550.0 -20.0 150.0 550.0 -10.0 149.99999999999994 600.0000000000002 -20.0 149.99999999999994 600.0000000000002 -10.0 150.0 650.0 -20.0 150.0 650.0 -10.0 150.0 700.0000000000001 -20.0 150.0 700.0000000000001 -10.0 150.0 750.0 -20.0 150.0 750.0 -10.0 149.99999999999994 800.0 -20.0 149.99999999999994 800.0 -10.0 149.99999999999994 850.0000000000002 -20.0 149.99999999999994 850.0000000000002 -10.0 150.0 900.0 -20.0 150.0 900.0 -10.0 149.99999999999994 950.0000000000002 -20.0 149.99999999999994 950.0000000000002 -10.0 200.0 50.0 -20.0 200.0 50.0 -10.0 200.00000000000006 100.00000000000006 -20.0 200.00000000000006 100.00000000000006 -10.0 200.0 150.0 -20.0 200.0 150.0 -10.0 200.00000000000006 200.00000000000006 -20.0 200.00000000000006 200.00000000000006 -10.0 200.00000000000006 250.00000000000006 -20.0 200.00000000000006 250.00000000000006 -10.0 200.0 299.9999999999999 -20.0 200.0 299.9999999999999 -10.0 199.99999999999994 350.00000000000006 -20.0 199.99999999999994 350.00000000000006 -10.0 200.0 400.0 -20.0 200.0 400.0 -10.0 200.00000000000006 450.0 -20.0 200.00000000000006 450.0 -10.0 200.0 500.0 -20.0 200.0 500.0 -10.0 200.0 550.0 -20.0 200.0 550.0 -10.0 200.0 600.0000000000001 -20.0 200.0 600.0000000000001 -10.0 200.0 650.0 -20.0 200.0 650.0 -10.0 200.0 700.0000000000002 -20.0 200.0 700.0000000000002 -10.0 200.00000000000006 750.0 -20.0 200.00000000000006 750.0 -10.0 200.0 799.9999999999999 -20.0 200.0 799.9999999999999 -10.0 200.0 850.0000000000001 -20.0 200.0 850.0000000000001 -10.0 200.00000000000006 900.0 -20.0 200.00000000000006 900.0 -10.0 200.0 950.0000000000001 -20.0 200.0 950.0000000000001 -10.0 249.99999999999994 49.99999999999994 -20.0 249.99999999999994 49.99999999999994 -10.0 250.0 100.0 -20.0 250.0 100.0 -10.0 250.0 150.0 -20.0 250.0 150.0 -10.0 250.00000000000006 200.00000000000006 -20.0 250.00000000000006 200.00000000000006 -10.0 250.0 250.0 -20.0 250.0 250.0 -10.0 249.99999999999994 299.99999999999994 -20.0 249.99999999999994 299.99999999999994 -10.0 250.0 350.00000000000006 -20.0 250.0 350.00000000000006 -10.0 250.0 400.0 -20.0 250.0 400.0 -10.0 250.00000000000003 450.0 -20.0 250.00000000000003 450.0 -10.0 250.0 500.0 -20.0 250.0 500.0 -10.0 250.0 550.0 -20.0 250.0 550.0 -10.0 250.0 600.0000000000001 -20.0 250.0 600.0000000000001 -10.0 250.0 650.0 -20.0 250.0 650.0 -10.0 249.99999999999994 700.0000000000002 -20.0 249.99999999999994 700.0000000000002 -10.0 250.0 750.0 -20.0 250.0 750.0 -10.0 250.00000000000006 799.9999999999999 -20.0 250.00000000000006 799.9999999999999 -10.0 250.0 850.0000000000001 -20.0 250.0 850.0000000000001 -10.0 250.0 900.0 -20.0 250.0 900.0 -10.0 249.99999999999997 950.0000000000002 -20.0 249.99999999999997 950.0000000000002 -10.0 300.0 50.0 -20.0 300.0 50.0 -10.0 300.0000000000001 100.0 -20.0 300.0000000000001 100.0 -10.0 300.0000000000001 150.0 -20.0 300.0000000000001 150.0 -10.0 299.99999999999994 200.0 -20.0 299.99999999999994 200.0 -10.0 300.00000000000006 249.99999999999994 -20.0 300.00000000000006 249.99999999999994 -10.0 300.00000000000006 300.0 -20.0 300.00000000000006 300.0 -10.0 300.00000000000006 350.00000000000006 -20.0 300.00000000000006 350.00000000000006 -10.0 300.0 400.0 -20.0 300.0 400.0 -10.0 300.0000000000001 450.0 -20.0 300.0000000000001 450.0 -10.0 300.0000000000001 500.0 -20.0 300.0000000000001 500.0 -10.0 300.00000000000006 550.0 -20.0 300.00000000000006 550.0 -10.0 300.0 600.0000000000001 -20.0 300.0 600.0000000000001 -10.0 300.00000000000006 650.0 -20.0 300.00000000000006 650.0 -10.0 300.00000000000006 700.0000000000002 -20.0 300.00000000000006 700.0000000000002 -10.0 300.0 750.0 -20.0 300.0 750.0 -10.0 300.0 800.0 -20.0 300.0 800.0 -10.0 300.00000000000006 850.0000000000002 -20.0 300.00000000000006 850.0000000000002 -10.0 300.0000000000001 900.0 -20.0 300.0000000000001 900.0 -10.0 300.0 950.0000000000001 -20.0 300.0 950.0000000000001 -10.0 350.00000000000006 49.99999999999994 -20.0 350.00000000000006 49.99999999999994 -10.0 350.0000000000001 100.0 -20.0 350.0000000000001 100.0 -10.0 350.0 150.0 -20.0 350.0 150.0 -10.0 350.00000000000006 199.99999999999994 -20.0 350.00000000000006 199.99999999999994 -10.0 350.00000000000006 250.0 -20.0 350.00000000000006 250.0 -10.0 350.00000000000006 299.99999999999994 -20.0 350.00000000000006 299.99999999999994 -10.0 350.0000000000001 350.00000000000006 -20.0 350.0000000000001 350.00000000000006 -10.0 350.00000000000006 400.0 -20.0 350.00000000000006 400.0 -10.0 350.0000000000001 450.0 -20.0 350.0000000000001 450.0 -10.0 350.0 500.0 -20.0 350.0 500.0 -10.0 350.00000000000006 550.0 -20.0 350.00000000000006 550.0 -10.0 350.00000000000006 600.0000000000001 -20.0 350.00000000000006 600.0000000000001 -10.0 350.00000000000006 650.0 -20.0 350.00000000000006 650.0 -10.0 350.0 700.0000000000002 -20.0 350.0 700.0000000000002 -10.0 350.0000000000001 750.0 -20.0 350.0000000000001 750.0 -10.0 350.0000000000001 800.0 -20.0 350.0000000000001 800.0 -10.0 350.00000000000006 850.0000000000002 -20.0 350.00000000000006 850.0000000000002 -10.0 350.0000000000001 900.0 -20.0 350.0000000000001 900.0 -10.0 350.0 950.0000000000002 -20.0 350.0 950.0000000000002 -10.0 400.0 50.0 -20.0 400.0 50.0 -10.0 400.0 100.0 -20.0 400.0 100.0 -10.0 400.0 150.0 -20.0 400.0 150.0 -10.0 400.0 200.0 -20.0 400.0 200.0 -10.0 399.99999999999994 250.0 -20.0 399.99999999999994 250.0 -10.0 400.0 300.0 -20.0 400.0 300.0 -10.0 400.0 350.00000000000006 -20.0 400.0 350.00000000000006 -10.0 400.0 400.0 -20.0 400.0 400.0 -10.0 400.0 450.0 -20.0 400.0 450.0 -10.0 400.0 500.0 -20.0 400.0 500.0 -10.0 399.99999999999994 550.0 -20.0 399.99999999999994 550.0 -10.0 400.0 600.0000000000001 -20.0 400.0 600.0000000000001 -10.0 400.0 650.0 -20.0 400.0 650.0 -10.0 400.0 700.0000000000002 -20.0 400.0 700.0000000000002 -10.0 399.99999999999994 750.0 -20.0 399.99999999999994 750.0 -10.0 400.0 800.0 -20.0 400.0 800.0 -10.0 399.99999999999994 850.0000000000002 -20.0 399.99999999999994 850.0000000000002 -10.0 400.0 900.0 -20.0 400.0 900.0 -10.0 400.0 950.0000000000001 -20.0 400.0 950.0000000000001 -10.0 450.0 50.0 -20.0 450.0 50.0 -10.0 450.0 100.0 -20.0 450.0 100.0 -10.0 450.0 150.0 -20.0 450.0 150.0 -10.0 450.0 200.00000000000006 -20.0 450.0 200.00000000000006 -10.0 450.0 250.0 -20.0 450.0 250.0 -10.0 450.0 300.0 -20.0 450.0 300.0 -10.0 450.0 350.0000000000001 -20.0 450.0 350.0000000000001 -10.0 450.0 400.0 -20.0 450.0 400.0 -10.0 450.0 450.00000000000006 -20.0 450.0 450.00000000000006 -10.0 450.0 500.0 -20.0 450.0 500.0 -10.0 450.0 550.0 -20.0 450.0 550.0 -10.0 450.0 600.0000000000001 -20.0 450.0 600.0000000000001 -10.0 450.0 650.0 -20.0 450.0 650.0 -10.0 450.0 700.0000000000001 -20.0 450.0 700.0000000000001 -10.0 450.0 750.0 -20.0 450.0 750.0 -10.0 450.0 800.0 -20.0 450.0 800.0 -10.0 450.0 850.0000000000001 -20.0 450.0 850.0000000000001 -10.0 450.0 900.0 -20.0 450.0 900.0 -10.0 450.0 950.0000000000001 -20.0 450.0 950.0000000000001 -10.0 500.0 50.0 -20.0 500.0 50.0 -10.0 500.0 100.0 -20.0 500.0 100.0 -10.0 500.0 150.0 -20.0 500.0 150.0 -10.0 500.0 200.0 -20.0 500.0 200.0 -10.0 500.0 250.0 -20.0 500.0 250.0 -10.0 500.0 300.0 -20.0 500.0 300.0 -10.0 500.0 350.00000000000006 -20.0 500.0 350.00000000000006 -10.0 500.0 400.0 -20.0 500.0 400.0 -10.0 500.0 450.0 -20.0 500.0 450.0 -10.0 500.0 500.0 -20.0 500.0 500.0 -10.0 500.0 550.0 -20.0 500.0 550.0 -10.0 500.0 600.0000000000001 -20.0 500.0 600.0000000000001 -10.0 500.0 650.0 -20.0 500.0 650.0 -10.0 500.0 700.0000000000001 -20.0 500.0 700.0000000000001 -10.0 500.0 750.0 -20.0 500.0 750.0 -10.0 500.0 800.0 -20.0 500.0 800.0 -10.0 500.0 850.0000000000001 -20.0 500.0 850.0000000000001 -10.0 500.0 900.0 -20.0 500.0 900.0 -10.0 500.0 950.0000000000001 -20.0 500.0 950.0000000000001 -10.0 550.0 50.0 -20.0 550.0 50.0 -10.0 550.0 100.0 -20.0 550.0 100.0 -10.0 550.0 150.0 -20.0 550.0 150.0 -10.0 550.0 200.0 -20.0 550.0 200.0 -10.0 550.0 250.0 -20.0 550.0 250.0 -10.0 550.0 300.0 -20.0 550.0 300.0 -10.0 550.0 350.0000000000001 -20.0 550.0 350.0000000000001 -10.0 550.0 400.0 -20.0 550.0 400.0 -10.0 550.0 450.0 -20.0 550.0 450.0 -10.0 550.0 500.0 -20.0 550.0 500.0 -10.0 550.0 550.0 -20.0 550.0 550.0 -10.0 550.0 600.0000000000001 -20.0 550.0 600.0000000000001 -10.0 550.0 650.0 -20.0 550.0 650.0 -10.0 550.0 700.0000000000001 -20.0 550.0 700.0000000000001 -10.0 550.0 750.0 -20.0 550.0 750.0 -10.0 550.0 800.0 -20.0 550.0 800.0 -10.0 550.0 850.0000000000001 -20.0 550.0 850.0000000000001 -10.0 550.0 900.0 -20.0 550.0 900.0 -10.0 550.0 950.0000000000001 -20.0 550.0 950.0000000000001 -10.0 600.0000000000001 50.0 -20.0 600.0000000000001 50.0 -10.0 600.0000000000001 100.0 -20.0 600.0000000000001 100.0 -10.0 600.0000000000002 149.99999999999994 -20.0 600.0000000000002 149.99999999999994 -10.0 600.0000000000001 200.0 -20.0 600.0000000000001 200.0 -10.0 600.0000000000001 250.0 -20.0 600.0000000000001 250.0 -10.0 600.0000000000001 300.0 -20.0 600.0000000000001 300.0 -10.0 600.0000000000001 350.00000000000006 -20.0 600.0000000000001 350.00000000000006 -10.0 600.0000000000001 400.0 -20.0 600.0000000000001 400.0 -10.0 600.0000000000001 450.0 -20.0 600.0000000000001 450.0 -10.0 600.0000000000001 500.0 -20.0 600.0000000000001 500.0 -10.0 600.0000000000001 550.0 -20.0 600.0000000000001 550.0 -10.0 600.0000000000001 600.0000000000001 -20.0 600.0000000000001 600.0000000000001 -10.0 600.0000000000001 650.0 -20.0 600.0000000000001 650.0 -10.0 600.0000000000001 700.0000000000002 -20.0 600.0000000000001 700.0000000000002 -10.0 600.0000000000001 750.0 -20.0 600.0000000000001 750.0 -10.0 600.0000000000001 800.0 -20.0 600.0000000000001 800.0 -10.0 600.0000000000001 850.0000000000001 -20.0 600.0000000000001 850.0000000000001 -10.0 600.0000000000001 900.0 -20.0 600.0000000000001 900.0 -10.0 600.0000000000001 950.0000000000001 -20.0 600.0000000000001 950.0000000000001 -10.0 650.0 49.999999999999886 -20.0 650.0 49.999999999999886 -10.0 650.0 100.00000000000006 -20.0 650.0 100.00000000000006 -10.0 650.0 150.0 -20.0 650.0 150.0 -10.0 650.0 200.0 -20.0 650.0 200.0 -10.0 650.0 250.0 -20.0 650.0 250.0 -10.0 650.0 299.99999999999994 -20.0 650.0 299.99999999999994 -10.0 650.0 350.00000000000006 -20.0 650.0 350.00000000000006 -10.0 650.0 400.0 -20.0 650.0 400.0 -10.0 650.0 450.0 -20.0 650.0 450.0 -10.0 650.0 500.0 -20.0 650.0 500.0 -10.0 650.0 550.0 -20.0 650.0 550.0 -10.0 650.0 600.0000000000001 -20.0 650.0 600.0000000000001 -10.0 650.0 650.0 -20.0 650.0 650.0 -10.0 650.0 700.0000000000001 -20.0 650.0 700.0000000000001 -10.0 650.0 750.0 -20.0 650.0 750.0 -10.0 650.0 800.0 -20.0 650.0 800.0 -10.0 650.0 850.0000000000001 -20.0 650.0 850.0000000000001 -10.0 650.0 900.0 -20.0 650.0 900.0 -10.0 650.0 950.0000000000002 -20.0 650.0 950.0000000000002 -10.0 700.0000000000001 50.0 -20.0 700.0000000000001 50.0 -10.0 700.0000000000001 100.0 -20.0 700.0000000000001 100.0 -10.0 700.0 150.0 -20.0 700.0 150.0 -10.0 700.0000000000002 200.0 -20.0 700.0000000000002 200.0 -10.0 700.0000000000002 250.0 -20.0 700.0000000000002 250.0 -10.0 700.0000000000001 300.0 -20.0 700.0000000000001 300.0 -10.0 700.0000000000001 350.0 -20.0 700.0000000000001 350.0 -10.0 700.0000000000001 400.0 -20.0 700.0000000000001 400.0 -10.0 700.0000000000002 450.0 -20.0 700.0000000000002 450.0 -10.0 700.0000000000001 500.0 -20.0 700.0000000000001 500.0 -10.0 700.0000000000001 550.0 -20.0 700.0000000000001 550.0 -10.0 700.0000000000002 600.0000000000001 -20.0 700.0000000000002 600.0000000000001 -10.0 700.0000000000001 650.0 -20.0 700.0000000000001 650.0 -10.0 700.0000000000002 700.0000000000002 -20.0 700.0000000000002 700.0000000000002 -10.0 700.0000000000002 750.0 -20.0 700.0000000000002 750.0 -10.0 700.0000000000002 800.0 -20.0 700.0000000000002 800.0 -10.0 700.0000000000001 850.0000000000001 -20.0 700.0000000000001 850.0000000000001 -10.0 700.0000000000001 900.0 -20.0 700.0000000000001 900.0 -10.0 700.0000000000002 950.0000000000001 -20.0 700.0000000000002 950.0000000000001 -10.0 750.0 49.99999999999994 -20.0 750.0 49.99999999999994 -10.0 750.0 100.0 -20.0 750.0 100.0 -10.0 750.0 150.0 -20.0 750.0 150.0 -10.0 750.0 200.00000000000006 -20.0 750.0 200.00000000000006 -10.0 750.0 250.0 -20.0 750.0 250.0 -10.0 750.0 299.99999999999994 -20.0 750.0 299.99999999999994 -10.0 750.0 350.00000000000006 -20.0 750.0 350.00000000000006 -10.0 750.0 400.0 -20.0 750.0 400.0 -10.0 750.0 450.0 -20.0 750.0 450.0 -10.0 750.0 500.0 -20.0 750.0 500.0 -10.0 750.0 550.0 -20.0 750.0 550.0 -10.0 750.0 600.0000000000001 -20.0 750.0 600.0000000000001 -10.0 750.0 650.0 -20.0 750.0 650.0 -10.0 750.0 700.0000000000002 -20.0 750.0 700.0000000000002 -10.0 750.0 750.0 -20.0 750.0 750.0 -10.0 750.0 799.9999999999999 -20.0 750.0 799.9999999999999 -10.0 750.0 850.0000000000001 -20.0 750.0 850.0000000000001 -10.0 750.0 900.0 -20.0 750.0 900.0 -10.0 750.0 950.0000000000002 -20.0 750.0 950.0000000000002 -10.0 800.0 50.0 -20.0 800.0 50.0 -10.0 800.0 100.00000000000006 -20.0 800.0 100.00000000000006 -10.0 800.0 150.0 -20.0 800.0 150.0 -10.0 800.0 200.00000000000006 -20.0 800.0 200.00000000000006 -10.0 800.0 250.00000000000006 -20.0 800.0 250.00000000000006 -10.0 800.0 299.9999999999999 -20.0 800.0 299.9999999999999 -10.0 800.0 350.0 -20.0 800.0 350.0 -10.0 800.0 400.0 -20.0 800.0 400.0 -10.0 800.0 450.0 -20.0 800.0 450.0 -10.0 800.0 500.0 -20.0 800.0 500.0 -10.0 800.0 550.0 -20.0 800.0 550.0 -10.0 800.0 600.0000000000001 -20.0 800.0 600.0000000000001 -10.0 800.0 650.0 -20.0 800.0 650.0 -10.0 800.0 700.0000000000002 -20.0 800.0 700.0000000000002 -10.0 800.0 750.0 -20.0 800.0 750.0 -10.0 800.0 800.0 -20.0 800.0 800.0 -10.0 800.0 850.0000000000001 -20.0 800.0 850.0000000000001 -10.0 800.0 900.0 -20.0 800.0 900.0 -10.0 800.0 950.0000000000001 -20.0 800.0 950.0000000000001 -10.0 850.0000000000002 49.99999999999994 -20.0 850.0000000000002 49.99999999999994 -10.0 850.0000000000001 100.0 -20.0 850.0000000000001 100.0 -10.0 850.0000000000002 149.99999999999994 -20.0 850.0000000000002 149.99999999999994 -10.0 850.0000000000001 200.0 -20.0 850.0000000000001 200.0 -10.0 850.0000000000001 250.0 -20.0 850.0000000000001 250.0 -10.0 850.0000000000002 299.9999999999999 -20.0 850.0000000000002 299.9999999999999 -10.0 850.0000000000002 350.0 -20.0 850.0000000000002 350.0 -10.0 850.0000000000002 400.0 -20.0 850.0000000000002 400.0 -10.0 850.0000000000001 450.0 -20.0 850.0000000000001 450.0 -10.0 850.0000000000001 500.0 -20.0 850.0000000000001 500.0 -10.0 850.0000000000002 550.0 -20.0 850.0000000000002 550.0 -10.0 850.0000000000002 600.0000000000001 -20.0 850.0000000000002 600.0000000000001 -10.0 850.0000000000001 650.0 -20.0 850.0000000000001 650.0 -10.0 850.0000000000002 700.0000000000001 -20.0 850.0000000000002 700.0000000000001 -10.0 850.0 750.0 -20.0 850.0 750.0 -10.0 850.0000000000001 800.0 -20.0 850.0000000000001 800.0 -10.0 850.0000000000001 850.0000000000001 -20.0 850.0000000000001 850.0000000000001 -10.0 850.0000000000001 900.0 -20.0 850.0000000000001 900.0 -10.0 850.0000000000001 950.0000000000001 -20.0 850.0000000000001 950.0000000000001 -10.0 900.0 50.0 -20.0 900.0 50.0 -10.0 900.0 100.0 -20.0 900.0 100.0 -10.0 900.0 150.0 -20.0 900.0 150.0 -10.0 900.0 200.00000000000006 -20.0 900.0 200.00000000000006 -10.0 900.0 250.0 -20.0 900.0 250.0 -10.0 900.0 300.0 -20.0 900.0 300.0 -10.0 900.0 350.0000000000001 -20.0 900.0 350.0000000000001 -10.0 900.0 400.0 -20.0 900.0 400.0 -10.0 900.0 450.0 -20.0 900.0 450.0 -10.0 900.0 500.0 -20.0 900.0 500.0 -10.0 900.0 550.0 -20.0 900.0 550.0 -10.0 900.0 600.0000000000001 -20.0 900.0 600.0000000000001 -10.0 900.0 650.0 -20.0 900.0 650.0 -10.0 900.0 700.0000000000001 -20.0 900.0 700.0000000000001 -10.0 900.0 750.0 -20.0 900.0 750.0 -10.0 900.0 800.0 -20.0 900.0 800.0 -10.0 900.0 850.0000000000001 -20.0 900.0 850.0000000000001 -10.0 900.0 900.0 -20.0 900.0 900.0 -10.0 900.0 950.0000000000001 -20.0 900.0 950.0000000000001 -10.0 950.0000000000002 49.99999999999994 -20.0 950.0000000000002 49.99999999999994 -10.0 950.0000000000001 100.0 -20.0 950.0000000000001 100.0 -10.0 950.0000000000002 150.0 -20.0 950.0000000000002 150.0 -10.0 950.0000000000002 200.00000000000006 -20.0 950.0000000000002 200.00000000000006 -10.0 950.0000000000002 250.0 -20.0 950.0000000000002 250.0 -10.0 950.0000000000002 299.99999999999994 -20.0 950.0000000000002 299.99999999999994 -10.0 950.0000000000002 350.0 -20.0 950.0000000000002 350.0 -10.0 950.0000000000001 400.00000000000006 -20.0 950.0000000000001 400.00000000000006 -10.0 950.0000000000001 450.00000000000006 -20.0 950.0000000000001 450.00000000000006 -10.0 950.0000000000001 500.0 -20.0 950.0000000000001 500.0 -10.0 950.0000000000001 550.0 -20.0 950.0000000000001 550.0 -10.0 950.0000000000001 600.0000000000001 -20.0 950.0000000000001 600.0000000000001 -10.0 950.0000000000002 650.0 -20.0 950.0000000000002 650.0 -10.0 950.0000000000002 700.0000000000002 -20.0 950.0000000000002 700.0000000000002 -10.0 950.0000000000002 750.0 -20.0 950.0000000000002 750.0 -10.0 950.0000000000002 799.9999999999999 -20.0 950.0000000000002 799.9999999999999 -10.0 950.0000000000002 850.0000000000001 -20.0 950.0000000000002 850.0000000000001 -10.0 950.0000000000001 900.0 -20.0 950.0000000000001 900.0 -10.0 950.0000000000002 950.0000000000002 -20.0 950.0000000000002 950.0000000000002 -10.0 50.0 1010.0 -20.0 50.0 1010.0 -10.0 50.0 1020.0 -20.0 50.0 1020.0 -10.0 100.00000000000011 1010.0 -20.0 100.00000000000011 1010.0 -10.0 100.0 1020.0 -20.0 100.0 1020.0 -10.0 150.0 1010.0 -20.0 150.0 1010.0 -10.0 150.0 1020.0 -20.0 150.0 1020.0 -10.0 200.00000000000006 1010.0 -20.0 200.00000000000006 1010.0 -10.0 200.00000000000006 1020.0 -20.0 200.00000000000006 1020.0 -10.0 250.0 1010.0 -20.0 250.0 1010.0 -10.0 250.0 1020.0 -20.0 250.0 1020.0 -10.0 300.0000000000001 1010.0 -20.0 300.0000000000001 1010.0 -10.0 300.0000000000001 1020.0 -20.0 300.0000000000001 1020.0 -10.0 350.0000000000001 1010.0 -20.0 350.0000000000001 1010.0 -10.0 350.0000000000001 1020.0 -20.0 350.0000000000001 1020.0 -10.0 399.99999999999994 1010.0 -20.0 399.99999999999994 1010.0 -10.0 399.99999999999994 1020.0 -20.0 399.99999999999994 1020.0 -10.0 450.0 1010.0 -20.0 450.0 1010.0 -10.0 450.0 1020.0 -20.0 450.0 1020.0 -10.0 500.0 1010.0 -20.0 500.0 1010.0 -10.0 500.0 1020.0 -20.0 500.0 1020.0 -10.0 550.0 1010.0 -20.0 550.0 1010.0 -10.0 550.0 1020.0 -20.0 550.0 1020.0 -10.0 600.0000000000002 1010.0 -20.0 600.0000000000002 1010.0 -10.0 600.0000000000002 1020.0 -20.0 600.0000000000002 1020.0 -10.0 650.0 1010.0 -20.0 650.0 1010.0 -10.0 650.0 1020.0 -20.0 650.0 1020.0 -10.0 700.0 1010.0 -20.0 700.0 1010.0 -10.0 700.0000000000001 1020.0 -20.0 700.0000000000001 1020.0 -10.0 750.0 1010.0 -20.0 750.0 1010.0 -10.0 750.0 1020.0 -20.0 750.0 1020.0 -10.0 800.0 1010.0 -20.0 800.0 1010.0 -10.0 799.9999999999999 1020.0 -20.0 799.9999999999999 1020.0 -10.0 850.0000000000002 1010.0 -20.0 850.0000000000002 1010.0 -10.0 850.0000000000002 1020.0 -20.0 850.0000000000002 1020.0 -10.0 900.0 1010.0 -20.0 900.0 1010.0 -10.0 900.0 1020.0 -20.0 900.0 1020.0 -10.0 950.0000000000002 1010.0 -20.0 950.0000000000002 1010.0 -10.0 950.0000000000002 1020.0 -20.0 950.0000000000002 1020.0 -10.0 1010.0 -20.0 -20.0 1010.0 -20.0 -10.0 1010.0 -10.0 -20.0 1010.0 -10.0 -10.0 1020.0 -20.0 -20.0 1020.0 -20.0 -10.0 1020.0 -10.0 -20.0 1020.0 -10.0 -10.0 1010.0 50.0 -20.0 1010.0 50.0 -10.0 1010.0 100.0 -20.0 1010.0 100.0 -10.0 1010.0 150.0 -20.0 1010.0 150.0 -10.0 1010.0 200.0000000000001 -20.0 1010.0 200.0000000000001 -10.0 1010.0 249.99999999999997 -20.0 1010.0 249.99999999999997 -10.0 1010.0 300.0 -20.0 1010.0 300.0 -10.0 1010.0 350.0000000000001 -20.0 1010.0 350.0000000000001 -10.0 1010.0 399.99999999999994 -20.0 1010.0 399.99999999999994 -10.0 1010.0 450.0 -20.0 1010.0 450.0 -10.0 1010.0 500.0 -20.0 1010.0 500.0 -10.0 1010.0 550.0 -20.0 1010.0 550.0 -10.0 1010.0 600.0000000000002 -20.0 1010.0 600.0000000000002 -10.0 1010.0 650.0 -20.0 1010.0 650.0 -10.0 1010.0 700.0000000000001 -20.0 1010.0 700.0000000000001 -10.0 1010.0 750.0 -20.0 1010.0 750.0 -10.0 1010.0 799.9999999999999 -20.0 1010.0 799.9999999999999 -10.0 1010.0 850.0000000000002 -20.0 1010.0 850.0000000000002 -10.0 1010.0 900.0 -20.0 1010.0 900.0 -10.0 1010.0 950.0000000000002 -20.0 1010.0 950.0000000000002 -10.0 1020.0 50.0 -20.0 1020.0 50.0 -10.0 1020.0 100.0 -20.0 1020.0 100.0 -10.0 1020.0 150.0 -20.0 1020.0 150.0 -10.0 1020.0 200.0 -20.0 1020.0 200.0 -10.0 1020.0 250.0 -20.0 1020.0 250.0 -10.0 1020.0 300.0 -20.0 1020.0 300.0 -10.0 1020.0 350.0000000000001 -20.0 1020.0 350.0000000000001 -10.0 1020.0 400.0 -20.0 1020.0 400.0 -10.0 1020.0 450.0 -20.0 1020.0 450.0 -10.0 1020.0 500.0 -20.0 1020.0 500.0 -10.0 1020.0 550.0 -20.0 1020.0 550.0 -10.0 1020.0 600.0000000000002 -20.0 1020.0 600.0000000000002 -10.0 1020.0 650.0 -20.0 1020.0 650.0 -10.0 1020.0 700.0000000000002 -20.0 1020.0 700.0000000000002 -10.0 1020.0 750.0 -20.0 1020.0 750.0 -10.0 1020.0 800.0 -20.0 1020.0 800.0 -10.0 1020.0 850.0000000000002 -20.0 1020.0 850.0000000000002 -10.0 1020.0 900.0 -20.0 1020.0 900.0 -10.0 1020.0 950.0000000000002 -20.0 1020.0 950.0000000000002 -10.0 1010.0 1010.0 -20.0 1010.0 1010.0 -10.0 1010.0 1020.0 -20.0 1010.0 1020.0 -10.0 1020.0 1010.0 -20.0 1020.0 1010.0 -10.0 1020.0 1020.0 -20.0 1020.0 1020.0 -10.0 -20.87488663525924 -20.87488663525924 10.0 -21.74977327051848 -21.74977327051848 20.0 -22.62465990577772 -22.62465990577772 30.0 -23.49954654103696 -23.49954654103696 40.0 -24.3744331762962 -24.3744331762962 50.0 -25.24931981155544 -25.24931981155544 60.0 -26.124206446814682 -26.124206446814682 70.0 -26.99909308207392 -26.99909308207392 80.0 -27.87397971733316 -27.87397971733316 90.0 -20.87488663525924 -10.87488663525924 10.0 -21.74977327051848 -11.74977327051848 20.0 -22.62465990577772 -12.62465990577772 30.0 -23.49954654103696 -13.49954654103696 40.0 -24.3744331762962 -14.3744331762962 50.0 -25.24931981155544 -15.249319811555441 60.0 -26.124206446814682 -16.124206446814682 70.0 -26.99909308207392 -16.99909308207392 80.0 -27.87397971733316 -17.87397971733316 90.0 -10.87488663525924 -20.87488663525924 10.0 -11.74977327051848 -21.74977327051848 20.0 -12.62465990577772 -22.62465990577772 30.0 -13.49954654103696 -23.49954654103696 40.0 -14.3744331762962 -24.3744331762962 50.0 -15.249319811555441 -25.24931981155544 60.0 -16.124206446814682 -26.124206446814682 70.0 -16.99909308207392 -26.99909308207392 80.0 -17.87397971733316 -27.87397971733316 90.0 -10.874886635259239 -10.87488663525924 10.0 -11.749773270518478 -11.74977327051848 20.0 -12.624659905777719 -12.62465990577772 30.0 -13.499546541036958 -13.49954654103696 40.0 -14.374433176296199 -14.3744331762962 50.0 -15.249319811555438 -15.249319811555441 60.0 -16.12420644681468 -16.124206446814682 70.0 -16.99909308207392 -16.99909308207392 80.0 -17.873979717333157 -17.87397971733316 90.0 -20.87488663525924 50.0 10.0 -21.74977327051848 50.0 20.0 -22.62465990577772 50.0 30.0 -23.49954654103696 50.0 40.0 -24.3744331762962 50.0 50.0 -25.24931981155544 50.0 60.0 -26.124206446814682 50.0 70.0 -26.99909308207392 50.0 80.0 -27.87397971733316 50.0 90.0 -20.87488663525924 100.0 10.0 -21.74977327051848 100.0 20.0 -22.62465990577772 100.0 30.0 -23.49954654103696 100.0 40.0 -24.3744331762962 100.0 50.0 -25.24931981155544 100.0 60.0 -26.124206446814682 100.0 70.0 -26.99909308207392 100.0 80.0 -27.87397971733316 100.0 90.0 -20.87488663525924 150.0 10.0 -21.74977327051848 150.0 20.0 -22.62465990577772 150.0 30.0 -23.49954654103696 150.0 40.0 -24.3744331762962 150.0 50.0 -25.24931981155544 150.0 60.0 -26.124206446814682 150.0 70.0 -26.99909308207392 150.0 80.0 -27.87397971733316 150.0 90.0 -20.87488663525924 200.0000000000001 10.0 -21.74977327051848 200.0000000000001 20.0 -22.62465990577772 200.0000000000001 30.0 -23.49954654103696 200.0000000000001 40.0 -24.3744331762962 200.0000000000001 50.0 -25.24931981155544 200.0000000000001 60.0 -26.124206446814682 200.0000000000001 70.0 -26.99909308207392 200.0000000000001 80.0 -27.87397971733316 200.0000000000001 90.0 -20.87488663525924 249.99999999999997 10.0 -21.74977327051848 249.99999999999997 20.0 -22.62465990577772 249.99999999999997 30.0 -23.49954654103696 249.99999999999997 40.0 -24.3744331762962 249.99999999999997 50.0 -25.24931981155544 249.99999999999997 60.0 -26.124206446814682 249.99999999999997 70.0 -26.99909308207392 249.99999999999997 80.0 -27.87397971733316 249.99999999999997 90.0 -20.87488663525924 300.0 10.0 -21.74977327051848 300.0 20.0 -22.62465990577772 300.0 30.0 -23.49954654103696 300.0 40.0 -24.3744331762962 300.0 50.0 -25.24931981155544 300.0 60.0 -26.124206446814682 300.0 70.0 -26.99909308207392 300.0 80.0 -27.87397971733316 300.0 90.0 -20.87488663525924 350.0000000000001 10.0 -21.74977327051848 350.0000000000001 20.0 -22.62465990577772 350.0000000000001 30.0 -23.49954654103696 350.0000000000001 40.0 -24.3744331762962 350.0000000000001 50.0 -25.24931981155544 350.0000000000001 60.0 -26.124206446814682 350.0000000000001 70.0 -26.99909308207392 350.0000000000001 80.0 -27.87397971733316 350.0000000000001 90.0 -20.87488663525924 399.99999999999994 10.0 -21.74977327051848 399.99999999999994 20.0 -22.62465990577772 399.99999999999994 30.0 -23.49954654103696 399.99999999999994 40.0 -24.3744331762962 399.99999999999994 50.0 -25.24931981155544 399.99999999999994 60.0 -26.124206446814682 399.99999999999994 70.0 -26.99909308207392 399.99999999999994 80.0 -27.87397971733316 399.99999999999994 90.0 -20.87488663525924 450.0 10.0 -21.74977327051848 450.0 20.0 -22.62465990577772 450.0 30.0 -23.49954654103696 450.0 40.0 -24.3744331762962 450.0 50.0 -25.24931981155544 450.0 60.0 -26.124206446814682 450.0 70.0 -26.99909308207392 450.0 80.0 -27.87397971733316 450.0 90.0 -20.87488663525924 500.0 10.0 -21.74977327051848 500.0 20.0 -22.62465990577772 500.0 30.0 -23.49954654103696 500.0 40.0 -24.3744331762962 500.0 50.0 -25.24931981155544 500.0 60.0 -26.124206446814682 500.0 70.0 -26.99909308207392 500.0 80.0 -27.87397971733316 500.0 90.0 -20.87488663525924 550.0 10.0 -21.74977327051848 550.0 20.0 -22.62465990577772 550.0 30.0 -23.49954654103696 550.0 40.0 -24.3744331762962 550.0 50.0 -25.24931981155544 550.0 60.0 -26.124206446814682 550.0 70.0 -26.99909308207392 550.0 80.0 -27.87397971733316 550.0 90.0 -20.87488663525924 600.0000000000002 10.0 -21.74977327051848 600.0000000000002 20.0 -22.62465990577772 600.0000000000002 30.0 -23.49954654103696 600.0000000000002 40.0 -24.3744331762962 600.0000000000002 50.0 -25.24931981155544 600.0000000000002 60.0 -26.124206446814682 600.0000000000002 70.0 -26.99909308207392 600.0000000000002 80.0 -27.87397971733316 600.0000000000002 90.0 -20.87488663525924 650.0 10.0 -21.74977327051848 650.0 20.0 -22.62465990577772 650.0 30.0 -23.49954654103696 650.0 40.0 -24.3744331762962 650.0 50.0 -25.24931981155544 650.0 60.0 -26.124206446814682 650.0 70.0 -26.99909308207392 650.0 80.0 -27.87397971733316 650.0 90.0 -20.87488663525924 700.0000000000001 10.0 -21.74977327051848 700.0000000000001 20.0 -22.62465990577772 700.0000000000001 30.0 -23.49954654103696 700.0000000000001 40.0 -24.3744331762962 700.0000000000001 50.0 -25.24931981155544 700.0000000000001 60.0 -26.124206446814682 700.0000000000001 70.0 -26.99909308207392 700.0000000000001 80.0 -27.87397971733316 700.0000000000001 90.0 -20.87488663525924 750.0 10.0 -21.74977327051848 750.0 20.0 -22.62465990577772 750.0 30.0 -23.49954654103696 750.0 40.0 -24.3744331762962 750.0 50.0 -25.24931981155544 750.0 60.0 -26.124206446814682 750.0 70.0 -26.99909308207392 750.0 80.0 -27.87397971733316 750.0 90.0 -20.87488663525924 799.9999999999999 10.0 -21.74977327051848 799.9999999999999 20.0 -22.62465990577772 799.9999999999999 30.0 -23.49954654103696 799.9999999999999 40.0 -24.3744331762962 799.9999999999999 50.0 -25.24931981155544 799.9999999999999 60.0 -26.124206446814682 799.9999999999999 70.0 -26.99909308207392 799.9999999999999 80.0 -27.87397971733316 799.9999999999999 90.0 -20.87488663525924 850.0000000000002 10.0 -21.74977327051848 850.0000000000002 20.0 -22.62465990577772 850.0000000000002 30.0 -23.49954654103696 850.0000000000002 40.0 -24.3744331762962 850.0000000000002 50.0 -25.24931981155544 850.0000000000002 60.0 -26.124206446814682 850.0000000000002 70.0 -26.99909308207392 850.0000000000002 80.0 -27.87397971733316 850.0000000000002 90.0 -20.87488663525924 900.0 10.0 -21.74977327051848 900.0 20.0 -22.62465990577772 900.0 30.0 -23.49954654103696 900.0 40.0 -24.3744331762962 900.0 50.0 -25.24931981155544 900.0 60.0 -26.124206446814682 900.0 70.0 -26.99909308207392 900.0 80.0 -27.87397971733316 900.0 90.0 -20.87488663525924 950.0000000000002 10.0 -21.74977327051848 950.0000000000002 20.0 -22.62465990577772 950.0000000000002 30.0 -23.49954654103696 950.0000000000002 40.0 -24.3744331762962 950.0000000000002 50.0 -25.24931981155544 950.0000000000002 60.0 -26.124206446814682 950.0000000000002 70.0 -26.99909308207392 950.0000000000002 80.0 -27.87397971733316 950.0000000000002 90.0 -10.87488663525924 50.0 10.0 -11.74977327051848 50.0 20.0 -12.62465990577772 50.0 30.0 -13.49954654103696 50.0 40.0 -14.3744331762962 50.0 50.0 -15.249319811555441 50.0 60.0 -16.124206446814682 50.0 70.0 -16.99909308207392 50.0 80.0 -17.87397971733316 50.0 90.0 -10.87488663525924 100.0 10.0 -11.74977327051848 100.0 20.0 -12.62465990577772 100.0 30.0 -13.49954654103696 100.0 40.0 -14.3744331762962 100.0 50.0 -15.249319811555441 100.0 60.0 -16.124206446814682 100.0 70.0 -16.99909308207392 100.0 80.0 -17.87397971733316 100.0 90.0 -10.87488663525924 150.0 10.0 -11.74977327051848 150.0 20.0 -12.62465990577772 150.0 30.0 -13.49954654103696 150.0 40.0 -14.3744331762962 150.0 50.0 -15.249319811555441 150.0 60.0 -16.124206446814682 150.0 70.0 -16.99909308207392 150.0 80.0 -17.87397971733316 150.0 90.0 -10.87488663525924 200.0 10.0 -11.74977327051848 200.0 20.0 -12.62465990577772 200.0 30.0 -13.49954654103696 200.0 40.0 -14.3744331762962 200.0 50.0 -15.249319811555441 200.0 60.0 -16.124206446814682 200.0 70.0 -16.99909308207392 200.0 80.0 -17.87397971733316 200.0 90.0 -10.87488663525924 250.0 10.0 -11.74977327051848 250.0 20.0 -12.62465990577772 250.0 30.0 -13.49954654103696 250.0 40.0 -14.3744331762962 250.0 50.0 -15.249319811555441 250.0 60.0 -16.124206446814682 250.0 70.0 -16.99909308207392 250.0 80.0 -17.87397971733316 250.0 90.0 -10.87488663525924 300.0 10.0 -11.74977327051848 300.0 20.0 -12.62465990577772 300.0 30.0 -13.49954654103696 300.0 40.0 -14.3744331762962 300.0 50.0 -15.249319811555441 300.0 60.0 -16.124206446814682 300.0 70.0 -16.99909308207392 300.0 80.0 -17.87397971733316 300.0 90.0 -10.87488663525924 350.0000000000001 10.0 -11.74977327051848 350.0000000000001 20.0 -12.62465990577772 350.0000000000001 30.0 -13.49954654103696 350.0000000000001 40.0 -14.3744331762962 350.0000000000001 50.0 -15.249319811555441 350.0000000000001 60.0 -16.124206446814682 350.0000000000001 70.0 -16.99909308207392 350.0000000000001 80.0 -17.87397971733316 350.0000000000001 90.0 -10.874886635259239 400.0 10.0 -11.749773270518478 400.0 20.0 -12.624659905777719 400.0 30.0 -13.499546541036958 400.0 40.0 -14.374433176296199 400.0 50.0 -15.249319811555438 400.0 60.0 -16.12420644681468 400.0 70.0 -16.99909308207392 400.0 80.0 -17.873979717333157 400.0 90.0 -10.87488663525924 450.0 10.0 -11.74977327051848 450.0 20.0 -12.62465990577772 450.0 30.0 -13.49954654103696 450.0 40.0 -14.3744331762962 450.0 50.0 -15.249319811555441 450.0 60.0 -16.124206446814682 450.0 70.0 -16.99909308207392 450.0 80.0 -17.87397971733316 450.0 90.0 -10.87488663525924 500.0 10.0 -11.74977327051848 500.0 20.0 -12.62465990577772 500.0 30.0 -13.49954654103696 500.0 40.0 -14.3744331762962 500.0 50.0 -15.249319811555441 500.0 60.0 -16.124206446814682 500.0 70.0 -16.99909308207392 500.0 80.0 -17.87397971733316 500.0 90.0 -10.874886635259239 550.0 10.0 -11.749773270518478 550.0 20.0 -12.624659905777719 550.0 30.0 -13.499546541036958 550.0 40.0 -14.374433176296199 550.0 50.0 -15.249319811555438 550.0 60.0 -16.12420644681468 550.0 70.0 -16.99909308207392 550.0 80.0 -17.873979717333157 550.0 90.0 -10.87488663525924 600.0000000000002 10.0 -11.74977327051848 600.0000000000002 20.0 -12.62465990577772 600.0000000000002 30.0 -13.49954654103696 600.0000000000002 40.0 -14.3744331762962 600.0000000000002 50.0 -15.249319811555441 600.0000000000002 60.0 -16.124206446814682 600.0000000000002 70.0 -16.99909308207392 600.0000000000002 80.0 -17.87397971733316 600.0000000000002 90.0 -10.87488663525924 650.0 10.0 -11.74977327051848 650.0 20.0 -12.62465990577772 650.0 30.0 -13.49954654103696 650.0 40.0 -14.3744331762962 650.0 50.0 -15.249319811555441 650.0 60.0 -16.124206446814682 650.0 70.0 -16.99909308207392 650.0 80.0 -17.87397971733316 650.0 90.0 -10.87488663525924 700.0000000000002 10.0 -11.74977327051848 700.0000000000002 20.0 -12.62465990577772 700.0000000000002 30.0 -13.49954654103696 700.0000000000002 40.0 -14.3744331762962 700.0000000000002 50.0 -15.249319811555441 700.0000000000002 60.0 -16.124206446814682 700.0000000000002 70.0 -16.99909308207392 700.0000000000002 80.0 -17.87397971733316 700.0000000000002 90.0 -10.87488663525924 750.0 10.0 -11.74977327051848 750.0 20.0 -12.62465990577772 750.0 30.0 -13.49954654103696 750.0 40.0 -14.3744331762962 750.0 50.0 -15.249319811555441 750.0 60.0 -16.124206446814682 750.0 70.0 -16.99909308207392 750.0 80.0 -17.87397971733316 750.0 90.0 -10.87488663525924 800.0 10.0 -11.74977327051848 800.0 20.0 -12.62465990577772 800.0 30.0 -13.49954654103696 800.0 40.0 -14.3744331762962 800.0 50.0 -15.249319811555441 800.0 60.0 -16.124206446814682 800.0 70.0 -16.99909308207392 800.0 80.0 -17.87397971733316 800.0 90.0 -10.87488663525924 850.0000000000002 10.0 -11.74977327051848 850.0000000000002 20.0 -12.62465990577772 850.0000000000002 30.0 -13.49954654103696 850.0000000000002 40.0 -14.3744331762962 850.0000000000002 50.0 -15.249319811555441 850.0000000000002 60.0 -16.124206446814682 850.0000000000002 70.0 -16.99909308207392 850.0000000000002 80.0 -17.87397971733316 850.0000000000002 90.0 -10.87488663525924 900.0 10.0 -11.74977327051848 900.0 20.0 -12.62465990577772 900.0 30.0 -13.49954654103696 900.0 40.0 -14.3744331762962 900.0 50.0 -15.249319811555441 900.0 60.0 -16.124206446814682 900.0 70.0 -16.99909308207392 900.0 80.0 -17.87397971733316 900.0 90.0 -10.87488663525924 950.0000000000002 10.0 -11.74977327051848 950.0000000000002 20.0 -12.62465990577772 950.0000000000002 30.0 -13.49954654103696 950.0000000000002 40.0 -14.3744331762962 950.0000000000002 50.0 -15.249319811555441 950.0000000000002 60.0 -16.124206446814682 950.0000000000002 70.0 -16.99909308207392 950.0000000000002 80.0 -17.87397971733316 950.0000000000002 90.0 -20.87488663525924 1010.8748866352593 10.0 -21.74977327051848 1011.7497732705185 20.0 -22.62465990577772 1012.6246599057778 30.0 -23.49954654103696 1013.4995465410369 40.0 -24.3744331762962 1014.3744331762962 50.0 -25.24931981155544 1015.2493198115554 60.0 -26.124206446814682 1016.1242064468147 70.0 -26.99909308207392 1016.999093082074 80.0 -27.87397971733316 1017.8739797173332 90.0 -20.87488663525924 1020.8748866352593 10.0 -21.74977327051848 1021.7497732705185 20.0 -22.62465990577772 1022.6246599057778 30.0 -23.49954654103696 1023.4995465410369 40.0 -24.3744331762962 1024.3744331762962 50.0 -25.24931981155544 1025.2493198115556 60.0 -26.124206446814682 1026.1242064468147 70.0 -26.99909308207392 1026.9990930820738 80.0 -27.87397971733316 1027.8739797173332 90.0 -10.87488663525924 1010.8748866352593 10.0 -11.74977327051848 1011.7497732705185 20.0 -12.62465990577772 1012.6246599057778 30.0 -13.49954654103696 1013.4995465410369 40.0 -14.3744331762962 1014.3744331762962 50.0 -15.249319811555441 1015.2493198115554 60.0 -16.124206446814682 1016.1242064468147 70.0 -16.99909308207392 1016.999093082074 80.0 -17.87397971733316 1017.8739797173332 90.0 -10.874886635259239 1020.8748866352593 10.0 -11.749773270518478 1021.7497732705185 20.0 -12.624659905777719 1022.6246599057778 30.0 -13.499546541036958 1023.4995465410369 40.0 -14.374433176296199 1024.3744331762962 50.0 -15.249319811555438 1025.2493198115556 60.0 -16.12420644681468 1026.1242064468147 70.0 -16.99909308207392 1026.9990930820738 80.0 -17.873979717333157 1027.8739797173332 90.0 50.0 -20.87488663525924 10.0 50.0 -21.74977327051848 20.0 50.0 -22.62465990577772 30.0 50.0 -23.49954654103696 40.0 50.0 -24.3744331762962 50.0 50.0 -25.24931981155544 60.0 50.0 -26.124206446814682 70.0 50.0 -26.99909308207392 80.0 50.0 -27.87397971733316 90.0 50.0 -10.87488663525924 10.0 50.0 -11.74977327051848 20.0 50.0 -12.62465990577772 30.0 50.0 -13.49954654103696 40.0 50.0 -14.3744331762962 50.0 50.0 -15.249319811555441 60.0 50.0 -16.124206446814682 70.0 50.0 -16.99909308207392 80.0 50.0 -17.87397971733316 90.0 100.00000000000011 -20.87488663525924 10.0 100.00000000000011 -21.74977327051848 20.0 100.00000000000011 -22.62465990577772 30.0 100.00000000000011 -23.49954654103696 40.0 100.00000000000011 -24.3744331762962 50.0 100.00000000000011 -25.24931981155544 60.0 100.00000000000011 -26.124206446814682 70.0 100.00000000000011 -26.99909308207392 80.0 100.00000000000011 -27.87397971733316 90.0 100.0 -10.87488663525924 10.0 100.0 -11.74977327051848 20.0 100.0 -12.62465990577772 30.0 100.0 -13.49954654103696 40.0 100.0 -14.3744331762962 50.0 100.0 -15.249319811555441 60.0 100.0 -16.124206446814682 70.0 100.0 -16.99909308207392 80.0 100.0 -17.87397971733316 90.0 150.0 -20.87488663525924 10.0 150.0 -21.74977327051848 20.0 150.0 -22.62465990577772 30.0 150.0 -23.49954654103696 40.0 150.0 -24.3744331762962 50.0 150.0 -25.24931981155544 60.0 150.0 -26.124206446814682 70.0 150.0 -26.99909308207392 80.0 150.0 -27.87397971733316 90.0 150.0 -10.87488663525924 10.0 150.0 -11.74977327051848 20.0 150.0 -12.62465990577772 30.0 150.0 -13.49954654103696 40.0 150.0 -14.3744331762962 50.0 150.0 -15.249319811555441 60.0 150.0 -16.124206446814682 70.0 150.0 -16.99909308207392 80.0 150.0 -17.87397971733316 90.0 200.00000000000006 -20.87488663525924 10.0 200.00000000000006 -21.74977327051848 20.0 200.00000000000006 -22.62465990577772 30.0 200.00000000000006 -23.49954654103696 40.0 200.00000000000006 -24.3744331762962 50.0 200.00000000000006 -25.24931981155544 60.0 200.00000000000006 -26.124206446814682 70.0 200.00000000000006 -26.99909308207392 80.0 200.00000000000006 -27.87397971733316 90.0 200.00000000000006 -10.87488663525924 10.0 200.00000000000006 -11.74977327051848 20.0 200.00000000000006 -12.62465990577772 30.0 200.00000000000006 -13.49954654103696 40.0 200.00000000000006 -14.3744331762962 50.0 200.00000000000006 -15.249319811555441 60.0 200.00000000000006 -16.124206446814682 70.0 200.00000000000006 -16.99909308207392 80.0 200.00000000000006 -17.87397971733316 90.0 250.0 -20.87488663525924 10.0 250.0 -21.74977327051848 20.0 250.0 -22.62465990577772 30.0 250.0 -23.49954654103696 40.0 250.0 -24.3744331762962 50.0 250.0 -25.24931981155544 60.0 250.0 -26.124206446814682 70.0 250.0 -26.99909308207392 80.0 250.0 -27.87397971733316 90.0 250.0 -10.87488663525924 10.0 250.0 -11.74977327051848 20.0 250.0 -12.62465990577772 30.0 250.0 -13.49954654103696 40.0 250.0 -14.3744331762962 50.0 250.0 -15.249319811555441 60.0 250.0 -16.124206446814682 70.0 250.0 -16.99909308207392 80.0 250.0 -17.87397971733316 90.0 300.0000000000001 -20.87488663525924 10.0 300.0000000000001 -21.74977327051848 20.0 300.0000000000001 -22.62465990577772 30.0 300.0000000000001 -23.49954654103696 40.0 300.0000000000001 -24.3744331762962 50.0 300.0000000000001 -25.24931981155544 60.0 300.0000000000001 -26.124206446814682 70.0 300.0000000000001 -26.99909308207392 80.0 300.0000000000001 -27.87397971733316 90.0 300.0000000000001 -10.87488663525924 10.0 300.0000000000001 -11.74977327051848 20.0 300.0000000000001 -12.62465990577772 30.0 300.0000000000001 -13.49954654103696 40.0 300.0000000000001 -14.3744331762962 50.0 300.0000000000001 -15.249319811555441 60.0 300.0000000000001 -16.124206446814682 70.0 300.0000000000001 -16.99909308207392 80.0 300.0000000000001 -17.87397971733316 90.0 350.0000000000001 -20.87488663525924 10.0 350.0000000000001 -21.74977327051848 20.0 350.0000000000001 -22.62465990577772 30.0 350.0000000000001 -23.49954654103696 40.0 350.0000000000001 -24.3744331762962 50.0 350.0000000000001 -25.24931981155544 60.0 350.0000000000001 -26.124206446814682 70.0 350.0000000000001 -26.99909308207392 80.0 350.0000000000001 -27.87397971733316 90.0 350.0000000000001 -10.874886635259239 10.0 350.0000000000001 -11.749773270518478 20.0 350.0000000000001 -12.624659905777719 30.0 350.0000000000001 -13.499546541036958 40.0 350.0000000000001 -14.374433176296199 50.0 350.0000000000001 -15.249319811555438 60.0 350.0000000000001 -16.12420644681468 70.0 350.0000000000001 -16.99909308207392 80.0 350.0000000000001 -17.873979717333157 90.0 399.99999999999994 -20.87488663525924 10.0 399.99999999999994 -21.74977327051848 20.0 399.99999999999994 -22.62465990577772 30.0 399.99999999999994 -23.49954654103696 40.0 399.99999999999994 -24.3744331762962 50.0 399.99999999999994 -25.24931981155544 60.0 399.99999999999994 -26.124206446814682 70.0 399.99999999999994 -26.99909308207392 80.0 399.99999999999994 -27.87397971733316 90.0 399.99999999999994 -10.87488663525924 10.0 399.99999999999994 -11.74977327051848 20.0 399.99999999999994 -12.62465990577772 30.0 399.99999999999994 -13.49954654103696 40.0 399.99999999999994 -14.3744331762962 50.0 399.99999999999994 -15.249319811555441 60.0 399.99999999999994 -16.124206446814682 70.0 399.99999999999994 -16.99909308207392 80.0 399.99999999999994 -17.87397971733316 90.0 450.0 -20.87488663525924 10.0 450.0 -21.74977327051848 20.0 450.0 -22.62465990577772 30.0 450.0 -23.49954654103696 40.0 450.0 -24.3744331762962 50.0 450.0 -25.24931981155544 60.0 450.0 -26.124206446814682 70.0 450.0 -26.99909308207392 80.0 450.0 -27.87397971733316 90.0 450.0 -10.87488663525924 10.0 450.0 -11.74977327051848 20.0 450.0 -12.62465990577772 30.0 450.0 -13.49954654103696 40.0 450.0 -14.3744331762962 50.0 450.0 -15.249319811555441 60.0 450.0 -16.124206446814682 70.0 450.0 -16.99909308207392 80.0 450.0 -17.87397971733316 90.0 500.0 -20.87488663525924 10.0 500.0 -21.74977327051848 20.0 500.0 -22.62465990577772 30.0 500.0 -23.49954654103696 40.0 500.0 -24.3744331762962 50.0 500.0 -25.24931981155544 60.0 500.0 -26.124206446814682 70.0 500.0 -26.99909308207392 80.0 500.0 -27.87397971733316 90.0 500.0 -10.87488663525924 10.0 500.0 -11.74977327051848 20.0 500.0 -12.62465990577772 30.0 500.0 -13.49954654103696 40.0 500.0 -14.3744331762962 50.0 500.0 -15.249319811555441 60.0 500.0 -16.124206446814682 70.0 500.0 -16.99909308207392 80.0 500.0 -17.87397971733316 90.0 550.0 -20.87488663525924 10.0 550.0 -21.74977327051848 20.0 550.0 -22.62465990577772 30.0 550.0 -23.49954654103696 40.0 550.0 -24.3744331762962 50.0 550.0 -25.24931981155544 60.0 550.0 -26.124206446814682 70.0 550.0 -26.99909308207392 80.0 550.0 -27.87397971733316 90.0 550.0 -10.87488663525924 10.0 550.0 -11.74977327051848 20.0 550.0 -12.62465990577772 30.0 550.0 -13.49954654103696 40.0 550.0 -14.3744331762962 50.0 550.0 -15.249319811555441 60.0 550.0 -16.124206446814682 70.0 550.0 -16.99909308207392 80.0 550.0 -17.87397971733316 90.0 600.0000000000002 -20.87488663525924 10.0 600.0000000000002 -21.74977327051848 20.0 600.0000000000002 -22.62465990577772 30.0 600.0000000000002 -23.49954654103696 40.0 600.0000000000002 -24.3744331762962 50.0 600.0000000000002 -25.24931981155544 60.0 600.0000000000002 -26.124206446814682 70.0 600.0000000000002 -26.99909308207392 80.0 600.0000000000002 -27.87397971733316 90.0 600.0000000000002 -10.87488663525924 10.0 600.0000000000002 -11.74977327051848 20.0 600.0000000000002 -12.62465990577772 30.0 600.0000000000002 -13.49954654103696 40.0 600.0000000000002 -14.3744331762962 50.0 600.0000000000002 -15.249319811555441 60.0 600.0000000000002 -16.124206446814682 70.0 600.0000000000002 -16.99909308207392 80.0 600.0000000000002 -17.87397971733316 90.0 650.0 -20.87488663525924 10.0 650.0 -21.74977327051848 20.0 650.0 -22.62465990577772 30.0 650.0 -23.49954654103696 40.0 650.0 -24.3744331762962 50.0 650.0 -25.24931981155544 60.0 650.0 -26.124206446814682 70.0 650.0 -26.99909308207392 80.0 650.0 -27.87397971733316 90.0 650.0 -10.87488663525924 10.0 650.0 -11.74977327051848 20.0 650.0 -12.62465990577772 30.0 650.0 -13.49954654103696 40.0 650.0 -14.3744331762962 50.0 650.0 -15.249319811555441 60.0 650.0 -16.124206446814682 70.0 650.0 -16.99909308207392 80.0 650.0 -17.87397971733316 90.0 700.0 -20.87488663525924 10.0 700.0 -21.74977327051848 20.0 700.0 -22.62465990577772 30.0 700.0 -23.49954654103696 40.0 700.0 -24.3744331762962 50.0 700.0 -25.24931981155544 60.0 700.0 -26.124206446814682 70.0 700.0 -26.99909308207392 80.0 700.0 -27.87397971733316 90.0 700.0000000000001 -10.874886635259239 10.0 700.0000000000001 -11.749773270518478 20.0 700.0000000000001 -12.624659905777719 30.0 700.0000000000001 -13.499546541036958 40.0 700.0000000000001 -14.374433176296199 50.0 700.0000000000001 -15.249319811555438 60.0 700.0000000000001 -16.12420644681468 70.0 700.0000000000001 -16.99909308207392 80.0 700.0000000000001 -17.873979717333157 90.0 750.0 -20.87488663525924 10.0 750.0 -21.74977327051848 20.0 750.0 -22.62465990577772 30.0 750.0 -23.49954654103696 40.0 750.0 -24.3744331762962 50.0 750.0 -25.24931981155544 60.0 750.0 -26.124206446814682 70.0 750.0 -26.99909308207392 80.0 750.0 -27.87397971733316 90.0 750.0 -10.87488663525924 10.0 750.0 -11.74977327051848 20.0 750.0 -12.62465990577772 30.0 750.0 -13.49954654103696 40.0 750.0 -14.3744331762962 50.0 750.0 -15.249319811555441 60.0 750.0 -16.124206446814682 70.0 750.0 -16.99909308207392 80.0 750.0 -17.87397971733316 90.0 800.0 -20.87488663525924 10.0 800.0 -21.74977327051848 20.0 800.0 -22.62465990577772 30.0 800.0 -23.49954654103696 40.0 800.0 -24.3744331762962 50.0 800.0 -25.24931981155544 60.0 800.0 -26.124206446814682 70.0 800.0 -26.99909308207392 80.0 800.0 -27.87397971733316 90.0 799.9999999999999 -10.874886635259239 10.0 799.9999999999999 -11.749773270518478 20.0 799.9999999999999 -12.624659905777719 30.0 799.9999999999999 -13.499546541036958 40.0 799.9999999999999 -14.374433176296199 50.0 799.9999999999999 -15.249319811555438 60.0 799.9999999999999 -16.12420644681468 70.0 799.9999999999999 -16.99909308207392 80.0 799.9999999999999 -17.873979717333157 90.0 850.0000000000002 -20.87488663525924 10.0 850.0000000000002 -21.74977327051848 20.0 850.0000000000002 -22.62465990577772 30.0 850.0000000000002 -23.49954654103696 40.0 850.0000000000002 -24.3744331762962 50.0 850.0000000000002 -25.24931981155544 60.0 850.0000000000002 -26.124206446814682 70.0 850.0000000000002 -26.99909308207392 80.0 850.0000000000002 -27.87397971733316 90.0 850.0000000000002 -10.874886635259239 10.0 850.0000000000002 -11.749773270518478 20.0 850.0000000000002 -12.624659905777719 30.0 850.0000000000002 -13.499546541036958 40.0 850.0000000000002 -14.374433176296199 50.0 850.0000000000002 -15.249319811555438 60.0 850.0000000000002 -16.12420644681468 70.0 850.0000000000002 -16.99909308207392 80.0 850.0000000000002 -17.873979717333157 90.0 900.0 -20.87488663525924 10.0 900.0 -21.74977327051848 20.0 900.0 -22.62465990577772 30.0 900.0 -23.49954654103696 40.0 900.0 -24.3744331762962 50.0 900.0 -25.24931981155544 60.0 900.0 -26.124206446814682 70.0 900.0 -26.99909308207392 80.0 900.0 -27.87397971733316 90.0 900.0 -10.87488663525924 10.0 900.0 -11.74977327051848 20.0 900.0 -12.62465990577772 30.0 900.0 -13.49954654103696 40.0 900.0 -14.3744331762962 50.0 900.0 -15.249319811555441 60.0 900.0 -16.124206446814682 70.0 900.0 -16.99909308207392 80.0 900.0 -17.87397971733316 90.0 950.0000000000002 -20.87488663525924 10.0 950.0000000000002 -21.74977327051848 20.0 950.0000000000002 -22.62465990577772 30.0 950.0000000000002 -23.49954654103696 40.0 950.0000000000002 -24.3744331762962 50.0 950.0000000000002 -25.24931981155544 60.0 950.0000000000002 -26.124206446814682 70.0 950.0000000000002 -26.99909308207392 80.0 950.0000000000002 -27.87397971733316 90.0 950.0000000000002 -10.874886635259239 10.0 950.0000000000002 -11.749773270518478 20.0 950.0000000000002 -12.624659905777719 30.0 950.0000000000002 -13.499546541036958 40.0 950.0000000000002 -14.374433176296199 50.0 950.0000000000002 -15.249319811555438 60.0 950.0000000000002 -16.12420644681468 70.0 950.0000000000002 -16.99909308207392 80.0 950.0000000000002 -17.873979717333157 90.0 50.0 1010.8748866352593 10.0 50.0 1011.7497732705185 20.0 50.0 1012.6246599057778 30.0 50.0 1013.4995465410369 40.0 50.0 1014.3744331762962 50.0 50.0 1015.2493198115554 60.0 50.0 1016.1242064468147 70.0 50.0 1016.999093082074 80.0 50.0 1017.8739797173332 90.0 50.0 1020.8748866352593 10.0 50.0 1021.7497732705185 20.0 50.0 1022.6246599057778 30.0 50.0 1023.4995465410369 40.0 50.0 1024.3744331762962 50.0 50.0 1025.2493198115556 60.0 50.0 1026.1242064468147 70.0 50.0 1026.9990930820738 80.0 50.0 1027.8739797173332 90.0 100.00000000000011 1010.8748866352593 10.0 100.00000000000011 1011.7497732705185 20.0 100.00000000000011 1012.6246599057778 30.0 100.00000000000011 1013.4995465410369 40.0 100.00000000000011 1014.3744331762962 50.0 100.00000000000011 1015.2493198115554 60.0 100.00000000000011 1016.1242064468147 70.0 100.00000000000011 1016.999093082074 80.0 100.00000000000011 1017.8739797173332 90.0 100.0 1020.8748866352593 10.0 100.0 1021.7497732705185 20.0 100.0 1022.6246599057778 30.0 100.0 1023.4995465410369 40.0 100.0 1024.3744331762962 50.0 100.0 1025.2493198115556 60.0 100.0 1026.1242064468147 70.0 100.0 1026.9990930820738 80.0 100.0 1027.8739797173332 90.0 150.0 1010.8748866352593 10.0 150.0 1011.7497732705185 20.0 150.0 1012.6246599057778 30.0 150.0 1013.4995465410369 40.0 150.0 1014.3744331762962 50.0 150.0 1015.2493198115554 60.0 150.0 1016.1242064468147 70.0 150.0 1016.999093082074 80.0 150.0 1017.8739797173332 90.0 150.0 1020.8748866352593 10.0 150.0 1021.7497732705185 20.0 150.0 1022.6246599057778 30.0 150.0 1023.4995465410369 40.0 150.0 1024.3744331762962 50.0 150.0 1025.2493198115556 60.0 150.0 1026.1242064468147 70.0 150.0 1026.9990930820738 80.0 150.0 1027.8739797173332 90.0 200.00000000000006 1010.8748866352593 10.0 200.00000000000006 1011.7497732705185 20.0 200.00000000000006 1012.6246599057778 30.0 200.00000000000006 1013.4995465410369 40.0 200.00000000000006 1014.3744331762962 50.0 200.00000000000006 1015.2493198115554 60.0 200.00000000000006 1016.1242064468147 70.0 200.00000000000006 1016.999093082074 80.0 200.00000000000006 1017.8739797173332 90.0 200.00000000000006 1020.8748866352593 10.0 200.00000000000006 1021.7497732705185 20.0 200.00000000000006 1022.6246599057778 30.0 200.00000000000006 1023.4995465410369 40.0 200.00000000000006 1024.3744331762962 50.0 200.00000000000006 1025.2493198115556 60.0 200.00000000000006 1026.1242064468147 70.0 200.00000000000006 1026.9990930820738 80.0 200.00000000000006 1027.8739797173332 90.0 250.0 1010.8748866352593 10.0 250.0 1011.7497732705185 20.0 250.0 1012.6246599057778 30.0 250.0 1013.4995465410369 40.0 250.0 1014.3744331762962 50.0 250.0 1015.2493198115554 60.0 250.0 1016.1242064468147 70.0 250.0 1016.999093082074 80.0 250.0 1017.8739797173332 90.0 250.0 1020.8748866352593 10.0 250.0 1021.7497732705185 20.0 250.0 1022.6246599057778 30.0 250.0 1023.4995465410369 40.0 250.0 1024.3744331762962 50.0 250.0 1025.2493198115556 60.0 250.0 1026.1242064468147 70.0 250.0 1026.9990930820738 80.0 250.0 1027.8739797173332 90.0 300.0000000000001 1010.8748866352593 10.0 300.0000000000001 1011.7497732705185 20.0 300.0000000000001 1012.6246599057778 30.0 300.0000000000001 1013.4995465410369 40.0 300.0000000000001 1014.3744331762962 50.0 300.0000000000001 1015.2493198115554 60.0 300.0000000000001 1016.1242064468147 70.0 300.0000000000001 1016.999093082074 80.0 300.0000000000001 1017.8739797173332 90.0 300.0000000000001 1020.8748866352593 10.0 300.0000000000001 1021.7497732705185 20.0 300.0000000000001 1022.6246599057778 30.0 300.0000000000001 1023.4995465410369 40.0 300.0000000000001 1024.3744331762962 50.0 300.0000000000001 1025.2493198115556 60.0 300.0000000000001 1026.1242064468147 70.0 300.0000000000001 1026.9990930820738 80.0 300.0000000000001 1027.8739797173332 90.0 350.0000000000001 1010.8748866352593 10.0 350.0000000000001 1011.7497732705185 20.0 350.0000000000001 1012.6246599057778 30.0 350.0000000000001 1013.4995465410369 40.0 350.0000000000001 1014.3744331762962 50.0 350.0000000000001 1015.2493198115554 60.0 350.0000000000001 1016.1242064468147 70.0 350.0000000000001 1016.999093082074 80.0 350.0000000000001 1017.8739797173332 90.0 350.0000000000001 1020.8748866352593 10.0 350.0000000000001 1021.7497732705185 20.0 350.0000000000001 1022.6246599057778 30.0 350.0000000000001 1023.4995465410369 40.0 350.0000000000001 1024.3744331762962 50.0 350.0000000000001 1025.2493198115556 60.0 350.0000000000001 1026.1242064468147 70.0 350.0000000000001 1026.9990930820738 80.0 350.0000000000001 1027.8739797173332 90.0 399.99999999999994 1010.8748866352593 10.0 399.99999999999994 1011.7497732705185 20.0 399.99999999999994 1012.6246599057778 30.0 399.99999999999994 1013.4995465410369 40.0 399.99999999999994 1014.3744331762962 50.0 399.99999999999994 1015.2493198115554 60.0 399.99999999999994 1016.1242064468147 70.0 399.99999999999994 1016.999093082074 80.0 399.99999999999994 1017.8739797173332 90.0 399.99999999999994 1020.8748866352593 10.0 399.99999999999994 1021.7497732705185 20.0 399.99999999999994 1022.6246599057778 30.0 399.99999999999994 1023.4995465410369 40.0 399.99999999999994 1024.3744331762962 50.0 399.99999999999994 1025.2493198115556 60.0 399.99999999999994 1026.1242064468147 70.0 399.99999999999994 1026.9990930820738 80.0 399.99999999999994 1027.8739797173332 90.0 450.0 1010.8748866352593 10.0 450.0 1011.7497732705185 20.0 450.0 1012.6246599057778 30.0 450.0 1013.4995465410369 40.0 450.0 1014.3744331762962 50.0 450.0 1015.2493198115554 60.0 450.0 1016.1242064468147 70.0 450.0 1016.999093082074 80.0 450.0 1017.8739797173332 90.0 450.0 1020.8748866352593 10.0 450.0 1021.7497732705185 20.0 450.0 1022.6246599057778 30.0 450.0 1023.4995465410369 40.0 450.0 1024.3744331762962 50.0 450.0 1025.2493198115556 60.0 450.0 1026.1242064468147 70.0 450.0 1026.9990930820738 80.0 450.0 1027.8739797173332 90.0 500.0 1010.8748866352593 10.0 500.0 1011.7497732705185 20.0 500.0 1012.6246599057778 30.0 500.0 1013.4995465410369 40.0 500.0 1014.3744331762962 50.0 500.0 1015.2493198115554 60.0 500.0 1016.1242064468147 70.0 500.0 1016.999093082074 80.0 500.0 1017.8739797173332 90.0 500.0 1020.8748866352593 10.0 500.0 1021.7497732705185 20.0 500.0 1022.6246599057778 30.0 500.0 1023.4995465410369 40.0 500.0 1024.3744331762962 50.0 500.0 1025.2493198115556 60.0 500.0 1026.1242064468147 70.0 500.0 1026.9990930820738 80.0 500.0 1027.8739797173332 90.0 550.0 1010.8748866352593 10.0 550.0 1011.7497732705185 20.0 550.0 1012.6246599057778 30.0 550.0 1013.4995465410369 40.0 550.0 1014.3744331762962 50.0 550.0 1015.2493198115554 60.0 550.0 1016.1242064468147 70.0 550.0 1016.999093082074 80.0 550.0 1017.8739797173332 90.0 550.0 1020.8748866352593 10.0 550.0 1021.7497732705185 20.0 550.0 1022.6246599057778 30.0 550.0 1023.4995465410369 40.0 550.0 1024.3744331762962 50.0 550.0 1025.2493198115556 60.0 550.0 1026.1242064468147 70.0 550.0 1026.9990930820738 80.0 550.0 1027.8739797173332 90.0 600.0000000000002 1010.8748866352593 10.0 600.0000000000002 1011.7497732705185 20.0 600.0000000000002 1012.6246599057778 30.0 600.0000000000002 1013.4995465410369 40.0 600.0000000000002 1014.3744331762962 50.0 600.0000000000002 1015.2493198115554 60.0 600.0000000000002 1016.1242064468147 70.0 600.0000000000002 1016.999093082074 80.0 600.0000000000002 1017.8739797173332 90.0 600.0000000000002 1020.8748866352593 10.0 600.0000000000002 1021.7497732705185 20.0 600.0000000000002 1022.6246599057778 30.0 600.0000000000002 1023.4995465410369 40.0 600.0000000000002 1024.3744331762962 50.0 600.0000000000002 1025.2493198115556 60.0 600.0000000000002 1026.1242064468147 70.0 600.0000000000002 1026.9990930820738 80.0 600.0000000000002 1027.8739797173332 90.0 650.0 1010.8748866352593 10.0 650.0 1011.7497732705185 20.0 650.0 1012.6246599057778 30.0 650.0 1013.4995465410369 40.0 650.0 1014.3744331762962 50.0 650.0 1015.2493198115554 60.0 650.0 1016.1242064468147 70.0 650.0 1016.999093082074 80.0 650.0 1017.8739797173332 90.0 650.0 1020.8748866352593 10.0 650.0 1021.7497732705185 20.0 650.0 1022.6246599057778 30.0 650.0 1023.4995465410369 40.0 650.0 1024.3744331762962 50.0 650.0 1025.2493198115556 60.0 650.0 1026.1242064468147 70.0 650.0 1026.9990930820738 80.0 650.0 1027.8739797173332 90.0 700.0 1010.8748866352593 10.0 700.0 1011.7497732705185 20.0 700.0 1012.6246599057778 30.0 700.0 1013.4995465410369 40.0 700.0 1014.3744331762962 50.0 700.0 1015.2493198115554 60.0 700.0 1016.1242064468147 70.0 700.0 1016.999093082074 80.0 700.0 1017.8739797173332 90.0 700.0000000000001 1020.8748866352593 10.0 700.0000000000001 1021.7497732705185 20.0 700.0000000000001 1022.6246599057778 30.0 700.0000000000001 1023.4995465410369 40.0 700.0000000000001 1024.3744331762962 50.0 700.0000000000001 1025.2493198115556 60.0 700.0000000000001 1026.1242064468147 70.0 700.0000000000001 1026.9990930820738 80.0 700.0000000000001 1027.8739797173332 90.0 750.0 1010.8748866352593 10.0 750.0 1011.7497732705185 20.0 750.0 1012.6246599057778 30.0 750.0 1013.4995465410369 40.0 750.0 1014.3744331762962 50.0 750.0 1015.2493198115554 60.0 750.0 1016.1242064468147 70.0 750.0 1016.999093082074 80.0 750.0 1017.8739797173332 90.0 750.0 1020.8748866352593 10.0 750.0 1021.7497732705185 20.0 750.0 1022.6246599057778 30.0 750.0 1023.4995465410369 40.0 750.0 1024.3744331762962 50.0 750.0 1025.2493198115556 60.0 750.0 1026.1242064468147 70.0 750.0 1026.9990930820738 80.0 750.0 1027.8739797173332 90.0 800.0 1010.8748866352593 10.0 800.0 1011.7497732705185 20.0 800.0 1012.6246599057778 30.0 800.0 1013.4995465410369 40.0 800.0 1014.3744331762962 50.0 800.0 1015.2493198115554 60.0 800.0 1016.1242064468147 70.0 800.0 1016.999093082074 80.0 800.0 1017.8739797173332 90.0 799.9999999999999 1020.8748866352593 10.0 799.9999999999999 1021.7497732705185 20.0 799.9999999999999 1022.6246599057778 30.0 799.9999999999999 1023.4995465410369 40.0 799.9999999999999 1024.3744331762962 50.0 799.9999999999999 1025.2493198115556 60.0 799.9999999999999 1026.1242064468147 70.0 799.9999999999999 1026.9990930820738 80.0 799.9999999999999 1027.8739797173332 90.0 850.0000000000002 1010.8748866352593 10.0 850.0000000000002 1011.7497732705185 20.0 850.0000000000002 1012.6246599057778 30.0 850.0000000000002 1013.4995465410369 40.0 850.0000000000002 1014.3744331762962 50.0 850.0000000000002 1015.2493198115554 60.0 850.0000000000002 1016.1242064468147 70.0 850.0000000000002 1016.999093082074 80.0 850.0000000000002 1017.8739797173332 90.0 850.0000000000002 1020.8748866352593 10.0 850.0000000000002 1021.7497732705185 20.0 850.0000000000002 1022.6246599057778 30.0 850.0000000000002 1023.4995465410369 40.0 850.0000000000002 1024.3744331762962 50.0 850.0000000000002 1025.2493198115556 60.0 850.0000000000002 1026.1242064468147 70.0 850.0000000000002 1026.9990930820738 80.0 850.0000000000002 1027.8739797173332 90.0 900.0 1010.8748866352593 10.0 900.0 1011.7497732705185 20.0 900.0 1012.6246599057778 30.0 900.0 1013.4995465410369 40.0 900.0 1014.3744331762962 50.0 900.0 1015.2493198115554 60.0 900.0 1016.1242064468147 70.0 900.0 1016.999093082074 80.0 900.0 1017.8739797173332 90.0 900.0 1020.8748866352593 10.0 900.0 1021.7497732705185 20.0 900.0 1022.6246599057778 30.0 900.0 1023.4995465410369 40.0 900.0 1024.3744331762962 50.0 900.0 1025.2493198115556 60.0 900.0 1026.1242064468147 70.0 900.0 1026.9990930820738 80.0 900.0 1027.8739797173332 90.0 950.0000000000002 1010.8748866352593 10.0 950.0000000000002 1011.7497732705185 20.0 950.0000000000002 1012.6246599057778 30.0 950.0000000000002 1013.4995465410369 40.0 950.0000000000002 1014.3744331762962 50.0 950.0000000000002 1015.2493198115554 60.0 950.0000000000002 1016.1242064468147 70.0 950.0000000000002 1016.999093082074 80.0 950.0000000000002 1017.8739797173332 90.0 950.0000000000002 1020.8748866352593 10.0 950.0000000000002 1021.7497732705185 20.0 950.0000000000002 1022.6246599057778 30.0 950.0000000000002 1023.4995465410369 40.0 950.0000000000002 1024.3744331762962 50.0 950.0000000000002 1025.2493198115556 60.0 950.0000000000002 1026.1242064468147 70.0 950.0000000000002 1026.9990930820738 80.0 950.0000000000002 1027.8739797173332 90.0 1010.8748866352593 -20.87488663525924 10.0 1011.7497732705185 -21.74977327051848 20.0 1012.6246599057778 -22.62465990577772 30.0 1013.4995465410369 -23.49954654103696 40.0 1014.3744331762962 -24.3744331762962 50.0 1015.2493198115554 -25.24931981155544 60.0 1016.1242064468147 -26.124206446814682 70.0 1016.999093082074 -26.99909308207392 80.0 1017.8739797173332 -27.87397971733316 90.0 1010.8748866352593 -10.87488663525924 10.0 1011.7497732705185 -11.74977327051848 20.0 1012.6246599057778 -12.62465990577772 30.0 1013.4995465410369 -13.49954654103696 40.0 1014.3744331762962 -14.3744331762962 50.0 1015.2493198115554 -15.249319811555441 60.0 1016.1242064468147 -16.124206446814682 70.0 1016.999093082074 -16.99909308207392 80.0 1017.8739797173332 -17.87397971733316 90.0 1020.8748866352593 -20.87488663525924 10.0 1021.7497732705185 -21.74977327051848 20.0 1022.6246599057778 -22.62465990577772 30.0 1023.4995465410369 -23.49954654103696 40.0 1024.3744331762962 -24.3744331762962 50.0 1025.2493198115556 -25.24931981155544 60.0 1026.1242064468147 -26.124206446814682 70.0 1026.9990930820738 -26.99909308207392 80.0 1027.8739797173332 -27.87397971733316 90.0 1020.8748866352593 -10.87488663525924 10.0 1021.7497732705185 -11.74977327051848 20.0 1022.6246599057778 -12.62465990577772 30.0 1023.4995465410369 -13.49954654103696 40.0 1024.3744331762962 -14.3744331762962 50.0 1025.2493198115556 -15.249319811555441 60.0 1026.1242064468147 -16.124206446814682 70.0 1026.9990930820738 -16.99909308207392 80.0 1027.8739797173332 -17.87397971733316 90.0 1010.8748866352593 50.0 10.0 1011.7497732705185 50.0 20.0 1012.6246599057778 50.0 30.0 1013.4995465410369 50.0 40.0 1014.3744331762962 50.0 50.0 1015.2493198115554 50.0 60.0 1016.1242064468147 50.0 70.0 1016.999093082074 50.0 80.0 1017.8739797173332 50.0 90.0 1010.8748866352593 100.0 10.0 1011.7497732705185 100.0 20.0 1012.6246599057778 100.0 30.0 1013.4995465410369 100.0 40.0 1014.3744331762962 100.0 50.0 1015.2493198115554 100.0 60.0 1016.1242064468147 100.0 70.0 1016.999093082074 100.0 80.0 1017.8739797173332 100.0 90.0 1010.8748866352593 150.0 10.0 1011.7497732705185 150.0 20.0 1012.6246599057778 150.0 30.0 1013.4995465410369 150.0 40.0 1014.3744331762962 150.0 50.0 1015.2493198115554 150.0 60.0 1016.1242064468147 150.0 70.0 1016.999093082074 150.0 80.0 1017.8739797173332 150.0 90.0 1010.8748866352593 200.0000000000001 10.0 1011.7497732705185 200.0000000000001 20.0 1012.6246599057778 200.0000000000001 30.0 1013.4995465410369 200.0000000000001 40.0 1014.3744331762962 200.0000000000001 50.0 1015.2493198115554 200.0000000000001 60.0 1016.1242064468147 200.0000000000001 70.0 1016.999093082074 200.0000000000001 80.0 1017.8739797173332 200.0000000000001 90.0 1010.8748866352593 249.99999999999997 10.0 1011.7497732705185 249.99999999999997 20.0 1012.6246599057778 249.99999999999997 30.0 1013.4995465410369 249.99999999999997 40.0 1014.3744331762962 249.99999999999997 50.0 1015.2493198115554 249.99999999999997 60.0 1016.1242064468147 249.99999999999997 70.0 1016.999093082074 249.99999999999997 80.0 1017.8739797173332 249.99999999999997 90.0 1010.8748866352593 300.0 10.0 1011.7497732705185 300.0 20.0 1012.6246599057778 300.0 30.0 1013.4995465410369 300.0 40.0 1014.3744331762962 300.0 50.0 1015.2493198115554 300.0 60.0 1016.1242064468147 300.0 70.0 1016.999093082074 300.0 80.0 1017.8739797173332 300.0 90.0 1010.8748866352593 350.0000000000001 10.0 1011.7497732705185 350.0000000000001 20.0 1012.6246599057778 350.0000000000001 30.0 1013.4995465410369 350.0000000000001 40.0 1014.3744331762962 350.0000000000001 50.0 1015.2493198115554 350.0000000000001 60.0 1016.1242064468147 350.0000000000001 70.0 1016.999093082074 350.0000000000001 80.0 1017.8739797173332 350.0000000000001 90.0 1010.8748866352593 399.99999999999994 10.0 1011.7497732705185 399.99999999999994 20.0 1012.6246599057778 399.99999999999994 30.0 1013.4995465410369 399.99999999999994 40.0 1014.3744331762962 399.99999999999994 50.0 1015.2493198115554 399.99999999999994 60.0 1016.1242064468147 399.99999999999994 70.0 1016.999093082074 399.99999999999994 80.0 1017.8739797173332 399.99999999999994 90.0 1010.8748866352593 450.0 10.0 1011.7497732705185 450.0 20.0 1012.6246599057778 450.0 30.0 1013.4995465410369 450.0 40.0 1014.3744331762962 450.0 50.0 1015.2493198115554 450.0 60.0 1016.1242064468147 450.0 70.0 1016.999093082074 450.0 80.0 1017.8739797173332 450.0 90.0 1010.8748866352593 500.0 10.0 1011.7497732705185 500.0 20.0 1012.6246599057778 500.0 30.0 1013.4995465410369 500.0 40.0 1014.3744331762962 500.0 50.0 1015.2493198115554 500.0 60.0 1016.1242064468147 500.0 70.0 1016.999093082074 500.0 80.0 1017.8739797173332 500.0 90.0 1010.8748866352593 550.0 10.0 1011.7497732705185 550.0 20.0 1012.6246599057778 550.0 30.0 1013.4995465410369 550.0 40.0 1014.3744331762962 550.0 50.0 1015.2493198115554 550.0 60.0 1016.1242064468147 550.0 70.0 1016.999093082074 550.0 80.0 1017.8739797173332 550.0 90.0 1010.8748866352593 600.0000000000002 10.0 1011.7497732705185 600.0000000000002 20.0 1012.6246599057778 600.0000000000002 30.0 1013.4995465410369 600.0000000000002 40.0 1014.3744331762962 600.0000000000002 50.0 1015.2493198115554 600.0000000000002 60.0 1016.1242064468147 600.0000000000002 70.0 1016.999093082074 600.0000000000002 80.0 1017.8739797173332 600.0000000000002 90.0 1010.8748866352593 650.0 10.0 1011.7497732705185 650.0 20.0 1012.6246599057778 650.0 30.0 1013.4995465410369 650.0 40.0 1014.3744331762962 650.0 50.0 1015.2493198115554 650.0 60.0 1016.1242064468147 650.0 70.0 1016.999093082074 650.0 80.0 1017.8739797173332 650.0 90.0 1010.8748866352593 700.0000000000001 10.0 1011.7497732705185 700.0000000000001 20.0 1012.6246599057778 700.0000000000001 30.0 1013.4995465410369 700.0000000000001 40.0 1014.3744331762962 700.0000000000001 50.0 1015.2493198115554 700.0000000000001 60.0 1016.1242064468147 700.0000000000001 70.0 1016.999093082074 700.0000000000001 80.0 1017.8739797173332 700.0000000000001 90.0 1010.8748866352593 750.0 10.0 1011.7497732705185 750.0 20.0 1012.6246599057778 750.0 30.0 1013.4995465410369 750.0 40.0 1014.3744331762962 750.0 50.0 1015.2493198115554 750.0 60.0 1016.1242064468147 750.0 70.0 1016.999093082074 750.0 80.0 1017.8739797173332 750.0 90.0 1010.8748866352593 799.9999999999999 10.0 1011.7497732705185 799.9999999999999 20.0 1012.6246599057778 799.9999999999999 30.0 1013.4995465410369 799.9999999999999 40.0 1014.3744331762962 799.9999999999999 50.0 1015.2493198115554 799.9999999999999 60.0 1016.1242064468147 799.9999999999999 70.0 1016.999093082074 799.9999999999999 80.0 1017.8739797173332 799.9999999999999 90.0 1010.8748866352593 850.0000000000002 10.0 1011.7497732705185 850.0000000000002 20.0 1012.6246599057778 850.0000000000002 30.0 1013.4995465410369 850.0000000000002 40.0 1014.3744331762962 850.0000000000002 50.0 1015.2493198115554 850.0000000000002 60.0 1016.1242064468147 850.0000000000002 70.0 1016.999093082074 850.0000000000002 80.0 1017.8739797173332 850.0000000000002 90.0 1010.8748866352593 900.0 10.0 1011.7497732705185 900.0 20.0 1012.6246599057778 900.0 30.0 1013.4995465410369 900.0 40.0 1014.3744331762962 900.0 50.0 1015.2493198115554 900.0 60.0 1016.1242064468147 900.0 70.0 1016.999093082074 900.0 80.0 1017.8739797173332 900.0 90.0 1010.8748866352593 950.0000000000002 10.0 1011.7497732705185 950.0000000000002 20.0 1012.6246599057778 950.0000000000002 30.0 1013.4995465410369 950.0000000000002 40.0 1014.3744331762962 950.0000000000002 50.0 1015.2493198115554 950.0000000000002 60.0 1016.1242064468147 950.0000000000002 70.0 1016.999093082074 950.0000000000002 80.0 1017.8739797173332 950.0000000000002 90.0 1020.8748866352593 50.0 10.0 1021.7497732705185 50.0 20.0 1022.6246599057778 50.0 30.0 1023.4995465410369 50.0 40.0 1024.3744331762962 50.0 50.0 1025.2493198115556 50.0 60.0 1026.1242064468147 50.0 70.0 1026.9990930820738 50.0 80.0 1027.8739797173332 50.0 90.0 1020.8748866352593 100.0 10.0 1021.7497732705185 100.0 20.0 1022.6246599057778 100.0 30.0 1023.4995465410369 100.0 40.0 1024.3744331762962 100.0 50.0 1025.2493198115556 100.0 60.0 1026.1242064468147 100.0 70.0 1026.9990930820738 100.0 80.0 1027.8739797173332 100.0 90.0 1020.8748866352593 150.0 10.0 1021.7497732705185 150.0 20.0 1022.6246599057778 150.0 30.0 1023.4995465410369 150.0 40.0 1024.3744331762962 150.0 50.0 1025.2493198115556 150.0 60.0 1026.1242064468147 150.0 70.0 1026.9990930820738 150.0 80.0 1027.8739797173332 150.0 90.0 1020.8748866352593 200.0 10.0 1021.7497732705185 200.0 20.0 1022.6246599057778 200.0 30.0 1023.4995465410369 200.0 40.0 1024.3744331762962 200.0 50.0 1025.2493198115556 200.0 60.0 1026.1242064468147 200.0 70.0 1026.9990930820738 200.0 80.0 1027.8739797173332 200.0 90.0 1020.8748866352593 250.0 10.0 1021.7497732705185 250.0 20.0 1022.6246599057778 250.0 30.0 1023.4995465410369 250.0 40.0 1024.3744331762962 250.0 50.0 1025.2493198115556 250.0 60.0 1026.1242064468147 250.0 70.0 1026.9990930820738 250.0 80.0 1027.8739797173332 250.0 90.0 1020.8748866352593 300.0 10.0 1021.7497732705185 300.0 20.0 1022.6246599057778 300.0 30.0 1023.4995465410369 300.0 40.0 1024.3744331762962 300.0 50.0 1025.2493198115556 300.0 60.0 1026.1242064468147 300.0 70.0 1026.9990930820738 300.0 80.0 1027.8739797173332 300.0 90.0 1020.8748866352593 350.0000000000001 10.0 1021.7497732705185 350.0000000000001 20.0 1022.6246599057778 350.0000000000001 30.0 1023.4995465410369 350.0000000000001 40.0 1024.3744331762962 350.0000000000001 50.0 1025.2493198115556 350.0000000000001 60.0 1026.1242064468147 350.0000000000001 70.0 1026.9990930820738 350.0000000000001 80.0 1027.8739797173332 350.0000000000001 90.0 1020.8748866352593 400.0 10.0 1021.7497732705185 400.0 20.0 1022.6246599057778 400.0 30.0 1023.4995465410369 400.0 40.0 1024.3744331762962 400.0 50.0 1025.2493198115556 400.0 60.0 1026.1242064468147 400.0 70.0 1026.9990930820738 400.0 80.0 1027.8739797173332 400.0 90.0 1020.8748866352593 450.0 10.0 1021.7497732705185 450.0 20.0 1022.6246599057778 450.0 30.0 1023.4995465410369 450.0 40.0 1024.3744331762962 450.0 50.0 1025.2493198115556 450.0 60.0 1026.1242064468147 450.0 70.0 1026.9990930820738 450.0 80.0 1027.8739797173332 450.0 90.0 1020.8748866352593 500.0 10.0 1021.7497732705185 500.0 20.0 1022.6246599057778 500.0 30.0 1023.4995465410369 500.0 40.0 1024.3744331762962 500.0 50.0 1025.2493198115556 500.0 60.0 1026.1242064468147 500.0 70.0 1026.9990930820738 500.0 80.0 1027.8739797173332 500.0 90.0 1020.8748866352593 550.0 10.0 1021.7497732705185 550.0 20.0 1022.6246599057778 550.0 30.0 1023.4995465410369 550.0 40.0 1024.3744331762962 550.0 50.0 1025.2493198115556 550.0 60.0 1026.1242064468147 550.0 70.0 1026.9990930820738 550.0 80.0 1027.8739797173332 550.0 90.0 1020.8748866352593 600.0000000000002 10.0 1021.7497732705185 600.0000000000002 20.0 1022.6246599057778 600.0000000000002 30.0 1023.4995465410369 600.0000000000002 40.0 1024.3744331762962 600.0000000000002 50.0 1025.2493198115556 600.0000000000002 60.0 1026.1242064468147 600.0000000000002 70.0 1026.9990930820738 600.0000000000002 80.0 1027.8739797173332 600.0000000000002 90.0 1020.8748866352593 650.0 10.0 1021.7497732705185 650.0 20.0 1022.6246599057778 650.0 30.0 1023.4995465410369 650.0 40.0 1024.3744331762962 650.0 50.0 1025.2493198115556 650.0 60.0 1026.1242064468147 650.0 70.0 1026.9990930820738 650.0 80.0 1027.8739797173332 650.0 90.0 1020.8748866352593 700.0000000000002 10.0 1021.7497732705185 700.0000000000002 20.0 1022.6246599057778 700.0000000000002 30.0 1023.4995465410369 700.0000000000002 40.0 1024.3744331762962 700.0000000000002 50.0 1025.2493198115556 700.0000000000002 60.0 1026.1242064468147 700.0000000000002 70.0 1026.9990930820738 700.0000000000002 80.0 1027.8739797173332 700.0000000000002 90.0 1020.8748866352593 750.0 10.0 1021.7497732705185 750.0 20.0 1022.6246599057778 750.0 30.0 1023.4995465410369 750.0 40.0 1024.3744331762962 750.0 50.0 1025.2493198115556 750.0 60.0 1026.1242064468147 750.0 70.0 1026.9990930820738 750.0 80.0 1027.8739797173332 750.0 90.0 1020.8748866352593 800.0 10.0 1021.7497732705185 800.0 20.0 1022.6246599057778 800.0 30.0 1023.4995465410369 800.0 40.0 1024.3744331762962 800.0 50.0 1025.2493198115556 800.0 60.0 1026.1242064468147 800.0 70.0 1026.9990930820738 800.0 80.0 1027.8739797173332 800.0 90.0 1020.8748866352593 850.0000000000002 10.0 1021.7497732705185 850.0000000000002 20.0 1022.6246599057778 850.0000000000002 30.0 1023.4995465410369 850.0000000000002 40.0 1024.3744331762962 850.0000000000002 50.0 1025.2493198115556 850.0000000000002 60.0 1026.1242064468147 850.0000000000002 70.0 1026.9990930820738 850.0000000000002 80.0 1027.8739797173332 850.0000000000002 90.0 1020.8748866352593 900.0 10.0 1021.7497732705185 900.0 20.0 1022.6246599057778 900.0 30.0 1023.4995465410369 900.0 40.0 1024.3744331762962 900.0 50.0 1025.2493198115556 900.0 60.0 1026.1242064468147 900.0 70.0 1026.9990930820738 900.0 80.0 1027.8739797173332 900.0 90.0 1020.8748866352593 950.0000000000002 10.0 1021.7497732705185 950.0000000000002 20.0 1022.6246599057778 950.0000000000002 30.0 1023.4995465410369 950.0000000000002 40.0 1024.3744331762962 950.0000000000002 50.0 1025.2493198115556 950.0000000000002 60.0 1026.1242064468147 950.0000000000002 70.0 1026.9990930820738 950.0000000000002 80.0 1027.8739797173332 950.0000000000002 90.0 1010.8748866352593 1010.8748866352593 10.0 1011.7497732705185 1011.7497732705185 20.0 1012.6246599057778 1012.6246599057778 30.0 1013.4995465410369 1013.4995465410369 40.0 1014.3744331762962 1014.3744331762962 50.0 1015.2493198115554 1015.2493198115554 60.0 1016.1242064468147 1016.1242064468147 70.0 1016.999093082074 1016.999093082074 80.0 1017.8739797173332 1017.8739797173332 90.0 1010.8748866352593 1020.8748866352593 10.0 1011.7497732705185 1021.7497732705185 20.0 1012.6246599057778 1022.6246599057778 30.0 1013.4995465410369 1023.4995465410369 40.0 1014.3744331762962 1024.3744331762962 50.0 1015.2493198115554 1025.2493198115556 60.0 1016.1242064468147 1026.1242064468147 70.0 1016.999093082074 1026.9990930820738 80.0 1017.8739797173332 1027.8739797173332 90.0 1020.8748866352593 1010.8748866352593 10.0 1021.7497732705185 1011.7497732705185 20.0 1022.6246599057778 1012.6246599057778 30.0 1023.4995465410369 1013.4995465410369 40.0 1024.3744331762962 1014.3744331762962 50.0 1025.2493198115556 1015.2493198115554 60.0 1026.1242064468147 1016.1242064468147 70.0 1026.9990930820738 1016.999093082074 80.0 1027.8739797173332 1017.8739797173332 90.0 1020.8748866352593 1020.8748866352593 10.0 1021.7497732705185 1021.7497732705185 20.0 1022.6246599057778 1022.6246599057778 30.0 1023.4995465410369 1023.4995465410369 40.0 1024.3744331762962 1024.3744331762962 50.0 1025.2493198115556 1025.2493198115556 60.0 1026.1242064468147 1026.1242064468147 70.0 1026.9990930820738 1026.9990930820738 80.0 1027.8739797173332 1027.8739797173332 90.0</DataArray>
      </Points>
      <Cells>
        <DataArray type="Int64" Name="connectivity" NumberOfComponents="1" format="ascii">0 48 776 140 232 1305 4026 1317 232 1305 4026 1317 233 1306 4027 1318 233 1306 4027 1318 16 236 1321 246 140 776 777 141 1317 4026 4028 1319 1317 4026 4028 1319 1318 4027 4029 1320 1318 4027 4029 1320 246 1321 1322 247 141 777 50 1 1319 4028 1313 242 1319 4028 1313 242 1320 4029 1314 243 1320 4029 1314 243 247 1322 244 19 48 49 778 776 1305 1307 4030 4026 1305 1307 4030 4026 1306 1308 4031 4027 1306 1308 4031 4027 236 237 1323 1321 776 778 779 777 4026 4030 4032 4028 4026 4030 4032 4028 4027 4031 4033 4029 4027 4031 4033 4029 1321 1323 1324 1322 777 779 51 50 4028 4032 1315 1313 4028 4032 1315 1313 4029 4033 1316 1314 4029 4033 1316 1314 1322 1324 245 244 49 4 163 778 1307 234 1309 4030 1307 234 1309 4030 1308 235 1310 4031 1308 235 1310 4031 237 17 240 1323 778 163 164 779 4030 1309 1311 4032 4030 1309 1311 4032 4031 1310 1312 4033 4031 1310 1312 4033 1323 240 241 1324 779 164 5 51 4032 1311 238 1315 4032 1311 238 1315 4033 1312 239 1316 4033 1312 239 1316 1324 241 18 245 1 50 780 142 242 1313 4034 1367 242 1313 4034 1367 243 1314 4035 1368 243 1314 4035 1368 19 244 1405 273 142 780 781 143 1367 4034 4036 1369 1367 4034 4036 1369 1368 4035 4037 1370 1368 4035 4037 1370 273 1405 1406 274 143 781 782 144 1369 4036 4038 1371 1369 4036 4038 1371 1370 4037 4039 1372 1370 4037 4039 1372 274 1406 1407 275 144 782 783 145 1371 4038 4040 1373 1371 4038 4040 1373 1372 4039 4041 1374 1372 4039 4041 1374 275 1407 1408 276 145 783 784 146 1373 4040 4042 1375 1373 4040 4042 1375 1374 4041 4043 1376 1374 4041 4043 1376 276 1408 1409 277 146 784 785 147 1375 4042 4044 1377 1375 4042 4044 1377 1376 4043 4045 1378 1376 4043 4045 1378 277 1409 1410 278 147 785 786 148 1377 4044 4046 1379 1377 4044 4046 1379 1378 4045 4047 1380 1378 4045 4047 1380 278 1410 1411 279 148 786 787 149 1379 4046 4048 1381 1379 4046 4048 1381 1380 4047 4049 1382 1380 4047 4049 1382 279 1411 1412 280 149 787 788 150 1381 4048 4050 1383 1381 4048 4050 1383 1382 4049 4051 1384 1382 4049 4051 1384 280 1412 1413 281 150 788 789 151 1383 4050 4052 1385 1383 4050 4052 1385 1384 4051 4053 1386 1384 4051 4053 1386 281 1413 1414 282 151 789 790 152 1385 4052 4054 1387 1385 4052 4054 1387 1386 4053 4055 1388 1386 4053 4055 1388 282 1414 1415 283 152 790 791 153 1387 4054 4056 1389 1387 4054 4056 1389 1388 4055 4057 1390 1388 4055 4057 1390 283 1415 1416 284 153 791 792 154 1389 4056 4058 1391 1389 4056 4058 1391 1390 4057 4059 1392 1390 4057 4059 1392 284 1416 1417 285 154 792 793 155 1391 4058 4060 1393 1391 4058 4060 1393 1392 4059 4061 1394 1392 4059 4061 1394 285 1417 1418 286 155 793 794 156 1393 4060 4062 1395 1393 4060 4062 1395 1394 4061 4063 1396 1394 4061 4063 1396 286 1418 1419 287 156 794 795 157 1395 4062 4064 1397 1395 4062 4064 1397 1396 4063 4065 1398 1396 4063 4065 1398 287 1419 1420 288 157 795 796 158 1397 4064 4066 1399 1397 4064 4066 1399 1398 4065 4067 1400 1398 4065 4067 1400 288 1420 1421 289 158 796 797 159 1399 4066 4068 1401 1399 4066 4068 1401 1400 4067 4069 1402 1400 4067 4069 1402 289 1421 1422 290 159 797 798 160 1401 4068 4070 1403 1401 4068 4070 1403 1402 4069 4071 1404 1402 4069 4071 1404 290 1422 1423 291 160 798 52 2 1403 4070 1363 269 1403 4070 1363 269 1404 4071 1364 270 1404 4071 1364 270 291 1423 271 21 50 51 799 780 1313 1315 4072 4034 1313 1315 4072 4034 1314 1316 4073 4035 1314 1316 4073 4035 244 245 1424 1405 780 799 800 781 4034 4072 4074 4036 4034 4072 4074 4036 4035 4073 4075 4037 4035 4073 4075 4037 1405 1424 1425 1406 781 800 801 782 4036 4074 4076 4038 4036 4074 4076 4038 4037 4075 4077 4039 4037 4075 4077 4039 1406 1425 1426 1407 782 801 802 783 4038 4076 4078 4040 4038 4076 4078 4040 4039 4077 4079 4041 4039 4077 4079 4041 1407 1426 1427 1408 783 802 803 784 4040 4078 4080 4042 4040 4078 4080 4042 4041 4079 4081 4043 4041 4079 4081 4043 1408 1427 1428 1409 784 803 804 785 4042 4080 4082 4044 4042 4080 4082 4044 4043 4081 4083 4045 4043 4081 4083 4045 1409 1428 1429 1410 785 804 805 786 4044 4082 4084 4046 4044 4082 4084 4046 4045 4083 4085 4047 4045 4083 4085 4047 1410 1429 1430 1411 786 805 806 787 4046 4084 4086 4048 4046 4084 4086 4048 4047 4085 4087 4049 4047 4085 4087 4049 1411 1430 1431 1412 787 806 807 788 4048 4086 4088 4050 4048 4086 4088 4050 4049 4087 4089 4051 4049 4087 4089 4051 1412 1431 1432 1413 788 807 808 789 4050 4088 4090 4052 4050 4088 4090 4052 4051 4089 4091 4053 4051 4089 4091 4053 1413 1432 1433 1414 789 808 809 790 4052 4090 4092 4054 4052 4090 4092 4054 4053 4091 4093 4055 4053 4091 4093 4055 1414 1433 1434 1415 790 809 810 791 4054 4092 4094 4056 4054 4092 4094 4056 4055 4093 4095 4057 4055 4093 4095 4057 1415 1434 1435 1416 791 810 811 792 4056 4094 4096 4058 4056 4094 4096 4058 4057 4095 4097 4059 4057 4095 4097 4059 1416 1435 1436 1417 792 811 812 793 4058 4096 4098 4060 4058 4096 4098 4060 4059 4097 4099 4061 4059 4097 4099 4061 1417 1436 1437 1418 793 812 813 794 4060 4098 4100 4062 4060 4098 4100 4062 4061 4099 4101 4063 4061 4099 4101 4063 1418 1437 1438 1419 794 813 814 795 4062 4100 4102 4064 4062 4100 4102 4064 4063 4101 4103 4065 4063 4101 4103 4065 1419 1438 1439 1420 795 814 815 796 4064 4102 4104 4066 4064 4102 4104 4066 4065 4103 4105 4067 4065 4103 4105 4067 1420 1439 1440 1421 796 815 816 797 4066 4104 4106 4068 4066 4104 4106 4068 4067 4105 4107 4069 4067 4105 4107 4069 1421 1440 1441 1422 797 816 817 798 4068 4106 4108 4070 4068 4106 4108 4070 4069 4107 4109 4071 4069 4107 4109 4071 1422 1441 1442 1423 798 817 53 52 4070 4108 1365 1363 4070 4108 1365 1363 4071 4109 1366 1364 4071 4109 1366 1364 1423 1442 272 271 51 5 165 799 1315 238 1325 4072 1315 238 1325 4072 1316 239 1326 4073 1316 239 1326 4073 245 18 250 1424 799 165 166 800 4072 1325 1327 4074 4072 1325 1327 4074 4073 1326 1328 4075 4073 1326 1328 4075 1424 250 251 1425 800 166 167 801 4074 1327 1329 4076 4074 1327 1329 4076 4075 1328 1330 4077 4075 1328 1330 4077 1425 251 252 1426 801 167 168 802 4076 1329 1331 4078 4076 1329 1331 4078 4077 1330 1332 4079 4077 1330 1332 4079 1426 252 253 1427 802 168 169 803 4078 1331 1333 4080 4078 1331 1333 4080 4079 1332 1334 4081 4079 1332 1334 4081 1427 253 254 1428 803 169 170 804 4080 1333 1335 4082 4080 1333 1335 4082 4081 1334 1336 4083 4081 1334 1336 4083 1428 254 255 1429 804 170 171 805 4082 1335 1337 4084 4082 1335 1337 4084 4083 1336 1338 4085 4083 1336 1338 4085 1429 255 256 1430 805 171 172 806 4084 1337 1339 4086 4084 1337 1339 4086 4085 1338 1340 4087 4085 1338 1340 4087 1430 256 257 1431 806 172 173 807 4086 1339 1341 4088 4086 1339 1341 4088 4087 1340 1342 4089 4087 1340 1342 4089 1431 257 258 1432 807 173 174 808 4088 1341 1343 4090 4088 1341 1343 4090 4089 1342 1344 4091 4089 1342 1344 4091 1432 258 259 1433 808 174 175 809 4090 1343 1345 4092 4090 1343 1345 4092 4091 1344 1346 4093 4091 1344 1346 4093 1433 259 260 1434 809 175 176 810 4092 1345 1347 4094 4092 1345 1347 4094 4093 1346 1348 4095 4093 1346 1348 4095 1434 260 261 1435 810 176 177 811 4094 1347 1349 4096 4094 1347 1349 4096 4095 1348 1350 4097 4095 1348 1350 4097 1435 261 262 1436 811 177 178 812 4096 1349 1351 4098 4096 1349 1351 4098 4097 1350 1352 4099 4097 1350 1352 4099 1436 262 263 1437 812 178 179 813 4098 1351 1353 4100 4098 1351 1353 4100 4099 1352 1354 4101 4099 1352 1354 4101 1437 263 264 1438 813 179 180 814 4100 1353 1355 4102 4100 1353 1355 4102 4101 1354 1356 4103 4101 1354 1356 4103 1438 264 265 1439 814 180 181 815 4102 1355 1357 4104 4102 1355 1357 4104 4103 1356 1358 4105 4103 1356 1358 4105 1439 265 266 1440 815 181 182 816 4104 1357 1359 4106 4104 1357 1359 4106 4105 1358 1360 4107 4105 1358 1360 4107 1440 266 267 1441 816 182 183 817 4106 1359 1361 4108 4106 1359 1361 4108 4107 1360 1362 4109 4107 1360 1362 4109 1441 267 268 1442 817 183 6 53 4108 1361 248 1365 4108 1361 248 1365 4109 1362 249 1366 4109 1362 249 1366 1442 268 20 272 2 52 818 161 269 1363 4110 1451 269 1363 4110 1451 270 1364 4111 1452 270 1364 4111 1452 21 271 1455 300 161 818 819 162 1451 4110 4112 1453 1451 4110 4112 1453 1452 4111 4113 1454 1452 4111 4113 1454 300 1455 1456 301 162 819 54 3 1453 4112 1447 296 1453 4112 1447 296 1454 4113 1448 297 1454 4113 1448 297 301 1456 298 23 52 53 820 818 1363 1365 4114 4110 1363 1365 4114 4110 1364 1366 4115 4111 1364 1366 4115 4111 271 272 1457 1455 818 820 821 819 4110 4114 4116 4112 4110 4114 4116 4112 4111 4115 4117 4113 4111 4115 4117 4113 1455 1457 1458 1456 819 821 55 54 4112 4116 1449 1447 4112 4116 1449 1447 4113 4117 1450 1448 4113 4117 1450 1448 1456 1458 299 298 53 6 184 820 1365 248 1443 4114 1365 248 1443 4114 1366 249 1444 4115 1366 249 1444 4115 272 20 294 1457 820 184 185 821 4114 1443 1445 4116 4114 1443 1445 4116 4115 1444 1446 4117 4115 1444 1446 4117 1457 294 295 1458 821 185 7 55 4116 1445 292 1449 4116 1445 292 1449 4117 1446 293 1450 4117 1446 293 1450 1458 295 22 299 4 56 822 163 234 1459 4118 1309 234 1459 4118 1309 235 1460 4119 1310 235 1460 4119 1310 17 304 1539 240 163 822 823 164 1309 4118 4120 1311 1309 4118 4120 1311 1310 4119 4121 1312 1310 4119 4121 1312 240 1539 1540 241 164 823 75 5 1311 4120 1501 238 1311 4120 1501 238 1312 4121 1502 239 1312 4121 1502 239 241 1540 327 18 56 57 824 822 1459 1461 4122 4118 1459 1461 4122 4118 1460 1462 4123 4119 1460 1462 4123 4119 304 305 1541 1539 822 824 825 823 4118 4122 4124 4120 4118 4122 4124 4120 4119 4123 4125 4121 4119 4123 4125 4121 1539 1541 1542 1540 823 825 76 75 4120 4124 1503 1501 4120 4124 1503 1501 4121 4125 1504 1502 4121 4125 1504 1502 1540 1542 328 327 57 58 826 824 1461 1463 4126 4122 1461 1463 4126 4122 1462 1464 4127 4123 1462 1464 4127 4123 305 306 1543 1541 824 826 827 825 4122 4126 4128 4124 4122 4126 4128 4124 4123 4127 4129 4125 4123 4127 4129 4125 1541 1543 1544 1542 825 827 77 76 4124 4128 1505 1503 4124 4128 1505 1503 4125 4129 1506 1504 4125 4129 1506 1504 1542 1544 329 328 58 59 828 826 1463 1465 4130 4126 1463 1465 4130 4126 1464 1466 4131 4127 1464 1466 4131 4127 306 307 1545 1543 826 828 829 827 4126 4130 4132 4128 4126 4130 4132 4128 4127 4131 4133 4129 4127 4131 4133 4129 1543 1545 1546 1544 827 829 78 77 4128 4132 1507 1505 4128 4132 1507 1505 4129 4133 1508 1506 4129 4133 1508 1506 1544 1546 330 329 59 60 830 828 1465 1467 4134 4130 1465 1467 4134 4130 1466 1468 4135 4131 1466 1468 4135 4131 307 308 1547 1545 828 830 831 829 4130 4134 4136 4132 4130 4134 4136 4132 4131 4135 4137 4133 4131 4135 4137 4133 1545 1547 1548 1546 829 831 79 78 4132 4136 1509 1507 4132 4136 1509 1507 4133 4137 1510 1508 4133 4137 1510 1508 1546 1548 331 330 60 61 832 830 1467 1469 4138 4134 1467 1469 4138 4134 1468 1470 4139 4135 1468 1470 4139 4135 308 309 1549 1547 830 832 833 831 4134 4138 4140 4136 4134 4138 4140 4136 4135 4139 4141 4137 4135 4139 4141 4137 1547 1549 1550 1548 831 833 80 79 4136 4140 1511 1509 4136 4140 1511 1509 4137 4141 1512 1510 4137 4141 1512 1510 1548 1550 332 331 61 62 834 832 1469 1471 4142 4138 1469 1471 4142 4138 1470 1472 4143 4139 1470 1472 4143 4139 309 310 1551 1549 832 834 835 833 4138 4142 4144 4140 4138 4142 4144 4140 4139 4143 4145 4141 4139 4143 4145 4141 1549 1551 1552 1550 833 835 81 80 4140 4144 1513 1511 4140 4144 1513 1511 4141 4145 1514 1512 4141 4145 1514 1512 1550 1552 333 332 62 63 836 834 1471 1473 4146 4142 1471 1473 4146 4142 1472 1474 4147 4143 1472 1474 4147 4143 310 311 1553 1551 834 836 837 835 4142 4146 4148 4144 4142 4146 4148 4144 4143 4147 4149 4145 4143 4147 4149 4145 1551 1553 1554 1552 835 837 82 81 4144 4148 1515 1513 4144 4148 1515 1513 4145 4149 1516 1514 4145 4149 1516 1514 1552 1554 334 333 63 64 838 836 1473 1475 4150 4146 1473 1475 4150 4146 1474 1476 4151 4147 1474 1476 4151 4147 311 312 1555 1553 836 838 839 837 4146 4150 4152 4148 4146 4150 4152 4148 4147 4151 4153 4149 4147 4151 4153 4149 1553 1555 1556 1554 837 839 83 82 4148 4152 1517 1515 4148 4152 1517 1515 4149 4153 1518 1516 4149 4153 1518 1516 1554 1556 335 334 64 65 840 838 1475 1477 4154 4150 1475 1477 4154 4150 1476 1478 4155 4151 1476 1478 4155 4151 312 313 1557 1555 838 840 841 839 4150 4154 4156 4152 4150 4154 4156 4152 4151 4155 4157 4153 4151 4155 4157 4153 1555 1557 1558 1556 839 841 84 83 4152 4156 1519 1517 4152 4156 1519 1517 4153 4157 1520 1518 4153 4157 1520 1518 1556 1558 336 335 65 66 842 840 1477 1479 4158 4154 1477 1479 4158 4154 1478 1480 4159 4155 1478 1480 4159 4155 313 314 1559 1557 840 842 843 841 4154 4158 4160 4156 4154 4158 4160 4156 4155 4159 4161 4157 4155 4159 4161 4157 1557 1559 1560 1558 841 843 85 84 4156 4160 1521 1519 4156 4160 1521 1519 4157 4161 1522 1520 4157 4161 1522 1520 1558 1560 337 336 66 67 844 842 1479 1481 4162 4158 1479 1481 4162 4158 1480 1482 4163 4159 1480 1482 4163 4159 314 315 1561 1559 842 844 845 843 4158 4162 4164 4160 4158 4162 4164 4160 4159 4163 4165 4161 4159 4163 4165 4161 1559 1561 1562 1560 843 845 86 85 4160 4164 1523 1521 4160 4164 1523 1521 4161 4165 1524 1522 4161 4165 1524 1522 1560 1562 338 337 67 68 846 844 1481 1483 4166 4162 1481 1483 4166 4162 1482 1484 4167 4163 1482 1484 4167 4163 315 316 1563 1561 844 846 847 845 4162 4166 4168 4164 4162 4166 4168 4164 4163 4167 4169 4165 4163 4167 4169 4165 1561 1563 1564 1562 845 847 87 86 4164 4168 1525 1523 4164 4168 1525 1523 4165 4169 1526 1524 4165 4169 1526 1524 1562 1564 339 338 68 69 848 846 1483 1485 4170 4166 1483 1485 4170 4166 1484 1486 4171 4167 1484 1486 4171 4167 316 317 1565 1563 846 848 849 847 4166 4170 4172 4168 4166 4170 4172 4168 4167 4171 4173 4169 4167 4171 4173 4169 1563 1565 1566 1564 847 849 88 87 4168 4172 1527 1525 4168 4172 1527 1525 4169 4173 1528 1526 4169 4173 1528 1526 1564 1566 340 339 69 70 850 848 1485 1487 4174 4170 1485 1487 4174 4170 1486 1488 4175 4171 1486 1488 4175 4171 317 318 1567 1565 848 850 851 849 4170 4174 4176 4172 4170 4174 4176 4172 4171 4175 4177 4173 4171 4175 4177 4173 1565 1567 1568 1566 849 851 89 88 4172 4176 1529 1527 4172 4176 1529 1527 4173 4177 1530 1528 4173 4177 1530 1528 1566 1568 341 340 70 71 852 850 1487 1489 4178 4174 1487 1489 4178 4174 1488 1490 4179 4175 1488 1490 4179 4175 318 319 1569 1567 850 852 853 851 4174 4178 4180 4176 4174 4178 4180 4176 4175 4179 4181 4177 4175 4179 4181 4177 1567 1569 1570 1568 851 853 90 89 4176 4180 1531 1529 4176 4180 1531 1529 4177 4181 1532 1530 4177 4181 1532 1530 1568 1570 342 341 71 72 854 852 1489 1491 4182 4178 1489 1491 4182 4178 1490 1492 4183 4179 1490 1492 4183 4179 319 320 1571 1569 852 854 855 853 4178 4182 4184 4180 4178 4182 4184 4180 4179 4183 4185 4181 4179 4183 4185 4181 1569 1571 1572 1570 853 855 91 90 4180 4184 1533 1531 4180 4184 1533 1531 4181 4185 1534 1532 4181 4185 1534 1532 1570 1572 343 342 72 73 856 854 1491 1493 4186 4182 1491 1493 4186 4182 1492 1494 4187 4183 1492 1494 4187 4183 320 321 1573 1571 854 856 857 855 4182 4186 4188 4184 4182 4186 4188 4184 4183 4187 4189 4185 4183 4187 4189 4185 1571 1573 1574 1572 855 857 92 91 4184 4188 1535 1533 4184 4188 1535 1533 4185 4189 1536 1534 4185 4189 1536 1534 1572 1574 344 343 73 74 858 856 1493 1495 4190 4186 1493 1495 4190 4186 1494 1496 4191 4187 1494 1496 4191 4187 321 322 1575 1573 856 858 859 857 4186 4190 4192 4188 4186 4190 4192 4188 4187 4191 4193 4189 4187 4191 4193 4189 1573 1575 1576 1574 857 859 93 92 4188 4192 1537 1535 4188 4192 1537 1535 4189 4193 1538 1536 4189 4193 1538 1536 1574 1576 345 344 74 8 186 858 1495 302 1497 4190 1495 302 1497 4190 1496 303 1498 4191 1496 303 1498 4191 322 24 325 1575 858 186 187 859 4190 1497 1499 4192 4190 1497 1499 4192 4191 1498 1500 4193 4191 1498 1500 4193 1575 325 326 1576 859 187 9 93 4192 1499 323 1537 4192 1499 323 1537 4193 1500 324 1538 4193 1500 324 1538 1576 326 25 345 5 75 860 165 238 1501 4194 1325 238 1501 4194 1325 239 1502 4195 1326 239 1502 4195 1326 18 327 1653 250 165 860 861 166 1325 4194 4196 1327 1325 4194 4196 1327 1326 4195 4197 1328 1326 4195 4197 1328 250 1653 1654 251 166 861 862 167 1327 4196 4198 1329 1327 4196 4198 1329 1328 4197 4199 1330 1328 4197 4199 1330 251 1654 1655 252 167 862 863 168 1329 4198 4200 1331 1329 4198 4200 1331 1330 4199 4201 1332 1330 4199 4201 1332 252 1655 1656 253 168 863 864 169 1331 4200 4202 1333 1331 4200 4202 1333 1332 4201 4203 1334 1332 4201 4203 1334 253 1656 1657 254 169 864 865 170 1333 4202 4204 1335 1333 4202 4204 1335 1334 4203 4205 1336 1334 4203 4205 1336 254 1657 1658 255 170 865 866 171 1335 4204 4206 1337 1335 4204 4206 1337 1336 4205 4207 1338 1336 4205 4207 1338 255 1658 1659 256 171 866 867 172 1337 4206 4208 1339 1337 4206 4208 1339 1338 4207 4209 1340 1338 4207 4209 1340 256 1659 1660 257 172 867 868 173 1339 4208 4210 1341 1339 4208 4210 1341 1340 4209 4211 1342 1340 4209 4211 1342 257 1660 1661 258 173 868 869 174 1341 4210 4212 1343 1341 4210 4212 1343 1342 4211 4213 1344 1342 4211 4213 1344 258 1661 1662 259 174 869 870 175 1343 4212 4214 1345 1343 4212 4214 1345 1344 4213 4215 1346 1344 4213 4215 1346 259 1662 1663 260 175 870 871 176 1345 4214 4216 1347 1345 4214 4216 1347 1346 4215 4217 1348 1346 4215 4217 1348 260 1663 1664 261 176 871 872 177 1347 4216 4218 1349 1347 4216 4218 1349 1348 4217 4219 1350 1348 4217 4219 1350 261 1664 1665 262 177 872 873 178 1349 4218 4220 1351 1349 4218 4220 1351 1350 4219 4221 1352 1350 4219 4221 1352 262 1665 1666 263 178 873 874 179 1351 4220 4222 1353 1351 4220 4222 1353 1352 4221 4223 1354 1352 4221 4223 1354 263 1666 1667 264 179 874 875 180 1353 4222 4224 1355 1353 4222 4224 1355 1354 4223 4225 1356 1354 4223 4225 1356 264 1667 1668 265 180 875 876 181 1355 4224 4226 1357 1355 4224 4226 1357 1356 4225 4227 1358 1356 4225 4227 1358 265 1668 1669 266 181 876 877 182 1357 4226 4228 1359 1357 4226 4228 1359 1358 4227 4229 1360 1358 4227 4229 1360 266 1669 1670 267 182 877 878 183 1359 4228 4230 1361 1359 4228 4230 1361 1360 4229 4231 1362 1360 4229 4231 1362 267 1670 1671 268 183 878 94 6 1361 4230 1615 248 1361 4230 1615 248 1362 4231 1616 249 1362 4231 1616 249 268 1671 367 20 75 76 879 860 1501 1503 4232 4194 1501 1503 4232 4194 1502 1504 4233 4195 1502 1504 4233 4195 327 328 1672 1653 860 879 880 861 4194 4232 4234 4196 4194 4232 4234 4196 4195 4233 4235 4197 4195 4233 4235 4197 1653 1672 1673 1654 861 880 881 862 4196 4234 4236 4198 4196 4234 4236 4198 4197 4235 4237 4199 4197 4235 4237 4199 1654 1673 1674 1655 862 881 882 863 4198 4236 4238 4200 4198 4236 4238 4200 4199 4237 4239 4201 4199 4237 4239 4201 1655 1674 1675 1656 863 882 883 864 4200 4238 4240 4202 4200 4238 4240 4202 4201 4239 4241 4203 4201 4239 4241 4203 1656 1675 1676 1657 864 883 884 865 4202 4240 4242 4204 4202 4240 4242 4204 4203 4241 4243 4205 4203 4241 4243 4205 1657 1676 1677 1658 865 884 885 866 4204 4242 4244 4206 4204 4242 4244 4206 4205 4243 4245 4207 4205 4243 4245 4207 1658 1677 1678 1659 866 885 886 867 4206 4244 4246 4208 4206 4244 4246 4208 4207 4245 4247 4209 4207 4245 4247 4209 1659 1678 1679 1660 867 886 887 868 4208 4246 4248 4210 4208 4246 4248 4210 4209 4247 4249 4211 4209 4247 4249 4211 1660 1679 1680 1661 868 887 888 869 4210 4248 4250 4212 4210 4248 4250 4212 4211 4249 4251 4213 4211 4249 4251 4213 1661 1680 1681 1662 869 888 889 870 4212 4250 4252 4214 4212 4250 4252 4214 4213 4251 4253 4215 4213 4251 4253 4215 1662 1681 1682 1663 870 889 890 871 4214 4252 4254 4216 4214 4252 4254 4216 4215 4253 4255 4217 4215 4253 4255 4217 1663 1682 1683 1664 871 890 891 872 4216 4254 4256 4218 4216 4254 4256 4218 4217 4255 4257 4219 4217 4255 4257 4219 1664 1683 1684 1665 872 891 892 873 4218 4256 4258 4220 4218 4256 4258 4220 4219 4257 4259 4221 4219 4257 4259 4221 1665 1684 1685 1666 873 892 893 874 4220 4258 4260 4222 4220 4258 4260 4222 4221 4259 4261 4223 4221 4259 4261 4223 1666 1685 1686 1667 874 893 894 875 4222 4260 4262 4224 4222 4260 4262 4224 4223 4261 4263 4225 4223 4261 4263 4225 1667 1686 1687 1668 875 894 895 876 4224 4262 4264 4226 4224 4262 4264 4226 4225 4263 4265 4227 4225 4263 4265 4227 1668 1687 1688 1669 876 895 896 877 4226 4264 4266 4228 4226 4264 4266 4228 4227 4265 4267 4229 4227 4265 4267 4229 1669 1688 1689 1670 877 896 897 878 4228 4266 4268 4230 4228 4266 4268 4230 4229 4267 4269 4231 4229 4267 4269 4231 1670 1689 1690 1671 878 897 95 94 4230 4268 1617 1615 4230 4268 1617 1615 4231 4269 1618 1616 4231 4269 1618 1616 1671 1690 368 367 76 77 898 879 1503 1505 4270 4232 1503 1505 4270 4232 1504 1506 4271 4233 1504 1506 4271 4233 328 329 1691 1672 879 898 899 880 4232 4270 4272 4234 4232 4270 4272 4234 4233 4271 4273 4235 4233 4271 4273 4235 1672 1691 1692 1673 880 899 900 881 4234 4272 4274 4236 4234 4272 4274 4236 4235 4273 4275 4237 4235 4273 4275 4237 1673 1692 1693 1674 881 900 901 882 4236 4274 4276 4238 4236 4274 4276 4238 4237 4275 4277 4239 4237 4275 4277 4239 1674 1693 1694 1675 882 901 902 883 4238 4276 4278 4240 4238 4276 4278 4240 4239 4277 4279 4241 4239 4277 4279 4241 1675 1694 1695 1676 883 902 903 884 4240 4278 4280 4242 4240 4278 4280 4242 4241 4279 4281 4243 4241 4279 4281 4243 1676 1695 1696 1677 884 903 904 885 4242 4280 4282 4244 4242 4280 4282 4244 4243 4281 4283 4245 4243 4281 4283 4245 1677 1696 1697 1678 885 904 905 886 4244 4282 4284 4246 4244 4282 4284 4246 4245 4283 4285 4247 4245 4283 4285 4247 1678 1697 1698 1679 886 905 906 887 4246 4284 4286 4248 4246 4284 4286 4248 4247 4285 4287 4249 4247 4285 4287 4249 1679 1698 1699 1680 887 906 907 888 4248 4286 4288 4250 4248 4286 4288 4250 4249 4287 4289 4251 4249 4287 4289 4251 1680 1699 1700 1681 888 907 908 889 4250 4288 4290 4252 4250 4288 4290 4252 4251 4289 4291 4253 4251 4289 4291 4253 1681 1700 1701 1682 889 908 909 890 4252 4290 4292 4254 4252 4290 4292 4254 4253 4291 4293 4255 4253 4291 4293 4255 1682 1701 1702 1683 890 909 910 891 4254 4292 4294 4256 4254 4292 4294 4256 4255 4293 4295 4257 4255 4293 4295 4257 1683 1702 1703 1684 891 910 911 892 4256 4294 4296 4258 4256 4294 4296 4258 4257 4295 4297 4259 4257 4295 4297 4259 1684 1703 1704 1685 892 911 912 893 4258 4296 4298 4260 4258 4296 4298 4260 4259 4297 4299 4261 4259 4297 4299 4261 1685 1704 1705 1686 893 912 913 894 4260 4298 4300 4262 4260 4298 4300 4262 4261 4299 4301 4263 4261 4299 4301 4263 1686 1705 1706 1687 894 913 914 895 4262 4300 4302 4264 4262 4300 4302 4264 4263 4301 4303 4265 4263 4301 4303 4265 1687 1706 1707 1688 895 914 915 896 4264 4302 4304 4266 4264 4302 4304 4266 4265 4303 4305 4267 4265 4303 4305 4267 1688 1707 1708 1689 896 915 916 897 4266 4304 4306 4268 4266 4304 4306 4268 4267 4305 4307 4269 4267 4305 4307 4269 1689 1708 1709 1690 897 916 96 95 4268 4306 1619 1617 4268 4306 1619 1617 4269 4307 1620 1618 4269 4307 1620 1618 1690 1709 369 368 77 78 917 898 1505 1507 4308 4270 1505 1507 4308 4270 1506 1508 4309 4271 1506 1508 4309 4271 329 330 1710 1691 898 917 918 899 4270 4308 4310 4272 4270 4308 4310 4272 4271 4309 4311 4273 4271 4309 4311 4273 1691 1710 1711 1692 899 918 919 900 4272 4310 4312 4274 4272 4310 4312 4274 4273 4311 4313 4275 4273 4311 4313 4275 1692 1711 1712 1693 900 919 920 901 4274 4312 4314 4276 4274 4312 4314 4276 4275 4313 4315 4277 4275 4313 4315 4277 1693 1712 1713 1694 901 920 921 902 4276 4314 4316 4278 4276 4314 4316 4278 4277 4315 4317 4279 4277 4315 4317 4279 1694 1713 1714 1695 902 921 922 903 4278 4316 4318 4280 4278 4316 4318 4280 4279 4317 4319 4281 4279 4317 4319 4281 1695 1714 1715 1696 903 922 923 904 4280 4318 4320 4282 4280 4318 4320 4282 4281 4319 4321 4283 4281 4319 4321 4283 1696 1715 1716 1697 904 923 924 905 4282 4320 4322 4284 4282 4320 4322 4284 4283 4321 4323 4285 4283 4321 4323 4285 1697 1716 1717 1698 905 924 925 906 4284 4322 4324 4286 4284 4322 4324 4286 4285 4323 4325 4287 4285 4323 4325 4287 1698 1717 1718 1699 906 925 926 907 4286 4324 4326 4288 4286 4324 4326 4288 4287 4325 4327 4289 4287 4325 4327 4289 1699 1718 1719 1700 907 926 927 908 4288 4326 4328 4290 4288 4326 4328 4290 4289 4327 4329 4291 4289 4327 4329 4291 1700 1719 1720 1701 908 927 928 909 4290 4328 4330 4292 4290 4328 4330 4292 4291 4329 4331 4293 4291 4329 4331 4293 1701 1720 1721 1702 909 928 929 910 4292 4330 4332 4294 4292 4330 4332 4294 4293 4331 4333 4295 4293 4331 4333 4295 1702 1721 1722 1703 910 929 930 911 4294 4332 4334 4296 4294 4332 4334 4296 4295 4333 4335 4297 4295 4333 4335 4297 1703 1722 1723 1704 911 930 931 912 4296 4334 4336 4298 4296 4334 4336 4298 4297 4335 4337 4299 4297 4335 4337 4299 1704 1723 1724 1705 912 931 932 913 4298 4336 4338 4300 4298 4336 4338 4300 4299 4337 4339 4301 4299 4337 4339 4301 1705 1724 1725 1706 913 932 933 914 4300 4338 4340 4302 4300 4338 4340 4302 4301 4339 4341 4303 4301 4339 4341 4303 1706 1725 1726 1707 914 933 934 915 4302 4340 4342 4304 4302 4340 4342 4304 4303 4341 4343 4305 4303 4341 4343 4305 1707 1726 1727 1708 915 934 935 916 4304 4342 4344 4306 4304 4342 4344 4306 4305 4343 4345 4307 4305 4343 4345 4307 1708 1727 1728 1709 916 935 97 96 4306 4344 1621 1619 4306 4344 1621 1619 4307 4345 1622 1620 4307 4345 1622 1620 1709 1728 370 369 78 79 936 917 1507 1509 4346 4308 1507 1509 4346 4308 1508 1510 4347 4309 1508 1510 4347 4309 330 331 1729 1710 917 936 937 918 4308 4346 4348 4310 4308 4346 4348 4310 4309 4347 4349 4311 4309 4347 4349 4311 1710 1729 1730 1711 918 937 938 919 4310 4348 4350 4312 4310 4348 4350 4312 4311 4349 4351 4313 4311 4349 4351 4313 1711 1730 1731 1712 919 938 939 920 4312 4350 4352 4314 4312 4350 4352 4314 4313 4351 4353 4315 4313 4351 4353 4315 1712 1731 1732 1713 920 939 940 921 4314 4352 4354 4316 4314 4352 4354 4316 4315 4353 4355 4317 4315 4353 4355 4317 1713 1732 1733 1714 921 940 941 922 4316 4354 4356 4318 4316 4354 4356 4318 4317 4355 4357 4319 4317 4355 4357 4319 1714 1733 1734 1715 922 941 942 923 4318 4356 4358 4320 4318 4356 4358 4320 4319 4357 4359 4321 4319 4357 4359 4321 1715 1734 1735 1716 923 942 943 924 4320 4358 4360 4322 4320 4358 4360 4322 4321 4359 4361 4323 4321 4359 4361 4323 1716 1735 1736 1717 924 943 944 925 4322 4360 4362 4324 4322 4360 4362 4324 4323 4361 4363 4325 4323 4361 4363 4325 1717 1736 1737 1718 925 944 945 926 4324 4362 4364 4326 4324 4362 4364 4326 4325 4363 4365 4327 4325 4363 4365 4327 1718 1737 1738 1719 926 945 946 927 4326 4364 4366 4328 4326 4364 4366 4328 4327 4365 4367 4329 4327 4365 4367 4329 1719 1738 1739 1720 927 946 947 928 4328 4366 4368 4330 4328 4366 4368 4330 4329 4367 4369 4331 4329 4367 4369 4331 1720 1739 1740 1721 928 947 948 929 4330 4368 4370 4332 4330 4368 4370 4332 4331 4369 4371 4333 4331 4369 4371 4333 1721 1740 1741 1722 929 948 949 930 4332 4370 4372 4334 4332 4370 4372 4334 4333 4371 4373 4335 4333 4371 4373 4335 1722 1741 1742 1723 930 949 950 931 4334 4372 4374 4336 4334 4372 4374 4336 4335 4373 4375 4337 4335 4373 4375 4337 1723 1742 1743 1724 931 950 951 932 4336 4374 4376 4338 4336 4374 4376 4338 4337 4375 4377 4339 4337 4375 4377 4339 1724 1743 1744 1725 932 951 952 933 4338 4376 4378 4340 4338 4376 4378 4340 4339 4377 4379 4341 4339 4377 4379 4341 1725 1744 1745 1726 933 952 953 934 4340 4378 4380 4342 4340 4378 4380 4342 4341 4379 4381 4343 4341 4379 4381 4343 1726 1745 1746 1727 934 953 954 935 4342 4380 4382 4344 4342 4380 4382 4344 4343 4381 4383 4345 4343 4381 4383 4345 1727 1746 1747 1728 935 954 98 97 4344 4382 1623 1621 4344 4382 1623 1621 4345 4383 1624 1622 4345 4383 1624 1622 1728 1747 371 370 79 80 955 936 1509 1511 4384 4346 1509 1511 4384 4346 1510 1512 4385 4347 1510 1512 4385 4347 331 332 1748 1729 936 955 956 937 4346 4384 4386 4348 4346 4384 4386 4348 4347 4385 4387 4349 4347 4385 4387 4349 1729 1748 1749 1730 937 956 957 938 4348 4386 4388 4350 4348 4386 4388 4350 4349 4387 4389 4351 4349 4387 4389 4351 1730 1749 1750 1731 938 957 958 939 4350 4388 4390 4352 4350 4388 4390 4352 4351 4389 4391 4353 4351 4389 4391 4353 1731 1750 1751 1732 939 958 959 940 4352 4390 4392 4354 4352 4390 4392 4354 4353 4391 4393 4355 4353 4391 4393 4355 1732 1751 1752 1733 940 959 960 941 4354 4392 4394 4356 4354 4392 4394 4356 4355 4393 4395 4357 4355 4393 4395 4357 1733 1752 1753 1734 941 960 961 942 4356 4394 4396 4358 4356 4394 4396 4358 4357 4395 4397 4359 4357 4395 4397 4359 1734 1753 1754 1735 942 961 962 943 4358 4396 4398 4360 4358 4396 4398 4360 4359 4397 4399 4361 4359 4397 4399 4361 1735 1754 1755 1736 943 962 963 944 4360 4398 4400 4362 4360 4398 4400 4362 4361 4399 4401 4363 4361 4399 4401 4363 1736 1755 1756 1737 944 963 964 945 4362 4400 4402 4364 4362 4400 4402 4364 4363 4401 4403 4365 4363 4401 4403 4365 1737 1756 1757 1738 945 964 965 946 4364 4402 4404 4366 4364 4402 4404 4366 4365 4403 4405 4367 4365 4403 4405 4367 1738 1757 1758 1739 946 965 966 947 4366 4404 4406 4368 4366 4404 4406 4368 4367 4405 4407 4369 4367 4405 4407 4369 1739 1758 1759 1740 947 966 967 948 4368 4406 4408 4370 4368 4406 4408 4370 4369 4407 4409 4371 4369 4407 4409 4371 1740 1759 1760 1741 948 967 968 949 4370 4408 4410 4372 4370 4408 4410 4372 4371 4409 4411 4373 4371 4409 4411 4373 1741 1760 1761 1742 949 968 969 950 4372 4410 4412 4374 4372 4410 4412 4374 4373 4411 4413 4375 4373 4411 4413 4375 1742 1761 1762 1743 950 969 970 951 4374 4412 4414 4376 4374 4412 4414 4376 4375 4413 4415 4377 4375 4413 4415 4377 1743 1762 1763 1744 951 970 971 952 4376 4414 4416 4378 4376 4414 4416 4378 4377 4415 4417 4379 4377 4415 4417 4379 1744 1763 1764 1745 952 971 972 953 4378 4416 4418 4380 4378 4416 4418 4380 4379 4417 4419 4381 4379 4417 4419 4381 1745 1764 1765 1746 953 972 973 954 4380 4418 4420 4382 4380 4418 4420 4382 4381 4419 4421 4383 4381 4419 4421 4383 1746 1765 1766 1747 954 973 99 98 4382 4420 1625 1623 4382 4420 1625 1623 4383 4421 1626 1624 4383 4421 1626 1624 1747 1766 372 371 80 81 974 955 1511 1513 4422 4384 1511 1513 4422 4384 1512 1514 4423 4385 1512 1514 4423 4385 332 333 1767 1748 955 974 975 956 4384 4422 4424 4386 4384 4422 4424 4386 4385 4423 4425 4387 4385 4423 4425 4387 1748 1767 1768 1749 956 975 976 957 4386 4424 4426 4388 4386 4424 4426 4388 4387 4425 4427 4389 4387 4425 4427 4389 1749 1768 1769 1750 957 976 977 958 4388 4426 4428 4390 4388 4426 4428 4390 4389 4427 4429 4391 4389 4427 4429 4391 1750 1769 1770 1751 958 977 978 959 4390 4428 4430 4392 4390 4428 4430 4392 4391 4429 4431 4393 4391 4429 4431 4393 1751 1770 1771 1752 959 978 979 960 4392 4430 4432 4394 4392 4430 4432 4394 4393 4431 4433 4395 4393 4431 4433 4395 1752 1771 1772 1753 960 979 980 961 4394 4432 4434 4396 4394 4432 4434 4396 4395 4433 4435 4397 4395 4433 4435 4397 1753 1772 1773 1754 961 980 981 962 4396 4434 4436 4398 4396 4434 4436 4398 4397 4435 4437 4399 4397 4435 4437 4399 1754 1773 1774 1755 962 981 982 963 4398 4436 4438 4400 4398 4436 4438 4400 4399 4437 4439 4401 4399 4437 4439 4401 1755 1774 1775 1756 963 982 983 964 4400 4438 4440 4402 4400 4438 4440 4402 4401 4439 4441 4403 4401 4439 4441 4403 1756 1775 1776 1757 964 983 984 965 4402 4440 4442 4404 4402 4440 4442 4404 4403 4441 4443 4405 4403 4441 4443 4405 1757 1776 1777 1758 965 984 985 966 4404 4442 4444 4406 4404 4442 4444 4406 4405 4443 4445 4407 4405 4443 4445 4407 1758 1777 1778 1759 966 985 986 967 4406 4444 4446 4408 4406 4444 4446 4408 4407 4445 4447 4409 4407 4445 4447 4409 1759 1778 1779 1760 967 986 987 968 4408 4446 4448 4410 4408 4446 4448 4410 4409 4447 4449 4411 4409 4447 4449 4411 1760 1779 1780 1761 968 987 988 969 4410 4448 4450 4412 4410 4448 4450 4412 4411 4449 4451 4413 4411 4449 4451 4413 1761 1780 1781 1762 969 988 989 970 4412 4450 4452 4414 4412 4450 4452 4414 4413 4451 4453 4415 4413 4451 4453 4415 1762 1781 1782 1763 970 989 990 971 4414 4452 4454 4416 4414 4452 4454 4416 4415 4453 4455 4417 4415 4453 4455 4417 1763 1782 1783 1764 971 990 991 972 4416 4454 4456 4418 4416 4454 4456 4418 4417 4455 4457 4419 4417 4455 4457 4419 1764 1783 1784 1765 972 991 992 973 4418 4456 4458 4420 4418 4456 4458 4420 4419 4457 4459 4421 4419 4457 4459 4421 1765 1784 1785 1766 973 992 100 99 4420 4458 1627 1625 4420 4458 1627 1625 4421 4459 1628 1626 4421 4459 1628 1626 1766 1785 373 372 81 82 993 974 1513 1515 4460 4422 1513 1515 4460 4422 1514 1516 4461 4423 1514 1516 4461 4423 333 334 1786 1767 974 993 994 975 4422 4460 4462 4424 4422 4460 4462 4424 4423 4461 4463 4425 4423 4461 4463 4425 1767 1786 1787 1768 975 994 995 976 4424 4462 4464 4426 4424 4462 4464 4426 4425 4463 4465 4427 4425 4463 4465 4427 1768 1787 1788 1769 976 995 996 977 4426 4464 4466 4428 4426 4464 4466 4428 4427 4465 4467 4429 4427 4465 4467 4429 1769 1788 1789 1770 977 996 997 978 4428 4466 4468 4430 4428 4466 4468 4430 4429 4467 4469 4431 4429 4467 4469 4431 1770 1789 1790 1771 978 997 998 979 4430 4468 4470 4432 4430 4468 4470 4432 4431 4469 4471 4433 4431 4469 4471 4433 1771 1790 1791 1772 979 998 999 980 4432 4470 4472 4434 4432 4470 4472 4434 4433 4471 4473 4435 4433 4471 4473 4435 1772 1791 1792 1773 980 999 1000 981 4434 4472 4474 4436 4434 4472 4474 4436 4435 4473 4475 4437 4435 4473 4475 4437 1773 1792 1793 1774 981 1000 1001 982 4436 4474 4476 4438 4436 4474 4476 4438 4437 4475 4477 4439 4437 4475 4477 4439 1774 1793 1794 1775 982 1001 1002 983 4438 4476 4478 4440 4438 4476 4478 4440 4439 4477 4479 4441 4439 4477 4479 4441 1775 1794 1795 1776 983 1002 1003 984 4440 4478 4480 4442 4440 4478 4480 4442 4441 4479 4481 4443 4441 4479 4481 4443 1776 1795 1796 1777 984 1003 1004 985 4442 4480 4482 4444 4442 4480 4482 4444 4443 4481 4483 4445 4443 4481 4483 4445 1777 1796 1797 1778 985 1004 1005 986 4444 4482 4484 4446 4444 4482 4484 4446 4445 4483 4485 4447 4445 4483 4485 4447 1778 1797 1798 1779 986 1005 1006 987 4446 4484 4486 4448 4446 4484 4486 4448 4447 4485 4487 4449 4447 4485 4487 4449 1779 1798 1799 1780 987 1006 1007 988 4448 4486 4488 4450 4448 4486 4488 4450 4449 4487 4489 4451 4449 4487 4489 4451 1780 1799 1800 1781 988 1007 1008 989 4450 4488 4490 4452 4450 4488 4490 4452 4451 4489 4491 4453 4451 4489 4491 4453 1781 1800 1801 1782 989 1008 1009 990 4452 4490 4492 4454 4452 4490 4492 4454 4453 4491 4493 4455 4453 4491 4493 4455 1782 1801 1802 1783 990 1009 1010 991 4454 4492 4494 4456 4454 4492 4494 4456 4455 4493 4495 4457 4455 4493 4495 4457 1783 1802 1803 1784 991 1010 1011 992 4456 4494 4496 4458 4456 4494 4496 4458 4457 4495 4497 4459 4457 4495 4497 4459 1784 1803 1804 1785 992 1011 101 100 4458 4496 1629 1627 4458 4496 1629 1627 4459 4497 1630 1628 4459 4497 1630 1628 1785 1804 374 373 82 83 1012 993 1515 1517 4498 4460 1515 1517 4498 4460 1516 1518 4499 4461 1516 1518 4499 4461 334 335 1805 1786 993 1012 1013 994 4460 4498 4500 4462 4460 4498 4500 4462 4461 4499 4501 4463 4461 4499 4501 4463 1786 1805 1806 1787 994 1013 1014 995 4462 4500 4502 4464 4462 4500 4502 4464 4463 4501 4503 4465 4463 4501 4503 4465 1787 1806 1807 1788 995 1014 1015 996 4464 4502 4504 4466 4464 4502 4504 4466 4465 4503 4505 4467 4465 4503 4505 4467 1788 1807 1808 1789 996 1015 1016 997 4466 4504 4506 4468 4466 4504 4506 4468 4467 4505 4507 4469 4467 4505 4507 4469 1789 1808 1809 1790 997 1016 1017 998 4468 4506 4508 4470 4468 4506 4508 4470 4469 4507 4509 4471 4469 4507 4509 4471 1790 1809 1810 1791 998 1017 1018 999 4470 4508 4510 4472 4470 4508 4510 4472 4471 4509 4511 4473 4471 4509 4511 4473 1791 1810 1811 1792 999 1018 1019 1000 4472 4510 4512 4474 4472 4510 4512 4474 4473 4511 4513 4475 4473 4511 4513 4475 1792 1811 1812 1793 1000 1019 1020 1001 4474 4512 4514 4476 4474 4512 4514 4476 4475 4513 4515 4477 4475 4513 4515 4477 1793 1812 1813 1794 1001 1020 1021 1002 4476 4514 4516 4478 4476 4514 4516 4478 4477 4515 4517 4479 4477 4515 4517 4479 1794 1813 1814 1795 1002 1021 1022 1003 4478 4516 4518 4480 4478 4516 4518 4480 4479 4517 4519 4481 4479 4517 4519 4481 1795 1814 1815 1796 1003 1022 1023 1004 4480 4518 4520 4482 4480 4518 4520 4482 4481 4519 4521 4483 4481 4519 4521 4483 1796 1815 1816 1797 1004 1023 1024 1005 4482 4520 4522 4484 4482 4520 4522 4484 4483 4521 4523 4485 4483 4521 4523 4485 1797 1816 1817 1798 1005 1024 1025 1006 4484 4522 4524 4486 4484 4522 4524 4486 4485 4523 4525 4487 4485 4523 4525 4487 1798 1817 1818 1799 1006 1025 1026 1007 4486 4524 4526 4488 4486 4524 4526 4488 4487 4525 4527 4489 4487 4525 4527 4489 1799 1818 1819 1800 1007 1026 1027 1008 4488 4526 4528 4490 4488 4526 4528 4490 4489 4527 4529 4491 4489 4527 4529 4491 1800 1819 1820 1801 1008 1027 1028 1009 4490 4528 4530 4492 4490 4528 4530 4492 4491 4529 4531 4493 4491 4529 4531 4493 1801 1820 1821 1802 1009 1028 1029 1010 4492 4530 4532 4494 4492 4530 4532 4494 4493 4531 4533 4495 4493 4531 4533 4495 1802 1821 1822 1803 1010 1029 1030 1011 4494 4532 4534 4496 4494 4532 4534 4496 4495 4533 4535 4497 4495 4533 4535 4497 1803 1822 1823 1804 1011 1030 102 101 4496 4534 1631 1629 4496 4534 1631 1629 4497 4535 1632 1630 4497 4535 1632 1630 1804 1823 375 374 83 84 1031 1012 1517 1519 4536 4498 1517 1519 4536 4498 1518 1520 4537 4499 1518 1520 4537 4499 335 336 1824 1805 1012 1031 1032 1013 4498 4536 4538 4500 4498 4536 4538 4500 4499 4537 4539 4501 4499 4537 4539 4501 1805 1824 1825 1806 1013 1032 1033 1014 4500 4538 4540 4502 4500 4538 4540 4502 4501 4539 4541 4503 4501 4539 4541 4503 1806 1825 1826 1807 1014 1033 1034 1015 4502 4540 4542 4504 4502 4540 4542 4504 4503 4541 4543 4505 4503 4541 4543 4505 1807 1826 1827 1808 1015 1034 1035 1016 4504 4542 4544 4506 4504 4542 4544 4506 4505 4543 4545 4507 4505 4543 4545 4507 1808 1827 1828 1809 1016 1035 1036 1017 4506 4544 4546 4508 4506 4544 4546 4508 4507 4545 4547 4509 4507 4545 4547 4509 1809 1828 1829 1810 1017 1036 1037 1018 4508 4546 4548 4510 4508 4546 4548 4510 4509 4547 4549 4511 4509 4547 4549 4511 1810 1829 1830 1811 1018 1037 1038 1019 4510 4548 4550 4512 4510 4548 4550 4512 4511 4549 4551 4513 4511 4549 4551 4513 1811 1830 1831 1812 1019 1038 1039 1020 4512 4550 4552 4514 4512 4550 4552 4514 4513 4551 4553 4515 4513 4551 4553 4515 1812 1831 1832 1813 1020 1039 1040 1021 4514 4552 4554 4516 4514 4552 4554 4516 4515 4553 4555 4517 4515 4553 4555 4517 1813 1832 1833 1814 1021 1040 1041 1022 4516 4554 4556 4518 4516 4554 4556 4518 4517 4555 4557 4519 4517 4555 4557 4519 1814 1833 1834 1815 1022 1041 1042 1023 4518 4556 4558 4520 4518 4556 4558 4520 4519 4557 4559 4521 4519 4557 4559 4521 1815 1834 1835 1816 1023 1042 1043 1024 4520 4558 4560 4522 4520 4558 4560 4522 4521 4559 4561 4523 4521 4559 4561 4523 1816 1835 1836 1817 1024 1043 1044 1025 4522 4560 4562 4524 4522 4560 4562 4524 4523 4561 4563 4525 4523 4561 4563 4525 1817 1836 1837 1818 1025 1044 1045 1026 4524 4562 4564 4526 4524 4562 4564 4526 4525 4563 4565 4527 4525 4563 4565 4527 1818 1837 1838 1819 1026 1045 1046 1027 4526 4564 4566 4528 4526 4564 4566 4528 4527 4565 4567 4529 4527 4565 4567 4529 1819 1838 1839 1820 1027 1046 1047 1028 4528 4566 4568 4530 4528 4566 4568 4530 4529 4567 4569 4531 4529 4567 4569 4531 1820 1839 1840 1821 1028 1047 1048 1029 4530 4568 4570 4532 4530 4568 4570 4532 4531 4569 4571 4533 4531 4569 4571 4533 1821 1840 1841 1822 1029 1048 1049 1030 4532 4570 4572 4534 4532 4570 4572 4534 4533 4571 4573 4535 4533 4571 4573 4535 1822 1841 1842 1823 1030 1049 103 102 4534 4572 1633 1631 4534 4572 1633 1631 4535 4573 1634 1632 4535 4573 1634 1632 1823 1842 376 375 84 85 1050 1031 1519 1521 4574 4536 1519 1521 4574 4536 1520 1522 4575 4537 1520 1522 4575 4537 336 337 1843 1824 1031 1050 1051 1032 4536 4574 4576 4538 4536 4574 4576 4538 4537 4575 4577 4539 4537 4575 4577 4539 1824 1843 1844 1825 1032 1051 1052 1033 4538 4576 4578 4540 4538 4576 4578 4540 4539 4577 4579 4541 4539 4577 4579 4541 1825 1844 1845 1826 1033 1052 1053 1034 4540 4578 4580 4542 4540 4578 4580 4542 4541 4579 4581 4543 4541 4579 4581 4543 1826 1845 1846 1827 1034 1053 1054 1035 4542 4580 4582 4544 4542 4580 4582 4544 4543 4581 4583 4545 4543 4581 4583 4545 1827 1846 1847 1828 1035 1054 1055 1036 4544 4582 4584 4546 4544 4582 4584 4546 4545 4583 4585 4547 4545 4583 4585 4547 1828 1847 1848 1829 1036 1055 1056 1037 4546 4584 4586 4548 4546 4584 4586 4548 4547 4585 4587 4549 4547 4585 4587 4549 1829 1848 1849 1830 1037 1056 1057 1038 4548 4586 4588 4550 4548 4586 4588 4550 4549 4587 4589 4551 4549 4587 4589 4551 1830 1849 1850 1831 1038 1057 1058 1039 4550 4588 4590 4552 4550 4588 4590 4552 4551 4589 4591 4553 4551 4589 4591 4553 1831 1850 1851 1832 1039 1058 1059 1040 4552 4590 4592 4554 4552 4590 4592 4554 4553 4591 4593 4555 4553 4591 4593 4555 1832 1851 1852 1833 1040 1059 1060 1041 4554 4592 4594 4556 4554 4592 4594 4556 4555 4593 4595 4557 4555 4593 4595 4557 1833 1852 1853 1834 1041 1060 1061 1042 4556 4594 4596 4558 4556 4594 4596 4558 4557 4595 4597 4559 4557 4595 4597 4559 1834 1853 1854 1835 1042 1061 1062 1043 4558 4596 4598 4560 4558 4596 4598 4560 4559 4597 4599 4561 4559 4597 4599 4561 1835 1854 1855 1836 1043 1062 1063 1044 4560 4598 4600 4562 4560 4598 4600 4562 4561 4599 4601 4563 4561 4599 4601 4563 1836 1855 1856 1837 1044 1063 1064 1045 4562 4600 4602 4564 4562 4600 4602 4564 4563 4601 4603 4565 4563 4601 4603 4565 1837 1856 1857 1838 1045 1064 1065 1046 4564 4602 4604 4566 4564 4602 4604 4566 4565 4603 4605 4567 4565 4603 4605 4567 1838 1857 1858 1839 1046 1065 1066 1047 4566 4604 4606 4568 4566 4604 4606 4568 4567 4605 4607 4569 4567 4605 4607 4569 1839 1858 1859 1840 1047 1066 1067 1048 4568 4606 4608 4570 4568 4606 4608 4570 4569 4607 4609 4571 4569 4607 4609 4571 1840 1859 1860 1841 1048 1067 1068 1049 4570 4608 4610 4572 4570 4608 4610 4572 4571 4609 4611 4573 4571 4609 4611 4573 1841 1860 1861 1842 1049 1068 104 103 4572 4610 1635 1633 4572 4610 1635 1633 4573 4611 1636 1634 4573 4611 1636 1634 1842 1861 377 376 85 86 1069 1050 1521 1523 4612 4574 1521 1523 4612 4574 1522 1524 4613 4575 1522 1524 4613 4575 337 338 1862 1843 1050 1069 1070 1051 4574 4612 4614 4576 4574 4612 4614 4576 4575 4613 4615 4577 4575 4613 4615 4577 1843 1862 1863 1844 1051 1070 1071 1052 4576 4614 4616 4578 4576 4614 4616 4578 4577 4615 4617 4579 4577 4615 4617 4579 1844 1863 1864 1845 1052 1071 1072 1053 4578 4616 4618 4580 4578 4616 4618 4580 4579 4617 4619 4581 4579 4617 4619 4581 1845 1864 1865 1846 1053 1072 1073 1054 4580 4618 4620 4582 4580 4618 4620 4582 4581 4619 4621 4583 4581 4619 4621 4583 1846 1865 1866 1847 1054 1073 1074 1055 4582 4620 4622 4584 4582 4620 4622 4584 4583 4621 4623 4585 4583 4621 4623 4585 1847 1866 1867 1848 1055 1074 1075 1056 4584 4622 4624 4586 4584 4622 4624 4586 4585 4623 4625 4587 4585 4623 4625 4587 1848 1867 1868 1849 1056 1075 1076 1057 4586 4624 4626 4588 4586 4624 4626 4588 4587 4625 4627 4589 4587 4625 4627 4589 1849 1868 1869 1850 1057 1076 1077 1058 4588 4626 4628 4590 4588 4626 4628 4590 4589 4627 4629 4591 4589 4627 4629 4591 1850 1869 1870 1851 1058 1077 1078 1059 4590 4628 4630 4592 4590 4628 4630 4592 4591 4629 4631 4593 4591 4629 4631 4593 1851 1870 1871 1852 1059 1078 1079 1060 4592 4630 4632 4594 4592 4630 4632 4594 4593 4631 4633 4595 4593 4631 4633 4595 1852 1871 1872 1853 1060 1079 1080 1061 4594 4632 4634 4596 4594 4632 4634 4596 4595 4633 4635 4597 4595 4633 4635 4597 1853 1872 1873 1854 1061 1080 1081 1062 4596 4634 4636 4598 4596 4634 4636 4598 4597 4635 4637 4599 4597 4635 4637 4599 1854 1873 1874 1855 1062 1081 1082 1063 4598 4636 4638 4600 4598 4636 4638 4600 4599 4637 4639 4601 4599 4637 4639 4601 1855 1874 1875 1856 1063 1082 1083 1064 4600 4638 4640 4602 4600 4638 4640 4602 4601 4639 4641 4603 4601 4639 4641 4603 1856 1875 1876 1857 1064 1083 1084 1065 4602 4640 4642 4604 4602 4640 4642 4604 4603 4641 4643 4605 4603 4641 4643 4605 1857 1876 1877 1858 1065 1084 1085 1066 4604 4642 4644 4606 4604 4642 4644 4606 4605 4643 4645 4607 4605 4643 4645 4607 1858 1877 1878 1859 1066 1085 1086 1067 4606 4644 4646 4608 4606 4644 4646 4608 4607 4645 4647 4609 4607 4645 4647 4609 1859 1878 1879 1860 1067 1086 1087 1068 4608 4646 4648 4610 4608 4646 4648 4610 4609 4647 4649 4611 4609 4647 4649 4611 1860 1879 1880 1861 1068 1087 105 104 4610 4648 1637 1635 4610 4648 1637 1635 4611 4649 1638 1636 4611 4649 1638 1636 1861 1880 378 377 86 87 1088 1069 1523 1525 4650 4612 1523 1525 4650 4612 1524 1526 4651 4613 1524 1526 4651 4613 338 339 1881 1862 1069 1088 1089 1070 4612 4650 4652 4614 4612 4650 4652 4614 4613 4651 4653 4615 4613 4651 4653 4615 1862 1881 1882 1863 1070 1089 1090 1071 4614 4652 4654 4616 4614 4652 4654 4616 4615 4653 4655 4617 4615 4653 4655 4617 1863 1882 1883 1864 1071 1090 1091 1072 4616 4654 4656 4618 4616 4654 4656 4618 4617 4655 4657 4619 4617 4655 4657 4619 1864 1883 1884 1865 1072 1091 1092 1073 4618 4656 4658 4620 4618 4656 4658 4620 4619 4657 4659 4621 4619 4657 4659 4621 1865 1884 1885 1866 1073 1092 1093 1074 4620 4658 4660 4622 4620 4658 4660 4622 4621 4659 4661 4623 4621 4659 4661 4623 1866 1885 1886 1867 1074 1093 1094 1075 4622 4660 4662 4624 4622 4660 4662 4624 4623 4661 4663 4625 4623 4661 4663 4625 1867 1886 1887 1868 1075 1094 1095 1076 4624 4662 4664 4626 4624 4662 4664 4626 4625 4663 4665 4627 4625 4663 4665 4627 1868 1887 1888 1869 1076 1095 1096 1077 4626 4664 4666 4628 4626 4664 4666 4628 4627 4665 4667 4629 4627 4665 4667 4629 1869 1888 1889 1870 1077 1096 1097 1078 4628 4666 4668 4630 4628 4666 4668 4630 4629 4667 4669 4631 4629 4667 4669 4631 1870 1889 1890 1871 1078 1097 1098 1079 4630 4668 4670 4632 4630 4668 4670 4632 4631 4669 4671 4633 4631 4669 4671 4633 1871 1890 1891 1872 1079 1098 1099 1080 4632 4670 4672 4634 4632 4670 4672 4634 4633 4671 4673 4635 4633 4671 4673 4635 1872 1891 1892 1873 1080 1099 1100 1081 4634 4672 4674 4636 4634 4672 4674 4636 4635 4673 4675 4637 4635 4673 4675 4637 1873 1892 1893 1874 1081 1100 1101 1082 4636 4674 4676 4638 4636 4674 4676 4638 4637 4675 4677 4639 4637 4675 4677 4639 1874 1893 1894 1875 1082 1101 1102 1083 4638 4676 4678 4640 4638 4676 4678 4640 4639 4677 4679 4641 4639 4677 4679 4641 1875 1894 1895 1876 1083 1102 1103 1084 4640 4678 4680 4642 4640 4678 4680 4642 4641 4679 4681 4643 4641 4679 4681 4643 1876 1895 1896 1877 1084 1103 1104 1085 4642 4680 4682 4644 4642 4680 4682 4644 4643 4681 4683 4645 4643 4681 4683 4645 1877 1896 1897 1878 1085 1104 1105 1086 4644 4682 4684 4646 4644 4682 4684 4646 4645 4683 4685 4647 4645 4683 4685 4647 1878 1897 1898 1879 1086 1105 1106 1087 4646 4684 4686 4648 4646 4684 4686 4648 4647 4685 4687 4649 4647 4685 4687 4649 1879 1898 1899 1880 1087 1106 106 105 4648 4686 1639 1637 4648 4686 1639 1637 4649 4687 1640 1638 4649 4687 1640 1638 1880 1899 379 378 87 88 1107 1088 1525 1527 4688 4650 1525 1527 4688 4650 1526 1528 4689 4651 1526 1528 4689 4651 339 340 1900 1881 1088 1107 1108 1089 4650 4688 4690 4652 4650 4688 4690 4652 4651 4689 4691 4653 4651 4689 4691 4653 1881 1900 1901 1882 1089 1108 1109 1090 4652 4690 4692 4654 4652 4690 4692 4654 4653 4691 4693 4655 4653 4691 4693 4655 1882 1901 1902 1883 1090 1109 1110 1091 4654 4692 4694 4656 4654 4692 4694 4656 4655 4693 4695 4657 4655 4693 4695 4657 1883 1902 1903 1884 1091 1110 1111 1092 4656 4694 4696 4658 4656 4694 4696 4658 4657 4695 4697 4659 4657 4695 4697 4659 1884 1903 1904 1885 1092 1111 1112 1093 4658 4696 4698 4660 4658 4696 4698 4660 4659 4697 4699 4661 4659 4697 4699 4661 1885 1904 1905 1886 1093 1112 1113 1094 4660 4698 4700 4662 4660 4698 4700 4662 4661 4699 4701 4663 4661 4699 4701 4663 1886 1905 1906 1887 1094 1113 1114 1095 4662 4700 4702 4664 4662 4700 4702 4664 4663 4701 4703 4665 4663 4701 4703 4665 1887 1906 1907 1888 1095 1114 1115 1096 4664 4702 4704 4666 4664 4702 4704 4666 4665 4703 4705 4667 4665 4703 4705 4667 1888 1907 1908 1889 1096 1115 1116 1097 4666 4704 4706 4668 4666 4704 4706 4668 4667 4705 4707 4669 4667 4705 4707 4669 1889 1908 1909 1890 1097 1116 1117 1098 4668 4706 4708 4670 4668 4706 4708 4670 4669 4707 4709 4671 4669 4707 4709 4671 1890 1909 1910 1891 1098 1117 1118 1099 4670 4708 4710 4672 4670 4708 4710 4672 4671 4709 4711 4673 4671 4709 4711 4673 1891 1910 1911 1892 1099 1118 1119 1100 4672 4710 4712 4674 4672 4710 4712 4674 4673 4711 4713 4675 4673 4711 4713 4675 1892 1911 1912 1893 1100 1119 1120 1101 4674 4712 4714 4676 4674 4712 4714 4676 4675 4713 4715 4677 4675 4713 4715 4677 1893 1912 1913 1894 1101 1120 1121 1102 4676 4714 4716 4678 4676 4714 4716 4678 4677 4715 4717 4679 4677 4715 4717 4679 1894 1913 1914 1895 1102 1121 1122 1103 4678 4716 4718 4680 4678 4716 4718 4680 4679 4717 4719 4681 4679 4717 4719 4681 1895 1914 1915 1896 1103 1122 1123 1104 4680 4718 4720 4682 4680 4718 4720 4682 4681 4719 4721 4683 4681 4719 4721 4683 1896 1915 1916 1897 1104 1123 1124 1105 4682 4720 4722 4684 4682 4720 4722 4684 4683 4721 4723 4685 4683 4721 4723 4685 1897 1916 1917 1898 1105 1124 1125 1106 4684 4722 4724 4686 4684 4722 4724 4686 4685 4723 4725 4687 4685 4723 4725 4687 1898 1917 1918 1899 1106 1125 107 106 4686 4724 1641 1639 4686 4724 1641 1639 4687 4725 1642 1640 4687 4725 1642 1640 1899 1918 380 379 88 89 1126 1107 1527 1529 4726 4688 1527 1529 4726 4688 1528 1530 4727 4689 1528 1530 4727 4689 340 341 1919 1900 1107 1126 1127 1108 4688 4726 4728 4690 4688 4726 4728 4690 4689 4727 4729 4691 4689 4727 4729 4691 1900 1919 1920 1901 1108 1127 1128 1109 4690 4728 4730 4692 4690 4728 4730 4692 4691 4729 4731 4693 4691 4729 4731 4693 1901 1920 1921 1902 1109 1128 1129 1110 4692 4730 4732 4694 4692 4730 4732 4694 4693 4731 4733 4695 4693 4731 4733 4695 1902 1921 1922 1903 1110 1129 1130 1111 4694 4732 4734 4696 4694 4732 4734 4696 4695 4733 4735 4697 4695 4733 4735 4697 1903 1922 1923 1904 1111 1130 1131 1112 4696 4734 4736 4698 4696 4734 4736 4698 4697 4735 4737 4699 4697 4735 4737 4699 1904 1923 1924 1905 1112 1131 1132 1113 4698 4736 4738 4700 4698 4736 4738 4700 4699 4737 4739 4701 4699 4737 4739 4701 1905 1924 1925 1906 1113 1132 1133 1114 4700 4738 4740 4702 4700 4738 4740 4702 4701 4739 4741 4703 4701 4739 4741 4703 1906 1925 1926 1907 1114 1133 1134 1115 4702 4740 4742 4704 4702 4740 4742 4704 4703 4741 4743 4705 4703 4741 4743 4705 1907 1926 1927 1908 1115 1134 1135 1116 4704 4742 4744 4706 4704 4742 4744 4706 4705 4743 4745 4707 4705 4743 4745 4707 1908 1927 1928 1909 1116 1135 1136 1117 4706 4744 4746 4708 4706 4744 4746 4708 4707 4745 4747 4709 4707 4745 4747 4709 1909 1928 1929 1910 1117 1136 1137 1118 4708 4746 4748 4710 4708 4746 4748 4710 4709 4747 4749 4711 4709 4747 4749 4711 1910 1929 1930 1911 1118 1137 1138 1119 4710 4748 4750 4712 4710 4748 4750 4712 4711 4749 4751 4713 4711 4749 4751 4713 1911 1930 1931 1912 1119 1138 1139 1120 4712 4750 4752 4714 4712 4750 4752 4714 4713 4751 4753 4715 4713 4751 4753 4715 1912 1931 1932 1913 1120 1139 1140 1121 4714 4752 4754 4716 4714 4752 4754 4716 4715 4753 4755 4717 4715 4753 4755 4717 1913 1932 1933 1914 1121 1140 1141 1122 4716 4754 4756 4718 4716 4754 4756 4718 4717 4755 4757 4719 4717 4755 4757 4719 1914 1933 1934 1915 1122 1141 1142 1123 4718 4756 4758 4720 4718 4756 4758 4720 4719 4757 4759 4721 4719 4757 4759 4721 1915 1934 1935 1916 1123 1142 1143 1124 4720 4758 4760 4722 4720 4758 4760 4722 4721 4759 4761 4723 4721 4759 4761 4723 1916 1935 1936 1917 1124 1143 1144 1125 4722 4760 4762 4724 4722 4760 4762 4724 4723 4761 4763 4725 4723 4761 4763 4725 1917 1936 1937 1918 1125 1144 108 107 4724 4762 1643 1641 4724 4762 1643 1641 4725 4763 1644 1642 4725 4763 1644 1642 1918 1937 381 380 89 90 1145 1126 1529 1531 4764 4726 1529 1531 4764 4726 1530 1532 4765 4727 1530 1532 4765 4727 341 342 1938 1919 1126 1145 1146 1127 4726 4764 4766 4728 4726 4764 4766 4728 4727 4765 4767 4729 4727 4765 4767 4729 1919 1938 1939 1920 1127 1146 1147 1128 4728 4766 4768 4730 4728 4766 4768 4730 4729 4767 4769 4731 4729 4767 4769 4731 1920 1939 1940 1921 1128 1147 1148 1129 4730 4768 4770 4732 4730 4768 4770 4732 4731 4769 4771 4733 4731 4769 4771 4733 1921 1940 1941 1922 1129 1148 1149 1130 4732 4770 4772 4734 4732 4770 4772 4734 4733 4771 4773 4735 4733 4771 4773 4735 1922 1941 1942 1923 1130 1149 1150 1131 4734 4772 4774 4736 4734 4772 4774 4736 4735 4773 4775 4737 4735 4773 4775 4737 1923 1942 1943 1924 1131 1150 1151 1132 4736 4774 4776 4738 4736 4774 4776 4738 4737 4775 4777 4739 4737 4775 4777 4739 1924 1943 1944 1925 1132 1151 1152 1133 4738 4776 4778 4740 4738 4776 4778 4740 4739 4777 4779 4741 4739 4777 4779 4741 1925 1944 1945 1926 1133 1152 1153 1134 4740 4778 4780 4742 4740 4778 4780 4742 4741 4779 4781 4743 4741 4779 4781 4743 1926 1945 1946 1927 1134 1153 1154 1135 4742 4780 4782 4744 4742 4780 4782 4744 4743 4781 4783 4745 4743 4781 4783 4745 1927 1946 1947 1928 1135 1154 1155 1136 4744 4782 4784 4746 4744 4782 4784 4746 4745 4783 4785 4747 4745 4783 4785 4747 1928 1947 1948 1929 1136 1155 1156 1137 4746 4784 4786 4748 4746 4784 4786 4748 4747 4785 4787 4749 4747 4785 4787 4749 1929 1948 1949 1930 1137 1156 1157 1138 4748 4786 4788 4750 4748 4786 4788 4750 4749 4787 4789 4751 4749 4787 4789 4751 1930 1949 1950 1931 1138 1157 1158 1139 4750 4788 4790 4752 4750 4788 4790 4752 4751 4789 4791 4753 4751 4789 4791 4753 1931 1950 1951 1932 1139 1158 1159 1140 4752 4790 4792 4754 4752 4790 4792 4754 4753 4791 4793 4755 4753 4791 4793 4755 1932 1951 1952 1933 1140 1159 1160 1141 4754 4792 4794 4756 4754 4792 4794 4756 4755 4793 4795 4757 4755 4793 4795 4757 1933 1952 1953 1934 1141 1160 1161 1142 4756 4794 4796 4758 4756 4794 4796 4758 4757 4795 4797 4759 4757 4795 4797 4759 1934 1953 1954 1935 1142 1161 1162 1143 4758 4796 4798 4760 4758 4796 4798 4760 4759 4797 4799 4761 4759 4797 4799 4761 1935 1954 1955 1936 1143 1162 1163 1144 4760 4798 4800 4762 4760 4798 4800 4762 4761 4799 4801 4763 4761 4799 4801 4763 1936 1955 1956 1937 1144 1163 109 108 4762 4800 1645 1643 4762 4800 1645 1643 4763 4801 1646 1644 4763 4801 1646 1644 1937 1956 382 381 90 91 1164 1145 1531 1533 4802 4764 1531 1533 4802 4764 1532 1534 4803 4765 1532 1534 4803 4765 342 343 1957 1938 1145 1164 1165 1146 4764 4802 4804 4766 4764 4802 4804 4766 4765 4803 4805 4767 4765 4803 4805 4767 1938 1957 1958 1939 1146 1165 1166 1147 4766 4804 4806 4768 4766 4804 4806 4768 4767 4805 4807 4769 4767 4805 4807 4769 1939 1958 1959 1940 1147 1166 1167 1148 4768 4806 4808 4770 4768 4806 4808 4770 4769 4807 4809 4771 4769 4807 4809 4771 1940 1959 1960 1941 1148 1167 1168 1149 4770 4808 4810 4772 4770 4808 4810 4772 4771 4809 4811 4773 4771 4809 4811 4773 1941 1960 1961 1942 1149 1168 1169 1150 4772 4810 4812 4774 4772 4810 4812 4774 4773 4811 4813 4775 4773 4811 4813 4775 1942 1961 1962 1943 1150 1169 1170 1151 4774 4812 4814 4776 4774 4812 4814 4776 4775 4813 4815 4777 4775 4813 4815 4777 1943 1962 1963 1944 1151 1170 1171 1152 4776 4814 4816 4778 4776 4814 4816 4778 4777 4815 4817 4779 4777 4815 4817 4779 1944 1963 1964 1945 1152 1171 1172 1153 4778 4816 4818 4780 4778 4816 4818 4780 4779 4817 4819 4781 4779 4817 4819 4781 1945 1964 1965 1946 1153 1172 1173 1154 4780 4818 4820 4782 4780 4818 4820 4782 4781 4819 4821 4783 4781 4819 4821 4783 1946 1965 1966 1947 1154 1173 1174 1155 4782 4820 4822 4784 4782 4820 4822 4784 4783 4821 4823 4785 4783 4821 4823 4785 1947 1966 1967 1948 1155 1174 1175 1156 4784 4822 4824 4786 4784 4822 4824 4786 4785 4823 4825 4787 4785 4823 4825 4787 1948 1967 1968 1949 1156 1175 1176 1157 4786 4824 4826 4788 4786 4824 4826 4788 4787 4825 4827 4789 4787 4825 4827 4789 1949 1968 1969 1950 1157 1176 1177 1158 4788 4826 4828 4790 4788 4826 4828 4790 4789 4827 4829 4791 4789 4827 4829 4791 1950 1969 1970 1951 1158 1177 1178 1159 4790 4828 4830 4792 4790 4828 4830 4792 4791 4829 4831 4793 4791 4829 4831 4793 1951 1970 1971 1952 1159 1178 1179 1160 4792 4830 4832 4794 4792 4830 4832 4794 4793 4831 4833 4795 4793 4831 4833 4795 1952 1971 1972 1953 1160 1179 1180 1161 4794 4832 4834 4796 4794 4832 4834 4796 4795 4833 4835 4797 4795 4833 4835 4797 1953 1972 1973 1954 1161 1180 1181 1162 4796 4834 4836 4798 4796 4834 4836 4798 4797 4835 4837 4799 4797 4835 4837 4799 1954 1973 1974 1955 1162 1181 1182 1163 4798 4836 4838 4800 4798 4836 4838 4800 4799 4837 4839 4801 4799 4837 4839 4801 1955 1974 1975 1956 1163 1182 110 109 4800 4838 1647 1645 4800 4838 1647 1645 4801 4839 1648 1646 4801 4839 1648 1646 1956 1975 383 382 91 92 1183 1164 1533 1535 4840 4802 1533 1535 4840 4802 1534 1536 4841 4803 1534 1536 4841 4803 343 344 1976 1957 1164 1183 1184 1165 4802 4840 4842 4804 4802 4840 4842 4804 4803 4841 4843 4805 4803 4841 4843 4805 1957 1976 1977 1958 1165 1184 1185 1166 4804 4842 4844 4806 4804 4842 4844 4806 4805 4843 4845 4807 4805 4843 4845 4807 1958 1977 1978 1959 1166 1185 1186 1167 4806 4844 4846 4808 4806 4844 4846 4808 4807 4845 4847 4809 4807 4845 4847 4809 1959 1978 1979 1960 1167 1186 1187 1168 4808 4846 4848 4810 4808 4846 4848 4810 4809 4847 4849 4811 4809 4847 4849 4811 1960 1979 1980 1961 1168 1187 1188 1169 4810 4848 4850 4812 4810 4848 4850 4812 4811 4849 4851 4813 4811 4849 4851 4813 1961 1980 1981 1962 1169 1188 1189 1170 4812 4850 4852 4814 4812 4850 4852 4814 4813 4851 4853 4815 4813 4851 4853 4815 1962 1981 1982 1963 1170 1189 1190 1171 4814 4852 4854 4816 4814 4852 4854 4816 4815 4853 4855 4817 4815 4853 4855 4817 1963 1982 1983 1964 1171 1190 1191 1172 4816 4854 4856 4818 4816 4854 4856 4818 4817 4855 4857 4819 4817 4855 4857 4819 1964 1983 1984 1965 1172 1191 1192 1173 4818 4856 4858 4820 4818 4856 4858 4820 4819 4857 4859 4821 4819 4857 4859 4821 1965 1984 1985 1966 1173 1192 1193 1174 4820 4858 4860 4822 4820 4858 4860 4822 4821 4859 4861 4823 4821 4859 4861 4823 1966 1985 1986 1967 1174 1193 1194 1175 4822 4860 4862 4824 4822 4860 4862 4824 4823 4861 4863 4825 4823 4861 4863 4825 1967 1986 1987 1968 1175 1194 1195 1176 4824 4862 4864 4826 4824 4862 4864 4826 4825 4863 4865 4827 4825 4863 4865 4827 1968 1987 1988 1969 1176 1195 1196 1177 4826 4864 4866 4828 4826 4864 4866 4828 4827 4865 4867 4829 4827 4865 4867 4829 1969 1988 1989 1970 1177 1196 1197 1178 4828 4866 4868 4830 4828 4866 4868 4830 4829 4867 4869 4831 4829 4867 4869 4831 1970 1989 1990 1971 1178 1197 1198 1179 4830 4868 4870 4832 4830 4868 4870 4832 4831 4869 4871 4833 4831 4869 4871 4833 1971 1990 1991 1972 1179 1198 1199 1180 4832 4870 4872 4834 4832 4870 4872 4834 4833 4871 4873 4835 4833 4871 4873 4835 1972 1991 1992 1973 1180 1199 1200 1181 4834 4872 4874 4836 4834 4872 4874 4836 4835 4873 4875 4837 4835 4873 4875 4837 1973 1992 1993 1974 1181 1200 1201 1182 4836 4874 4876 4838 4836 4874 4876 4838 4837 4875 4877 4839 4837 4875 4877 4839 1974 1993 1994 1975 1182 1201 111 110 4838 4876 1649 1647 4838 4876 1649 1647 4839 4877 1650 1648 4839 4877 1650 1648 1975 1994 384 383 92 93 1202 1183 1535 1537 4878 4840 1535 1537 4878 4840 1536 1538 4879 4841 1536 1538 4879 4841 344 345 1995 1976 1183 1202 1203 1184 4840 4878 4880 4842 4840 4878 4880 4842 4841 4879 4881 4843 4841 4879 4881 4843 1976 1995 1996 1977 1184 1203 1204 1185 4842 4880 4882 4844 4842 4880 4882 4844 4843 4881 4883 4845 4843 4881 4883 4845 1977 1996 1997 1978 1185 1204 1205 1186 4844 4882 4884 4846 4844 4882 4884 4846 4845 4883 4885 4847 4845 4883 4885 4847 1978 1997 1998 1979 1186 1205 1206 1187 4846 4884 4886 4848 4846 4884 4886 4848 4847 4885 4887 4849 4847 4885 4887 4849 1979 1998 1999 1980 1187 1206 1207 1188 4848 4886 4888 4850 4848 4886 4888 4850 4849 4887 4889 4851 4849 4887 4889 4851 1980 1999 2000 1981 1188 1207 1208 1189 4850 4888 4890 4852 4850 4888 4890 4852 4851 4889 4891 4853 4851 4889 4891 4853 1981 2000 2001 1982 1189 1208 1209 1190 4852 4890 4892 4854 4852 4890 4892 4854 4853 4891 4893 4855 4853 4891 4893 4855 1982 2001 2002 1983 1190 1209 1210 1191 4854 4892 4894 4856 4854 4892 4894 4856 4855 4893 4895 4857 4855 4893 4895 4857 1983 2002 2003 1984 1191 1210 1211 1192 4856 4894 4896 4858 4856 4894 4896 4858 4857 4895 4897 4859 4857 4895 4897 4859 1984 2003 2004 1985 1192 1211 1212 1193 4858 4896 4898 4860 4858 4896 4898 4860 4859 4897 4899 4861 4859 4897 4899 4861 1985 2004 2005 1986 1193 1212 1213 1194 4860 4898 4900 4862 4860 4898 4900 4862 4861 4899 4901 4863 4861 4899 4901 4863 1986 2005 2006 1987 1194 1213 1214 1195 4862 4900 4902 4864 4862 4900 4902 4864 4863 4901 4903 4865 4863 4901 4903 4865 1987 2006 2007 1988 1195 1214 1215 1196 4864 4902 4904 4866 4864 4902 4904 4866 4865 4903 4905 4867 4865 4903 4905 4867 1988 2007 2008 1989 1196 1215 1216 1197 4866 4904 4906 4868 4866 4904 4906 4868 4867 4905 4907 4869 4867 4905 4907 4869 1989 2008 2009 1990 1197 1216 1217 1198 4868 4906 4908 4870 4868 4906 4908 4870 4869 4907 4909 4871 4869 4907 4909 4871 1990 2009 2010 1991 1198 1217 1218 1199 4870 4908 4910 4872 4870 4908 4910 4872 4871 4909 4911 4873 4871 4909 4911 4873 1991 2010 2011 1992 1199 1218 1219 1200 4872 4910 4912 4874 4872 4910 4912 4874 4873 4911 4913 4875 4873 4911 4913 4875 1992 2011 2012 1993 1200 1219 1220 1201 4874 4912 4914 4876 4874 4912 4914 4876 4875 4913 4915 4877 4875 4913 4915 4877 1993 2012 2013 1994 1201 1220 112 111 4876 4914 1651 1649 4876 4914 1651 1649 4877 4915 1652 1650 4877 4915 1652 1650 1994 2013 385 384 93 9 188 1202 1537 323 1577 4878 1537 323 1577 4878 1538 324 1578 4879 1538 324 1578 4879 345 25 348 1995 1202 188 189 1203 4878 1577 1579 4880 4878 1577 1579 4880 4879 1578 1580 4881 4879 1578 1580 4881 1995 348 349 1996 1203 189 190 1204 4880 1579 1581 4882 4880 1579 1581 4882 4881 1580 1582 4883 4881 1580 1582 4883 1996 349 350 1997 1204 190 191 1205 4882 1581 1583 4884 4882 1581 1583 4884 4883 1582 1584 4885 4883 1582 1584 4885 1997 350 351 1998 1205 191 192 1206 4884 1583 1585 4886 4884 1583 1585 4886 4885 1584 1586 4887 4885 1584 1586 4887 1998 351 352 1999 1206 192 193 1207 4886 1585 1587 4888 4886 1585 1587 4888 4887 1586 1588 4889 4887 1586 1588 4889 1999 352 353 2000 1207 193 194 1208 4888 1587 1589 4890 4888 1587 1589 4890 4889 1588 1590 4891 4889 1588 1590 4891 2000 353 354 2001 1208 194 195 1209 4890 1589 1591 4892 4890 1589 1591 4892 4891 1590 1592 4893 4891 1590 1592 4893 2001 354 355 2002 1209 195 196 1210 4892 1591 1593 4894 4892 1591 1593 4894 4893 1592 1594 4895 4893 1592 1594 4895 2002 355 356 2003 1210 196 197 1211 4894 1593 1595 4896 4894 1593 1595 4896 4895 1594 1596 4897 4895 1594 1596 4897 2003 356 357 2004 1211 197 198 1212 4896 1595 1597 4898 4896 1595 1597 4898 4897 1596 1598 4899 4897 1596 1598 4899 2004 357 358 2005 1212 198 199 1213 4898 1597 1599 4900 4898 1597 1599 4900 4899 1598 1600 4901 4899 1598 1600 4901 2005 358 359 2006 1213 199 200 1214 4900 1599 1601 4902 4900 1599 1601 4902 4901 1600 1602 4903 4901 1600 1602 4903 2006 359 360 2007 1214 200 201 1215 4902 1601 1603 4904 4902 1601 1603 4904 4903 1602 1604 4905 4903 1602 1604 4905 2007 360 361 2008 1215 201 202 1216 4904 1603 1605 4906 4904 1603 1605 4906 4905 1604 1606 4907 4905 1604 1606 4907 2008 361 362 2009 1216 202 203 1217 4906 1605 1607 4908 4906 1605 1607 4908 4907 1606 1608 4909 4907 1606 1608 4909 2009 362 363 2010 1217 203 204 1218 4908 1607 1609 4910 4908 1607 1609 4910 4909 1608 1610 4911 4909 1608 1610 4911 2010 363 364 2011 1218 204 205 1219 4910 1609 1611 4912 4910 1609 1611 4912 4911 1610 1612 4913 4911 1610 1612 4913 2011 364 365 2012 1219 205 206 1220 4912 1611 1613 4914 4912 1611 1613 4914 4913 1612 1614 4915 4913 1612 1614 4915 2012 365 366 2013 1220 206 10 112 4914 1613 346 1651 4914 1613 346 1651 4915 1614 347 1652 4915 1614 347 1652 2013 366 26 385 6 94 1221 184 248 1615 4916 1443 248 1615 4916 1443 249 1616 4917 1444 249 1616 4917 1444 20 367 2056 294 184 1221 1222 185 1443 4916 4918 1445 1443 4916 4918 1445 1444 4917 4919 1446 1444 4917 4919 1446 294 2056 2057 295 185 1222 113 7 1445 4918 2018 292 1445 4918 2018 292 1446 4919 2019 293 1446 4919 2019 293 295 2057 390 22 94 95 1223 1221 1615 1617 4920 4916 1615 1617 4920 4916 1616 1618 4921 4917 1616 1618 4921 4917 367 368 2058 2056 1221 1223 1224 1222 4916 4920 4922 4918 4916 4920 4922 4918 4917 4921 4923 4919 4917 4921 4923 4919 2056 2058 2059 2057 1222 1224 114 113 4918 4922 2020 2018 4918 4922 2020 2018 4919 4923 2021 2019 4919 4923 2021 2019 2057 2059 391 390 95 96 1225 1223 1617 1619 4924 4920 1617 1619 4924 4920 1618 1620 4925 4921 1618 1620 4925 4921 368 369 2060 2058 1223 1225 1226 1224 4920 4924 4926 4922 4920 4924 4926 4922 4921 4925 4927 4923 4921 4925 4927 4923 2058 2060 2061 2059 1224 1226 115 114 4922 4926 2022 2020 4922 4926 2022 2020 4923 4927 2023 2021 4923 4927 2023 2021 2059 2061 392 391 96 97 1227 1225 1619 1621 4928 4924 1619 1621 4928 4924 1620 1622 4929 4925 1620 1622 4929 4925 369 370 2062 2060 1225 1227 1228 1226 4924 4928 4930 4926 4924 4928 4930 4926 4925 4929 4931 4927 4925 4929 4931 4927 2060 2062 2063 2061 1226 1228 116 115 4926 4930 2024 2022 4926 4930 2024 2022 4927 4931 2025 2023 4927 4931 2025 2023 2061 2063 393 392 97 98 1229 1227 1621 1623 4932 4928 1621 1623 4932 4928 1622 1624 4933 4929 1622 1624 4933 4929 370 371 2064 2062 1227 1229 1230 1228 4928 4932 4934 4930 4928 4932 4934 4930 4929 4933 4935 4931 4929 4933 4935 4931 2062 2064 2065 2063 1228 1230 117 116 4930 4934 2026 2024 4930 4934 2026 2024 4931 4935 2027 2025 4931 4935 2027 2025 2063 2065 394 393 98 99 1231 1229 1623 1625 4936 4932 1623 1625 4936 4932 1624 1626 4937 4933 1624 1626 4937 4933 371 372 2066 2064 1229 1231 1232 1230 4932 4936 4938 4934 4932 4936 4938 4934 4933 4937 4939 4935 4933 4937 4939 4935 2064 2066 2067 2065 1230 1232 118 117 4934 4938 2028 2026 4934 4938 2028 2026 4935 4939 2029 2027 4935 4939 2029 2027 2065 2067 395 394 99 100 1233 1231 1625 1627 4940 4936 1625 1627 4940 4936 1626 1628 4941 4937 1626 1628 4941 4937 372 373 2068 2066 1231 1233 1234 1232 4936 4940 4942 4938 4936 4940 4942 4938 4937 4941 4943 4939 4937 4941 4943 4939 2066 2068 2069 2067 1232 1234 119 118 4938 4942 2030 2028 4938 4942 2030 2028 4939 4943 2031 2029 4939 4943 2031 2029 2067 2069 396 395 100 101 1235 1233 1627 1629 4944 4940 1627 1629 4944 4940 1628 1630 4945 4941 1628 1630 4945 4941 373 374 2070 2068 1233 1235 1236 1234 4940 4944 4946 4942 4940 4944 4946 4942 4941 4945 4947 4943 4941 4945 4947 4943 2068 2070 2071 2069 1234 1236 120 119 4942 4946 2032 2030 4942 4946 2032 2030 4943 4947 2033 2031 4943 4947 2033 2031 2069 2071 397 396 101 102 1237 1235 1629 1631 4948 4944 1629 1631 4948 4944 1630 1632 4949 4945 1630 1632 4949 4945 374 375 2072 2070 1235 1237 1238 1236 4944 4948 4950 4946 4944 4948 4950 4946 4945 4949 4951 4947 4945 4949 4951 4947 2070 2072 2073 2071 1236 1238 121 120 4946 4950 2034 2032 4946 4950 2034 2032 4947 4951 2035 2033 4947 4951 2035 2033 2071 2073 398 397 102 103 1239 1237 1631 1633 4952 4948 1631 1633 4952 4948 1632 1634 4953 4949 1632 1634 4953 4949 375 376 2074 2072 1237 1239 1240 1238 4948 4952 4954 4950 4948 4952 4954 4950 4949 4953 4955 4951 4949 4953 4955 4951 2072 2074 2075 2073 1238 1240 122 121 4950 4954 2036 2034 4950 4954 2036 2034 4951 4955 2037 2035 4951 4955 2037 2035 2073 2075 399 398 103 104 1241 1239 1633 1635 4956 4952 1633 1635 4956 4952 1634 1636 4957 4953 1634 1636 4957 4953 376 377 2076 2074 1239 1241 1242 1240 4952 4956 4958 4954 4952 4956 4958 4954 4953 4957 4959 4955 4953 4957 4959 4955 2074 2076 2077 2075 1240 1242 123 122 4954 4958 2038 2036 4954 4958 2038 2036 4955 4959 2039 2037 4955 4959 2039 2037 2075 2077 400 399 104 105 1243 1241 1635 1637 4960 4956 1635 1637 4960 4956 1636 1638 4961 4957 1636 1638 4961 4957 377 378 2078 2076 1241 1243 1244 1242 4956 4960 4962 4958 4956 4960 4962 4958 4957 4961 4963 4959 4957 4961 4963 4959 2076 2078 2079 2077 1242 1244 124 123 4958 4962 2040 2038 4958 4962 2040 2038 4959 4963 2041 2039 4959 4963 2041 2039 2077 2079 401 400 105 106 1245 1243 1637 1639 4964 4960 1637 1639 4964 4960 1638 1640 4965 4961 1638 1640 4965 4961 378 379 2080 2078 1243 1245 1246 1244 4960 4964 4966 4962 4960 4964 4966 4962 4961 4965 4967 4963 4961 4965 4967 4963 2078 2080 2081 2079 1244 1246 125 124 4962 4966 2042 2040 4962 4966 2042 2040 4963 4967 2043 2041 4963 4967 2043 2041 2079 2081 402 401 106 107 1247 1245 1639 1641 4968 4964 1639 1641 4968 4964 1640 1642 4969 4965 1640 1642 4969 4965 379 380 2082 2080 1245 1247 1248 1246 4964 4968 4970 4966 4964 4968 4970 4966 4965 4969 4971 4967 4965 4969 4971 4967 2080 2082 2083 2081 1246 1248 126 125 4966 4970 2044 2042 4966 4970 2044 2042 4967 4971 2045 2043 4967 4971 2045 2043 2081 2083 403 402 107 108 1249 1247 1641 1643 4972 4968 1641 1643 4972 4968 1642 1644 4973 4969 1642 1644 4973 4969 380 381 2084 2082 1247 1249 1250 1248 4968 4972 4974 4970 4968 4972 4974 4970 4969 4973 4975 4971 4969 4973 4975 4971 2082 2084 2085 2083 1248 1250 127 126 4970 4974 2046 2044 4970 4974 2046 2044 4971 4975 2047 2045 4971 4975 2047 2045 2083 2085 404 403 108 109 1251 1249 1643 1645 4976 4972 1643 1645 4976 4972 1644 1646 4977 4973 1644 1646 4977 4973 381 382 2086 2084 1249 1251 1252 1250 4972 4976 4978 4974 4972 4976 4978 4974 4973 4977 4979 4975 4973 4977 4979 4975 2084 2086 2087 2085 1250 1252 128 127 4974 4978 2048 2046 4974 4978 2048 2046 4975 4979 2049 2047 4975 4979 2049 2047 2085 2087 405 404 109 110 1253 1251 1645 1647 4980 4976 1645 1647 4980 4976 1646 1648 4981 4977 1646 1648 4981 4977 382 383 2088 2086 1251 1253 1254 1252 4976 4980 4982 4978 4976 4980 4982 4978 4977 4981 4983 4979 4977 4981 4983 4979 2086 2088 2089 2087 1252 1254 129 128 4978 4982 2050 2048 4978 4982 2050 2048 4979 4983 2051 2049 4979 4983 2051 2049 2087 2089 406 405 110 111 1255 1253 1647 1649 4984 4980 1647 1649 4984 4980 1648 1650 4985 4981 1648 1650 4985 4981 383 384 2090 2088 1253 1255 1256 1254 4980 4984 4986 4982 4980 4984 4986 4982 4981 4985 4987 4983 4981 4985 4987 4983 2088 2090 2091 2089 1254 1256 130 129 4982 4986 2052 2050 4982 4986 2052 2050 4983 4987 2053 2051 4983 4987 2053 2051 2089 2091 407 406 111 112 1257 1255 1649 1651 4988 4984 1649 1651 4988 4984 1650 1652 4989 4985 1650 1652 4989 4985 384 385 2092 2090 1255 1257 1258 1256 4984 4988 4990 4986 4984 4988 4990 4986 4985 4989 4991 4987 4985 4989 4991 4987 2090 2092 2093 2091 1256 1258 131 130 4986 4990 2054 2052 4986 4990 2054 2052 4987 4991 2055 2053 4987 4991 2055 2053 2091 2093 408 407 112 10 207 1257 1651 346 2014 4988 1651 346 2014 4988 1652 347 2015 4989 1652 347 2015 4989 385 26 388 2092 1257 207 208 1258 4988 2014 2016 4990 4988 2014 2016 4990 4989 2015 2017 4991 4989 2015 2017 4991 2092 388 389 2093 1258 208 11 131 4990 2016 386 2054 4990 2016 386 2054 4991 2017 387 2055 4991 2017 387 2055 2093 389 27 408 8 132 1259 186 302 2094 4992 1497 302 2094 4992 1497 303 2095 4993 1498 303 2095 4993 1498 24 411 2106 325 186 1259 1260 187 1497 4992 4994 1499 1497 4992 4994 1499 1498 4993 4995 1500 1498 4993 4995 1500 325 2106 2107 326 187 1260 134 9 1499 4994 2102 323 1499 4994 2102 323 1500 4995 2103 324 1500 4995 2103 324 326 2107 417 25 132 133 1261 1259 2094 2096 4996 4992 2094 2096 4996 4992 2095 2097 4997 4993 2095 2097 4997 4993 411 412 2108 2106 1259 1261 1262 1260 4992 4996 4998 4994 4992 4996 4998 4994 4993 4997 4999 4995 4993 4997 4999 4995 2106 2108 2109 2107 1260 1262 135 134 4994 4998 2104 2102 4994 4998 2104 2102 4995 4999 2105 2103 4995 4999 2105 2103 2107 2109 418 417 133 12 209 1261 2096 409 2098 4996 2096 409 2098 4996 2097 410 2099 4997 2097 410 2099 4997 412 28 415 2108 1261 209 210 1262 4996 2098 2100 4998 4996 2098 2100 4998 4997 2099 2101 4999 4997 2099 2101 4999 2108 415 416 2109 1262 210 13 135 4998 2100 413 2104 4998 2100 413 2104 4999 2101 414 2105 4999 2101 414 2105 2109 416 29 418 9 134 1263 188 323 2102 5000 1577 323 2102 5000 1577 324 2103 5001 1578 324 2103 5001 1578 25 417 2152 348 188 1263 1264 189 1577 5000 5002 1579 1577 5000 5002 1579 1578 5001 5003 1580 1578 5001 5003 1580 348 2152 2153 349 189 1264 1265 190 1579 5002 5004 1581 1579 5002 5004 1581 1580 5003 5005 1582 1580 5003 5005 1582 349 2153 2154 350 190 1265 1266 191 1581 5004 5006 1583 1581 5004 5006 1583 1582 5005 5007 1584 1582 5005 5007 1584 350 2154 2155 351 191 1266 1267 192 1583 5006 5008 1585 1583 5006 5008 1585 1584 5007 5009 1586 1584 5007 5009 1586 351 2155 2156 352 192 1267 1268 193 1585 5008 5010 1587 1585 5008 5010 1587 1586 5009 5011 1588 1586 5009 5011 1588 352 2156 2157 353 193 1268 1269 194 1587 5010 5012 1589 1587 5010 5012 1589 1588 5011 5013 1590 1588 5011 5013 1590 353 2157 2158 354 194 1269 1270 195 1589 5012 5014 1591 1589 5012 5014 1591 1590 5013 5015 1592 1590 5013 5015 1592 354 2158 2159 355 195 1270 1271 196 1591 5014 5016 1593 1591 5014 5016 1593 1592 5015 5017 1594 1592 5015 5017 1594 355 2159 2160 356 196 1271 1272 197 1593 5016 5018 1595 1593 5016 5018 1595 1594 5017 5019 1596 1594 5017 5019 1596 356 2160 2161 357 197 1272 1273 198 1595 5018 5020 1597 1595 5018 5020 1597 1596 5019 5021 1598 1596 5019 5021 1598 357 2161 2162 358 198 1273 1274 199 1597 5020 5022 1599 1597 5020 5022 1599 1598 5021 5023 1600 1598 5021 5023 1600 358 2162 2163 359 199 1274 1275 200 1599 5022 5024 1601 1599 5022 5024 1601 1600 5023 5025 1602 1600 5023 5025 1602 359 2163 2164 360 200 1275 1276 201 1601 5024 5026 1603 1601 5024 5026 1603 1602 5025 5027 1604 1602 5025 5027 1604 360 2164 2165 361 201 1276 1277 202 1603 5026 5028 1605 1603 5026 5028 1605 1604 5027 5029 1606 1604 5027 5029 1606 361 2165 2166 362 202 1277 1278 203 1605 5028 5030 1607 1605 5028 5030 1607 1606 5029 5031 1608 1606 5029 5031 1608 362 2166 2167 363 203 1278 1279 204 1607 5030 5032 1609 1607 5030 5032 1609 1608 5031 5033 1610 1608 5031 5033 1610 363 2167 2168 364 204 1279 1280 205 1609 5032 5034 1611 1609 5032 5034 1611 1610 5033 5035 1612 1610 5033 5035 1612 364 2168 2169 365 205 1280 1281 206 1611 5034 5036 1613 1611 5034 5036 1613 1612 5035 5037 1614 1612 5035 5037 1614 365 2169 2170 366 206 1281 136 10 1613 5036 2148 346 1613 5036 2148 346 1614 5037 2149 347 1614 5037 2149 347 366 2170 440 26 134 135 1282 1263 2102 2104 5038 5000 2102 2104 5038 5000 2103 2105 5039 5001 2103 2105 5039 5001 417 418 2171 2152 1263 1282 1283 1264 5000 5038 5040 5002 5000 5038 5040 5002 5001 5039 5041 5003 5001 5039 5041 5003 2152 2171 2172 2153 1264 1283 1284 1265 5002 5040 5042 5004 5002 5040 5042 5004 5003 5041 5043 5005 5003 5041 5043 5005 2153 2172 2173 2154 1265 1284 1285 1266 5004 5042 5044 5006 5004 5042 5044 5006 5005 5043 5045 5007 5005 5043 5045 5007 2154 2173 2174 2155 1266 1285 1286 1267 5006 5044 5046 5008 5006 5044 5046 5008 5007 5045 5047 5009 5007 5045 5047 5009 2155 2174 2175 2156 1267 1286 1287 1268 5008 5046 5048 5010 5008 5046 5048 5010 5009 5047 5049 5011 5009 5047 5049 5011 2156 2175 2176 2157 1268 1287 1288 1269 5010 5048 5050 5012 5010 5048 5050 5012 5011 5049 5051 5013 5011 5049 5051 5013 2157 2176 2177 2158 1269 1288 1289 1270 5012 5050 5052 5014 5012 5050 5052 5014 5013 5051 5053 5015 5013 5051 5053 5015 2158 2177 2178 2159 1270 1289 1290 1271 5014 5052 5054 5016 5014 5052 5054 5016 5015 5053 5055 5017 5015 5053 5055 5017 2159 2178 2179 2160 1271 1290 1291 1272 5016 5054 5056 5018 5016 5054 5056 5018 5017 5055 5057 5019 5017 5055 5057 5019 2160 2179 2180 2161 1272 1291 1292 1273 5018 5056 5058 5020 5018 5056 5058 5020 5019 5057 5059 5021 5019 5057 5059 5021 2161 2180 2181 2162 1273 1292 1293 1274 5020 5058 5060 5022 5020 5058 5060 5022 5021 5059 5061 5023 5021 5059 5061 5023 2162 2181 2182 2163 1274 1293 1294 1275 5022 5060 5062 5024 5022 5060 5062 5024 5023 5061 5063 5025 5023 5061 5063 5025 2163 2182 2183 2164 1275 1294 1295 1276 5024 5062 5064 5026 5024 5062 5064 5026 5025 5063 5065 5027 5025 5063 5065 5027 2164 2183 2184 2165 1276 1295 1296 1277 5026 5064 5066 5028 5026 5064 5066 5028 5027 5065 5067 5029 5027 5065 5067 5029 2165 2184 2185 2166 1277 1296 1297 1278 5028 5066 5068 5030 5028 5066 5068 5030 5029 5067 5069 5031 5029 5067 5069 5031 2166 2185 2186 2167 1278 1297 1298 1279 5030 5068 5070 5032 5030 5068 5070 5032 5031 5069 5071 5033 5031 5069 5071 5033 2167 2186 2187 2168 1279 1298 1299 1280 5032 5070 5072 5034 5032 5070 5072 5034 5033 5071 5073 5035 5033 5071 5073 5035 2168 2187 2188 2169 1280 1299 1300 1281 5034 5072 5074 5036 5034 5072 5074 5036 5035 5073 5075 5037 5035 5073 5075 5037 2169 2188 2189 2170 1281 1300 137 136 5036 5074 2150 2148 5036 5074 2150 2148 5037 5075 2151 2149 5037 5075 2151 2149 2170 2189 441 440 135 13 211 1282 2104 413 2110 5038 2104 413 2110 5038 2105 414 2111 5039 2105 414 2111 5039 418 29 421 2171 1282 211 212 1283 5038 2110 2112 5040 5038 2110 2112 5040 5039 2111 2113 5041 5039 2111 2113 5041 2171 421 422 2172 1283 212 213 1284 5040 2112 2114 5042 5040 2112 2114 5042 5041 2113 2115 5043 5041 2113 2115 5043 2172 422 423 2173 1284 213 214 1285 5042 2114 2116 5044 5042 2114 2116 5044 5043 2115 2117 5045 5043 2115 2117 5045 2173 423 424 2174 1285 214 215 1286 5044 2116 2118 5046 5044 2116 2118 5046 5045 2117 2119 5047 5045 2117 2119 5047 2174 424 425 2175 1286 215 216 1287 5046 2118 2120 5048 5046 2118 2120 5048 5047 2119 2121 5049 5047 2119 2121 5049 2175 425 426 2176 1287 216 217 1288 5048 2120 2122 5050 5048 2120 2122 5050 5049 2121 2123 5051 5049 2121 2123 5051 2176 426 427 2177 1288 217 218 1289 5050 2122 2124 5052 5050 2122 2124 5052 5051 2123 2125 5053 5051 2123 2125 5053 2177 427 428 2178 1289 218 219 1290 5052 2124 2126 5054 5052 2124 2126 5054 5053 2125 2127 5055 5053 2125 2127 5055 2178 428 429 2179 1290 219 220 1291 5054 2126 2128 5056 5054 2126 2128 5056 5055 2127 2129 5057 5055 2127 2129 5057 2179 429 430 2180 1291 220 221 1292 5056 2128 2130 5058 5056 2128 2130 5058 5057 2129 2131 5059 5057 2129 2131 5059 2180 430 431 2181 1292 221 222 1293 5058 2130 2132 5060 5058 2130 2132 5060 5059 2131 2133 5061 5059 2131 2133 5061 2181 431 432 2182 1293 222 223 1294 5060 2132 2134 5062 5060 2132 2134 5062 5061 2133 2135 5063 5061 2133 2135 5063 2182 432 433 2183 1294 223 224 1295 5062 2134 2136 5064 5062 2134 2136 5064 5063 2135 2137 5065 5063 2135 2137 5065 2183 433 434 2184 1295 224 225 1296 5064 2136 2138 5066 5064 2136 2138 5066 5065 2137 2139 5067 5065 2137 2139 5067 2184 434 435 2185 1296 225 226 1297 5066 2138 2140 5068 5066 2138 2140 5068 5067 2139 2141 5069 5067 2139 2141 5069 2185 435 436 2186 1297 226 227 1298 5068 2140 2142 5070 5068 2140 2142 5070 5069 2141 2143 5071 5069 2141 2143 5071 2186 436 437 2187 1298 227 228 1299 5070 2142 2144 5072 5070 2142 2144 5072 5071 2143 2145 5073 5071 2143 2145 5073 2187 437 438 2188 1299 228 229 1300 5072 2144 2146 5074 5072 2144 2146 5074 5073 2145 2147 5075 5073 2145 2147 5075 2188 438 439 2189 1300 229 14 137 5074 2146 419 2150 5074 2146 419 2150 5075 2147 420 2151 5075 2147 420 2151 2189 439 30 441 10 136 1301 207 346 2148 5076 2014 346 2148 5076 2014 347 2149 5077 2015 347 2149 5077 2015 26 440 2198 388 207 1301 1302 208 2014 5076 5078 2016 2014 5076 5078 2016 2015 5077 5079 2017 2015 5077 5079 2017 388 2198 2199 389 208 1302 138 11 2016 5078 2194 386 2016 5078 2194 386 2017 5079 2195 387 2017 5079 2195 387 389 2199 446 27 136 137 1303 1301 2148 2150 5080 5076 2148 2150 5080 5076 2149 2151 5081 5077 2149 2151 5081 5077 440 441 2200 2198 1301 1303 1304 1302 5076 5080 5082 5078 5076 5080 5082 5078 5077 5081 5083 5079 5077 5081 5083 5079 2198 2200 2201 2199 1302 1304 139 138 5078 5082 2196 2194 5078 5082 2196 2194 5079 5083 2197 2195 5079 5083 2197 2195 2199 2201 447 446 137 14 230 1303 2150 419 2190 5080 2150 419 2190 5080 2151 420 2191 5081 2151 420 2191 5081 441 30 444 2200 1303 230 231 1304 5080 2190 2192 5082 5080 2190 2192 5082 5081 2191 2193 5083 5081 2191 2193 5083 2200 444 445 2201 1304 231 15 139 5082 2192 442 2196 5082 2192 442 2196 5083 2193 443 2197 5083 2193 443 2197 2201 445 31 447 16 236 1321 246 448 2202 5084 2256 448 2202 5084 2256 449 2203 5085 2257 449 2203 5085 2257 450 2204 5086 2258 450 2204 5086 2258 451 2205 5087 2259 451 2205 5087 2259 452 2206 5088 2260 452 2206 5088 2260 453 2207 5089 2261 453 2207 5089 2261 454 2208 5090 2262 454 2208 5090 2262 455 2209 5091 2263 455 2209 5091 2263 456 2210 5092 2264 456 2210 5092 2264 32 466 2274 490 246 1321 1322 247 2256 5084 5093 2265 2256 5084 5093 2265 2257 5085 5094 2266 2257 5085 5094 2266 2258 5086 5095 2267 2258 5086 5095 2267 2259 5087 5096 2268 2259 5087 5096 2268 2260 5088 5097 2269 2260 5088 5097 2269 2261 5089 5098 2270 2261 5089 5098 2270 2262 5090 5099 2271 2262 5090 5099 2271 2263 5091 5100 2272 2263 5091 5100 2272 2264 5092 5101 2273 2264 5092 5101 2273 490 2274 2275 491 247 1322 244 19 2265 5093 2238 479 2265 5093 2238 479 2266 5094 2239 480 2266 5094 2239 480 2267 5095 2240 481 2267 5095 2240 481 2268 5096 2241 482 2268 5096 2241 482 2269 5097 2242 483 2269 5097 2242 483 2270 5098 2243 484 2270 5098 2243 484 2271 5099 2244 485 2271 5099 2244 485 2272 5100 2245 486 2272 5100 2245 486 2273 5101 2246 487 2273 5101 2246 487 491 2275 488 35 236 237 1323 1321 2202 2211 5102 5084 2202 2211 5102 5084 2203 2212 5103 5085 2203 2212 5103 5085 2204 2213 5104 5086 2204 2213 5104 5086 2205 2214 5105 5087 2205 2214 5105 5087 2206 2215 5106 5088 2206 2215 5106 5088 2207 2216 5107 5089 2207 2216 5107 5089 2208 2217 5108 5090 2208 2217 5108 5090 2209 2218 5109 5091 2209 2218 5109 5091 2210 2219 5110 5092 2210 2219 5110 5092 466 467 2276 2274 1321 1323 1324 1322 5084 5102 5111 5093 5084 5102 5111 5093 5085 5103 5112 5094 5085 5103 5112 5094 5086 5104 5113 5095 5086 5104 5113 5095 5087 5105 5114 5096 5087 5105 5114 5096 5088 5106 5115 5097 5088 5106 5115 5097 5089 5107 5116 5098 5089 5107 5116 5098 5090 5108 5117 5099 5090 5108 5117 5099 5091 5109 5118 5100 5091 5109 5118 5100 5092 5110 5119 5101 5092 5110 5119 5101 2274 2276 2277 2275 1322 1324 245 244 5093 5111 2247 2238 5093 5111 2247 2238 5094 5112 2248 2239 5094 5112 2248 2239 5095 5113 2249 2240 5095 5113 2249 2240 5096 5114 2250 2241 5096 5114 2250 2241 5097 5115 2251 2242 5097 5115 2251 2242 5098 5116 2252 2243 5098 5116 2252 2243 5099 5117 2253 2244 5099 5117 2253 2244 5100 5118 2254 2245 5100 5118 2254 2245 5101 5119 2255 2246 5101 5119 2255 2246 2275 2277 489 488 237 17 240 1323 2211 457 2220 5102 2211 457 2220 5102 2212 458 2221 5103 2212 458 2221 5103 2213 459 2222 5104 2213 459 2222 5104 2214 460 2223 5105 2214 460 2223 5105 2215 461 2224 5106 2215 461 2224 5106 2216 462 2225 5107 2216 462 2225 5107 2217 463 2226 5108 2217 463 2226 5108 2218 464 2227 5109 2218 464 2227 5109 2219 465 2228 5110 2219 465 2228 5110 467 33 477 2276 1323 240 241 1324 5102 2220 2229 5111 5102 2220 2229 5111 5103 2221 2230 5112 5103 2221 2230 5112 5104 2222 2231 5113 5104 2222 2231 5113 5105 2223 2232 5114 5105 2223 2232 5114 5106 2224 2233 5115 5106 2224 2233 5115 5107 2225 2234 5116 5107 2225 2234 5116 5108 2226 2235 5117 5108 2226 2235 5117 5109 2227 2236 5118 5109 2227 2236 5118 5110 2228 2237 5119 5110 2228 2237 5119 2276 477 478 2277 1324 241 18 245 5111 2229 468 2247 5111 2229 468 2247 5112 2230 469 2248 5112 2230 469 2248 5113 2231 470 2249 5113 2231 470 2249 5114 2232 471 2250 5114 2232 471 2250 5115 2233 472 2251 5115 2233 472 2251 5116 2234 473 2252 5116 2234 473 2252 5117 2235 474 2253 5117 2235 474 2253 5118 2236 475 2254 5118 2236 475 2254 5119 2237 476 2255 5119 2237 476 2255 2277 478 34 489 19 244 1405 273 479 2238 5120 2467 479 2238 5120 2467 480 2239 5121 2468 480 2239 5121 2468 481 2240 5122 2469 481 2240 5122 2469 482 2241 5123 2470 482 2241 5123 2470 483 2242 5124 2471 483 2242 5124 2471 484 2243 5125 2472 484 2243 5125 2472 485 2244 5126 2473 485 2244 5126 2473 486 2245 5127 2474 486 2245 5127 2474 487 2246 5128 2475 487 2246 5128 2475 35 488 2638 531 273 1405 1406 274 2467 5120 5129 2476 2467 5120 5129 2476 2468 5121 5130 2477 2468 5121 5130 2477 2469 5122 5131 2478 2469 5122 5131 2478 2470 5123 5132 2479 2470 5123 5132 2479 2471 5124 5133 2480 2471 5124 5133 2480 2472 5125 5134 2481 2472 5125 5134 2481 2473 5126 5135 2482 2473 5126 5135 2482 2474 5127 5136 2483 2474 5127 5136 2483 2475 5128 5137 2484 2475 5128 5137 2484 531 2638 2639 532 274 1406 1407 275 2476 5129 5138 2485 2476 5129 5138 2485 2477 5130 5139 2486 2477 5130 5139 2486 2478 5131 5140 2487 2478 5131 5140 2487 2479 5132 5141 2488 2479 5132 5141 2488 2480 5133 5142 2489 2480 5133 5142 2489 2481 5134 5143 2490 2481 5134 5143 2490 2482 5135 5144 2491 2482 5135 5144 2491 2483 5136 5145 2492 2483 5136 5145 2492 2484 5137 5146 2493 2484 5137 5146 2493 532 2639 2640 533 275 1407 1408 276 2485 5138 5147 2494 2485 5138 5147 2494 2486 5139 5148 2495 2486 5139 5148 2495 2487 5140 5149 2496 2487 5140 5149 2496 2488 5141 5150 2497 2488 5141 5150 2497 2489 5142 5151 2498 2489 5142 5151 2498 2490 5143 5152 2499 2490 5143 5152 2499 2491 5144 5153 2500 2491 5144 5153 2500 2492 5145 5154 2501 2492 5145 5154 2501 2493 5146 5155 2502 2493 5146 5155 2502 533 2640 2641 534 276 1408 1409 277 2494 5147 5156 2503 2494 5147 5156 2503 2495 5148 5157 2504 2495 5148 5157 2504 2496 5149 5158 2505 2496 5149 5158 2505 2497 5150 5159 2506 2497 5150 5159 2506 2498 5151 5160 2507 2498 5151 5160 2507 2499 5152 5161 2508 2499 5152 5161 2508 2500 5153 5162 2509 2500 5153 5162 2509 2501 5154 5163 2510 2501 5154 5163 2510 2502 5155 5164 2511 2502 5155 5164 2511 534 2641 2642 535 277 1409 1410 278 2503 5156 5165 2512 2503 5156 5165 2512 2504 5157 5166 2513 2504 5157 5166 2513 2505 5158 5167 2514 2505 5158 5167 2514 2506 5159 5168 2515 2506 5159 5168 2515 2507 5160 5169 2516 2507 5160 5169 2516 2508 5161 5170 2517 2508 5161 5170 2517 2509 5162 5171 2518 2509 5162 5171 2518 2510 5163 5172 2519 2510 5163 5172 2519 2511 5164 5173 2520 2511 5164 5173 2520 535 2642 2643 536 278 1410 1411 279 2512 5165 5174 2521 2512 5165 5174 2521 2513 5166 5175 2522 2513 5166 5175 2522 2514 5167 5176 2523 2514 5167 5176 2523 2515 5168 5177 2524 2515 5168 5177 2524 2516 5169 5178 2525 2516 5169 5178 2525 2517 5170 5179 2526 2517 5170 5179 2526 2518 5171 5180 2527 2518 5171 5180 2527 2519 5172 5181 2528 2519 5172 5181 2528 2520 5173 5182 2529 2520 5173 5182 2529 536 2643 2644 537 279 1411 1412 280 2521 5174 5183 2530 2521 5174 5183 2530 2522 5175 5184 2531 2522 5175 5184 2531 2523 5176 5185 2532 2523 5176 5185 2532 2524 5177 5186 2533 2524 5177 5186 2533 2525 5178 5187 2534 2525 5178 5187 2534 2526 5179 5188 2535 2526 5179 5188 2535 2527 5180 5189 2536 2527 5180 5189 2536 2528 5181 5190 2537 2528 5181 5190 2537 2529 5182 5191 2538 2529 5182 5191 2538 537 2644 2645 538 280 1412 1413 281 2530 5183 5192 2539 2530 5183 5192 2539 2531 5184 5193 2540 2531 5184 5193 2540 2532 5185 5194 2541 2532 5185 5194 2541 2533 5186 5195 2542 2533 5186 5195 2542 2534 5187 5196 2543 2534 5187 5196 2543 2535 5188 5197 2544 2535 5188 5197 2544 2536 5189 5198 2545 2536 5189 5198 2545 2537 5190 5199 2546 2537 5190 5199 2546 2538 5191 5200 2547 2538 5191 5200 2547 538 2645 2646 539 281 1413 1414 282 2539 5192 5201 2548 2539 5192 5201 2548 2540 5193 5202 2549 2540 5193 5202 2549 2541 5194 5203 2550 2541 5194 5203 2550 2542 5195 5204 2551 2542 5195 5204 2551 2543 5196 5205 2552 2543 5196 5205 2552 2544 5197 5206 2553 2544 5197 5206 2553 2545 5198 5207 2554 2545 5198 5207 2554 2546 5199 5208 2555 2546 5199 5208 2555 2547 5200 5209 2556 2547 5200 5209 2556 539 2646 2647 540 282 1414 1415 283 2548 5201 5210 2557 2548 5201 5210 2557 2549 5202 5211 2558 2549 5202 5211 2558 2550 5203 5212 2559 2550 5203 5212 2559 2551 5204 5213 2560 2551 5204 5213 2560 2552 5205 5214 2561 2552 5205 5214 2561 2553 5206 5215 2562 2553 5206 5215 2562 2554 5207 5216 2563 2554 5207 5216 2563 2555 5208 5217 2564 2555 5208 5217 2564 2556 5209 5218 2565 2556 5209 5218 2565 540 2647 2648 541 283 1415 1416 284 2557 5210 5219 2566 2557 5210 5219 2566 2558 5211 5220 2567 2558 5211 5220 2567 2559 5212 5221 2568 2559 5212 5221 2568 2560 5213 5222 2569 2560 5213 5222 2569 2561 5214 5223 2570 2561 5214 5223 2570 2562 5215 5224 2571 2562 5215 5224 2571 2563 5216 5225 2572 2563 5216 5225 2572 2564 5217 5226 2573 2564 5217 5226 2573 2565 5218 5227 2574 2565 5218 5227 2574 541 2648 2649 542 284 1416 1417 285 2566 5219 5228 2575 2566 5219 5228 2575 2567 5220 5229 2576 2567 5220 5229 2576 2568 5221 5230 2577 2568 5221 5230 2577 2569 5222 5231 2578 2569 5222 5231 2578 2570 5223 5232 2579 2570 5223 5232 2579 2571 5224 5233 2580 2571 5224 5233 2580 2572 5225 5234 2581 2572 5225 5234 2581 2573 5226 5235 2582 2573 5226 5235 2582 2574 5227 5236 2583 2574 5227 5236 2583 542 2649 2650 543 285 1417 1418 286 2575 5228 5237 2584 2575 5228 5237 2584 2576 5229 5238 2585 2576 5229 5238 2585 2577 5230 5239 2586 2577 5230 5239 2586 2578 5231 5240 2587 2578 5231 5240 2587 2579 5232 5241 2588 2579 5232 5241 2588 2580 5233 5242 2589 2580 5233 5242 2589 2581 5234 5243 2590 2581 5234 5243 2590 2582 5235 5244 2591 2582 5235 5244 2591 2583 5236 5245 2592 2583 5236 5245 2592 543 2650 2651 544 286 1418 1419 287 2584 5237 5246 2593 2584 5237 5246 2593 2585 5238 5247 2594 2585 5238 5247 2594 2586 5239 5248 2595 2586 5239 5248 2595 2587 5240 5249 2596 2587 5240 5249 2596 2588 5241 5250 2597 2588 5241 5250 2597 2589 5242 5251 2598 2589 5242 5251 2598 2590 5243 5252 2599 2590 5243 5252 2599 2591 5244 5253 2600 2591 5244 5253 2600 2592 5245 5254 2601 2592 5245 5254 2601 544 2651 2652 545 287 1419 1420 288 2593 5246 5255 2602 2593 5246 5255 2602 2594 5247 5256 2603 2594 5247 5256 2603 2595 5248 5257 2604 2595 5248 5257 2604 2596 5249 5258 2605 2596 5249 5258 2605 2597 5250 5259 2606 2597 5250 5259 2606 2598 5251 5260 2607 2598 5251 5260 2607 2599 5252 5261 2608 2599 5252 5261 2608 2600 5253 5262 2609 2600 5253 5262 2609 2601 5254 5263 2610 2601 5254 5263 2610 545 2652 2653 546 288 1420 1421 289 2602 5255 5264 2611 2602 5255 5264 2611 2603 5256 5265 2612 2603 5256 5265 2612 2604 5257 5266 2613 2604 5257 5266 2613 2605 5258 5267 2614 2605 5258 5267 2614 2606 5259 5268 2615 2606 5259 5268 2615 2607 5260 5269 2616 2607 5260 5269 2616 2608 5261 5270 2617 2608 5261 5270 2617 2609 5262 5271 2618 2609 5262 5271 2618 2610 5263 5272 2619 2610 5263 5272 2619 546 2653 2654 547 289 1421 1422 290 2611 5264 5273 2620 2611 5264 5273 2620 2612 5265 5274 2621 2612 5265 5274 2621 2613 5266 5275 2622 2613 5266 5275 2622 2614 5267 5276 2623 2614 5267 5276 2623 2615 5268 5277 2624 2615 5268 5277 2624 2616 5269 5278 2625 2616 5269 5278 2625 2617 5270 5279 2626 2617 5270 5279 2626 2618 5271 5280 2627 2618 5271 5280 2627 2619 5272 5281 2628 2619 5272 5281 2628 547 2654 2655 548 290 1422 1423 291 2620 5273 5282 2629 2620 5273 5282 2629 2621 5274 5283 2630 2621 5274 5283 2630 2622 5275 5284 2631 2622 5275 5284 2631 2623 5276 5285 2632 2623 5276 5285 2632 2624 5277 5286 2633 2624 5277 5286 2633 2625 5278 5287 2634 2625 5278 5287 2634 2626 5279 5288 2635 2626 5279 5288 2635 2627 5280 5289 2636 2627 5280 5289 2636 2628 5281 5290 2637 2628 5281 5290 2637 548 2655 2656 549 291 1423 271 21 2629 5282 2449 520 2629 5282 2449 520 2630 5283 2450 521 2630 5283 2450 521 2631 5284 2451 522 2631 5284 2451 522 2632 5285 2452 523 2632 5285 2452 523 2633 5286 2453 524 2633 5286 2453 524 2634 5287 2454 525 2634 5287 2454 525 2635 5288 2455 526 2635 5288 2455 526 2636 5289 2456 527 2636 5289 2456 527 2637 5290 2457 528 2637 5290 2457 528 549 2656 529 37 244 245 1424 1405 2238 2247 5291 5120 2238 2247 5291 5120 2239 2248 5292 5121 2239 2248 5292 5121 2240 2249 5293 5122 2240 2249 5293 5122 2241 2250 5294 5123 2241 2250 5294 5123 2242 2251 5295 5124 2242 2251 5295 5124 2243 2252 5296 5125 2243 2252 5296 5125 2244 2253 5297 5126 2244 2253 5297 5126 2245 2254 5298 5127 2245 2254 5298 5127 2246 2255 5299 5128 2246 2255 5299 5128 488 489 2657 2638 1405 1424 1425 1406 5120 5291 5300 5129 5120 5291 5300 5129 5121 5292 5301 5130 5121 5292 5301 5130 5122 5293 5302 5131 5122 5293 5302 5131 5123 5294 5303 5132 5123 5294 5303 5132 5124 5295 5304 5133 5124 5295 5304 5133 5125 5296 5305 5134 5125 5296 5305 5134 5126 5297 5306 5135 5126 5297 5306 5135 5127 5298 5307 5136 5127 5298 5307 5136 5128 5299 5308 5137 5128 5299 5308 5137 2638 2657 2658 2639 1406 1425 1426 1407 5129 5300 5309 5138 5129 5300 5309 5138 5130 5301 5310 5139 5130 5301 5310 5139 5131 5302 5311 5140 5131 5302 5311 5140 5132 5303 5312 5141 5132 5303 5312 5141 5133 5304 5313 5142 5133 5304 5313 5142 5134 5305 5314 5143 5134 5305 5314 5143 5135 5306 5315 5144 5135 5306 5315 5144 5136 5307 5316 5145 5136 5307 5316 5145 5137 5308 5317 5146 5137 5308 5317 5146 2639 2658 2659 2640 1407 1426 1427 1408 5138 5309 5318 5147 5138 5309 5318 5147 5139 5310 5319 5148 5139 5310 5319 5148 5140 5311 5320 5149 5140 5311 5320 5149 5141 5312 5321 5150 5141 5312 5321 5150 5142 5313 5322 5151 5142 5313 5322 5151 5143 5314 5323 5152 5143 5314 5323 5152 5144 5315 5324 5153 5144 5315 5324 5153 5145 5316 5325 5154 5145 5316 5325 5154 5146 5317 5326 5155 5146 5317 5326 5155 2640 2659 2660 2641 1408 1427 1428 1409 5147 5318 5327 5156 5147 5318 5327 5156 5148 5319 5328 5157 5148 5319 5328 5157 5149 5320 5329 5158 5149 5320 5329 5158 5150 5321 5330 5159 5150 5321 5330 5159 5151 5322 5331 5160 5151 5322 5331 5160 5152 5323 5332 5161 5152 5323 5332 5161 5153 5324 5333 5162 5153 5324 5333 5162 5154 5325 5334 5163 5154 5325 5334 5163 5155 5326 5335 5164 5155 5326 5335 5164 2641 2660 2661 2642 1409 1428 1429 1410 5156 5327 5336 5165 5156 5327 5336 5165 5157 5328 5337 5166 5157 5328 5337 5166 5158 5329 5338 5167 5158 5329 5338 5167 5159 5330 5339 5168 5159 5330 5339 5168 5160 5331 5340 5169 5160 5331 5340 5169 5161 5332 5341 5170 5161 5332 5341 5170 5162 5333 5342 5171 5162 5333 5342 5171 5163 5334 5343 5172 5163 5334 5343 5172 5164 5335 5344 5173 5164 5335 5344 5173 2642 2661 2662 2643 1410 1429 1430 1411 5165 5336 5345 5174 5165 5336 5345 5174 5166 5337 5346 5175 5166 5337 5346 5175 5167 5338 5347 5176 5167 5338 5347 5176 5168 5339 5348 5177 5168 5339 5348 5177 5169 5340 5349 5178 5169 5340 5349 5178 5170 5341 5350 5179 5170 5341 5350 5179 5171 5342 5351 5180 5171 5342 5351 5180 5172 5343 5352 5181 5172 5343 5352 5181 5173 5344 5353 5182 5173 5344 5353 5182 2643 2662 2663 2644 1411 1430 1431 1412 5174 5345 5354 5183 5174 5345 5354 5183 5175 5346 5355 5184 5175 5346 5355 5184 5176 5347 5356 5185 5176 5347 5356 5185 5177 5348 5357 5186 5177 5348 5357 5186 5178 5349 5358 5187 5178 5349 5358 5187 5179 5350 5359 5188 5179 5350 5359 5188 5180 5351 5360 5189 5180 5351 5360 5189 5181 5352 5361 5190 5181 5352 5361 5190 5182 5353 5362 5191 5182 5353 5362 5191 2644 2663 2664 2645 1412 1431 1432 1413 5183 5354 5363 5192 5183 5354 5363 5192 5184 5355 5364 5193 5184 5355 5364 5193 5185 5356 5365 5194 5185 5356 5365 5194 5186 5357 5366 5195 5186 5357 5366 5195 5187 5358 5367 5196 5187 5358 5367 5196 5188 5359 5368 5197 5188 5359 5368 5197 5189 5360 5369 5198 5189 5360 5369 5198 5190 5361 5370 5199 5190 5361 5370 5199 5191 5362 5371 5200 5191 5362 5371 5200 2645 2664 2665 2646 1413 1432 1433 1414 5192 5363 5372 5201 5192 5363 5372 5201 5193 5364 5373 5202 5193 5364 5373 5202 5194 5365 5374 5203 5194 5365 5374 5203 5195 5366 5375 5204 5195 5366 5375 5204 5196 5367 5376 5205 5196 5367 5376 5205 5197 5368 5377 5206 5197 5368 5377 5206 5198 5369 5378 5207 5198 5369 5378 5207 5199 5370 5379 5208 5199 5370 5379 5208 5200 5371 5380 5209 5200 5371 5380 5209 2646 2665 2666 2647 1414 1433 1434 1415 5201 5372 5381 5210 5201 5372 5381 5210 5202 5373 5382 5211 5202 5373 5382 5211 5203 5374 5383 5212 5203 5374 5383 5212 5204 5375 5384 5213 5204 5375 5384 5213 5205 5376 5385 5214 5205 5376 5385 5214 5206 5377 5386 5215 5206 5377 5386 5215 5207 5378 5387 5216 5207 5378 5387 5216 5208 5379 5388 5217 5208 5379 5388 5217 5209 5380 5389 5218 5209 5380 5389 5218 2647 2666 2667 2648 1415 1434 1435 1416 5210 5381 5390 5219 5210 5381 5390 5219 5211 5382 5391 5220 5211 5382 5391 5220 5212 5383 5392 5221 5212 5383 5392 5221 5213 5384 5393 5222 5213 5384 5393 5222 5214 5385 5394 5223 5214 5385 5394 5223 5215 5386 5395 5224 5215 5386 5395 5224 5216 5387 5396 5225 5216 5387 5396 5225 5217 5388 5397 5226 5217 5388 5397 5226 5218 5389 5398 5227 5218 5389 5398 5227 2648 2667 2668 2649 1416 1435 1436 1417 5219 5390 5399 5228 5219 5390 5399 5228 5220 5391 5400 5229 5220 5391 5400 5229 5221 5392 5401 5230 5221 5392 5401 5230 5222 5393 5402 5231 5222 5393 5402 5231 5223 5394 5403 5232 5223 5394 5403 5232 5224 5395 5404 5233 5224 5395 5404 5233 5225 5396 5405 5234 5225 5396 5405 5234 5226 5397 5406 5235 5226 5397 5406 5235 5227 5398 5407 5236 5227 5398 5407 5236 2649 2668 2669 2650 1417 1436 1437 1418 5228 5399 5408 5237 5228 5399 5408 5237 5229 5400 5409 5238 5229 5400 5409 5238 5230 5401 5410 5239 5230 5401 5410 5239 5231 5402 5411 5240 5231 5402 5411 5240 5232 5403 5412 5241 5232 5403 5412 5241 5233 5404 5413 5242 5233 5404 5413 5242 5234 5405 5414 5243 5234 5405 5414 5243 5235 5406 5415 5244 5235 5406 5415 5244 5236 5407 5416 5245 5236 5407 5416 5245 2650 2669 2670 2651 1418 1437 1438 1419 5237 5408 5417 5246 5237 5408 5417 5246 5238 5409 5418 5247 5238 5409 5418 5247 5239 5410 5419 5248 5239 5410 5419 5248 5240 5411 5420 5249 5240 5411 5420 5249 5241 5412 5421 5250 5241 5412 5421 5250 5242 5413 5422 5251 5242 5413 5422 5251 5243 5414 5423 5252 5243 5414 5423 5252 5244 5415 5424 5253 5244 5415 5424 5253 5245 5416 5425 5254 5245 5416 5425 5254 2651 2670 2671 2652 1419 1438 1439 1420 5246 5417 5426 5255 5246 5417 5426 5255 5247 5418 5427 5256 5247 5418 5427 5256 5248 5419 5428 5257 5248 5419 5428 5257 5249 5420 5429 5258 5249 5420 5429 5258 5250 5421 5430 5259 5250 5421 5430 5259 5251 5422 5431 5260 5251 5422 5431 5260 5252 5423 5432 5261 5252 5423 5432 5261 5253 5424 5433 5262 5253 5424 5433 5262 5254 5425 5434 5263 5254 5425 5434 5263 2652 2671 2672 2653 1420 1439 1440 1421 5255 5426 5435 5264 5255 5426 5435 5264 5256 5427 5436 5265 5256 5427 5436 5265 5257 5428 5437 5266 5257 5428 5437 5266 5258 5429 5438 5267 5258 5429 5438 5267 5259 5430 5439 5268 5259 5430 5439 5268 5260 5431 5440 5269 5260 5431 5440 5269 5261 5432 5441 5270 5261 5432 5441 5270 5262 5433 5442 5271 5262 5433 5442 5271 5263 5434 5443 5272 5263 5434 5443 5272 2653 2672 2673 2654 1421 1440 1441 1422 5264 5435 5444 5273 5264 5435 5444 5273 5265 5436 5445 5274 5265 5436 5445 5274 5266 5437 5446 5275 5266 5437 5446 5275 5267 5438 5447 5276 5267 5438 5447 5276 5268 5439 5448 5277 5268 5439 5448 5277 5269 5440 5449 5278 5269 5440 5449 5278 5270 5441 5450 5279 5270 5441 5450 5279 5271 5442 5451 5280 5271 5442 5451 5280 5272 5443 5452 5281 5272 5443 5452 5281 2654 2673 2674 2655 1422 1441 1442 1423 5273 5444 5453 5282 5273 5444 5453 5282 5274 5445 5454 5283 5274 5445 5454 5283 5275 5446 5455 5284 5275 5446 5455 5284 5276 5447 5456 5285 5276 5447 5456 5285 5277 5448 5457 5286 5277 5448 5457 5286 5278 5449 5458 5287 5278 5449 5458 5287 5279 5450 5459 5288 5279 5450 5459 5288 5280 5451 5460 5289 5280 5451 5460 5289 5281 5452 5461 5290 5281 5452 5461 5290 2655 2674 2675 2656 1423 1442 272 271 5282 5453 2458 2449 5282 5453 2458 2449 5283 5454 2459 2450 5283 5454 2459 2450 5284 5455 2460 2451 5284 5455 2460 2451 5285 5456 2461 2452 5285 5456 2461 2452 5286 5457 2462 2453 5286 5457 2462 2453 5287 5458 2463 2454 5287 5458 2463 2454 5288 5459 2464 2455 5288 5459 2464 2455 5289 5460 2465 2456 5289 5460 2465 2456 5290 5461 2466 2457 5290 5461 2466 2457 2656 2675 530 529 245 18 250 1424 2247 468 2278 5291 2247 468 2278 5291 2248 469 2279 5292 2248 469 2279 5292 2249 470 2280 5293 2249 470 2280 5293 2250 471 2281 5294 2250 471 2281 5294 2251 472 2282 5295 2251 472 2282 5295 2252 473 2283 5296 2252 473 2283 5296 2253 474 2284 5297 2253 474 2284 5297 2254 475 2285 5298 2254 475 2285 5298 2255 476 2286 5299 2255 476 2286 5299 489 34 501 2657 1424 250 251 1425 5291 2278 2287 5300 5291 2278 2287 5300 5292 2279 2288 5301 5292 2279 2288 5301 5293 2280 2289 5302 5293 2280 2289 5302 5294 2281 2290 5303 5294 2281 2290 5303 5295 2282 2291 5304 5295 2282 2291 5304 5296 2283 2292 5305 5296 2283 2292 5305 5297 2284 2293 5306 5297 2284 2293 5306 5298 2285 2294 5307 5298 2285 2294 5307 5299 2286 2295 5308 5299 2286 2295 5308 2657 501 502 2658 1425 251 252 1426 5300 2287 2296 5309 5300 2287 2296 5309 5301 2288 2297 5310 5301 2288 2297 5310 5302 2289 2298 5311 5302 2289 2298 5311 5303 2290 2299 5312 5303 2290 2299 5312 5304 2291 2300 5313 5304 2291 2300 5313 5305 2292 2301 5314 5305 2292 2301 5314 5306 2293 2302 5315 5306 2293 2302 5315 5307 2294 2303 5316 5307 2294 2303 5316 5308 2295 2304 5317 5308 2295 2304 5317 2658 502 503 2659 1426 252 253 1427 5309 2296 2305 5318 5309 2296 2305 5318 5310 2297 2306 5319 5310 2297 2306 5319 5311 2298 2307 5320 5311 2298 2307 5320 5312 2299 2308 5321 5312 2299 2308 5321 5313 2300 2309 5322 5313 2300 2309 5322 5314 2301 2310 5323 5314 2301 2310 5323 5315 2302 2311 5324 5315 2302 2311 5324 5316 2303 2312 5325 5316 2303 2312 5325 5317 2304 2313 5326 5317 2304 2313 5326 2659 503 504 2660 1427 253 254 1428 5318 2305 2314 5327 5318 2305 2314 5327 5319 2306 2315 5328 5319 2306 2315 5328 5320 2307 2316 5329 5320 2307 2316 5329 5321 2308 2317 5330 5321 2308 2317 5330 5322 2309 2318 5331 5322 2309 2318 5331 5323 2310 2319 5332 5323 2310 2319 5332 5324 2311 2320 5333 5324 2311 2320 5333 5325 2312 2321 5334 5325 2312 2321 5334 5326 2313 2322 5335 5326 2313 2322 5335 2660 504 505 2661 1428 254 255 1429 5327 2314 2323 5336 5327 2314 2323 5336 5328 2315 2324 5337 5328 2315 2324 5337 5329 2316 2325 5338 5329 2316 2325 5338 5330 2317 2326 5339 5330 2317 2326 5339 5331 2318 2327 5340 5331 2318 2327 5340 5332 2319 2328 5341 5332 2319 2328 5341 5333 2320 2329 5342 5333 2320 2329 5342 5334 2321 2330 5343 5334 2321 2330 5343 5335 2322 2331 5344 5335 2322 2331 5344 2661 505 506 2662 1429 255 256 1430 5336 2323 2332 5345 5336 2323 2332 5345 5337 2324 2333 5346 5337 2324 2333 5346 5338 2325 2334 5347 5338 2325 2334 5347 5339 2326 2335 5348 5339 2326 2335 5348 5340 2327 2336 5349 5340 2327 2336 5349 5341 2328 2337 5350 5341 2328 2337 5350 5342 2329 2338 5351 5342 2329 2338 5351 5343 2330 2339 5352 5343 2330 2339 5352 5344 2331 2340 5353 5344 2331 2340 5353 2662 506 507 2663 1430 256 257 1431 5345 2332 2341 5354 5345 2332 2341 5354 5346 2333 2342 5355 5346 2333 2342 5355 5347 2334 2343 5356 5347 2334 2343 5356 5348 2335 2344 5357 5348 2335 2344 5357 5349 2336 2345 5358 5349 2336 2345 5358 5350 2337 2346 5359 5350 2337 2346 5359 5351 2338 2347 5360 5351 2338 2347 5360 5352 2339 2348 5361 5352 2339 2348 5361 5353 2340 2349 5362 5353 2340 2349 5362 2663 507 508 2664 1431 257 258 1432 5354 2341 2350 5363 5354 2341 2350 5363 5355 2342 2351 5364 5355 2342 2351 5364 5356 2343 2352 5365 5356 2343 2352 5365 5357 2344 2353 5366 5357 2344 2353 5366 5358 2345 2354 5367 5358 2345 2354 5367 5359 2346 2355 5368 5359 2346 2355 5368 5360 2347 2356 5369 5360 2347 2356 5369 5361 2348 2357 5370 5361 2348 2357 5370 5362 2349 2358 5371 5362 2349 2358 5371 2664 508 509 2665 1432 258 259 1433 5363 2350 2359 5372 5363 2350 2359 5372 5364 2351 2360 5373 5364 2351 2360 5373 5365 2352 2361 5374 5365 2352 2361 5374 5366 2353 2362 5375 5366 2353 2362 5375 5367 2354 2363 5376 5367 2354 2363 5376 5368 2355 2364 5377 5368 2355 2364 5377 5369 2356 2365 5378 5369 2356 2365 5378 5370 2357 2366 5379 5370 2357 2366 5379 5371 2358 2367 5380 5371 2358 2367 5380 2665 509 510 2666 1433 259 260 1434 5372 2359 2368 5381 5372 2359 2368 5381 5373 2360 2369 5382 5373 2360 2369 5382 5374 2361 2370 5383 5374 2361 2370 5383 5375 2362 2371 5384 5375 2362 2371 5384 5376 2363 2372 5385 5376 2363 2372 5385 5377 2364 2373 5386 5377 2364 2373 5386 5378 2365 2374 5387 5378 2365 2374 5387 5379 2366 2375 5388 5379 2366 2375 5388 5380 2367 2376 5389 5380 2367 2376 5389 2666 510 511 2667 1434 260 261 1435 5381 2368 2377 5390 5381 2368 2377 5390 5382 2369 2378 5391 5382 2369 2378 5391 5383 2370 2379 5392 5383 2370 2379 5392 5384 2371 2380 5393 5384 2371 2380 5393 5385 2372 2381 5394 5385 2372 2381 5394 5386 2373 2382 5395 5386 2373 2382 5395 5387 2374 2383 5396 5387 2374 2383 5396 5388 2375 2384 5397 5388 2375 2384 5397 5389 2376 2385 5398 5389 2376 2385 5398 2667 511 512 2668 1435 261 262 1436 5390 2377 2386 5399 5390 2377 2386 5399 5391 2378 2387 5400 5391 2378 2387 5400 5392 2379 2388 5401 5392 2379 2388 5401 5393 2380 2389 5402 5393 2380 2389 5402 5394 2381 2390 5403 5394 2381 2390 5403 5395 2382 2391 5404 5395 2382 2391 5404 5396 2383 2392 5405 5396 2383 2392 5405 5397 2384 2393 5406 5397 2384 2393 5406 5398 2385 2394 5407 5398 2385 2394 5407 2668 512 513 2669 1436 262 263 1437 5399 2386 2395 5408 5399 2386 2395 5408 5400 2387 2396 5409 5400 2387 2396 5409 5401 2388 2397 5410 5401 2388 2397 5410 5402 2389 2398 5411 5402 2389 2398 5411 5403 2390 2399 5412 5403 2390 2399 5412 5404 2391 2400 5413 5404 2391 2400 5413 5405 2392 2401 5414 5405 2392 2401 5414 5406 2393 2402 5415 5406 2393 2402 5415 5407 2394 2403 5416 5407 2394 2403 5416 2669 513 514 2670 1437 263 264 1438 5408 2395 2404 5417 5408 2395 2404 5417 5409 2396 2405 5418 5409 2396 2405 5418 5410 2397 2406 5419 5410 2397 2406 5419 5411 2398 2407 5420 5411 2398 2407 5420 5412 2399 2408 5421 5412 2399 2408 5421 5413 2400 2409 5422 5413 2400 2409 5422 5414 2401 2410 5423 5414 2401 2410 5423 5415 2402 2411 5424 5415 2402 2411 5424 5416 2403 2412 5425 5416 2403 2412 5425 2670 514 515 2671 1438 264 265 1439 5417 2404 2413 5426 5417 2404 2413 5426 5418 2405 2414 5427 5418 2405 2414 5427 5419 2406 2415 5428 5419 2406 2415 5428 5420 2407 2416 5429 5420 2407 2416 5429 5421 2408 2417 5430 5421 2408 2417 5430 5422 2409 2418 5431 5422 2409 2418 5431 5423 2410 2419 5432 5423 2410 2419 5432 5424 2411 2420 5433 5424 2411 2420 5433 5425 2412 2421 5434 5425 2412 2421 5434 2671 515 516 2672 1439 265 266 1440 5426 2413 2422 5435 5426 2413 2422 5435 5427 2414 2423 5436 5427 2414 2423 5436 5428 2415 2424 5437 5428 2415 2424 5437 5429 2416 2425 5438 5429 2416 2425 5438 5430 2417 2426 5439 5430 2417 2426 5439 5431 2418 2427 5440 5431 2418 2427 5440 5432 2419 2428 5441 5432 2419 2428 5441 5433 2420 2429 5442 5433 2420 2429 5442 5434 2421 2430 5443 5434 2421 2430 5443 2672 516 517 2673 1440 266 267 1441 5435 2422 2431 5444 5435 2422 2431 5444 5436 2423 2432 5445 5436 2423 2432 5445 5437 2424 2433 5446 5437 2424 2433 5446 5438 2425 2434 5447 5438 2425 2434 5447 5439 2426 2435 5448 5439 2426 2435 5448 5440 2427 2436 5449 5440 2427 2436 5449 5441 2428 2437 5450 5441 2428 2437 5450 5442 2429 2438 5451 5442 2429 2438 5451 5443 2430 2439 5452 5443 2430 2439 5452 2673 517 518 2674 1441 267 268 1442 5444 2431 2440 5453 5444 2431 2440 5453 5445 2432 2441 5454 5445 2432 2441 5454 5446 2433 2442 5455 5446 2433 2442 5455 5447 2434 2443 5456 5447 2434 2443 5456 5448 2435 2444 5457 5448 2435 2444 5457 5449 2436 2445 5458 5449 2436 2445 5458 5450 2437 2446 5459 5450 2437 2446 5459 5451 2438 2447 5460 5451 2438 2447 5460 5452 2439 2448 5461 5452 2439 2448 5461 2674 518 519 2675 1442 268 20 272 5453 2440 492 2458 5453 2440 492 2458 5454 2441 493 2459 5454 2441 493 2459 5455 2442 494 2460 5455 2442 494 2460 5456 2443 495 2461 5456 2443 495 2461 5457 2444 496 2462 5457 2444 496 2462 5458 2445 497 2463 5458 2445 497 2463 5459 2446 498 2464 5459 2446 498 2464 5460 2447 499 2465 5460 2447 499 2465 5461 2448 500 2466 5461 2448 500 2466 2675 519 36 530 21 271 1455 300 520 2449 5462 2712 520 2449 5462 2712 521 2450 5463 2713 521 2450 5463 2713 522 2451 5464 2714 522 2451 5464 2714 523 2452 5465 2715 523 2452 5465 2715 524 2453 5466 2716 524 2453 5466 2716 525 2454 5467 2717 525 2454 5467 2717 526 2455 5468 2718 526 2455 5468 2718 527 2456 5469 2719 527 2456 5469 2719 528 2457 5470 2720 528 2457 5470 2720 37 529 2730 572 300 1455 1456 301 2712 5462 5471 2721 2712 5462 5471 2721 2713 5463 5472 2722 2713 5463 5472 2722 2714 5464 5473 2723 2714 5464 5473 2723 2715 5465 5474 2724 2715 5465 5474 2724 2716 5466 5475 2725 2716 5466 5475 2725 2717 5467 5476 2726 2717 5467 5476 2726 2718 5468 5477 2727 2718 5468 5477 2727 2719 5469 5478 2728 2719 5469 5478 2728 2720 5470 5479 2729 2720 5470 5479 2729 572 2730 2731 573 301 1456 298 23 2721 5471 2694 561 2721 5471 2694 561 2722 5472 2695 562 2722 5472 2695 562 2723 5473 2696 563 2723 5473 2696 563 2724 5474 2697 564 2724 5474 2697 564 2725 5475 2698 565 2725 5475 2698 565 2726 5476 2699 566 2726 5476 2699 566 2727 5477 2700 567 2727 5477 2700 567 2728 5478 2701 568 2728 5478 2701 568 2729 5479 2702 569 2729 5479 2702 569 573 2731 570 39 271 272 1457 1455 2449 2458 5480 5462 2449 2458 5480 5462 2450 2459 5481 5463 2450 2459 5481 5463 2451 2460 5482 5464 2451 2460 5482 5464 2452 2461 5483 5465 2452 2461 5483 5465 2453 2462 5484 5466 2453 2462 5484 5466 2454 2463 5485 5467 2454 2463 5485 5467 2455 2464 5486 5468 2455 2464 5486 5468 2456 2465 5487 5469 2456 2465 5487 5469 2457 2466 5488 5470 2457 2466 5488 5470 529 530 2732 2730 1455 1457 1458 1456 5462 5480 5489 5471 5462 5480 5489 5471 5463 5481 5490 5472 5463 5481 5490 5472 5464 5482 5491 5473 5464 5482 5491 5473 5465 5483 5492 5474 5465 5483 5492 5474 5466 5484 5493 5475 5466 5484 5493 5475 5467 5485 5494 5476 5467 5485 5494 5476 5468 5486 5495 5477 5468 5486 5495 5477 5469 5487 5496 5478 5469 5487 5496 5478 5470 5488 5497 5479 5470 5488 5497 5479 2730 2732 2733 2731 1456 1458 299 298 5471 5489 2703 2694 5471 5489 2703 2694 5472 5490 2704 2695 5472 5490 2704 2695 5473 5491 2705 2696 5473 5491 2705 2696 5474 5492 2706 2697 5474 5492 2706 2697 5475 5493 2707 2698 5475 5493 2707 2698 5476 5494 2708 2699 5476 5494 2708 2699 5477 5495 2709 2700 5477 5495 2709 2700 5478 5496 2710 2701 5478 5496 2710 2701 5479 5497 2711 2702 5479 5497 2711 2702 2731 2733 571 570 272 20 294 1457 2458 492 2676 5480 2458 492 2676 5480 2459 493 2677 5481 2459 493 2677 5481 2460 494 2678 5482 2460 494 2678 5482 2461 495 2679 5483 2461 495 2679 5483 2462 496 2680 5484 2462 496 2680 5484 2463 497 2681 5485 2463 497 2681 5485 2464 498 2682 5486 2464 498 2682 5486 2465 499 2683 5487 2465 499 2683 5487 2466 500 2684 5488 2466 500 2684 5488 530 36 559 2732 1457 294 295 1458 5480 2676 2685 5489 5480 2676 2685 5489 5481 2677 2686 5490 5481 2677 2686 5490 5482 2678 2687 5491 5482 2678 2687 5491 5483 2679 2688 5492 5483 2679 2688 5492 5484 2680 2689 5493 5484 2680 2689 5493 5485 2681 2690 5494 5485 2681 2690 5494 5486 2682 2691 5495 5486 2682 2691 5495 5487 2683 2692 5496 5487 2683 2692 5496 5488 2684 2693 5497 5488 2684 2693 5497 2732 559 560 2733 1458 295 22 299 5489 2685 550 2703 5489 2685 550 2703 5490 2686 551 2704 5490 2686 551 2704 5491 2687 552 2705 5491 2687 552 2705 5492 2688 553 2706 5492 2688 553 2706 5493 2689 554 2707 5493 2689 554 2707 5494 2690 555 2708 5494 2690 555 2708 5495 2691 556 2709 5495 2691 556 2709 5496 2692 557 2710 5496 2692 557 2710 5497 2693 558 2711 5497 2693 558 2711 2733 560 38 571 17 304 1539 240 457 2734 5498 2220 457 2734 5498 2220 458 2735 5499 2221 458 2735 5499 2221 459 2736 5500 2222 459 2736 5500 2222 460 2737 5501 2223 460 2737 5501 2223 461 2738 5502 2224 461 2738 5502 2224 462 2739 5503 2225 462 2739 5503 2225 463 2740 5504 2226 463 2740 5504 2226 464 2741 5505 2227 464 2741 5505 2227 465 2742 5506 2228 465 2742 5506 2228 33 583 3094 477 240 1539 1540 241 2220 5498 5507 2229 2220 5498 5507 2229 2221 5499 5508 2230 2221 5499 5508 2230 2222 5500 5509 2231 2222 5500 5509 2231 2223 5501 5510 2232 2223 5501 5510 2232 2224 5502 5511 2233 2224 5502 5511 2233 2225 5503 5512 2234 2225 5503 5512 2234 2226 5504 5513 2235 2226 5504 5513 2235 2227 5505 5514 2236 2227 5505 5514 2236 2228 5506 5515 2237 2228 5506 5515 2237 477 3094 3095 478 241 1540 327 18 2229 5507 2923 468 2229 5507 2923 468 2230 5508 2924 469 2230 5508 2924 469 2231 5509 2925 470 2231 5509 2925 470 2232 5510 2926 471 2232 5510 2926 471 2233 5511 2927 472 2233 5511 2927 472 2234 5512 2928 473 2234 5512 2928 473 2235 5513 2929 474 2235 5513 2929 474 2236 5514 2930 475 2236 5514 2930 475 2237 5515 2931 476 2237 5515 2931 476 478 3095 613 34 304 305 1541 1539 2734 2743 5516 5498 2734 2743 5516 5498 2735 2744 5517 5499 2735 2744 5517 5499 2736 2745 5518 5500 2736 2745 5518 5500 2737 2746 5519 5501 2737 2746 5519 5501 2738 2747 5520 5502 2738 2747 5520 5502 2739 2748 5521 5503 2739 2748 5521 5503 2740 2749 5522 5504 2740 2749 5522 5504 2741 2750 5523 5505 2741 2750 5523 5505 2742 2751 5524 5506 2742 2751 5524 5506 583 584 3096 3094 1539 1541 1542 1540 5498 5516 5525 5507 5498 5516 5525 5507 5499 5517 5526 5508 5499 5517 5526 5508 5500 5518 5527 5509 5500 5518 5527 5509 5501 5519 5528 5510 5501 5519 5528 5510 5502 5520 5529 5511 5502 5520 5529 5511 5503 5521 5530 5512 5503 5521 5530 5512 5504 5522 5531 5513 5504 5522 5531 5513 5505 5523 5532 5514 5505 5523 5532 5514 5506 5524 5533 5515 5506 5524 5533 5515 3094 3096 3097 3095 1540 1542 328 327 5507 5525 2932 2923 5507 5525 2932 2923 5508 5526 2933 2924 5508 5526 2933 2924 5509 5527 2934 2925 5509 5527 2934 2925 5510 5528 2935 2926 5510 5528 2935 2926 5511 5529 2936 2927 5511 5529 2936 2927 5512 5530 2937 2928 5512 5530 2937 2928 5513 5531 2938 2929 5513 5531 2938 2929 5514 5532 2939 2930 5514 5532 2939 2930 5515 5533 2940 2931 5515 5533 2940 2931 3095 3097 614 613 305 306 1543 1541 2743 2752 5534 5516 2743 2752 5534 5516 2744 2753 5535 5517 2744 2753 5535 5517 2745 2754 5536 5518 2745 2754 5536 5518 2746 2755 5537 5519 2746 2755 5537 5519 2747 2756 5538 5520 2747 2756 5538 5520 2748 2757 5539 5521 2748 2757 5539 5521 2749 2758 5540 5522 2749 2758 5540 5522 2750 2759 5541 5523 2750 2759 5541 5523 2751 2760 5542 5524 2751 2760 5542 5524 584 585 3098 3096 1541 1543 1544 1542 5516 5534 5543 5525 5516 5534 5543 5525 5517 5535 5544 5526 5517 5535 5544 5526 5518 5536 5545 5527 5518 5536 5545 5527 5519 5537 5546 5528 5519 5537 5546 5528 5520 5538 5547 5529 5520 5538 5547 5529 5521 5539 5548 5530 5521 5539 5548 5530 5522 5540 5549 5531 5522 5540 5549 5531 5523 5541 5550 5532 5523 5541 5550 5532 5524 5542 5551 5533 5524 5542 5551 5533 3096 3098 3099 3097 1542 1544 329 328 5525 5543 2941 2932 5525 5543 2941 2932 5526 5544 2942 2933 5526 5544 2942 2933 5527 5545 2943 2934 5527 5545 2943 2934 5528 5546 2944 2935 5528 5546 2944 2935 5529 5547 2945 2936 5529 5547 2945 2936 5530 5548 2946 2937 5530 5548 2946 2937 5531 5549 2947 2938 5531 5549 2947 2938 5532 5550 2948 2939 5532 5550 2948 2939 5533 5551 2949 2940 5533 5551 2949 2940 3097 3099 615 614 306 307 1545 1543 2752 2761 5552 5534 2752 2761 5552 5534 2753 2762 5553 5535 2753 2762 5553 5535 2754 2763 5554 5536 2754 2763 5554 5536 2755 2764 5555 5537 2755 2764 5555 5537 2756 2765 5556 5538 2756 2765 5556 5538 2757 2766 5557 5539 2757 2766 5557 5539 2758 2767 5558 5540 2758 2767 5558 5540 2759 2768 5559 5541 2759 2768 5559 5541 2760 2769 5560 5542 2760 2769 5560 5542 585 586 3100 3098 1543 1545 1546 1544 5534 5552 5561 5543 5534 5552 5561 5543 5535 5553 5562 5544 5535 5553 5562 5544 5536 5554 5563 5545 5536 5554 5563 5545 5537 5555 5564 5546 5537 5555 5564 5546 5538 5556 5565 5547 5538 5556 5565 5547 5539 5557 5566 5548 5539 5557 5566 5548 5540 5558 5567 5549 5540 5558 5567 5549 5541 5559 5568 5550 5541 5559 5568 5550 5542 5560 5569 5551 5542 5560 5569 5551 3098 3100 3101 3099 1544 1546 330 329 5543 5561 2950 2941 5543 5561 2950 2941 5544 5562 2951 2942 5544 5562 2951 2942 5545 5563 2952 2943 5545 5563 2952 2943 5546 5564 2953 2944 5546 5564 2953 2944 5547 5565 2954 2945 5547 5565 2954 2945 5548 5566 2955 2946 5548 5566 2955 2946 5549 5567 2956 2947 5549 5567 2956 2947 5550 5568 2957 2948 5550 5568 2957 2948 5551 5569 2958 2949 5551 5569 2958 2949 3099 3101 616 615 307 308 1547 1545 2761 2770 5570 5552 2761 2770 5570 5552 2762 2771 5571 5553 2762 2771 5571 5553 2763 2772 5572 5554 2763 2772 5572 5554 2764 2773 5573 5555 2764 2773 5573 5555 2765 2774 5574 5556 2765 2774 5574 5556 2766 2775 5575 5557 2766 2775 5575 5557 2767 2776 5576 5558 2767 2776 5576 5558 2768 2777 5577 5559 2768 2777 5577 5559 2769 2778 5578 5560 2769 2778 5578 5560 586 587 3102 3100 1545 1547 1548 1546 5552 5570 5579 5561 5552 5570 5579 5561 5553 5571 5580 5562 5553 5571 5580 5562 5554 5572 5581 5563 5554 5572 5581 5563 5555 5573 5582 5564 5555 5573 5582 5564 5556 5574 5583 5565 5556 5574 5583 5565 5557 5575 5584 5566 5557 5575 5584 5566 5558 5576 5585 5567 5558 5576 5585 5567 5559 5577 5586 5568 5559 5577 5586 5568 5560 5578 5587 5569 5560 5578 5587 5569 3100 3102 3103 3101 1546 1548 331 330 5561 5579 2959 2950 5561 5579 2959 2950 5562 5580 2960 2951 5562 5580 2960 2951 5563 5581 2961 2952 5563 5581 2961 2952 5564 5582 2962 2953 5564 5582 2962 2953 5565 5583 2963 2954 5565 5583 2963 2954 5566 5584 2964 2955 5566 5584 2964 2955 5567 5585 2965 2956 5567 5585 2965 2956 5568 5586 2966 2957 5568 5586 2966 2957 5569 5587 2967 2958 5569 5587 2967 2958 3101 3103 617 616 308 309 1549 1547 2770 2779 5588 5570 2770 2779 5588 5570 2771 2780 5589 5571 2771 2780 5589 5571 2772 2781 5590 5572 2772 2781 5590 5572 2773 2782 5591 5573 2773 2782 5591 5573 2774 2783 5592 5574 2774 2783 5592 5574 2775 2784 5593 5575 2775 2784 5593 5575 2776 2785 5594 5576 2776 2785 5594 5576 2777 2786 5595 5577 2777 2786 5595 5577 2778 2787 5596 5578 2778 2787 5596 5578 587 588 3104 3102 1547 1549 1550 1548 5570 5588 5597 5579 5570 5588 5597 5579 5571 5589 5598 5580 5571 5589 5598 5580 5572 5590 5599 5581 5572 5590 5599 5581 5573 5591 5600 5582 5573 5591 5600 5582 5574 5592 5601 5583 5574 5592 5601 5583 5575 5593 5602 5584 5575 5593 5602 5584 5576 5594 5603 5585 5576 5594 5603 5585 5577 5595 5604 5586 5577 5595 5604 5586 5578 5596 5605 5587 5578 5596 5605 5587 3102 3104 3105 3103 1548 1550 332 331 5579 5597 2968 2959 5579 5597 2968 2959 5580 5598 2969 2960 5580 5598 2969 2960 5581 5599 2970 2961 5581 5599 2970 2961 5582 5600 2971 2962 5582 5600 2971 2962 5583 5601 2972 2963 5583 5601 2972 2963 5584 5602 2973 2964 5584 5602 2973 2964 5585 5603 2974 2965 5585 5603 2974 2965 5586 5604 2975 2966 5586 5604 2975 2966 5587 5605 2976 2967 5587 5605 2976 2967 3103 3105 618 617 309 310 1551 1549 2779 2788 5606 5588 2779 2788 5606 5588 2780 2789 5607 5589 2780 2789 5607 5589 2781 2790 5608 5590 2781 2790 5608 5590 2782 2791 5609 5591 2782 2791 5609 5591 2783 2792 5610 5592 2783 2792 5610 5592 2784 2793 5611 5593 2784 2793 5611 5593 2785 2794 5612 5594 2785 2794 5612 5594 2786 2795 5613 5595 2786 2795 5613 5595 2787 2796 5614 5596 2787 2796 5614 5596 588 589 3106 3104 1549 1551 1552 1550 5588 5606 5615 5597 5588 5606 5615 5597 5589 5607 5616 5598 5589 5607 5616 5598 5590 5608 5617 5599 5590 5608 5617 5599 5591 5609 5618 5600 5591 5609 5618 5600 5592 5610 5619 5601 5592 5610 5619 5601 5593 5611 5620 5602 5593 5611 5620 5602 5594 5612 5621 5603 5594 5612 5621 5603 5595 5613 5622 5604 5595 5613 5622 5604 5596 5614 5623 5605 5596 5614 5623 5605 3104 3106 3107 3105 1550 1552 333 332 5597 5615 2977 2968 5597 5615 2977 2968 5598 5616 2978 2969 5598 5616 2978 2969 5599 5617 2979 2970 5599 5617 2979 2970 5600 5618 2980 2971 5600 5618 2980 2971 5601 5619 2981 2972 5601 5619 2981 2972 5602 5620 2982 2973 5602 5620 2982 2973 5603 5621 2983 2974 5603 5621 2983 2974 5604 5622 2984 2975 5604 5622 2984 2975 5605 5623 2985 2976 5605 5623 2985 2976 3105 3107 619 618 310 311 1553 1551 2788 2797 5624 5606 2788 2797 5624 5606 2789 2798 5625 5607 2789 2798 5625 5607 2790 2799 5626 5608 2790 2799 5626 5608 2791 2800 5627 5609 2791 2800 5627 5609 2792 2801 5628 5610 2792 2801 5628 5610 2793 2802 5629 5611 2793 2802 5629 5611 2794 2803 5630 5612 2794 2803 5630 5612 2795 2804 5631 5613 2795 2804 5631 5613 2796 2805 5632 5614 2796 2805 5632 5614 589 590 3108 3106 1551 1553 1554 1552 5606 5624 5633 5615 5606 5624 5633 5615 5607 5625 5634 5616 5607 5625 5634 5616 5608 5626 5635 5617 5608 5626 5635 5617 5609 5627 5636 5618 5609 5627 5636 5618 5610 5628 5637 5619 5610 5628 5637 5619 5611 5629 5638 5620 5611 5629 5638 5620 5612 5630 5639 5621 5612 5630 5639 5621 5613 5631 5640 5622 5613 5631 5640 5622 5614 5632 5641 5623 5614 5632 5641 5623 3106 3108 3109 3107 1552 1554 334 333 5615 5633 2986 2977 5615 5633 2986 2977 5616 5634 2987 2978 5616 5634 2987 2978 5617 5635 2988 2979 5617 5635 2988 2979 5618 5636 2989 2980 5618 5636 2989 2980 5619 5637 2990 2981 5619 5637 2990 2981 5620 5638 2991 2982 5620 5638 2991 2982 5621 5639 2992 2983 5621 5639 2992 2983 5622 5640 2993 2984 5622 5640 2993 2984 5623 5641 2994 2985 5623 5641 2994 2985 3107 3109 620 619 311 312 1555 1553 2797 2806 5642 5624 2797 2806 5642 5624 2798 2807 5643 5625 2798 2807 5643 5625 2799 2808 5644 5626 2799 2808 5644 5626 2800 2809 5645 5627 2800 2809 5645 5627 2801 2810 5646 5628 2801 2810 5646 5628 2802 2811 5647 5629 2802 2811 5647 5629 2803 2812 5648 5630 2803 2812 5648 5630 2804 2813 5649 5631 2804 2813 5649 5631 2805 2814 5650 5632 2805 2814 5650 5632 590 591 3110 3108 1553 1555 1556 1554 5624 5642 5651 5633 5624 5642 5651 5633 5625 5643 5652 5634 5625 5643 5652 5634 5626 5644 5653 5635 5626 5644 5653 5635 5627 5645 5654 5636 5627 5645 5654 5636 5628 5646 5655 5637 5628 5646 5655 5637 5629 5647 5656 5638 5629 5647 5656 5638 5630 5648 5657 5639 5630 5648 5657 5639 5631 5649 5658 5640 5631 5649 5658 5640 5632 5650 5659 5641 5632 5650 5659 5641 3108 3110 3111 3109 1554 1556 335 334 5633 5651 2995 2986 5633 5651 2995 2986 5634 5652 2996 2987 5634 5652 2996 2987 5635 5653 2997 2988 5635 5653 2997 2988 5636 5654 2998 2989 5636 5654 2998 2989 5637 5655 2999 2990 5637 5655 2999 2990 5638 5656 3000 2991 5638 5656 3000 2991 5639 5657 3001 2992 5639 5657 3001 2992 5640 5658 3002 2993 5640 5658 3002 2993 5641 5659 3003 2994 5641 5659 3003 2994 3109 3111 621 620 312 313 1557 1555 2806 2815 5660 5642 2806 2815 5660 5642 2807 2816 5661 5643 2807 2816 5661 5643 2808 2817 5662 5644 2808 2817 5662 5644 2809 2818 5663 5645 2809 2818 5663 5645 2810 2819 5664 5646 2810 2819 5664 5646 2811 2820 5665 5647 2811 2820 5665 5647 2812 2821 5666 5648 2812 2821 5666 5648 2813 2822 5667 5649 2813 2822 5667 5649 2814 2823 5668 5650 2814 2823 5668 5650 591 592 3112 3110 1555 1557 1558 1556 5642 5660 5669 5651 5642 5660 5669 5651 5643 5661 5670 5652 5643 5661 5670 5652 5644 5662 5671 5653 5644 5662 5671 5653 5645 5663 5672 5654 5645 5663 5672 5654 5646 5664 5673 5655 5646 5664 5673 5655 5647 5665 5674 5656 5647 5665 5674 5656 5648 5666 5675 5657 5648 5666 5675 5657 5649 5667 5676 5658 5649 5667 5676 5658 5650 5668 5677 5659 5650 5668 5677 5659 3110 3112 3113 3111 1556 1558 336 335 5651 5669 3004 2995 5651 5669 3004 2995 5652 5670 3005 2996 5652 5670 3005 2996 5653 5671 3006 2997 5653 5671 3006 2997 5654 5672 3007 2998 5654 5672 3007 2998 5655 5673 3008 2999 5655 5673 3008 2999 5656 5674 3009 3000 5656 5674 3009 3000 5657 5675 3010 3001 5657 5675 3010 3001 5658 5676 3011 3002 5658 5676 3011 3002 5659 5677 3012 3003 5659 5677 3012 3003 3111 3113 622 621 313 314 1559 1557 2815 2824 5678 5660 2815 2824 5678 5660 2816 2825 5679 5661 2816 2825 5679 5661 2817 2826 5680 5662 2817 2826 5680 5662 2818 2827 5681 5663 2818 2827 5681 5663 2819 2828 5682 5664 2819 2828 5682 5664 2820 2829 5683 5665 2820 2829 5683 5665 2821 2830 5684 5666 2821 2830 5684 5666 2822 2831 5685 5667 2822 2831 5685 5667 2823 2832 5686 5668 2823 2832 5686 5668 592 593 3114 3112 1557 1559 1560 1558 5660 5678 5687 5669 5660 5678 5687 5669 5661 5679 5688 5670 5661 5679 5688 5670 5662 5680 5689 5671 5662 5680 5689 5671 5663 5681 5690 5672 5663 5681 5690 5672 5664 5682 5691 5673 5664 5682 5691 5673 5665 5683 5692 5674 5665 5683 5692 5674 5666 5684 5693 5675 5666 5684 5693 5675 5667 5685 5694 5676 5667 5685 5694 5676 5668 5686 5695 5677 5668 5686 5695 5677 3112 3114 3115 3113 1558 1560 337 336 5669 5687 3013 3004 5669 5687 3013 3004 5670 5688 3014 3005 5670 5688 3014 3005 5671 5689 3015 3006 5671 5689 3015 3006 5672 5690 3016 3007 5672 5690 3016 3007 5673 5691 3017 3008 5673 5691 3017 3008 5674 5692 3018 3009 5674 5692 3018 3009 5675 5693 3019 3010 5675 5693 3019 3010 5676 5694 3020 3011 5676 5694 3020 3011 5677 5695 3021 3012 5677 5695 3021 3012 3113 3115 623 622 314 315 1561 1559 2824 2833 5696 5678 2824 2833 5696 5678 2825 2834 5697 5679 2825 2834 5697 5679 2826 2835 5698 5680 2826 2835 5698 5680 2827 2836 5699 5681 2827 2836 5699 5681 2828 2837 5700 5682 2828 2837 5700 5682 2829 2838 5701 5683 2829 2838 5701 5683 2830 2839 5702 5684 2830 2839 5702 5684 2831 2840 5703 5685 2831 2840 5703 5685 2832 2841 5704 5686 2832 2841 5704 5686 593 594 3116 3114 1559 1561 1562 1560 5678 5696 5705 5687 5678 5696 5705 5687 5679 5697 5706 5688 5679 5697 5706 5688 5680 5698 5707 5689 5680 5698 5707 5689 5681 5699 5708 5690 5681 5699 5708 5690 5682 5700 5709 5691 5682 5700 5709 5691 5683 5701 5710 5692 5683 5701 5710 5692 5684 5702 5711 5693 5684 5702 5711 5693 5685 5703 5712 5694 5685 5703 5712 5694 5686 5704 5713 5695 5686 5704 5713 5695 3114 3116 3117 3115 1560 1562 338 337 5687 5705 3022 3013 5687 5705 3022 3013 5688 5706 3023 3014 5688 5706 3023 3014 5689 5707 3024 3015 5689 5707 3024 3015 5690 5708 3025 3016 5690 5708 3025 3016 5691 5709 3026 3017 5691 5709 3026 3017 5692 5710 3027 3018 5692 5710 3027 3018 5693 5711 3028 3019 5693 5711 3028 3019 5694 5712 3029 3020 5694 5712 3029 3020 5695 5713 3030 3021 5695 5713 3030 3021 3115 3117 624 623 315 316 1563 1561 2833 2842 5714 5696 2833 2842 5714 5696 2834 2843 5715 5697 2834 2843 5715 5697 2835 2844 5716 5698 2835 2844 5716 5698 2836 2845 5717 5699 2836 2845 5717 5699 2837 2846 5718 5700 2837 2846 5718 5700 2838 2847 5719 5701 2838 2847 5719 5701 2839 2848 5720 5702 2839 2848 5720 5702 2840 2849 5721 5703 2840 2849 5721 5703 2841 2850 5722 5704 2841 2850 5722 5704 594 595 3118 3116 1561 1563 1564 1562 5696 5714 5723 5705 5696 5714 5723 5705 5697 5715 5724 5706 5697 5715 5724 5706 5698 5716 5725 5707 5698 5716 5725 5707 5699 5717 5726 5708 5699 5717 5726 5708 5700 5718 5727 5709 5700 5718 5727 5709 5701 5719 5728 5710 5701 5719 5728 5710 5702 5720 5729 5711 5702 5720 5729 5711 5703 5721 5730 5712 5703 5721 5730 5712 5704 5722 5731 5713 5704 5722 5731 5713 3116 3118 3119 3117 1562 1564 339 338 5705 5723 3031 3022 5705 5723 3031 3022 5706 5724 3032 3023 5706 5724 3032 3023 5707 5725 3033 3024 5707 5725 3033 3024 5708 5726 3034 3025 5708 5726 3034 3025 5709 5727 3035 3026 5709 5727 3035 3026 5710 5728 3036 3027 5710 5728 3036 3027 5711 5729 3037 3028 5711 5729 3037 3028 5712 5730 3038 3029 5712 5730 3038 3029 5713 5731 3039 3030 5713 5731 3039 3030 3117 3119 625 624 316 317 1565 1563 2842 2851 5732 5714 2842 2851 5732 5714 2843 2852 5733 5715 2843 2852 5733 5715 2844 2853 5734 5716 2844 2853 5734 5716 2845 2854 5735 5717 2845 2854 5735 5717 2846 2855 5736 5718 2846 2855 5736 5718 2847 2856 5737 5719 2847 2856 5737 5719 2848 2857 5738 5720 2848 2857 5738 5720 2849 2858 5739 5721 2849 2858 5739 5721 2850 2859 5740 5722 2850 2859 5740 5722 595 596 3120 3118 1563 1565 1566 1564 5714 5732 5741 5723 5714 5732 5741 5723 5715 5733 5742 5724 5715 5733 5742 5724 5716 5734 5743 5725 5716 5734 5743 5725 5717 5735 5744 5726 5717 5735 5744 5726 5718 5736 5745 5727 5718 5736 5745 5727 5719 5737 5746 5728 5719 5737 5746 5728 5720 5738 5747 5729 5720 5738 5747 5729 5721 5739 5748 5730 5721 5739 5748 5730 5722 5740 5749 5731 5722 5740 5749 5731 3118 3120 3121 3119 1564 1566 340 339 5723 5741 3040 3031 5723 5741 3040 3031 5724 5742 3041 3032 5724 5742 3041 3032 5725 5743 3042 3033 5725 5743 3042 3033 5726 5744 3043 3034 5726 5744 3043 3034 5727 5745 3044 3035 5727 5745 3044 3035 5728 5746 3045 3036 5728 5746 3045 3036 5729 5747 3046 3037 5729 5747 3046 3037 5730 5748 3047 3038 5730 5748 3047 3038 5731 5749 3048 3039 5731 5749 3048 3039 3119 3121 626 625 317 318 1567 1565 2851 2860 5750 5732 2851 2860 5750 5732 2852 2861 5751 5733 2852 2861 5751 5733 2853 2862 5752 5734 2853 2862 5752 5734 2854 2863 5753 5735 2854 2863 5753 5735 2855 2864 5754 5736 2855 2864 5754 5736 2856 2865 5755 5737 2856 2865 5755 5737 2857 2866 5756 5738 2857 2866 5756 5738 2858 2867 5757 5739 2858 2867 5757 5739 2859 2868 5758 5740 2859 2868 5758 5740 596 597 3122 3120 1565 1567 1568 1566 5732 5750 5759 5741 5732 5750 5759 5741 5733 5751 5760 5742 5733 5751 5760 5742 5734 5752 5761 5743 5734 5752 5761 5743 5735 5753 5762 5744 5735 5753 5762 5744 5736 5754 5763 5745 5736 5754 5763 5745 5737 5755 5764 5746 5737 5755 5764 5746 5738 5756 5765 5747 5738 5756 5765 5747 5739 5757 5766 5748 5739 5757 5766 5748 5740 5758 5767 5749 5740 5758 5767 5749 3120 3122 3123 3121 1566 1568 341 340 5741 5759 3049 3040 5741 5759 3049 3040 5742 5760 3050 3041 5742 5760 3050 3041 5743 5761 3051 3042 5743 5761 3051 3042 5744 5762 3052 3043 5744 5762 3052 3043 5745 5763 3053 3044 5745 5763 3053 3044 5746 5764 3054 3045 5746 5764 3054 3045 5747 5765 3055 3046 5747 5765 3055 3046 5748 5766 3056 3047 5748 5766 3056 3047 5749 5767 3057 3048 5749 5767 3057 3048 3121 3123 627 626 318 319 1569 1567 2860 2869 5768 5750 2860 2869 5768 5750 2861 2870 5769 5751 2861 2870 5769 5751 2862 2871 5770 5752 2862 2871 5770 5752 2863 2872 5771 5753 2863 2872 5771 5753 2864 2873 5772 5754 2864 2873 5772 5754 2865 2874 5773 5755 2865 2874 5773 5755 2866 2875 5774 5756 2866 2875 5774 5756 2867 2876 5775 5757 2867 2876 5775 5757 2868 2877 5776 5758 2868 2877 5776 5758 597 598 3124 3122 1567 1569 1570 1568 5750 5768 5777 5759 5750 5768 5777 5759 5751 5769 5778 5760 5751 5769 5778 5760 5752 5770 5779 5761 5752 5770 5779 5761 5753 5771 5780 5762 5753 5771 5780 5762 5754 5772 5781 5763 5754 5772 5781 5763 5755 5773 5782 5764 5755 5773 5782 5764 5756 5774 5783 5765 5756 5774 5783 5765 5757 5775 5784 5766 5757 5775 5784 5766 5758 5776 5785 5767 5758 5776 5785 5767 3122 3124 3125 3123 1568 1570 342 341 5759 5777 3058 3049 5759 5777 3058 3049 5760 5778 3059 3050 5760 5778 3059 3050 5761 5779 3060 3051 5761 5779 3060 3051 5762 5780 3061 3052 5762 5780 3061 3052 5763 5781 3062 3053 5763 5781 3062 3053 5764 5782 3063 3054 5764 5782 3063 3054 5765 5783 3064 3055 5765 5783 3064 3055 5766 5784 3065 3056 5766 5784 3065 3056 5767 5785 3066 3057 5767 5785 3066 3057 3123 3125 628 627 319 320 1571 1569 2869 2878 5786 5768 2869 2878 5786 5768 2870 2879 5787 5769 2870 2879 5787 5769 2871 2880 5788 5770 2871 2880 5788 5770 2872 2881 5789 5771 2872 2881 5789 5771 2873 2882 5790 5772 2873 2882 5790 5772 2874 2883 5791 5773 2874 2883 5791 5773 2875 2884 5792 5774 2875 2884 5792 5774 2876 2885 5793 5775 2876 2885 5793 5775 2877 2886 5794 5776 2877 2886 5794 5776 598 599 3126 3124 1569 1571 1572 1570 5768 5786 5795 5777 5768 5786 5795 5777 5769 5787 5796 5778 5769 5787 5796 5778 5770 5788 5797 5779 5770 5788 5797 5779 5771 5789 5798 5780 5771 5789 5798 5780 5772 5790 5799 5781 5772 5790 5799 5781 5773 5791 5800 5782 5773 5791 5800 5782 5774 5792 5801 5783 5774 5792 5801 5783 5775 5793 5802 5784 5775 5793 5802 5784 5776 5794 5803 5785 5776 5794 5803 5785 3124 3126 3127 3125 1570 1572 343 342 5777 5795 3067 3058 5777 5795 3067 3058 5778 5796 3068 3059 5778 5796 3068 3059 5779 5797 3069 3060 5779 5797 3069 3060 5780 5798 3070 3061 5780 5798 3070 3061 5781 5799 3071 3062 5781 5799 3071 3062 5782 5800 3072 3063 5782 5800 3072 3063 5783 5801 3073 3064 5783 5801 3073 3064 5784 5802 3074 3065 5784 5802 3074 3065 5785 5803 3075 3066 5785 5803 3075 3066 3125 3127 629 628 320 321 1573 1571 2878 2887 5804 5786 2878 2887 5804 5786 2879 2888 5805 5787 2879 2888 5805 5787 2880 2889 5806 5788 2880 2889 5806 5788 2881 2890 5807 5789 2881 2890 5807 5789 2882 2891 5808 5790 2882 2891 5808 5790 2883 2892 5809 5791 2883 2892 5809 5791 2884 2893 5810 5792 2884 2893 5810 5792 2885 2894 5811 5793 2885 2894 5811 5793 2886 2895 5812 5794 2886 2895 5812 5794 599 600 3128 3126 1571 1573 1574 1572 5786 5804 5813 5795 5786 5804 5813 5795 5787 5805 5814 5796 5787 5805 5814 5796 5788 5806 5815 5797 5788 5806 5815 5797 5789 5807 5816 5798 5789 5807 5816 5798 5790 5808 5817 5799 5790 5808 5817 5799 5791 5809 5818 5800 5791 5809 5818 5800 5792 5810 5819 5801 5792 5810 5819 5801 5793 5811 5820 5802 5793 5811 5820 5802 5794 5812 5821 5803 5794 5812 5821 5803 3126 3128 3129 3127 1572 1574 344 343 5795 5813 3076 3067 5795 5813 3076 3067 5796 5814 3077 3068 5796 5814 3077 3068 5797 5815 3078 3069 5797 5815 3078 3069 5798 5816 3079 3070 5798 5816 3079 3070 5799 5817 3080 3071 5799 5817 3080 3071 5800 5818 3081 3072 5800 5818 3081 3072 5801 5819 3082 3073 5801 5819 3082 3073 5802 5820 3083 3074 5802 5820 3083 3074 5803 5821 3084 3075 5803 5821 3084 3075 3127 3129 630 629 321 322 1575 1573 2887 2896 5822 5804 2887 2896 5822 5804 2888 2897 5823 5805 2888 2897 5823 5805 2889 2898 5824 5806 2889 2898 5824 5806 2890 2899 5825 5807 2890 2899 5825 5807 2891 2900 5826 5808 2891 2900 5826 5808 2892 2901 5827 5809 2892 2901 5827 5809 2893 2902 5828 5810 2893 2902 5828 5810 2894 2903 5829 5811 2894 2903 5829 5811 2895 2904 5830 5812 2895 2904 5830 5812 600 601 3130 3128 1573 1575 1576 1574 5804 5822 5831 5813 5804 5822 5831 5813 5805 5823 5832 5814 5805 5823 5832 5814 5806 5824 5833 5815 5806 5824 5833 5815 5807 5825 5834 5816 5807 5825 5834 5816 5808 5826 5835 5817 5808 5826 5835 5817 5809 5827 5836 5818 5809 5827 5836 5818 5810 5828 5837 5819 5810 5828 5837 5819 5811 5829 5838 5820 5811 5829 5838 5820 5812 5830 5839 5821 5812 5830 5839 5821 3128 3130 3131 3129 1574 1576 345 344 5813 5831 3085 3076 5813 5831 3085 3076 5814 5832 3086 3077 5814 5832 3086 3077 5815 5833 3087 3078 5815 5833 3087 3078 5816 5834 3088 3079 5816 5834 3088 3079 5817 5835 3089 3080 5817 5835 3089 3080 5818 5836 3090 3081 5818 5836 3090 3081 5819 5837 3091 3082 5819 5837 3091 3082 5820 5838 3092 3083 5820 5838 3092 3083 5821 5839 3093 3084 5821 5839 3093 3084 3129 3131 631 630 322 24 325 1575 2896 574 2905 5822 2896 574 2905 5822 2897 575 2906 5823 2897 575 2906 5823 2898 576 2907 5824 2898 576 2907 5824 2899 577 2908 5825 2899 577 2908 5825 2900 578 2909 5826 2900 578 2909 5826 2901 579 2910 5827 2901 579 2910 5827 2902 580 2911 5828 2902 580 2911 5828 2903 581 2912 5829 2903 581 2912 5829 2904 582 2913 5830 2904 582 2913 5830 601 40 611 3130 1575 325 326 1576 5822 2905 2914 5831 5822 2905 2914 5831 5823 2906 2915 5832 5823 2906 2915 5832 5824 2907 2916 5833 5824 2907 2916 5833 5825 2908 2917 5834 5825 2908 2917 5834 5826 2909 2918 5835 5826 2909 2918 5835 5827 2910 2919 5836 5827 2910 2919 5836 5828 2911 2920 5837 5828 2911 2920 5837 5829 2912 2921 5838 5829 2912 2921 5838 5830 2913 2922 5839 5830 2913 2922 5839 3130 611 612 3131 1576 326 25 345 5831 2914 602 3085 5831 2914 602 3085 5832 2915 603 3086 5832 2915 603 3086 5833 2916 604 3087 5833 2916 604 3087 5834 2917 605 3088 5834 2917 605 3088 5835 2918 606 3089 5835 2918 606 3089 5836 2919 607 3090 5836 2919 607 3090 5837 2920 608 3091 5837 2920 608 3091 5838 2921 609 3092 5838 2921 609 3092 5839 2922 610 3093 5839 2922 610 3093 3131 612 41 631 20 367 2056 294 492 3132 5840 2676 492 3132 5840 2676 493 3133 5841 2677 493 3133 5841 2677 494 3134 5842 2678 494 3134 5842 2678 495 3135 5843 2679 495 3135 5843 2679 496 3136 5844 2680 496 3136 5844 2680 497 3137 5845 2681 497 3137 5845 2681 498 3138 5846 2682 498 3138 5846 2682 499 3139 5847 2683 499 3139 5847 2683 500 3140 5848 2684 500 3140 5848 2684 36 641 3492 559 294 2056 2057 295 2676 5840 5849 2685 2676 5840 5849 2685 2677 5841 5850 2686 2677 5841 5850 2686 2678 5842 5851 2687 2678 5842 5851 2687 2679 5843 5852 2688 2679 5843 5852 2688 2680 5844 5853 2689 2680 5844 5853 2689 2681 5845 5854 2690 2681 5845 5854 2690 2682 5846 5855 2691 2682 5846 5855 2691 2683 5847 5856 2692 2683 5847 5856 2692 2684 5848 5857 2693 2684 5848 5857 2693 559 3492 3493 560 295 2057 390 22 2685 5849 3321 550 2685 5849 3321 550 2686 5850 3322 551 2686 5850 3322 551 2687 5851 3323 552 2687 5851 3323 552 2688 5852 3324 553 2688 5852 3324 553 2689 5853 3325 554 2689 5853 3325 554 2690 5854 3326 555 2690 5854 3326 555 2691 5855 3327 556 2691 5855 3327 556 2692 5856 3328 557 2692 5856 3328 557 2693 5857 3329 558 2693 5857 3329 558 560 3493 671 38 367 368 2058 2056 3132 3141 5858 5840 3132 3141 5858 5840 3133 3142 5859 5841 3133 3142 5859 5841 3134 3143 5860 5842 3134 3143 5860 5842 3135 3144 5861 5843 3135 3144 5861 5843 3136 3145 5862 5844 3136 3145 5862 5844 3137 3146 5863 5845 3137 3146 5863 5845 3138 3147 5864 5846 3138 3147 5864 5846 3139 3148 5865 5847 3139 3148 5865 5847 3140 3149 5866 5848 3140 3149 5866 5848 641 642 3494 3492 2056 2058 2059 2057 5840 5858 5867 5849 5840 5858 5867 5849 5841 5859 5868 5850 5841 5859 5868 5850 5842 5860 5869 5851 5842 5860 5869 5851 5843 5861 5870 5852 5843 5861 5870 5852 5844 5862 5871 5853 5844 5862 5871 5853 5845 5863 5872 5854 5845 5863 5872 5854 5846 5864 5873 5855 5846 5864 5873 5855 5847 5865 5874 5856 5847 5865 5874 5856 5848 5866 5875 5857 5848 5866 5875 5857 3492 3494 3495 3493 2057 2059 391 390 5849 5867 3330 3321 5849 5867 3330 3321 5850 5868 3331 3322 5850 5868 3331 3322 5851 5869 3332 3323 5851 5869 3332 3323 5852 5870 3333 3324 5852 5870 3333 3324 5853 5871 3334 3325 5853 5871 3334 3325 5854 5872 3335 3326 5854 5872 3335 3326 5855 5873 3336 3327 5855 5873 3336 3327 5856 5874 3337 3328 5856 5874 3337 3328 5857 5875 3338 3329 5857 5875 3338 3329 3493 3495 672 671 368 369 2060 2058 3141 3150 5876 5858 3141 3150 5876 5858 3142 3151 5877 5859 3142 3151 5877 5859 3143 3152 5878 5860 3143 3152 5878 5860 3144 3153 5879 5861 3144 3153 5879 5861 3145 3154 5880 5862 3145 3154 5880 5862 3146 3155 5881 5863 3146 3155 5881 5863 3147 3156 5882 5864 3147 3156 5882 5864 3148 3157 5883 5865 3148 3157 5883 5865 3149 3158 5884 5866 3149 3158 5884 5866 642 643 3496 3494 2058 2060 2061 2059 5858 5876 5885 5867 5858 5876 5885 5867 5859 5877 5886 5868 5859 5877 5886 5868 5860 5878 5887 5869 5860 5878 5887 5869 5861 5879 5888 5870 5861 5879 5888 5870 5862 5880 5889 5871 5862 5880 5889 5871 5863 5881 5890 5872 5863 5881 5890 5872 5864 5882 5891 5873 5864 5882 5891 5873 5865 5883 5892 5874 5865 5883 5892 5874 5866 5884 5893 5875 5866 5884 5893 5875 3494 3496 3497 3495 2059 2061 392 391 5867 5885 3339 3330 5867 5885 3339 3330 5868 5886 3340 3331 5868 5886 3340 3331 5869 5887 3341 3332 5869 5887 3341 3332 5870 5888 3342 3333 5870 5888 3342 3333 5871 5889 3343 3334 5871 5889 3343 3334 5872 5890 3344 3335 5872 5890 3344 3335 5873 5891 3345 3336 5873 5891 3345 3336 5874 5892 3346 3337 5874 5892 3346 3337 5875 5893 3347 3338 5875 5893 3347 3338 3495 3497 673 672 369 370 2062 2060 3150 3159 5894 5876 3150 3159 5894 5876 3151 3160 5895 5877 3151 3160 5895 5877 3152 3161 5896 5878 3152 3161 5896 5878 3153 3162 5897 5879 3153 3162 5897 5879 3154 3163 5898 5880 3154 3163 5898 5880 3155 3164 5899 5881 3155 3164 5899 5881 3156 3165 5900 5882 3156 3165 5900 5882 3157 3166 5901 5883 3157 3166 5901 5883 3158 3167 5902 5884 3158 3167 5902 5884 643 644 3498 3496 2060 2062 2063 2061 5876 5894 5903 5885 5876 5894 5903 5885 5877 5895 5904 5886 5877 5895 5904 5886 5878 5896 5905 5887 5878 5896 5905 5887 5879 5897 5906 5888 5879 5897 5906 5888 5880 5898 5907 5889 5880 5898 5907 5889 5881 5899 5908 5890 5881 5899 5908 5890 5882 5900 5909 5891 5882 5900 5909 5891 5883 5901 5910 5892 5883 5901 5910 5892 5884 5902 5911 5893 5884 5902 5911 5893 3496 3498 3499 3497 2061 2063 393 392 5885 5903 3348 3339 5885 5903 3348 3339 5886 5904 3349 3340 5886 5904 3349 3340 5887 5905 3350 3341 5887 5905 3350 3341 5888 5906 3351 3342 5888 5906 3351 3342 5889 5907 3352 3343 5889 5907 3352 3343 5890 5908 3353 3344 5890 5908 3353 3344 5891 5909 3354 3345 5891 5909 3354 3345 5892 5910 3355 3346 5892 5910 3355 3346 5893 5911 3356 3347 5893 5911 3356 3347 3497 3499 674 673 370 371 2064 2062 3159 3168 5912 5894 3159 3168 5912 5894 3160 3169 5913 5895 3160 3169 5913 5895 3161 3170 5914 5896 3161 3170 5914 5896 3162 3171 5915 5897 3162 3171 5915 5897 3163 3172 5916 5898 3163 3172 5916 5898 3164 3173 5917 5899 3164 3173 5917 5899 3165 3174 5918 5900 3165 3174 5918 5900 3166 3175 5919 5901 3166 3175 5919 5901 3167 3176 5920 5902 3167 3176 5920 5902 644 645 3500 3498 2062 2064 2065 2063 5894 5912 5921 5903 5894 5912 5921 5903 5895 5913 5922 5904 5895 5913 5922 5904 5896 5914 5923 5905 5896 5914 5923 5905 5897 5915 5924 5906 5897 5915 5924 5906 5898 5916 5925 5907 5898 5916 5925 5907 5899 5917 5926 5908 5899 5917 5926 5908 5900 5918 5927 5909 5900 5918 5927 5909 5901 5919 5928 5910 5901 5919 5928 5910 5902 5920 5929 5911 5902 5920 5929 5911 3498 3500 3501 3499 2063 2065 394 393 5903 5921 3357 3348 5903 5921 3357 3348 5904 5922 3358 3349 5904 5922 3358 3349 5905 5923 3359 3350 5905 5923 3359 3350 5906 5924 3360 3351 5906 5924 3360 3351 5907 5925 3361 3352 5907 5925 3361 3352 5908 5926 3362 3353 5908 5926 3362 3353 5909 5927 3363 3354 5909 5927 3363 3354 5910 5928 3364 3355 5910 5928 3364 3355 5911 5929 3365 3356 5911 5929 3365 3356 3499 3501 675 674 371 372 2066 2064 3168 3177 5930 5912 3168 3177 5930 5912 3169 3178 5931 5913 3169 3178 5931 5913 3170 3179 5932 5914 3170 3179 5932 5914 3171 3180 5933 5915 3171 3180 5933 5915 3172 3181 5934 5916 3172 3181 5934 5916 3173 3182 5935 5917 3173 3182 5935 5917 3174 3183 5936 5918 3174 3183 5936 5918 3175 3184 5937 5919 3175 3184 5937 5919 3176 3185 5938 5920 3176 3185 5938 5920 645 646 3502 3500 2064 2066 2067 2065 5912 5930 5939 5921 5912 5930 5939 5921 5913 5931 5940 5922 5913 5931 5940 5922 5914 5932 5941 5923 5914 5932 5941 5923 5915 5933 5942 5924 5915 5933 5942 5924 5916 5934 5943 5925 5916 5934 5943 5925 5917 5935 5944 5926 5917 5935 5944 5926 5918 5936 5945 5927 5918 5936 5945 5927 5919 5937 5946 5928 5919 5937 5946 5928 5920 5938 5947 5929 5920 5938 5947 5929 3500 3502 3503 3501 2065 2067 395 394 5921 5939 3366 3357 5921 5939 3366 3357 5922 5940 3367 3358 5922 5940 3367 3358 5923 5941 3368 3359 5923 5941 3368 3359 5924 5942 3369 3360 5924 5942 3369 3360 5925 5943 3370 3361 5925 5943 3370 3361 5926 5944 3371 3362 5926 5944 3371 3362 5927 5945 3372 3363 5927 5945 3372 3363 5928 5946 3373 3364 5928 5946 3373 3364 5929 5947 3374 3365 5929 5947 3374 3365 3501 3503 676 675 372 373 2068 2066 3177 3186 5948 5930 3177 3186 5948 5930 3178 3187 5949 5931 3178 3187 5949 5931 3179 3188 5950 5932 3179 3188 5950 5932 3180 3189 5951 5933 3180 3189 5951 5933 3181 3190 5952 5934 3181 3190 5952 5934 3182 3191 5953 5935 3182 3191 5953 5935 3183 3192 5954 5936 3183 3192 5954 5936 3184 3193 5955 5937 3184 3193 5955 5937 3185 3194 5956 5938 3185 3194 5956 5938 646 647 3504 3502 2066 2068 2069 2067 5930 5948 5957 5939 5930 5948 5957 5939 5931 5949 5958 5940 5931 5949 5958 5940 5932 5950 5959 5941 5932 5950 5959 5941 5933 5951 5960 5942 5933 5951 5960 5942 5934 5952 5961 5943 5934 5952 5961 5943 5935 5953 5962 5944 5935 5953 5962 5944 5936 5954 5963 5945 5936 5954 5963 5945 5937 5955 5964 5946 5937 5955 5964 5946 5938 5956 5965 5947 5938 5956 5965 5947 3502 3504 3505 3503 2067 2069 396 395 5939 5957 3375 3366 5939 5957 3375 3366 5940 5958 3376 3367 5940 5958 3376 3367 5941 5959 3377 3368 5941 5959 3377 3368 5942 5960 3378 3369 5942 5960 3378 3369 5943 5961 3379 3370 5943 5961 3379 3370 5944 5962 3380 3371 5944 5962 3380 3371 5945 5963 3381 3372 5945 5963 3381 3372 5946 5964 3382 3373 5946 5964 3382 3373 5947 5965 3383 3374 5947 5965 3383 3374 3503 3505 677 676 373 374 2070 2068 3186 3195 5966 5948 3186 3195 5966 5948 3187 3196 5967 5949 3187 3196 5967 5949 3188 3197 5968 5950 3188 3197 5968 5950 3189 3198 5969 5951 3189 3198 5969 5951 3190 3199 5970 5952 3190 3199 5970 5952 3191 3200 5971 5953 3191 3200 5971 5953 3192 3201 5972 5954 3192 3201 5972 5954 3193 3202 5973 5955 3193 3202 5973 5955 3194 3203 5974 5956 3194 3203 5974 5956 647 648 3506 3504 2068 2070 2071 2069 5948 5966 5975 5957 5948 5966 5975 5957 5949 5967 5976 5958 5949 5967 5976 5958 5950 5968 5977 5959 5950 5968 5977 5959 5951 5969 5978 5960 5951 5969 5978 5960 5952 5970 5979 5961 5952 5970 5979 5961 5953 5971 5980 5962 5953 5971 5980 5962 5954 5972 5981 5963 5954 5972 5981 5963 5955 5973 5982 5964 5955 5973 5982 5964 5956 5974 5983 5965 5956 5974 5983 5965 3504 3506 3507 3505 2069 2071 397 396 5957 5975 3384 3375 5957 5975 3384 3375 5958 5976 3385 3376 5958 5976 3385 3376 5959 5977 3386 3377 5959 5977 3386 3377 5960 5978 3387 3378 5960 5978 3387 3378 5961 5979 3388 3379 5961 5979 3388 3379 5962 5980 3389 3380 5962 5980 3389 3380 5963 5981 3390 3381 5963 5981 3390 3381 5964 5982 3391 3382 5964 5982 3391 3382 5965 5983 3392 3383 5965 5983 3392 3383 3505 3507 678 677 374 375 2072 2070 3195 3204 5984 5966 3195 3204 5984 5966 3196 3205 5985 5967 3196 3205 5985 5967 3197 3206 5986 5968 3197 3206 5986 5968 3198 3207 5987 5969 3198 3207 5987 5969 3199 3208 5988 5970 3199 3208 5988 5970 3200 3209 5989 5971 3200 3209 5989 5971 3201 3210 5990 5972 3201 3210 5990 5972 3202 3211 5991 5973 3202 3211 5991 5973 3203 3212 5992 5974 3203 3212 5992 5974 648 649 3508 3506 2070 2072 2073 2071 5966 5984 5993 5975 5966 5984 5993 5975 5967 5985 5994 5976 5967 5985 5994 5976 5968 5986 5995 5977 5968 5986 5995 5977 5969 5987 5996 5978 5969 5987 5996 5978 5970 5988 5997 5979 5970 5988 5997 5979 5971 5989 5998 5980 5971 5989 5998 5980 5972 5990 5999 5981 5972 5990 5999 5981 5973 5991 6000 5982 5973 5991 6000 5982 5974 5992 6001 5983 5974 5992 6001 5983 3506 3508 3509 3507 2071 2073 398 397 5975 5993 3393 3384 5975 5993 3393 3384 5976 5994 3394 3385 5976 5994 3394 3385 5977 5995 3395 3386 5977 5995 3395 3386 5978 5996 3396 3387 5978 5996 3396 3387 5979 5997 3397 3388 5979 5997 3397 3388 5980 5998 3398 3389 5980 5998 3398 3389 5981 5999 3399 3390 5981 5999 3399 3390 5982 6000 3400 3391 5982 6000 3400 3391 5983 6001 3401 3392 5983 6001 3401 3392 3507 3509 679 678 375 376 2074 2072 3204 3213 6002 5984 3204 3213 6002 5984 3205 3214 6003 5985 3205 3214 6003 5985 3206 3215 6004 5986 3206 3215 6004 5986 3207 3216 6005 5987 3207 3216 6005 5987 3208 3217 6006 5988 3208 3217 6006 5988 3209 3218 6007 5989 3209 3218 6007 5989 3210 3219 6008 5990 3210 3219 6008 5990 3211 3220 6009 5991 3211 3220 6009 5991 3212 3221 6010 5992 3212 3221 6010 5992 649 650 3510 3508 2072 2074 2075 2073 5984 6002 6011 5993 5984 6002 6011 5993 5985 6003 6012 5994 5985 6003 6012 5994 5986 6004 6013 5995 5986 6004 6013 5995 5987 6005 6014 5996 5987 6005 6014 5996 5988 6006 6015 5997 5988 6006 6015 5997 5989 6007 6016 5998 5989 6007 6016 5998 5990 6008 6017 5999 5990 6008 6017 5999 5991 6009 6018 6000 5991 6009 6018 6000 5992 6010 6019 6001 5992 6010 6019 6001 3508 3510 3511 3509 2073 2075 399 398 5993 6011 3402 3393 5993 6011 3402 3393 5994 6012 3403 3394 5994 6012 3403 3394 5995 6013 3404 3395 5995 6013 3404 3395 5996 6014 3405 3396 5996 6014 3405 3396 5997 6015 3406 3397 5997 6015 3406 3397 5998 6016 3407 3398 5998 6016 3407 3398 5999 6017 3408 3399 5999 6017 3408 3399 6000 6018 3409 3400 6000 6018 3409 3400 6001 6019 3410 3401 6001 6019 3410 3401 3509 3511 680 679 376 377 2076 2074 3213 3222 6020 6002 3213 3222 6020 6002 3214 3223 6021 6003 3214 3223 6021 6003 3215 3224 6022 6004 3215 3224 6022 6004 3216 3225 6023 6005 3216 3225 6023 6005 3217 3226 6024 6006 3217 3226 6024 6006 3218 3227 6025 6007 3218 3227 6025 6007 3219 3228 6026 6008 3219 3228 6026 6008 3220 3229 6027 6009 3220 3229 6027 6009 3221 3230 6028 6010 3221 3230 6028 6010 650 651 3512 3510 2074 2076 2077 2075 6002 6020 6029 6011 6002 6020 6029 6011 6003 6021 6030 6012 6003 6021 6030 6012 6004 6022 6031 6013 6004 6022 6031 6013 6005 6023 6032 6014 6005 6023 6032 6014 6006 6024 6033 6015 6006 6024 6033 6015 6007 6025 6034 6016 6007 6025 6034 6016 6008 6026 6035 6017 6008 6026 6035 6017 6009 6027 6036 6018 6009 6027 6036 6018 6010 6028 6037 6019 6010 6028 6037 6019 3510 3512 3513 3511 2075 2077 400 399 6011 6029 3411 3402 6011 6029 3411 3402 6012 6030 3412 3403 6012 6030 3412 3403 6013 6031 3413 3404 6013 6031 3413 3404 6014 6032 3414 3405 6014 6032 3414 3405 6015 6033 3415 3406 6015 6033 3415 3406 6016 6034 3416 3407 6016 6034 3416 3407 6017 6035 3417 3408 6017 6035 3417 3408 6018 6036 3418 3409 6018 6036 3418 3409 6019 6037 3419 3410 6019 6037 3419 3410 3511 3513 681 680 377 378 2078 2076 3222 3231 6038 6020 3222 3231 6038 6020 3223 3232 6039 6021 3223 3232 6039 6021 3224 3233 6040 6022 3224 3233 6040 6022 3225 3234 6041 6023 3225 3234 6041 6023 3226 3235 6042 6024 3226 3235 6042 6024 3227 3236 6043 6025 3227 3236 6043 6025 3228 3237 6044 6026 3228 3237 6044 6026 3229 3238 6045 6027 3229 3238 6045 6027 3230 3239 6046 6028 3230 3239 6046 6028 651 652 3514 3512 2076 2078 2079 2077 6020 6038 6047 6029 6020 6038 6047 6029 6021 6039 6048 6030 6021 6039 6048 6030 6022 6040 6049 6031 6022 6040 6049 6031 6023 6041 6050 6032 6023 6041 6050 6032 6024 6042 6051 6033 6024 6042 6051 6033 6025 6043 6052 6034 6025 6043 6052 6034 6026 6044 6053 6035 6026 6044 6053 6035 6027 6045 6054 6036 6027 6045 6054 6036 6028 6046 6055 6037 6028 6046 6055 6037 3512 3514 3515 3513 2077 2079 401 400 6029 6047 3420 3411 6029 6047 3420 3411 6030 6048 3421 3412 6030 6048 3421 3412 6031 6049 3422 3413 6031 6049 3422 3413 6032 6050 3423 3414 6032 6050 3423 3414 6033 6051 3424 3415 6033 6051 3424 3415 6034 6052 3425 3416 6034 6052 3425 3416 6035 6053 3426 3417 6035 6053 3426 3417 6036 6054 3427 3418 6036 6054 3427 3418 6037 6055 3428 3419 6037 6055 3428 3419 3513 3515 682 681 378 379 2080 2078 3231 3240 6056 6038 3231 3240 6056 6038 3232 3241 6057 6039 3232 3241 6057 6039 3233 3242 6058 6040 3233 3242 6058 6040 3234 3243 6059 6041 3234 3243 6059 6041 3235 3244 6060 6042 3235 3244 6060 6042 3236 3245 6061 6043 3236 3245 6061 6043 3237 3246 6062 6044 3237 3246 6062 6044 3238 3247 6063 6045 3238 3247 6063 6045 3239 3248 6064 6046 3239 3248 6064 6046 652 653 3516 3514 2078 2080 2081 2079 6038 6056 6065 6047 6038 6056 6065 6047 6039 6057 6066 6048 6039 6057 6066 6048 6040 6058 6067 6049 6040 6058 6067 6049 6041 6059 6068 6050 6041 6059 6068 6050 6042 6060 6069 6051 6042 6060 6069 6051 6043 6061 6070 6052 6043 6061 6070 6052 6044 6062 6071 6053 6044 6062 6071 6053 6045 6063 6072 6054 6045 6063 6072 6054 6046 6064 6073 6055 6046 6064 6073 6055 3514 3516 3517 3515 2079 2081 402 401 6047 6065 3429 3420 6047 6065 3429 3420 6048 6066 3430 3421 6048 6066 3430 3421 6049 6067 3431 3422 6049 6067 3431 3422 6050 6068 3432 3423 6050 6068 3432 3423 6051 6069 3433 3424 6051 6069 3433 3424 6052 6070 3434 3425 6052 6070 3434 3425 6053 6071 3435 3426 6053 6071 3435 3426 6054 6072 3436 3427 6054 6072 3436 3427 6055 6073 3437 3428 6055 6073 3437 3428 3515 3517 683 682 379 380 2082 2080 3240 3249 6074 6056 3240 3249 6074 6056 3241 3250 6075 6057 3241 3250 6075 6057 3242 3251 6076 6058 3242 3251 6076 6058 3243 3252 6077 6059 3243 3252 6077 6059 3244 3253 6078 6060 3244 3253 6078 6060 3245 3254 6079 6061 3245 3254 6079 6061 3246 3255 6080 6062 3246 3255 6080 6062 3247 3256 6081 6063 3247 3256 6081 6063 3248 3257 6082 6064 3248 3257 6082 6064 653 654 3518 3516 2080 2082 2083 2081 6056 6074 6083 6065 6056 6074 6083 6065 6057 6075 6084 6066 6057 6075 6084 6066 6058 6076 6085 6067 6058 6076 6085 6067 6059 6077 6086 6068 6059 6077 6086 6068 6060 6078 6087 6069 6060 6078 6087 6069 6061 6079 6088 6070 6061 6079 6088 6070 6062 6080 6089 6071 6062 6080 6089 6071 6063 6081 6090 6072 6063 6081 6090 6072 6064 6082 6091 6073 6064 6082 6091 6073 3516 3518 3519 3517 2081 2083 403 402 6065 6083 3438 3429 6065 6083 3438 3429 6066 6084 3439 3430 6066 6084 3439 3430 6067 6085 3440 3431 6067 6085 3440 3431 6068 6086 3441 3432 6068 6086 3441 3432 6069 6087 3442 3433 6069 6087 3442 3433 6070 6088 3443 3434 6070 6088 3443 3434 6071 6089 3444 3435 6071 6089 3444 3435 6072 6090 3445 3436 6072 6090 3445 3436 6073 6091 3446 3437 6073 6091 3446 3437 3517 3519 684 683 380 381 2084 2082 3249 3258 6092 6074 3249 3258 6092 6074 3250 3259 6093 6075 3250 3259 6093 6075 3251 3260 6094 6076 3251 3260 6094 6076 3252 3261 6095 6077 3252 3261 6095 6077 3253 3262 6096 6078 3253 3262 6096 6078 3254 3263 6097 6079 3254 3263 6097 6079 3255 3264 6098 6080 3255 3264 6098 6080 3256 3265 6099 6081 3256 3265 6099 6081 3257 3266 6100 6082 3257 3266 6100 6082 654 655 3520 3518 2082 2084 2085 2083 6074 6092 6101 6083 6074 6092 6101 6083 6075 6093 6102 6084 6075 6093 6102 6084 6076 6094 6103 6085 6076 6094 6103 6085 6077 6095 6104 6086 6077 6095 6104 6086 6078 6096 6105 6087 6078 6096 6105 6087 6079 6097 6106 6088 6079 6097 6106 6088 6080 6098 6107 6089 6080 6098 6107 6089 6081 6099 6108 6090 6081 6099 6108 6090 6082 6100 6109 6091 6082 6100 6109 6091 3518 3520 3521 3519 2083 2085 404 403 6083 6101 3447 3438 6083 6101 3447 3438 6084 6102 3448 3439 6084 6102 3448 3439 6085 6103 3449 3440 6085 6103 3449 3440 6086 6104 3450 3441 6086 6104 3450 3441 6087 6105 3451 3442 6087 6105 3451 3442 6088 6106 3452 3443 6088 6106 3452 3443 6089 6107 3453 3444 6089 6107 3453 3444 6090 6108 3454 3445 6090 6108 3454 3445 6091 6109 3455 3446 6091 6109 3455 3446 3519 3521 685 684 381 382 2086 2084 3258 3267 6110 6092 3258 3267 6110 6092 3259 3268 6111 6093 3259 3268 6111 6093 3260 3269 6112 6094 3260 3269 6112 6094 3261 3270 6113 6095 3261 3270 6113 6095 3262 3271 6114 6096 3262 3271 6114 6096 3263 3272 6115 6097 3263 3272 6115 6097 3264 3273 6116 6098 3264 3273 6116 6098 3265 3274 6117 6099 3265 3274 6117 6099 3266 3275 6118 6100 3266 3275 6118 6100 655 656 3522 3520 2084 2086 2087 2085 6092 6110 6119 6101 6092 6110 6119 6101 6093 6111 6120 6102 6093 6111 6120 6102 6094 6112 6121 6103 6094 6112 6121 6103 6095 6113 6122 6104 6095 6113 6122 6104 6096 6114 6123 6105 6096 6114 6123 6105 6097 6115 6124 6106 6097 6115 6124 6106 6098 6116 6125 6107 6098 6116 6125 6107 6099 6117 6126 6108 6099 6117 6126 6108 6100 6118 6127 6109 6100 6118 6127 6109 3520 3522 3523 3521 2085 2087 405 404 6101 6119 3456 3447 6101 6119 3456 3447 6102 6120 3457 3448 6102 6120 3457 3448 6103 6121 3458 3449 6103 6121 3458 3449 6104 6122 3459 3450 6104 6122 3459 3450 6105 6123 3460 3451 6105 6123 3460 3451 6106 6124 3461 3452 6106 6124 3461 3452 6107 6125 3462 3453 6107 6125 3462 3453 6108 6126 3463 3454 6108 6126 3463 3454 6109 6127 3464 3455 6109 6127 3464 3455 3521 3523 686 685 382 383 2088 2086 3267 3276 6128 6110 3267 3276 6128 6110 3268 3277 6129 6111 3268 3277 6129 6111 3269 3278 6130 6112 3269 3278 6130 6112 3270 3279 6131 6113 3270 3279 6131 6113 3271 3280 6132 6114 3271 3280 6132 6114 3272 3281 6133 6115 3272 3281 6133 6115 3273 3282 6134 6116 3273 3282 6134 6116 3274 3283 6135 6117 3274 3283 6135 6117 3275 3284 6136 6118 3275 3284 6136 6118 656 657 3524 3522 2086 2088 2089 2087 6110 6128 6137 6119 6110 6128 6137 6119 6111 6129 6138 6120 6111 6129 6138 6120 6112 6130 6139 6121 6112 6130 6139 6121 6113 6131 6140 6122 6113 6131 6140 6122 6114 6132 6141 6123 6114 6132 6141 6123 6115 6133 6142 6124 6115 6133 6142 6124 6116 6134 6143 6125 6116 6134 6143 6125 6117 6135 6144 6126 6117 6135 6144 6126 6118 6136 6145 6127 6118 6136 6145 6127 3522 3524 3525 3523 2087 2089 406 405 6119 6137 3465 3456 6119 6137 3465 3456 6120 6138 3466 3457 6120 6138 3466 3457 6121 6139 3467 3458 6121 6139 3467 3458 6122 6140 3468 3459 6122 6140 3468 3459 6123 6141 3469 3460 6123 6141 3469 3460 6124 6142 3470 3461 6124 6142 3470 3461 6125 6143 3471 3462 6125 6143 3471 3462 6126 6144 3472 3463 6126 6144 3472 3463 6127 6145 3473 3464 6127 6145 3473 3464 3523 3525 687 686 383 384 2090 2088 3276 3285 6146 6128 3276 3285 6146 6128 3277 3286 6147 6129 3277 3286 6147 6129 3278 3287 6148 6130 3278 3287 6148 6130 3279 3288 6149 6131 3279 3288 6149 6131 3280 3289 6150 6132 3280 3289 6150 6132 3281 3290 6151 6133 3281 3290 6151 6133 3282 3291 6152 6134 3282 3291 6152 6134 3283 3292 6153 6135 3283 3292 6153 6135 3284 3293 6154 6136 3284 3293 6154 6136 657 658 3526 3524 2088 2090 2091 2089 6128 6146 6155 6137 6128 6146 6155 6137 6129 6147 6156 6138 6129 6147 6156 6138 6130 6148 6157 6139 6130 6148 6157 6139 6131 6149 6158 6140 6131 6149 6158 6140 6132 6150 6159 6141 6132 6150 6159 6141 6133 6151 6160 6142 6133 6151 6160 6142 6134 6152 6161 6143 6134 6152 6161 6143 6135 6153 6162 6144 6135 6153 6162 6144 6136 6154 6163 6145 6136 6154 6163 6145 3524 3526 3527 3525 2089 2091 407 406 6137 6155 3474 3465 6137 6155 3474 3465 6138 6156 3475 3466 6138 6156 3475 3466 6139 6157 3476 3467 6139 6157 3476 3467 6140 6158 3477 3468 6140 6158 3477 3468 6141 6159 3478 3469 6141 6159 3478 3469 6142 6160 3479 3470 6142 6160 3479 3470 6143 6161 3480 3471 6143 6161 3480 3471 6144 6162 3481 3472 6144 6162 3481 3472 6145 6163 3482 3473 6145 6163 3482 3473 3525 3527 688 687 384 385 2092 2090 3285 3294 6164 6146 3285 3294 6164 6146 3286 3295 6165 6147 3286 3295 6165 6147 3287 3296 6166 6148 3287 3296 6166 6148 3288 3297 6167 6149 3288 3297 6167 6149 3289 3298 6168 6150 3289 3298 6168 6150 3290 3299 6169 6151 3290 3299 6169 6151 3291 3300 6170 6152 3291 3300 6170 6152 3292 3301 6171 6153 3292 3301 6171 6153 3293 3302 6172 6154 3293 3302 6172 6154 658 659 3528 3526 2090 2092 2093 2091 6146 6164 6173 6155 6146 6164 6173 6155 6147 6165 6174 6156 6147 6165 6174 6156 6148 6166 6175 6157 6148 6166 6175 6157 6149 6167 6176 6158 6149 6167 6176 6158 6150 6168 6177 6159 6150 6168 6177 6159 6151 6169 6178 6160 6151 6169 6178 6160 6152 6170 6179 6161 6152 6170 6179 6161 6153 6171 6180 6162 6153 6171 6180 6162 6154 6172 6181 6163 6154 6172 6181 6163 3526 3528 3529 3527 2091 2093 408 407 6155 6173 3483 3474 6155 6173 3483 3474 6156 6174 3484 3475 6156 6174 3484 3475 6157 6175 3485 3476 6157 6175 3485 3476 6158 6176 3486 3477 6158 6176 3486 3477 6159 6177 3487 3478 6159 6177 3487 3478 6160 6178 3488 3479 6160 6178 3488 3479 6161 6179 3489 3480 6161 6179 3489 3480 6162 6180 3490 3481 6162 6180 3490 3481 6163 6181 3491 3482 6163 6181 3491 3482 3527 3529 689 688 385 26 388 2092 3294 632 3303 6164 3294 632 3303 6164 3295 633 3304 6165 3295 633 3304 6165 3296 634 3305 6166 3296 634 3305 6166 3297 635 3306 6167 3297 635 3306 6167 3298 636 3307 6168 3298 636 3307 6168 3299 637 3308 6169 3299 637 3308 6169 3300 638 3309 6170 3300 638 3309 6170 3301 639 3310 6171 3301 639 3310 6171 3302 640 3311 6172 3302 640 3311 6172 659 42 669 3528 2092 388 389 2093 6164 3303 3312 6173 6164 3303 3312 6173 6165 3304 3313 6174 6165 3304 3313 6174 6166 3305 3314 6175 6166 3305 3314 6175 6167 3306 3315 6176 6167 3306 3315 6176 6168 3307 3316 6177 6168 3307 3316 6177 6169 3308 3317 6178 6169 3308 3317 6178 6170 3309 3318 6179 6170 3309 3318 6179 6171 3310 3319 6180 6171 3310 3319 6180 6172 3311 3320 6181 6172 3311 3320 6181 3528 669 670 3529 2093 389 27 408 6173 3312 660 3483 6173 3312 660 3483 6174 3313 661 3484 6174 3313 661 3484 6175 3314 662 3485 6175 3314 662 3485 6176 3315 663 3486 6176 3315 663 3486 6177 3316 664 3487 6177 3316 664 3487 6178 3317 665 3488 6178 3317 665 3488 6179 3318 666 3489 6179 3318 666 3489 6180 3319 667 3490 6180 3319 667 3490 6181 3320 668 3491 6181 3320 668 3491 3529 670 43 689 24 411 2106 325 574 3530 6182 2905 574 3530 6182 2905 575 3531 6183 2906 575 3531 6183 2906 576 3532 6184 2907 576 3532 6184 2907 577 3533 6185 2908 577 3533 6185 2908 578 3534 6186 2909 578 3534 6186 2909 579 3535 6187 2910 579 3535 6187 2910 580 3536 6188 2911 580 3536 6188 2911 581 3537 6189 2912 581 3537 6189 2912 582 3538 6190 2913 582 3538 6190 2913 40 699 3584 611 325 2106 2107 326 2905 6182 6191 2914 2905 6182 6191 2914 2906 6183 6192 2915 2906 6183 6192 2915 2907 6184 6193 2916 2907 6184 6193 2916 2908 6185 6194 2917 2908 6185 6194 2917 2909 6186 6195 2918 2909 6186 6195 2918 2910 6187 6196 2919 2910 6187 6196 2919 2911 6188 6197 2920 2911 6188 6197 2920 2912 6189 6198 2921 2912 6189 6198 2921 2913 6190 6199 2922 2913 6190 6199 2922 611 3584 3585 612 326 2107 417 25 2914 6191 3566 602 2914 6191 3566 602 2915 6192 3567 603 2915 6192 3567 603 2916 6193 3568 604 2916 6193 3568 604 2917 6194 3569 605 2917 6194 3569 605 2918 6195 3570 606 2918 6195 3570 606 2919 6196 3571 607 2919 6196 3571 607 2920 6197 3572 608 2920 6197 3572 608 2921 6198 3573 609 2921 6198 3573 609 2922 6199 3574 610 2922 6199 3574 610 612 3585 712 41 411 412 2108 2106 3530 3539 6200 6182 3530 3539 6200 6182 3531 3540 6201 6183 3531 3540 6201 6183 3532 3541 6202 6184 3532 3541 6202 6184 3533 3542 6203 6185 3533 3542 6203 6185 3534 3543 6204 6186 3534 3543 6204 6186 3535 3544 6205 6187 3535 3544 6205 6187 3536 3545 6206 6188 3536 3545 6206 6188 3537 3546 6207 6189 3537 3546 6207 6189 3538 3547 6208 6190 3538 3547 6208 6190 699 700 3586 3584 2106 2108 2109 2107 6182 6200 6209 6191 6182 6200 6209 6191 6183 6201 6210 6192 6183 6201 6210 6192 6184 6202 6211 6193 6184 6202 6211 6193 6185 6203 6212 6194 6185 6203 6212 6194 6186 6204 6213 6195 6186 6204 6213 6195 6187 6205 6214 6196 6187 6205 6214 6196 6188 6206 6215 6197 6188 6206 6215 6197 6189 6207 6216 6198 6189 6207 6216 6198 6190 6208 6217 6199 6190 6208 6217 6199 3584 3586 3587 3585 2107 2109 418 417 6191 6209 3575 3566 6191 6209 3575 3566 6192 6210 3576 3567 6192 6210 3576 3567 6193 6211 3577 3568 6193 6211 3577 3568 6194 6212 3578 3569 6194 6212 3578 3569 6195 6213 3579 3570 6195 6213 3579 3570 6196 6214 3580 3571 6196 6214 3580 3571 6197 6215 3581 3572 6197 6215 3581 3572 6198 6216 3582 3573 6198 6216 3582 3573 6199 6217 3583 3574 6199 6217 3583 3574 3585 3587 713 712 412 28 415 2108 3539 690 3548 6200 3539 690 3548 6200 3540 691 3549 6201 3540 691 3549 6201 3541 692 3550 6202 3541 692 3550 6202 3542 693 3551 6203 3542 693 3551 6203 3543 694 3552 6204 3543 694 3552 6204 3544 695 3553 6205 3544 695 3553 6205 3545 696 3554 6206 3545 696 3554 6206 3546 697 3555 6207 3546 697 3555 6207 3547 698 3556 6208 3547 698 3556 6208 700 44 710 3586 2108 415 416 2109 6200 3548 3557 6209 6200 3548 3557 6209 6201 3549 3558 6210 6201 3549 3558 6210 6202 3550 3559 6211 6202 3550 3559 6211 6203 3551 3560 6212 6203 3551 3560 6212 6204 3552 3561 6213 6204 3552 3561 6213 6205 3553 3562 6214 6205 3553 3562 6214 6206 3554 3563 6215 6206 3554 3563 6215 6207 3555 3564 6216 6207 3555 3564 6216 6208 3556 3565 6217 6208 3556 3565 6217 3586 710 711 3587 2109 416 29 418 6209 3557 701 3575 6209 3557 701 3575 6210 3558 702 3576 6210 3558 702 3576 6211 3559 703 3577 6211 3559 703 3577 6212 3560 704 3578 6212 3560 704 3578 6213 3561 705 3579 6213 3561 705 3579 6214 3562 706 3580 6214 3562 706 3580 6215 3563 707 3581 6215 3563 707 3581 6216 3564 708 3582 6216 3564 708 3582 6217 3565 709 3583 6217 3565 709 3583 3587 711 45 713 25 417 2152 348 602 3566 6218 3777 602 3566 6218 3777 603 3567 6219 3778 603 3567 6219 3778 604 3568 6220 3779 604 3568 6220 3779 605 3569 6221 3780 605 3569 6221 3780 606 3570 6222 3781 606 3570 6222 3781 607 3571 6223 3782 607 3571 6223 3782 608 3572 6224 3783 608 3572 6224 3783 609 3573 6225 3784 609 3573 6225 3784 610 3574 6226 3785 610 3574 6226 3785 41 712 3948 744 348 2152 2153 349 3777 6218 6227 3786 3777 6218 6227 3786 3778 6219 6228 3787 3778 6219 6228 3787 3779 6220 6229 3788 3779 6220 6229 3788 3780 6221 6230 3789 3780 6221 6230 3789 3781 6222 6231 3790 3781 6222 6231 3790 3782 6223 6232 3791 3782 6223 6232 3791 3783 6224 6233 3792 3783 6224 6233 3792 3784 6225 6234 3793 3784 6225 6234 3793 3785 6226 6235 3794 3785 6226 6235 3794 744 3948 3949 745 349 2153 2154 350 3786 6227 6236 3795 3786 6227 6236 3795 3787 6228 6237 3796 3787 6228 6237 3796 3788 6229 6238 3797 3788 6229 6238 3797 3789 6230 6239 3798 3789 6230 6239 3798 3790 6231 6240 3799 3790 6231 6240 3799 3791 6232 6241 3800 3791 6232 6241 3800 3792 6233 6242 3801 3792 6233 6242 3801 3793 6234 6243 3802 3793 6234 6243 3802 3794 6235 6244 3803 3794 6235 6244 3803 745 3949 3950 746 350 2154 2155 351 3795 6236 6245 3804 3795 6236 6245 3804 3796 6237 6246 3805 3796 6237 6246 3805 3797 6238 6247 3806 3797 6238 6247 3806 3798 6239 6248 3807 3798 6239 6248 3807 3799 6240 6249 3808 3799 6240 6249 3808 3800 6241 6250 3809 3800 6241 6250 3809 3801 6242 6251 3810 3801 6242 6251 3810 3802 6243 6252 3811 3802 6243 6252 3811 3803 6244 6253 3812 3803 6244 6253 3812 746 3950 3951 747 351 2155 2156 352 3804 6245 6254 3813 3804 6245 6254 3813 3805 6246 6255 3814 3805 6246 6255 3814 3806 6247 6256 3815 3806 6247 6256 3815 3807 6248 6257 3816 3807 6248 6257 3816 3808 6249 6258 3817 3808 6249 6258 3817 3809 6250 6259 3818 3809 6250 6259 3818 3810 6251 6260 3819 3810 6251 6260 3819 3811 6252 6261 3820 3811 6252 6261 3820 3812 6253 6262 3821 3812 6253 6262 3821 747 3951 3952 748 352 2156 2157 353 3813 6254 6263 3822 3813 6254 6263 3822 3814 6255 6264 3823 3814 6255 6264 3823 3815 6256 6265 3824 3815 6256 6265 3824 3816 6257 6266 3825 3816 6257 6266 3825 3817 6258 6267 3826 3817 6258 6267 3826 3818 6259 6268 3827 3818 6259 6268 3827 3819 6260 6269 3828 3819 6260 6269 3828 3820 6261 6270 3829 3820 6261 6270 3829 3821 6262 6271 3830 3821 6262 6271 3830 748 3952 3953 749 353 2157 2158 354 3822 6263 6272 3831 3822 6263 6272 3831 3823 6264 6273 3832 3823 6264 6273 3832 3824 6265 6274 3833 3824 6265 6274 3833 3825 6266 6275 3834 3825 6266 6275 3834 3826 6267 6276 3835 3826 6267 6276 3835 3827 6268 6277 3836 3827 6268 6277 3836 3828 6269 6278 3837 3828 6269 6278 3837 3829 6270 6279 3838 3829 6270 6279 3838 3830 6271 6280 3839 3830 6271 6280 3839 749 3953 3954 750 354 2158 2159 355 3831 6272 6281 3840 3831 6272 6281 3840 3832 6273 6282 3841 3832 6273 6282 3841 3833 6274 6283 3842 3833 6274 6283 3842 3834 6275 6284 3843 3834 6275 6284 3843 3835 6276 6285 3844 3835 6276 6285 3844 3836 6277 6286 3845 3836 6277 6286 3845 3837 6278 6287 3846 3837 6278 6287 3846 3838 6279 6288 3847 3838 6279 6288 3847 3839 6280 6289 3848 3839 6280 6289 3848 750 3954 3955 751 355 2159 2160 356 3840 6281 6290 3849 3840 6281 6290 3849 3841 6282 6291 3850 3841 6282 6291 3850 3842 6283 6292 3851 3842 6283 6292 3851 3843 6284 6293 3852 3843 6284 6293 3852 3844 6285 6294 3853 3844 6285 6294 3853 3845 6286 6295 3854 3845 6286 6295 3854 3846 6287 6296 3855 3846 6287 6296 3855 3847 6288 6297 3856 3847 6288 6297 3856 3848 6289 6298 3857 3848 6289 6298 3857 751 3955 3956 752 356 2160 2161 357 3849 6290 6299 3858 3849 6290 6299 3858 3850 6291 6300 3859 3850 6291 6300 3859 3851 6292 6301 3860 3851 6292 6301 3860 3852 6293 6302 3861 3852 6293 6302 3861 3853 6294 6303 3862 3853 6294 6303 3862 3854 6295 6304 3863 3854 6295 6304 3863 3855 6296 6305 3864 3855 6296 6305 3864 3856 6297 6306 3865 3856 6297 6306 3865 3857 6298 6307 3866 3857 6298 6307 3866 752 3956 3957 753 357 2161 2162 358 3858 6299 6308 3867 3858 6299 6308 3867 3859 6300 6309 3868 3859 6300 6309 3868 3860 6301 6310 3869 3860 6301 6310 3869 3861 6302 6311 3870 3861 6302 6311 3870 3862 6303 6312 3871 3862 6303 6312 3871 3863 6304 6313 3872 3863 6304 6313 3872 3864 6305 6314 3873 3864 6305 6314 3873 3865 6306 6315 3874 3865 6306 6315 3874 3866 6307 6316 3875 3866 6307 6316 3875 753 3957 3958 754 358 2162 2163 359 3867 6308 6317 3876 3867 6308 6317 3876 3868 6309 6318 3877 3868 6309 6318 3877 3869 6310 6319 3878 3869 6310 6319 3878 3870 6311 6320 3879 3870 6311 6320 3879 3871 6312 6321 3880 3871 6312 6321 3880 3872 6313 6322 3881 3872 6313 6322 3881 3873 6314 6323 3882 3873 6314 6323 3882 3874 6315 6324 3883 3874 6315 6324 3883 3875 6316 6325 3884 3875 6316 6325 3884 754 3958 3959 755 359 2163 2164 360 3876 6317 6326 3885 3876 6317 6326 3885 3877 6318 6327 3886 3877 6318 6327 3886 3878 6319 6328 3887 3878 6319 6328 3887 3879 6320 6329 3888 3879 6320 6329 3888 3880 6321 6330 3889 3880 6321 6330 3889 3881 6322 6331 3890 3881 6322 6331 3890 3882 6323 6332 3891 3882 6323 6332 3891 3883 6324 6333 3892 3883 6324 6333 3892 3884 6325 6334 3893 3884 6325 6334 3893 755 3959 3960 756 360 2164 2165 361 3885 6326 6335 3894 3885 6326 6335 3894 3886 6327 6336 3895 3886 6327 6336 3895 3887 6328 6337 3896 3887 6328 6337 3896 3888 6329 6338 3897 3888 6329 6338 3897 3889 6330 6339 3898 3889 6330 6339 3898 3890 6331 6340 3899 3890 6331 6340 3899 3891 6332 6341 3900 3891 6332 6341 3900 3892 6333 6342 3901 3892 6333 6342 3901 3893 6334 6343 3902 3893 6334 6343 3902 756 3960 3961 757 361 2165 2166 362 3894 6335 6344 3903 3894 6335 6344 3903 3895 6336 6345 3904 3895 6336 6345 3904 3896 6337 6346 3905 3896 6337 6346 3905 3897 6338 6347 3906 3897 6338 6347 3906 3898 6339 6348 3907 3898 6339 6348 3907 3899 6340 6349 3908 3899 6340 6349 3908 3900 6341 6350 3909 3900 6341 6350 3909 3901 6342 6351 3910 3901 6342 6351 3910 3902 6343 6352 3911 3902 6343 6352 3911 757 3961 3962 758 362 2166 2167 363 3903 6344 6353 3912 3903 6344 6353 3912 3904 6345 6354 3913 3904 6345 6354 3913 3905 6346 6355 3914 3905 6346 6355 3914 3906 6347 6356 3915 3906 6347 6356 3915 3907 6348 6357 3916 3907 6348 6357 3916 3908 6349 6358 3917 3908 6349 6358 3917 3909 6350 6359 3918 3909 6350 6359 3918 3910 6351 6360 3919 3910 6351 6360 3919 3911 6352 6361 3920 3911 6352 6361 3920 758 3962 3963 759 363 2167 2168 364 3912 6353 6362 3921 3912 6353 6362 3921 3913 6354 6363 3922 3913 6354 6363 3922 3914 6355 6364 3923 3914 6355 6364 3923 3915 6356 6365 3924 3915 6356 6365 3924 3916 6357 6366 3925 3916 6357 6366 3925 3917 6358 6367 3926 3917 6358 6367 3926 3918 6359 6368 3927 3918 6359 6368 3927 3919 6360 6369 3928 3919 6360 6369 3928 3920 6361 6370 3929 3920 6361 6370 3929 759 3963 3964 760 364 2168 2169 365 3921 6362 6371 3930 3921 6362 6371 3930 3922 6363 6372 3931 3922 6363 6372 3931 3923 6364 6373 3932 3923 6364 6373 3932 3924 6365 6374 3933 3924 6365 6374 3933 3925 6366 6375 3934 3925 6366 6375 3934 3926 6367 6376 3935 3926 6367 6376 3935 3927 6368 6377 3936 3927 6368 6377 3936 3928 6369 6378 3937 3928 6369 6378 3937 3929 6370 6379 3938 3929 6370 6379 3938 760 3964 3965 761 365 2169 2170 366 3930 6371 6380 3939 3930 6371 6380 3939 3931 6372 6381 3940 3931 6372 6381 3940 3932 6373 6382 3941 3932 6373 6382 3941 3933 6374 6383 3942 3933 6374 6383 3942 3934 6375 6384 3943 3934 6375 6384 3943 3935 6376 6385 3944 3935 6376 6385 3944 3936 6377 6386 3945 3936 6377 6386 3945 3937 6378 6387 3946 3937 6378 6387 3946 3938 6379 6388 3947 3938 6379 6388 3947 761 3965 3966 762 366 2170 440 26 3939 6380 3759 632 3939 6380 3759 632 3940 6381 3760 633 3940 6381 3760 633 3941 6382 3761 634 3941 6382 3761 634 3942 6383 3762 635 3942 6383 3762 635 3943 6384 3763 636 3943 6384 3763 636 3944 6385 3764 637 3944 6385 3764 637 3945 6386 3765 638 3945 6386 3765 638 3946 6387 3766 639 3946 6387 3766 639 3947 6388 3767 640 3947 6388 3767 640 762 3966 742 42 417 418 2171 2152 3566 3575 6389 6218 3566 3575 6389 6218 3567 3576 6390 6219 3567 3576 6390 6219 3568 3577 6391 6220 3568 3577 6391 6220 3569 3578 6392 6221 3569 3578 6392 6221 3570 3579 6393 6222 3570 3579 6393 6222 3571 3580 6394 6223 3571 3580 6394 6223 3572 3581 6395 6224 3572 3581 6395 6224 3573 3582 6396 6225 3573 3582 6396 6225 3574 3583 6397 6226 3574 3583 6397 6226 712 713 3967 3948 2152 2171 2172 2153 6218 6389 6398 6227 6218 6389 6398 6227 6219 6390 6399 6228 6219 6390 6399 6228 6220 6391 6400 6229 6220 6391 6400 6229 6221 6392 6401 6230 6221 6392 6401 6230 6222 6393 6402 6231 6222 6393 6402 6231 6223 6394 6403 6232 6223 6394 6403 6232 6224 6395 6404 6233 6224 6395 6404 6233 6225 6396 6405 6234 6225 6396 6405 6234 6226 6397 6406 6235 6226 6397 6406 6235 3948 3967 3968 3949 2153 2172 2173 2154 6227 6398 6407 6236 6227 6398 6407 6236 6228 6399 6408 6237 6228 6399 6408 6237 6229 6400 6409 6238 6229 6400 6409 6238 6230 6401 6410 6239 6230 6401 6410 6239 6231 6402 6411 6240 6231 6402 6411 6240 6232 6403 6412 6241 6232 6403 6412 6241 6233 6404 6413 6242 6233 6404 6413 6242 6234 6405 6414 6243 6234 6405 6414 6243 6235 6406 6415 6244 6235 6406 6415 6244 3949 3968 3969 3950 2154 2173 2174 2155 6236 6407 6416 6245 6236 6407 6416 6245 6237 6408 6417 6246 6237 6408 6417 6246 6238 6409 6418 6247 6238 6409 6418 6247 6239 6410 6419 6248 6239 6410 6419 6248 6240 6411 6420 6249 6240 6411 6420 6249 6241 6412 6421 6250 6241 6412 6421 6250 6242 6413 6422 6251 6242 6413 6422 6251 6243 6414 6423 6252 6243 6414 6423 6252 6244 6415 6424 6253 6244 6415 6424 6253 3950 3969 3970 3951 2155 2174 2175 2156 6245 6416 6425 6254 6245 6416 6425 6254 6246 6417 6426 6255 6246 6417 6426 6255 6247 6418 6427 6256 6247 6418 6427 6256 6248 6419 6428 6257 6248 6419 6428 6257 6249 6420 6429 6258 6249 6420 6429 6258 6250 6421 6430 6259 6250 6421 6430 6259 6251 6422 6431 6260 6251 6422 6431 6260 6252 6423 6432 6261 6252 6423 6432 6261 6253 6424 6433 6262 6253 6424 6433 6262 3951 3970 3971 3952 2156 2175 2176 2157 6254 6425 6434 6263 6254 6425 6434 6263 6255 6426 6435 6264 6255 6426 6435 6264 6256 6427 6436 6265 6256 6427 6436 6265 6257 6428 6437 6266 6257 6428 6437 6266 6258 6429 6438 6267 6258 6429 6438 6267 6259 6430 6439 6268 6259 6430 6439 6268 6260 6431 6440 6269 6260 6431 6440 6269 6261 6432 6441 6270 6261 6432 6441 6270 6262 6433 6442 6271 6262 6433 6442 6271 3952 3971 3972 3953 2157 2176 2177 2158 6263 6434 6443 6272 6263 6434 6443 6272 6264 6435 6444 6273 6264 6435 6444 6273 6265 6436 6445 6274 6265 6436 6445 6274 6266 6437 6446 6275 6266 6437 6446 6275 6267 6438 6447 6276 6267 6438 6447 6276 6268 6439 6448 6277 6268 6439 6448 6277 6269 6440 6449 6278 6269 6440 6449 6278 6270 6441 6450 6279 6270 6441 6450 6279 6271 6442 6451 6280 6271 6442 6451 6280 3953 3972 3973 3954 2158 2177 2178 2159 6272 6443 6452 6281 6272 6443 6452 6281 6273 6444 6453 6282 6273 6444 6453 6282 6274 6445 6454 6283 6274 6445 6454 6283 6275 6446 6455 6284 6275 6446 6455 6284 6276 6447 6456 6285 6276 6447 6456 6285 6277 6448 6457 6286 6277 6448 6457 6286 6278 6449 6458 6287 6278 6449 6458 6287 6279 6450 6459 6288 6279 6450 6459 6288 6280 6451 6460 6289 6280 6451 6460 6289 3954 3973 3974 3955 2159 2178 2179 2160 6281 6452 6461 6290 6281 6452 6461 6290 6282 6453 6462 6291 6282 6453 6462 6291 6283 6454 6463 6292 6283 6454 6463 6292 6284 6455 6464 6293 6284 6455 6464 6293 6285 6456 6465 6294 6285 6456 6465 6294 6286 6457 6466 6295 6286 6457 6466 6295 6287 6458 6467 6296 6287 6458 6467 6296 6288 6459 6468 6297 6288 6459 6468 6297 6289 6460 6469 6298 6289 6460 6469 6298 3955 3974 3975 3956 2160 2179 2180 2161 6290 6461 6470 6299 6290 6461 6470 6299 6291 6462 6471 6300 6291 6462 6471 6300 6292 6463 6472 6301 6292 6463 6472 6301 6293 6464 6473 6302 6293 6464 6473 6302 6294 6465 6474 6303 6294 6465 6474 6303 6295 6466 6475 6304 6295 6466 6475 6304 6296 6467 6476 6305 6296 6467 6476 6305 6297 6468 6477 6306 6297 6468 6477 6306 6298 6469 6478 6307 6298 6469 6478 6307 3956 3975 3976 3957 2161 2180 2181 2162 6299 6470 6479 6308 6299 6470 6479 6308 6300 6471 6480 6309 6300 6471 6480 6309 6301 6472 6481 6310 6301 6472 6481 6310 6302 6473 6482 6311 6302 6473 6482 6311 6303 6474 6483 6312 6303 6474 6483 6312 6304 6475 6484 6313 6304 6475 6484 6313 6305 6476 6485 6314 6305 6476 6485 6314 6306 6477 6486 6315 6306 6477 6486 6315 6307 6478 6487 6316 6307 6478 6487 6316 3957 3976 3977 3958 2162 2181 2182 2163 6308 6479 6488 6317 6308 6479 6488 6317 6309 6480 6489 6318 6309 6480 6489 6318 6310 6481 6490 6319 6310 6481 6490 6319 6311 6482 6491 6320 6311 6482 6491 6320 6312 6483 6492 6321 6312 6483 6492 6321 6313 6484 6493 6322 6313 6484 6493 6322 6314 6485 6494 6323 6314 6485 6494 6323 6315 6486 6495 6324 6315 6486 6495 6324 6316 6487 6496 6325 6316 6487 6496 6325 3958 3977 3978 3959 2163 2182 2183 2164 6317 6488 6497 6326 6317 6488 6497 6326 6318 6489 6498 6327 6318 6489 6498 6327 6319 6490 6499 6328 6319 6490 6499 6328 6320 6491 6500 6329 6320 6491 6500 6329 6321 6492 6501 6330 6321 6492 6501 6330 6322 6493 6502 6331 6322 6493 6502 6331 6323 6494 6503 6332 6323 6494 6503 6332 6324 6495 6504 6333 6324 6495 6504 6333 6325 6496 6505 6334 6325 6496 6505 6334 3959 3978 3979 3960 2164 2183 2184 2165 6326 6497 6506 6335 6326 6497 6506 6335 6327 6498 6507 6336 6327 6498 6507 6336 6328 6499 6508 6337 6328 6499 6508 6337 6329 6500 6509 6338 6329 6500 6509 6338 6330 6501 6510 6339 6330 6501 6510 6339 6331 6502 6511 6340 6331 6502 6511 6340 6332 6503 6512 6341 6332 6503 6512 6341 6333 6504 6513 6342 6333 6504 6513 6342 6334 6505 6514 6343 6334 6505 6514 6343 3960 3979 3980 3961 2165 2184 2185 2166 6335 6506 6515 6344 6335 6506 6515 6344 6336 6507 6516 6345 6336 6507 6516 6345 6337 6508 6517 6346 6337 6508 6517 6346 6338 6509 6518 6347 6338 6509 6518 6347 6339 6510 6519 6348 6339 6510 6519 6348 6340 6511 6520 6349 6340 6511 6520 6349 6341 6512 6521 6350 6341 6512 6521 6350 6342 6513 6522 6351 6342 6513 6522 6351 6343 6514 6523 6352 6343 6514 6523 6352 3961 3980 3981 3962 2166 2185 2186 2167 6344 6515 6524 6353 6344 6515 6524 6353 6345 6516 6525 6354 6345 6516 6525 6354 6346 6517 6526 6355 6346 6517 6526 6355 6347 6518 6527 6356 6347 6518 6527 6356 6348 6519 6528 6357 6348 6519 6528 6357 6349 6520 6529 6358 6349 6520 6529 6358 6350 6521 6530 6359 6350 6521 6530 6359 6351 6522 6531 6360 6351 6522 6531 6360 6352 6523 6532 6361 6352 6523 6532 6361 3962 3981 3982 3963 2167 2186 2187 2168 6353 6524 6533 6362 6353 6524 6533 6362 6354 6525 6534 6363 6354 6525 6534 6363 6355 6526 6535 6364 6355 6526 6535 6364 6356 6527 6536 6365 6356 6527 6536 6365 6357 6528 6537 6366 6357 6528 6537 6366 6358 6529 6538 6367 6358 6529 6538 6367 6359 6530 6539 6368 6359 6530 6539 6368 6360 6531 6540 6369 6360 6531 6540 6369 6361 6532 6541 6370 6361 6532 6541 6370 3963 3982 3983 3964 2168 2187 2188 2169 6362 6533 6542 6371 6362 6533 6542 6371 6363 6534 6543 6372 6363 6534 6543 6372 6364 6535 6544 6373 6364 6535 6544 6373 6365 6536 6545 6374 6365 6536 6545 6374 6366 6537 6546 6375 6366 6537 6546 6375 6367 6538 6547 6376 6367 6538 6547 6376 6368 6539 6548 6377 6368 6539 6548 6377 6369 6540 6549 6378 6369 6540 6549 6378 6370 6541 6550 6379 6370 6541 6550 6379 3964 3983 3984 3965 2169 2188 2189 2170 6371 6542 6551 6380 6371 6542 6551 6380 6372 6543 6552 6381 6372 6543 6552 6381 6373 6544 6553 6382 6373 6544 6553 6382 6374 6545 6554 6383 6374 6545 6554 6383 6375 6546 6555 6384 6375 6546 6555 6384 6376 6547 6556 6385 6376 6547 6556 6385 6377 6548 6557 6386 6377 6548 6557 6386 6378 6549 6558 6387 6378 6549 6558 6387 6379 6550 6559 6388 6379 6550 6559 6388 3965 3984 3985 3966 2170 2189 441 440 6380 6551 3768 3759 6380 6551 3768 3759 6381 6552 3769 3760 6381 6552 3769 3760 6382 6553 3770 3761 6382 6553 3770 3761 6383 6554 3771 3762 6383 6554 3771 3762 6384 6555 3772 3763 6384 6555 3772 3763 6385 6556 3773 3764 6385 6556 3773 3764 6386 6557 3774 3765 6386 6557 3774 3765 6387 6558 3775 3766 6387 6558 3775 3766 6388 6559 3776 3767 6388 6559 3776 3767 3966 3985 743 742 418 29 421 2171 3575 701 3588 6389 3575 701 3588 6389 3576 702 3589 6390 3576 702 3589 6390 3577 703 3590 6391 3577 703 3590 6391 3578 704 3591 6392 3578 704 3591 6392 3579 705 3592 6393 3579 705 3592 6393 3580 706 3593 6394 3580 706 3593 6394 3581 707 3594 6395 3581 707 3594 6395 3582 708 3595 6396 3582 708 3595 6396 3583 709 3596 6397 3583 709 3596 6397 713 45 723 3967 2171 421 422 2172 6389 3588 3597 6398 6389 3588 3597 6398 6390 3589 3598 6399 6390 3589 3598 6399 6391 3590 3599 6400 6391 3590 3599 6400 6392 3591 3600 6401 6392 3591 3600 6401 6393 3592 3601 6402 6393 3592 3601 6402 6394 3593 3602 6403 6394 3593 3602 6403 6395 3594 3603 6404 6395 3594 3603 6404 6396 3595 3604 6405 6396 3595 3604 6405 6397 3596 3605 6406 6397 3596 3605 6406 3967 723 724 3968 2172 422 423 2173 6398 3597 3606 6407 6398 3597 3606 6407 6399 3598 3607 6408 6399 3598 3607 6408 6400 3599 3608 6409 6400 3599 3608 6409 6401 3600 3609 6410 6401 3600 3609 6410 6402 3601 3610 6411 6402 3601 3610 6411 6403 3602 3611 6412 6403 3602 3611 6412 6404 3603 3612 6413 6404 3603 3612 6413 6405 3604 3613 6414 6405 3604 3613 6414 6406 3605 3614 6415 6406 3605 3614 6415 3968 724 725 3969 2173 423 424 2174 6407 3606 3615 6416 6407 3606 3615 6416 6408 3607 3616 6417 6408 3607 3616 6417 6409 3608 3617 6418 6409 3608 3617 6418 6410 3609 3618 6419 6410 3609 3618 6419 6411 3610 3619 6420 6411 3610 3619 6420 6412 3611 3620 6421 6412 3611 3620 6421 6413 3612 3621 6422 6413 3612 3621 6422 6414 3613 3622 6423 6414 3613 3622 6423 6415 3614 3623 6424 6415 3614 3623 6424 3969 725 726 3970 2174 424 425 2175 6416 3615 3624 6425 6416 3615 3624 6425 6417 3616 3625 6426 6417 3616 3625 6426 6418 3617 3626 6427 6418 3617 3626 6427 6419 3618 3627 6428 6419 3618 3627 6428 6420 3619 3628 6429 6420 3619 3628 6429 6421 3620 3629 6430 6421 3620 3629 6430 6422 3621 3630 6431 6422 3621 3630 6431 6423 3622 3631 6432 6423 3622 3631 6432 6424 3623 3632 6433 6424 3623 3632 6433 3970 726 727 3971 2175 425 426 2176 6425 3624 3633 6434 6425 3624 3633 6434 6426 3625 3634 6435 6426 3625 3634 6435 6427 3626 3635 6436 6427 3626 3635 6436 6428 3627 3636 6437 6428 3627 3636 6437 6429 3628 3637 6438 6429 3628 3637 6438 6430 3629 3638 6439 6430 3629 3638 6439 6431 3630 3639 6440 6431 3630 3639 6440 6432 3631 3640 6441 6432 3631 3640 6441 6433 3632 3641 6442 6433 3632 3641 6442 3971 727 728 3972 2176 426 427 2177 6434 3633 3642 6443 6434 3633 3642 6443 6435 3634 3643 6444 6435 3634 3643 6444 6436 3635 3644 6445 6436 3635 3644 6445 6437 3636 3645 6446 6437 3636 3645 6446 6438 3637 3646 6447 6438 3637 3646 6447 6439 3638 3647 6448 6439 3638 3647 6448 6440 3639 3648 6449 6440 3639 3648 6449 6441 3640 3649 6450 6441 3640 3649 6450 6442 3641 3650 6451 6442 3641 3650 6451 3972 728 729 3973 2177 427 428 2178 6443 3642 3651 6452 6443 3642 3651 6452 6444 3643 3652 6453 6444 3643 3652 6453 6445 3644 3653 6454 6445 3644 3653 6454 6446 3645 3654 6455 6446 3645 3654 6455 6447 3646 3655 6456 6447 3646 3655 6456 6448 3647 3656 6457 6448 3647 3656 6457 6449 3648 3657 6458 6449 3648 3657 6458 6450 3649 3658 6459 6450 3649 3658 6459 6451 3650 3659 6460 6451 3650 3659 6460 3973 729 730 3974 2178 428 429 2179 6452 3651 3660 6461 6452 3651 3660 6461 6453 3652 3661 6462 6453 3652 3661 6462 6454 3653 3662 6463 6454 3653 3662 6463 6455 3654 3663 6464 6455 3654 3663 6464 6456 3655 3664 6465 6456 3655 3664 6465 6457 3656 3665 6466 6457 3656 3665 6466 6458 3657 3666 6467 6458 3657 3666 6467 6459 3658 3667 6468 6459 3658 3667 6468 6460 3659 3668 6469 6460 3659 3668 6469 3974 730 731 3975 2179 429 430 2180 6461 3660 3669 6470 6461 3660 3669 6470 6462 3661 3670 6471 6462 3661 3670 6471 6463 3662 3671 6472 6463 3662 3671 6472 6464 3663 3672 6473 6464 3663 3672 6473 6465 3664 3673 6474 6465 3664 3673 6474 6466 3665 3674 6475 6466 3665 3674 6475 6467 3666 3675 6476 6467 3666 3675 6476 6468 3667 3676 6477 6468 3667 3676 6477 6469 3668 3677 6478 6469 3668 3677 6478 3975 731 732 3976 2180 430 431 2181 6470 3669 3678 6479 6470 3669 3678 6479 6471 3670 3679 6480 6471 3670 3679 6480 6472 3671 3680 6481 6472 3671 3680 6481 6473 3672 3681 6482 6473 3672 3681 6482 6474 3673 3682 6483 6474 3673 3682 6483 6475 3674 3683 6484 6475 3674 3683 6484 6476 3675 3684 6485 6476 3675 3684 6485 6477 3676 3685 6486 6477 3676 3685 6486 6478 3677 3686 6487 6478 3677 3686 6487 3976 732 733 3977 2181 431 432 2182 6479 3678 3687 6488 6479 3678 3687 6488 6480 3679 3688 6489 6480 3679 3688 6489 6481 3680 3689 6490 6481 3680 3689 6490 6482 3681 3690 6491 6482 3681 3690 6491 6483 3682 3691 6492 6483 3682 3691 6492 6484 3683 3692 6493 6484 3683 3692 6493 6485 3684 3693 6494 6485 3684 3693 6494 6486 3685 3694 6495 6486 3685 3694 6495 6487 3686 3695 6496 6487 3686 3695 6496 3977 733 734 3978 2182 432 433 2183 6488 3687 3696 6497 6488 3687 3696 6497 6489 3688 3697 6498 6489 3688 3697 6498 6490 3689 3698 6499 6490 3689 3698 6499 6491 3690 3699 6500 6491 3690 3699 6500 6492 3691 3700 6501 6492 3691 3700 6501 6493 3692 3701 6502 6493 3692 3701 6502 6494 3693 3702 6503 6494 3693 3702 6503 6495 3694 3703 6504 6495 3694 3703 6504 6496 3695 3704 6505 6496 3695 3704 6505 3978 734 735 3979 2183 433 434 2184 6497 3696 3705 6506 6497 3696 3705 6506 6498 3697 3706 6507 6498 3697 3706 6507 6499 3698 3707 6508 6499 3698 3707 6508 6500 3699 3708 6509 6500 3699 3708 6509 6501 3700 3709 6510 6501 3700 3709 6510 6502 3701 3710 6511 6502 3701 3710 6511 6503 3702 3711 6512 6503 3702 3711 6512 6504 3703 3712 6513 6504 3703 3712 6513 6505 3704 3713 6514 6505 3704 3713 6514 3979 735 736 3980 2184 434 435 2185 6506 3705 3714 6515 6506 3705 3714 6515 6507 3706 3715 6516 6507 3706 3715 6516 6508 3707 3716 6517 6508 3707 3716 6517 6509 3708 3717 6518 6509 3708 3717 6518 6510 3709 3718 6519 6510 3709 3718 6519 6511 3710 3719 6520 6511 3710 3719 6520 6512 3711 3720 6521 6512 3711 3720 6521 6513 3712 3721 6522 6513 3712 3721 6522 6514 3713 3722 6523 6514 3713 3722 6523 3980 736 737 3981 2185 435 436 2186 6515 3714 3723 6524 6515 3714 3723 6524 6516 3715 3724 6525 6516 3715 3724 6525 6517 3716 3725 6526 6517 3716 3725 6526 6518 3717 3726 6527 6518 3717 3726 6527 6519 3718 3727 6528 6519 3718 3727 6528 6520 3719 3728 6529 6520 3719 3728 6529 6521 3720 3729 6530 6521 3720 3729 6530 6522 3721 3730 6531 6522 3721 3730 6531 6523 3722 3731 6532 6523 3722 3731 6532 3981 737 738 3982 2186 436 437 2187 6524 3723 3732 6533 6524 3723 3732 6533 6525 3724 3733 6534 6525 3724 3733 6534 6526 3725 3734 6535 6526 3725 3734 6535 6527 3726 3735 6536 6527 3726 3735 6536 6528 3727 3736 6537 6528 3727 3736 6537 6529 3728 3737 6538 6529 3728 3737 6538 6530 3729 3738 6539 6530 3729 3738 6539 6531 3730 3739 6540 6531 3730 3739 6540 6532 3731 3740 6541 6532 3731 3740 6541 3982 738 739 3983 2187 437 438 2188 6533 3732 3741 6542 6533 3732 3741 6542 6534 3733 3742 6543 6534 3733 3742 6543 6535 3734 3743 6544 6535 3734 3743 6544 6536 3735 3744 6545 6536 3735 3744 6545 6537 3736 3745 6546 6537 3736 3745 6546 6538 3737 3746 6547 6538 3737 3746 6547 6539 3738 3747 6548 6539 3738 3747 6548 6540 3739 3748 6549 6540 3739 3748 6549 6541 3740 3749 6550 6541 3740 3749 6550 3983 739 740 3984 2188 438 439 2189 6542 3741 3750 6551 6542 3741 3750 6551 6543 3742 3751 6552 6543 3742 3751 6552 6544 3743 3752 6553 6544 3743 3752 6553 6545 3744 3753 6554 6545 3744 3753 6554 6546 3745 3754 6555 6546 3745 3754 6555 6547 3746 3755 6556 6547 3746 3755 6556 6548 3747 3756 6557 6548 3747 3756 6557 6549 3748 3757 6558 6549 3748 3757 6558 6550 3749 3758 6559 6550 3749 3758 6559 3984 740 741 3985 2189 439 30 441 6551 3750 714 3768 6551 3750 714 3768 6552 3751 715 3769 6552 3751 715 3769 6553 3752 716 3770 6553 3752 716 3770 6554 3753 717 3771 6554 3753 717 3771 6555 3754 718 3772 6555 3754 718 3772 6556 3755 719 3773 6556 3755 719 3773 6557 3756 720 3774 6557 3756 720 3774 6558 3757 721 3775 6558 3757 721 3775 6559 3758 722 3776 6559 3758 722 3776 3985 741 46 743 26 440 2198 388 632 3759 6560 3303 632 3759 6560 3303 633 3760 6561 3304 633 3760 6561 3304 634 3761 6562 3305 634 3761 6562 3305 635 3762 6563 3306 635 3762 6563 3306 636 3763 6564 3307 636 3763 6564 3307 637 3764 6565 3308 637 3764 6565 3308 638 3765 6566 3309 638 3765 6566 3309 639 3766 6567 3310 639 3766 6567 3310 640 3767 6568 3311 640 3767 6568 3311 42 742 4022 669 388 2198 2199 389 3303 6560 6569 3312 3303 6560 6569 3312 3304 6561 6570 3313 3304 6561 6570 3313 3305 6562 6571 3314 3305 6562 6571 3314 3306 6563 6572 3315 3306 6563 6572 3315 3307 6564 6573 3316 3307 6564 6573 3316 3308 6565 6574 3317 3308 6565 6574 3317 3309 6566 6575 3318 3309 6566 6575 3318 3310 6567 6576 3319 3310 6567 6576 3319 3311 6568 6577 3320 3311 6568 6577 3320 669 4022 4023 670 389 2199 446 27 3312 6569 4004 660 3312 6569 4004 660 3313 6570 4005 661 3313 6570 4005 661 3314 6571 4006 662 3314 6571 4006 662 3315 6572 4007 663 3315 6572 4007 663 3316 6573 4008 664 3316 6573 4008 664 3317 6574 4009 665 3317 6574 4009 665 3318 6575 4010 666 3318 6575 4010 666 3319 6576 4011 667 3319 6576 4011 667 3320 6577 4012 668 3320 6577 4012 668 670 4023 774 43 440 441 2200 2198 3759 3768 6578 6560 3759 3768 6578 6560 3760 3769 6579 6561 3760 3769 6579 6561 3761 3770 6580 6562 3761 3770 6580 6562 3762 3771 6581 6563 3762 3771 6581 6563 3763 3772 6582 6564 3763 3772 6582 6564 3764 3773 6583 6565 3764 3773 6583 6565 3765 3774 6584 6566 3765 3774 6584 6566 3766 3775 6585 6567 3766 3775 6585 6567 3767 3776 6586 6568 3767 3776 6586 6568 742 743 4024 4022 2198 2200 2201 2199 6560 6578 6587 6569 6560 6578 6587 6569 6561 6579 6588 6570 6561 6579 6588 6570 6562 6580 6589 6571 6562 6580 6589 6571 6563 6581 6590 6572 6563 6581 6590 6572 6564 6582 6591 6573 6564 6582 6591 6573 6565 6583 6592 6574 6565 6583 6592 6574 6566 6584 6593 6575 6566 6584 6593 6575 6567 6585 6594 6576 6567 6585 6594 6576 6568 6586 6595 6577 6568 6586 6595 6577 4022 4024 4025 4023 2199 2201 447 446 6569 6587 4013 4004 6569 6587 4013 4004 6570 6588 4014 4005 6570 6588 4014 4005 6571 6589 4015 4006 6571 6589 4015 4006 6572 6590 4016 4007 6572 6590 4016 4007 6573 6591 4017 4008 6573 6591 4017 4008 6574 6592 4018 4009 6574 6592 4018 4009 6575 6593 4019 4010 6575 6593 4019 4010 6576 6594 4020 4011 6576 6594 4020 4011 6577 6595 4021 4012 6577 6595 4021 4012 4023 4025 775 774 441 30 444 2200 3768 714 3986 6578 3768 714 3986 6578 3769 715 3987 6579 3769 715 3987 6579 3770 716 3988 6580 3770 716 3988 6580 3771 717 3989 6581 3771 717 3989 6581 3772 718 3990 6582 3772 718 3990 6582 3773 719 3991 6583 3773 719 3991 6583 3774 720 3992 6584 3774 720 3992 6584 3775 721 3993 6585 3775 721 3993 6585 3776 722 3994 6586 3776 722 3994 6586 743 46 772 4024 2200 444 445 2201 6578 3986 3995 6587 6578 3986 3995 6587 6579 3987 3996 6588 6579 3987 3996 6588 6580 3988 3997 6589 6580 3988 3997 6589 6581 3989 3998 6590 6581 3989 3998 6590 6582 3990 3999 6591 6582 3990 3999 6591 6583 3991 4000 6592 6583 3991 4000 6592 6584 3992 4001 6593 6584 3992 4001 6593 6585 3993 4002 6594 6585 3993 4002 6594 6586 3994 4003 6595 6586 3994 4003 6595 4024 772 773 4025 2201 445 31 447 6587 3995 763 4013 6587 3995 763 4013 6588 3996 764 4014 6588 3996 764 4014 6589 3997 765 4015 6589 3997 765 4015 6590 3998 766 4016 6590 3998 766 4016 6591 3999 767 4017 6591 3999 767 4017 6592 4000 768 4018 6592 4000 768 4018 6593 4001 769 4019 6593 4001 769 4019 6594 4002 770 4020 6594 4002 770 4020 6595 4003 771 4021 6595 4003 771 4021 4025 773 47 775</DataArray>
        <DataArray type="Int64" Name="offsets" NumberOfComponents="1" format="ascii">0 8 16 24 32 40 48 56 64 72 80 88 96 104 112 120 128 136 144 152 160 168 176 184 192 200 208 216 224 232 240 248 256 264 272 280 288 296 304 312 320 328 336 344 352 360 368 376 384 392 400 408 416 424 432 440 448 456 464 472 480 488 496 504 512 520 528 536 544 552 560 568 576 584 592 600 608 616 624 632 640 648 656 664 672 680 688 696 704 712 720 728 736 744 752 760 768 776 784 792 800 808 816 824 832 840 848 856 864 872 880 888 896 904 912 920 928 936 944 952 960 968 976 984 992 1000 1008 1016 1024 1032 1040 1048 1056 1064 1072 1080 1088 1096 1104 1112 1120 1128 1136 1144 1152 1160 1168 1176 1184 1192 1200 1208 1216 1224 1232 1240 1248 1256 1264 1272 1280 1288 1296 1304 1312 1320 1328 1336 1344 1352 1360 1368 1376 1384 1392 1400 1408 1416 1424 1432 1440 1448 1456 1464 1472 1480 1488 1496 1504 1512 1520 1528 1536 1544 1552 1560 1568 1576 1584 1592 1600 1608 1616 1624 1632 1640 1648 1656 1664 1672 1680 1688 1696 1704 1712 1720 1728 1736 1744 1752 1760 1768 1776 1784 1792 1800 1808 1816 1824 1832 1840 1848 1856 1864 1872 1880 1888 1896 1904 1912 1920 1928 1936 1944 1952 1960 1968 1976 1984 1992 2000 2008 2016 2024 2032 2040 2048 2056 2064 2072 2080 2088 2096 2104 2112 2120 2128 2136 2144 2152 2160 2168 2176 2184 2192 2200 2208 2216 2224 2232 2240 2248 2256 2264 2272 2280 2288 2296 2304 2312 2320 2328 2336 2344 2352 2360 2368 2376 2384 2392 2400 2408 2416 2424 2432 2440 2448 2456 2464 2472 2480 2488 2496 2504 2512 2520 2528 2536 2544 2552 2560 2568 2576 2584 2592 2600 2608 2616 2624 2632 2640 2648 2656 2664 2672 2680 2688 2696 2704 2712 2720 2728 2736 2744 2752 2760 2768 2776 2784 2792 2800 2808 2816 2824 2832 2840 2848 2856 2864 2872 2880 2888 2896 2904 2912 2920 2928 2936 2944 2952 2960 2968 2976 2984 2992 3000 3008 3016 3024 3032 3040 3048 3056 3064 3072 3080 3088 3096 3104 3112 3120 3128 3136 3144 3152 3160 3168 3176 3184 3192 3200 3208 3216 3224 3232 3240 3248 3256 3264 3272 3280 3288 3296 3304 3312 3320 3328 3336 3344 3352 3360 3368 3376 3384 3392 3400 3408 3416 3424 3432 3440 3448 3456 3464 3472 3480 3488 3496 3504 3512 3520 3528 3536 3544 3552 3560 3568 3576 3584 3592 3600 3608 3616 3624 3632 3640 3648 3656 3664 3672 3680 3688 3696 3704 3712 3720 3728 3736 3744 3752 3760 3768 3776 3784 3792 3800 3808 3816 3824 3832 3840 3848 3856 3864 3872 3880 3888 3896 3904 3912 3920 3928 3936 3944 3952 3960 3968 3976 3984 3992 4000 4008 4016 4024 4032 4040 4048 4056 4064 4072 4080 4088 4096 4104 4112 4120 4128 4136 4144 4152 4160 4168 4176 4184 4192 4200 4208 4216 4224 4232 4240 4248 4256 4264 4272 4280 4288 4296 4304 4312 4320 4328 4336 4344 4352 4360 4368 4376 4384 4392 4400 4408 4416 4424 4432 4440 4448 4456 4464 4472 4480 4488 4496 4504 4512 4520 4528 4536 4544 4552 4560 4568 4576 4584 4592 4600 4608 4616 4624 4632 4640 4648 4656 4664 4672 4680 4688 4696 4704 4712 4720 4728 4736 4744 4752 4760 4768 4776 4784 4792 4800 4808 4816 4824 4832 4840 4848 4856 4864 4872 4880 4888 4896 4904 4912 4920 4928 4936 4944 4952 4960 4968 4976 4984 4992 5000 5008 5016 5024 5032 5040 5048 5056 5064 5072 5080 5088 5096 5104 5112 5120 5128 5136 5144 5152 5160 5168 5176 5184 5192 5200 5208 5216 5224 5232 5240 5248 5256 5264 5272 5280 5288 5296 5304 5312 5320 5328 5336 5344 5352 5360 5368 5376 5384 5392 5400 5408 5416 5424 5432 5440 5448 5456 5464 5472 5480 5488 5496 5504 5512 5520 5528 5536 5544 5552 5560 5568 5576 5584 5592 5600 5608 5616 5624 5632 5640 5648 5656 5664 5672 5680 5688 5696 5704 5712 5720 5728 5736 5744 5752 5760 5768 5776 5784 5792 5800 5808 5816 5824 5832 5840 5848 5856 5864 5872 5880 5888 5896 5904 5912 5920 5928 5936 5944 5952 5960 5968 5976 5984 5992 6000 6008 6016 6024 6032 6040 6048 6056 6064 6072 6080 6088 6096 6104 6112 6120 6128 6136 6144 6152 6160 6168 6176 6184 6192 6200 6208 6216 6224 6232 6240 6248 6256 6264 6272 6280 6288 6296 6304 6312 6320 6328 6336 6344 6352 6360 6368 6376 6384 6392 6400 6408 6416 6424 6432 6440 6448 6456 6464 6472 6480 6488 6496 6504 6512 6520 6528 6536 6544 6552 6560 6568 6576 6584 6592 6600 6608 6616 6624 6632 6640 6648 6656 6664 6672 6680 6688 6696 6704 6712 6720 6728 6736 6744 6752 6760 6768 6776 6784 6792 6800 6808 6816 6824 6832 6840 6848 6856 6864 6872 6880 6888 6896 6904 6912 6920 6928 6936 6944 6952 6960 6968 6976 6984 6992 7000 7008 7016 7024 7032 7040 7048 7056 7064 7072 7080 7088 7096 7104 7112 7120 7128 7136 7144 7152 7160 7168 7176 7184 7192 7200 7208 7216 7224 7232 7240 7248 7256 7264 7272 7280 7288 7296 7304 7312 7320 7328 7336 7344 7352 7360 7368 7376 7384 7392 7400 7408 7416 7424 7432 7440 7448 7456 7464 7472 7480 7488 7496 7504 7512 7520 7528 7536 7544 7552 7560 7568 7576 7584 7592 7600 7608 7616 7624 7632 7640 7648 7656 7664 7672 7680 7688 7696 7704 7712 7720 7728 7736 7744 7752 7760 7768 7776 7784 7792 7800 7808 7816 7824 7832 7840 7848 7856 7864 7872 7880 7888 7896 7904 7912 7920 7928 7936 7944 7952 7960 7968 7976 7984 7992 8000 8008 8016 8024 8032 8040 8048 8056 8064 8072 8080 8088 8096 8104 8112 8120 8128 8136 8144 8152 8160 8168 8176 8184 8192 8200 8208 8216 8224 8232 8240 8248 8256 8264 8272 8280 8288 8296 8304 8312 8320 8328 8336 8344 8352 8360 8368 8376 8384 8392 8400 8408 8416 8424 8432 8440 8448 8456 8464 8472 8480 8488 8496 8504 8512 8520 8528 8536 8544 8552 8560 8568 8576 8584 8592 8600 8608 8616 8624 8632 8640 8648 8656 8664 8672 8680 8688 8696 8704 8712 8720 8728 8736 8744 8752 8760 8768 8776 8784 8792 8800 8808 8816 8824 8832 8840 8848 8856 8864 8872 8880 8888 8896 8904 8912 8920 8928 8936 8944 8952 8960 8968 8976 8984 8992 9000 9008 9016 9024 9032 9040 9048 9056 9064 9072 9080 9088 9096 9104 9112 9120 9128 9136 9144 9152 9160 9168 9176 9184 9192 9200 9208 9216 9224 9232 9240 9248 9256 9264 9272 9280 9288 9296 9304 9312 9320 9328 9336 9344 9352 9360 9368 9376 9384 9392 9400 9408 9416 9424 9432 9440 9448 9456 9464 9472 9480 9488 9496 9504 9512 9520 9528 9536 9544 9552 9560 9568 9576 9584 9592 9600 9608 9616 9624 9632 9640 9648 9656 9664 9672 9680 9688 9696 9704 9712 9720 9728 9736 9744 9752 9760 9768 9776 9784 9792 9800 9808 9816 9824 9832 9840 9848 9856 9864 9872 9880 9888 9896 9904 9912 9920 9928 9936 9944 9952 9960 9968 9976 9984 9992 10000 10008 10016 10024 10032 10040 10048 10056 10064 10072 10080 10088 10096 10104 10112 10120 10128 10136 10144 10152 10160 10168 10176 10184 10192 10200 10208 10216 10224 10232 10240 10248 10256 10264 10272 10280 10288 10296 10304 10312 10320 10328 10336 10344 10352 10360 10368 10376 10384 10392 10400 10408 10416 10424 10432 10440 10448 10456 10464 10472 10480 10488 10496 10504 10512 10520 10528 10536 10544 10552 10560 10568 10576 10584 10592 10600 10608 10616 10624 10632 10640 10648 10656 10664 10672 10680 10688 10696 10704 10712 10720 10728 10736 10744 10752 10760 10768 10776 10784 10792 10800 10808 10816 10824 10832 10840 10848 10856 10864 10872 10880 10888 10896 10904 10912 10920 10928 10936 10944 10952 10960 10968 10976 10984 10992 11000 11008 11016 11024 11032 11040 11048 11056 11064 11072 11080 11088 11096 11104 11112 11120 11128 11136 11144 11152 11160 11168 11176 11184 11192 11200 11208 11216 11224 11232 11240 11248 11256 11264 11272 11280 11288 11296 11304 11312 11320 11328 11336 11344 11352 11360 11368 11376 11384 11392 11400 11408 11416 11424 11432 11440 11448 11456 11464 11472 11480 11488 11496 11504 11512 11520 11528 11536 11544 11552 11560 11568 11576 11584 11592 11600 11608 11616 11624 11632 11640 11648 11656 11664 11672 11680 11688 11696 11704 11712 11720 11728 11736 11744 11752 11760 11768 11776 11784 11792 11800 11808 11816 11824 11832 11840 11848 11856 11864 11872 11880 11888 11896 11904 11912 11920 11928 11936 11944 11952 11960 11968 11976 11984 11992 12000 12008 12016 12024 12032 12040 12048 12056 12064 12072 12080 12088 12096 12104 12112 12120 12128 12136 12144 12152 12160 12168 12176 12184 12192 12200 12208 12216 12224 12232 12240 12248 12256 12264 12272 12280 12288 12296 12304 12312 12320 12328 12336 12344 12352 12360 12368 12376 12384 12392 12400 12408 12416 12424 12432 12440 12448 12456 12464 12472 12480 12488 12496 12504 12512 12520 12528 12536 12544 12552 12560 12568 12576 12584 12592 12600 12608 12616 12624 12632 12640 12648 12656 12664 12672 12680 12688 12696 12704 12712 12720 12728 12736 12744 12752 12760 12768 12776 12784 12792 12800 12808 12816 12824 12832 12840 12848 12856 12864 12872 12880 12888 12896 12904 12912 12920 12928 12936 12944 12952 12960 12968 12976 12984 12992 13000 13008 13016 13024 13032 13040 13048 13056 13064 13072 13080 13088 13096 13104 13112 13120 13128 13136 13144 13152 13160 13168 13176 13184 13192 13200 13208 13216 13224 13232 13240 13248 13256 13264 13272 13280 13288 13296 13304 13312 13320 13328 13336 13344 13352 13360 13368 13376 13384 13392 13400 13408 13416 13424 13432 13440 13448 13456 13464 13472 13480 13488 13496 13504 13512 13520 13528 13536 13544 13552 13560 13568 13576 13584 13592 13600 13608 13616 13624 13632 13640 13648 13656 13664 13672 13680 13688 13696 13704 13712 13720 13728 13736 13744 13752 13760 13768 13776 13784 13792 13800 13808 13816 13824 13832 13840 13848 13856 13864 13872 13880 13888 13896 13904 13912 13920 13928 13936 13944 13952 13960 13968 13976 13984 13992 14000 14008 14016 14024 14032 14040 14048 14056 14064 14072 14080 14088 14096 14104 14112 14120 14128 14136 14144 14152 14160 14168 14176 14184 14192 14200 14208 14216 14224 14232 14240 14248 14256 14264 14272 14280 14288 14296 14304 14312 14320 14328 14336 14344 14352 14360 14368 14376 14384 14392 14400 14408 14416 14424 14432 14440 14448 14456 14464 14472 14480 14488 14496 14504 14512 14520 14528 14536 14544 14552 14560 14568 14576 14584 14592 14600 14608 14616 14624 14632 14640 14648 14656 14664 14672 14680 14688 14696 14704 14712 14720 14728 14736 14744 14752 14760 14768 14776 14784 14792 14800 14808 14816 14824 14832 14840 14848 14856 14864 14872 14880 14888 14896 14904 14912 14920 14928 14936 14944 14952 14960 14968 14976 14984 14992 15000 15008 15016 15024 15032 15040 15048 15056 15064 15072 15080 15088 15096 15104 15112 15120 15128 15136 15144 15152 15160 15168 15176 15184 15192 15200 15208 15216 15224 15232 15240 15248 15256 15264 15272 15280 15288 15296 15304 15312 15320 15328 15336 15344 15352 15360 15368 15376 15384 15392 15400 15408 15416 15424 15432 15440 15448 15456 15464 15472 15480 15488 15496 15504 15512 15520 15528 15536 15544 15552 15560 15568 15576 15584 15592 15600 15608 15616 15624 15632 15640 15648 15656 15664 15672 15680 15688 15696 15704 15712 15720 15728 15736 15744 15752 15760 15768 15776 15784 15792 15800 15808 15816 15824 15832 15840 15848 15856 15864 15872 15880 15888 15896 15904 15912 15920 15928 15936 15944 15952 15960 15968 15976 15984 15992 16000 16008 16016 16024 16032 16040 16048 16056 16064 16072 16080 16088 16096 16104 16112 16120 16128 16136 16144 16152 16160 16168 16176 16184 16192 16200 16208 16216 16224 16232 16240 16248 16256 16264 16272 16280 16288 16296 16304 16312 16320 16328 16336 16344 16352 16360 16368 16376 16384 16392 16400 16408 16416 16424 16432 16440 16448 16456 16464 16472 16480 16488 16496 16504 16512 16520 16528 16536 16544 16552 16560 16568 16576 16584 16592 16600 16608 16616 16624 16632 16640 16648 16656 16664 16672 16680 16688 16696 16704 16712 16720 16728 16736 16744 16752 16760 16768 16776 16784 16792 16800 16808 16816 16824 16832 16840 16848 16856 16864 16872 16880 16888 16896 16904 16912 16920 16928 16936 16944 16952 16960 16968 16976 16984 16992 17000 17008 17016 17024 17032 17040 17048 17056 17064 17072 17080 17088 17096 17104 17112 17120 17128 17136 17144 17152 17160 17168 17176 17184 17192 17200 17208 17216 17224 17232 17240 17248 17256 17264 17272 17280 17288 17296 17304 17312 17320 17328 17336 17344 17352 17360 17368 17376 17384 17392 17400 17408 17416 17424 17432 17440 17448 17456 17464 17472 17480 17488 17496 17504 17512 17520 17528 17536 17544 17552 17560 17568 17576 17584 17592 17600 17608 17616 17624 17632 17640 17648 17656 17664 17672 17680 17688 17696 17704 17712 17720 17728 17736 17744 17752 17760 17768 17776 17784 17792 17800 17808 17816 17824 17832 17840 17848 17856 17864 17872 17880 17888 17896 17904 17912 17920 17928 17936 17944 17952 17960 17968 17976 17984 17992 18000 18008 18016 18024 18032 18040 18048 18056 18064 18072 18080 18088 18096 18104 18112 18120 18128 18136 18144 18152 18160 18168 18176 18184 18192 18200 18208 18216 18224 18232 18240 18248 18256 18264 18272 18280 18288 18296 18304 18312 18320 18328 18336 18344 18352 18360 18368 18376 18384 18392 18400 18408 18416 18424 18432 18440 18448 18456 18464 18472 18480 18488 18496 18504 18512 18520 18528 18536 18544 18552 18560 18568 18576 18584 18592 18600 18608 18616 18624 18632 18640 18648 18656 18664 18672 18680 18688 18696 18704 18712 18720 18728 18736 18744 18752 18760 18768 18776 18784 18792 18800 18808 18816 18824 18832 18840 18848 18856 18864 18872 18880 18888 18896 18904 18912 18920 18928 18936 18944 18952 18960 18968 18976 18984 18992 19000 19008 19016 19024 19032 19040 19048 19056 19064 19072 19080 19088 19096 19104 19112 19120 19128 19136 19144 19152 19160 19168 19176 19184 19192 19200 19208 19216 19224 19232 19240 19248 19256 19264 19272 19280 19288 19296 19304 19312 19320 19328 19336 19344 19352 19360 19368 19376 19384 19392 19400 19408 19416 19424 19432 19440 19448 19456 19464 19472 19480 19488 19496 19504 19512 19520 19528 19536 19544 19552 19560 19568 19576 19584 19592 19600 19608 19616 19624 19632 19640 19648 19656 19664 19672 19680 19688 19696 19704 19712 19720 19728 19736 19744 19752 19760 19768 19776 19784 19792 19800 19808 19816 19824 19832 19840 19848 19856 19864 19872 19880 19888 19896 19904 19912 19920 19928 19936 19944 19952 19960 19968 19976 19984 19992 20000 20008 20016 20024 20032 20040 20048 20056 20064 20072 20080 20088 20096 20104 20112 20120 20128 20136 20144 20152 20160 20168 20176 20184 20192 20200 20208 20216 20224 20232 20240 20248 20256 20264 20272 20280 20288 20296 20304 20312 20320 20328 20336 20344 20352 20360 20368 20376 20384 20392 20400 20408 20416 20424 20432 20440 20448 20456 20464 20472 20480 20488 20496 20504 20512 20520 20528 20536 20544 20552 20560 20568 20576 20584 20592 20600 20608 20616 20624 20632 20640 20648 20656 20664 20672 20680 20688 20696 20704 20712 20720 20728 20736 20744 20752 20760 20768 20776 20784 20792 20800 20808 20816 20824 20832 20840 20848 20856 20864 20872 20880 20888 20896 20904 20912 20920 20928 20936 20944 20952 20960 20968 20976 20984 20992 21000 21008 21016 21024 21032 21040 21048 21056 21064 21072 21080 21088 21096 21104 21112 21120 21128 21136 21144 21152 21160 21168 21176 21184 21192 21200 21208 21216 21224 21232 21240 21248 21256 21264 21272 21280 21288 21296 21304 21312 21320 21328 21336 21344 21352 21360 21368 21376 21384 21392 21400 21408 21416 21424 21432 21440 21448 21456 21464 21472 21480 21488 21496 21504 21512 21520 21528 21536 21544 21552 21560 21568 21576 21584 21592 21600 21608 21616 21624 21632 21640 21648 21656 21664 21672 21680 21688 21696 21704 21712 21720 21728 21736 21744 21752 21760 21768 21776 21784 21792 21800 21808 21816 21824 21832 21840 21848 21856 21864 21872 21880 21888 21896 21904 21912 21920 21928 21936 21944 21952 21960 21968 21976 21984 21992 22000 22008 22016 22024 22032 22040 22048 22056 22064 22072 22080 22088 22096 22104 22112 22120 22128 22136 22144 22152 22160 22168 22176 22184 22192 22200 22208 22216 22224 22232 22240 22248 22256 22264 22272 22280 22288 22296 22304 22312 22320 22328 22336 22344 22352 22360 22368 22376 22384 22392 22400 22408 22416 22424 22432 22440 22448 22456 22464 22472 22480 22488 22496 22504 22512 22520 22528 22536 22544 22552 22560 22568 22576 22584 22592 22600 22608 22616 22624 22632 22640 22648 22656 22664 22672 22680 22688 22696 22704 22712 22720 22728 22736 22744 22752 22760 22768 22776 22784 22792 22800 22808 22816 22824 22832 22840 22848 22856 22864 22872 22880 22888 22896 22904 22912 22920 22928 22936 22944 22952 22960 22968 22976 22984 22992 23000 23008 23016 23024 23032 23040 23048 23056 23064 23072 23080 23088 23096 23104 23112 23120 23128 23136 23144 23152 23160 23168 23176 23184 23192 23200 23208 23216 23224 23232 23240 23248 23256 23264 23272 23280 23288 23296 23304 23312 23320 23328 23336 23344 23352 23360 23368 23376 23384 23392 23400 23408 23416 23424 23432 23440 23448 23456 23464 23472 23480 23488 23496 23504 23512 23520 23528 23536 23544 23552 23560 23568 23576 23584 23592 23600 23608 23616 23624 23632 23640 23648 23656 23664 23672 23680 23688 23696 23704 23712 23720 23728 23736 23744 23752 23760 23768 23776 23784 23792 23800 23808 23816 23824 23832 23840 23848 23856 23864 23872 23880 23888 23896 23904 23912 23920 23928 23936 23944 23952 23960 23968 23976 23984 23992 24000 24008 24016 24024 24032 24040 24048 24056 24064 24072 24080 24088 24096 24104 24112 24120 24128 24136 24144 24152 24160 24168 24176 24184 24192 24200 24208 24216 24224 24232 24240 24248 24256 24264 24272 24280 24288 24296 24304 24312 24320 24328 24336 24344 24352 24360 24368 24376 24384 24392 24400 24408 24416 24424 24432 24440 24448 24456 24464 24472 24480 24488 24496 24504 24512 24520 24528 24536 24544 24552 24560 24568 24576 24584 24592 24600 24608 24616 24624 24632 24640 24648 24656 24664 24672 24680 24688 24696 24704 24712 24720 24728 24736 24744 24752 24760 24768 24776 24784 24792 24800 24808 24816 24824 24832 24840 24848 24856 24864 24872 24880 24888 24896 24904 24912 24920 24928 24936 24944 24952 24960 24968 24976 24984 24992 25000 25008 25016 25024 25032 25040 25048 25056 25064 25072 25080 25088 25096 25104 25112 25120 25128 25136 25144 25152 25160 25168 25176 25184 25192 25200 25208 25216 25224 25232 25240 25248 25256 25264 25272 25280 25288 25296 25304 25312 25320 25328 25336 25344 25352 25360 25368 25376 25384 25392 25400 25408 25416 25424 25432 25440 25448 25456 25464 25472 25480 25488 25496 25504 25512 25520 25528 25536 25544 25552 25560 25568 25576 25584 25592 25600 25608 25616 25624 25632 25640 25648 25656 25664 25672 25680 25688 25696 25704 25712 25720 25728 25736 25744 25752 25760 25768 25776 25784 25792 25800 25808 25816 25824 25832 25840 25848 25856 25864 25872 25880 25888 25896 25904 25912 25920 25928 25936 25944 25952 25960 25968 25976 25984 25992 26000 26008 26016 26024 26032 26040 26048 26056 26064 26072 26080 26088 26096 26104 26112 26120 26128 26136 26144 26152 26160 26168 26176 26184 26192 26200 26208 26216 26224 26232 26240 26248 26256 26264 26272 26280 26288 26296 26304 26312 26320 26328 26336 26344 26352 26360 26368 26376 26384 26392 26400 26408 26416 26424 26432 26440 26448 26456 26464 26472 26480 26488 26496 26504 26512 26520 26528 26536 26544 26552 26560 26568 26576 26584 26592 26600 26608 26616 26624 26632 26640 26648 26656 26664 26672 26680 26688 26696 26704 26712 26720 26728 26736 26744 26752 26760 26768 26776 26784 26792 26800 26808 26816 26824 26832 26840 26848 26856 26864 26872 26880 26888 26896 26904 26912 26920 26928 26936 26944 26952 26960 26968 26976 26984 26992 27000 27008 27016 27024 27032 27040 27048 27056 27064 27072 27080 27088 27096 27104 27112 27120 27128 27136 27144 27152 27160 27168 27176 27184 27192 27200 27208 27216 27224 27232 27240 27248 27256 27264 27272 27280 27288 27296 27304 27312 27320 27328 27336 27344 27352 27360 27368 27376 27384 27392 27400 27408 27416 27424 27432 27440 27448 27456 27464 27472 27480 27488 27496 27504 27512 27520 27528 27536 27544 27552 27560 27568 27576 27584 27592 27600 27608 27616 27624 27632 27640 27648 27656 27664 27672 27680 27688 27696 27704 27712 27720 27728 27736 27744 27752 27760 27768 27776 27784 27792 27800 27808 27816 27824 27832 27840 27848 27856 27864 27872 27880 27888 27896 27904 27912 27920 27928 27936 27944 27952 27960 27968 27976 27984 27992 28000 28008 28016 28024 28032 28040 28048 28056 28064 28072 28080 28088 28096 28104 28112 28120 28128 28136 28144 28152 28160 28168 28176 28184 28192 28200 28208 28216 28224 28232 28240 28248 28256 28264 28272 28280 28288 28296 28304 28312 28320 28328 28336 28344 28352 28360 28368 28376 28384 28392 28400 28408 28416 28424 28432 28440 28448 28456 28464 28472 28480 28488 28496 28504 28512 28520 28528 28536 28544 28552 28560 28568 28576 28584 28592 28600 28608 28616 28624 28632 28640 28648 28656 28664 28672 28680 28688 28696 28704 28712 28720 28728 28736 28744 28752 28760 28768 28776 28784 28792 28800 28808 28816 28824 28832 28840 28848 28856 28864 28872 28880 28888 28896 28904 28912 28920 28928 28936 28944 28952 28960 28968 28976 28984 28992 29000 29008 29016 29024 29032 29040 29048 29056 29064 29072 29080 29088 29096 29104 29112 29120 29128 29136 29144 29152 29160 29168 29176 29184 29192 29200 29208 29216 29224 29232 29240 29248 29256 29264 29272 29280 29288 29296 29304 29312 29320 29328 29336 29344 29352 29360 29368 29376 29384 29392 29400 29408 29416 29424 29432 29440 29448 29456 29464 29472 29480 29488 29496 29504 29512 29520 29528 29536 29544 29552 29560 29568 29576 29584 29592 29600 29608 29616 29624 29632 29640 29648 29656 29664 29672 29680 29688 29696 29704 29712 29720 29728 29736 29744 29752 29760 29768 29776 29784 29792 29800 29808 29816 29824 29832 29840 29848 29856 29864 29872 29880 29888 29896 29904 29912 29920 29928 29936 29944 29952 29960 29968 29976 29984 29992 30000 30008 30016 30024 30032 30040 30048 30056 30064 30072 30080 30088 30096 30104 30112 30120 30128 30136 30144 30152 30160 30168 30176 30184 30192 30200 30208 30216 30224 30232 30240 30248 30256 30264 30272 30280 30288 30296 30304 30312 30320 30328 30336 30344 30352 30360 30368 30376 30384 30392 30400 30408 30416 30424 30432 30440 30448 30456 30464 30472 30480 30488 30496 30504 30512 30520 30528 30536 30544 30552 30560 30568 30576 30584 30592 30600 30608 30616 30624 30632 30640 30648 30656 30664 30672 30680 30688 30696 30704 30712 30720 30728 30736 30744 30752 30760 30768 30776 30784 30792 30800 30808 30816 30824 30832 30840 30848 30856 30864 30872 30880 30888 30896 30904 30912 30920 30928 30936 30944 30952 30960 30968 30976 30984 30992 31000 31008 31016 31024 31032 31040 31048 31056 31064 31072 31080 31088 31096 31104 31112 31120 31128 31136 31144 31152 31160 31168 31176 31184 31192 31200 31208 31216 31224 31232 31240 31248 31256 31264 31272 31280 31288 31296 31304 31312 31320 31328 31336 31344 31352 31360 31368 31376 31384 31392 31400 31408 31416 31424 31432 31440 31448 31456 31464 31472 31480 31488 31496 31504 31512 31520 31528 31536 31544 31552 31560 31568 31576 31584 31592 31600 31608 31616 31624 31632 31640 31648 31656 31664 31672 31680 31688 31696 31704 31712 31720 31728 31736 31744 31752 31760 31768 31776 31784 31792 31800 31808 31816 31824 31832 31840 31848 31856 31864 31872 31880 31888 31896 31904 31912 31920 31928 31936 31944 31952 31960 31968 31976 31984 31992 32000 32008 32016 32024 32032 32040 32048 32056 32064 32072 32080 32088 32096 32104 32112 32120 32128 32136 32144 32152 32160 32168 32176 32184 32192 32200 32208 32216 32224 32232 32240 32248 32256 32264 32272 32280 32288 32296 32304 32312 32320 32328 32336 32344 32352 32360 32368 32376 32384 32392 32400 32408 32416 32424 32432 32440 32448 32456 32464 32472 32480 32488 32496 32504 32512 32520 32528 32536 32544 32552 32560 32568 32576 32584 32592 32600 32608 32616 32624 32632 32640 32648 32656 32664 32672 32680 32688 32696 32704 32712 32720 32728 32736 32744 32752 32760 32768 32776 32784 32792 32800 32808 32816 32824 32832 32840 32848 32856 32864 32872 32880 32888 32896 32904 32912 32920 32928 32936 32944 32952 32960 32968 32976 32984 32992 33000 33008 33016 33024 33032 33040 33048 33056 33064 33072 33080 33088 33096 33104 33112 33120 33128 33136 33144 33152 33160 33168 33176 33184 33192 33200 33208 33216 33224 33232 33240 33248 33256 33264 33272 33280 33288 33296 33304 33312 33320 33328 33336 33344 33352 33360 33368 33376 33384 33392 33400 33408 33416 33424 33432 33440 33448 33456 33464 33472 33480 33488 33496 33504 33512 33520 33528 33536 33544 33552 33560 33568 33576 33584 33592 33600 33608 33616 33624 33632 33640 33648 33656 33664 33672 33680 33688 33696 33704 33712 33720 33728 33736 33744 33752 33760 33768 33776 33784 33792 33800 33808 33816 33824 33832 33840 33848 33856 33864 33872 33880 33888 33896 33904 33912 33920 33928 33936 33944 33952 33960 33968 33976 33984 33992 34000 34008 34016 34024 34032 34040 34048 34056 34064 34072 34080 34088 34096 34104 34112 34120 34128 34136 34144 34152 34160 34168 34176 34184 34192 34200 34208 34216 34224 34232 34240 34248 34256 34264 34272 34280 34288 34296 34304 34312 34320 34328 34336 34344 34352 34360 34368 34376 34384 34392 34400 34408 34416 34424 34432 34440 34448 34456 34464 34472 34480 34488 34496 34504 34512 34520 34528 34536 34544 34552 34560 34568 34576 34584 34592 34600 34608 34616 34624 34632 34640 34648 34656 34664 34672 34680 34688 34696 34704 34712 34720 34728 34736 34744 34752 34760 34768 34776 34784 34792 34800 34808 34816 34824 34832 34840 34848 34856 34864 34872 34880 34888 34896 34904 34912 34920 34928 34936 34944 34952 34960 34968 34976 34984 34992 35000 35008 35016 35024 35032 35040 35048 35056 35064 35072 35080 35088 35096 35104 35112 35120 35128 35136 35144 35152 35160 35168 35176 35184 35192 35200 35208 35216 35224 35232 35240 35248 35256 35264 35272 35280 35288 35296 35304 35312 35320 35328 35336 35344 35352 35360 35368 35376 35384 35392 35400 35408 35416 35424 35432 35440 35448 35456 35464 35472 35480 35488 35496 35504 35512 35520 35528 35536 35544 35552 35560 35568 35576 35584 35592 35600 35608 35616 35624 35632 35640 35648 35656 35664 35672 35680 35688 35696 35704 35712 35720 35728 35736 35744 35752 35760 35768 35776 35784 35792 35800 35808 35816 35824 35832 35840 35848 35856 35864 35872 35880 35888 35896 35904 35912 35920 35928 35936 35944 35952 35960 35968 35976 35984 35992 36000 36008 36016 36024 36032 36040 36048 36056 36064 36072 36080 36088 36096 36104 36112 36120 36128 36136 36144 36152 36160 36168 36176 36184 36192 36200 36208 36216 36224 36232 36240 36248 36256 36264 36272 36280 36288 36296 36304 36312 36320 36328 36336 36344 36352 36360 36368 36376 36384 36392 36400 36408 36416 36424 36432 36440 36448 36456 36464 36472 36480 36488 36496 36504 36512 36520 36528 36536 36544 36552 36560 36568 36576 36584 36592 36600 36608 36616 36624 36632 36640 36648 36656 36664 36672 36680 36688 36696 36704 36712 36720 36728 36736 36744 36752 36760 36768 36776 36784 36792 36800 36808 36816 36824 36832 36840 36848 36856 36864 36872 36880 36888 36896 36904 36912 36920 36928 36936 36944 36952 36960 36968 36976 36984 36992 37000 37008 37016 37024 37032 37040 37048 37056 37064 37072 37080 37088 37096 37104 37112 37120 37128 37136 37144 37152 37160 37168 37176 37184 37192 37200 37208 37216 37224 37232 37240 37248 37256 37264 37272 37280 37288 37296 37304 37312 37320 37328 37336 37344 37352 37360 37368 37376 37384 37392 37400 37408 37416 37424 37432 37440 37448 37456 37464 37472 37480 37488 37496 37504 37512 37520 37528 37536 37544 37552 37560 37568 37576 37584 37592 37600 37608 37616 37624 37632 37640 37648 37656 37664 37672 37680 37688 37696 37704 37712 37720 37728 37736 37744 37752 37760 37768 37776 37784 37792 37800 37808 37816 37824 37832 37840 37848 37856 37864 37872 37880 37888 37896 37904 37912 37920 37928 37936 37944 37952 37960 37968 37976 37984 37992 38000 38008 38016 38024 38032 38040 38048 38056 38064 38072 38080 38088 38096 38104 38112 38120 38128 38136 38144 38152 38160 38168 38176 38184 38192 38200 38208 38216 38224 38232 38240 38248 38256 38264 38272 38280 38288 38296 38304</DataArray>
        <DataArray type="UInt8" Name="types" NumberOfComponents="1" format="ascii">12 12 12 12 12 12 12 12 12 12 12 12 12 12 12 12 12 12 12 12 12 12 12 12 12 12 12 12 12 12 12 12 12 12 12 12 12 12 12 12 12 12 12 12 12 12 12 12 12 12 12 12 12 12 12 12 12 12 12 12 12 12 12 12 12 12 12 12 12 12 12 12 12 12 12 12 12 12 12 12 12 12 12 12 12 12 12 12 12 12 12 12 12 12 12 12 12 12 12 12 12 12 12 12 12 12 12 12 12 12 12 12 12 12 12 12 12 12 12 12 12 12 12 12 12 12 12 12 12 12 12 12 12 12 12 12 12 12 12 12 12 12 12 12 12 12 12 12 12 12 12 12 12 12 12 12 12 12 12 12 12 12 12 12 12 12 12 12 12 12 12 12 12 12 12 12 12 12 12 12 12 12 12 12 12 12 12 12 12 12 12 12 12 12 12 12 12 12 12 12 12 12 12 12 12 12 12 12 12 12 12 12 12 12 12 12 12 12 12 12 12 12 12 12 12 12 12 12 12 12 12 12 12 12 12 12 12 12 12 12 12 12 12 12 12 12 12 12 12 12 12 12 12 12 12 12 12 12 12 12 12 12 12 12 12 12 12 12 12 12 12 12 12 12 12 12 12 12 12 12 12 12 12 12 12 12 12 12 12 12 12 12 12 12 12 12 12 12 12 12 12 12 12 12 12 12 12 12 12 12 12 12 12 12 12 12 12 12 12 12 12 12 12 12 12 12 12 12 12 12 12 12 12 12 12 12 12 12 12 12 12 12 12 12 12 12 12 12 12 12 12 12 12 12 12 12 12 12 12 12 12 12 12 12 12 12 12 12 12 12 12 12 12 12 12 12 12 12 12 12 12 12 12 12 12 12 12 12 12 12 12 12 12 12 12 12 12 12 12 12 12 12 12 12 12 12 12 12 12 12 12 12 12 12 12 12 12 12 12 12 12 12 12 12 12 12 12 12 12 12 12 12 12 12 12 12 12 12 12 12 12 12 12 12 12 12 12 12 12 12 12 12 12 12 12 12 12 12 12 12 12 12 12 12 12 12 12 12 12 12 12 12 12 12 12 12 12 12 12 12 12 12 12 12 12 12 12 12 12 12 12 12 12 12 12 12 12 12 12 12 12 12 12 12 12 12 12 12 12 12 12 12 12 12 12 12 12 12 12 12 12 12 12 12 12 12 12 12 12 12 12 12 12 12 12 12 12 12 12 12 12 12 12 12 12 12 12 12 12 12 12 12 12 12 12 12 12 12 12 12 12 12 12 12 12 12 12 12 12 12 12 12 12 12 12 12 12 12 12 12 12 12 12 12 12 12 12 12 12 12 12 12 12 12 12 12 12 12 12 12 12 12 12 12 12 12 12 12 12 12 12 12 12 12 12 12 12 12 12 12 12 12 12 12 12 12 12 12 12 12 12 12 12 12 12 12 12 12 12 12 12 12 12 12 12 12 12 12 12 12 12 12 12 12 12 12 12 12 12 12 12 12 12 12 12 12 12 12 12 12 12 12 12 12 12 12 12 12 12 12 12 12 12 12 12 12 12 12 12 12 12 12 12 12 12 12 12 12 12 12 12 12 12 12 12 12 12 12 12 12 12 12 12 12 12 12 12 12 12 12 12 12 12 12 12 12 12 12 12 12 12 12 12 12 12 12 12 12 12 12 12 12 12 12 12 12 12 12 12 12 12 12 12 12 12 12 12 12 12 12 12 12 12 12 12 12 12 12 12 12 12 12 12 12 12 12 12 12 12 12 12 12 12 12 12 12 12 12 12 12 12 12 12 12 12 12 12 12 12 12 12 12 12 12 12 12 12 12 12 12 12 12 12 12 12 12 12 12 12 12 12 12 12 12 12 12 12 12 12 12 12 12 12 12 12 12 12 12 12 12 12 12 12 12 12 12 12 12 12 12 12 12 12 12 12 12 12 12 12 12 12 12 12 12 12 12 12 12 12 12 12 12 12 12 12 12 12 12 12 12 12 12 12 12 12 12 12 12 12 12 12 12 12 12 12 12 12 12 12 12 12 12 12 12 12 12 12 12 12 12 12 12 12 12 12 12 12 12 12 12 12 12 12 12 12 12 12 12 12 12 12 12 12 12 12 12 12 12 12 12 12 12 12 12 12 12 12 12 12 12 12 12 12 12 12 12 12 12 12 12 12 12 12 12 12 12 12 12 12 12 12 12 12 12 12 12 12 12 12 12 12 12 12 12 12 12 12 12 12 12 12 12 12 12 12 12 12 12 12 12 12 12 12 12 12 12 12 12 12 12 12 12 12 12 12 12 12 12 12 12 12 12 12 12 12 12 12 12 12 12 12 12 12 12 12 12 12 12 12 12 12 12 12 12 12 12 12 12 12 12 12 12 12 12 12 12 12 12 12 12 12 12 12 12 12 12 12 12 12 12 12 12 12 12 12 12 12 12 12 12 12 12 12 12 12 12 12 12 12 12 12 12 12 12 12 12 12 12 12 12 12 12 12 12 12 12 12 12 12 12 12 12 12 12 12 12 12 12 12 12 12 12 12 12 12 12 12 12 12 12 12 12 12 12 12 12 12 12 12 12 12 12 12 12 12 12 12 12 12 12 12 12 12 12 12 12 12 12 12 12 12 12 12 12 12 12 12 12 12 12 12 12 12 12 12 12 12 12 12 12 12 12 12 12 12 12 12 12 12 12 12 12 12 12 12 12 12 12 12 12 12 12 12 12 12 12 12 12 12 12 12 12 12 12 12 12 12 12 12 12 12 12 12 12 12 12 12 12 12 12 12 12 12 12 12 12 12 12 12 12 12 12 12 12 12 12 12 12 12 12 12 12 12 12 12 12 12 12 12 12 12 12 12 12 12 12 12 12 12 12 12 12 12 12 12 12 12 12 12 12 12 12 12 12 12 12 12 12 12 12 12 12 12 12 12 12 12 12 12 12 12 12 12 12 12 12 12 12 12 12 12 12 12 12 12 12 12 12 12 12 12 12 12 12 12 12 12 12 12 12 12 12 12 12 12 12 12 12 12 12 12 12 12 12 12 12 12 12 12 12 12 12 12 12 12 12 12 12 12 12 12 12 12 12 12 12 12 12 12 12 12 12 12 12 12 12 12 12 12 12 12 12 12 12 12 12 12 12 12 12 12 12 12 12 12 12 12 12 12 12 12 12 12 12 12 12 12 12 12 12 12 12 12 12 12 12 12 12 12 12 12 12 12 12 12 12 12 12 12 12 12 12 12 12 12 12 12 12 12 12 12 12 12 12 12 12 12 12 12 12 12 12 12 12 12 12 12 12 12 12 12 12 12 12 12 12 12 12 12 12 12 12 12 12 12 12 12 12 12 12 12 12 12 12 12 12 12 12 12 12 12 12 12 12 12 12 12 12 12 12 12 12 12 12 12 12 12 12 12 12 12 12 12 12 12 12 12 12 12 12 12 12 12 12 12 12 12 12 12 12 12 12 12 12 12 12 12 12 12 12 12 12 12 12 12 12 12 12 12 12 12 12 12 12 12 12 12 12 12 12 12 12 12 12 12 12 12 12 12 12 12 12 12 12 12 12 12 12 12 12 12 12 12 12 12 12 12 12 12 12 12 12 12 12 12 12 12 12 12 12 12 12 12 12 12 12 12 12 12 12 12 12 12 12 12 12 12 12 12 12 12 12 12 12 12 12 12 12 12 12 12 12 12 12 12 12 12 12 12 12 12 12 12 12 12 12 12 12 12 12 12 12 12 12 12 12 12 12 12 12 12 12 12 12 12 12 12 12 12 12 12 12 12 12 12 12 12 12 12 12 12 12 12 12 12 12 12 12 12 12 12 12 12 12 12 12 12 12 12 12 12 12 12 12 12 12 12 12 12 12 12 12 12 12 12 12 12 12 12 12 12 12 12 12 12 12 12 12 12 12 12 12 12 12 12 12 12 12 12 12 12 12 12 12 12 12 12 12 12 12 12 12 12 12 12 12 12 12 12 12 12 12 12 12 12 12 12 12 12 12 12 12 12 12 12 12 12 12 12 12 12 12 12 12 12 12 12 12 12 12 12 12 12 12 12 12 12 12 12 12 12 12 12 12 12 12 12 12 12 12 12 12 12 12 12 12 12 12 12 12 12 12 12 12 12 12 12 12 12 12 12 12 12 12 12 12 12 12 12 12 12 12 12 12 12 12 12 12 12 12 12 12 12 12 12 12 12 12 12 12 12 12 12 12 12 12 12 12 12 12 12 12 12 12 12 12 12 12 12 12 12 12 12 12 12 12 12 12 12 12 12 12 12 12 12 12 12 12 12 12 12 12 12 12 12 12 12 12 12 12 12 12 12 12 12 12 12 12 12 12 12 12 12 12 12 12 12 12 12 12 12 12 12 12 12 12 12 12 12 12 12 12 12 12 12 12 12 12 12 12 12 12 12 12 12 12 12 12 12 12 12 12 12 12 12 12 12 12 12 12 12 12 12 12 12 12 12 12 12 12 12 12 12 12 12 12 12 12 12 12 12 12 12 12 12 12 12 12 12 12 12 12 12 12 12 12 12 12 12 12 12 12 12 12 12 12 12 12 12 12 12 12 12 12 12 12 12 12 12 12 12 12 12 12 12 12 12 12 12 12 12 12 12 12 12 12 12 12 12 12 12 12 12 12 12 12 12 12 12 12 12 12 12 12 12 12 12 12 12 12 12 12 12 12 12 12 12 12 12 12 12 12 12 12 12 12 12 12 12 12 12 12 12 12 12 12 12 12 12 12 12 12 12 12 12 12 12 12 12 12 12 12 12 12 12 12 12 12 12 12 12 12 12 12 12 12 12 12 12 12 12 12 12 12 12 12 12 12 12 12 12 12 12 12 12 12 12 12 12 12 12 12 12 12 12 12 12 12 12 12 12 12 12 12 12 12 12 12 12 12 12 12 12 12 12 12 12 12 12 12 12 12 12 12 12 12 12 12 12 12 12 12 12 12 12 12 12 12 12 12 12 12 12 12 12 12 12 12 12 12 12 12 12 12 12 12 12 12 12 12 12 12 12 12 12 12 12 12 12 12 12 12 12 12 12 12 12 12 12 12 12 12 12 12 12 12 12 12 12 12 12 12 12 12 12 12 12 12 12 12 12 12 12 12 12 12 12 12 12 12 12 12 12 12 12 12 12 12 12 12 12 12 12 12 12 12 12 12 12 12 12 12 12 12 12 12 12 12 12 12 12 12 12 12 12 12 12 12 12 12 12 12 12 12 12 12 12 12 12 12 12 12 12 12 12 12 12 12 12 12 12 12 12 12 12 12 12 12 12 12 12 12 12 12 12 12 12 12 12 12 12 12 12 12 12 12 12 12 12 12 12 12 12 12 12 12 12 12 12 12 12 12 12 12 12 12 12 12 12 12 12 12 12 12 12 12 12 12 12 12 12 12 12 12 12 12 12 12 12 12 12 12 12 12 12 12 12 12 12 12 12 12 12 12 12 12 12 12 12 12 12 12 12 12 12 12 12 12 12 12 12 12 12 12 12 12 12 12 12 12 12 12 12 12 12 12 12 12 12 12 12 12 12 12 12 12 12 12 12 12 12 12 12 12 12 12 12 12 12 12 12 12 12 12 12 12 12 12 12 12 12 12 12 12 12 12 12 12 12 12 12 12 12 12 12 12 12 12 12 12 12 12 12 12 12 12 12 12 12 12 12 12 12 12 12 12 12 12 12 12 12 12 12 12 12 12 12 12 12 12 12 12 12 12 12 12 12 12 12 12 12 12 12 12 12 12 12 12 12 12 12 12 12 12 12 12 12 12 12 12 12 12 12 12 12 12 12 12 12 12 12 12 12 12 12 12 12 12 12 12 12 12 12 12 12 12 12 12 12 12 12 12 12 12 12 12 12 12 12 12 12 12 12 12 12 12 12 12 12 12 12 12 12 12 12 12 12 12 12 12 12 12 12 12 12 12 12 12 12 12 12 12 12 12 12 12 12 12 12 12 12 12 12 12 12 12 12 12 12 12 12 12 12 12 12 12 12 12 12 12 12 12 12 12 12 12 12 12 12 12 12 12 12 12 12 12 12 12 12 12 12 12 12 12 12 12 12 12 12 12 12 12 12 12 12 12 12 12 12 12 12 12 12 12 12 12 12 12 12 12 12 12 12 12 12 12 12 12 12 12 12 12 12 12 12 12 12 12 12 12 12 12 12 12 12 12 12 12 12 12 12 12 12 12 12 12 12 12 12 12 12 12 12 12 12 12 12 12 12 12 12 12 12 12 12 12 12 12 12 12 12 12 12 12 12 12 12 12 12 12 12 12 12 12 12 12 12 12 12 12 12 12 12 12 12 12 12 12 12 12 12 12 12 12 12 12 12 12 12 12 12 12 12 12 12 12 12 12 12 12 12 12 12 12 12 12 12 12 12 12 12 12 12 12 12 12 12 12 12 12 12 12 12 12 12 12 12 12 12 12 12 12 12 12 12 12 12 12 12 12 12 12 12 12 12 12 12 12 12 12 12 12 12 12 12 12 12 12 12 12 12 12 12 12 12 12 12 12 12 12 12 12 12 12 12 12 12 12 12 12 12 12 12 12 12 12 12 12 12 12 12 12 12 12 12 12 12 12 12 12 12 12 12 12 12 12 12 12 12 12 12 12 12 12 12 12 12 12 12 12 12 12 12 12 12 12 12 12 12 12 12 12 12 12 12 12 12 12 12 12 12 12 12 12 12 12 12 12 12 12 12 12 12 12 12 12 12 12 12 12 12 12 12 12 12 12 12 12 12 12 12 12 12 12 12 12 12 12 12 12 12 12 12 12 12 12 12 12 12 12 12 12 12 12 12 12 12 12 12 12 12 12 12 12 12 12 12 12 12 12 12 12 12 12 12 12 12 12 12 12 12 12 12 12 12 12 12 12 12 12 12 12 12 12 12 12 12 12 12 12 12 12 12 12 12 12 12 12 12 12 12 12 12 12 12 12 12 12 12 12 12 12 12 12 12 12 12 12 12 12 12 12 12 12 12 12 12 12 12 12 12 12 12 12 12 12 12 12 12 12 12 12 12 12 12 12 12 12 12 12 12 12 12 12 12 12 12 12 12 12 12 12 12 12 12 12 12 12 12 12 12 12 12 12 12 12 12 12 12 12 12 12 12 12 12 12 12 12 12 12 12 12 12 12 12 12 12 12 12 12 12 12 12 12 12 12 12 12 12 12 12 12 12 12 12 12 12 12 12 12 12 12 12 12 12 12 12 12 12 12 12 12 12 12 12 12 12 12 12 12 12 12 12 12 12 12 12 12 12 12 12 12 12 12 12 12 12 12 12 12 12 12 12 12 12 12 12 12 12 12 12 12 12 12 12 12 12 12 12 12 12 12 12 12 12 12 12 12 12 12 12 12 12 12 12 12 12 12 12 12 12 12 12 12 12 12 12 12 12 12 12 12 12 12 12 12 12 12 12 12 12 12 12 12 12 12 12 12 12 12 12 12 12 12 12 12 12 12 12 12 12 12 12 12 12 12 12 12 12 12 12 12 12 12 12 12 12 12 12 12 12 12 12 12 12 12 12 12 12 12 12 12 12 12 12 12 12 12 12 12 12 12 12 12 12 12 12 12 12 12 12 12 12 12 12 12 12 12 12 12 12 12 12 12 12 12 12 12 12 12 12 12 12 12 12 12 12 12 12 12 12 12 12 12 12 12 12 12 12 12 12 12 12 12 12 12 12 12 12 12 12 12 12 12 12 12 12 12 12 12 12 12 12 12 12 12 12 12 12 12 12 12 12 12 12 12 12 12 12 12 12 12 12 12 12 12 12 12 12 12 12 12 12 12 12 12 12 12 12 12 12 12 12 12 12 12 12 12 12 12 12 12 12 12 12 12 12 12 12 12 12 12 12 12 12 12 12 12 12 12 12 12 12 12 12 12 12 12 12 12 12 12 12 12 12 12 12 12 12 12 12 12 12 12 12 12 12 12 12 12 12 12 12 12 12 12 12 12 12 12 12 12 12 12 12 12 12 12 12 12 12 12 12 12 12 12 12 12 12 12 12 12 12 12 12 12 12 12 12 12 12 12 12 12 12 12 12 12 12 12 12 12 12 12 12 12 12 12 12 12 12 12 12 12 12 12 12 12 12 12 12 12 12 12 12 12 12 12 12 12 12 12 12 12 12 12 12 12 12 12 12 12 12 12 12 12 12 12 12 12 12 12 12 12 12 12 12 12 12 12 12 12 12 12 12 12 12 12 12 12 12 12 12 12 12 12 12 12 12 12 12 12 12 12 12 12 12 12 12 12 12 12 12 12 12 12 12 12 12 12 12 12 12 12 12 12 12 12 12 12 12 12 12 12 12 12 12 12 12 12 12 12 12 12 12 12 12 12 12 12 12 12 12 12 12 12 12 12 12 12 12 12 12 12 12 12 12 12 12 12 12 12 12 12 12 12 12 12 12 12 12 12 12 12 12 12 12 12 12 12 12 12 12 12 12 12 12 12 12 12 12 12 12 12 12 12 12 12 12 12 12 12 12 12 12 12 12 12 12 12 12 12 12 12 12 12 12 12 12 12 12 12 12 12 12 12 12 12 12 12 12 12 12 12 12 12 12 12 12 12 12 12 12 12 12 12 12 12 12 12 12 12 12 12 12 12 12 12 12 12 12 12 12 12 12 12 12 12 12 12 12 12 12 12 12 12 12 12 12 12 12 12 12 12 12 12 12 12 12 12 12 12 12 12 12 12 12 12 12 12 12 12 12 12 12 12 12 12 12 12 12 12 12 12 12 12 12 12 12 12 12 12 12 12 12 12 12 12 12 12 12 12 12 12 12 12 12 12 12 12 12 12 12 12 12 12 12 12 12 12 12 12 12 12 12 12 12 12 12 12 12 12 12 12 12 12 12 12 12 12 12 12 12 12 12 12 12 12 12 12 12 12 12 12 12 12 12 12 12 12 12 12 12 12 12 12 12 12 12 12 12 12 12 12 12 12 12 12 12 12 12 12 12 12 12 12 12 12 12 12 12 12 12 12 12 12 12 12 12 12 12 12 12 12 12 12 12 12 12 12 12 12 12 12 12 12 12 12 12 12 12 12 12 12 12 12 12 12 12 12 12 12 12 12 12 12 12 12 12 12 12 12 12 12 12 12 12 12 12 12 12 12 12 12 12 12 12 12 12 12 12 12 12 12 12 12 12 12 12 12 12 12 12 12 12 12 12 12 12 12 12 12 12 12 12 12 12 12 12 12 12 12 12 12 12 12 12 12 12 12 12 12 12 12 12 12 12 12 12 12 12 12 12 12 12 12 12 12 12 12 12 12 12 12 12 12 12 12 12 12 12 12 12 12 12 12 12 12 12 12 12 12 12 12 12 12 12 12 12 12 12 12 12 12 12 12 12 12 12 12 12 12 12 12 12 12 12 12 12 12 12 12 12 12 12 12 12 12 12 12 12 12 12 12 12 12 12 12 12 12 12 12 12 12 12 12 12 12 12 12 12 12 12 12 12 12 12 12 12 12 12 12 12 12 12 12 12 12 12 12 12 12 12 12 12 12 12 12 12 12 12 12 12 12 12 12 12 12 12 12 12 12 12 12 12 12 12 12 12 12 12 12 12 12 12 12 12 12 12 12 12 12 12 12 12 12 12 12 12 12 12 12 12 12 12 12 12 12 12 12 12 12 12 12 12 12 12 12 12 12 12 12 12 12 12 12 12 12 12 12 12 12 12 12 12 12 12 12 12 12 12 12 12 12 12 12 12 12 12 12 12 12 12 12 12 12 12 12 12 12 12 12 12 12 12 12 12 12 12 12 12 12 12 12 12 12 12 12 12 12 12 12 12 12 12 12 12 12 12 12 12 12 12 12 12 12 12 12 12 12 12 12 12 12 12 12 12 12 12 12 12 12 12 12 12 12 12 12 12 12 12 12 12 12 12 12 12 12 12 12 12 12 12 12 12 12 12 12 12 12 12 12 12 12 12 12 12 12 12 12 12 12 12 12 12 12 12 12 12 12 12 12 12 12 12 12 12 12 12 12 12 12 12 12 12 12 12 12 12 12 12 12 12 12 12 12 12 12 12 12 12 12 12 12 12 12 12 12 12 12 12 12 12 12 12 12 12 12 12 12 12 12 12 12 12 12 12 12 12 12 12 12 12 12 12 12 12 12 12 12 12 12 12 12 12 12 12 12 12 12 12 12 12 12 12 12 12 12 12 12 12 12 12 12 12 12 12 12 12 12 12 12 12 12 12 12 12 12 12 12 12 12 12 12 12 12 12 12 12 12 12 12 12 12 12 12 12 12 12 12 12 12 12 12 12 12 12 12 12 12 12 12 12 12 12 12 12 12 12 12 12 12 12 12 12 12 12 12 12 12 12 12 12 12 12 12 12 12 12 12 12 12 12 12 12 12 12 12 12 12 12 12 12 12 12 12 12 12 12 12 12 12 12 12 12 12 12 12 12 12 12 12 12 12 12 12 12 12 12 12 12 12 12 12 12 12 12 12 12 12 12 12 12 12 12 12 12 12 12 12 12 12 12 12 12 12 12 12 12 12 12 12 12 12 12 12 12 12 12 12 12 12 12 12 12 12 12 12 12 12 12 12 12 12 12 12 12 12 12 12 12 12 12 12 12 12 12 12 12 12 12 12 12 12 12 12 12 12 12 12 12 12 12 12 12 12 12 12 12 12 12 12 12 12 12 12 12 12 12 12 12 12 12 12 12 12 12 12 12 12 12 12 12 12 12 12 12 12 12 12 12 12 12 12 12 12 12 12 12 12 12 12 12 12 12 12 12 12 12 12 12 12 12 12 12 12 12 12 12 12 12 12 12 12 12 12 12 12</DataArray>
      </Cells>
      <PointData>
        <DataArray type="Float64" Name="Displacement" NumberOfComponents="3" format="ascii">5.4173054695129395 1.5719741582870483 3.114136219024658 5.441184997558594 1.5719952583312988 3.2673606872558594 6.237846851348877 1.571385145187378 8.369004249572754 6.26170539855957 1.571485161781311 8.521668434143066 5.417198657989502 1.5478839874267578 2.7979376316070557 5.4412431716918945 1.5478743314743042 2.9509575366973877 6.237834453582764 1.5474951267242432 8.044966697692871 6.261764049530029 1.547504186630249 8.197501182556152 5.418985843658447 0.745083212852478 -7.70672082901001 5.442942142486572 0.7450700998306274 -7.560276985168457 6.241138935089111 0.7428632974624634 -2.7032649517059326 6.265270709991455 0.7427978515625 -2.5583159923553467 5.419145584106445 0.7210151553153992 -8.021629333496094 5.442949295043945 0.7210496664047241 -7.875488758087158 6.241188049316406 0.7186659574508667 -3.0245752334594727 6.2654194831848145 0.7185916900634766 -2.879631757736206 5.7335124015808105 1.4189033508300781 3.1142525672912598 5.7335686683654785 1.3948805332183838 2.7979073524475098 5.757615089416504 1.3948802947998047 2.9509387016296387 5.757587909698486 1.4189517498016357 3.2672977447509766 6.561866283416748 1.3949755430221558 8.044968605041504 6.5618577003479 1.4188969135284424 8.369006156921387 6.58577299118042 1.3949737548828125 8.197484016418457 6.585782051086426 1.418933391571045 8.521523475646973 5.734162330627441 0.5986575484275818 -7.7067084312438965 5.758158206939697 0.5986514687538147 -7.560299396514893 6.562527656555176 0.597909152507782 -2.7032744884490967 6.586654186248779 0.5978971123695374 -2.558305263519287 5.734210968017578 0.5747079253196716 -8.02178955078125 5.7581586837768555 0.5746767520904541 -7.875461101531982 6.5625505447387695 0.5737189054489136 -3.0246307849884033 6.586709499359131 0.5737754702568054 -2.8797733783721924 6.780827045440674 0.9156938791275024 3.161924362182617 6.780672550201416 0.8915902376174927 2.8454792499542236 6.804594039916992 0.8916140198707581 2.998608350753784 6.804630279541016 0.9157953262329102 3.3147780895233154 7.648861408233643 0.8934310674667358 8.183944702148438 7.648889064788818 0.9176030158996582 8.508040428161621 7.6728105545043945 0.8935325741767883 8.336477279663086 7.672731876373291 0.9175441265106201 8.66031551361084 6.777534008026123 0.10391755402088165 -7.841245174407959 6.8012309074401855 0.10395312309265137 -7.6950249671936035 7.641331195831299 0.10804764926433563 -2.7546024322509766 7.665142059326172 0.10796843469142914 -2.60990309715271 6.777400970458984 0.07991455495357513 -8.156444549560547 6.8012518882751465 0.07984930276870728 -8.00996208190918 7.641326427459717 0.08367348462343216 -3.0762743949890137 7.665351390838623 0.083905428647995 -2.931600332260132 5.417267322540283 1.5639429092407227 3.0088376998901367 5.4172043800354 1.5559773445129395 2.903376817703247 5.441200256347656 1.5639441013336182 3.161879539489746 5.441226005554199 1.5559121370315552 3.0564205646514893 6.237837314605713 1.5634227991104126 8.260997772216797 6.237829685211182 1.5554816722869873 8.152976036071777 6.261714935302734 1.5633784532546997 8.413481712341309 6.2617506980896 1.5554481744766235 8.305527687072754 5.417320251464844 1.5077179670333862 2.270872116088867 5.417469024658203 1.4674601554870605 1.7439851760864258 5.417690753936768 1.427227258682251 1.2173100709915161 5.417953014373779 1.3870211839675903 0.6910257935523987 5.41817569732666 1.3468629121780396 0.1650068461894989 5.418457508087158 1.30672025680542 -0.3606950640678406 5.418646812438965 1.2665562629699707 -0.8860170245170593 5.418828964233398 1.2264617681503296 -1.4111738204956055 5.418971061706543 1.1864497661590576 -1.9361679553985596 5.41909646987915 1.1464840173721313 -2.460984706878662 5.419151306152344 1.1064114570617676 -2.9856295585632324 5.419225215911865 1.0663596391677856 -3.510164737701416 5.419280529022217 1.0263288021087646 -4.034523010253906 5.419232368469238 0.9861754179000854 -4.558836936950684 5.419265270233154 0.9460508227348328 -5.083208084106445 5.419126987457275 0.9058417677879333 -5.607504367828369 5.419098377227783 0.8657021522521973 -6.13217830657959 5.419033527374268 0.8255142569541931 -6.656914710998535 5.41905403137207 0.7853042483329773 -7.181762218475342 5.441336631774902 1.5076583623886108 2.423647403717041 5.441468238830566 1.4673988819122314 1.8964502811431885 5.441666126251221 1.427124261856079 1.3694628477096558 5.441905498504639 1.386905312538147 0.8428388833999634 5.442153453826904 1.3467437028884888 0.31656837463378906 5.442377090454102 1.306605339050293 -0.2093876600265503 5.442561149597168 1.2664661407470703 -0.7349714040756226 5.44270658493042 1.2264026403427124 -1.2603545188903809 5.442854404449463 1.1863691806793213 -1.785526156425476 5.4429450035095215 1.146406888961792 -2.3105201721191406 5.4430341720581055 1.1063896417617798 -2.8354241847991943 5.4430832862854 1.066354751586914 -3.360219717025757 5.443103790283203 1.0263187885284424 -3.88494873046875 5.443107604980469 0.9861977696418762 -4.409646034240723 5.443072319030762 0.9460753202438354 -4.934411525726318 5.442996501922607 0.9058963060379028 -5.459286689758301 5.442942142486572 0.8657315373420715 -5.984382629394531 5.442912578582764 0.8255484700202942 -6.509625434875488 5.442927360534668 0.7853133082389832 -7.034969329833984 6.237860679626465 1.507608413696289 7.504857063293457 6.237960338592529 1.4676967859268188 6.96486234664917 6.2381391525268555 1.4277080297470093 6.425151824951172 6.238349437713623 1.3876909017562866 5.885788917541504 6.238572597503662 1.3476420640945435 5.346794128417969 6.238805294036865 1.307489037513733 4.808141231536865 6.2390360832214355 1.2673373222351074 4.269850730895996 6.239311218261719 1.2271262407302856 3.731935977935791 6.239577770233154 1.1868565082550049 3.1944620609283447 6.239832878112793 1.1465611457824707 2.657419204711914 6.240018367767334 1.1062071323394775 2.1206369400024414 6.240196228027344 1.065864086151123 1.5840957164764404 6.240359306335449 1.025497555732727 1.0477707386016846 6.240480899810791 0.9851334095001221 0.5116708278656006 6.240577220916748 0.9447756409645081 -0.024345874786376953 6.240683555603027 0.9044158458709717 -0.5603343844413757 6.240804672241211 0.8640546798706055 -1.096209168434143 6.240931034088135 0.8236889243125916 -1.6320210695266724 6.241042613983154 0.7833203077316284 -2.167673110961914 6.261758804321289 1.507602572441101 7.657334327697754 6.26191520690918 1.4676564931869507 7.117286205291748 6.262077331542969 1.4276747703552246 6.577488422393799 6.262269496917725 1.3876267671585083 6.037968635559082 6.262534141540527 1.347594976425171 5.498795509338379 6.262752056121826 1.307403564453125 4.959865093231201 6.263015270233154 1.267261028289795 4.421335697174072 6.263289451599121 1.2270512580871582 3.883042812347412 6.26354455947876 1.186814308166504 3.345168352127075 6.263828277587891 1.1465085744857788 2.807626724243164 6.263978004455566 1.1061619520187378 2.2703070640563965 6.264153480529785 1.0658451318740845 1.7331396341323853 6.2642903327941895 1.0254924297332764 1.1962645053863525 6.264440536499023 0.9851486682891846 0.6595684289932251 6.264523983001709 0.9447600245475769 0.12292695790529251 6.264630317687988 0.9044020771980286 -0.41362303495407104 6.264840602874756 0.8640351891517639 -0.9500242471694946 6.264954566955566 0.8236762881278992 -1.4863208532333374 6.265141487121582 0.7833179235458374 -2.022357702255249 5.419022560119629 0.7371053099632263 -7.811738014221191 5.419116973876953 0.7290715575218201 -7.916738033294678 5.442942142486572 0.7370325326919556 -7.6653571128845215 5.442946910858154 0.7290225625038147 -7.770412921905518 6.241148471832275 0.7347722053527832 -2.8103795051574707 6.2411651611328125 0.7267096638679504 -2.9175021648406982 6.265322685241699 0.7347445487976074 -2.6654598712921143 6.265285491943359 0.7267077565193176 -2.7725517749786377 5.425146102905273 1.571982979774475 3.1653270721435547 5.433136463165283 1.5719937086105347 3.2163450717926025 5.481372356414795 1.5720020532608032 3.5224814414978027 5.521290302276611 1.571976900100708 3.7778124809265137 5.561125755310059 1.5720142126083374 4.033211708068848 5.600895881652832 1.5720125436782837 4.288657188415527 5.640599250793457 1.5720298290252686 4.5441389083862305 5.680415630340576 1.5720795392990112 4.799546241760254 5.720180034637451 1.5720630884170532 5.054967403411865 5.759880542755127 1.572075366973877 5.310431957244873 5.7995924949646 1.5721030235290527 5.565850734710693 5.839328289031982 1.5721180438995361 5.8212738037109375 5.879107475280762 1.5720598697662354 6.07649564743042 5.91887903213501 1.5720974206924438 6.3316969871521 5.958710670471191 1.5720510482788086 6.586822032928467 5.998635768890381 1.571912407875061 6.841678142547607 6.038436412811279 1.5719243288040161 7.096548080444336 6.078373908996582 1.571826696395874 7.35125207901001 6.118266582489014 1.571752667427063 7.605923175811768 6.158199787139893 1.5716345310211182 7.860422134399414 6.198073863983154 1.571471095085144 8.11479377746582 6.2457594871521 1.5713874101638794 8.419896125793457 6.253730297088623 1.5713950395584106 8.470693588256836 5.425229549407959 1.5478847026824951 2.848949909210205 5.4332170486450195 1.547882080078125 2.899935722351074 5.481306076049805 1.5478565692901611 3.2059359550476074 5.521232604980469 1.5478688478469849 3.460888147354126 5.561039447784424 1.5478579998016357 3.715806007385254 5.600823402404785 1.5478441715240479 3.9706497192382812 5.640577793121338 1.5478676557540894 4.225430488586426 5.680357933044434 1.5478838682174683 4.480227947235107 5.720133304595947 1.5479345321655273 4.735044002532959 5.759840965270996 1.5479637384414673 4.98990535736084 5.799559593200684 1.5480092763900757 5.24477481842041 5.839291095733643 1.5480093955993652 5.499664783477783 5.879044055938721 1.548006296157837 5.754481315612793 5.918844699859619 1.5479953289031982 6.00929594039917 5.958679676055908 1.5479466915130615 6.264036655426025 5.998556137084961 1.5479121208190918 6.518686771392822 6.038389205932617 1.5478699207305908 6.773283004760742 6.078316688537598 1.547804594039917 7.02783203125 6.118216037750244 1.5477147102355957 7.28231143951416 6.158161163330078 1.5476032495498657 7.5366363525390625 6.1980366706848145 1.5475184917449951 7.790867328643799 6.245800971984863 1.5475026369094849 8.095809936523438 6.253781318664551 1.5475033521652222 8.146646499633789 5.427035808563232 0.7450851798057556 -7.657926082611084 5.435009002685547 0.7450716495513916 -7.609100818634033 5.482658386230469 0.7450889348983765 -7.3162736892700195 5.522308349609375 0.7451098561286926 -7.072160243988037 5.561988353729248 0.7450656890869141 -6.828097820281982 5.601659774780273 0.7449965476989746 -6.584153175354004 5.641427516937256 0.7449259161949158 -6.34031867980957 5.681197643280029 0.7448222041130066 -6.096615314483643 5.721035003662109 0.7446855902671814 -5.85308837890625 5.760861396789551 0.744504988193512 -5.609772682189941 5.800775527954102 0.7443526387214661 -5.366646766662598 5.840709686279297 0.744199275970459 -5.12374210357666 5.880706787109375 0.7440251708030701 -4.8810133934021 5.920673370361328 0.7438760995864868 -4.63848352432251 5.9606547355651855 0.743703305721283 -4.3960652351379395 6.000637054443359 0.7435305714607239 -4.153805255889893 6.040659427642822 0.743339478969574 -3.911743640899658 6.0807085037231445 0.7431792616844177 -3.669872999191284 6.120748519897461 0.7430552244186401 -3.428114175796509 6.160857200622559 0.7429592609405518 -3.1864583492279053 6.200989723205566 0.7429080009460449 -2.944842576980591 6.249164581298828 0.7428413033485413 -2.654942512512207 6.2572174072265625 0.7428238987922668 -2.6066157817840576 5.427063465118408 0.721042811870575 -7.973010540008545 5.435027599334717 0.7210150957107544 -7.924254894256592 5.482692718505859 0.721051812171936 -7.631814479827881 5.522358417510986 0.7210826277732849 -7.388166904449463 5.562094688415527 0.7210336923599243 -7.14446496963501 5.601749420166016 0.7209441661834717 -6.9010009765625 5.641500949859619 0.7208923101425171 -6.657570838928223 5.681269645690918 0.7207810878753662 -6.414175987243652 5.721138000488281 0.7206507325172424 -6.170915126800537 5.760924816131592 0.7204748392105103 -5.927899360656738 5.800846099853516 0.7202594876289368 -5.685013771057129 5.840785980224609 0.7201261520385742 -5.4423441886901855 5.880745887756348 0.7199394106864929 -5.1998610496521 5.920762062072754 0.7197901606559753 -4.957492828369141 5.960719585418701 0.7195926308631897 -4.715308666229248 6.000751972198486 0.7194200754165649 -4.4732346534729 6.040701866149902 0.7191883325576782 -4.23149299621582 6.080804824829102 0.7189794778823853 -3.9898719787597656 6.120762348175049 0.718859076499939 -3.748534679412842 6.160890579223633 0.7187254428863525 -3.507171392440796 6.200985431671143 0.718650758266449 -3.265925884246826 6.249207496643066 0.7186554670333862 -2.976318836212158 6.257246017456055 0.7186760306358337 -2.9279844760894775 5.522706985473633 1.5208684206008911 3.114243984222412 5.628108501434326 1.4698586463928223 3.1142654418945312 5.522675037384033 1.4969146251678467 2.7979304790496826 5.628110885620117 1.4459118843078613 2.7979249954223633 5.73354959487915 1.4109057188034058 3.008793592453003 5.7335615158081055 1.4029078483581543 2.9033522605895996 5.546704292297363 1.4968819618225098 2.9509496688842773 5.652163028717041 1.4458824396133423 2.950941562652588 5.741567134857178 1.394883632659912 2.848923683166504 5.7495808601379395 1.3948832750320435 2.8999314308166504 5.5466837882995605 1.520991563796997 3.2673511505126953 5.65214204788208 1.469957947731018 3.267329216003418 5.7576003074646 1.4109164476394653 3.1618425846099854 5.757605075836182 1.402896761894226 3.0563957691192627 5.741519927978516 1.4189164638519287 3.1652183532714844 5.749540328979492 1.418946623802185 3.2162718772888184 6.345853805541992 1.4966630935668945 8.044966697692871 6.453866958618164 1.4458222389221191 8.044971466064453 5.7979350090026855 1.3948795795440674 3.205956220626831 5.83825159072876 1.394871473312378 3.460909843444824 5.878586292266846 1.3948957920074463 3.715829372406006 5.91892671585083 1.3949090242385864 3.9706673622131348 5.959320545196533 1.394931435585022 4.225453853607178 5.999741554260254 1.3949640989303589 4.480254173278809 6.040096759796143 1.3949899673461914 4.735065460205078 6.080415725708008 1.395018458366394 4.989924430847168 6.120690822601318 1.395042061805725 5.244800567626953 6.160950660705566 1.39507257938385 5.49969482421875 6.2011260986328125 1.3951013088226318 5.754511833190918 6.241321563720703 1.3951095342636108 6.0093183517456055 6.281538963317871 1.3951115608215332 6.2640814781188965 6.32167911529541 1.3951269388198853 6.518730640411377 6.361757278442383 1.395100474357605 6.773321628570557 6.401853084564209 1.3950839042663574 7.027881622314453 6.441951751708984 1.3950468301773071 7.282358646392822 6.482028484344482 1.3950157165527344 7.536689758300781 6.522030353546143 1.3950005769729614 7.790905952453613 6.345845699310303 1.5205605030059814 8.369007110595703 6.453853130340576 1.4697307348251343 8.369009017944336 6.561866283416748 1.4109375476837158 8.261003494262695 6.561862945556641 1.4029439687728882 8.152987480163574 5.797902584075928 1.4190137386322021 3.522459030151367 5.8382134437561035 1.41899836063385 3.777787685394287 5.878538608551025 1.419028401374817 4.0331525802612305 5.918886661529541 1.419069766998291 4.288595676422119 5.959303855895996 1.4191129207611084 4.544068336486816 5.999728679656982 1.4191350936889648 4.799491882324219 6.040081977844238 1.4191240072250366 5.054935932159424 6.080417633056641 1.4191547632217407 5.310397624969482 6.120685577392578 1.4191409349441528 5.565810203552246 6.160923004150391 1.419143795967102 5.821220874786377 6.201115131378174 1.4191515445709229 6.076454162597656 6.241278171539307 1.419184923171997 6.3316473960876465 6.281497955322266 1.4191718101501465 6.586734294891357 6.32161808013916 1.4191571474075317 6.841638088226318 6.361693382263184 1.4191194772720337 7.0964579582214355 6.401777267456055 1.4191093444824219 7.351190090179443 6.441873550415039 1.4190876483917236 7.6058759689331055 6.4819722175598145 1.41903817653656 7.860407829284668 6.521999359130859 1.4189460277557373 8.114774703979492 6.369761943817139 1.496665120124817 8.197495460510254 6.477754592895508 1.4458177089691162 8.197480201721191 6.569835186004639 1.3949739933013916 8.095802307128906 6.577800273895264 1.3949744701385498 8.146629333496094 6.369757652282715 1.5205368995666504 8.521524429321289 6.477757930755615 1.4697260856628418 8.521492004394531 6.585765361785889 1.4109200239181519 8.413520812988281 6.585768222808838 1.4029723405838013 8.305499076843262 6.569812774658203 1.4189221858978271 8.419873237609863 6.577807426452637 1.4189223051071167 8.470709800720215 5.5240559577941895 0.6962816715240479 -7.7067131996154785 5.629108905792236 0.6474553346633911 -7.706711292266846 5.733617782592773 1.354931354522705 2.2708351612091064 5.7336554527282715 1.3149967193603516 1.7439355850219727 5.733739852905273 1.2750678062438965 1.2172465324401855 5.7337870597839355 1.235199213027954 0.6909536719322205 5.7338762283325195 1.1952825784683228 0.16491296887397766 5.733892440795898 1.155407428741455 -0.3607518970966339 5.733942031860352 1.1155173778533936 -0.8861202597618103 5.733996391296387 1.0756664276123047 -1.4112565517425537 5.734028339385986 1.0357964038848877 -1.936232566833496 5.7340803146362305 0.995993971824646 -2.461010694503784 5.734079360961914 0.9562127590179443 -2.9856624603271484 5.734090328216553 0.9164496660232544 -3.5101518630981445 5.734112739562988 0.8767346143722534 -4.034512519836426 5.7341156005859375 0.8369795680046082 -4.558792591094971 5.734111309051514 0.7972697019577026 -5.083137512207031 5.7341227531433105 0.7576048970222473 -5.607484340667725 5.734158515930176 0.7179482579231262 -6.132113933563232 5.734156608581543 0.6782236099243164 -6.656871795654297 5.7341718673706055 0.6385063529014587 -7.181734085083008 5.5480194091796875 0.696261465549469 -7.5602850914001465 5.653095245361328 0.6474564075469971 -7.560292720794678 5.742151737213135 0.5986552834510803 -7.657917499542236 5.750147342681885 0.5986514091491699 -7.60910701751709 5.757657527923584 1.3549412488937378 2.4236366748809814 5.757695198059082 1.3150231838226318 1.8964297771453857 5.757728099822998 1.2750955820083618 1.369438886642456 5.757761001586914 1.2352277040481567 0.8428093194961548 5.757822513580322 1.1953425407409668 0.31654131412506104 5.757828712463379 1.1554478406906128 -0.20940500497817993 5.757853984832764 1.115570068359375 -0.7349913716316223 5.7578840255737305 1.075709581375122 -1.260377287864685 5.757903575897217 1.0358372926712036 -1.7855440378189087 5.757917404174805 0.9960353970527649 -2.3105225563049316 5.757928371429443 0.9562350511550903 -2.835432767868042 5.757930755615234 0.9164533615112305 -3.3602328300476074 5.757928371429443 0.8767247200012207 -3.8849475383758545 5.757942199707031 0.8369696736335754 -4.409656524658203 5.757943153381348 0.7972387671470642 -4.9344162940979 5.7579755783081055 0.7575835585594177 -5.459296226501465 5.758018970489502 0.7178869247436523 -5.984395503997803 5.758061408996582 0.6781840324401855 -6.509637832641602 5.758111953735352 0.6384650468826294 -7.034976959228516 6.348259925842285 0.694542407989502 -2.7032663822174072 6.455390930175781 0.6462299823760986 -2.703273057937622 5.798281669616699 0.5986741781234741 -7.316303730010986 5.838377952575684 0.5986790060997009 -7.072195053100586 5.878504276275635 0.59870845079422 -6.828121185302734 5.9186320304870605 0.5987091064453125 -6.584171295166016 5.958757400512695 0.598700225353241 -6.340343475341797 5.99885892868042 0.5986884236335754 -6.096626281738281 6.038941860198975 0.5986539125442505 -5.853097438812256 6.079043388366699 0.5986167788505554 -5.609765529632568 6.119178771972656 0.5985741019248962 -5.366645336151123 6.1593499183654785 0.5985298156738281 -5.123729705810547 6.19954776763916 0.5984803438186646 -4.881006240844727 6.239757537841797 0.5983948707580566 -4.638481140136719 6.279921531677246 0.5983226895332336 -4.396050453186035 6.320131301879883 0.5982462167739868 -4.1537981033325195 6.36042594909668 0.5981810092926025 -3.911729335784912 6.400752544403076 0.598106861114502 -3.669860363006592 6.441137790679932 0.5980556011199951 -3.4281070232391357 6.481568336486816 0.5980052947998047 -3.186462879180908 6.522051811218262 0.5979592204093933 -2.9448485374450684 6.5618896484375 1.3551443815231323 7.504843235015869 6.5618696212768555 1.315255880355835 6.964845657348633 6.561863422393799 1.2753463983535767 6.4251298904418945 6.561863899230957 1.2354810237884521 5.885769367218018 6.561886310577393 1.1956052780151367 5.3467698097229 6.561898708343506 1.1557199954986572 4.808117866516113 6.561936378479004 1.1158190965652466 4.269824028015137 6.561964988708496 1.0759994983673096 3.7319021224975586 6.56198787689209 1.0361614227294922 3.1944282054901123 6.562022686004639 0.9963563680648804 2.6573870182037354 6.562074184417725 0.9565522074699402 2.1206090450286865 6.5621256828308105 0.9168232083320618 1.5840656757354736 6.562152862548828 0.877081036567688 1.0477468967437744 6.562186241149902 0.8372865319252014 0.5116481184959412 6.562253475189209 0.7975268959999084 -0.024372339248657227 6.562313079833984 0.7577499151229858 -0.5603589415550232 6.562368869781494 0.7178987264633179 -1.0962423086166382 6.5624260902404785 0.6780182719230652 -1.632047176361084 6.562468528747559 0.6380294561386108 -2.16770076751709 6.372424602508545 0.6945128440856934 -2.558319091796875 6.479520320892334 0.6462125778198242 -2.5583181381225586 6.570577621459961 0.5979090929031372 -2.654954195022583 6.578624248504639 0.5979092121124268 -2.6066324710845947 6.585765361785889 1.3551263809204102 7.657326698303223 6.585780143737793 1.3152562379837036 7.117279052734375 6.585759162902832 1.2753417491912842 6.577463150024414 6.585801601409912 1.2354750633239746 6.037909984588623 6.585817813873291 1.195603847503662 5.498716354370117 6.585877418518066 1.1557235717773438 4.959836483001709 6.585935115814209 1.1158058643341064 4.421280384063721 6.5859479904174805 1.0759732723236084 3.883033275604248 6.585984230041504 1.036130666732788 3.345141887664795 6.586025714874268 0.9963218569755554 2.8076155185699463 6.586070537567139 0.9565247297286987 2.270305633544922 6.586085796356201 0.9167776703834534 1.7331697940826416 6.58615779876709 0.8770383596420288 1.1962502002716064 6.586181640625 0.8372586965560913 0.6595619916915894 6.586246490478516 0.7974897623062134 0.1229286715388298 6.586289405822754 0.7577157020568848 -0.4136345386505127 6.586397171020508 0.7178809642791748 -0.9500479698181152 6.586479187011719 0.6779876947402954 -1.4863351583480835 6.5865678787231445 0.6380134224891663 -2.022407293319702 5.524110317230225 0.6722642779350281 -8.021713256835938 5.629080295562744 0.6234508752822876 -8.021751403808594 5.734159469604492 0.5906597375869751 -7.811752796173096 5.73416805267334 0.5826847553253174 -7.916737079620361 5.548042297363281 0.672269880771637 -7.875492572784424 5.653114318847656 0.623473048210144 -7.8754801750183105 5.742166996002197 0.5746700763702393 -7.972989082336426 5.750130653381348 0.5746625661849976 -7.924247741699219 5.7581634521484375 0.5906668305397034 -7.665374279022217 5.758164405822754 0.5826761722564697 -7.7704291343688965 6.348277568817139 0.670344352722168 -3.0245954990386963 6.455415725708008 0.6220542192459106 -3.02461314201355 5.798239231109619 0.5746665000915527 -7.631773948669434 5.8383283615112305 0.5746927261352539 -7.388097286224365 5.878451824188232 0.5746937394142151 -7.144435405731201 5.918584823608398 0.5746946334838867 -6.900943279266357 5.958725929260254 0.5746682286262512 -6.657506942749023 5.998825550079346 0.5746859908103943 -6.414127349853516 6.038913249969482 0.5746384859085083 -6.170851707458496 6.079037666320801 0.5745769739151001 -5.927802085876465 6.119163990020752 0.5745294690132141 -5.684971809387207 6.1593427658081055 0.5744550824165344 -5.442278861999512 6.199562072753906 0.5744003057479858 -5.199804782867432 6.239769458770752 0.5743382573127747 -4.957446098327637 6.27992057800293 0.5742270946502686 -4.715251922607422 6.320148468017578 0.5741416215896606 -4.473210334777832 6.3604326248168945 0.5740220546722412 -4.231425762176514 6.400766849517822 0.573928713798523 -3.989835262298584 6.441137313842773 0.5738284587860107 -3.7484631538391113 6.4816060066223145 0.5737346410751343 -3.5071563720703125 6.522075176239014 0.5737133622169495 -3.265911817550659 6.562533855438232 0.5898662209510803 -2.8103981018066406 6.562539100646973 0.581804096698761 -2.9175119400024414 6.372363090515137 0.6703922152519226 -2.8796567916870117 6.47948694229126 0.6221225261688232 -2.8797178268432617 6.570590972900391 0.5737618207931519 -2.9763448238372803 6.578643798828125 0.5737751722335815 -2.928037405014038 6.586674213409424 0.5898634195327759 -2.665423631668091 6.586687088012695 0.5818049907684326 -2.772584915161133 5.838210582733154 1.36862051486969 3.11895489692688 5.943044662475586 1.3183001279830933 3.123706817626953 6.047713279724121 1.2679026126861572 3.128466844558716 6.152422904968262 1.2176012992858887 3.133261203765869 6.257088661193848 1.1673078536987305 3.1380043029785156 6.361778259277344 1.1169698238372803 3.142789840698242 6.46640682220459 1.0667688846588135 3.1475517749786377 6.5711669921875 1.0164400339126587 3.152301788330078 6.675967216491699 0.9659870266914368 3.157097339630127 5.838298797607422 1.3445515632629395 2.8026540279388428 5.943023681640625 1.2942310571670532 2.807413101196289 6.047764301300049 1.243905782699585 2.8121724128723145 6.152470588684082 1.193575143814087 2.816941499710083 6.257141590118408 1.1432557106018066 2.821716547012329 6.361837863922119 1.092947006225586 2.826476812362671 6.466548919677734 1.0426212549209595 2.8312342166900635 6.571253776550293 0.9922829270362854 2.8359856605529785 6.675986289978027 0.9419538378715515 2.840736150741577 6.7807536125183105 0.9076880216598511 3.0564217567443848 6.780658721923828 0.899574875831604 2.950835943222046 5.8623199462890625 1.34455144405365 2.955699920654297 5.967031002044678 1.2942283153533936 2.960460901260376 6.071734428405762 1.243898630142212 2.965229034423828 6.176427841186523 1.193571925163269 2.9699907302856445 6.281125545501709 1.143256425857544 2.974757671356201 6.385822772979736 1.092933177947998 2.979525327682495 6.490502834320068 1.0425996780395508 2.984287738800049 6.595191955566406 0.9922802448272705 2.9890553951263428 6.699887752532959 0.9419654607772827 2.9938268661499023 6.788663864135742 0.8916000127792358 2.8965229988098145 6.7966084480285645 0.891616940498352 2.947563886642456 5.862334728240967 1.3686600923538208 3.2720327377319336 5.967031478881836 1.3183228969573975 3.27677059173584 6.071756362915039 1.2679864168167114 3.2815146446228027 6.176454067230225 1.217659831047058 3.2862672805786133 6.281152248382568 1.1673455238342285 3.2910149097442627 6.385856628417969 1.1170475482940674 3.295759439468384 6.490545272827148 1.0667515993118286 3.300513505935669 6.595250606536865 1.0164152383804321 3.3052685260772705 6.699954509735107 0.9661092162132263 3.310030221939087 6.804616928100586 0.9077345728874207 3.2093944549560547 6.804600715637207 0.89966881275177 3.103989839553833 6.788676738739014 0.9156755208969116 3.2128701210021973 6.796693325042725 0.915719747543335 3.2638165950775146 6.670569896697998 1.3448022603988647 8.05886459350586 6.77927827835083 1.294623613357544 8.072775840759277 6.887970924377441 1.2444665431976318 8.086679458618164 6.9966535568237305 1.19430410861969 8.100580215454102 7.105337619781494 1.1441435813903809 8.114484786987305 7.214025020599365 1.093997597694397 8.128385543823242 7.3227128982543945 1.0438634157180786 8.142280578613281 7.431401252746582 0.9937109351158142 8.156167984008789 7.540114402770996 0.9435651302337646 8.17005729675293 6.852261543273926 0.8915160894393921 3.2983531951904297 6.893375873565674 0.8913848400115967 3.553441047668457 6.935065269470215 0.8912608623504639 3.808558940887451 6.9774489402771 0.8911468982696533 4.063531875610352 7.020064830780029 0.8911570310592651 4.318577766418457 7.062965393066406 0.8912189602851868 4.573461532592773 7.105612754821777 0.8912324905395508 4.828401565551758 7.148048400878906 0.8912588953971863 5.08344841003418 7.190224647521973 0.8914326429367065 5.338430404663086 7.232028484344482 0.8915940523147583 5.593409061431885 7.27347993850708 0.8918156027793884 5.848430633544922 7.314713478088379 0.8920198678970337 6.103366374969482 7.355813026428223 0.8921678066253662 6.358238697052002 7.396707534790039 0.8923951387405396 6.613048076629639 7.437553405761719 0.8925932049751282 6.867651462554932 7.478085517883301 0.8927703499794006 7.12232780456543 7.518830299377441 0.8928298950195312 7.376841068267822 7.559945583343506 0.8929394483566284 7.6311845779418945 7.601027965545654 0.8931580781936646 7.885447025299072 6.67057466506958 1.3687694072723389 8.382894515991211 6.7792840003967285 1.3186347484588623 8.3967924118042 6.887960910797119 1.2684932947158813 8.41067886352539 6.996657371520996 1.2183717489242554 8.42457389831543 7.105356693267822 1.1682522296905518 8.43846321105957 7.214039325714111 1.118116855621338 8.45236587524414 7.322717189788818 1.0679926872253418 8.46627426147461 7.431432247161865 1.017852783203125 8.480189323425293 7.5401458740234375 0.9677199721336365 8.49411392211914 7.648876667022705 0.9095039963722229 8.399999618530273 7.6488776206970215 0.9014753699302673 8.291958808898926 6.852261543273926 0.9159789681434631 3.614612102508545 6.893361568450928 0.9161486029624939 3.869917392730713 6.93507719039917 0.9163347482681274 4.125370025634766 6.977443218231201 0.9164784550666809 4.380983352661133 7.020071983337402 0.9165714383125305 4.6366143226623535 7.062967777252197 0.9166303873062134 4.892406463623047 7.105569362640381 0.9165558815002441 5.148003101348877 7.148087978363037 0.9164566397666931 5.403721332550049 7.190247058868408 0.9164682626724243 5.659329891204834 7.2320404052734375 0.9164401292800903 5.914797782897949 7.273515224456787 0.9164829850196838 6.170201778411865 7.314751148223877 0.9165987968444824 6.4253973960876465 7.355849742889404 0.9167308807373047 6.680490493774414 7.3967695236206055 0.9168245792388916 6.935513019561768 7.437559127807617 0.9169466495513916 7.1903791427612305 7.478143692016602 0.9170739054679871 7.445101261138916 7.5188775062561035 0.9173111915588379 7.6997785568237305 7.559964656829834 0.9174900054931641 7.954526424407959 7.601075172424316 0.9175941348075867 8.209144592285156 6.694493293762207 1.3448151350021362 8.21137809753418 6.803177833557129 1.294664978981018 8.225266456604004 6.911905765533447 1.2444934844970703 8.239161491394043 7.020596981048584 1.1943447589874268 8.253057479858398 7.12928581237793 1.1442023515701294 8.266960144042969 7.237987995147705 1.0940715074539185 8.280863761901855 7.3466691970825195 1.0439271926879883 8.294769287109375 7.4553937911987305 0.9937881827354431 8.308659553527832 7.564090251922607 0.9436557292938232 8.322572708129883 7.656829833984375 0.8934628963470459 8.234786987304688 7.664819717407227 0.8934935927391052 8.285652160644531 6.6945013999938965 1.3687889575958252 8.535449028015137 6.80318021774292 1.3186200857162476 8.54937744140625 6.911920070648193 1.2684829235076904 8.563258171081543 7.020745754241943 1.218456506729126 8.577127456665039 7.129344463348389 1.1682010889053345 8.590991973876953 7.238086700439453 1.1181080341339111 8.604903221130371 7.3467793464660645 1.0679490566253662 8.618762969970703 7.455433368682861 1.0177936553955078 8.632650375366211 7.564145088195801 0.9675804972648621 8.64651870727539 7.672811985015869 0.9095232486724854 8.552449226379395 7.672836780548096 0.9014642834663391 8.444549560546875 7.656949043273926 0.9175216555595398 8.558923721313477 7.664925575256348 0.9174814820289612 8.609740257263184 5.838525772094727 0.5491579174995422 -7.720167636871338 5.942862510681152 0.49969884753227234 -7.7336249351501465 6.047221660614014 0.4502321183681488 -7.747085094451904 6.151564598083496 0.4007490575313568 -7.7605366706848145 6.255913734436035 0.35128337144851685 -7.77400541305542 6.360238075256348 0.30180418491363525 -7.78747034072876 6.4645586013793945 0.2523342967033386 -7.800926208496094 6.5688676834106445 0.20286007225513458 -7.814373970031738 6.673180103302002 0.153373584151268 -7.827809810638428 6.780763626098633 0.8452038764953613 2.2262423038482666 6.780529022216797 0.8062129020690918 1.6994657516479492 6.780069828033447 0.7671387195587158 1.172856092453003 6.779562950134277 0.7280162572860718 0.6466174125671387 6.7790656089782715 0.6888286471366882 0.12062078714370728 6.778666019439697 0.6497381925582886 -0.4050268232822418 6.778234481811523 0.6109206080436707 -0.9302400946617126 6.777814865112305 0.5719238519668579 -1.4553552865982056 6.7774810791015625 0.5328906774520874 -1.9801859855651855 6.777254104614258 0.49400007724761963 -2.504923105239868 6.777100086212158 0.45525509119033813 -3.029482364654541 6.777017116546631 0.41671544313430786 -3.5538361072540283 6.77695894241333 0.3785035312175751 -4.078105449676514 6.7769341468811035 0.3404315710067749 -4.602176666259766 6.777096748352051 0.3024619519710541 -5.126322269439697 6.777291297912598 0.2645561099052429 -5.650576591491699 6.777482986450195 0.22647801041603088 -6.175080299377441 6.777583122253418 0.18820145726203918 -6.699776649475098 6.777614593505859 0.14969167113304138 -7.224575996398926 5.8625030517578125 0.549166202545166 -7.5737833976745605 5.96682071685791 0.49969619512557983 -7.587254524230957 6.071135520935059 0.45023587346076965 -7.6007208824157715 6.175449371337891 0.40076974034309387 -7.614192008972168 6.279759883880615 0.35130077600479126 -7.627662658691406 6.384042739868164 0.3018360733985901 -7.6411261558532715 6.488344192504883 0.2523527145385742 -7.654587268829346 6.592635631561279 0.2028810977935791 -7.668052673339844 6.696926593780518 0.15341588854789734 -7.681535243988037 6.785398960113525 0.10392922163009644 -7.792500019073486 6.793315410614014 0.10394369065761566 -7.743772029876709 6.80430793762207 0.8452525734901428 2.3791983127593994 6.803980350494385 0.8062901496887207 1.8521151542663574 6.8036298751831055 0.7672642469406128 1.3252843618392944 6.803149223327637 0.7281186580657959 0.7987724542617798 6.8026299476623535 0.6889148950576782 0.2726580500602722 6.802091121673584 0.6498792171478271 -0.25321123003959656 6.801670074462891 0.6110113263130188 -0.7788333296775818 6.801291465759277 0.5719959735870361 -1.3042188882827759 6.800942897796631 0.532995343208313 -1.8293594121932983 6.800647735595703 0.4940528869628906 -2.3542912006378174 6.800354957580566 0.45531538128852844 -2.879162073135376 6.800145149230957 0.4167310297489166 -3.4039194583892822 6.799978256225586 0.3785386383533478 -3.928579568862915 6.799960136413574 0.34040534496307373 -4.453258991241455 6.80001163482666 0.3024492859840393 -4.977975368499756 6.800195217132568 0.26448702812194824 -5.5027360916137695 6.800516605377197 0.22644677758216858 -6.027696132659912 6.800703525543213 0.1881779134273529 -6.552778720855713 6.800924301147461 0.14968524873256683 -7.077941417694092 6.670404434204102 0.5489233136177063 -2.7084174156188965 6.778274059295654 0.4999181628227234 -2.71355938911438 6.886154651641846 0.45090001821517944 -2.7187020778656006 6.994032382965088 0.4018993079662323 -2.723841905593872 7.101919174194336 0.35289716720581055 -2.728978157043457 7.20980167388916 0.3039182126522064 -2.734125852584839 7.317676067352295 0.2549220025539398 -2.739260196685791 7.42555046081543 0.2059500366449356 -2.744384765625 7.533435821533203 0.15697532892227173 -2.749498128890991 7.648655414581299 0.8466750383377075 7.549424171447754 7.64838171005249 0.8071149587631226 7.009489059448242 7.648004531860352 0.7678079009056091 6.469771862030029 7.647471904754639 0.72890704870224 5.93049430847168 7.646822929382324 0.6897169947624207 5.39145040512085 7.646189212799072 0.6502685546875 4.85262393951416 7.645694732666016 0.6108861565589905 4.314187049865723 7.645153999328613 0.5722224712371826 3.776305675506592 7.644608497619629 0.5337314605712891 3.2386248111724854 7.644120693206787 0.4954470992088318 2.7013988494873047 7.643722057342529 0.45733603835105896 2.1644415855407715 7.643366813659668 0.4193119406700134 1.627587914466858 7.643044948577881 0.38160189986228943 1.091130018234253 7.642847537994385 0.34388720989227295 0.5548109412193298 7.642623424530029 0.306260347366333 0.018626883625984192 7.6424150466918945 0.26856866478919983 -0.5174440145492554 7.642202854156494 0.23059296607971191 -1.053546667098999 7.6419501304626465 0.1923235058784485 -1.5894814729690552 7.641679286956787 0.15384069085121155 -2.1252381801605225 6.694502830505371 0.5488989353179932 -2.5634520053863525 6.802367687225342 0.49988508224487305 -2.568607807159424 6.910223484039307 0.4508625864982605 -2.5737617015838623 7.018045902252197 0.4018700420856476 -2.5789334774017334 7.125895023345947 0.3528798818588257 -2.5840821266174316 7.233757495880127 0.3038865625858307 -2.5892505645751953 7.341596603393555 0.25488466024398804 -2.5944066047668457 7.449459075927734 0.20589099824428558 -2.599564552307129 7.557285308837891 0.15692439675331116 -2.6047298908233643 7.649295806884766 0.1080247163772583 -2.7063651084899902 7.657263278961182 0.10798895359039307 -2.658154249191284 7.672478199005127 0.846720278263092 7.701926231384277 7.672094821929932 0.807216227054596 7.1618804931640625 7.671525001525879 0.7679514288902283 6.6220598220825195 7.670984268188477 0.7290152311325073 6.082350254058838 7.670492649078369 0.6898589134216309 5.5430827140808105 7.669888496398926 0.6504309177398682 5.004223823547363 7.669177532196045 0.6110578775405884 4.465798377990723 7.668423175811768 0.5723422169685364 3.927419662475586 7.667797088623047 0.5338990688323975 3.3893420696258545 7.667168140411377 0.49553778767585754 2.851646661758423 7.66669225692749 0.45743006467819214 2.3141930103302 7.666286945343018 0.41941341757774353 1.7769063711166382 7.665919303894043 0.3816818594932556 1.2397770881652832 7.665597438812256 0.3439211845397949 0.7028741836547852 7.665426254272461 0.30629241466522217 0.16599494218826294 7.6653218269348145 0.2685808837413788 -0.3707626461982727 7.665256023406982 0.2306353896856308 -0.9074509143829346 7.665075778961182 0.19236472249031067 -1.4438629150390625 7.66502571105957 0.1539018601179123 -1.9800944328308105 5.838479518890381 0.5251309871673584 -8.035236358642578 5.9427690505981445 0.4756307601928711 -8.048648834228516 6.047178745269775 0.4262033700942993 -8.062104225158691 6.151573657989502 0.3768693506717682 -8.075603485107422 6.2558512687683105 0.3272942900657654 -8.089103698730469 6.360228538513184 0.2779393196105957 -8.102547645568848 6.464436054229736 0.22834226489067078 -8.115968704223633 6.568701267242432 0.17888347804546356 -8.129434585571289 6.6730804443359375 0.12944293022155762 -8.142934799194336 6.7774810791015625 0.09593450278043747 -7.946229457855225 6.777438163757324 0.0879182517528534 -8.051321029663086 5.862502098083496 0.5251509547233582 -7.888915061950684 5.966832637786865 0.475671648979187 -7.902371406555176 6.071170806884766 0.42619866132736206 -7.915831565856934 6.175474643707275 0.37674808502197266 -7.929280757904053 6.279774188995361 0.32726526260375977 -7.9427361488342285 6.384082317352295 0.2777935564517975 -7.956183910369873 6.4883880615234375 0.2283104807138443 -7.9696221351623535 6.592685699462891 0.17880576848983765 -7.983068943023682 6.69696569442749 0.12935930490493774 -7.996516704559326 6.785366058349609 0.07993556559085846 -8.107522010803223 6.793221473693848 0.07988935708999634 -8.058670043945312 6.801239013671875 0.09596462547779083 -7.800012111663818 6.801243782043457 0.08793077617883682 -7.90498685836792 6.670395851135254 0.524709165096283 -3.0297939777374268 6.778257846832275 0.4756516218185425 -3.034956693649292 6.886142730712891 0.42659860849380493 -3.0401077270507812 6.99402379989624 0.37759435176849365 -3.0452394485473633 7.101892471313477 0.32860028743743896 -3.0503957271575928 7.209744453430176 0.2795788049697876 -3.055542230606079 7.317624568939209 0.23059086501598358 -3.0606980323791504 7.425479888916016 0.1816115379333496 -3.0658812522888184 7.533376216888428 0.13264200091362 -3.071065664291382 6.848973751068115 0.0797552615404129 -7.723633289337158 6.890341281890869 0.07971374690532684 -7.4800944328308105 6.931967258453369 0.0797966867685318 -7.236589431762695 6.973800182342529 0.08003135025501251 -6.993300437927246 7.015144348144531 0.08030976355075836 -6.749905109405518 7.056291103363037 0.08057495951652527 -6.506661415100098 7.097292900085449 0.08084392547607422 -6.2634196281433105 7.138647556304932 0.08116796612739563 -6.020637035369873 7.179805278778076 0.08149247616529465 -5.777867794036865 7.220772743225098 0.08179673552513123 -5.535186290740967 7.261824607849121 0.08209124952554703 -5.292808532714844 7.302645206451416 0.08238241076469421 -5.050436019897461 7.343350887298584 0.0826207846403122 -4.808267593383789 7.384310245513916 0.08280932158231735 -4.56626033782959 7.425586223602295 0.08296094089746475 -4.324587821960449 7.467087268829346 0.08316454291343689 -4.083156108856201 7.50886869430542 0.08327796310186386 -3.841914653778076 7.550741195678711 0.08331860601902008 -3.6007614135742188 7.592690467834473 0.08335482329130173 -3.359602689743042 7.641317844390869 0.0999365746974945 -2.8618147373199463 7.641325950622559 0.09182064235210419 -2.969020366668701 6.848994731903076 0.10425199568271637 -7.408535003662109 6.890376567840576 0.1044844388961792 -7.1645050048828125 6.93202543258667 0.10472357273101807 -6.920553684234619 6.9738311767578125 0.104831263422966 -6.67669677734375 7.01518440246582 0.10495292395353317 -6.433017730712891 7.056331157684326 0.10512052476406097 -6.189416885375977 7.097406387329102 0.10543330013751984 -5.945972919464111 7.138699054718018 0.10580572485923767 -5.702681541442871 7.179873466491699 0.106077179312706 -5.459622383117676 7.220858573913574 0.10633297264575958 -5.216736316680908 7.261849880218506 0.10657267272472382 -4.974098205566406 7.302750587463379 0.10681411623954773 -4.731546401977539 7.343394756317139 0.10708130151033401 -4.489316463470459 7.3843913078308105 0.10738053917884827 -4.247093200683594 7.425656795501709 0.10771778970956802 -4.0050883293151855 7.467155456542969 0.10800215601921082 -3.763265609741211 7.508890151977539 0.10822182893753052 -3.521554470062256 7.550716876983643 0.10833889991044998 -3.279967784881592 7.592712879180908 0.10828593373298645 -3.038350820541382 6.694585800170898 0.5246785283088684 -2.8849315643310547 6.80246639251709 0.4756755828857422 -2.8900556564331055 6.910361289978027 0.4266534447669983 -2.8952105045318604 7.018087863922119 0.37776482105255127 -2.9004390239715576 7.12600040435791 0.32876086235046387 -2.9055838584899902 7.233849048614502 0.2796499729156494 -2.9107115268707275 7.341790676116943 0.23070350289344788 -2.9158780574798584 7.449527740478516 0.18179765343666077 -2.92106294631958 7.55738639831543 0.13278065621852875 -2.926340341567993 7.649249076843262 0.08383124321699142 -3.0280280113220215 7.657289028167725 0.08389175683259964 -2.979708433151245 7.665210247039795 0.0999738872051239 -2.71712327003479 7.66526460647583 0.09189632534980774 -2.8243284225463867 5.425173282623291 1.5639466047286987 3.05983829498291 5.433163642883301 1.5639331340789795 3.110882520675659 5.425220489501953 1.5559533834457397 2.9543917179107666 5.433188438415527 1.5559329986572266 3.005399465560913 5.481354236602783 1.5639820098876953 3.416977643966675 5.5212883949279785 1.5639779567718506 3.67218017578125 5.561105728149414 1.5639891624450684 3.9274115562438965 5.600879669189453 1.5640101432800293 4.18265962600708 5.64060640335083 1.56404447555542 4.437900543212891 5.680408954620361 1.5640534162521362 4.6930975914001465 5.72017765045166 1.5640647411346436 4.948331356048584 5.75987434387207 1.5641041994094849 5.203596115112305 5.799597263336182 1.5641072988510132 5.458811283111572 5.839328289031982 1.5641008615493774 5.714070796966553 5.879103660583496 1.5640883445739746 5.969162464141846 5.91887092590332 1.5640816688537598 6.224229335784912 5.958731174468994 1.5640348196029663 6.47921085357666 5.998624801635742 1.563938021659851 6.734020233154297 6.038440704345703 1.5639132261276245 6.9887800216674805 6.078373432159424 1.5638428926467896 7.24345064163208 6.1182637214660645 1.5637586116790771 7.4980573654174805 6.158199310302734 1.5636098384857178 7.752502918243408 6.1980791091918945 1.5635113716125488 8.00680923461914 5.481329917907715 1.5559141635894775 3.3114569187164307 5.5212721824646 1.5559428930282593 3.566544771194458 5.561079502105713 1.5559203624725342 3.821615695953369 5.600855350494385 1.5559470653533936 4.076657295227051 5.6406025886535645 1.5559582710266113 4.331658840179443 5.680388927459717 1.5559855699539185 4.586662292480469 5.720156192779541 1.5560226440429688 4.841686248779297 5.759867191314697 1.556041955947876 5.096757411956787 5.799581527709961 1.556073546409607 5.3517985343933105 5.83931827545166 1.5560632944107056 5.606870174407959 5.879077434539795 1.556039810180664 5.861824989318848 5.9188642501831055 1.556036114692688 6.116763591766357 5.958715438842773 1.5559957027435303 6.371623516082764 5.998601913452148 1.5559394359588623 6.6263628005981445 6.038422584533691 1.5558842420578003 6.881037712097168 6.078361511230469 1.5558357238769531 7.135650634765625 6.118247985839844 1.5557360649108887 7.390185832977295 6.158188343048096 1.5556174516677856 7.644572734832764 6.198068618774414 1.555508017539978 7.898849964141846 6.245767593383789 1.563421607017517 8.311817169189453 6.2537760734558105 1.5634276866912842 8.362679481506348 6.245811462402344 1.555471420288086 8.203816413879395 6.253782272338867 1.5554617643356323 8.254652976989746 5.425343990325928 1.5077078342437744 2.321787118911743 5.433355331420898 1.507683515548706 2.372727632522583 5.425491809844971 1.4674478769302368 1.7948181629180908 5.4334821701049805 1.467432975769043 1.845639705657959 5.425718307495117 1.4272048473358154 1.2680476903915405 5.433695316314697 1.4271714687347412 1.3187602758407593 5.425971031188965 1.3870000839233398 0.7416243553161621 5.43394660949707 1.386956810951233 0.792243242263794 5.4262003898620605 1.3468340635299683 0.21553999185562134 5.4341959953308105 1.3468002080917358 0.2660582661628723 5.426450252532959 1.30669105052948 -0.310257226228714 5.434403896331787 1.3066527843475342 -0.2598087191581726 5.42665958404541 1.2665417194366455 -0.8356724977493286 5.434615612030029 1.2665175199508667 -0.7853169441223145 5.4267897605896 1.2264537811279297 -1.360910415649414 5.434759140014648 1.2264373302459717 -1.3106333017349243 5.426959991455078 1.1864347457885742 -1.8859539031982422 5.43489408493042 1.1864051818847656 -1.8357397317886353 5.427077293395996 1.1464663743972778 -2.41080904006958 5.435018539428711 1.1464377641677856 -2.3606529235839844 5.427148818969727 1.1064109802246094 -2.9355766773223877 5.435092449188232 1.1064114570617676 -2.885502576828003 5.427212238311768 1.0663561820983887 -3.460186243057251 5.435169219970703 1.0663573741912842 -3.4102087020874023 5.427255153656006 1.0263234376907349 -3.9846529960632324 5.435166358947754 1.026319980621338 -3.934790849685669 5.427231311798096 0.9861785769462585 -4.509094715118408 5.435195446014404 0.9861852526664734 -4.4593682289123535 5.4272332191467285 0.946052074432373 -5.033608913421631 5.435142517089844 0.9460615515708923 -4.984015464782715 5.427130222320557 0.9058487415313721 -5.55810022354126 5.4350714683532715 0.9058652520179749 -5.508688926696777 5.427054405212402 0.8657012581825256 -6.082910537719727 5.434998512268066 0.8657081127166748 -6.033653259277344 5.427049160003662 0.8255150318145752 -6.607810974121094 5.434996604919434 0.8255268335342407 -6.558713912963867 5.427014350891113 0.7852972745895386 -7.132821083068848 5.434967517852783 0.785306453704834 -7.0839056968688965 5.481270790100098 1.507573127746582 2.678086280822754 5.521156311035156 1.507520079612732 2.9323008060455322 5.560976028442383 1.5074772834777832 3.1863532066345215 5.600764274597168 1.5074610710144043 3.4402709007263184 5.640529632568359 1.5074551105499268 3.6940488815307617 5.680317401885986 1.5075057744979858 3.947841167449951 5.72006893157959 1.5075595378875732 4.201667785644531 5.7598090171813965 1.5076289176940918 4.455560207366943 5.799524784088135 1.507665753364563 4.709460735321045 5.839262008666992 1.5077311992645264 4.963435649871826 5.879006862640381 1.5077691078186035 5.21754264831543 5.9188079833984375 1.5077595710754395 5.471653938293457 5.958619117736816 1.5077625513076782 5.725757122039795 5.9984822273254395 1.5077626705169678 5.979893684387207 6.038329124450684 1.5077600479125977 6.2340803146362305 6.078235149383545 1.5077357292175293 6.48831033706665 6.118165016174316 1.5077036619186401 6.742499351501465 6.158114433288574 1.5076624155044556 6.996654987335205 6.1980109214782715 1.5076266527175903 7.250758171081543 5.481362342834473 1.4672820568084717 2.1502127647399902 5.5212225914001465 1.467197060585022 2.403684377670288 5.561044216156006 1.4671491384506226 2.6568961143493652 5.600827217102051 1.46712327003479 2.9099245071411133 5.6406145095825195 1.4671204090118408 3.1628055572509766 5.6803741455078125 1.467156171798706 3.4156365394592285 5.720145225524902 1.4672284126281738 3.6684980392456055 5.7598958015441895 1.467284083366394 3.921412467956543 5.799631118774414 1.4673634767532349 4.174412727355957 5.839370250701904 1.4674415588378906 4.427520751953125 5.879126071929932 1.4675097465515137 4.680762767791748 5.9189066886901855 1.4675569534301758 4.934128761291504 5.958719253540039 1.4675918817520142 5.187612056732178 5.998562812805176 1.4676276445388794 5.441182613372803 6.0384297370910645 1.4676766395568848 5.694887638092041 6.078320026397705 1.4676984548568726 5.948757171630859 6.1182475090026855 1.4676995277404785 6.20270299911499 6.158201694488525 1.467699408531189 6.4567179679870605 6.198114395141602 1.4677088260650635 6.710763931274414 5.481532573699951 1.426985740661621 1.6225827932357788 5.52139139175415 1.4269014596939087 1.8753280639648438 5.561203956604004 1.4268252849578857 2.1277709007263184 5.600979804992676 1.4268074035644531 2.3799562454223633 5.640766143798828 1.4268100261688232 2.6320042610168457 5.680545806884766 1.426852822303772 2.883958101272583 5.7203216552734375 1.4269051551818848 3.135916233062744 5.760097980499268 1.4269862174987793 3.3879144191741943 5.799829006195068 1.4270696640014648 3.640019655227661 5.8395819664001465 1.4271581172943115 3.892256498336792 5.879354476928711 1.4272387027740479 4.144642353057861 5.919131755828857 1.4273031949996948 4.397217750549316 5.958916187286377 1.4273841381072998 4.649971961975098 5.998750686645508 1.4274778366088867 4.90297269821167 6.03863000869751 1.4275603294372559 5.1562180519104 6.078536033630371 1.4276288747787476 5.40968132019043 6.118452072143555 1.427680253982544 5.663315296173096 6.15837287902832 1.4277321100234985 5.917174816131592 6.198286056518555 1.4277427196502686 6.171146392822266 5.481746196746826 1.3867398500442505 1.0953493118286133 5.521586894989014 1.3866298198699951 1.3474489450454712 5.561395168304443 1.3865752220153809 1.5991668701171875 5.601193428039551 1.3865323066711426 1.8506126403808594 5.640972137451172 1.3865296840667725 2.101864814758301 5.680763244628906 1.3865638971328735 2.3530149459838867 5.720559597015381 1.3866360187530518 2.6041760444641113 5.760340213775635 1.3867050409317017 2.855334520339966 5.800092697143555 1.3867794275283813 3.1065638065338135 5.839842319488525 1.3868627548217773 3.357900857925415 5.879631519317627 1.3869664669036865 3.6094257831573486 5.919398784637451 1.3870733976364136 3.8611929416656494 5.959187984466553 1.3871797323226929 4.113211154937744 5.99900484085083 1.3873076438903809 4.3655476570129395 6.038880825042725 1.3874355554580688 4.618282794952393 6.078772068023682 1.3875333070755005 4.8713202476501465 6.118688583374023 1.3876352310180664 5.1246113777160645 6.15859317779541 1.387722373008728 5.378210067749023 6.198484897613525 1.3877503871917725 5.631980895996094 5.481968402862549 1.3465631008148193 0.5685908794403076 5.52178955078125 1.3464324474334717 0.8200798034667969 5.561613082885742 1.346362829208374 1.0711901187896729 5.601415634155273 1.3463265895843506 1.3219980001449585 5.641214370727539 1.3463119268417358 1.5725642442703247 5.681020736694336 1.346336841583252 1.8230106830596924 5.7208075523376465 1.3463743925094604 2.0733611583709717 5.760582447052002 1.346441388130188 2.323733329772949 5.800353527069092 1.3465063571929932 2.574115514755249 5.840139389038086 1.3465816974639893 2.8246026039123535 5.879920482635498 1.3466885089874268 3.0752668380737305 5.919700622558594 1.346817135810852 3.3261892795562744 5.959493160247803 1.3469774723052979 3.5774450302124023 5.999314308166504 1.3471342325210571 3.829127073287964 6.039151668548584 1.347279667854309 4.081235885620117 6.079025745391846 1.3474191427230835 4.333748817443848 6.118923664093018 1.3475478887557983 4.586656093597412 6.158810615539551 1.3476293087005615 4.839860439300537 6.198694229125977 1.3476858139038086 5.093304634094238 5.48215913772583 1.306430459022522 0.04220733046531677 5.521986484527588 1.3063000440597534 0.2932547926902771 5.561814308166504 1.3062012195587158 0.5438610315322876 5.6016411781311035 1.306154489517212 0.7941062450408936 5.641448497772217 1.3061254024505615 1.0441043376922607 5.681244373321533 1.3061192035675049 1.2938776016235352 5.7210516929626465 1.3061394691467285 1.5434975624084473 5.760829448699951 1.3061779737472534 1.7930517196655273 5.8006110191345215 1.3062491416931152 2.0426206588745117 5.8404221534729 1.3063410520553589 2.292311668395996 5.880207061767578 1.3064422607421875 2.5421876907348633 5.920017242431641 1.3065768480300903 2.7923011779785156 5.959805965423584 1.3067511320114136 3.0428011417388916 5.999624729156494 1.3069161176681519 3.293741226196289 6.039438724517822 1.307080864906311 3.5451467037200928 6.079286098480225 1.3072514533996582 3.79703688621521 6.119172096252441 1.307382583618164 4.049368858337402 6.159040451049805 1.3074947595596313 4.302087783813477 6.1989030838012695 1.3075332641601562 4.555070400238037 5.4823317527771 1.2663168907165527 -0.4837869107723236 5.5221476554870605 1.2661927938461304 -0.23308135569095612 5.5620012283325195 1.2661030292510986 0.017133012413978577 5.601822853088379 1.266021728515625 0.26693204045295715 5.641638278961182 1.2659698724746704 0.5163760185241699 5.681450843811035 1.265929102897644 0.7655448913574219 5.721271514892578 1.2659099102020264 1.0144778490066528 5.761072158813477 1.2659379243850708 1.2633020877838135 5.800864219665527 1.2660062313079834 1.5121086835861206 5.840682029724121 1.2661046981811523 1.7610372304916382 5.880488395690918 1.2662144899368286 2.010119915008545 5.920284271240234 1.2663524150848389 2.2594833374023438 5.96009635925293 1.2665067911148071 2.5092177391052246 5.99990701675415 1.2666796445846558 2.759368419647217 6.039720058441162 1.26686692237854 3.009996175765991 6.0795674324035645 1.2670356035232544 3.2611594200134277 6.119417190551758 1.2671959400177002 3.5128328800201416 6.159275054931641 1.2672994136810303 3.764902114868164 6.199161052703857 1.267372488975525 4.017267227172852 5.482473850250244 1.2262730598449707 -1.0094406604766846 5.522278308868408 1.2261438369750977 -0.7590274810791016 5.562132835388184 1.226022481918335 -0.5091085433959961 5.601964950561523 1.2259122133255005 -0.2596895396709442 5.64180326461792 1.2258321046829224 -0.010720022022724152 5.681640625 1.2257630825042725 0.23789381980895996 5.721467971801758 1.2257331609725952 0.4862285256385803 5.761292934417725 1.2257355451583862 0.7343910932540894 5.801089286804199 1.2257837057113647 0.9824810028076172 5.840907573699951 1.2258764505386353 1.2306679487228394 5.880727767944336 1.225984811782837 1.4789962768554688 5.920530319213867 1.226125955581665 1.7275758981704712 5.960353374481201 1.226278305053711 1.976531982421875 6.000167369842529 1.2264409065246582 2.2258946895599365 6.04000186920166 1.226614236831665 2.475745916366577 6.079833507537842 1.2267996072769165 2.7261176109313965 6.119658470153809 1.2269543409347534 2.9770045280456543 6.1595234870910645 1.2270781993865967 3.2283260822296143 6.199415683746338 1.2271376848220825 3.480012893676758 5.482577323913574 1.186244010925293 -1.5348758697509766 5.5223822593688965 1.186108112335205 -1.2847086191177368 5.562227725982666 1.1859768629074097 -1.0350472927093506 5.602062225341797 1.1858453750610352 -0.7859218716621399 5.641922950744629 1.1857178211212158 -0.5373445749282837 5.6817779541015625 1.1856403350830078 -0.2891949713230133 5.7216267585754395 1.1855754852294922 -0.04138171672821045 5.761467456817627 1.1855674982070923 0.20617249608039856 5.801283836364746 1.1855896711349487 0.453617125749588 5.841100692749023 1.1856534481048584 0.7010728120803833 5.880928039550781 1.1857542991638184 0.9486497044563293 5.9207587242126465 1.185874581336975 1.1964985132217407 5.9605889320373535 1.186021089553833 1.4446702003479004 6.000412940979004 1.1861889362335205 1.6932581663131714 6.040246486663818 1.1863594055175781 1.94230055809021 6.080074787139893 1.186511754989624 2.191864013671875 6.119915008544922 1.1866668462753296 2.4418704509735107 6.1597819328308105 1.186788558959961 2.6923670768737793 6.199681758880615 1.1868711709976196 2.943303108215332 5.482672691345215 1.1462640762329102 -2.060114860534668 5.522457122802734 1.146119236946106 -1.8102127313613892 5.562284469604492 1.1459836959838867 -1.5607730150222778 5.602136135101318 1.1458066701889038 -1.3119046688079834 5.641990661621094 1.1456680297851562 -1.0636522769927979 5.681872844696045 1.145538091659546 -0.8158920407295227 5.721724987030029 1.1454637050628662 -0.5685508251190186 5.761569976806641 1.145416021347046 -0.3215021789073944 5.801413059234619 1.1454062461853027 -0.07466070353984833 5.84126091003418 1.1454416513442993 0.17211684584617615 5.8810930252075195 1.1455148458480835 0.41899240016937256 5.920948028564453 1.1456429958343506 0.6661103367805481 5.960782051086426 1.1457743644714355 0.9135408997535706 6.00062370300293 1.1459219455718994 1.1613438129425049 6.040457725524902 1.1460802555084229 1.4095882177352905 6.080290794372559 1.146226167678833 1.6582880020141602 6.120148181915283 1.1463496685028076 1.9074090719223022 6.160031318664551 1.1464881896972656 2.157022476196289 6.199915409088135 1.1465610265731812 2.4070804119110107 5.482710361480713 1.106278896331787 -2.5852928161621094 5.522502422332764 1.1061456203460693 -2.335588216781616 5.562309741973877 1.1059777736663818 -2.086400032043457 5.60216760635376 1.1058056354522705 -1.8377859592437744 5.642025470733643 1.105617642402649 -1.5897912979125977 5.68190860748291 1.1054555177688599 -1.3423582315444946 5.721764087677002 1.105337142944336 -1.0954413414001465 5.761621475219727 1.105262279510498 -0.8488814830780029 5.801478385925293 1.1052322387695312 -0.6025856137275696 5.841352462768555 1.1052474975585938 -0.35638368129730225 5.881208896636963 1.1053105592727661 -0.11014862358570099 5.921070575714111 1.1054185628890991 0.13626454770565033 5.960911750793457 1.1055470705032349 0.3829895853996277 6.000772476196289 1.1056797504425049 0.630037248134613 6.0406270027160645 1.10580313205719 0.8774493932723999 6.080491542816162 1.1059253215789795 1.1252589225769043 6.120350360870361 1.1060471534729004 1.3735047578811646 6.160236358642578 1.1061420440673828 1.6221944093704224 6.20012092590332 1.1062030792236328 1.8712751865386963 5.4827423095703125 1.0662943124771118 -3.110430955886841 5.522495269775391 1.0661537647247314 -2.860983371734619 5.5623087882995605 1.0659875869750977 -2.612042188644409 5.602147579193115 1.065788984298706 -2.3636910915374756 5.642003536224365 1.0655899047851562 -2.1159591674804688 5.681877136230469 1.0653984546661377 -1.8688592910766602 5.721744060516357 1.0652494430541992 -1.622296690940857 5.761599063873291 1.0651493072509766 -1.376198649406433 5.801466464996338 1.0651099681854248 -1.1303768157958984 5.841365814208984 1.0651063919067383 -0.8846895694732666 5.8812479972839355 1.0651352405548096 -0.639037549495697 5.921131610870361 1.065209150314331 -0.39324483275413513 5.96099328994751 1.065316081047058 -0.14723607897758484 6.000865459442139 1.0654151439666748 0.09908245503902435 6.040755271911621 1.0655163526535034 0.34569934010505676 6.080634117126465 1.0656161308288574 0.5926705598831177 6.120513439178467 1.0657157897949219 0.8399809002876282 6.1603899002075195 1.0657895803451538 1.08771550655365 6.20029354095459 1.0658341646194458 1.3357744216918945 5.482756614685059 1.0262633562088013 -3.6356027126312256 5.522464275360107 1.0261318683624268 -3.3864943981170654 5.562255382537842 1.0259509086608887 -3.137842893600464 5.602079391479492 1.0257571935653687 -2.889782428741455 5.641928195953369 1.0255402326583862 -2.6423563957214355 5.681780815124512 1.0253384113311768 -2.3955886363983154 5.721650123596191 1.0251814126968384 -2.1493914127349854 5.7615227699279785 1.025063395500183 -1.9036750793457031 5.8014020919799805 1.0249791145324707 -1.6582849025726318 5.841303825378418 1.0249472856521606 -1.413060188293457 5.881221771240234 1.024965763092041 -1.1678626537322998 5.921113967895508 1.0250144004821777 -0.9226325154304504 5.961016654968262 1.0250828266143799 -0.6772717833518982 6.000920295715332 1.0251532793045044 -0.43167227506637573 6.040829658508301 1.025219202041626 -0.18583551049232483 6.0807271003723145 1.0252892971038818 0.06026943027973175 6.120622634887695 1.02536940574646 0.30670803785324097 6.160512924194336 1.0254411697387695 0.5534590482711792 6.200430393218994 1.0254876613616943 0.8004938960075378 5.482733249664307 0.9861906170845032 -4.16085147857666 5.522426128387451 0.986070454120636 -3.9121949672698975 5.562180519104004 0.9858976006507874 -3.6639533042907715 5.601994037628174 0.985680878162384 -3.416252613067627 5.641805171966553 0.9854769706726074 -3.1691977977752686 5.681646823883057 0.9852789640426636 -2.9227569103240967 5.7215046882629395 0.9851022958755493 -2.676924705505371 5.761384963989258 0.984967827796936 -2.4315755367279053 5.801278114318848 0.9848833084106445 -2.1865622997283936 5.841188907623291 0.984856128692627 -1.9417319297790527 5.881111145019531 0.9848499298095703 -1.6969424486160278 5.921032428741455 0.9848383069038391 -1.452161431312561 5.9609785079956055 0.984872579574585 -1.207375407218933 6.000909328460693 0.9849064946174622 -0.962435245513916 6.0408549308776855 0.9849515557289124 -0.7173475027084351 6.080781936645508 0.985008180141449 -0.472040593624115 6.120687007904053 0.9850419163703918 -0.22647109627723694 6.1606035232543945 0.9850756525993347 0.019331827759742737 6.200558185577393 0.9851067066192627 0.26537078619003296 5.482685565948486 0.9460763335227966 -4.686248302459717 5.522363185882568 0.9459884166717529 -4.438159465789795 5.562103271484375 0.9458184242248535 -4.190400123596191 5.601860523223877 0.9455989003181458 -3.943154811859131 5.64165735244751 0.9453869462013245 -3.696532964706421 5.681479454040527 0.9451931715011597 -3.450493574142456 5.721338272094727 0.9450293779373169 -3.2050201892852783 5.761221885681152 0.9448825120925903 -2.9600131511688232 5.801120758056641 0.9447980523109436 -2.7153468132019043 5.841035842895508 0.9447503089904785 -2.470867872238159 5.880969524383545 0.9447105526924133 -2.2264585494995117 5.920914649963379 0.9446890950202942 -1.9821200370788574 5.9608683586120605 0.9446710348129272 -1.7377716302871704 6.000848293304443 0.9446742534637451 -1.4934149980545044 6.040831565856934 0.9446832537651062 -1.2489851713180542 6.0807785987854 0.9446926116943359 -1.0044132471084595 6.120724201202393 0.9447200298309326 -0.7597030401229858 6.16067361831665 0.9447336792945862 -0.5147777795791626 6.2006402015686035 0.9447558522224426 -0.26967012882232666 5.482631683349609 0.9059405326843262 -5.211899280548096 5.52229642868042 0.90585857629776 -4.964443206787109 5.561980247497559 0.9056925177574158 -4.71729040145874 5.601724147796631 0.9055030345916748 -4.470612525939941 5.64150333404541 0.9053078889846802 -4.224465847015381 5.681303977966309 0.9051222801208496 -3.978874444961548 5.7211503982543945 0.9049526453018188 -3.7337722778320312 5.761037349700928 0.904811680316925 -3.489100694656372 5.800954341888428 0.904711127281189 -3.244739055633545 5.84088659286499 0.9046350121498108 -3.000546455383301 5.880829334259033 0.9045662879943848 -2.7565205097198486 5.920773506164551 0.9045170545578003 -2.512566566467285 5.960761547088623 0.9044829607009888 -2.268634796142578 6.00075101852417 0.904442310333252 -2.0247530937194824 6.0407633781433105 0.9044004082679749 -1.7808945178985596 6.080741882324219 0.9044021368026733 -1.5370159149169922 6.120730876922607 0.9044021964073181 -1.293038010597229 6.160717010498047 0.9044013023376465 -1.048936367034912 6.200721263885498 0.9044142365455627 -0.8046945333480835 5.4825873374938965 0.8657751679420471 -5.73776388168335 5.522218227386475 0.8656979203224182 -5.491091251373291 5.561892986297607 0.8655446767807007 -5.244656085968018 5.601603984832764 0.86537766456604 -4.998602390289307 5.6413679122924805 0.8651997447013855 -4.752976417541504 5.681164264678955 0.8650205731391907 -4.507843494415283 5.721004962921143 0.8648691177368164 -4.2631330490112305 5.7608842849731445 0.8647459745407104 -4.018771648406982 5.800806999206543 0.8646330833435059 -3.7746894359588623 5.840748310089111 0.8645276427268982 -3.530825138092041 5.8806962966918945 0.8644397258758545 -3.287123203277588 5.920656681060791 0.8643688559532166 -3.043516159057617 5.960641384124756 0.8642837405204773 -2.799975633621216 6.000661373138428 0.8642062544822693 -2.5565292835235596 6.040661811828613 0.8641535639762878 -2.3131816387176514 6.0807013511657715 0.8641172051429749 -2.0698766708374023 6.120728015899658 0.8640845417976379 -1.826561450958252 6.16076135635376 0.8640766739845276 -1.5831760168075562 6.200783729553223 0.8640563488006592 -1.339744210243225 5.482553482055664 0.8255584836006165 -6.263835906982422 5.522182464599609 0.8254985809326172 -6.018051624298096 5.561838626861572 0.8253865242004395 -5.772375583648682 5.601536750793457 0.8252463340759277 -5.526998996734619 5.64127779006958 0.8251068592071533 -5.28193998336792 5.681086540222168 0.8249425292015076 -5.037296772003174 5.720905780792236 0.824804961681366 -4.792961120605469 5.760797500610352 0.8246758580207825 -4.5489044189453125 5.800722599029541 0.8245460391044617 -4.305121421813965 5.8406596183776855 0.8244243264198303 -4.061563014984131 5.8806257247924805 0.824311375617981 -3.8181772232055664 5.920593738555908 0.8241973519325256 -3.5749154090881348 5.960570335388184 0.8240921497344971 -3.33176851272583 6.000577449798584 0.8239995241165161 -3.088717222213745 6.040597438812256 0.8239054083824158 -2.845818519592285 6.080653190612793 0.8238304257392883 -2.6030189990997314 6.120718479156494 0.8237847685813904 -2.3602538108825684 6.160786151885986 0.8237345814704895 -2.117518663406372 6.200867176055908 0.8237040638923645 -1.8747780323028564 5.482564449310303 0.7853332757949829 -6.7900776863098145 5.522210597991943 0.7852961421012878 -6.545156955718994 5.561848163604736 0.7852278351783752 -6.300291538238525 5.601541996002197 0.7851366996765137 -6.055614948272705 5.641287803649902 0.7850152254104614 -5.8111958503723145 5.681087017059326 0.7848866581916809 -5.5669846534729 5.72090482711792 0.7847342491149902 -5.323040962219238 5.760773658752441 0.784604549407959 -5.07931661605835 5.8006911277771 0.7844600081443787 -4.835839748382568 5.840654373168945 0.7843102216720581 -4.592598915100098 5.880616664886475 0.7841805815696716 -4.349554538726807 5.920600414276123 0.7840255498886108 -4.10662317276001 5.9605607986450195 0.7838995456695557 -3.863862991333008 6.000561714172363 0.7837636470794678 -3.621225118637085 6.040589809417725 0.7836456894874573 -3.3787238597869873 6.0806474685668945 0.7835336327552795 -3.136383295059204 6.120718479156494 0.7834532260894775 -2.8941235542297363 6.160815715789795 0.7833899855613708 -2.6519572734832764 6.200945854187012 0.7833449840545654 -2.4097976684570312 6.24583625793457 1.5076014995574951 7.5556840896606445 6.253795146942139 1.507601261138916 7.60651159286499 6.245936870574951 1.467685580253601 7.015669345855713 6.25390625 1.4676711559295654 7.06647253036499 6.246094226837158 1.427693486213684 6.475940227508545 6.254091739654541 1.427683711051941 6.5267157554626465 6.246313571929932 1.3876569271087646 5.93651008605957 6.254272937774658 1.3876354694366455 5.98723840713501 6.246553421020508 1.3476240634918213 5.397453308105469 6.254521369934082 1.3476042747497559 5.448112964630127 6.246772766113281 1.307458519935608 4.8587236404418945 6.254761695861816 1.3074374198913574 4.909306526184082 6.247020721435547 1.2673113346099854 4.320350170135498 6.255007266998291 1.2672779560089111 4.370835304260254 6.247283935546875 1.2271002531051636 3.782313346862793 6.255258083343506 1.2270853519439697 3.832688808441162 6.247565269470215 1.1868481636047363 3.2446980476379395 6.255543231964111 1.1868256330490112 3.2949283123016357 6.247802257537842 1.1465413570404053 2.7074923515319824 6.255790710449219 1.1465237140655518 2.7575716972351074 6.247992038726807 1.106201410293579 2.1705334186553955 6.255973815917969 1.1061885356903076 2.2204296588897705 6.2481513023376465 1.0658595561981201 1.6337722539901733 6.256130695343018 1.0658562183380127 1.6834590435028076 6.248326778411865 1.0254992246627808 1.0972621440887451 6.25630521774292 1.0254950523376465 1.1467530727386475 6.2484588623046875 0.9851433038711548 0.5609674453735352 6.25642728805542 0.9851518869400024 0.6102744936943054 6.248528957366943 0.9447753429412842 0.024743512272834778 6.256527423858643 0.9447653293609619 0.07382375746965408 6.248657703399658 0.9044218063354492 -0.5114282965660095 6.256627559661865 0.9044144153594971 -0.4625152349472046 6.248795986175537 0.8640518188476562 -1.047481656074524 6.256776332855225 0.864048957824707 -0.9987540245056152 6.248934745788574 0.8236895799636841 -1.5834535360336304 6.256947040557861 0.8236895799636841 -1.5348865985870361 6.24905252456665 0.7833189368247986 -2.11924409866333 6.257072925567627 0.7833151817321777 -2.0708065032958984 5.427029609680176 0.7370450496673584 -7.762932300567627 5.43499231338501 0.7370352745056152 -7.714153289794922 5.427064895629883 0.729041576385498 -7.867970943450928 5.434995174407959 0.7290346026420593 -7.819209575653076 5.482687950134277 0.737053394317627 -7.421452522277832 5.522336959838867 0.7370738387107849 -7.177492141723633 5.562043190002441 0.7370444536209106 -6.933572292327881 5.601707458496094 0.7369586229324341 -6.689779281616211 5.641470909118652 0.7369066476821899 -6.446073055267334 5.68123197555542 0.7367883920669556 -6.202477931976318 5.721087455749512 0.7366589307785034 -5.959047794342041 5.760898590087891 0.7364889979362488 -5.715812683105469 5.800802707672119 0.7363143563270569 -5.472780704498291 5.840737342834473 0.7361541986465454 -5.229942321777344 5.880726337432861 0.735990047454834 -4.987295627593994 5.920707702636719 0.7358375191688538 -4.744840145111084 5.9606804847717285 0.735664427280426 -4.502475261688232 6.000677108764648 0.7354811429977417 -4.2602949142456055 6.040682792663574 0.735265851020813 -4.018322467803955 6.08073616027832 0.7351199388504028 -3.7765445709228516 6.120762348175049 0.7349581122398376 -3.534921169281006 6.1608662605285645 0.7348666787147522 -3.2933595180511475 6.200997829437256 0.7347914576530457 -3.051870346069336 5.48269510269165 0.7290241718292236 -7.526632308959961 5.5223517417907715 0.729055643081665 -7.282814025878906 5.562079429626465 0.7290140986442566 -7.039038181304932 5.601729869842529 0.7289528846740723 -6.795385837554932 5.641490936279297 0.7288840413093567 -6.551816940307617 5.6812591552734375 0.7287693023681641 -6.308340072631836 5.721116065979004 0.7286469340324402 -6.06498384475708 5.760919094085693 0.7284643054008484 -5.821847438812256 5.800833225250244 0.7283039093017578 -5.5788984298706055 5.840761184692383 0.7281121015548706 -5.336150646209717 5.880740642547607 0.7279508709907532 -5.093565464019775 5.920736789703369 0.7278029322624207 -4.851180076599121 5.960704326629639 0.7276275753974915 -4.6088972091674805 6.000720500946045 0.7274261116981506 -4.3667731285095215 6.040692329406738 0.7272287607192993 -4.124908447265625 6.080773830413818 0.7270441651344299 -3.883218765258789 6.120759963989258 0.7268782258033752 -3.641721248626709 6.160880088806152 0.7267719507217407 -3.4002721309661865 6.200990676879883 0.7267012596130371 -3.1588850021362305 6.2492146492004395 0.7347734570503235 -2.762089729309082 6.257205963134766 0.7347766160964966 -2.713762044906616 6.249207019805908 0.726711630821228 -2.8691868782043457 6.2572340965271 0.7267003655433655 -2.8208956718444824 5.522641658782959 1.512931227684021 3.0088112354278564 5.628097057342529 1.4618916511535645 3.0088162422180176 5.5226664543151855 1.5049195289611816 2.9033827781677246 5.628105163574219 1.4538854360580444 2.9033429622650146 5.530674934387207 1.4969056844711304 2.8489363193511963 5.636127948760986 1.445905327796936 2.848928213119507 5.538684368133545 1.4968918561935425 2.899930000305176 5.644132614135742 1.4458917379379272 2.8999342918395996 5.546682357788086 1.5129379034042358 3.161867380142212 5.652149200439453 1.4619266986846924 3.161863088607788 5.546688556671143 1.5049049854278564 3.0564119815826416 5.652156829833984 1.4539024829864502 3.056403160095215 5.5306715965271 1.5209286212921143 3.1652560234069824 5.636101722717285 1.4698772430419922 3.1652369499206543 5.5386247634887695 1.520958423614502 3.216346025466919 5.644123554229736 1.4699187278747559 3.216294527053833 5.741524696350098 1.4109015464782715 3.0598015785217285 5.7495598793029785 1.4108953475952148 3.1108243465423584 5.741549491882324 1.4028910398483276 2.9543616771698 5.749563217163086 1.402890920639038 3.005380630493164 5.586855888366699 1.4968695640563965 3.205944061279297 5.692401885986328 1.4458850622177124 3.2059526443481445 5.626914978027344 1.496878981590271 3.460902690887451 5.732586860656738 1.445880651473999 3.4609129428863525 5.666900157928467 1.4968745708465576 3.7158203125 5.772751331329346 1.445893406867981 3.715827703475952 5.706869602203369 1.4968845844268799 3.9706597328186035 5.812906265258789 1.4459036588668823 3.97066593170166 5.746835231781006 1.4969021081924438 4.225440502166748 5.853080749511719 1.4459258317947388 4.225448131561279 5.786824703216553 1.4969236850738525 4.480233669281006 5.893287658691406 1.4459561109542847 4.480246067047119 5.8267951011657715 1.4969661235809326 4.735049724578857 5.93344783782959 1.44598388671875 4.7350592613220215 5.866704940795898 1.4969940185546875 4.989912509918213 5.973559856414795 1.4460142850875854 4.989917278289795 5.906609535217285 1.497023582458496 5.2447829246521 6.013655185699463 1.446044921875 5.244792938232422 5.9465179443359375 1.4970424175262451 5.499675273895264 6.053733825683594 1.4460623264312744 5.499684810638428 5.986417293548584 1.4970382452011108 5.754495620727539 6.093777179718018 1.4460774660110474 5.754508018493652 6.026348114013672 1.4970320463180542 6.009305477142334 6.133839130401611 1.446073055267334 6.00931453704834 6.066311836242676 1.4970121383666992 6.26405668258667 6.173929691314697 1.4460721015930176 6.264071941375732 6.106276988983154 1.4969831705093384 6.5187087059021 6.213982582092285 1.4460580348968506 6.518723011016846 6.14619255065918 1.4969531297683716 6.77330207824707 6.253983974456787 1.4460313320159912 6.773316383361816 6.186180591583252 1.4969027042388916 7.027854919433594 6.294025897979736 1.445995569229126 7.027873992919922 6.226138591766357 1.4968292713165283 7.28233528137207 6.334048748016357 1.4459400177001953 7.282351493835449 6.26612663269043 1.4967514276504517 7.5366644859313965 6.374083518981934 1.445889949798584 7.536680221557617 6.306042194366455 1.4966859817504883 7.7908830642700195 6.414034843444824 1.4458435773849487 7.790894031524658 6.345855712890625 1.5126054286956787 8.261006355285645 6.453856945037842 1.4617671966552734 8.261007308959961 6.345855712890625 1.5046420097351074 8.152987480163574 6.453862190246582 1.4537980556488037 8.152987480163574 5.586879730224609 1.5209853649139404 3.522484302520752 5.6924028396606445 1.4700075387954712 3.5224835872650146 5.626931190490723 1.520980954170227 3.7778167724609375 5.732581615447998 1.4699785709381104 3.777808666229248 5.666927814483643 1.520957589149475 4.033214092254639 5.772749900817871 1.4699788093566895 4.033191680908203 5.70688533782959 1.5209933519363403 4.288663387298584 5.812901496887207 1.4700350761413574 4.288638114929199 5.746856212615967 1.5210368633270264 4.544116973876953 5.853090763092041 1.470069408416748 4.544098377227783 5.78685998916626 1.5210483074188232 4.799540042877197 5.893300533294678 1.470076322555542 4.799523830413818 5.826821327209473 1.5210380554199219 5.054971218109131 5.933455467224121 1.4700828790664673 5.054959297180176 5.866732120513916 1.5210633277893066 5.310436248779297 5.973578929901123 1.470085620880127 5.310423851013184 5.906635284423828 1.5210943222045898 5.5658416748046875 6.013674259185791 1.4701149463653564 5.565831661224365 5.946540832519531 1.5210649967193604 5.821272850036621 6.053744316101074 1.470094919204712 5.821252346038818 5.986440181732178 1.521094560623169 6.076489448547363 6.093776702880859 1.4701247215270996 6.076479434967041 6.026358604431152 1.5210764408111572 6.331699371337891 6.133842945098877 1.4701337814331055 6.3316826820373535 6.066332817077637 1.5210669040679932 6.586811065673828 6.173928737640381 1.4701194763183594 6.586779594421387 6.106288433074951 1.5209925174713135 6.841683864593506 6.213971138000488 1.4700803756713867 6.84166955947876 6.146214962005615 1.5209550857543945 7.096532821655273 6.253973960876465 1.4700230360031128 7.096503257751465 6.186188697814941 1.5209152698516846 7.351256847381592 6.293993949890137 1.4700125455856323 7.351231575012207 6.226135730743408 1.5208425521850586 7.6059370040893555 6.334018230438232 1.4699628353118896 7.605918884277344 6.266139030456543 1.5207439661026 7.860434532165527 6.374072551727295 1.4698857069015503 7.860432147979736 6.3060479164123535 1.5206248760223389 8.114795684814453 6.414021968841553 1.469797134399414 8.114790916442871 5.797911167144775 1.4109541177749634 3.416977643966675 5.838229656219482 1.4109431505203247 3.672175645828247 5.87855339050293 1.410954236984253 3.9273972511291504 5.918907642364502 1.411001205444336 4.182631492614746 5.959314346313477 1.4110233783721924 4.437878608703613 5.9997382164001465 1.4110372066497803 4.693091869354248 6.040093421936035 1.4110608100891113 4.948323726654053 6.080424785614014 1.411069631576538 5.203587532043457 6.120692729949951 1.4111006259918213 5.458821773529053 6.1609416007995605 1.4110976457595825 5.714054584503174 6.201122760772705 1.4111275672912598 5.969155788421631 6.241297721862793 1.4111474752426147 6.2242231369018555 6.28152322769165 1.4111378192901611 6.479206085205078 6.321643829345703 1.4111275672912598 6.734018802642822 6.361721992492676 1.4111019372940063 6.988772392272949 6.40180778503418 1.4110944271087646 7.243434906005859 6.441905975341797 1.411056399345398 7.498055934906006 6.481997489929199 1.4110188484191895 7.752518653869629 6.5220112800598145 1.410952091217041 8.006828308105469 5.797922134399414 1.4029009342193604 3.3114843368530273 5.8382391929626465 1.4028956890106201 3.5665595531463623 5.87856912612915 1.402897596359253 3.821633815765381 5.918912887573242 1.402933120727539 4.076669216156006 5.959319591522217 1.4029459953308105 4.331685543060303 5.999740123748779 1.4029687643051147 4.586690425872803 6.040100574493408 1.4029879570007324 4.841703414916992 6.08042049407959 1.4030227661132812 5.096778869628906 6.1206889152526855 1.4030461311340332 5.3518195152282715 6.160948753356934 1.4030637741088867 5.606898307800293 6.201120853424072 1.4030975103378296 5.861851215362549 6.241311550140381 1.403110384941101 6.116794109344482 6.281529426574707 1.4031150341033936 6.371669769287109 6.321662902832031 1.403105616569519 6.626408576965332 6.361738681793213 1.4030935764312744 6.881074905395508 6.401830196380615 1.4030836820602417 7.135685920715332 6.441927909851074 1.4030444622039795 7.3902363777160645 6.48201322555542 1.403003454208374 7.644627094268799 6.522019386291504 1.4029641151428223 7.898881435394287 6.353815078735352 1.4966590404510498 8.095797538757324 6.461825370788574 1.4458149671554565 8.09579849243164 6.361783027648926 1.4966603517532349 8.146646499633789 6.469801902770996 1.4458131790161133 8.146639823913574 6.369787693023682 1.5125749111175537 8.413528442382812 6.477766513824463 1.4617646932601929 8.413516998291016 6.36975622177124 1.5046448707580566 8.305486679077148 6.477779865264893 1.453765869140625 8.305513381958008 6.353811740875244 1.5205579996109009 8.419864654541016 6.4618144035339355 1.4697401523590088 8.419877052307129 6.361795902252197 1.5205327272415161 8.470696449279785 6.469792366027832 1.4697381258010864 8.470707893371582 6.569826602935791 1.4109281301498413 8.311832427978516 6.5777997970581055 1.410921335220337 8.362687110900879 6.569827556610107 1.4029502868652344 8.203824996948242 6.577813148498535 1.4029579162597656 8.254655838012695 5.522731781005859 1.4567830562591553 2.270859956741333 5.6281938552856445 1.405855417251587 2.270841121673584 5.522855758666992 1.4166488647460938 1.7439708709716797 5.628241539001465 1.3658252954483032 1.7439639568328857 5.523032188415527 1.3764997720718384 1.2172963619232178 5.628384113311768 1.3257884979248047 1.217272162437439 5.523212909698486 1.3364192247390747 0.6910028457641602 5.628491401672363 1.285813570022583 0.6909880638122559 5.523388862609863 1.2963297367095947 0.1649937629699707 5.628636360168457 1.2458181381225586 0.16495653986930847 5.523557186126709 1.2562909126281738 -0.36071357131004333 5.628719806671143 1.205848217010498 -0.3607301712036133 5.523734092712402 1.216209053993225 -0.886031448841095 5.628836154937744 1.1658774614334106 -0.8860700130462646 5.523863315582275 1.1762058734893799 -1.4111979007720947 5.62892484664917 1.125946283340454 -1.4112178087234497 5.523964881896973 1.1362278461456299 -1.9361827373504639 5.629000663757324 1.0860238075256348 -1.9362008571624756 5.524078369140625 1.0963181257247925 -2.460987091064453 5.629075527191162 1.046158790588379 -2.4609944820404053 5.5241169929504395 1.0563589334487915 -2.9856364727020264 5.629082202911377 1.0062921047210693 -2.9856512546539307 5.524144172668457 1.0163936614990234 -3.5101630687713623 5.629109859466553 0.9664219617843628 -3.5101537704467773 5.524177551269531 0.9764503240585327 -4.034524917602539 5.629131317138672 0.9265837669372559 -4.034522533416748 5.524173259735107 0.9364416599273682 -4.5588274002075195 5.6291399002075195 0.886705756187439 -4.55881404876709 5.52414608001709 0.8964423537254333 -5.083194255828857 5.6291069984436035 0.8468443155288696 -5.0831685066223145 5.524101734161377 0.856425404548645 -5.607499122619629 5.629106044769287 0.8070067763328552 -5.607498645782471 5.5240654945373535 0.8164365887641907 -6.132167339324951 5.629098892211914 0.7671786546707153 -6.132137775421143 5.524064064025879 0.7764117121696472 -6.656909465789795 5.629101753234863 0.7273021936416626 -6.656893730163574 5.524056434631348 0.7363594770431519 -7.181761741638184 5.629098892211914 0.6874301433563232 -7.181753158569336 5.5320563316345215 0.696264922618866 -7.657919406890869 5.637102127075195 0.6474587917327881 -7.657912731170654 5.540045261383057 0.6962601542472839 -7.609099388122559 5.645105361938477 0.6474593281745911 -7.609103679656982 5.546787261962891 1.4567523002624512 2.423647165298462 5.652227401733398 1.4058529138565063 2.4236443042755127 5.546886920928955 1.4166120290756226 1.8964457511901855 5.652294158935547 1.365817904472351 1.896437406539917 5.547024250030518 1.3764592409133911 1.3694567680358887 5.652384281158447 1.3257824182510376 1.3694504499435425 5.547197341918945 1.3363577127456665 0.8428293466567993 5.652482509613037 1.2857985496520996 0.8428215980529785 5.547374248504639 1.2962843179702759 0.31656163930892944 5.652599811553955 1.2458181381225586 0.3165537118911743 5.547530651092529 1.2562313079833984 -0.20939122140407562 5.652685642242432 1.205844759941101 -0.2093949317932129 5.547656059265137 1.2161790132522583 -0.7349727153778076 5.652757167816162 1.1658821105957031 -0.7349787950515747 5.547763347625732 1.176178216934204 -1.2603577375411987 5.652822971343994 1.1259515285491943 -1.2603651285171509 5.547867298126221 1.1362042427062988 -1.7855284214019775 5.652889251708984 1.0860283374786377 -1.7855334281921387 5.547937393188477 1.0962871313095093 -2.310513973236084 5.652928829193115 1.0461699962615967 -2.310514211654663 5.547999382019043 1.056337833404541 -2.835421323776245 5.652961254119873 1.0062880516052246 -2.835425615310669 5.54803466796875 1.0163829326629639 -3.3602216243743896 5.6529860496521 0.9664187431335449 -3.3602256774902344 5.548051357269287 0.9764525294303894 -3.884946823120117 5.65299129486084 0.9265889525413513 -3.884946346282959 5.548051834106445 0.9364496469497681 -4.4096479415893555 5.652999401092529 0.8867054581642151 -4.4096527099609375 5.548038482666016 0.8964540958404541 -4.93441104888916 5.652995586395264 0.8468454480171204 -4.934413433074951 5.54799747467041 0.8564535975456238 -5.459288120269775 5.652993202209473 0.8070093393325806 -5.459292411804199 5.547976016998291 0.8164422512054443 -5.98438835144043 5.653002738952637 0.7671639919281006 -5.984392166137695 5.5479736328125 0.7764167785644531 -6.509627819061279 5.653026103973389 0.7272948026657104 -6.509632587432861 5.547994136810303 0.7363561391830444 -7.034975528717041 5.653059005737305 0.6874074935913086 -7.034976959228516 5.741611480712891 1.3549309968948364 2.3217639923095703 5.749610900878906 1.3549354076385498 2.3727030754089355 5.741655349731445 1.3150067329406738 1.7947771549224854 5.749654293060303 1.3150138854980469 1.8456170558929443 5.741702556610107 1.2750710248947144 1.267991304397583 5.749696254730225 1.2750780582427979 1.3187243938446045 5.741779327392578 1.2352122068405151 0.7415792942047119 5.7497663497924805 1.235220193862915 0.792212963104248 5.741839408874512 1.1953041553497314 0.215480774641037 5.749819755554199 1.1953210830688477 0.2660297155380249 5.741874694824219 1.155421495437622 -0.31028690934181213 5.749856472015381 1.1554313898086548 -0.2598244845867157 5.741915702819824 1.1155321598052979 -0.8357229828834534 5.749880790710449 1.1155486106872559 -0.7853372693061829 5.741955757141113 1.075683355331421 -1.3609557151794434 5.749917984008789 1.0756919384002686 -1.3106493949890137 5.741996765136719 1.0358099937438965 -1.8859937191009521 5.749949932098389 1.035820722579956 -1.835756778717041 5.7420268058776855 0.9960075616836548 -2.4108409881591797 5.749963760375977 0.9960173964500427 -2.360675811767578 5.742031097412109 0.9562181830406189 -2.9355833530426025 5.749978065490723 0.956227719783783 -2.885497570037842 5.742027282714844 0.9164482951164246 -3.460181474685669 5.749968528747559 0.916447103023529 -3.4102165699005127 5.74204158782959 0.876727819442749 -3.984661817550659 5.74998140335083 0.8767268061637878 -3.9348080158233643 5.74205207824707 0.8369729518890381 -4.509094715118408 5.749985218048096 0.8369704484939575 -4.459390163421631 5.74204683303833 0.7972569465637207 -5.033583641052246 5.749987602233887 0.7972461581230164 -4.984017848968506 5.7420549392700195 0.757590115070343 -5.558099269866943 5.7499918937683105 0.7575868368148804 -5.508714199066162 5.742086887359619 0.7179272770881653 -6.082892417907715 5.750038146972656 0.7179051637649536 -6.033665657043457 5.74210786819458 0.6782097816467285 -6.6078081130981445 5.750059604644775 0.6781989336013794 -6.558741092681885 5.7421393394470215 0.6384969353675842 -7.1328206062316895 5.7500996589660645 0.6384881734848022 -7.083902359008789 5.587864875793457 0.6962801814079285 -7.316287994384766 5.693073749542236 0.6474691033363342 -7.316298007965088 5.6276774406433105 0.6962890625 -7.072174549102783 5.733034610748291 0.6474766135215759 -7.072188377380371 5.667500972747803 0.6962689757347107 -6.828111171722412 5.773004531860352 0.6474820375442505 -6.828119277954102 5.707333087921143 0.6962225437164307 -6.584164619445801 5.812987804412842 0.6474574208259583 -6.584170341491699 5.74721097946167 0.6961724758148193 -6.340329647064209 5.852987766265869 0.647432804107666 -6.3403401374816895 5.7870917320251465 0.6961023807525635 -6.096620082855225 5.892979145050049 0.6473891735076904 -6.096624374389648 5.827016353607178 0.695999026298523 -5.853093147277832 5.932979106903076 0.6473249197006226 -5.853097915649414 5.866934299468994 0.6958690881729126 -5.609767913818359 5.972990989685059 0.6472355127334595 -5.609767436981201 5.906916618347168 0.6957547664642334 -5.366645812988281 6.013049125671387 0.6471649408340454 -5.366645812988281 5.946930408477783 0.6956344842910767 -5.12373161315918 6.053142547607422 0.6470775008201599 -5.123729228973389 5.986990928649902 0.6955059170722961 -4.881009101867676 6.093271732330322 0.6469904184341431 -4.881006717681885 6.027042865753174 0.69537752866745 -4.638478755950928 6.133399486541748 0.6468802094459534 -4.6384782791137695 6.067079544067383 0.6952347755432129 -4.396059513092041 6.173499584197998 0.6467776894569397 -4.396053791046143 6.107147216796875 0.6950973272323608 -4.153799057006836 6.213639736175537 0.6466701030731201 -4.153796672821045 6.147252082824707 0.6949480772018433 -3.9117350578308105 6.253840923309326 0.6465600728988647 -3.911731719970703 6.187395095825195 0.6948171854019165 -3.6698668003082275 6.294078350067139 0.6464617848396301 -3.6698617935180664 6.227551460266113 0.6947146654129028 -3.4281089305877686 6.334343910217285 0.6463800668716431 -3.4281060695648193 6.267765522003174 0.6946331262588501 -3.1864566802978516 6.374670505523682 0.6463148593902588 -3.186458110809326 6.308005332946777 0.694585919380188 -2.94484281539917 6.415024280548096 0.646265983581543 -2.9448440074920654 6.345874786376953 1.4567856788635254 7.504852771759033 6.4538798332214355 1.405966877937317 7.504847049713135 6.345935821533203 1.4168782234191895 6.96484899520874 6.4539055824279785 1.3660669326782227 6.964846134185791 6.346042633056641 1.376918077468872 6.425136566162109 6.453952312469482 1.326132893562317 6.425131797790527 6.34618616104126 1.3369505405426025 5.885776519775391 6.4540252685546875 1.2862191200256348 5.885766983032227 6.34634256362915 1.2969595193862915 5.346778869628906 6.454104900360107 1.246279001235962 5.346771717071533 6.346496105194092 1.256891131401062 4.808125972747803 6.454192638397217 1.2063052654266357 4.808119773864746 6.34666633605957 1.2168242931365967 4.269832134246826 6.454293727874756 1.1663224697113037 4.269822597503662 6.346848011016846 1.1767442226409912 3.731912136077881 6.454402446746826 1.1263744831085205 3.731901168823242 6.347039222717285 1.1366257667541504 3.194438934326172 6.454500198364258 1.0863959789276123 3.1944289207458496 6.347207546234131 1.0964888334274292 2.657397747039795 6.454607009887695 1.046423077583313 2.65738844871521 6.347356796264648 1.056328296661377 2.1206188201904297 6.4547014236450195 1.0064423084259033 2.120607852935791 6.347484111785889 1.0161826610565186 1.5840742588043213 6.454791069030762 0.966506838798523 1.5840650796890259 6.347598552703857 0.9760262966156006 1.0477571487426758 6.454863548278809 0.9265607595443726 1.047748327255249 6.347696781158447 0.9358597993850708 0.5116555690765381 6.454928398132324 0.886577308177948 0.5116478204727173 6.347780704498291 0.8956928253173828 -0.024359136819839478 6.455008506774902 0.8466115593910217 -0.024368613958358765 6.347876071929932 0.8555298447608948 -0.5603469014167786 6.455078601837158 0.8066471815109253 -0.5603553652763367 6.347976207733154 0.8153396844863892 -1.096224308013916 6.455163955688477 0.7666181921958923 -1.0962350368499756 6.348081111907959 0.7751316428184509 -1.6320322751998901 6.455245018005371 0.7265768051147461 -1.6320414543151855 6.348177909851074 0.7348918318748474 -2.1676852703094482 6.4553141593933105 0.6864591836929321 -2.167693853378296 5.798017978668213 1.3549864292144775 2.678072690963745 5.838346481323242 1.355046033859253 2.9322900772094727 5.878664970397949 1.3550950288772583 3.1863389015197754 5.918994903564453 1.3551592826843262 3.440258026123047 5.959338665008545 1.35519540309906 3.6940383911132812 5.999703407287598 1.3552172183990479 3.9478416442871094 6.040050506591797 1.3552494049072266 4.201663494110107 6.080367565155029 1.3552842140197754 4.4555535316467285 6.120650768280029 1.3553175926208496 4.709458827972412 6.1609110832214355 1.3553123474121094 4.963435173034668 6.201143264770508 1.355307698249817 5.217543125152588 6.241363048553467 1.3552981615066528 5.47165060043335 6.281567096710205 1.3552989959716797 5.725757598876953 6.321747779846191 1.355272889137268 5.979896545410156 6.361867904663086 1.3552395105361938 6.234076499938965 6.4019694328308105 1.3552148342132568 6.488309383392334 6.4420671463012695 1.3552062511444092 6.742496490478516 6.482105731964111 1.3551867008209229 6.996652603149414 6.5220537185668945 1.3551719188690186 7.250765323638916 5.798042297363281 1.3151063919067383 2.1501851081848145 5.838328838348389 1.3151928186416626 2.4036643505096436 5.878638744354248 1.3152730464935303 2.656877040863037 5.9189372062683105 1.3153462409973145 2.9099152088165283 5.9592485427856445 1.315408706665039 3.1627955436706543 5.99955415725708 1.3154500722885132 3.4156301021575928 6.039891242980957 1.31549072265625 3.6684956550598145 6.08020544052124 1.3155144453048706 3.921412467956543 6.120471000671387 1.3155277967453003 4.174407005310059 6.160737991333008 1.3155418634414673 4.427517890930176 6.201007843017578 1.3155289888381958 4.680760860443115 6.241259574890137 1.3155014514923096 4.934127330780029 6.281463146209717 1.3154746294021606 5.1876139640808105 6.321656227111816 1.3154500722885132 5.441179275512695 6.361798286437988 1.3154009580612183 5.694887161254883 6.401919841766357 1.3153492212295532 5.94875431060791 6.442025661468506 1.3153082132339478 6.20269775390625 6.482048988342285 1.3152873516082764 6.456716060638428 6.522013187408447 1.3152612447738647 6.710752964019775 5.7980146408081055 1.275233507156372 1.6225472688674927 5.838266849517822 1.2753348350524902 1.8753015995025635 5.8785223960876465 1.2754395008087158 2.1277501583099365 5.918789386749268 1.275532841682434 2.3799386024475098 5.959056377410889 1.2756097316741943 2.631995439529419 5.99934196472168 1.2756725549697876 2.883946180343628 6.039628505706787 1.2757149934768677 3.135908603668213 6.079931259155273 1.2757561206817627 3.3879103660583496 6.120188236236572 1.275766134262085 3.640012502670288 6.1604766845703125 1.2757612466812134 3.89225435256958 6.200759410858154 1.2757511138916016 4.1446380615234375 6.241021156311035 1.2757174968719482 4.397217750549316 6.281240463256836 1.2756624221801758 4.649968147277832 6.32144832611084 1.275604009628296 4.902970790863037 6.361611366271973 1.2755498886108398 5.156214237213135 6.401767730712891 1.2754998207092285 5.409671306610107 6.441879749298096 1.2754356861114502 5.6633076667785645 6.48192834854126 1.2753841876983643 5.917163848876953 6.521924018859863 1.2753530740737915 6.171133518218994 5.79794979095459 1.2353575229644775 1.0953178405761719 5.838169574737549 1.2354893684387207 1.3474204540252686 5.878376483917236 1.2356150150299072 1.5991441011428833 5.918586254119873 1.2357187271118164 1.8505964279174805 5.958813190460205 1.235809326171875 2.101850748062134 5.999054908752441 1.2358766794204712 2.3530025482177734 6.039327144622803 1.2359308004379272 2.6041667461395264 6.079596519470215 1.2359907627105713 2.855325222015381 6.119861125946045 1.2360152006149292 3.1065618991851807 6.160143852233887 1.2360070943832397 3.3578968048095703 6.200438022613525 1.235979676246643 3.609421730041504 6.240721225738525 1.2359411716461182 3.861185312271118 6.280952453613281 1.2358863353729248 4.1132097244262695 6.321165084838867 1.2357938289642334 4.365542411804199 6.361368179321289 1.235708236694336 4.618274211883545 6.40155553817749 1.2356430292129517 4.871310710906982 6.441683292388916 1.2355722188949585 5.124595642089844 6.481774806976318 1.2355027198791504 5.378188610076904 6.521844863891602 1.235486388206482 5.631959915161133 5.797905921936035 1.195499300956726 0.5685548782348633 5.838042736053467 1.1956498622894287 0.8200520277023315 5.878207683563232 1.1957859992980957 1.0711697340011597 5.9183735847473145 1.1959080696105957 1.3219773769378662 5.958547592163086 1.1960108280181885 1.572550654411316 5.998758316040039 1.196091890335083 1.8229948282241821 6.039007663726807 1.196161150932312 2.0733516216278076 6.079270362854004 1.1962109804153442 2.3237268924713135 6.119533538818359 1.1962480545043945 2.5741114616394043 6.159809112548828 1.1962374448776245 2.8245978355407715 6.200095176696777 1.1962169408798218 3.075259208679199 6.240372657775879 1.196172833442688 3.3261849880218506 6.280612945556641 1.1960976123809814 3.577432870864868 6.320858955383301 1.1960035562515259 3.8291146755218506 6.361089706420898 1.1958935260772705 4.081230163574219 6.401307106018066 1.1957972049713135 4.333738327026367 6.441501140594482 1.1957228183746338 4.586638450622559 6.481645584106445 1.1956508159637451 4.839841842651367 6.521758079528809 1.195594310760498 5.093276023864746 5.797876834869385 1.1556346416473389 0.04217076301574707 5.837921142578125 1.1557977199554443 0.29323285818099976 5.8780388832092285 1.1559457778930664 0.5438398122787476 5.918155670166016 1.1560773849487305 0.794092059135437 5.9582977294921875 1.1561957597732544 1.044089913368225 5.998489856719971 1.1563026905059814 1.2938653230667114 6.038712501525879 1.1563780307769775 1.5434902906417847 6.078956127166748 1.1564407348632812 1.7930394411087036 6.119214057922363 1.1564793586730957 2.0426132678985596 6.159483432769775 1.156468391418457 2.292306661605835 6.199751853942871 1.1564445495605469 2.5421807765960693 6.240017890930176 1.156398057937622 2.7922909259796143 6.280270099639893 1.1563212871551514 3.042790651321411 6.32054328918457 1.1562175750732422 3.2937302589416504 6.360815525054932 1.1561073064804077 3.545135498046875 6.40106725692749 1.155983805656433 3.797020196914673 6.441314220428467 1.155869960784912 4.04935359954834 6.4815192222595215 1.1557822227478027 4.302064418792725 6.521714687347412 1.1557245254516602 4.555036544799805 5.797821044921875 1.1157455444335938 -0.483820378780365 5.837835311889648 1.1159212589263916 -0.23310698568820953 5.877880096435547 1.116091251373291 0.017112165689468384 5.917963981628418 1.116249918937683 0.26691555976867676 5.958082675933838 1.116378664970398 0.5163651704788208 5.998246192932129 1.116499900817871 0.7655336260795593 6.038448333740234 1.1165896654129028 1.0144695043563843 6.0786638259887695 1.1166527271270752 1.2632865905761719 6.118911266326904 1.116679072380066 1.512096881866455 6.159171104431152 1.1166965961456299 1.761027216911316 6.199442386627197 1.116687536239624 2.010105609893799 6.2397003173828125 1.116631031036377 2.259481191635132 6.279966354370117 1.11654794216156 2.509204387664795 6.3202619552612305 1.1164450645446777 2.7593531608581543 6.360543251037598 1.11632239818573 3.0099825859069824 6.400833606719971 1.116191029548645 3.2611441612243652 6.4411301612854 1.1160790920257568 3.5128161907196045 6.481406211853027 1.115976333618164 3.7648773193359375 6.521667003631592 1.1158804893493652 4.017238616943359 5.797783374786377 1.0758657455444336 -1.0094656944274902 5.837767124176025 1.0760338306427002 -0.7590532302856445 5.87777853012085 1.076219081878662 -0.5091303586959839 5.917816638946533 1.076395869255066 -0.2597036361694336 5.957917213439941 1.0765550136566162 -0.010734878480434418 5.998054504394531 1.076684594154358 0.23788434267044067 6.038230895996094 1.0767781734466553 0.48621904850006104 6.078426837921143 1.0768630504608154 0.7343743443489075 6.118633270263672 1.0769137144088745 0.9824707508087158 6.158897399902344 1.076927900314331 1.2306535243988037 6.19916296005249 1.0769100189208984 1.4789882898330688 6.239420413970947 1.076869010925293 1.7275623083114624 6.279715061187744 1.0767781734466553 1.9765154123306274 6.319998264312744 1.0766723155975342 2.2258834838867188 6.3603057861328125 1.0765506029129028 2.4757258892059326 6.400609016418457 1.0764122009277344 2.726100444793701 6.440950870513916 1.0762876272201538 2.976982593536377 6.4812774658203125 1.0761737823486328 3.2283029556274414 6.521603107452393 1.076058030128479 3.4799835681915283 5.79777193069458 1.0359957218170166 -1.5349055528640747 5.837734699249268 1.036157250404358 -1.284727692604065 5.877716064453125 1.0363414287567139 -1.0350654125213623 5.917729377746582 1.0365269184112549 -0.7859364748001099 5.957796573638916 1.0366973876953125 -0.5373556613922119 5.997903347015381 1.036845326423645 -0.2892080545425415 6.0380539894104 1.0369837284088135 -0.04139583185315132 6.0782294273376465 1.0370628833770752 0.20616668462753296 6.118418216705322 1.0371179580688477 0.45360109210014343 6.158659934997559 1.037137508392334 0.7010632157325745 6.198917388916016 1.0371253490447998 0.9486369490623474 6.239190101623535 1.037078857421875 1.196486473083496 6.279484748840332 1.037002682685852 1.4446587562561035 6.319777011871338 1.0368953943252563 1.693243145942688 6.36008882522583 1.0367791652679443 1.942286491394043 6.400424957275391 1.0366520881652832 2.191847801208496 6.440788269042969 1.036514401435852 2.4418509006500244 6.481173515319824 1.0363647937774658 2.6923458576202393 6.521548748016357 1.0362354516983032 2.9432711601257324 5.797786712646484 0.9961708188056946 -2.060133934020996 5.837707042694092 0.9963206648826599 -1.8102285861968994 5.877694606781006 0.9964812994003296 -1.5607821941375732 5.917682647705078 0.9966727495193481 -1.3119162321090698 5.957725524902344 0.9968665838241577 -1.063662052154541 5.997806549072266 0.99701988697052 -0.8158971071243286 6.037942409515381 0.9971356987953186 -0.5685570240020752 6.078088760375977 0.9972472786903381 -0.32151153683662415 6.118268013000488 0.997319757938385 -0.07466709613800049 6.158477783203125 0.9973406791687012 0.1721058338880539 6.198738098144531 0.9973297119140625 0.41898244619369507 6.238996982574463 0.9972699880599976 0.6660959124565125 6.2792840003967285 0.9972039461135864 0.9135316014289856 6.319582939147949 0.9971203804016113 1.161330223083496 6.3599114418029785 0.9969980120658875 1.409572958946228 6.400271892547607 0.996876060962677 1.6582714319229126 6.440650939941406 0.9967378973960876 1.9073885679244995 6.481078147888184 0.9965816736221313 2.1569972038269043 6.5215020179748535 0.9964383840560913 2.4070606231689453 5.797804355621338 0.9563322067260742 -2.5853023529052734 5.837721824645996 0.9564728140830994 -2.3355958461761475 5.87769079208374 0.9566330909729004 -2.086409568786621 5.917689800262451 0.9568142890930176 -1.8377940654754639 5.957711219787598 0.9569888114929199 -1.5897942781448364 5.9977874755859375 0.9571578502655029 -1.3423657417297363 6.037890434265137 0.9573041200637817 -1.0954506397247314 6.078018665313721 0.9574116468429565 -0.8488824963569641 6.118180274963379 0.9574977159500122 -0.6025920510292053 6.158387660980225 0.9575232863426208 -0.3563888669013977 6.198607921600342 0.9575233459472656 -0.11016170680522919 6.238871097564697 0.9574795961380005 0.1362583041191101 6.279143333435059 0.9574154615402222 0.38297778367996216 6.319444179534912 0.957334578037262 0.6300268769264221 6.359792232513428 0.9572433829307556 0.877433717250824 6.4001665115356445 0.9571102261543274 1.1252466440200806 6.440572261810303 0.9569598436355591 1.3734861612319946 6.481023788452148 0.9568092823028564 1.6221778392791748 6.521491527557373 0.9566789865493774 1.8712562322616577 5.797818660736084 0.9165213704109192 -3.1104438304901123 5.837760925292969 0.9166359901428223 -2.8609848022460938 5.877737045288086 0.91679447889328 -2.6120448112487793 5.917741298675537 0.9169663786888123 -2.3636913299560547 5.957775592803955 0.9171479940414429 -2.115962028503418 5.99783992767334 0.9173042178153992 -1.8688620328903198 6.0379252433776855 0.9174615740776062 -1.6223032474517822 6.0780229568481445 0.9175819754600525 -1.3762065172195435 6.118170261383057 0.9176522493362427 -1.1303787231445312 6.158350467681885 0.9177001714706421 -0.8846991658210754 6.198556423187256 0.9177014231681824 -0.6390431523323059 6.238785266876221 0.9176757335662842 -0.39325252175331116 6.279064655303955 0.9176074266433716 -0.1472412645816803 6.319375991821289 0.9175305962562561 0.09906941652297974 6.359731674194336 0.9174366593360901 0.34568893909454346 6.400123596191406 0.9173264503479004 0.5926475524902344 6.440549850463867 0.9171897172927856 0.8399657607078552 6.481009006500244 0.9170495867729187 1.0877046585083008 6.521512508392334 0.916929304599762 1.3357545137405396 5.7978668212890625 0.8767163157463074 -3.635599374771118 5.837821960449219 0.8767960071563721 -3.3864986896514893 5.877828121185303 0.8769415020942688 -3.1378414630889893 5.917844295501709 0.8771118521690369 -2.889787435531616 5.957896709442139 0.8772793412208557 -2.6423590183258057 5.997953414916992 0.8774622678756714 -2.395587205886841 6.0380330085754395 0.8776092529296875 -2.1493942737579346 6.078119277954102 0.8777289986610413 -1.9036786556243896 6.118244171142578 0.8777970671653748 -1.6582850217819214 6.158412456512451 0.8778256773948669 -1.4130597114562988 6.198578357696533 0.8778464794158936 -1.1678717136383057 6.238780498504639 0.8778364062309265 -0.9226394891738892 6.279052734375 0.8778011798858643 -0.6772783994674683 6.319366455078125 0.8777174949645996 -0.4316805601119995 6.359731197357178 0.8776379227638245 -0.18584606051445007 6.400140762329102 0.8775317668914795 0.060258954763412476 6.440556049346924 0.8774176239967346 0.30669254064559937 6.481022357940674 0.8773003816604614 0.5534453392028809 6.5215373039245605 0.8771812319755554 0.8004758358001709 5.797926902770996 0.8369455933570862 -4.160845756530762 5.8379130363464355 0.8370032906532288 -3.91219162940979 5.877941608428955 0.8371067643165588 -3.663952112197876 5.917996406555176 0.837251603603363 -3.416252613067627 5.9580559730529785 0.8374329805374146 -3.1692004203796387 5.998110771179199 0.837601363658905 -2.9227561950683594 6.03819465637207 0.8377503156661987 -2.6769227981567383 6.0782856941223145 0.8378647565841675 -2.4315781593322754 6.1183905601501465 0.8379325866699219 -2.18656849861145 6.158523082733154 0.8379767537117004 -1.941733479499817 6.198692321777344 0.837973952293396 -1.696940302848816 6.238872528076172 0.8379772901535034 -1.4521677494049072 6.279120445251465 0.8379510045051575 -1.2073816061019897 6.319428443908691 0.837898313999176 -0.9624406099319458 6.359786510467529 0.8378295302391052 -0.7173589468002319 6.400186061859131 0.8377420902252197 -0.4720494747161865 6.440611362457275 0.8376360535621643 -0.22648164629936218 6.481074333190918 0.8375242948532104 0.019322067499160767 6.521583557128906 0.8374078273773193 0.26535528898239136 5.797994136810303 0.7971959710121155 -4.6862382888793945 5.838034629821777 0.7972187995910645 -4.43815803527832 5.878093242645264 0.7973074913024902 -4.190393924713135 5.9181694984436035 0.7974534034729004 -3.943150758743286 5.9582414627075195 0.7975946068763733 -3.6965279579162598 5.998301982879639 0.7977465987205505 -3.4504923820495605 6.03839111328125 0.7978843450546265 -3.205019474029541 6.078476905822754 0.7979872226715088 -2.9600090980529785 6.118564128875732 0.7980585098266602 -2.715348720550537 6.158684730529785 0.7980781197547913 -2.470867156982422 6.198845863342285 0.7980901598930359 -2.2264585494995117 6.239035129547119 0.7980741262435913 -1.9821202754974365 6.2792463302612305 0.7980629801750183 -1.7377744913101196 6.319541931152344 0.7980391979217529 -1.4934194087982178 6.359893798828125 0.7979816198348999 -1.2489867210388184 6.400270938873291 0.797903835773468 -1.0044164657592773 6.440695285797119 0.7978225350379944 -0.7597082853317261 6.481151580810547 0.7977278828620911 -0.5147923231124878 6.5216569900512695 0.7976273894309998 -0.26968294382095337 5.798084735870361 0.7574772238731384 -5.211887836456299 5.838161945343018 0.7574789524078369 -4.964435577392578 5.878265380859375 0.7575498819351196 -4.717286109924316 5.91835880279541 0.7576550245285034 -4.470605373382568 5.95844030380249 0.7577821016311646 -4.224460601806641 5.998506546020508 0.7579139471054077 -3.978870153427124 6.038593769073486 0.7580217719078064 -3.733762264251709 6.078665256500244 0.7581145167350769 -3.489093542098999 6.118760108947754 0.7581490278244019 -3.244729518890381 6.158872604370117 0.7581654191017151 -3.0005455017089844 6.199028015136719 0.7581740021705627 -2.7565131187438965 6.239194393157959 0.7581536769866943 -2.5125632286071777 6.2794108390808105 0.7581424713134766 -2.2686350345611572 6.319695949554443 0.7581108808517456 -2.0247485637664795 6.360018253326416 0.7580813765525818 -1.7808955907821655 6.40037727355957 0.7580459117889404 -1.537023663520813 6.440791606903076 0.7579730749130249 -1.2930452823638916 6.481239318847656 0.7578961849212646 -1.0489506721496582 6.521724224090576 0.7578305602073669 -0.8047096729278564 5.798172473907471 0.7177759408950806 -5.7377543449401855 5.838310241699219 0.717750608921051 -5.491085529327393 5.878413677215576 0.7178009152412415 -5.244648456573486 5.918529033660889 0.7178722620010376 -4.998596668243408 5.958613872528076 0.717982292175293 -4.752971649169922 5.998696804046631 0.7180779576301575 -4.507838249206543 6.038759231567383 0.7181527614593506 -4.263125896453857 6.078841209411621 0.7182161211967468 -4.01876163482666 6.118936061859131 0.7182486653327942 -3.774683952331543 6.159054279327393 0.7182630300521851 -3.530813455581665 6.199206352233887 0.7182461619377136 -3.2871201038360596 6.2393670082092285 0.7182153463363647 -3.0435073375701904 6.279592990875244 0.7181876301765442 -2.7999701499938965 6.319845676422119 0.718172013759613 -2.5565261840820312 6.360159397125244 0.718154788017273 -2.313174247741699 6.400497913360596 0.718121349811554 -2.0698769092559814 6.44089412689209 0.7180700898170471 -1.826561450958252 6.48134183883667 0.7180237770080566 -1.5831935405731201 6.521799087524414 0.7179581522941589 -1.3397527933120728 5.798269748687744 0.678086519241333 -6.263828754425049 5.838408470153809 0.6780479550361633 -6.01804256439209 5.8785400390625 0.6780632138252258 -5.772371768951416 5.918644428253174 0.6781233549118042 -5.5269975662231445 5.95875358581543 0.6781913042068481 -5.281933784484863 5.998834133148193 0.6782552003860474 -5.037285804748535 6.038887977600098 0.6782878041267395 -4.792951583862305 6.078967571258545 0.6783273220062256 -4.548892498016357 6.119072914123535 0.6783419847488403 -4.305103778839111 6.159213066101074 0.678336501121521 -4.061553955078125 6.199355602264404 0.678321123123169 -3.8181681632995605 6.2395405769348145 0.6782835721969604 -3.57490873336792 6.279742240905762 0.678233802318573 -3.331757068634033 6.31999397277832 0.6782035231590271 -3.0887105464935303 6.360267639160156 0.6781964302062988 -2.845813035964966 6.400617599487305 0.6781675815582275 -2.603015661239624 6.440986633300781 0.6781386137008667 -2.360260009765625 6.4814300537109375 0.6780922412872314 -2.117518186569214 6.52187442779541 0.6780576705932617 -1.8747992515563965 5.7983222007751465 0.6383651494979858 -6.790071964263916 5.838445663452148 0.6383507251739502 -6.545152187347412 5.8785834312438965 0.6383581161499023 -6.300283908843994 5.918697357177734 0.638388991355896 -6.055609226226807 5.958817005157471 0.6384183168411255 -5.811182498931885 5.99888277053833 0.6384237408638 -5.566971302032471 6.038963794708252 0.63843834400177 -5.323025703430176 6.079042434692383 0.6384293437004089 -5.079304218292236 6.119167804718018 0.638436496257782 -4.835822582244873 6.159304618835449 0.6384285688400269 -4.592587471008301 6.1994853019714355 0.6383808851242065 -4.349538803100586 6.239675998687744 0.6383237838745117 -4.106610298156738 6.27985954284668 0.6382620334625244 -3.8638546466827393 6.320100784301758 0.63821941614151 -3.6212093830108643 6.360366344451904 0.6381936073303223 -3.3787150382995605 6.400712966918945 0.6381542682647705 -3.136375904083252 6.441079139709473 0.6381134986877441 -2.89412260055542 6.481507301330566 0.6380865573883057 -2.651960611343384 6.521942615509033 0.6380570530891418 -2.40981125831604 6.35630464553833 0.6945316791534424 -2.6549417972564697 6.463438987731934 0.64622563123703 -2.6549463272094727 6.364344120025635 0.6945180892944336 -2.606618881225586 6.471484661102295 0.6462236642837524 -2.606626272201538 6.369785308837891 1.4567787647247314 7.657329082489014 6.477801322937012 1.4059624671936035 7.65733003616333 6.369862079620361 1.41685152053833 7.117270469665527 6.477828502655029 1.3660509586334229 7.117269992828369 6.3699774742126465 1.3768863677978516 6.577480316162109 6.477889537811279 1.32611882686615 6.577468395233154 6.370128631591797 1.336904764175415 6.037940502166748 6.477959632873535 1.286189317703247 6.037927627563477 6.370304107666016 1.2969152927398682 5.49876594543457 6.47807502746582 1.2462477684020996 5.498744964599609 6.3705010414123535 1.2568467855453491 4.959855079650879 6.47817850112915 1.206277847290039 4.959843158721924 6.370661735534668 1.2167695760726929 4.421305179595947 6.478307247161865 1.166290044784546 4.421291828155518 6.370859146118164 1.1767045259475708 3.8830385208129883 6.478402137756348 1.1263333559036255 3.8830268383026123 6.371050834655762 1.136579990386963 3.3451383113861084 6.478517532348633 1.0863535404205322 3.345134735107422 6.371250629425049 1.0964502096176147 2.8076162338256836 6.478625297546387 1.046391248703003 2.807610511779785 6.37138032913208 1.056288719177246 2.2703094482421875 6.478742599487305 1.0064160823822021 2.270305871963501 6.371494770050049 1.016153335571289 1.733136773109436 6.478794097900391 0.96646648645401 1.7331517934799194 6.371617317199707 0.97599196434021 1.1962449550628662 6.478879451751709 0.9265226125717163 1.1962398290634155 6.371722221374512 0.9358541369438171 0.6595567464828491 6.478970527648926 0.8865578174591064 0.6595512628555298 6.371814727783203 0.8956735134124756 0.12291255593299866 6.479010581970215 0.8465821743011475 0.12291474640369415 6.371893405914307 0.8555115461349487 -0.4136332869529724 6.479098796844482 0.8066243529319763 -0.41363877058029175 6.372041702270508 0.8153161406517029 -0.9500339031219482 6.479218006134033 0.7665976285934448 -0.9500411748886108 6.372157573699951 0.7751187086105347 -1.4863276481628418 6.479326248168945 0.7265571355819702 -1.4863364696502686 6.37229061126709 0.7348779439926147 -2.0223822593688965 6.479427814483643 0.6864365935325623 -2.022395610809326 6.569843292236328 1.3551406860351562 7.555666923522949 6.577811241149902 1.355134129524231 7.606501579284668 6.569832801818848 1.3152546882629395 7.015667915344238 6.577801704406738 1.3152536153793335 7.066474914550781 6.569824695587158 1.2753467559814453 6.475916385650635 6.5777907371521 1.2753446102142334 6.526692867279053 6.569856643676758 1.2354735136032104 5.9365057945251465 6.577823638916016 1.2354702949523926 5.987208366394043 6.569873809814453 1.1956043243408203 5.397435665130615 6.577860355377197 1.195602297782898 5.448086738586426 6.569913864135742 1.1557199954986572 4.858705043792725 6.577899932861328 1.155719518661499 4.909272193908691 6.569956302642822 1.1158125400543213 4.3203301429748535 6.577944278717041 1.1158111095428467 4.370808124542236 6.570003032684326 1.07598876953125 3.782287359237671 6.577983856201172 1.0759778022766113 3.8326666355133057 6.570027828216553 1.036154866218567 3.2446744441986084 6.578010559082031 1.0361435413360596 3.2949113845825195 6.570074081420898 0.9963429570198059 2.7074625492095947 6.578067302703857 0.9963333606719971 2.7575440406799316 6.570137023925781 0.9565423130989075 2.1705148220062256 6.578115940093994 0.9565313458442688 2.220409393310547 6.570179462432861 0.9168082475662231 1.633752703666687 6.578142166137695 0.9167961478233337 1.6834663152694702 6.570216178894043 0.8770696520805359 1.0972496271133423 6.578193664550781 0.8770571947097778 1.1467503309249878 6.570248603820801 0.8372747302055359 0.5609375238418579 6.578235149383545 0.8372645974159241 0.6102473735809326 6.570309638977051 0.7975172400474548 0.024719655513763428 6.578271389007568 0.7975068092346191 0.07382463663816452 6.5703535079956055 0.7577401995658875 -0.5114543437957764 6.578341484069824 0.7577311396598816 -0.4625440239906311 6.570432186126709 0.7178925275802612 -1.0475192070007324 6.5784077644348145 0.717886745929718 -0.9987866878509521 6.570488929748535 0.6780132055282593 -1.5834863185882568 6.578498840332031 0.6780012845993042 -1.534911870956421 6.570541858673096 0.6380237340927124 -2.1192684173583984 6.578554153442383 0.6380175948143005 -2.0708346366882324 5.524083614349365 0.6882452368736267 -7.81176233291626 5.629120826721191 0.639485239982605 -7.811762809753418 5.524090766906738 0.6802590489387512 -7.916776657104492 5.629105091094971 0.6314548850059509 -7.916771411895752 5.532062530517578 0.6723045110702515 -7.97298002243042 5.637134552001953 0.6234719157218933 -7.9730119705200195 5.540043354034424 0.6723052263259888 -7.924272537231445 5.645114898681641 0.6234609484672546 -7.924234867095947 5.548032283782959 0.6882596015930176 -7.66536283493042 5.653106212615967 0.6394609808921814 -7.665370941162109 5.548039436340332 0.680260956287384 -7.770415782928467 5.653115272521973 0.6314668655395508 -7.770422458648682 5.742161750793457 0.5906559228897095 -7.762945652008057 5.750151634216309 0.5906683802604675 -7.714147090911865 5.742171287536621 0.5826664566993713 -7.867970943450928 5.750153541564941 0.5826725959777832 -7.819185733795166 5.587874412536621 0.6722756624221802 -7.631810665130615 5.693066596984863 0.6234703063964844 -7.631799221038818 5.6277008056640625 0.672311544418335 -7.388157367706299 5.7330427169799805 0.6235020160675049 -7.38814115524292 5.667537212371826 0.672286868095398 -7.144465923309326 5.772988319396973 0.6234907507896423 -7.144454479217529 5.707370281219482 0.6722216606140137 -6.901002407073975 5.813000679016113 0.6234728693962097 -6.90098237991333 5.747249126434326 0.6721699833869934 -6.65755558013916 5.852999687194824 0.6234134435653687 -6.657533645629883 5.787125110626221 0.6720954179763794 -6.414168834686279 5.892995357513428 0.6234030723571777 -6.414157867431641 5.827075958251953 0.671997606754303 -6.170912265777588 5.93299674987793 0.6233158707618713 -6.170884132385254 5.866983413696289 0.6718495488166809 -5.927867889404297 5.973019599914551 0.623210072517395 -5.9278340339660645 5.906966209411621 0.6717061996459961 -5.68500280380249 6.013062477111816 0.6231188774108887 -5.684990406036377 5.946969032287598 0.6715707778930664 -5.442325115203857 6.053168773651123 0.6230130791664124 -5.442298412322998 5.987034797668457 0.6714407801628113 -5.199840068817139 6.093303680419922 0.6229292154312134 -5.199826717376709 6.027092933654785 0.6713083386421204 -4.9574875831604 6.133436679840088 0.622818648815155 -4.957466125488281 6.067122936248779 0.6711603403091431 -4.715293884277344 6.173530578613281 0.6226913928985596 -4.715276718139648 6.107215404510498 0.6709965467453003 -4.473228931427002 6.213689804077148 0.6225842237472534 -4.473223686218262 6.14729642868042 0.6708199977874756 -4.231472492218018 6.253880023956299 0.6224228143692017 -4.231444358825684 6.187450408935547 0.6706578135490417 -3.9898695945739746 6.294105052947998 0.6223018765449524 -3.989853858947754 6.227573394775391 0.6705406904220581 -3.7485127449035645 6.3343729972839355 0.6221891641616821 -3.7484889030456543 6.267795562744141 0.6704098582267761 -3.5071640014648438 6.374699592590332 0.622094988822937 -3.5071537494659424 6.308024883270264 0.6703680753707886 -3.2659192085266113 6.4150519371032715 0.6220389604568481 -3.2659213542938232 6.348275184631348 0.6864825487136841 -2.8103885650634766 6.45540189743042 0.6381622552871704 -2.810396909713745 6.348276138305664 0.6784096956253052 -2.9175074100494385 6.455409049987793 0.6301045417785645 -2.917501211166382 5.798269271850586 0.5906901359558105 -7.421477317810059 5.838364601135254 0.59071946144104 -7.177530765533447 5.878481388092041 0.5907446146011353 -6.933584213256836 5.918619155883789 0.5907434225082397 -6.689794540405273 5.958745002746582 0.5907168388366699 -6.446086883544922 5.998852729797363 0.590709924697876 -6.202491760253906 6.038931846618652 0.5906826257705688 -5.959039211273193 6.079041957855225 0.5906205177307129 -5.715808391571045 6.119174003601074 0.5905793309211731 -5.472762584686279 6.159350395202637 0.5905249118804932 -5.229935169219971 6.199558734893799 0.5904678106307983 -4.98728084564209 6.239760875701904 0.5903983116149902 -4.744823932647705 6.279923439025879 0.5903122425079346 -4.502464294433594 6.320140838623047 0.5902338624000549 -4.26029109954834 6.3604302406311035 0.5901426672935486 -4.018298625946045 6.400754451751709 0.590067446231842 -3.77653431892395 6.441139221191406 0.5899971723556519 -3.5348961353302 6.4815802574157715 0.5899441838264465 -3.2933647632598877 6.522069454193115 0.5898871421813965 -3.051858901977539 5.798257827758789 0.5826831459999084 -7.526622772216797 5.838352203369141 0.5827131271362305 -7.282820224761963 5.878467082977295 0.5827189683914185 -7.039012432098389 5.91860294342041 0.5827183127403259 -6.79537296295166 5.958740234375 0.5827023386955261 -6.5518035888671875 5.998842239379883 0.582700252532959 -6.308315753936768 6.038923740386963 0.5826637744903564 -6.064949035644531 6.079041957855225 0.5825998783111572 -5.821816444396973 6.119168758392334 0.5825484991073608 -5.578864574432373 6.159344673156738 0.5825022459030151 -5.336112976074219 6.199563503265381 0.5824346542358398 -5.093541622161865 6.2397661209106445 0.5823684334754944 -4.851144313812256 6.279921531677246 0.5822704434394836 -4.608859539031982 6.3201446533203125 0.5821908116340637 -4.366754531860352 6.360434532165527 0.5820862054824829 -4.124864101409912 6.4007568359375 0.5819954872131348 -3.8831915855407715 6.44114351272583 0.5819184184074402 -3.6416845321655273 6.481590747833252 0.5818411707878113 -3.4002559185028076 6.522078514099121 0.5817990899085999 -3.1588892936706543 6.356346130371094 0.6703763604164124 -2.9763317108154297 6.463472366333008 0.6220738887786865 -2.976337194442749 6.364385604858398 0.6703563332557678 -2.9279961585998535 6.47147274017334 0.6220899820327759 -2.9280052185058594 6.372393608093262 0.6864734888076782 -2.6654529571533203 6.479518413543701 0.6381297707557678 -2.6654341220855713 6.372420310974121 0.678390383720398 -2.7725830078125 6.479477882385254 0.6301409602165222 -2.772596836090088 6.570592403411865 0.5898571014404297 -2.7620902061462402 6.578630447387695 0.5898643732070923 -2.7137503623962402 6.5706000328063965 0.5817931890487671 -2.869215965270996 6.57863712310791 0.5818005800247192 -2.8209023475646973 5.838254928588867 1.3606184720993042 3.013509750366211 5.943000316619873 1.3102374076843262 3.0182645320892334 6.04775333404541 1.2599376440048218 3.0230588912963867 6.1524200439453125 1.2095839977264404 3.027789831161499 6.25708532333374 1.1592772006988525 3.032576084136963 6.361781597137451 1.109013557434082 3.0373215675354004 6.466443061828613 1.0586552619934082 3.042070150375366 6.571191310882568 1.0083516836166382 3.046840190887451 6.675908088684082 0.9580059051513672 3.0516014099121094 5.838279724121094 1.3525460958480835 2.9081268310546875 5.943010330200195 1.302226185798645 2.9128715991973877 6.047760009765625 1.2519001960754395 2.917602777481079 6.152446746826172 1.2015655040740967 2.922372817993164 6.257104873657227 1.151291847229004 2.9271209239959717 6.3617939949035645 1.1009796857833862 2.9319121837615967 6.466495037078857 1.0506377220153809 2.9366674423217773 6.571227073669434 1.000317096710205 2.9413816928863525 6.675953388214111 0.9499955177307129 2.9461164474487305 5.846284866333008 1.3445496559143066 2.8536763191223145 5.951018333435059 1.2942239046096802 2.858431577682495 6.055729389190674 1.2439014911651611 2.863187074661255 6.160441875457764 1.1935720443725586 2.8679542541503906 6.265127182006836 1.1432442665100098 2.8727123737335205 6.369814872741699 1.0929323434829712 2.877485752105713 6.47450590133667 1.0426079034805298 2.882249116897583 6.579227447509766 0.9922807812690735 2.8870081901550293 6.683934211730957 0.9419494867324829 2.891770124435425 5.854304790496826 1.3445491790771484 2.904682159423828 5.95901346206665 1.2942291498184204 2.9094362258911133 6.063726425170898 1.2439022064208984 2.9142022132873535 6.168426513671875 1.1935707330703735 2.918966770172119 6.2731170654296875 1.143247127532959 2.9237349033355713 6.377804279327393 1.0929274559020996 2.928497314453125 6.482505798339844 1.0425999164581299 2.933262825012207 6.587192535400391 0.9922777414321899 2.938032388687134 6.691901206970215 0.9419549703598022 2.942802906036377 5.86232852935791 1.3605960607528687 3.1665866374969482 5.9670329093933105 1.310288429260254 3.1713414192199707 6.071742057800293 1.2599493265151978 3.176089286804199 6.176441669464111 1.2096331119537354 3.180842399597168 6.281143665313721 1.1593116521835327 3.1855945587158203 6.3858418464660645 1.1089979410171509 3.1903493404388428 6.490529537200928 1.0586777925491333 3.1951050758361816 6.5952253341674805 1.0083675384521484 3.199866771697998 6.699924468994141 0.9580347537994385 3.204629421234131 5.862320899963379 1.3525676727294922 3.0611460208892822 5.967031002044678 1.302246332168579 3.065896511077881 6.071737766265869 1.2519245147705078 3.0706520080566406 6.176431655883789 1.2016019821166992 3.0754172801971436 6.281131744384766 1.1512770652770996 3.0801773071289062 6.385825157165527 1.1009495258331299 3.084939956665039 6.490516185760498 1.050642490386963 3.089705228805542 6.595207214355469 1.0003052949905396 3.0944669246673584 6.699903964996338 0.9499863982200623 3.0992302894592285 5.846266746520996 1.3686277866363525 3.169969320297241 5.951008319854736 1.3182919025421143 3.1747336387634277 6.055727958679199 1.2678978443145752 3.179490327835083 6.160460948944092 1.2175980806350708 3.1842217445373535 6.265102863311768 1.1673191785812378 3.1889848709106445 6.369790554046631 1.1170072555541992 3.193730115890503 6.4744954109191895 1.0667166709899902 3.1985130310058594 6.579207897186279 1.0164073705673218 3.2032973766326904 6.683960914611816 0.9660136699676514 3.2081010341644287 5.854275703430176 1.3686163425445557 3.22100567817688 5.959048271179199 1.3182932138442993 3.2257633209228516 6.063745021820068 1.267932415008545 3.230480909347534 6.168471336364746 1.217618703842163 3.2352170944213867 6.273146629333496 1.1673266887664795 3.2399709224700928 6.377834320068359 1.1170101165771484 3.244755744934082 6.482496738433838 1.0667200088500977 3.249506950378418 6.587241172790527 1.0164053440093994 3.2542777061462402 6.691962242126465 0.9660414457321167 3.2590415477752686 6.788690090179443 0.9076889753341675 3.1074018478393555 6.796649932861328 0.907719612121582 3.158400535583496 6.788695812225342 0.899624228477478 3.00197696685791 6.7966179847717285 0.8996385931968689 3.052968740463257 5.903360843658447 1.3445043563842773 3.2152388095855713 6.008800983428955 1.2941703796386719 3.2245028018951416 6.114238262176514 1.2438098192214966 3.2337429523468018 6.21967887878418 1.1934826374053955 3.24297833442688 6.325101852416992 1.1431317329406738 3.252211093902588 6.430522918701172 1.0928094387054443 3.261436700820923 6.535963535308838 1.042495608329773 3.270665168762207 6.64139986038208 0.9921565055847168 3.279885768890381 6.746830940246582 0.9418236017227173 3.2891180515289307 5.943795680999756 1.3444913625717163 3.4702048301696777 6.049345016479492 1.294126033782959 3.479492664337158 6.154869556427002 1.2437798976898193 3.488770008087158 6.26037073135376 1.1934131383895874 3.4980268478393555 6.365880966186523 1.1430890560150146 3.507270574569702 6.471370697021484 1.092731237411499 3.516512155532837 6.57686710357666 1.0423893928527832 3.525747060775757 6.682375907897949 0.9920492172241211 3.534985065460205 6.787874221801758 0.94171541929245 3.544217586517334 5.98428201675415 1.3444794416427612 3.725137948989868 6.089978218078613 1.2941174507141113 3.7344374656677246 6.195651531219482 1.243736743927002 3.743720769882202 6.301314830780029 1.193392276763916 3.753002643585205 6.406959056854248 1.1430208683013916 3.762269973754883 6.512594223022461 1.0926454067230225 3.7715296745300293 6.618224143981934 1.0422894954681396 3.780787944793701 6.723855972290039 0.9919139742851257 3.790041446685791 6.829464435577393 0.9415532350540161 3.7992959022521973 6.024814128875732 1.34450101852417 3.9799952507019043 6.130725860595703 1.294106364250183 3.989311695098877 6.236608028411865 1.2437211275100708 3.998612880706787 6.342459678649902 1.1933531761169434 4.007904529571533 6.448306083679199 1.1429803371429443 4.017195224761963 6.554149150848389 1.0926042795181274 4.026473522186279 6.659986972808838 1.0422163009643555 4.0357489585876465 6.765807151794434 0.9918476343154907 4.04502010345459 6.8716278076171875 0.9414795637130737 4.0542826652526855 6.06547212600708 1.344488501548767 4.234801292419434 6.171612739562988 1.294106364250183 4.244144439697266 6.277730941772461 1.2437196969985962 4.253477573394775 6.383827209472656 1.1933443546295166 4.26279878616333 6.489905834197998 1.1429803371429443 4.272114276885986 6.595959186553955 1.0925873517990112 4.2814249992370605 6.701996803283691 1.042222261428833 4.290724754333496 6.808032989501953 0.9918361902236938 4.300014972686768 6.914060115814209 0.9414780735969543 4.309300899505615 6.106100082397461 1.3445230722427368 4.489614963531494 6.212458610534668 1.2941385507583618 4.498967170715332 6.318793296813965 1.2437628507614136 4.508299350738525 6.425125598907471 1.1933842897415161 4.517637252807617 6.5314507484436035 1.1430139541625977 4.526963710784912 6.637744903564453 1.0926337242126465 4.536279201507568 6.744040012359619 1.0422389507293701 4.5455756187438965 6.850326061248779 0.991879403591156 4.554874420166016 6.956641674041748 0.941515326499939 4.564163684844971 6.146691799163818 1.3445470333099365 4.744430065155029 6.253288745880127 1.2941780090332031 4.75377893447876 6.359866142272949 1.2437907457351685 4.7631330490112305 6.466404914855957 1.1934221982955933 4.772475719451904 6.572940349578857 1.1430456638336182 4.781802654266357 6.679473876953125 1.0926541090011597 4.791123867034912 6.786000728607178 1.0422685146331787 4.800450801849365 6.892543315887451 0.9918874502182007 4.8097710609436035 6.999066352844238 0.9415389895439148 4.819091796875 6.18721866607666 1.3446131944656372 4.9993062019348145 6.294005870819092 1.2942252159118652 5.008678436279297 6.40077018737793 1.2438586950302124 5.018041133880615 6.507547855377197 1.1934916973114014 5.027387619018555 6.614318370819092 1.14310622215271 5.0367350578308105 6.721068859100342 1.092742681503296 5.0460896492004395 6.827813148498535 1.0423436164855957 5.0554280281066895 6.9345703125 0.991981565952301 5.064764022827148 7.041321277618408 0.9415990114212036 5.0741047859191895 6.227654457092285 1.3446407318115234 5.2541985511779785 6.334624767303467 1.2942785024642944 5.263586521148682 6.441590309143066 1.2439279556274414 5.27295446395874 6.54852819442749 1.1935534477233887 5.282325267791748 6.6554765701293945 1.1431975364685059 5.291696548461914 6.762420654296875 1.0928200483322144 5.301046371459961 6.869351863861084 1.0424621105194092 5.3103928565979 6.976294040679932 0.9920926094055176 5.319738388061523 7.083253860473633 0.941733717918396 5.3290815353393555 6.268070697784424 1.3446964025497437 5.509121894836426 6.375184535980225 1.294347882270813 5.518528938293457 6.4822773933410645 1.2440067529678345 5.527924537658691 6.589378356933594 1.1936501264572144 5.537303447723389 6.6964640617370605 1.143314242362976 5.546664714813232 6.803560733795166 1.0929704904556274 5.5560173988342285 6.910662651062012 1.0426130294799805 5.565370082855225 7.017776966094971 0.9922535419464111 5.574717044830322 7.124891757965088 0.9419345855712891 5.584062099456787 6.308375358581543 1.3447279930114746 5.763950824737549 6.4156293869018555 1.294404149055481 5.773377895355225 6.522874355316162 1.2440654039382935 5.782796859741211 6.63009786605835 1.1937342882156372 5.792198657989502 6.7373151779174805 1.1434032917022705 5.80159330368042 6.844536781311035 1.0930731296539307 5.810975074768066 6.951744079589844 1.0427515506744385 5.820342063903809 7.058976650238037 0.9924398064613342 5.829705238342285 7.166223526000977 0.9420929551124573 5.839074611663818 6.348698139190674 1.3447813987731934 6.018782615661621 6.456070423126221 1.2944414615631104 6.0282206535339355 6.563414096832275 1.244150161743164 6.037632465362549 6.670751094818115 1.1938265562057495 6.047040939331055 6.7780914306640625 1.143521785736084 6.0564398765563965 6.88541841506958 1.0931881666183472 6.065840244293213 6.992740631103516 1.0428712368011475 6.075232028961182 7.100052833557129 0.9925730228424072 6.0846147537231445 7.207376003265381 0.9422903656959534 6.093994617462158 6.38900089263916 1.3447847366333008 6.273558139801025 6.496465682983398 1.2945046424865723 6.283025741577148 6.603915691375732 1.2442071437835693 6.292469501495361 6.7113423347473145 1.1939287185668945 6.301893711090088 6.818758487701416 1.1436235904693604 6.3112969398498535 6.92616081237793 1.0933176279067993 6.320694446563721 7.033568382263184 1.0430288314819336 6.330084323883057 7.140985488891602 0.9927366375923157 6.339470863342285 7.248404026031494 0.9424536228179932 6.348846912384033 6.4292216300964355 1.344818353652954 6.528226375579834 6.536783218383789 1.2945411205291748 6.537692546844482 6.644303321838379 1.2442796230316162 6.547146797180176 6.7518110275268555 1.1940107345581055 6.556595325469971 6.859319686889648 1.1437523365020752 6.566027641296387 6.966806411743164 1.093468427658081 6.575446605682373 7.074295997619629 1.043203592300415 6.5848612785339355 7.181768894195557 0.9929336905479431 6.594264507293701 7.289239883422852 0.9426499605178833 6.603659629821777 6.469364166259766 1.3448376655578613 6.782815456390381 6.576986789703369 1.2945835590362549 6.792300224304199 6.684589862823486 1.2443352937698364 6.801764965057373 6.792171478271484 1.1940799951553345 6.811209678649902 6.899721145629883 1.1438274383544922 6.82064151763916 7.0072760581970215 1.093583583831787 6.8300676345825195 7.1148295402526855 1.0433323383331299 6.839474678039551 7.222394943237305 0.993073582649231 6.848881721496582 7.329965591430664 0.9428316354751587 6.858266830444336 6.509515762329102 1.3448221683502197 7.03738260269165 6.617183208465576 1.2945756912231445 7.046860694885254 6.724826335906982 1.2443418502807617 7.056326389312744 6.832463264465332 1.1941100358963013 7.0657782554626465 6.940097808837891 1.1438884735107422 7.075214385986328 7.0477070808410645 1.0936493873596191 7.08464241027832 7.155315399169922 1.043410062789917 7.094066143035889 7.262905597686768 0.9931890964508057 7.103486061096191 7.370499134063721 0.9429804086685181 7.112903594970703 6.549684047698975 1.344794750213623 7.291873931884766 6.6574249267578125 1.2945854663848877 7.301372528076172 6.765145778656006 1.244372844696045 7.310842037200928 6.872841835021973 1.1941547393798828 7.320291519165039 6.980525493621826 1.1439318656921387 7.329726219177246 7.088191986083984 1.0937013626098633 7.339153289794922 7.195863723754883 1.0434728860855103 7.348577976226807 7.30353307723999 0.9932525753974915 7.357998847961426 7.411186695098877 0.9430332183837891 7.367427349090576 6.589852333068848 1.3448021411895752 7.5461907386779785 6.6976728439331055 1.2945975065231323 7.555680274963379 6.805477142333984 1.2444028854370117 7.565150260925293 6.913288593292236 1.1941843032836914 7.574605464935303 7.021077632904053 1.1439735889434814 7.584062099456787 7.12886381149292 1.0937695503234863 7.59350061416626 7.236634254455566 1.0435502529144287 7.60292387008667 7.344404697418213 0.9933359622955322 7.612351417541504 7.452169418334961 0.9431341290473938 7.62177038192749 6.62992000579834 1.344805359840393 7.80039644241333 6.737844944000244 1.294620394706726 7.809867858886719 6.845764636993408 1.2444194555282593 7.819340229034424 6.953665733337402 1.1942421197891235 7.828808307647705 7.061556339263916 1.1440730094909668 7.838262557983398 7.169442653656006 1.0938843488693237 7.847714900970459 7.277339935302734 1.0436904430389404 7.857159614562988 7.3852410316467285 0.9934978485107422 7.866590976715088 7.49314022064209 0.9433165788650513 7.8760271072387695 6.670578479766846 1.360779881477356 8.274890899658203 6.7792863845825195 1.3106204271316528 8.288787841796875 6.887974739074707 1.2604811191558838 8.30268383026123 6.996660232543945 1.2103419303894043 8.31657600402832 7.105350017547607 1.1602096557617188 8.33048152923584 7.2140350341796875 1.1100744009017944 8.344385147094727 7.322721004486084 1.0599414110183716 8.358285903930664 7.431426525115967 1.0098062753677368 8.372180938720703 7.540143013000488 0.9596654176712036 8.386088371276855 6.670575141906738 1.352786898612976 8.166887283325195 6.779280185699463 1.3026223182678223 8.180793762207031 6.8879780769348145 1.252469778060913 8.194692611694336 6.996659278869629 1.2023106813430786 8.208596229553223 7.105343341827393 1.1521762609481812 8.22249698638916 7.214031219482422 1.1020410060882568 8.236391067504883 7.322720050811768 1.05189049243927 8.250282287597656 7.431415557861328 1.0017495155334473 8.264171600341797 7.540130615234375 0.9516104459762573 8.278069496154785 5.903356552124023 1.3687177896499634 3.5316576957702637 6.008814334869385 1.3184216022491455 3.5408689975738525 6.114246845245361 1.2681117057800293 3.5500881671905518 6.219683647155762 1.2178016901016235 3.5592973232269287 6.325106620788574 1.1675150394439697 3.568514347076416 6.430530071258545 1.1171954870224 3.577745199203491 6.5359601974487305 1.066893458366394 3.5869736671447754 6.641397476196289 1.0166112184524536 3.596193313598633 6.746824741363525 0.9662964344024658 3.6053991317749023 5.9438042640686035 1.3687260150909424 3.7869858741760254 6.049352645874023 1.3184560537338257 3.7961835861206055 6.154872417449951 1.2681928873062134 3.8053784370422363 6.260386943817139 1.2179136276245117 3.8145923614501953 6.365878105163574 1.1676363945007324 3.8238091468811035 6.471375942230225 1.1173443794250488 3.8330345153808594 6.576878070831299 1.0670645236968994 3.842255115509033 6.682376384735107 1.0167570114135742 3.85148286819458 6.787873268127441 0.9664663672447205 3.860706329345703 5.984278678894043 1.3687775135040283 4.0423583984375 6.0899977684021 1.318519949913025 4.051569938659668 6.195669174194336 1.2682533264160156 4.060781955718994 6.301323413848877 1.2179946899414062 4.070003986358643 6.406972885131836 1.167731761932373 4.079230308532715 6.512609004974365 1.1174778938293457 4.088453769683838 6.618243217468262 1.0671964883804321 4.0976786613464355 6.723867893218994 1.0169346332550049 4.10691499710083 6.829473495483398 0.9666486382484436 4.116142272949219 6.024824142456055 1.3688462972640991 4.297806739807129 6.130728244781494 1.3186030387878418 4.307031631469727 6.2366156578063965 1.2683613300323486 4.3162617683410645 6.342482566833496 1.218108057975769 4.325499057769775 6.448326587677002 1.1678770780563354 4.334746360778809 6.554173469543457 1.1176085472106934 4.343999862670898 6.659998416900635 1.0673677921295166 4.353241443634033 6.7658209800720215 1.0170798301696777 4.362476348876953 6.871636390686035 0.966804563999176 4.371723651885986 6.065478801727295 1.3688857555389404 4.553318500518799 6.171628475189209 1.318627119064331 4.562560081481934 6.277750492095947 1.2683875560760498 4.57180643081665 6.383846282958984 1.2181545495986938 4.5810627937316895 6.48992395401001 1.1679104566574097 4.5903215408325195 6.595972537994385 1.1176869869232178 4.599576473236084 6.7020182609558105 1.06744384765625 4.60883903503418 6.808048725128174 1.0172003507614136 4.61810302734375 6.914063453674316 0.9669236540794373 4.627363204956055 6.106113433837891 1.3688762187957764 4.808765888214111 6.212484359741211 1.3186582326889038 4.818048477172852 6.318822860717773 1.2684133052825928 4.827333927154541 6.425143718719482 1.2181675434112549 4.836620330810547 6.531447410583496 1.1679269075393677 4.845898151397705 6.6377458572387695 1.1176750659942627 4.855183124542236 6.744030952453613 1.0674456357955933 4.864480018615723 6.850324630737305 1.0171940326690674 4.873786926269531 6.9566450119018555 0.9669413566589355 4.883096694946289 6.146700859069824 1.3688948154449463 5.064233779907227 6.253290176391602 1.3186359405517578 5.073519229888916 6.359865188598633 1.2683954238891602 5.082814693450928 6.466400146484375 1.2181447744369507 5.09211540222168 6.572946548461914 1.1679154634475708 5.101418495178223 6.679471015930176 1.1176762580871582 5.1107378005981445 6.785995960235596 1.0674101114273071 5.120048999786377 6.8925347328186035 1.017156958580017 5.129360198974609 6.999053478240967 0.9668936729431152 5.138676166534424 6.187221527099609 1.3689026832580566 5.3197221755981445 6.29401159286499 1.318636178970337 5.329046249389648 6.400787353515625 1.2684062719345093 5.338362693786621 6.5075507164001465 1.2181501388549805 5.347689151763916 6.6143083572387695 1.167871117591858 5.357022285461426 6.721072673797607 1.117613673210144 5.366346836090088 6.827828884124756 1.0673547983169556 5.375683307647705 6.934577465057373 1.017091155052185 5.385031223297119 7.041326522827148 0.9668086767196655 5.394378185272217 6.227670669555664 1.3688970804214478 5.575155258178711 6.3346428871154785 1.318655014038086 5.584488391876221 6.441606044769287 1.268367052078247 5.593830585479736 6.548543453216553 1.2181198596954346 5.603175163269043 6.65548849105835 1.1678434610366821 5.612525463104248 6.762425899505615 1.1175734996795654 5.62187385559082 6.869374752044678 1.0673149824142456 5.631232261657715 6.97631311416626 1.0170543193817139 5.640593528747559 7.083277702331543 0.9667711853981018 5.649964809417725 6.268070220947266 1.3688956499099731 5.830555438995361 6.375190734863281 1.3186314105987549 5.839898586273193 6.482290267944336 1.2683861255645752 5.849245071411133 6.589385032653809 1.218108892440796 5.858598709106445 6.696478843688965 1.1678471565246582 5.8679633140563965 6.80357027053833 1.1176011562347412 5.877335071563721 6.910673141479492 1.067321538925171 5.886695861816406 7.017786502838135 1.0170478820800781 5.896060466766357 7.1249098777771 0.9667701721191406 5.905420780181885 6.30840539932251 1.3689018487930298 6.085805892944336 6.415651321411133 1.3186519145965576 6.095160961151123 6.52289342880249 1.2683963775634766 6.104526042938232 6.630128383636475 1.218146562576294 6.113892555236816 6.737335205078125 1.1679043769836426 6.123262882232666 6.844551086425781 1.117640733718872 6.1326398849487305 6.95177698135376 1.0673863887786865 6.142031669616699 7.059012413024902 1.0171043872833252 6.151416778564453 7.166252613067627 0.966805100440979 6.160810947418213 6.348691940307617 1.3689521551132202 6.341001510620117 6.456089973449707 1.3186992406845093 6.350356578826904 6.56342887878418 1.2684555053710938 6.359724998474121 6.670769214630127 1.218197226524353 6.3690924644470215 6.778113842010498 1.167928695678711 6.3784685134887695 6.885441780090332 1.117689609527588 6.387848854064941 6.992773056030273 1.0674124956130981 6.39723539352417 7.1000847816467285 1.0171524286270142 6.406624794006348 7.207406044006348 0.9668978452682495 6.416007041931152 6.389012336730957 1.3689372539520264 6.596080303192139 6.496466636657715 1.3187183141708374 6.605441093444824 6.603917598724365 1.268484354019165 6.614806652069092 6.711353302001953 1.218245506286621 6.624181747436523 6.81876277923584 1.1679853200912476 6.6335554122924805 6.926184177398682 1.1177259683609009 6.642943859100342 7.033600330352783 1.06748628616333 6.65232515335083 7.141010284423828 1.0172606706619263 6.661707401275635 7.248432159423828 0.966995894908905 6.671103477478027 6.429234027862549 1.3689265251159668 6.851006984710693 6.536806583404541 1.3187129497528076 6.860385417938232 6.644327163696289 1.2684741020202637 6.869768142700195 6.751852989196777 1.2182666063308716 6.879150390625 6.859346389770508 1.1680458784103394 6.888539791107178 6.966836452484131 1.1178120374679565 6.897922992706299 7.074329853057861 1.0675779581069946 6.907309532165527 7.181795597076416 1.0173213481903076 6.916708946228027 7.289271354675293 0.9670816659927368 6.9261064529418945 6.469366073608398 1.3689007759094238 7.105825901031494 6.576990127563477 1.3187029361724854 7.115187644958496 6.68459939956665 1.2684873342514038 7.124568462371826 6.792168140411377 1.2182713747024536 7.133962154388428 6.899754524230957 1.1680538654327393 7.143355369567871 7.007311820983887 1.1178545951843262 7.15275239944458 7.114847660064697 1.0676223039627075 7.162161827087402 7.222413539886475 1.01740562915802 7.17156457901001 7.329985618591309 0.9671892523765564 7.180974006652832 6.5095038414001465 1.3689024448394775 7.360560894012451 6.617197513580322 1.3187071084976196 7.369942665100098 6.724843978881836 1.2685199975967407 7.3793206214904785 6.832498550415039 1.21830153465271 7.388709545135498 6.940107822418213 1.168100118637085 7.398109436035156 7.047721862792969 1.1179112195968628 7.407501220703125 7.155342102050781 1.0677077770233154 7.416896820068359 7.262938022613525 1.0175013542175293 7.42629861831665 7.370548248291016 0.9673035740852356 7.43569803237915 6.549686431884766 1.3689002990722656 7.615246772766113 6.6574273109436035 1.3187474012374878 7.624617576599121 6.765153408050537 1.268568515777588 7.634007453918457 6.872841835021973 1.218393325805664 7.6434006690979 6.98053503036499 1.1682292222976685 7.652790546417236 7.0882158279418945 1.1180474758148193 7.662196159362793 7.195883274078369 1.0678592920303345 7.671587944030762 7.303561210632324 1.017707109451294 7.6809821128845215 7.411211013793945 0.9675105214118958 7.690381050109863 6.589839935302734 1.368897557258606 7.869811058044434 6.69768762588501 1.3187211751937866 7.879218101501465 6.805493354797363 1.2685800790786743 7.888625621795654 6.913302898406982 1.2184398174285889 7.898036956787109 7.021094799041748 1.1682883501052856 7.907451152801514 7.128873825073242 1.1181440353393555 7.91685676574707 7.236658096313477 1.068007469177246 7.926271438598633 7.344430923461914 1.0178425312042236 7.935688495635986 7.452205181121826 0.9676809310913086 7.945109844207764 6.6299333572387695 1.3687974214553833 8.124208450317383 6.737849712371826 1.3186815977096558 8.133645057678223 6.845769882202148 1.2685565948486328 8.14307975769043 6.953677177429199 1.2184169292449951 8.152509689331055 7.06157922744751 1.168272614479065 8.16195011138916 7.169475555419922 1.1181623935699463 8.171396255493164 7.277379035949707 1.0680315494537354 8.180831909179688 7.3852691650390625 1.0179121494293213 8.190272331237793 7.493161678314209 0.9677700996398926 8.19970989227295 6.852250576019287 0.907823920249939 3.509183168411255 6.893357276916504 0.9078960418701172 3.7644290924072266 6.935070991516113 0.9079439043998718 4.019761085510254 6.977435111999512 0.9080085158348083 4.275162220001221 7.020073890686035 0.9080869555473328 4.530613899230957 7.062957763671875 0.9081377983093262 4.786078929901123 7.105587959289551 0.9080960750579834 5.041475296020508 7.148080825805664 0.9080597162246704 5.296957015991211 7.190245628356934 0.9080841541290283 5.552359580993652 7.232036590576172 0.9081491231918335 5.807669162750244 7.273502826690674 0.9082624912261963 6.062928199768066 7.314732074737549 0.9083895087242126 6.318057537078857 7.355841636657715 0.9085448980331421 6.573075771331787 7.396751403808594 0.908684492111206 6.828001022338867 7.437558650970459 0.9088267683982849 7.082803249359131 7.478122234344482 0.9089788794517517 7.337510585784912 7.518863201141357 0.9091485738754272 7.592123508453369 7.559961318969727 0.9092908501625061 7.846748352050781 7.601068019866943 0.9094694256782532 8.101235389709473 6.8522562980651855 0.8996753692626953 3.4037697315216064 6.893355846405029 0.8996443152427673 3.658937931060791 6.935068607330322 0.8996041417121887 3.914155960083008 6.9774322509765625 0.8996009826660156 4.169349670410156 7.02007532119751 0.8996500372886658 4.42459774017334 7.062961578369141 0.8996924161911011 4.67978048324585 7.105602741241455 0.8996677398681641 4.934939384460449 7.148066997528076 0.8996998071670532 5.190192222595215 7.190237998962402 0.8997617363929749 5.445399284362793 7.232034683227539 0.8998925685882568 5.700538158416748 7.273492813110352 0.9000523090362549 5.9556884765625 7.3147172927856445 0.9002071619033813 6.210712909698486 7.355832576751709 0.9003639221191406 6.465648651123047 7.396728992462158 0.9005445241928101 6.720524787902832 7.43755578994751 0.900721549987793 6.975224018096924 7.47810697555542 0.9008599519729614 7.22991943359375 7.5188398361206055 0.9009991884231567 7.4844746589660645 7.559959888458252 0.9011330604553223 7.738971710205078 7.601044654846191 0.9013206362724304 7.993351936340332 6.678540229797363 1.3448047637939453 8.109701156616211 6.787241458892822 1.2946321964263916 8.123594284057617 6.895943641662598 1.2444753646850586 8.137494087219238 7.004636287689209 1.1943163871765137 8.151398658752441 7.113320350646973 1.144160509109497 8.165297508239746 7.222017765045166 1.0940182209014893 8.179195404052734 7.330711364746094 1.0438854694366455 8.193090438842773 7.439414978027344 0.9937372207641602 8.206995010375977 7.548115253448486 0.9436001181602478 8.220890045166016 6.6865081787109375 1.3448066711425781 8.160530090332031 6.795214653015137 1.294642686843872 8.174422264099121 6.903923511505127 1.2444798946380615 8.188314437866211 7.0126237869262695 1.1943271160125732 8.202220916748047 7.121309280395508 1.144183874130249 8.216129302978516 7.22999906539917 1.0940450429916382 8.230027198791504 7.338703155517578 1.0439032316207886 8.243921279907227 7.447402000427246 0.9937623739242554 8.257828712463379 7.5561137199401855 0.9436274170875549 8.271742820739746 6.69449520111084 1.360792875289917 8.427422523498535 6.803188800811768 1.3106303215026855 8.441312789916992 6.911959648132324 1.2605268955230713 8.455223083496094 7.020701885223389 1.2103703022003174 8.469111442565918 7.129362106323242 1.1602156162261963 8.482975959777832 7.238036155700684 1.1100690364837646 8.496865272521973 7.3467583656311035 1.0599443912506104 8.510786056518555 7.455448627471924 1.0097850561141968 8.524714469909668 7.564147472381592 0.9596660733222961 8.538617134094238 6.694504737854004 1.3528027534484863 8.319395065307617 6.8032026290893555 1.3026502132415771 8.333298683166504 6.911936283111572 1.2524847984313965 8.34717845916748 7.020656585693359 1.2023839950561523 8.361084938049316 7.129339218139648 1.1521809101104736 8.375008583068848 7.238009929656982 1.1020764112472534 8.388898849487305 7.346724510192871 1.0519129037857056 8.402789115905762 7.455426216125488 1.0018043518066406 8.41671085357666 7.564146995544434 0.9516642093658447 8.430595397949219 6.678544998168945 1.3687543869018555 8.433728218078613 6.78726053237915 1.3186382055282593 8.447638511657715 6.895983695983887 1.268477439880371 8.46151351928711 7.004683494567871 1.2183914184570312 8.475397109985352 7.11336612701416 1.1682333946228027 8.489280700683594 7.222017765045166 1.1181081533432007 8.50318717956543 7.330732345581055 1.0679553747177124 8.51709270477295 7.439428329467773 1.0178229808807373 8.531012535095215 7.548154354095459 0.9676786065101624 8.544939041137695 6.6865105628967285 1.36879563331604 8.484621047973633 6.795234203338623 1.3186389207839966 8.498488426208496 6.903982639312744 1.268474817276001 8.512372970581055 7.012683868408203 1.2184064388275146 8.526240348815918 7.121323108673096 1.1682333946228027 8.540133476257324 7.23001766204834 1.1180789470672607 8.554027557373047 7.338754653930664 1.0679562091827393 8.56795883178711 7.447465419769287 1.0177809000015259 8.581871032714844 7.556125640869141 0.9676313400268555 8.595786094665527 7.6569342613220215 0.9094944000244141 8.45081901550293 7.664851188659668 0.9095280170440674 8.501646995544434 7.656885623931885 0.9014931917190552 8.342816352844238 7.664851188659668 0.9015109539031982 8.39363956451416 5.838342666625977 1.3039883375167847 2.2663626670837402 5.943059921264648 1.2530332803726196 2.261885404586792 6.047758102416992 1.202048897743225 2.2574191093444824 6.152482986450195 1.151066541671753 2.2529585361480713 6.2571916580200195 1.1000840663909912 2.248504161834717 6.361880302429199 1.0491092205047607 2.244051933288574 6.466601371765137 0.9981399178504944 2.2396061420440674 6.571310997009277 0.9471683502197266 2.235159397125244 6.676021099090576 0.8961955904960632 2.2307069301605225 5.8383660316467285 1.2641397714614868 1.7394580841064453 5.943058490753174 1.2132717370986938 1.7349939346313477 6.047733306884766 1.1624019145965576 1.730543613433838 6.152405261993408 1.1115260124206543 1.7261006832122803 6.257112503051758 1.06064772605896 1.721660852432251 6.361800193786621 1.009748935699463 1.7172179222106934 6.466463088989258 0.9588650465011597 1.7127678394317627 6.571169853210449 0.9079809188842773 1.7083237171173096 6.67585563659668 0.8571007251739502 1.703890323638916 5.838387966156006 1.2243247032165527 1.2127842903137207 5.94303560256958 1.1735743284225464 1.208317518234253 6.047667503356934 1.122793197631836 1.2038600444793701 6.152310371398926 1.0720094442367554 1.1994085311889648 6.2569451332092285 1.0212045907974243 1.1949667930603027 6.361573696136475 0.9704185128211975 1.1905338764190674 6.466204643249512 0.9196083545684814 1.1861069202423096 6.570835590362549 0.8687865734100342 1.1816823482513428 6.675464153289795 0.8179649114608765 1.177262544631958 5.838396072387695 1.1845494508743286 0.6864731311798096 5.942986488342285 1.133866548538208 0.6819962859153748 6.04757833480835 1.0831570625305176 0.6775319576263428 6.152154922485352 1.0324337482452393 0.6730828881263733 6.256713390350342 0.9817107915878296 0.6686505079269409 6.36129093170166 0.9309550523757935 0.664228081703186 6.465871334075928 0.8802211880683899 0.6598119139671326 6.570444107055664 0.8294789791107178 0.6554057002067566 6.67503023147583 0.7787412405014038 0.6510047912597656 5.838412761688232 1.1447224617004395 0.16044700145721436 5.942925453186035 1.0941236019134521 0.15599116683006287 6.047456741333008 1.043511152267456 0.1515454351902008 6.151997089385986 0.992877721786499 0.1471078097820282 6.2565155029296875 0.9422206282615662 0.142666757106781 6.361055374145508 0.8915541768074036 0.13823196291923523 6.465563774108887 0.840877115726471 0.13381287455558777 6.570079803466797 0.7901816964149475 0.1294076144695282 6.674576759338379 0.7395009398460388 0.12500938773155212 5.838386058807373 1.1049350500106812 -0.36520373821258545 5.942875385284424 1.0544233322143555 -0.3696475625038147 6.047339916229248 1.003899097442627 -0.3740912079811096 6.151845932006836 0.9533494114875793 -0.3785325288772583 6.256319046020508 0.902771532535553 -0.38295674324035645 6.360804080963135 0.8521732687950134 -0.38737058639526367 6.4652814865112305 0.8015745878219604 -0.3917793035507202 6.569743633270264 0.7509749531745911 -0.39619043469429016 6.674218654632568 0.7003710865974426 -0.4006088376045227 5.838364601135254 1.0651090145111084 -0.890568733215332 5.94279670715332 1.0146775245666504 -0.8950067758560181 6.047260284423828 0.9642413854598999 -0.8994346857070923 6.15167760848999 0.9137794971466064 -0.9038577079772949 6.25610876083374 0.8633251786231995 -0.9082813858985901 6.3605475425720215 0.8128519654273987 -0.9126946330070496 6.464991569519043 0.7623738646507263 -0.9170941710472107 6.569425582885742 0.7118788361549377 -0.92148756980896 6.673848628997803 0.6613873243331909 -0.9258704781532288 5.838395118713379 1.0253474712371826 -1.415700078010559 5.942783832550049 0.974993884563446 -1.4201425313949585 6.047147274017334 0.9246224164962769 -1.4245684146881104 6.151543617248535 0.8742454648017883 -1.4289807081222534 6.255946159362793 0.8238556981086731 -1.433393120765686 6.360326290130615 0.7734773755073547 -1.4378060102462769 6.464710712432861 0.723095178604126 -1.4422097206115723 6.569079399108887 0.6726979613304138 -1.446600317955017 6.673471450805664 0.6222972273826599 -1.4509841203689575 5.838378429412842 0.9855436086654663 -1.9406667947769165 5.94273042678833 0.9352595210075378 -1.9450840950012207 6.047102928161621 0.8849644660949707 -1.9494985342025757 6.1514458656311035 0.8346730470657349 -1.9539082050323486 6.2558112144470215 0.7843722701072693 -1.9583005905151367 6.3601579666137695 0.7340618968009949 -1.9626797437667847 6.46451473236084 0.6837731003761292 -1.9670517444610596 6.568862438201904 0.6334747076034546 -1.9714329242706299 6.673184871673584 0.583193302154541 -1.9758105278015137 5.8383917808532715 0.9458184838294983 -2.4654219150543213 5.942718029022217 0.8956340551376343 -2.469830274581909 6.047054767608643 0.8454349637031555 -2.474233388900757 6.151396751403809 0.7952141761779785 -2.4786171913146973 6.255716800689697 0.7450085282325745 -2.483001947402954 6.360034465789795 0.6948082447052002 -2.487388849258423 6.464374542236328 0.644607663154602 -2.4917800426483154 6.568695068359375 0.5944021940231323 -2.496161699295044 6.672994136810303 0.5442019701004028 -2.50054669380188 5.838388442993164 0.9061334729194641 -2.9900505542755127 5.942702293395996 0.8560444712638855 -2.994438648223877 6.047023773193359 0.8059456944465637 -2.9988272190093994 6.151324272155762 0.7558404803276062 -3.0032153129577637 6.255645275115967 0.7057467103004456 -3.0075955390930176 6.359963893890381 0.6556521654129028 -3.0119667053222656 6.464271068572998 0.6055574417114258 -3.0163309574127197 6.568546772003174 0.5554639101028442 -3.0207059383392334 6.672845363616943 0.5053715705871582 -3.0250911712646484 5.8383870124816895 0.8664880394935608 -3.5145256519317627 5.942703723907471 0.8165044784545898 -3.5189013481140137 6.046995639801025 0.7665402889251709 -3.5232746601104736 6.151305675506592 0.716579258441925 -3.5276410579681396 6.255614280700684 0.6666085720062256 -3.5320098400115967 6.359930992126465 0.6166321039199829 -3.5363926887512207 6.464215278625488 0.5666466951370239 -3.5407636165618896 6.568511962890625 0.5166759490966797 -3.545128583908081 6.6727705001831055 0.46668875217437744 -3.549481153488159 5.838410377502441 0.8268833160400391 -4.038865089416504 5.942703723907471 0.777064323425293 -4.043208122253418 6.046998500823975 0.727245569229126 -4.047565937042236 6.151315689086914 0.6774290800094604 -4.051923751831055 6.255622863769531 0.6276130080223083 -4.056283950805664 6.359902858734131 0.5777945518493652 -4.060632228851318 6.464200019836426 0.5279787182807922 -4.065003395080566 6.5684661865234375 0.4781602621078491 -4.069370269775391 6.672728061676025 0.42834123969078064 -4.073737144470215 5.838409900665283 0.7872872948646545 -4.5631184577941895 5.94271993637085 0.7376168370246887 -4.567458629608154 6.047022819519043 0.6879458427429199 -4.57179069519043 6.151322841644287 0.638288140296936 -4.576129913330078 6.255614757537842 0.5886404514312744 -4.580466270446777 6.359926223754883 0.5390043258666992 -4.584808349609375 6.464203834533691 0.48936018347740173 -4.589145183563232 6.5684943199157715 0.439714640378952 -4.59348726272583 6.672755718231201 0.3900708556175232 -4.597835063934326 5.83844518661499 0.7477191686630249 -5.087441444396973 5.942754745483398 0.6981854438781738 -5.0917439460754395 6.047060966491699 0.6486870646476746 -5.096053600311279 6.151388645172119 0.5992007255554199 -5.100368022918701 6.255690574645996 0.54973304271698 -5.104682922363281 6.360005855560303 0.5002750158309937 -5.1090006828308105 6.464297771453857 0.4508233070373535 -5.11332893371582 6.568591117858887 0.4013707935810089 -5.117656230926514 6.672874450683594 0.35191428661346436 -5.121983528137207 5.838469982147217 0.7082301378250122 -5.611782550811768 5.942789077758789 0.658898115158081 -5.616090774536133 6.047140121459961 0.609571099281311 -5.620391368865967 6.151446342468262 0.5602579116821289 -5.624695301055908 6.255777359008789 0.5109548568725586 -5.62899923324585 6.360107898712158 0.46166589856147766 -5.633312225341797 6.4644293785095215 0.41238731145858765 -5.63762092590332 6.568721294403076 0.36311066150665283 -5.641944408416748 6.673013210296631 0.3138280212879181 -5.646258354187012 5.838501930236816 0.6687395572662354 -6.136388778686523 5.942849636077881 0.6195406913757324 -6.140660285949707 6.047166347503662 0.5703780651092529 -6.144944667816162 6.15150785446167 0.5212312936782837 -6.1492438316345215 6.255833625793457 0.4721051752567291 -6.1535468101501465 6.360177516937256 0.4229736924171448 -6.157844066619873 6.4645209312438965 0.3738419711589813 -6.162150859832764 6.568865776062012 0.32472702860832214 -6.166454792022705 6.673186302185059 0.2756043076515198 -6.170768737792969 5.838535785675049 0.629165768623352 -6.661140441894531 5.942883014678955 0.5801485776901245 -6.66541862487793 6.047245502471924 0.5311453342437744 -6.669694900512695 6.151573181152344 0.48215657472610474 -6.673970699310303 6.2559285163879395 0.4331725239753723 -6.678264617919922 6.36025333404541 0.38418859243392944 -6.6825666427612305 6.464602947235107 0.33520612120628357 -6.686872959136963 6.568933010101318 0.2862084209918976 -6.691174030303955 6.673272609710693 0.23720937967300415 -6.695474624633789 5.838555335998535 0.5896232724189758 -7.185997009277344 5.942917346954346 0.5407284498214722 -7.190258026123047 6.047269821166992 0.49184927344322205 -7.194533348083496 6.151623249053955 0.4429934620857239 -7.198831558227539 6.25594425201416 0.39411163330078125 -7.203122615814209 6.360294818878174 0.3452361226081848 -7.207425117492676 6.464639186859131 0.2963469922542572 -7.2117180824279785 6.568983554840088 0.24745994806289673 -7.2160139083862305 6.673318386077881 0.19857999682426453 -7.220299243927002 5.846503257751465 0.5491629242897034 -7.671365737915039 5.950844764709473 0.49970299005508423 -7.684826374053955 6.055169582366943 0.45023980736732483 -7.698281764984131 6.15950870513916 0.4007582664489746 -7.711746692657471 6.263833522796631 0.35129648447036743 -7.7252068519592285 6.368161201477051 0.30181884765625 -7.738672733306885 6.472464084625244 0.25235217809677124 -7.752135276794434 6.576757907867432 0.20286837220191956 -7.765595436096191 6.681077480316162 0.1533852517604828 -7.779050827026367 5.854490756988525 0.5491654872894287 -7.622572898864746 5.958824634552002 0.4997017979621887 -7.636037349700928 6.063149452209473 0.4502415657043457 -7.649496078491211 6.167469024658203 0.4007681608200073 -7.662956714630127 6.2717766761779785 0.3513002395629883 -7.676426410675049 6.3760881423950195 0.3018307089805603 -7.689891815185547 6.480391025543213 0.2523579001426697 -7.70335578918457 6.5846848487854 0.2028784453868866 -7.716814041137695 6.688995838165283 0.15339824557304382 -7.730286121368408 5.862274169921875 1.3039838075637817 2.4191906452178955 5.966947555541992 1.2530314922332764 2.4147465229034424 6.071619987487793 1.2020705938339233 2.4103102684020996 6.176275253295898 1.1510937213897705 2.4058613777160645 6.280917644500732 1.1001046895980835 2.4014179706573486 6.385574817657471 1.0491299629211426 2.396969795227051 6.490258693695068 0.9981676936149597 2.39251971244812 6.594923496246338 0.9471918940544128 2.388077735900879 6.699599742889404 0.896217405796051 2.383636951446533 5.862293243408203 1.2641464471817017 1.8920097351074219 5.966897010803223 1.2132805585861206 1.8875737190246582 6.0715203285217285 1.1624104976654053 1.8831329345703125 6.176146984100342 1.111546516418457 1.878706693649292 6.280780792236328 1.0606751441955566 1.874272346496582 6.385402202606201 1.0098028182983398 1.8698368072509766 6.4900288581848145 0.9589203596115112 1.8653998374938965 6.594657897949219 0.908052384853363 1.8609693050384521 6.699307918548584 0.8571781516075134 1.8565421104431152 5.862277984619141 1.2243276834487915 1.3650211095809937 5.9668660163879395 1.1735813617706299 1.3606140613555908 6.0714497566223145 1.1228140592575073 1.3561992645263672 6.176042556762695 1.0720402002334595 1.351768970489502 6.280604839324951 1.0212507247924805 1.3473440408706665 6.385201930999756 0.9704682230949402 1.3429293632507324 6.4897990226745605 0.9196779131889343 1.338524580001831 6.594395160675049 0.8688582181930542 1.3341150283813477 6.698991775512695 0.8180446624755859 1.329696774482727 5.862295627593994 1.1845529079437256 0.8384168148040771 5.9668354988098145 1.1338882446289062 0.8340182304382324 6.0713725090026855 1.083183765411377 0.8296201229095459 6.175887584686279 1.0324699878692627 0.8252233266830444 6.280447483062744 0.9817521572113037 0.8208248615264893 6.384984493255615 0.931018054485321 0.8164150714874268 6.4895195960998535 0.8802927732467651 0.8119913339614868 6.5940632820129395 0.8295758962631226 0.8075729608535767 6.6985859870910645 0.7788621187210083 0.8031712770462036 5.862302303314209 1.1447418928146362 0.3121644854545593 5.96676778793335 1.0941425561904907 0.3077755570411682 6.071259021759033 1.043534755706787 0.3033815026283264 6.175734996795654 0.992916464805603 0.29898345470428467 6.2801947593688965 0.9422820210456848 0.29458898305892944 6.3846821784973145 0.8916255235671997 0.2902027368545532 6.4891743659973145 0.840949535369873 0.2858204245567322 6.593646049499512 0.7902625799179077 0.2814326286315918 6.698118209838867 0.7395884394645691 0.2770416736602783 5.862265586853027 1.1049249172210693 -0.21377168595790863 5.966699600219727 1.0544321537017822 -0.2181377410888672 6.0711236000061035 1.0039207935333252 -0.2225036323070526 6.175543785095215 0.9533839225769043 -0.22686901688575745 6.279976844787598 0.9028158187866211 -0.23124653100967407 6.384404182434082 0.8522439002990723 -0.23563499748706818 6.48880672454834 0.8016512393951416 -0.24002687633037567 6.59323263168335 0.7510600686073303 -0.2444208413362503 6.697652339935303 0.7004719972610474 -0.2488173097372055 5.862233638763428 1.0651309490203857 -0.7393580079078674 5.966616630554199 1.0147018432617188 -0.7437371015548706 6.071008682250977 0.964260458946228 -0.7481300830841064 6.175387859344482 0.9138138890266418 -0.7525164484977722 6.279774188995361 0.8633714914321899 -0.7569053173065186 6.384156227111816 0.8128998279571533 -0.7612910270690918 6.488519191741943 0.7624345421791077 -0.7656811475753784 6.592911720275879 0.7119615077972412 -0.7700709700584412 6.697290420532227 0.6614786982536316 -0.7744545340538025 5.862241268157959 1.0253517627716064 -1.264740228652954 5.96660041809082 0.975010335445404 -1.2691097259521484 6.070927143096924 0.9246494770050049 -1.2734904289245605 6.1752705574035645 0.8742859959602356 -1.277874231338501 6.279612064361572 0.8239046335220337 -1.2822614908218384 6.383942127227783 0.7735381126403809 -1.2866544723510742 6.488296985626221 0.7231613993644714 -1.291048526763916 6.592617988586426 0.6727779507637024 -1.2954330444335938 6.696946620941162 0.6223876476287842 -1.2998294830322266 5.862215995788574 0.9855507016181946 -1.7899030447006226 5.966531753540039 0.9352684617042542 -1.7942664623260498 6.070835113525391 0.8849787712097168 -1.7986427545547485 6.17514705657959 0.8346892595291138 -1.8030307292938232 6.279448986053467 0.7843970656394958 -1.8074162006378174 6.383763790130615 0.7340977787971497 -1.8118067979812622 6.4880571365356445 0.6838127374649048 -1.8161956071853638 6.592360496520996 0.6335338354110718 -1.820586085319519 6.696652412414551 0.583250880241394 -1.8249765634536743 5.862192630767822 0.9458397030830383 -2.3149070739746094 5.966465473175049 0.8956537842750549 -2.319281816482544 6.070757865905762 0.8454623818397522 -2.3236653804779053 6.175026893615723 0.7952463626861572 -2.3280410766601562 6.279297828674316 0.7450408935546875 -2.3324215412139893 6.383565425872803 0.6948443651199341 -2.3368120193481445 6.487834930419922 0.6446471214294434 -2.3411900997161865 6.592097282409668 0.5944567322731018 -2.34556245803833 6.696359157562256 0.5442525148391724 -2.349924087524414 5.862185001373291 0.9061360359191895 -2.8397977352142334 5.966416835784912 0.8560481667518616 -2.8441667556762695 6.070656776428223 0.8059528470039368 -2.848538398742676 6.1749162673950195 0.7558724880218506 -2.8529245853424072 6.279165267944336 0.7057681679725647 -2.8573057651519775 6.383402347564697 0.6556820869445801 -2.8616812229156494 6.4876604080200195 0.6055971384048462 -2.8660593032836914 6.591895580291748 0.55550217628479 -2.8704285621643066 6.69611120223999 0.5054221749305725 -2.8747987747192383 5.862141132354736 0.8664996027946472 -3.364619016647339 5.966362953186035 0.8165298104286194 -3.3690011501312256 6.070601463317871 0.7665603756904602 -3.3733794689178467 6.174831390380859 0.7165862321853638 -3.3777434825897217 6.279042720794678 0.6666183471679688 -3.382112979888916 6.383258819580078 0.6166460514068604 -3.38647198677063 6.487471103668213 0.5666670799255371 -3.3908350467681885 6.591702461242676 0.5166865587234497 -3.395197629928589 6.695918560028076 0.466708242893219 -3.3995590209960938 5.862143516540527 0.8268877863883972 -3.8893344402313232 5.96636962890625 0.7770668864250183 -3.89371657371521 6.070574760437012 0.7272568941116333 -3.898092269897461 6.174764633178711 0.6774449348449707 -3.9024624824523926 6.278972148895264 0.6276184916496277 -3.906815767288208 6.383180618286133 0.5778005719184875 -3.9111764430999756 6.487379550933838 0.527991771697998 -3.9155325889587402 6.59158182144165 0.478178471326828 -3.91988468170166 6.6957597732543945 0.42835167050361633 -3.92423415184021 5.862161636352539 0.7872905135154724 -4.414043426513672 5.966373920440674 0.737618625164032 -4.418416976928711 6.070568561553955 0.6879435777664185 -4.422781944274902 6.174778938293457 0.6382813453674316 -4.42714262008667 6.278972148895264 0.5886451601982117 -4.431511878967285 6.383176803588867 0.5389992594718933 -4.4358720779418945 6.487370014190674 0.48934638500213623 -4.440225124359131 6.591554641723633 0.43970179557800293 -4.444573402404785 6.695743560791016 0.39005887508392334 -4.448912143707275 5.862143516540527 0.7477126121520996 -4.938792705535889 5.966363906860352 0.6981801986694336 -4.943164825439453 6.070578098297119 0.6486881971359253 -4.947533130645752 6.1747727394104 0.5992041826248169 -4.951899528503418 6.278992176055908 0.5497177839279175 -4.9562506675720215 6.383188247680664 0.500259518623352 -4.960597038269043 6.487401008605957 0.45080506801605225 -4.9649434089660645 6.591577529907227 0.40133875608444214 -4.969282150268555 6.695801258087158 0.3518855571746826 -4.973634243011475 5.8621506690979 0.708243727684021 -5.463679313659668 5.966379642486572 0.658900797367096 -5.4680495262146 6.070621967315674 0.6095666885375977 -5.472405433654785 6.174842357635498 0.5602469444274902 -5.476755142211914 6.279041767120361 0.5109377503395081 -5.481095314025879 6.383269309997559 0.4616440236568451 -5.485431671142578 6.487497329711914 0.4123413562774658 -5.489758014678955 6.591744899749756 0.36306095123291016 -5.494085788726807 6.695956230163574 0.31378084421157837 -5.498408794403076 5.862241744995117 0.6687154769897461 -5.988758087158203 5.966463088989258 0.6195449829101562 -5.993104457855225 6.070712566375732 0.5703784823417664 -5.997445583343506 6.17494010925293 0.5212244391441345 -6.001773357391357 6.279198169708252 0.4720905125141144 -6.006105899810791 6.383442401885986 0.4229466915130615 -6.01043176651001 6.487690448760986 0.37381112575531006 -6.014747142791748 6.591917514801025 0.32468727231025696 -6.0190606117248535 6.696195602416992 0.2755608856678009 -6.023377418518066 5.862289905548096 0.6291724443435669 -6.513984203338623 5.966545581817627 0.5801446437835693 -6.518325328826904 6.070805549621582 0.5311452150344849 -6.522651195526123 6.175054550170898 0.48214665055274963 -6.52697229385376 6.279324531555176 0.4331543445587158 -6.531282901763916 6.383589267730713 0.3841724693775177 -6.535583019256592 6.487853527069092 0.33518120646476746 -6.539881229400635 6.5921244621276855 0.2861805558204651 -6.544175624847412 6.696407318115234 0.23717725276947021 -6.548476219177246 5.862359046936035 0.5896025896072388 -7.039277076721191 5.966635704040527 0.5407180786132812 -7.043582916259766 6.070919990539551 0.49184978008270264 -7.047885894775391 6.175206661224365 0.44297540187835693 -7.052183151245117 6.279487133026123 0.39410483837127686 -7.056469917297363 6.383761882781982 0.34521934390068054 -7.060755729675293 6.488048553466797 0.2963384687900543 -7.065049171447754 6.5923309326171875 0.24744167923927307 -7.069339275360107 6.6966071128845215 0.1985446959733963 -7.073634147644043 6.7885918617248535 0.8452122807502747 2.2772445678710938 6.796473026275635 0.8452277183532715 2.3282203674316406 6.788352012634277 0.8062441945075989 1.7503561973571777 6.796180248260498 0.8062682747840881 1.8012373447418213 6.787931442260742 0.7671722173690796 1.2236747741699219 6.795792102813721 0.7672184705734253 1.2744814157485962 6.787426471710205 0.7280553579330444 0.6973229050636292 6.795276641845703 0.7280853986740112 0.748047947883606 6.786925315856934 0.6888518333435059 0.17129549384117126 6.794775485992432 0.688883900642395 0.22197765111923218 6.786452770233154 0.6497849225997925 -0.3543979227542877 6.79429817199707 0.6498295068740845 -0.3038027882575989 6.786032199859619 0.6109470129013062 -0.879776656627655 6.793861389160156 0.6109825968742371 -0.8293078541755676 6.785636901855469 0.5719411373138428 -1.4049795866012573 6.793464660644531 0.5719643831253052 -1.3545969724655151 6.785294532775879 0.5329221487045288 -1.9298985004425049 6.793136119842529 0.5329577922821045 -1.8796236515045166 6.785048007965088 0.4940115809440613 -2.4547200202941895 6.792839527130127 0.49402734637260437 -2.40450119972229 6.784831523895264 0.45527854561805725 -2.9793522357940674 6.7926106452941895 0.4552984833717346 -2.9292666912078857 6.78471565246582 0.4167132079601288 -3.503873109817505 6.792442798614502 0.4167250990867615 -3.4538896083831787 6.784611225128174 0.37851548194885254 -4.028246879577637 6.79232120513916 0.37852221727371216 -3.9784140586853027 6.784602642059326 0.3404181897640228 -4.552546977996826 6.792285919189453 0.340411901473999 -4.502897262573242 6.784721374511719 0.3024511933326721 -5.07687520980835 6.792402744293213 0.30244332551956177 -5.027426242828369 6.784912109375 0.26453712582588196 -5.601315498352051 6.792562484741211 0.26451581716537476 -5.552028179168701 6.785135269165039 0.2264648973941803 -6.1259541511535645 6.7928338050842285 0.22645777463912964 -6.076824188232422 6.785284042358398 0.1882007122039795 -6.650763988494873 6.793001174926758 0.18819428980350494 -6.601776123046875 6.785382270812988 0.1496964395046234 -7.175696849822998 6.793169021606445 0.14969274401664734 -7.126805782318115 6.670556545257568 1.3042831420898438 7.509270668029785 6.779220104217529 1.253436803817749 7.5137038230896 6.887896537780762 1.2025730609893799 7.5181474685668945 6.996563911437988 1.1517162322998047 7.5226030349731445 7.105234146118164 1.100854754447937 7.527059078216553 7.213911056518555 1.0500075817108154 7.531527042388916 7.322573184967041 0.99917072057724 7.5359978675842285 7.431268215179443 0.948335587978363 7.540475845336914 7.539958953857422 0.8975096940994263 7.5449538230896 6.6705241203308105 1.2644327878952026 6.969298362731934 6.779172420501709 1.2136203050613403 6.973756790161133 6.887792110443115 1.1628186702728271 6.978211402893066 6.996455669403076 1.1119911670684814 6.982663154602051 7.105098247528076 1.0611685514450073 6.98712158203125 7.213741779327393 1.010345697402954 6.9915971755981445 7.322396755218506 0.9595245718955994 6.996072292327881 7.431058406829834 0.9087162613868713 7.000545024871826 7.539730072021484 0.8579185605049133 7.005013942718506 6.670456409454346 1.2245965003967285 6.429599285125732 6.779057502746582 1.173828125 6.434075832366943 6.887700080871582 1.1230745315551758 6.438546657562256 6.9963059425354 1.0723459720611572 6.4430131912231445 7.104901313781738 1.0216001272201538 6.447474002838135 7.213528633117676 0.9708511829376221 6.451927661895752 7.322165012359619 0.9200935959815979 6.4563775062561035 7.430782318115234 0.8693466186523438 6.460838317871094 7.53939962387085 0.8185829520225525 6.465308666229248 6.670431613922119 1.1847596168518066 5.890228271484375 6.779000282287598 1.1340680122375488 5.894696235656738 6.887531280517578 1.0833966732025146 5.8991594314575195 6.996100425720215 1.0327403545379639 5.903627395629883 7.10467004776001 0.9820869565010071 5.908096790313721 7.2132391929626465 0.9314396977424622 5.912574768066406 7.321807384490967 0.8808022737503052 5.917053699493408 7.430380344390869 0.8301644325256348 5.921527862548828 7.538947582244873 0.7795166373252869 5.9260053634643555 6.670407772064209 1.144990086555481 5.3512396812438965 6.778909206390381 1.094369888305664 5.3556976318359375 6.8874101638793945 1.0437580347061157 5.360158443450928 6.995885848999023 0.9931424856185913 5.364623546600342 7.104392051696777 0.9425434470176697 5.369090557098389 7.212879180908203 0.8919612169265747 5.373547554016113 7.321361064910889 0.841394305229187 5.378016471862793 7.429845333099365 0.7908148765563965 5.382493019104004 7.538336277008057 0.7402716875076294 5.386971473693848 6.670354843139648 1.1051735877990723 4.812567234039307 6.778819561004639 1.0546073913574219 4.817016124725342 6.887251853942871 1.0040628910064697 4.821455001831055 6.995678424835205 0.9535321593284607 4.825890064239502 7.1041059494018555 0.9029904007911682 4.830331325531006 7.212533950805664 0.8524397015571594 4.834782123565674 7.32095193862915 0.8018972873687744 4.839240074157715 7.429355144500732 0.751361608505249 4.843696117401123 7.537772178649902 0.7008067965507507 4.8481645584106445 6.670370578765869 1.065344214439392 4.274265766143799 6.778750419616699 1.0148682594299316 4.278700828552246 6.887120723724365 0.9644052386283875 4.283135414123535 6.995506763458252 0.913922905921936 4.287569046020508 7.1038899421691895 0.8634449243545532 4.291999816894531 7.212238788604736 0.8129624724388123 4.296426773071289 7.320620536804199 0.7624670267105103 4.300864219665527 7.428976058959961 0.7119598388671875 4.305304050445557 7.537347793579102 0.6614365577697754 4.30974006652832 6.670339584350586 1.0256142616271973 3.7363297939300537 6.7786760330200195 0.975232720375061 3.7407541275024414 6.887001037597656 0.9248445630073547 3.745183229446411 6.995340347290039 0.8744711875915527 3.749622106552124 7.103647708892822 0.8241010308265686 3.754063129425049 7.211979866027832 0.7737250328063965 3.7585041522979736 7.320278167724609 0.723366379737854 3.7629406452178955 7.428606033325195 0.6729888916015625 3.767385244369507 7.536899566650391 0.6226003170013428 3.7718424797058105 6.6703200340271 0.9859292507171631 3.1988322734832764 6.778600692749023 0.9356859922409058 3.2032368183135986 6.886893272399902 0.8854338526725769 3.207653284072876 6.99514102935791 0.8351861834526062 3.212071180343628 7.10342264175415 0.7849421501159668 3.216488838195801 7.211669921875 0.7346935272216797 3.220907688140869 7.319930553436279 0.6844397783279419 3.225334882736206 7.428168296813965 0.6341963410377502 3.229771614074707 7.536403656005859 0.5839670896530151 3.234199047088623 6.670300006866455 0.9462687969207764 2.6617696285247803 6.7785444259643555 0.8961782455444336 2.6661555767059326 6.88674783706665 0.846081554889679 2.6705377101898193 6.99497652053833 0.7959873080253601 2.6749281883239746 7.1031880378723145 0.7458780407905579 2.6793372631073 7.211419105529785 0.6957932114601135 2.6837399005889893 7.3196187019348145 0.6457045078277588 2.688154935836792 7.427803039550781 0.5956170558929443 2.692560911178589 7.535978317260742 0.5455238819122314 2.696979522705078 6.670339107513428 0.9066185355186462 2.1249637603759766 6.778502941131592 0.8567094802856445 2.129333019256592 6.886687278747559 0.8067818284034729 2.133700370788574 6.994845390319824 0.7568659782409668 2.1380786895751953 7.103021144866943 0.7069562077522278 2.14245343208313 7.21116304397583 0.6570258140563965 2.1468374729156494 7.319338798522949 0.6070905327796936 2.151228904724121 7.42749547958374 0.5571739673614502 2.1556341648101807 7.535624027252197 0.5072482824325562 2.1600341796875 6.67033576965332 0.8670943975448608 1.5883989334106445 6.77850341796875 0.8173690438270569 1.5927321910858154 6.886630058288574 0.7676234841346741 1.5970762968063354 6.9947686195373535 0.7178747653961182 1.6014243364334106 7.102893352508545 0.6681174039840698 1.6057822704315186 7.211015701293945 0.6183597445487976 1.6101453304290771 7.319122314453125 0.5686234831809998 1.6145013570785522 7.427224159240723 0.518852949142456 1.6188563108444214 7.535310745239258 0.46908867359161377 1.6232203245162964 6.670348644256592 0.8275476098060608 1.0520694255828857 6.778461933135986 0.7780185341835022 1.0563889741897583 6.886549949645996 0.7284841537475586 1.0607075691223145 6.994645595550537 0.6789463758468628 1.0650367736816406 7.10275411605835 0.6294075846672058 1.069374680519104 7.210854530334473 0.579857587814331 1.073716402053833 7.318933963775635 0.5302792191505432 1.078064203262329 7.42701530456543 0.48073333501815796 1.0824191570281982 7.535076141357422 0.4311613142490387 1.0867717266082764 6.670340538024902 0.7879421710968018 0.5159380435943604 6.778434753417969 0.7386137247085571 0.5202409029006958 6.886516094207764 0.6892982125282288 0.5245538949966431 6.994587421417236 0.6399556398391724 0.5288625955581665 7.102636814117432 0.5906261205673218 0.5331804752349854 7.210699081420898 0.5412794351577759 0.5374966263771057 7.318779468536377 0.4919421374797821 0.5418180227279663 7.426832675933838 0.44257375597953796 0.5461406111717224 7.534849643707275 0.3932251036167145 0.5504747629165649 6.670375823974609 0.7483909130096436 -0.020098000764846802 6.778433322906494 0.6992659568786621 -0.015825986862182617 6.88648796081543 0.6501175165176392 -0.011535823345184326 6.994532108306885 0.6009887456893921 -0.00723305344581604 7.102567672729492 0.5518601536750793 -0.0029233992099761963 7.210597515106201 0.5027369260787964 0.0013813972473144531 7.318641662597656 0.45362627506256104 0.005693987011909485 7.4266557693481445 0.40450429916381836 0.010005801916122437 7.534685134887695 0.3553861379623413 0.014308571815490723 6.670404434204102 0.708820104598999 -0.5560961365699768 6.7784199714660645 0.6599003076553345 -0.5518196225166321 6.886446475982666 0.6109758615493774 -0.5475415587425232 6.99446964263916 0.5620478391647339 -0.5432495474815369 7.102483749389648 0.5131223201751709 -0.5389612317085266 7.21047830581665 0.4642096757888794 -0.5346590876579285 7.318485736846924 0.4152907431125641 -0.5303600430488586 7.426478385925293 0.3663654327392578 -0.5260595083236694 7.53447961807251 0.3174627423286438 -0.521748423576355 6.670434951782227 0.6691594123840332 -1.0919934511184692 6.7784271240234375 0.6204202771186829 -1.087743878364563 6.886404514312744 0.5716772079467773 -1.0834760665893555 6.9943671226501465 0.5229175090789795 -1.0792124271392822 7.102353096008301 0.4741728901863098 -1.0749397277832031 7.210351943969727 0.4254380166530609 -1.0706640481948853 7.318326473236084 0.3767138123512268 -1.0663878917694092 7.4263014793396 0.3279978632926941 -1.062102198600769 7.534252643585205 0.2792825996875763 -1.0578292608261108 6.6704487800598145 0.629433274269104 -1.6278196573257446 6.778400421142578 0.5808369517326355 -1.62357759475708 6.886373996734619 0.5322542190551758 -1.6193315982818604 6.994338512420654 0.48366332054138184 -1.615075707435608 7.102291584014893 0.4350779056549072 -1.6108168363571167 7.210229873657227 0.3865148723125458 -1.6065547466278076 7.318180084228516 0.33795785903930664 -1.6022839546203613 7.426123142242432 0.2894018590450287 -1.5980205535888672 7.534063339233398 0.24086374044418335 -1.5937507152557373 6.670449256896973 0.5895758271217346 -2.1634697914123535 6.778384208679199 0.5411489605903625 -2.159228563308716 6.886311054229736 0.4927321970462799 -2.1549906730651855 6.994243144989014 0.44431179761886597 -2.150758743286133 7.102158546447754 0.3958858847618103 -2.146512985229492 7.210084438323975 0.3474593758583069 -2.142254114151001 7.318009853363037 0.2990438938140869 -2.1380038261413574 7.42590856552124 0.2506343424320221 -2.1337473392486572 7.533810138702393 0.20223474502563477 -2.12949275970459 6.678445816040039 0.5489145517349243 -2.660109281539917 6.786322593688965 0.4999094009399414 -2.6652579307556152 6.894204139709473 0.4508923590183258 -2.6703953742980957 7.002081394195557 0.40189212560653687 -2.6755454540252686 7.109944820404053 0.3528920114040375 -2.680692672729492 7.217823505401611 0.30391067266464233 -2.685837984085083 7.325692653656006 0.25491151213645935 -2.6909821033477783 7.43355131149292 0.2059333622455597 -2.6961164474487305 7.5414299964904785 0.15695181488990784 -2.7012405395507812 6.686484336853027 0.5489095449447632 -2.611778497695923 6.794356822967529 0.4998948276042938 -2.616924285888672 6.902209281921387 0.45087969303131104 -2.622079610824585 7.010073661804199 0.4018847346305847 -2.6272289752960205 7.117935657501221 0.3528847098350525 -2.632392406463623 7.225801467895508 0.30389899015426636 -2.6375443935394287 7.333653450012207 0.2549017667770386 -2.6426987648010254 7.441507816314697 0.2059105485677719 -2.6478471755981445 7.549375534057617 0.15693530440330505 -2.653001546859741 6.694446563720703 1.3042924404144287 7.6617817878723145 6.803107738494873 1.2534499168395996 7.666241645812988 6.911754608154297 1.2026078701019287 7.670701503753662 7.020411491394043 1.1517479419708252 7.675153732299805 7.129085063934326 1.1009023189544678 7.679608345031738 7.237741947174072 1.0500595569610596 7.684056282043457 7.346420764923096 0.999210000038147 7.688512802124023 7.4551005363464355 0.9483802318572998 7.692984580993652 7.563769340515137 0.8975542187690735 7.697456359863281 6.694400310516357 1.264447808265686 7.121729373931885 6.803009986877441 1.2136327028274536 7.126185417175293 6.91162109375 1.162834882736206 7.130641460418701 7.020252704620361 1.1120282411575317 7.135109901428223 7.128856182098389 1.0612095594406128 7.139575481414795 7.2374749183654785 1.0104031562805176 7.144034385681152 7.346106052398682 0.9595903158187866 7.148488998413086 7.4547438621521 0.908800482749939 7.1529459953308105 7.563408374786377 0.8580048680305481 7.157408237457275 6.694350242614746 1.2245811223983765 6.581888675689697 6.802924633026123 1.1738457679748535 6.586323261260986 6.911499977111816 1.123098373413086 6.590766906738281 7.020053863525391 1.0723793506622314 6.595222473144531 7.128632068634033 1.0216503143310547 6.599674224853516 7.237200736999512 0.9709105491638184 6.604138374328613 7.345762252807617 0.9201766848564148 6.608609199523926 7.454333782196045 0.8694292306900024 6.613082408905029 7.562906265258789 0.8186938762664795 6.617568016052246 6.694314002990723 1.1847648620605469 6.042334079742432 6.802813529968262 1.1340820789337158 6.046756267547607 6.9113240242004395 1.0834234952926636 6.051184177398682 7.0198588371276855 1.032774567604065 6.05562686920166 7.128358840942383 0.9821375012397766 6.060080051422119 7.236876010894775 0.9315155148506165 6.064530849456787 7.345394611358643 0.8808817863464355 6.0689849853515625 7.453907489776611 0.8302609324455261 6.0734357833862305 7.562437534332275 0.7796434164047241 6.077887058258057 6.694281578063965 1.1449863910675049 5.503133773803711 6.802727699279785 1.094377875328064 5.507560729980469 6.911196708679199 1.0437818765640259 5.511979579925537 7.019653797149658 0.9931907653808594 5.516408443450928 7.128116130828857 0.942615807056427 5.520830154418945 7.236571311950684 0.8920373320579529 5.525263786315918 7.345052242279053 0.8414838314056396 5.529707431793213 7.453520774841309 0.7909323573112488 5.534163951873779 7.561986446380615 0.7403814792633057 5.538627624511719 6.694272518157959 1.105175256729126 4.9642462730407715 6.802671432495117 1.0546236038208008 4.968653678894043 6.911059856414795 1.0040875673294067 4.973074436187744 7.0194621086120605 0.9535786509513855 4.97750997543335 7.127870082855225 0.9030448794364929 4.981959819793701 7.236256122589111 0.8525182604789734 4.986410617828369 7.344639301300049 0.8019939064979553 4.9908576011657715 7.453044891357422 0.7514627575874329 4.995305061340332 7.561477184295654 0.7009478211402893 4.999755382537842 6.694240093231201 1.065335988998413 4.425689697265625 6.80256986618042 1.0148776769638062 4.430119037628174 6.910912990570068 0.9644264578819275 4.434549331665039 7.019227504730225 0.913956880569458 4.438994407653809 7.127551078796387 0.863499104976654 4.443437099456787 7.2358717918396 0.8130282163619995 4.447892189025879 7.344185829162598 0.7625563740730286 4.452353477478027 7.452511787414551 0.7120652794837952 4.456831932067871 7.560818195343018 0.6615630388259888 4.461312770843506 6.694207668304443 1.0255982875823975 3.887455940246582 6.8024678230285645 0.9752285480499268 3.891873359680176 6.910716533660889 0.9248605370521545 3.8962974548339844 7.018970012664795 0.8745158314704895 3.9007229804992676 7.127208709716797 0.824160635471344 3.905163526535034 7.235448837280273 0.7738074064254761 3.9096062183380127 7.34368896484375 0.7234526872634888 3.9140536785125732 7.451906681060791 0.6730825901031494 3.918503999710083 7.560154914855957 0.6227191090583801 3.922960042953491 6.694159984588623 0.9859194159507751 3.349545955657959 6.802331447601318 0.9356961846351624 3.3539586067199707 6.910529613494873 0.8854675889015198 3.3583717346191406 7.018705368041992 0.8352201581001282 3.3627922534942627 7.126874923706055 0.784988522529602 3.3672075271606445 7.235049247741699 0.7347542643547058 3.371633291244507 7.343228816986084 0.6845225095748901 3.3760526180267334 7.4514007568359375 0.6343197226524353 3.380479574203491 7.559567928314209 0.5841106176376343 3.3849053382873535 6.6941304206848145 0.9462561011314392 2.8119990825653076 6.802263259887695 0.8961729407310486 2.816396951675415 6.910378932952881 0.8460985422134399 2.8208019733428955 7.018496513366699 0.7960280776023865 2.8251984119415283 7.126598834991455 0.7459333539009094 2.829596996307373 7.234713554382324 0.6958580613136292 2.833994150161743 7.3428215980529785 0.6457904577255249 2.838395833969116 7.450940132141113 0.5957064628601074 2.8428077697753906 7.559046268463135 0.5456191301345825 2.8472256660461426 6.694110870361328 0.9066112637519836 2.274679183959961 6.802158355712891 0.8567122220993042 2.2790513038635254 6.910243034362793 0.8068011999130249 2.2834255695343018 7.018303394317627 0.7568932771682739 2.2878148555755615 7.1263532638549805 0.7069939970970154 2.292210578918457 7.23441743850708 0.6570725440979004 2.296605348587036 7.342482566833496 0.6071540117263794 2.300997495651245 7.450526714324951 0.5572409629821777 2.30539870262146 7.558591365814209 0.5073344707489014 2.3097951412200928 6.694090366363525 0.8670832514762878 1.7375470399856567 6.802131175994873 0.8173548579216003 1.7419220209121704 6.910125732421875 0.767638623714447 1.7462912797927856 7.018130302429199 0.7179019451141357 1.7506519556045532 7.126145839691162 0.6681536436080933 1.7550175189971924 7.2341532707214355 0.6184123754501343 1.759390115737915 7.3421807289123535 0.568679928779602 1.7637686729431152 7.450200080871582 0.5189208984375 1.7681455612182617 7.5582146644592285 0.4691672921180725 1.7725287675857544 6.694124221801758 0.8275452852249146 1.200594425201416 6.802081108093262 0.7780276536941528 1.2049496173858643 6.910079002380371 0.7285018563270569 1.2093019485473633 7.0180487632751465 0.6789742708206177 1.2136569023132324 7.126013278961182 0.629427433013916 1.2180070877075195 7.233990669250488 0.5798861384391785 1.2223520278930664 7.341958999633789 0.5303188562393188 1.2267003059387207 7.449904918670654 0.4807707667350769 1.2310547828674316 7.557894229888916 0.43122801184654236 1.2354145050048828 6.69413423538208 0.7879358530044556 0.6638853549957275 6.8020782470703125 0.7386200428009033 0.6682004332542419 6.9100213050842285 0.6892968416213989 0.6725298762321472 7.017970085144043 0.639973521232605 0.6768549680709839 7.125907897949219 0.5906413793563843 0.6811869144439697 7.233846664428711 0.5413155555725098 0.6855176687240601 7.341762065887451 0.4919857978820801 0.6898539066314697 7.449707984924316 0.44262179732322693 0.6941924095153809 7.557628154754639 0.3932732045650482 0.6985297799110413 6.694151401519775 0.7483840584754944 0.12723690271377563 6.802072525024414 0.6992627382278442 0.1315481960773468 6.909970283508301 0.6501410007476807 0.13585790991783142 7.0179033279418945 0.6010060906410217 0.14016249775886536 7.12581205368042 0.5518935918807983 0.14446064829826355 7.233719348907471 0.5027629137039185 0.14875437319278717 7.341635704040527 0.4536478519439697 0.15305215120315552 7.449532985687256 0.4045354723930359 0.15736347436904907 7.5574631690979 0.35541823506355286 0.16168484091758728 6.694179534912109 0.7088060975074768 -0.40934276580810547 6.802085876464844 0.6598753929138184 -0.4050564765930176 6.909998893737793 0.6109544038772583 -0.4007713794708252 7.017877578735352 0.5620452165603638 -0.3964964747428894 7.1257805824279785 0.513122022151947 -0.3922078609466553 7.233677387237549 0.46420395374298096 -0.38791245222091675 7.341556549072266 0.4153004288673401 -0.38361936807632446 7.449460506439209 0.3663945496082306 -0.37933409214019775 7.557380199432373 0.3174857795238495 -0.3750540614128113 6.694271087646484 0.6691446304321289 -0.9457932710647583 6.802145004272461 0.6204242706298828 -0.9415258169174194 6.910013675689697 0.5716862678527832 -0.937262773513794 7.017912864685059 0.522932767868042 -0.9329917430877686 7.125786781311035 0.4741898775100708 -0.9287364482879639 7.233659744262695 0.4254711866378784 -0.9244856834411621 7.341522216796875 0.3767402768135071 -0.9202321767807007 7.449414253234863 0.3280191123485565 -0.9159743785858154 7.557284355163574 0.2793225347995758 -0.9117110967636108 6.6943278312683105 0.6294175386428833 -1.4820817708969116 6.802187442779541 0.5808320045471191 -1.477827548980713 6.91005802154541 0.532244861125946 -1.4735726118087769 7.017904758453369 0.48366352915763855 -1.469336986541748 7.125777244567871 0.43509137630462646 -1.4650905132293701 7.233621120452881 0.38652175664901733 -1.4608521461486816 7.341484069824219 0.3379761278629303 -1.4566103219985962 7.4493279457092285 0.28943851590156555 -1.4523714780807495 7.557202339172363 0.24089695513248444 -1.4481210708618164 6.694408416748047 0.5895878076553345 -2.0181827545166016 6.802255630493164 0.5411651134490967 -2.0139544010162354 6.91008996963501 0.4927491247653961 -2.0097272396087646 7.017940521240234 0.4443264901638031 -2.0054850578308105 7.125782012939453 0.3959011137485504 -2.0012528896331787 7.233621120452881 0.34749266505241394 -1.9970104694366455 7.341472625732422 0.2990797758102417 -1.9927680492401123 7.449315071105957 0.25067052245140076 -1.9885380268096924 7.557150363922119 0.20227070152759552 -1.9843151569366455 7.6566033363342285 0.846686601638794 7.600264072418213 7.6645331382751465 0.8466988801956177 7.651089668273926 7.656288146972656 0.8071390986442566 7.060291767120361 7.664185047149658 0.8071787357330322 7.111089706420898 7.655852317810059 0.7678629755973816 6.5205512046813965 7.663692474365234 0.7679062485694885 6.571294784545898 7.65530252456665 0.7289435863494873 5.9811110496521 7.663163185119629 0.7289834022521973 6.031739234924316 7.6547040939331055 0.6897627711296082 5.4420037269592285 7.662588119506836 0.6898058652877808 5.492543697357178 7.654107093811035 0.6503220796585083 4.903172492980957 7.661989688873291 0.6503791213035583 4.953707218170166 7.653502464294434 0.6109395027160645 4.3647379875183105 7.661333084106445 0.6109952330589294 4.415268898010254 7.652931213378906 0.5722579956054688 3.8266708850860596 7.660707950592041 0.5722979307174683 3.8770394325256348 7.652322292327881 0.5337811708450317 3.2888829708099365 7.660077095031738 0.5338414907455444 3.3391237258911133 7.651792049407959 0.495474636554718 2.751483917236328 7.659497261047363 0.4954991042613983 2.8015666007995605 7.651382923126221 0.45735570788383484 2.21435546875 7.6590471267700195 0.4573911428451538 2.2642791271209717 7.650982856750488 0.4193446934223175 1.6773791313171387 7.6586503982543945 0.41937753558158875 1.7271462678909302 7.650677680969238 0.38162657618522644 1.1406742334365845 7.658311367034912 0.38165536522865295 1.1902246475219727 7.650404930114746 0.34389209747314453 0.6041595935821533 7.658029556274414 0.3439081609249115 0.6535159349441528 7.6502227783203125 0.30627891421318054 0.06774525344371796 7.65784215927124 0.3062869608402252 0.11686763912439346 7.650049209594727 0.2685805857181549 -0.46855980157852173 7.657707691192627 0.2685878872871399 -0.4196580648422241 7.6498637199401855 0.2306050807237625 -1.004838228225708 7.657558441162109 0.23061677813529968 -0.9561455249786377 7.649653434753418 0.19233785569667816 -1.5409358739852905 7.657388687133789 0.1923564374446869 -1.4923899173736572 7.649441242218018 0.15386584401130676 -2.0768630504608154 7.657234191894531 0.15388725697994232 -2.0284624099731445 5.838527202606201 0.5411982536315918 -7.82516622543335 5.942844390869141 0.49172043800354004 -7.838604927062988 6.047191143035889 0.442227840423584 -7.852073669433594 6.151550769805908 0.3927631974220276 -7.8655290603637695 6.25588321685791 0.343291312456131 -7.879022598266602 6.360208511352539 0.2938459515571594 -7.892508029937744 6.464478969573975 0.24435213208198547 -7.9059529304504395 6.568819522857666 0.1948891282081604 -7.9194183349609375 6.67309045791626 0.14538931846618652 -7.9328413009643555 5.838484764099121 0.5331882834434509 -7.930203914642334 5.942814350128174 0.48368924856185913 -7.943661689758301 6.047186851501465 0.43424487113952637 -7.957101821899414 6.151546001434326 0.38478273153305054 -7.9705657958984375 6.255884170532227 0.3353312015533447 -7.9840264320373535 6.360212326049805 0.2858475148677826 -7.9975152015686035 6.464452743530273 0.23634947836399078 -8.01099681854248 6.568731784820557 0.18686643242835999 -8.024406433105469 6.673074245452881 0.1374085247516632 -8.037862777709961 5.8465256690979 0.5251326560974121 -7.986446857452393 5.95085334777832 0.4756724238395691 -7.999900817871094 6.055156707763672 0.4262184202671051 -8.01338005065918 6.159510612487793 0.37682533264160156 -8.026803970336914 6.263850688934326 0.3273475170135498 -8.040267944335938 6.368178844451904 0.27788329124450684 -8.053732872009277 6.472439765930176 0.22837333381175995 -8.067182540893555 6.576724052429199 0.17887599766254425 -8.080648422241211 6.681042194366455 0.1294431984424591 -8.094106674194336 5.854521751403809 0.5251551866531372 -7.937680721282959 5.9588398933410645 0.4756866693496704 -7.951152324676514 6.063168525695801 0.4262072443962097 -7.964587688446045 6.167503356933594 0.3767644166946411 -7.978079795837402 6.271787166595459 0.32734864950180054 -7.991520881652832 6.376138687133789 0.27783188223838806 -8.004974365234375 6.480428218841553 0.22834065556526184 -8.018421173095703 6.5846991539001465 0.17888516187667847 -8.031864166259766 6.68898344039917 0.12941716611385345 -8.045286178588867 5.862505912780762 0.5411781072616577 -7.678833484649658 5.966829299926758 0.4917129576206207 -7.692288875579834 6.071145534515381 0.44225460290908813 -7.705754280090332 6.175460338592529 0.3927938938140869 -7.719218730926514 6.279760837554932 0.34332501888275146 -7.732680320739746 6.384049892425537 0.29384845495224 -7.746138572692871 6.4883503913879395 0.24437487125396729 -7.759606838226318 6.59264612197876 0.19488154351711273 -7.773074150085449 6.696941375732422 0.14541491866111755 -7.786545276641846 5.862499237060547 0.5331804752349854 -7.783884525299072 5.966830730438232 0.4837055206298828 -7.797335624694824 6.071160316467285 0.4342331290245056 -7.810794353485107 6.175469875335693 0.3847748637199402 -7.824253559112549 6.27976655960083 0.33531081676483154 -7.837704181671143 6.384067535400391 0.28583377599716187 -7.851163387298584 6.4883713722229 0.2363361269235611 -7.864623546600342 6.592662811279297 0.1868603229522705 -7.878081798553467 6.696951389312744 0.13739219307899475 -7.891539096832275 6.7853899002075195 0.09591856598854065 -7.89752721786499 6.79332160949707 0.09594933688640594 -7.848725318908691 6.7853851318359375 0.0879158079624176 -8.002540588378906 6.793257713317871 0.08792312443256378 -7.953732490539551 5.903372287750244 0.5251783728599548 -7.640939712524414 6.008481025695801 0.475669264793396 -7.650114059448242 6.113550186157227 0.42616987228393555 -7.659296035766602 6.218636512756348 0.37668734788894653 -7.66848611831665 6.323705196380615 0.32719582319259644 -7.677674293518066 6.428768157958984 0.2776899039745331 -7.686875343322754 6.533838748931885 0.2281821221113205 -7.6960835456848145 6.638898849487305 0.17869897186756134 -7.7052764892578125 6.7439470291137695 0.12919515371322632 -7.71445894241333 5.943586349487305 0.5251935720443726 -7.3972673416137695 6.048823833465576 0.475694477558136 -7.406442165374756 6.154040813446045 0.42618489265441895 -7.415624141693115 6.259219169616699 0.3766896724700928 -7.42482328414917 6.364411354064941 0.32717764377593994 -7.434028625488281 6.46959924697876 0.27768486738204956 -7.443238258361816 6.574787139892578 0.22817568480968475 -7.452442646026611 6.679965496063232 0.17867235839366913 -7.4616594314575195 6.785147666931152 0.12917062640190125 -7.470879554748535 5.98385763168335 0.5251909494400024 -7.153619289398193 6.089224815368652 0.47569337487220764 -7.162816047668457 6.194585800170898 0.4262045621871948 -7.172020435333252 6.299933910369873 0.3767243027687073 -7.1812286376953125 6.405282497406006 0.3272232711315155 -7.190451145172119 6.510613441467285 0.2777194082736969 -7.199679851531982 6.615959167480469 0.22823470830917358 -7.208911418914795 6.721306324005127 0.17873749136924744 -7.218143463134766 6.826650619506836 0.12924912571907043 -7.227367877960205 6.024148941040039 0.525209903717041 -6.910150051116943 6.12969446182251 0.4757452607154846 -6.919371128082275 6.2352190017700195 0.4262811541557312 -6.928592205047607 6.340740203857422 0.3768010139465332 -6.9378156661987305 6.446252346038818 0.32733625173568726 -6.947045803070068 6.551751136779785 0.2778584957122803 -6.956274509429932 6.657248020172119 0.22838495671749115 -6.965511322021484 6.762749195098877 0.17893163859844208 -6.974759578704834 6.8682541847229 0.12945516407489777 -6.98402738571167 6.064420223236084 0.5252333283424377 -6.666725158691406 6.170085906982422 0.47580116987228394 -6.675947189331055 6.275749206542969 0.42636460065841675 -6.685174465179443 6.381381034851074 0.376931369304657 -6.694411277770996 6.487027645111084 0.32750239968299866 -6.703648090362549 6.592652320861816 0.2780527174472809 -6.71289587020874 6.698288440704346 0.22862166166305542 -6.722141742706299 6.80391263961792 0.17916463315486908 -6.731385231018066 6.9095282554626465 0.12973204255104065 -6.740642070770264 6.104623794555664 0.5252671241760254 -6.42335844039917 6.210392475128174 0.4758371114730835 -6.432587146759033 6.316144943237305 0.42643970251083374 -6.441822052001953 6.4218878746032715 0.37702587246894836 -6.4510650634765625 6.527616500854492 0.32759612798690796 -6.460310459136963 6.633352279663086 0.2781903147697449 -6.469563007354736 6.739084720611572 0.22877492010593414 -6.478818893432617 6.844813823699951 0.17938004434108734 -6.48809289932251 6.950550079345703 0.12998312711715698 -6.497376441955566 6.144815921783447 0.5252429246902466 -6.180083274841309 6.250686168670654 0.4758596420288086 -6.189319610595703 6.356551170349121 0.42649513483047485 -6.198568344116211 6.462385177612305 0.3771064579486847 -6.207827568054199 6.568221092224121 0.327739417552948 -6.217091083526611 6.67404317855835 0.2783370912075043 -6.2263593673706055 6.779866695404053 0.22896797955036163 -6.235624313354492 6.885687828063965 0.17956124246120453 -6.244888782501221 6.991500377655029 0.13018444180488586 -6.25415563583374 6.185012340545654 0.5252407193183899 -5.937051773071289 6.2909698486328125 0.4758850932121277 -5.946310997009277 6.3969197273254395 0.426533579826355 -5.955576419830322 6.50288200378418 0.3772032856941223 -5.964847564697266 6.608836650848389 0.32785212993621826 -5.974124908447266 6.714776515960693 0.27851736545562744 -5.983408451080322 6.820732116699219 0.22914254665374756 -5.992706775665283 6.926675796508789 0.17980605363845825 -6.002011299133301 7.032652378082275 0.1304793804883957 -6.011325359344482 6.225245952606201 0.5252203345298767 -5.6942315101623535 6.331335544586182 0.4759232997894287 -5.703493595123291 6.437399864196777 0.4266066253185272 -5.712760925292969 6.543450355529785 0.37730029225349426 -5.722041606903076 6.6494855880737305 0.3280006945133209 -5.7313385009765625 6.755531311035156 0.27867406606674194 -5.740632057189941 6.861587047576904 0.22937101125717163 -5.749939441680908 6.967658996582031 0.1800643503665924 -5.759248733520508 7.073726654052734 0.13077709078788757 -5.768556594848633 6.265506267547607 0.5252054929733276 -5.451544761657715 6.371659755706787 0.4759393334388733 -5.460824012756348 6.477809906005859 0.4266595244407654 -5.470104217529297 6.583950519561768 0.37740328907966614 -5.479387283325195 6.690093040466309 0.3281339406967163 -5.488672733306885 6.796223163604736 0.2788645625114441 -5.497973442077637 6.902353286743164 0.22958260774612427 -5.507275581359863 7.008487701416016 0.18031972646713257 -5.516578674316406 7.11463737487793 0.13105306029319763 -5.525879859924316 6.305804252624512 0.5251678824424744 -5.209081649780273 6.412042617797852 0.47594499588012695 -5.218358516693115 6.518266201019287 0.426705539226532 -5.2276458740234375 6.624486923217773 0.3774833083152771 -5.236929893493652 6.730705261230469 0.3282461166381836 -5.246230602264404 6.836921691894531 0.27899396419525146 -5.255533218383789 6.9431352615356445 0.22976864874362946 -5.264838695526123 7.049363613128662 0.18052256107330322 -5.274147033691406 7.155577659606934 0.13129809498786926 -5.283473014831543 6.346067428588867 0.5251365900039673 -4.966727256774902 6.452369689941406 0.47592395544052124 -4.9760026931762695 6.5586628913879395 0.42672714591026306 -4.985287189483643 6.664936542510986 0.3775297701358795 -4.994574546813965 6.771214485168457 0.32833242416381836 -5.003873825073242 6.877503395080566 0.2791483998298645 -5.013187408447266 6.9837846755981445 0.22994697093963623 -5.022505283355713 7.090083599090576 0.18076805770397186 -5.031820774078369 7.196371555328369 0.1315767616033554 -5.041130542755127 6.386309623718262 0.5250788927078247 -4.724536895751953 6.49268102645874 0.47590458393096924 -4.733826637268066 6.599032878875732 0.4267369508743286 -4.743120193481445 6.705380439758301 0.37756919860839844 -4.752411842346191 6.811720371246338 0.3284047842025757 -4.761719226837158 6.918047904968262 0.27924031019210815 -4.771020412445068 7.024389266967773 0.23008929193019867 -4.780324459075928 7.130710601806641 0.18092653155326843 -4.789631366729736 7.237044811248779 0.13177601993083954 -4.7989501953125 6.426599502563477 0.5249807238578796 -4.482498645782471 6.533031940460205 0.4758542776107788 -4.491786956787109 6.639475345611572 0.42671525478363037 -4.501080513000488 6.745906829833984 0.37757807970046997 -4.510378360748291 6.852323055267334 0.3284326195716858 -4.519689559936523 6.958741188049316 0.27930307388305664 -4.529001712799072 7.065147876739502 0.23015181720256805 -4.538325786590576 7.171544075012207 0.18102261424064636 -4.547643661499023 7.277929782867432 0.1318998485803604 -4.55695104598999 6.46699333190918 0.5249146223068237 -4.240726470947266 6.573539733886719 0.4757888913154602 -4.250034809112549 6.680069923400879 0.4266992211341858 -4.25935173034668 6.786582946777344 0.37757572531700134 -4.2686638832092285 6.893094062805176 0.3284681737422943 -4.2779741287231445 6.999589443206787 0.2793692350387573 -4.287290573120117 7.106084823608398 0.23025190830230713 -4.296606540679932 7.212592124938965 0.18113549053668976 -4.305927753448486 7.319091796875 0.1320352852344513 -4.3152570724487305 6.507387638092041 0.5248470902442932 -3.9991579055786133 6.61402702331543 0.47575098276138306 -4.008481025695801 6.720665454864502 0.42666542530059814 -4.017805099487305 6.827308177947998 0.37758710980415344 -4.027127742767334 6.933950424194336 0.32850247621536255 -4.036462783813477 7.040591716766357 0.27940040826797485 -4.045801639556885 7.147228717803955 0.2303277850151062 -4.055134296417236 7.253856182098389 0.1812511682510376 -4.064473628997803 7.360482692718506 0.1321803778409958 -4.07381010055542 6.547914505004883 0.5247696042060852 -3.7577810287475586 6.654668807983398 0.4757075905799866 -3.767108917236328 6.761416435241699 0.42662912607192993 -3.776453733444214 6.868172645568848 0.3775540590286255 -3.785801410675049 6.9749369621276855 0.3284997344017029 -3.79514741897583 7.081712245941162 0.2794467806816101 -3.804501533508301 7.188491344451904 0.23039668798446655 -3.8138561248779297 7.295282363891602 0.18132595717906952 -3.8232040405273438 7.402076721191406 0.13227838277816772 -3.8325681686401367 6.588484764099121 0.5246983766555786 -3.5165069103240967 6.695374011993408 0.4756440818309784 -3.5258586406707764 6.802280426025391 0.42658257484436035 -3.5352182388305664 6.909182548522949 0.37753400206565857 -3.5445802211761475 7.016100883483887 0.32849663496017456 -3.5539438724517822 7.123016357421875 0.2794405221939087 -3.563303232192993 7.229946613311768 0.2303844541311264 -3.5726664066314697 7.3368659019470215 0.18134714663028717 -3.5820324420928955 7.443793773651123 0.1323181539773941 -3.5913920402526855 6.629115104675293 0.5246381759643555 -3.275278091430664 6.736159324645996 0.47561585903167725 -3.284649133682251 6.84318733215332 0.4265781044960022 -3.294022560119629 6.950242042541504 0.37750887870788574 -3.3034024238586426 7.057301044464111 0.32846367359161377 -3.3127694129943848 7.164375305175781 0.27944016456604004 -3.322136163711548 7.271437168121338 0.2303999960422516 -3.3314993381500244 7.378531455993652 0.18136997520923615 -3.340864419937134 7.485620498657227 0.13234490156173706 -3.3502354621887207 6.670403480529785 0.540847897529602 -2.815539598464966 6.7782745361328125 0.4918450713157654 -2.82068133354187 6.886159420013428 0.44283366203308105 -2.825829029083252 6.994034290313721 0.39382630586624146 -2.830979824066162 7.101911544799805 0.3448251485824585 -2.836122989654541 7.209793567657471 0.29584139585494995 -2.8412601947784424 7.317664623260498 0.2468523383140564 -2.846400260925293 7.425534248352051 0.19787701964378357 -2.8515336513519287 7.533421516418457 0.14890460669994354 -2.85667085647583 6.670399188995361 0.5327759385108948 -2.9226653575897217 6.778270721435547 0.4837498068809509 -2.9278063774108887 6.88615608215332 0.4347374141216278 -2.932950258255005 6.99403715133667 0.3857187032699585 -2.9380970001220703 7.101905345916748 0.33672720193862915 -2.943251609802246 7.209774017333984 0.2877376079559326 -2.948406457901001 7.317644119262695 0.2387418895959854 -2.9535574913024902 7.425505638122559 0.18975675106048584 -2.9587032794952393 7.533401012420654 0.14077378809452057 -2.9638538360595703 5.903379440307617 0.5492650270462036 -7.325541019439697 6.008485317230225 0.4998267889022827 -7.334789276123047 6.113553524017334 0.4503936767578125 -7.3440165519714355 6.218630313873291 0.4009532928466797 -7.353231430053711 6.323705196380615 0.35153013467788696 -7.362451553344727 6.428778171539307 0.30208760499954224 -7.371661186218262 6.5338544845581055 0.25263845920562744 -7.380881309509277 6.638914585113525 0.2031954526901245 -7.390106201171875 6.743968486785889 0.15373550355434418 -7.399324417114258 5.943598747253418 0.5493177175521851 -7.081471920013428 6.048838138580322 0.4999084174633026 -7.090729236602783 6.154045581817627 0.45047587156295776 -7.099969863891602 6.259236812591553 0.4010772705078125 -7.109209060668945 6.364428997039795 0.3516411781311035 -7.118429660797119 6.4696221351623535 0.30224257707595825 -7.12764835357666 6.574793815612793 0.25281018018722534 -7.136861324310303 6.6799798011779785 0.20340090990066528 -7.1460676193237305 6.7851762771606445 0.15395641326904297 -7.155284881591797 5.9838547706604 0.5493502020835876 -6.837392330169678 6.089224815368652 0.49995389580726624 -6.84666109085083 6.194584846496582 0.4505757689476013 -6.8559136390686035 6.299940586090088 0.40117156505584717 -6.8651509284973145 6.405290603637695 0.3517943024635315 -6.874389171600342 6.510630130767822 0.30238038301467896 -6.8836236000061035 6.615991115570068 0.25297805666923523 -6.892858028411865 6.721333026885986 0.20357178151607513 -6.9020915031433105 6.826678276062012 0.1541745960712433 -6.911327362060547 6.024154186248779 0.5493773221969604 -6.59345817565918 6.129688739776611 0.5000008940696716 -6.602725505828857 6.235236167907715 0.45061448216438293 -6.611987590789795 6.340761661529541 0.4012492299079895 -6.621250152587891 6.446276664733887 0.35184913873672485 -6.630504608154297 6.551787376403809 0.30248716473579407 -6.6397528648376465 6.65728235244751 0.25309866666793823 -6.648991584777832 6.762777805328369 0.20371206104755402 -6.658234596252441 6.868295669555664 0.15429943799972534 -6.66745662689209 6.06442403793335 0.5493653416633606 -6.34963846206665 6.170099258422852 0.49999696016311646 -6.358922004699707 6.275742053985596 0.45063090324401855 -6.368191242218018 6.381392478942871 0.4012534022331238 -6.377452850341797 6.487036228179932 0.3519012928009033 -6.386714935302734 6.59267520904541 0.3025343418121338 -6.395978927612305 6.698318004608154 0.25315725803375244 -6.405242919921875 6.803950786590576 0.2037758082151413 -6.4145026206970215 6.909573078155518 0.15437602996826172 -6.423763275146484 6.104624271392822 0.5493582487106323 -6.105939865112305 6.210387706756592 0.5000069737434387 -6.115237712860107 6.316163063049316 0.4506591260433197 -6.124523639678955 6.421907901763916 0.4013059139251709 -6.133808135986328 6.527652263641357 0.35195469856262207 -6.143078804016113 6.63338565826416 0.30260294675827026 -6.152340412139893 6.739120006561279 0.2532554864883423 -6.161611080169678 6.844842433929443 0.20388928055763245 -6.170874118804932 6.950582504272461 0.1545434445142746 -6.180143356323242 6.1448163986206055 0.5493705868721008 -5.862401485443115 6.250694274902344 0.5000571012496948 -5.871696472167969 6.356556415557861 0.4507370591163635 -5.880987167358398 6.462397575378418 0.401398241519928 -5.890283584594727 6.568231582641602 0.3520781397819519 -5.8995680809021 6.674079418182373 0.30277639627456665 -5.908851623535156 6.779918670654297 0.25345683097839355 -5.918140411376953 6.885758876800537 0.20414015650749207 -5.92742395401001 6.991581916809082 0.15479476749897003 -5.93670129776001 6.1850056648254395 0.5493707060813904 -5.619080543518066 6.2909770011901855 0.5000808835029602 -5.628388404846191 6.396937847137451 0.450796902179718 -5.637679100036621 6.502909183502197 0.4015207886695862 -5.646958827972412 6.60886812210083 0.35222184658050537 -5.656248569488525 6.714816093444824 0.30294227600097656 -5.665534019470215 6.820770263671875 0.25366270542144775 -5.674808502197266 6.926731109619141 0.20439709722995758 -5.684092044830322 7.032715320587158 0.15511202812194824 -5.693384170532227 6.22524881362915 0.5493559837341309 -5.3759446144104 6.33133602142334 0.5001211762428284 -5.385242938995361 6.437407970428467 0.45086249709129333 -5.394547462463379 6.543451309204102 0.40160614252090454 -5.403851509094238 6.649506092071533 0.3523699939250946 -5.413151264190674 6.755575656890869 0.30313149094581604 -5.4224419593811035 6.861630439758301 0.253875195980072 -5.431737422943115 6.967710494995117 0.2046160101890564 -5.441027641296387 7.0737786293029785 0.15533840656280518 -5.450320243835449 6.265504837036133 0.5493417978286743 -5.1330461502075195 6.371657848358154 0.5001261234283447 -5.142354965209961 6.477814674377441 0.4509316086769104 -5.1516571044921875 6.583975315093994 0.4017251133918762 -5.160963535308838 6.690114498138428 0.35249605774879456 -5.170263767242432 6.796249866485596 0.3032718896865845 -5.179562091827393 6.902398109436035 0.2540495991706848 -5.188856601715088 7.008545875549316 0.20481963455677032 -5.198145866394043 7.1146979331970215 0.15559141337871552 -5.2074408531188965 6.305783748626709 0.5493284463882446 -4.890329837799072 6.412033557891846 0.5001589059829712 -4.899637222290039 6.518270015716553 0.45096302032470703 -4.908949375152588 6.624501705169678 0.40175849199295044 -4.9182538986206055 6.7307281494140625 0.3525683879852295 -4.927555561065674 6.836946487426758 0.30339524149894714 -4.936860084533691 6.943177223205566 0.25419172644615173 -4.946162223815918 7.049400329589844 0.20500117540359497 -4.955465316772461 7.155632019042969 0.15578974783420563 -4.96477746963501 6.346073627471924 0.5492740869522095 -4.647792339324951 6.4523725509643555 0.5001168251037598 -4.657106876373291 6.5586748123168945 0.45095670223236084 -4.666415691375732 6.664958953857422 0.4017956256866455 -4.675719261169434 6.771238803863525 0.35262835025787354 -4.685018539428711 6.877532958984375 0.30345433950424194 -4.694319248199463 6.98382043838501 0.2542986273765564 -4.703612327575684 7.0901265144348145 0.20513276755809784 -4.712919235229492 7.196432113647461 0.15598642826080322 -4.722227573394775 6.386295318603516 0.5492111444473267 -4.405380725860596 6.49266242980957 0.5001022815704346 -4.414708614349365 6.599026679992676 0.4509704113006592 -4.4240312576293945 6.705390453338623 0.40184617042541504 -4.433351039886475 6.811737060546875 0.3527240455150604 -4.4426703453063965 6.918078422546387 0.30359983444213867 -4.451993942260742 7.024417400360107 0.25446659326553345 -4.461326599121094 7.130758762359619 0.20533478260040283 -4.470658302307129 7.237081527709961 0.15620066225528717 -4.479988098144531 6.426590919494629 0.5491830706596375 -4.1631364822387695 6.533046722412109 0.5000877380371094 -4.172458648681641 6.639487266540527 0.4510034918785095 -4.181783676147461 6.745922565460205 0.40192556381225586 -4.191106796264648 6.8523383140563965 0.3528529703617096 -4.200432777404785 6.958755016326904 0.3037721812725067 -4.20975399017334 7.065178871154785 0.25467729568481445 -4.21908712387085 7.1715898513793945 0.2055979073047638 -4.228412628173828 7.277985095977783 0.15649643540382385 -4.237748146057129 6.466966152191162 0.5491352081298828 -3.9210634231567383 6.573520183563232 0.5000958442687988 -3.9304018020629883 6.680058479309082 0.4510536789894104 -3.939734935760498 6.786585330963135 0.40200531482696533 -3.949075698852539 6.893107891082764 0.3529529273509979 -3.958413600921631 6.999626636505127 0.3039010763168335 -3.9677467346191406 7.106132507324219 0.25487712025642395 -3.977076530456543 7.2126264572143555 0.20582571625709534 -3.9864120483398438 7.319143772125244 0.15678107738494873 -3.995748996734619 6.507383823394775 0.5491102933883667 -3.6792006492614746 6.614030838012695 0.5000976920127869 -3.688532590866089 6.720670700073242 0.4510768949985504 -3.697870969772339 6.827320575714111 0.40205901861190796 -3.707200288772583 6.933962345123291 0.3530665338039398 -3.716538429260254 7.040612697601318 0.30406731367111206 -3.725881814956665 7.147248268127441 0.25504928827285767 -3.735222578048706 7.2538957595825195 0.2060471773147583 -3.744572401046753 7.360520839691162 0.15704450011253357 -3.7539217472076416 6.54789924621582 0.5490918755531311 -3.437453031539917 6.654665470123291 0.5001165866851807 -3.4468047618865967 6.761420726776123 0.4511258602142334 -3.4561450481414795 6.868182182312012 0.4021384119987488 -3.4654884338378906 6.97494649887085 0.353159099817276 -3.4748218059539795 7.081719875335693 0.30417072772979736 -3.484157085418701 7.188510894775391 0.25519275665283203 -3.493502140045166 7.295294284820557 0.20621247589588165 -3.5028507709503174 7.402100086212158 0.15723495185375214 -3.512197494506836 6.588462829589844 0.5490549802780151 -3.1958205699920654 6.695362567901611 0.5001038908958435 -3.2051703929901123 6.802270889282227 0.45112520456314087 -3.2145159244537354 6.909178733825684 0.40217870473861694 -3.223853588104248 7.0160908699035645 0.3532105088233948 -3.2331936359405518 7.123015880584717 0.3042585849761963 -3.242544651031494 7.229938983917236 0.25528064370155334 -3.251901865005493 7.336872577667236 0.20631906390190125 -3.2612507343292236 7.4437994956970215 0.15734824538230896 -3.270608425140381 6.629101753234863 0.5490083694458008 -2.954192638397217 6.736138820648193 0.5000503063201904 -2.9635443687438965 6.843183517456055 0.451083779335022 -2.9728927612304688 6.950229644775391 0.40211620926856995 -2.9822449684143066 7.057285785675049 0.3531538248062134 -2.991591453552246 7.164361953735352 0.30419009923934937 -3.0009329319000244 7.2714362144470215 0.25524023175239563 -3.010277509689331 7.378512382507324 0.20627492666244507 -3.0196316242218018 7.485605716705322 0.15730619430541992 -3.02898907661438 6.848980903625488 0.0960722267627716 -7.513570308685303 6.890352725982666 0.09622852504253387 -7.2696990966796875 6.932007789611816 0.09640520066022873 -7.025906085968018 6.973821640014648 0.09656815230846405 -6.782224178314209 7.015182018280029 0.09673090279102325 -6.538647174835205 7.0563154220581055 0.09695147722959518 -6.2951579093933105 7.097367763519287 0.09723925590515137 -6.051809310913086 7.138674736022949 0.09758754819631577 -5.808652877807617 7.179849624633789 0.09786399453878403 -5.565708160400391 7.220822334289551 0.09815013408660889 -5.322912693023682 7.2618489265441895 0.09842651337385178 -5.080309867858887 7.302717208862305 0.09865961223840714 -4.837854862213135 7.343387126922607 0.09892073273658752 -4.5956292152404785 7.384363174438477 0.09917272627353668 -4.353477954864502 7.425628185272217 0.09947335720062256 -4.111597061157227 7.467127799987793 0.09971090406179428 -3.8698973655700684 7.508885383605957 0.09990037232637405 -3.628344774246216 7.550723075866699 0.09998976439237595 -3.386884927749634 7.592720031738281 0.09995712339878082 -3.145443916320801 6.84897518157959 0.08791393786668777 -7.618607521057129 6.890341758728027 0.08797312527894974 -7.37489652633667 6.931989669799805 0.08812957257032394 -7.131254196166992 6.973810195922852 0.08830367028713226 -6.887747287750244 7.015164375305176 0.08854232728481293 -6.644282341003418 7.056308746337891 0.08876468986272812 -6.400892734527588 7.097332000732422 0.08904506266117096 -6.157629489898682 7.138657569885254 0.08939848095178604 -5.914636611938477 7.179821968078613 0.08968907594680786 -5.671789169311523 7.220795631408691 0.0899813324213028 -5.429051399230957 7.2618408203125 0.09025940299034119 -5.186542510986328 7.302680492401123 0.09052420407533646 -4.944163799285889 7.343371391296387 0.09077589213848114 -4.701946258544922 7.384331226348877 0.09099871665239334 -4.459878921508789 7.4256086349487305 0.09122256189584732 -4.2180962562561035 7.467106342315674 0.09144667536020279 -3.976531505584717 7.508878707885742 0.09158933907747269 -3.7351324558258057 7.550729751586914 0.09167417883872986 -3.4938111305236816 7.59271240234375 0.09168098121881485 -3.2525315284729004 6.67846155166626 0.5247206091880798 -2.981513261795044 6.78633975982666 0.4756949543952942 -2.9866538047790527 6.894201278686523 0.4266241788864136 -2.9917962551116943 7.002052307128906 0.37766915559768677 -2.9969630241394043 7.10991096496582 0.32867565751075745 -3.00211238861084 7.217804431915283 0.27964091300964355 -3.007310628890991 7.325656414031982 0.23067563772201538 -3.0124642848968506 7.433507919311523 0.18169263005256653 -3.0176165103912354 7.541422367095947 0.13271889090538025 -3.022824287414551 6.686509132385254 0.5247148275375366 -2.9332115650177 6.79437255859375 0.4756787419319153 -2.938368320465088 6.9022440910339355 0.4266584813594818 -2.9435195922851562 7.010128974914551 0.37768614292144775 -2.9487032890319824 7.117940425872803 0.3287389576435089 -2.9539027214050293 7.225811958312988 0.2796671986579895 -2.9590556621551514 7.333683013916016 0.2306903898715973 -2.964172840118408 7.441570281982422 0.18175655603408813 -2.9693546295166016 7.549398899078369 0.1327650249004364 -2.974534511566162 6.694550514221191 0.5408599376678467 -2.6705803871154785 6.802405834197998 0.4918292164802551 -2.6757311820983887 6.910262107849121 0.442800909280777 -2.6809020042419434 7.018111705780029 0.3938212990760803 -2.686065673828125 7.12593936920166 0.34484565258026123 -2.6912384033203125 7.233837127685547 0.2958243489265442 -2.696413040161133 7.341665744781494 0.24680745601654053 -2.701561689376831 7.449522495269775 0.19785761833190918 -2.7067296504974365 7.557346820831299 0.14890459179878235 -2.711930751800537 6.694572448730469 0.5327736139297485 -2.7777440547943115 6.802446365356445 0.4837667942047119 -2.782899856567383 6.910289287567139 0.4347817599773407 -2.788076639175415 7.018116474151611 0.3857420086860657 -2.793271541595459 7.125976085662842 0.3367542624473572 -2.7984297275543213 7.233860015869141 0.2877628207206726 -2.80356502532959 7.341739177703857 0.23876048624515533 -2.8087317943573 7.449537754058838 0.18978561460971832 -2.8139328956604004 7.557374954223633 0.14084556698799133 -2.8191134929656982 7.649317741394043 0.09995467960834503 -2.8135745525360107 7.657261371612549 0.09995345026254654 -2.7653613090515137 7.649303436279297 0.09182119369506836 -2.9207866191864014 7.657278537750244 0.09186974167823792 -2.8725321292877197 5.530673503875732 1.512927532196045 3.0598366260528564 5.636094570159912 1.4619150161743164 3.059812307357788 5.538638591766357 1.512945532798767 3.1108412742614746 5.6441168785095215 1.4619139432907104 3.1108360290527344 5.530653476715088 1.5049279928207397 2.9543840885162354 5.636118412017822 1.4538960456848145 2.954378604888916 5.5386643409729 1.5049198865890503 3.005408525466919 5.644121170043945 1.4539070129394531 3.005394697189331 5.586881160736084 1.5129609107971191 3.4169840812683105 5.692409515380859 1.4619507789611816 3.4169797897338867 5.626931667327881 1.5129497051239014 3.672184467315674 5.73258638381958 1.461946725845337 3.672183036804199 5.666928768157959 1.51295804977417 3.927420139312744 5.772758483886719 1.4619520902633667 3.9274110794067383 5.706885814666748 1.512984275817871 4.182658672332764 5.812910556793213 1.4619797468185425 4.182652473449707 5.746858596801758 1.5130034685134888 4.437897682189941 5.853099822998047 1.4620208740234375 4.437887668609619 5.786857604980469 1.513033390045166 4.6930999755859375 5.893307685852051 1.4620347023010254 4.69309663772583 5.826817512512207 1.5130462646484375 4.948331832885742 5.933465003967285 1.4620463848114014 4.948330402374268 5.866726875305176 1.5130603313446045 5.203598499298096 5.9735822677612305 1.4620656967163086 5.203594207763672 5.906632900238037 1.5130860805511475 5.458817958831787 6.013676166534424 1.4620901346206665 5.45881986618042 5.946538925170898 1.5130778551101685 5.714073657989502 6.053756237030029 1.462085247039795 5.714070796966553 5.986438751220703 1.5130826234817505 5.969165325164795 6.093782901763916 1.462098479270935 5.969161033630371 6.026362895965576 1.5130804777145386 6.224231243133545 6.133852958679199 1.4621151685714722 6.224233150482178 6.066339015960693 1.5130563974380493 6.479219913482666 6.173945903778076 1.4620951414108276 6.479218482971191 6.106297016143799 1.5129945278167725 6.734028339385986 6.213988304138184 1.4620639085769653 6.7340312004089355 6.1462178230285645 1.5129656791687012 6.98878812789917 6.253990650177002 1.462026596069336 6.9887871742248535 6.186196804046631 1.5129185914993286 7.243459224700928 6.2940168380737305 1.4620100259780884 7.243451118469238 6.226145267486572 1.5128451585769653 7.498066425323486 6.33404016494751 1.4619510173797607 7.498071670532227 6.266144752502441 1.5127489566802979 7.752520561218262 6.374088764190674 1.4618864059448242 7.752524375915527 6.30605411529541 1.5126533508300781 8.00682258605957 6.414036750793457 1.4618077278137207 8.006830215454102 5.58687162399292 1.5049115419387817 3.311471939086914 5.692406177520752 1.4539148807525635 3.3114800453186035 5.626925945281982 1.5049195289611816 3.5665528774261475 5.732588768005371 1.4539068937301636 3.5665555000305176 5.666916370391846 1.5049183368682861 3.821633815765381 5.772754192352295 1.4539141654968262 3.821639060974121 5.706878662109375 1.5049331188201904 4.076671600341797 5.8129119873046875 1.4539361000061035 4.0766706466674805 5.746847152709961 1.5049548149108887 4.331669330596924 5.853094577789307 1.4539686441421509 4.331675052642822 5.78684139251709 1.5049827098846436 4.586674213409424 5.893299102783203 1.4539852142333984 4.5866851806640625 5.826813697814941 1.5050078630447388 4.841696739196777 5.9334611892700195 1.454007625579834 4.841701984405518 5.866715908050537 1.505033254623413 5.096766948699951 5.973574638366699 1.4540365934371948 5.096773624420166 5.9066243171691895 1.505062222480774 5.351807594299316 6.013669490814209 1.4540575742721558 5.351813316345215 5.946531295776367 1.5050650835037231 5.606879711151123 6.0537495613098145 1.454066276550293 5.606890678405762 5.986428260803223 1.5050621032714844 5.861841678619385 6.093782424926758 1.4540916681289673 5.8618483543396 6.026358604431152 1.5050580501556396 6.1167755126953125 6.133846759796143 1.4540863037109375 6.116787910461426 6.066328048706055 1.5050384998321533 6.371645450592041 6.173941135406494 1.4540820121765137 6.371658802032471 6.106289863586426 1.50499427318573 6.626387119293213 6.213988780975342 1.454058289527893 6.626400947570801 6.146204948425293 1.5049588680267334 6.881058692932129 6.2539896965026855 1.4540234804153442 6.881069183349609 6.186189651489258 1.5049164295196533 7.135671138763428 6.29402494430542 1.454006314277649 7.135684013366699 6.226146221160889 1.5048348903656006 7.390214920043945 6.334048271179199 1.4539388418197632 7.390229225158691 6.266139507293701 1.5047450065612793 7.644596099853516 6.37408971786499 1.4538800716400146 7.644615650177002 6.306048393249512 1.5046659708023071 7.898866653442383 6.414041996002197 1.4538285732269287 7.898876667022705 6.353821754455566 1.5125833749771118 8.311826705932617 6.461813449859619 1.4617632627487183 8.311826705932617 6.361772060394287 1.5125799179077148 8.362669944763184 6.469786643981934 1.4617671966552734 8.362689971923828 6.3538007736206055 1.5046412944793701 8.20380973815918 6.461832046508789 1.4537814855575562 8.203831672668457 6.361784934997559 1.504623532295227 8.254655838012695 6.469778060913086 1.4537768363952637 8.254645347595215 5.530767440795898 1.4567772150039673 2.3217828273773193 5.636187553405762 1.4058542251586914 2.321777582168579 5.538778781890869 1.4567646980285645 2.3727245330810547 5.644210338592529 1.4058568477630615 2.3727142810821533 5.530868053436279 1.416632056236267 1.7948052883148193 5.636261463165283 1.3658263683319092 1.794787883758545 5.538886547088623 1.4166228771209717 1.845628023147583 5.644275188446045 1.3658195734024048 1.8456225395202637 5.531041622161865 1.3764904737472534 1.2680248022079468 5.636373043060303 1.3257862329483032 1.2680097818374634 5.539037227630615 1.376476526260376 1.3187555074691772 5.6443705558776855 1.3257850408554077 1.3187395334243774 5.531223297119141 1.3364003896713257 0.741618275642395 5.6364922523498535 1.2858096361160278 0.7416040897369385 5.539214611053467 1.3363783359527588 0.7922357320785522 5.644488334655762 1.2858036756515503 0.792222261428833 5.531406879425049 1.2963210344314575 0.2155226767063141 5.6366190910339355 1.2458223104476929 0.21550387144088745 5.539392948150635 1.2963037490844727 0.2660562992095947 5.644612789154053 1.2458205223083496 0.26604586839675903 5.531565189361572 1.2562729120254517 -0.3102625012397766 5.636712551116943 1.2058473825454712 -0.3102697730064392 5.539556503295898 1.2562514543533325 -0.25981321930885315 5.64470100402832 1.2058457136154175 -0.25982046127319336 5.531717300415039 1.216202974319458 -0.8356863856315613 5.636807441711426 1.1658883094787598 -0.8357033729553223 5.539686679840088 1.2161920070648193 -0.7853196859359741 5.6447906494140625 1.1658861637115479 -0.7853260040283203 5.5318427085876465 1.1762022972106934 -1.3609235286712646 5.636899471282959 1.1259477138519287 -1.360937476158142 5.539800643920898 1.1761902570724487 -1.3106344938278198 5.644854545593262 1.1259496212005615 -1.3106415271759033 5.531947135925293 1.1362228393554688 -1.8859617710113525 5.636960983276367 1.0860275030136108 -1.8859771490097046 5.539915561676025 1.1362152099609375 -1.8357385396957397 5.644922256469727 1.086029052734375 -1.8357491493225098 5.532042503356934 1.0963082313537598 -2.4108126163482666 5.637029647827148 1.0461626052856445 -2.410823106765747 5.539992809295654 1.0962998867034912 -2.360653877258301 5.644978046417236 1.0461679697036743 -2.3606622219085693 5.532093048095703 1.0563571453094482 -2.9355788230895996 5.637059688568115 1.0062953233718872 -2.935579776763916 5.540058135986328 1.0563442707061768 -2.8855016231536865 5.645016193389893 1.0062919855117798 -2.8854973316192627 5.53212833404541 1.0163846015930176 -3.4601891040802 5.637079238891602 0.9664153456687927 -3.4601871967315674 5.540090084075928 1.0163846015930176 -3.4102110862731934 5.645028591156006 0.9664151072502136 -3.4102118015289307 5.532145977020264 0.976452648639679 -3.984651803970337 5.637083530426025 0.9265813231468201 -3.9846553802490234 5.540099143981934 0.9764530062675476 -3.9347951412200928 5.645033836364746 0.926588773727417 -3.934800386428833 5.532153606414795 0.9364407658576965 -4.509096622467041 5.637096405029297 0.8867017030715942 -4.509096145629883 5.54010534286499 0.936447262763977 -4.459375858306885 5.64504861831665 0.8867018818855286 -4.459384918212891 5.532133102416992 0.8964433670043945 -5.033603668212891 5.637084484100342 0.846835196018219 -5.033595085144043 5.540093421936035 0.8964458703994751 -4.984013557434082 5.645035743713379 0.8468412756919861 -4.984013080596924 5.532085418701172 0.8564306497573853 -5.5580949783325195 5.637060642242432 0.8070078492164612 -5.558098316192627 5.540041923522949 0.8564432859420776 -5.508697509765625 5.645028591156006 0.8070098161697388 -5.508703708648682 5.532049655914307 0.8164325952529907 -6.082904815673828 5.637075424194336 0.7671656012535095 -6.082901954650879 5.540013313293457 0.8164362907409668 -6.033656597137451 5.645025253295898 0.7671657800674438 -6.0336594581604 5.532044887542725 0.7764042615890503 -6.6078104972839355 5.63707971572876 0.7272980213165283 -6.60781192779541 5.540019512176514 0.7764112949371338 -6.558724403381348 5.645053386688232 0.7272972464561462 -6.558733940124512 5.5320515632629395 0.7363634705543518 -7.132822036743164 5.637086868286133 0.6874197721481323 -7.132823944091797 5.540022373199463 0.736360490322113 -7.083904266357422 5.645070552825928 0.6874131560325623 -7.083902835845947 5.586849212646484 1.456709861755371 2.678088665008545 5.6924262046813965 1.4058480262756348 2.6780848503112793 5.6268839836120605 1.4566938877105713 2.932304620742798 5.732613563537598 1.4058647155761719 2.9323017597198486 5.666873455047607 1.456683874130249 3.186354398727417 5.772761344909668 1.4058878421783447 3.186352014541626 5.706839561462402 1.456687092781067 3.4402692317962646 5.812910556793213 1.4059176445007324 3.4402666091918945 5.746800422668457 1.4567017555236816 3.6940433979034424 5.853066444396973 1.405945897102356 3.694040298461914 5.786774635314941 1.4567407369613647 3.947836399078369 5.893235683441162 1.4059748649597168 3.947834014892578 5.826733589172363 1.4567863941192627 4.201662063598633 5.933386325836182 1.4060165882110596 4.201660633087158 5.866658687591553 1.456844687461853 4.455550670623779 5.9735107421875 1.4060642719268799 4.455551624298096 5.906567573547363 1.456883430480957 4.709453105926514 6.013604640960693 1.4060945510864258 4.709450721740723 5.946477890014648 1.456922173500061 4.963429927825928 6.053689002990723 1.4061172008514404 4.963428020477295 5.986384391784668 1.4569458961486816 5.217540740966797 6.093756198883057 1.4061243534088135 5.2175397872924805 6.026326656341553 1.4569437503814697 5.471653938293457 6.133838653564453 1.406119704246521 5.471652030944824 6.066271781921387 1.4569406509399414 5.725754261016846 6.173913955688477 1.4061169624328613 5.72575569152832 6.106235027313232 1.4569346904754639 5.979896068572998 6.213983058929443 1.406105637550354 5.9798970222473145 6.146175861358643 1.4569164514541626 6.234079837799072 6.2540130615234375 1.406078577041626 6.234079360961914 6.186144828796387 1.4568967819213867 6.488314628601074 6.294045925140381 1.4060567617416382 6.488315105438232 6.226131916046143 1.4568662643432617 6.742501258850098 6.334091663360596 1.4060360193252563 6.742502212524414 6.266109466552734 1.4568368196487427 6.99665641784668 6.374098777770996 1.4060112237930298 6.996655464172363 6.306025505065918 1.4568039178848267 7.250758171081543 6.414034843444824 1.4059839248657227 7.250761985778809 5.586921691894531 1.4165586233139038 2.1502058506011963 5.692481994628906 1.365831971168518 2.1501975059509277 5.626927375793457 1.4165273904800415 2.4036765098571777 5.732626914978027 1.3658607006072998 2.403667449951172 5.666905879974365 1.4165244102478027 2.656886100769043 5.77277135848999 1.3658989667892456 2.6568799018859863 5.706864833831787 1.4165325164794922 2.909914970397949 5.812897205352783 1.3659400939941406 2.909912109375 5.746823310852051 1.4165503978729248 3.1627931594848633 5.853035926818848 1.365978717803955 3.162787675857544 5.786772727966309 1.4165921211242676 3.415619134902954 5.893164157867432 1.3660211563110352 3.415619373321533 5.8267292976379395 1.4166486263275146 3.668478488922119 5.933309555053711 1.3660695552825928 3.668478488922119 5.866668701171875 1.4166935682296753 3.9213919639587402 5.973432540893555 1.3661013841629028 3.9213929176330566 5.906578063964844 1.416751742362976 4.174388885498047 6.013521671295166 1.3661441802978516 4.1743855476379395 5.946491718292236 1.4168105125427246 4.427496910095215 6.053616046905518 1.3661748170852661 4.427497863769531 5.986424446105957 1.416847825050354 4.680741786956787 6.093715190887451 1.3661890029907227 4.680740833282471 6.026360034942627 1.4168685674667358 4.934109210968018 6.13380765914917 1.366187334060669 4.934108257293701 6.066300868988037 1.4168833494186401 5.187596797943115 6.1738786697387695 1.36617910861969 5.187596797943115 6.106261253356934 1.4169015884399414 5.441163539886475 6.2139573097229 1.3661737442016602 5.441160678863525 6.146223545074463 1.4169182777404785 5.69487190246582 6.2540082931518555 1.3661597967147827 5.694870948791504 6.186190605163574 1.4169138669967651 5.9487409591674805 6.294056415557861 1.366133451461792 5.9487409591674805 6.226174831390381 1.4169024229049683 6.2026872634887695 6.3340983390808105 1.3661038875579834 6.202686309814453 6.266153335571289 1.4168939590454102 6.456705570220947 6.374100208282471 1.3660898208618164 6.456704616546631 6.306077003479004 1.4168909788131714 6.710748672485352 6.414041996002197 1.3660787343978882 6.710745334625244 5.587027549743652 1.3763971328735352 1.6225697994232178 5.692519664764404 1.3258118629455566 1.62255859375 5.627017021179199 1.3763808012008667 1.8753142356872559 5.7326436042785645 1.325859785079956 1.8753058910369873 5.6669745445251465 1.3763666152954102 2.1277546882629395 5.772747039794922 1.3259028196334839 2.1277503967285156 5.706920623779297 1.3763799667358398 2.3799381256103516 5.81285285949707 1.3259556293487549 2.379931688308716 5.74686336517334 1.3764101266860962 2.631983518600464 5.852956771850586 1.3260118961334229 2.631983518600464 5.786806583404541 1.3764585256576538 2.8839340209960938 5.893071174621582 1.3260644674301147 2.8839304447174072 5.826764106750488 1.3765095472335815 3.1358907222747803 5.933196544647217 1.3261141777038574 3.135887384414673 5.866706371307373 1.3765753507614136 3.387887716293335 5.973319053649902 1.3261642456054688 3.3878848552703857 5.906618595123291 1.3766331672668457 3.6399879455566406 6.013401508331299 1.3261969089508057 3.639986991882324 5.9465436935424805 1.3766931295394897 3.8922271728515625 6.053508281707764 1.326228141784668 3.892226219177246 5.9864888191223145 1.37674081325531 4.144612789154053 6.093621253967285 1.3262441158294678 4.144611835479736 6.026427745819092 1.376774549484253 4.39718770980835 6.133725166320801 1.3262453079223633 4.397188186645508 6.066359996795654 1.3768113851547241 4.649943828582764 6.173798084259033 1.326237440109253 4.649942398071289 6.106315612792969 1.376855731010437 4.902944087982178 6.213879585266113 1.3262332677841187 4.902944087982178 6.146293640136719 1.3768894672393799 5.156190395355225 6.253953456878662 1.3262203931808472 5.156189918518066 6.186278343200684 1.3769149780273438 5.4096550941467285 6.294022083282471 1.3262035846710205 5.4096503257751465 6.226258754730225 1.3769350051879883 5.663290023803711 6.3340654373168945 1.3261879682540894 5.6632866859436035 6.266225337982178 1.376950740814209 5.917151927947998 6.374074459075928 1.3261702060699463 5.917150497436523 6.306168079376221 1.3769478797912598 6.17112922668457 6.414045810699463 1.32615065574646 6.171124458312988 5.587146282196045 1.336277723312378 1.0953402519226074 5.692551136016846 1.2858139276504517 1.0953304767608643 5.627111434936523 1.3362513780593872 1.3474345207214355 5.732638359069824 1.2858734130859375 1.3474242687225342 5.667059898376465 1.336255431175232 1.59915030002594 5.77271842956543 1.2859312295913696 1.5991418361663818 5.706989765167236 1.3362619876861572 1.8505942821502686 5.812788486480713 1.2859902381896973 1.8505890369415283 5.746917247772217 1.3362895250320435 2.101841688156128 5.852863311767578 1.2860463857650757 2.1018378734588623 5.786865234375 1.3363364934921265 2.3529882431030273 5.892960548400879 1.286105990409851 2.3529837131500244 5.826816082000732 1.3364020586013794 2.6041460037231445 5.933072566986084 1.2861653566360474 2.6041438579559326 5.866759300231934 1.3364657163619995 2.855304002761841 5.973176956176758 1.2862272262573242 2.8553006649017334 5.90668249130249 1.3365256786346436 3.106532335281372 6.013271808624268 1.2862719297409058 3.1065330505371094 5.9466142654418945 1.3365793228149414 3.35786771774292 6.053378582000732 1.2862929105758667 3.357865333557129 5.986567497253418 1.336634635925293 3.6093878746032715 6.093501567840576 1.2863069772720337 3.6093876361846924 6.026504993438721 1.3366941213607788 3.861156940460205 6.133613586425781 1.2863188982009888 3.861156463623047 6.066443920135498 1.3367513418197632 4.113173484802246 6.1736931800842285 1.2863190174102783 4.1131744384765625 6.106391906738281 1.3367999792099 4.3655104637146 6.213777542114258 1.2862966060638428 4.365508556365967 6.146372318267822 1.3368589878082275 4.618248462677002 6.2538676261901855 1.2862848043441772 4.618245601654053 6.186366558074951 1.3369057178497314 4.871287822723389 6.293957233428955 1.2862762212753296 4.8712849617004395 6.226353168487549 1.3369473218917847 5.12457799911499 6.334020614624023 1.2862591743469238 5.124575614929199 6.266320705413818 1.3369832038879395 5.378182888031006 6.374048709869385 1.2862443923950195 5.378173828125 6.306267738342285 1.33699369430542 5.631960868835449 6.414055824279785 1.286241054534912 5.631954669952393 5.587281227111816 1.2962075471878052 0.568583071231842 5.6925950050354 1.2458479404449463 0.5685718059539795 5.627208709716797 1.2961751222610474 0.8200658559799194 5.732624053955078 1.2459132671356201 0.8200570344924927 5.667140483856201 1.2961690425872803 1.0711736679077148 5.772676467895508 1.2459806203842163 1.0711692571640015 5.707069396972656 1.2961878776550293 1.3219767808914185 5.812720775604248 1.2460440397262573 1.3219683170318604 5.7469916343688965 1.29621160030365 1.5725394487380981 5.852768898010254 1.2461094856262207 1.5725376605987549 5.786926746368408 1.296256184577942 1.8229838609695435 5.89284610748291 1.2461727857589722 1.8229780197143555 5.826875686645508 1.2963019609451294 2.073333978652954 5.9329400062561035 1.2462304830551147 2.0733301639556885 5.866809368133545 1.296364665031433 2.3237051963806152 5.9730377197265625 1.2462875843048096 2.3237032890319824 5.9067487716674805 1.2964177131652832 2.5740854740142822 6.0131425857543945 1.2463301420211792 2.5740835666656494 5.946692943572998 1.296468734741211 2.824568510055542 6.053250789642334 1.2463536262512207 2.8245668411254883 5.986645698547363 1.296534776687622 3.075228214263916 6.093371868133545 1.2463746070861816 3.0752267837524414 6.026592254638672 1.2966032028198242 3.3261492252349854 6.133482456207275 1.2463881969451904 3.326146364212036 6.066534519195557 1.2966814041137695 3.5774002075195312 6.173572540283203 1.2463884353637695 3.577396869659424 6.106494426727295 1.2967572212219238 3.8290839195251465 6.213674068450928 1.2463812828063965 3.829078197479248 6.146467685699463 1.2968188524246216 4.081199645996094 6.253776550292969 1.2463575601577759 4.081197738647461 6.186450004577637 1.296881079673767 4.333713054656982 6.293878555297852 1.246337652206421 4.333709716796875 6.226451396942139 1.296933889389038 4.586623191833496 6.3339738845825195 1.2463304996490479 4.5866169929504395 6.266422748565674 1.2969682216644287 4.839831352233887 6.374031066894531 1.246310830116272 4.839826583862305 6.3063836097717285 1.2969881296157837 5.0932817459106445 6.41407585144043 1.2462966442108154 5.093272686004639 5.587399959564209 1.2561603784561157 0.04220154881477356 5.69263219833374 1.205894112586975 0.0421900749206543 5.627298355102539 1.2561334371566772 0.2932465672492981 5.7326130867004395 1.205963134765625 0.29323893785476685 5.667219638824463 1.2561211585998535 0.5438465476036072 5.7726263999938965 1.2060306072235107 0.5438389182090759 5.707144737243652 1.2561285495758057 0.7940901517868042 5.812652111053467 1.2061030864715576 0.7940857410430908 5.747063159942627 1.2561506032943726 1.044086217880249 5.8526787757873535 1.2061711549758911 1.0440818071365356 5.786993026733398 1.2561790943145752 1.2938557863235474 5.892743110656738 1.2062405347824097 1.2938517332077026 5.826937198638916 1.2562203407287598 1.5434753894805908 5.932824611663818 1.206296682357788 1.5434716939926147 5.8668694496154785 1.256265640258789 1.7930229902267456 5.972912788391113 1.2063542604446411 1.7930185794830322 5.906813621520996 1.2563279867172241 2.0425896644592285 6.013014793395996 1.2064018249511719 2.0425870418548584 5.946775436401367 1.2563813924789429 2.2922780513763428 6.053127288818359 1.2064257860183716 2.292276382446289 5.986722946166992 1.2564435005187988 2.5421524047851562 6.093238353729248 1.2064443826675415 2.542149066925049 6.026684761047363 1.2565168142318726 2.7922587394714355 6.1333513259887695 1.206457495689392 2.7922568321228027 6.066627502441406 1.2566078901290894 3.042757987976074 6.173452377319336 1.2064615488052368 3.0427536964416504 6.106598377227783 1.2566829919815063 3.293698787689209 6.213569641113281 1.206453561782837 3.2936954498291016 6.146561145782471 1.2567566633224487 3.5451066493988037 6.253687858581543 1.2064299583435059 3.54510235786438 6.186548233032227 1.2568259239196777 3.7969956398010254 6.293806076049805 1.2064054012298584 3.7969908714294434 6.226553440093994 1.2568809986114502 4.049333572387695 6.333933353424072 1.206377625465393 4.04932975769043 6.266529083251953 1.2569193840026855 4.302056789398193 6.3740234375 1.20635187625885 4.302048683166504 6.306512355804443 1.2569313049316406 4.555045127868652 6.414112091064453 1.2063285112380981 4.555034160614014 5.587493896484375 1.2161282300949097 -0.48379242420196533 5.6926589012146 1.1659338474273682 -0.483803391456604 5.627372741699219 1.2161039113998413 -0.23308689892292023 5.732603549957275 1.1660161018371582 -0.233094722032547 5.667293071746826 1.2160985469818115 0.017123952507972717 5.772587776184082 1.1660923957824707 0.0171174556016922 5.7072014808654785 1.2160998582839966 0.2669215202331543 5.8125834465026855 1.166174054145813 0.2669161260128021 5.7471184730529785 1.2161067724227905 0.5163629055023193 5.852601528167725 1.1662442684173584 0.5163599252700806 5.787050247192383 1.2161201238632202 0.7655299305915833 5.892650604248047 1.1663062572479248 0.765525758266449 5.826997756958008 1.2161366939544678 1.0144575834274292 5.932725429534912 1.166365623474121 1.0144553184509277 5.866936206817627 1.2161777019500732 1.2632747888565063 5.972801208496094 1.1664104461669922 1.2632689476013184 5.906877517700195 1.216230869293213 1.5120775699615479 6.012897491455078 1.1664562225341797 1.5120739936828613 5.946842670440674 1.2163022756576538 1.761005163192749 6.05300760269165 1.1664984226226807 1.7610011100769043 5.9868035316467285 1.2163715362548828 2.0100831985473633 6.0931243896484375 1.1665282249450684 2.0100791454315186 6.026756763458252 1.2164479494094849 2.259448766708374 6.133227825164795 1.1665384769439697 2.259448289871216 6.066720008850098 1.2165180444717407 2.509176731109619 6.173340797424316 1.1665318012237549 2.5091729164123535 6.106692314147949 1.2166045904159546 2.759326934814453 6.213476657867432 1.1665234565734863 2.759322166442871 6.146658897399902 1.216684103012085 3.0099520683288574 6.253603458404541 1.1665030717849731 3.0099480152130127 6.186654090881348 1.216753602027893 3.2611191272735596 6.29374361038208 1.1664735078811646 3.2611141204833984 6.226654052734375 1.2168186902999878 3.512798309326172 6.333889484405518 1.1664502620697021 3.5127923488616943 6.266652584075928 1.2168610095977783 3.7648684978485107 6.374029159545898 1.1664189100265503 3.764859676361084 6.306661128997803 1.216872215270996 4.017240047454834 6.41416597366333 1.1663799285888672 4.017230987548828 5.58758020401001 1.176135778427124 -1.0094411373138428 5.692681312561035 1.1259984970092773 -1.0094501972198486 5.627439498901367 1.176105260848999 -0.7590299248695374 5.732606887817383 1.1260687112808228 -0.7590389251708984 5.667347431182861 1.1760880947113037 -0.5091103315353394 5.772564888000488 1.1261537075042725 -0.509118378162384 5.707247734069824 1.1760770082473755 -0.259692907333374 5.812533855438232 1.1262354850769043 -0.25969696044921875 5.7471723556518555 1.1760728359222412 -0.01072743535041809 5.852545738220215 1.1263127326965332 -0.010733060538768768 5.787107944488525 1.1760706901550293 0.23788195848464966 5.892581939697266 1.126378059387207 0.23787915706634521 5.827052116394043 1.1760834455490112 0.48621249198913574 5.932643413543701 1.1264286041259766 0.486209511756897 5.867005348205566 1.176112174987793 0.734368622303009 5.972716808319092 1.1264879703521729 0.7343637347221375 5.906935691833496 1.176159381866455 0.9824553728103638 6.012789249420166 1.1265352964401245 0.9824519157409668 5.946907043457031 1.1762230396270752 1.2306381464004517 6.0529022216796875 1.1265735626220703 1.23063325881958 5.986865997314453 1.1762983798980713 1.4789652824401855 6.093014717102051 1.1266043186187744 1.4789621829986572 6.026832103729248 1.1763708591461182 1.7275398969650269 6.133125305175781 1.1266165971755981 1.7275357246398926 6.066803932189941 1.1764438152313232 1.97649347782135 6.173262119293213 1.1266136169433594 1.9764872789382935 6.106780529022217 1.1765187978744507 2.2258551120758057 6.213388919830322 1.1265947818756104 2.22585129737854 6.146764755249023 1.1765940189361572 2.4757039546966553 6.253534317016602 1.1265708208084106 2.4756977558135986 6.1867594718933105 1.1766693592071533 2.7260777950286865 6.2936835289001465 1.1265417337417603 2.726072311401367 6.226754188537598 1.1767334938049316 2.976966619491577 6.333857536315918 1.1265103816986084 2.976959466934204 6.266775608062744 1.1767730712890625 3.22829270362854 6.374026298522949 1.126471757888794 3.228285074234009 6.30681848526001 1.1767791509628296 3.479984760284424 6.414210796356201 1.1264234781265259 3.4799740314483643 5.587647914886475 1.1361578702926636 -1.5348761081695557 5.6927080154418945 1.0860767364501953 -1.5348857641220093 5.627496719360352 1.1361265182495117 -1.2847070693969727 5.732614994049072 1.0861446857452393 -1.284713625907898 5.667391777038574 1.1361008882522583 -1.0350446701049805 5.77255392074585 1.0862205028533936 -1.0350496768951416 5.707285404205322 1.1360716819763184 -0.7859188914299011 5.812510967254639 1.086297631263733 -0.7859243154525757 5.747211933135986 1.1360485553741455 -0.5373455286026001 5.852503299713135 1.0863713026046753 -0.5373492240905762 5.787150859832764 1.1360447406768799 -0.28919968008995056 5.8925299644470215 1.0864441394805908 -0.2892046570777893 5.827103137969971 1.1360445022583008 -0.041391968727111816 5.932581424713135 1.0865147113800049 -0.041396431624889374 5.867053031921387 1.1360642910003662 0.20615842938423157 5.972640514373779 1.086561918258667 0.20615699887275696 5.9069929122924805 1.1360995769500732 0.45359617471694946 6.0127058029174805 1.0866085290908813 0.45359086990356445 5.946952819824219 1.1361520290374756 0.7010482549667358 6.052806854248047 1.0866419076919556 0.7010451555252075 5.986927032470703 1.1362085342407227 0.948622465133667 6.092920303344727 1.0866684913635254 0.9486179947853088 6.026899814605713 1.1362760066986084 1.1964659690856934 6.133048057556152 1.0866789817810059 1.1964620351791382 6.066887855529785 1.1363489627838135 1.4446353912353516 6.173184394836426 1.0866721868515015 1.4446320533752441 6.106866836547852 1.1364240646362305 1.6932202577590942 6.213325500488281 1.0866601467132568 1.69321608543396 6.146860599517822 1.1364965438842773 1.942264437675476 6.253472328186035 1.0866369009017944 1.9422595500946045 6.186856269836426 1.1365574598312378 2.191829204559326 6.293642044067383 1.0866042375564575 2.1918234825134277 6.226871490478516 1.1366150379180908 2.4418325424194336 6.333829402923584 1.086564540863037 2.4418256282806396 6.266911506652832 1.1366479396820068 2.6923325061798096 6.374039173126221 1.0865064859390259 2.692326068878174 6.306972026824951 1.1366581916809082 2.943272829055786 6.414264678955078 1.0864479541778564 2.9432613849639893 5.587711811065674 1.0962300300598145 -2.0601096153259277 5.6927490234375 1.0461962223052979 -2.0601162910461426 5.627540111541748 1.0961891412734985 -1.8102083206176758 5.732626914978027 1.0462568998336792 -1.8102130889892578 5.667418003082275 1.0961475372314453 -1.560762882232666 5.772556304931641 1.0463135242462158 -1.5607664585113525 5.70731782913208 1.0960988998413086 -1.3118969202041626 5.812501430511475 1.0463876724243164 -1.3118999004364014 5.747235298156738 1.0960637331008911 -1.063645601272583 5.852480888366699 1.046463131904602 -1.0636491775512695 5.78718376159668 1.0960311889648438 -0.8158894777297974 5.892498970031738 1.0465244054794312 -0.8158908486366272 5.827130317687988 1.096020221710205 -0.5685514211654663 5.93253755569458 1.046576738357544 -0.568554162979126 5.867074966430664 1.096029281616211 -0.3215072453022003 5.9725847244262695 1.0466387271881104 -0.32151034474372864 5.907032489776611 1.096045732498169 -0.07467175275087357 6.012650966644287 1.0466787815093994 -0.07467381656169891 5.9470014572143555 1.096071481704712 0.17209944128990173 6.052738666534424 1.0467069149017334 0.17209595441818237 5.986971855163574 1.0961214303970337 0.4189695715904236 6.092859268188477 1.046722412109375 0.41896623373031616 6.026963710784912 1.0961854457855225 0.6660829186439514 6.1329803466796875 1.046727180480957 0.6660777926445007 6.066950798034668 1.096250295639038 0.9135135412216187 6.173118591308594 1.0467286109924316 0.913510262966156 6.106940269470215 1.0963222980499268 1.1613116264343262 6.21326208114624 1.046718955039978 1.1613067388534546 6.146943092346191 1.0963878631591797 1.409555435180664 6.253427982330322 1.0466930866241455 1.409550666809082 6.186950206756592 1.0964393615722656 1.6582554578781128 6.2936110496521 1.046655297279358 1.6582494974136353 6.226982593536377 1.0964810848236084 1.9073750972747803 6.3338212966918945 1.0466119050979614 1.9073680639266968 6.2670464515686035 1.0965170860290527 2.1569881439208984 6.374061107635498 1.0465482473373413 2.156980037689209 6.3071160316467285 1.0965220928192139 2.407057046890259 6.414312839508057 1.0464838743209839 2.4070491790771484 5.587741851806641 1.0562987327575684 -2.585287094116211 5.692776203155518 1.006317138671875 -2.585289478302002 5.627574443817139 1.0562539100646973 -2.3355767726898193 5.7326459884643555 1.0063610076904297 -2.3355798721313477 5.66743803024292 1.0561975240707397 -2.08638858795166 5.772565841674805 1.0064170360565186 -2.086390972137451 5.707340717315674 1.0561413764953613 -1.8377714157104492 5.812514781951904 1.0064754486083984 -1.8377745151519775 5.747256278991699 1.0560767650604248 -1.589775800704956 5.852485656738281 1.006533145904541 -1.589776873588562 5.787197113037109 1.0560228824615479 -1.3423473834991455 5.892490863800049 1.0065884590148926 -1.3423495292663574 5.8271379470825195 1.055994987487793 -1.095434546470642 5.932517051696777 1.0066466331481934 -1.0954381227493286 5.867082118988037 1.0559793710708618 -0.8488774299621582 5.972550868988037 1.0066975355148315 -0.8488776087760925 5.907045364379883 1.05598783493042 -0.6025878190994263 6.012616157531738 1.0067408084869385 -0.6025906801223755 5.94702672958374 1.0560091733932495 -0.3563915193080902 6.052707195281982 1.0067651271820068 -0.35639312863349915 5.987005710601807 1.0560498237609863 -0.11016584932804108 6.092807769775391 1.0067853927612305 -0.11016985774040222 6.027002811431885 1.056102991104126 0.13624590635299683 6.132937431335449 1.0067920684814453 0.136243999004364 6.066987037658691 1.056171178817749 0.382967084646225 6.17306661605835 1.0067901611328125 0.38296300172805786 6.106996059417725 1.0562291145324707 0.6300150156021118 6.213220596313477 1.0067802667617798 0.6300116181373596 6.14701509475708 1.0562834739685059 0.8774234652519226 6.253406524658203 1.006762146949768 0.8774182200431824 6.187045097351074 1.0563229322433472 1.1252317428588867 6.293604850769043 1.0067181587219238 1.1252284049987793 6.22709321975708 1.0563507080078125 1.373476266860962 6.333834171295166 1.0066536664962769 1.3734700679779053 6.267164707183838 1.0563663244247437 1.6221697330474854 6.3740949630737305 1.0065908432006836 1.622164011001587 6.307248592376709 1.0563565492630005 1.8712527751922607 6.414374828338623 1.0065191984176636 1.8712478876113892 5.587770938873291 1.0163676738739014 -3.110426187515259 5.6927924156188965 0.9664462208747864 -3.1104321479797363 5.627582550048828 1.0163158178329468 -2.8609678745269775 5.7326765060424805 0.9664800763130188 -2.8609671592712402 5.667450428009033 1.01625394821167 -2.6120219230651855 5.772593975067139 0.9665233492851257 -2.6120235919952393 5.707345485687256 1.0161805152893066 -2.363668918609619 5.8125433921813965 0.9665728807449341 -2.3636677265167236 5.747257232666016 1.0161070823669434 -2.115936040878296 5.8525190353393555 0.9666255712509155 -2.1159369945526123 5.787198066711426 1.0160338878631592 -1.8688380718231201 5.892518997192383 0.966671347618103 -1.8688393831253052 5.8271355628967285 1.0159873962402344 -1.6222816705703735 5.932531356811523 0.9667243957519531 -1.6222840547561646 5.867076873779297 1.0159635543823242 -1.376189947128296 5.9725494384765625 0.9667709469795227 -1.3761922121047974 5.9070329666137695 1.0159578323364258 -1.1303714513778687 6.012604236602783 0.9668034315109253 -1.1303720474243164 5.947027206420898 1.01596999168396 -0.88468998670578 6.05269193649292 0.9668310284614563 -0.8846930861473083 5.9870195388793945 1.0159921646118164 -0.639042854309082 6.092789649963379 0.9668476581573486 -0.6390451192855835 6.027013301849365 1.0160348415374756 -0.3932569622993469 6.132899284362793 0.9668526649475098 -0.39326000213623047 6.067015171051025 1.0160794258117676 -0.14725054800510406 6.17303991317749 0.966845691204071 -0.14725211262702942 6.107032775878906 1.0161210298538208 0.0990653708577156 6.213205814361572 0.9668260216712952 0.0990605354309082 6.147078037261963 1.0161535739898682 0.34568101167678833 6.253404140472412 0.9667952060699463 0.3456774652004242 6.187130928039551 1.0161857604980469 0.5926474332809448 6.2936296463012695 0.9667539596557617 0.5926390886306763 6.227193355560303 1.016206979751587 0.8399586081504822 6.3338727951049805 0.9666984677314758 0.8399540781974792 6.2672624588012695 1.016211748123169 1.0876973867416382 6.374134063720703 0.9666298031806946 1.0876946449279785 6.307368278503418 1.0161964893341064 1.3357553482055664 6.414442539215088 0.9665622115135193 1.3357477188110352 5.587792873382568 0.9764139652252197 -3.635594367980957 5.6928300857543945 0.9265676736831665 -3.635591745376587 5.6275858879089355 0.9763516187667847 -3.3864777088165283 5.732705593109131 0.9265738129615784 -3.3864808082580566 5.667443752288818 0.9762825965881348 -3.1378190517425537 5.772632598876953 0.9266114234924316 -3.1378183364868164 5.707335472106934 0.9762071371078491 -2.889758586883545 5.812592029571533 0.9266581535339355 -2.8897602558135986 5.747251033782959 0.9761229157447815 -2.642329692840576 5.852574825286865 0.9267016649246216 -2.642331123352051 5.787170886993408 0.9760477542877197 -2.3955607414245605 5.89256477355957 0.9267536997795105 -2.395559787750244 5.827114105224609 0.9759893417358398 -2.14936900138855 5.932573318481445 0.9267998933792114 -2.1493704319000244 5.867053985595703 0.9759507179260254 -1.903656244277954 5.972588062286377 0.9268367886543274 -1.9036574363708496 5.90701150894165 0.9759201407432556 -1.658271074295044 6.012627124786377 0.9268564581871033 -1.6582709550857544 5.94700813293457 0.9759084582328796 -1.4130510091781616 6.0527119636535645 0.926867663860321 -1.413050651550293 5.987005233764648 0.9759265780448914 -1.1678603887557983 6.092793941497803 0.9268826842308044 -1.1678630113601685 6.027002811431885 0.9759536981582642 -0.9226332902908325 6.132894039154053 0.9268981218338013 -0.9226362109184265 6.06702995300293 0.9759894013404846 -0.6772782206535339 6.173044204711914 0.9268916845321655 -0.6772803664207458 6.107067584991455 0.9760072231292725 -0.4316810369491577 6.213219165802002 0.9268636703491211 -0.43168383836746216 6.147130012512207 0.9760282039642334 -0.18584737181663513 6.253433704376221 0.92682945728302 -0.18585056066513062 6.187197208404541 0.9760367274284363 0.06025511771440506 6.293668746948242 0.926785409450531 0.06025288999080658 6.227268218994141 0.9760550260543823 0.30669277906417847 6.333913803100586 0.9267347455024719 0.30668777227401733 6.267345428466797 0.9760564565658569 0.5534432530403137 6.374184608459473 0.926680326461792 0.5534383654594421 6.307474613189697 0.9760516881942749 0.8004764914512634 6.414510726928711 0.9266107678413391 0.8004709482192993 5.587799549102783 0.9364393949508667 -4.16084098815918 5.692861557006836 0.886696457862854 -4.160839557647705 5.627590656280518 0.936382532119751 -3.9121768474578857 5.732752799987793 0.8866961598396301 -3.912175178527832 5.667433261871338 0.9362971782684326 -3.663928985595703 5.772687911987305 0.886701762676239 -3.663928985595703 5.707326412200928 0.9362066388130188 -3.4162230491638184 5.8126606941223145 0.8867310285568237 -3.4162232875823975 5.747223854064941 0.9361245632171631 -3.1691675186157227 5.852637767791748 0.8867774605751038 -3.169168472290039 5.787131309509277 0.9360519051551819 -2.922727346420288 5.892621040344238 0.8868285417556763 -2.92272686958313 5.827068328857422 0.9359882473945618 -2.6768956184387207 5.932631015777588 0.8868669867515564 -2.6768946647644043 5.867020130157471 0.9359360337257385 -2.4315531253814697 5.972651481628418 0.886898934841156 -2.4315531253814697 5.906979084014893 0.9359006285667419 -2.1865451335906982 6.012683868408203 0.886918842792511 -2.1865479946136475 5.946966171264648 0.935895562171936 -1.94171941280365 6.052744388580322 0.8869326710700989 -1.9417191743850708 5.98696756362915 0.9358894228935242 -1.6969283819198608 6.092831611633301 0.8869348764419556 -1.6969285011291504 6.026980876922607 0.9358872771263123 -1.4521546363830566 6.132929801940918 0.8869291543960571 -1.4521564245224 6.067022800445557 0.9358981251716614 -1.2073726654052734 6.173071384429932 0.886924684047699 -1.2073743343353271 6.107085227966309 0.9359074831008911 -0.9624365568161011 6.213260650634766 0.886902391910553 -0.9624383449554443 6.147166728973389 0.935913622379303 -0.7173534035682678 6.25347900390625 0.8868715167045593 -0.7173557281494141 6.187248229980469 0.9359158873558044 -0.47204720973968506 6.2937188148498535 0.8868283629417419 -0.47205108404159546 6.227327346801758 0.9359058141708374 -0.2264796793460846 6.333969593048096 0.8867731094360352 -0.22648319602012634 6.267425537109375 0.9358934164047241 0.019321158528327942 6.37424898147583 0.8867092728614807 0.019318312406539917 6.307567596435547 0.9358704686164856 0.26535671949386597 6.414581298828125 0.8866405487060547 0.2653510868549347 5.587786674499512 0.8964482545852661 -4.686237812042236 5.6928887367248535 0.8468258380889893 -4.686234951019287 5.627586364746094 0.896396279335022 -4.438141822814941 5.7328104972839355 0.8468070030212402 -4.438140869140625 5.667431354522705 0.8963155746459961 -4.190370559692383 5.77276086807251 0.8468139171600342 -4.19036865234375 5.707297325134277 0.896214485168457 -3.9431235790252686 5.81273078918457 0.8468337655067444 -3.943121910095215 5.747186660766602 0.8961286544799805 -3.6965010166168213 5.852715969085693 0.8468608856201172 -3.696498394012451 5.787086486816406 0.8960429430007935 -3.4504594802856445 5.892693996429443 0.846893310546875 -3.4504594802856445 5.827020645141602 0.8959802389144897 -3.2049903869628906 5.932705879211426 0.8469327688217163 -3.204990863800049 5.866971492767334 0.8959195613861084 -2.9599852561950684 5.972723007202148 0.8469540476799011 -2.9599850177764893 5.9069366455078125 0.8958852291107178 -2.7153286933898926 6.012754917144775 0.8469679951667786 -2.7153284549713135 5.94691801071167 0.8958621025085449 -2.47084903717041 6.052799701690674 0.846971333026886 -2.4708495140075684 5.9869279861450195 0.8958361744880676 -2.2264442443847656 6.092889785766602 0.8469628095626831 -2.2264444828033447 6.0269551277160645 0.8958185911178589 -1.9821064472198486 6.132990837097168 0.8469476699829102 -1.9821064472198486 6.0669965744018555 0.895801842212677 -1.73776113986969 6.17312479019165 0.8469312191009521 -1.7377620935440063 6.107078552246094 0.8957931995391846 -1.4934090375900269 6.213308811187744 0.8469150066375732 -1.4934109449386597 6.147182464599609 0.8957815766334534 -1.2489824295043945 6.2535400390625 0.8468804359436035 -1.2489817142486572 6.187276363372803 0.8957675695419312 -1.0044137239456177 6.293773174285889 0.8468361496925354 -1.0044143199920654 6.22737979888916 0.8957545757293701 -0.7597063779830933 6.334036350250244 0.8467856645584106 -0.7597091794013977 6.2674946784973145 0.8957317471504211 -0.5147864818572998 6.374322891235352 0.8467277884483337 -0.5147919058799744 6.307652473449707 0.8957136273384094 -0.26968011260032654 6.414655685424805 0.8466688990592957 -0.2696847915649414 5.587780475616455 0.8564561605453491 -5.211893558502197 5.692927837371826 0.8069741725921631 -5.211889266967773 5.62758731842041 0.8563953042030334 -4.964422225952148 5.732875347137451 0.8069366812705994 -4.964419841766357 5.667408466339111 0.856309711933136 -4.717263698577881 5.772837162017822 0.806930422782898 -4.7172627449035645 5.707271099090576 0.8562204837799072 -4.470582008361816 5.812812805175781 0.8069407939910889 -4.470579624176025 5.747147083282471 0.856128990650177 -4.224432468414307 5.852789878845215 0.806957483291626 -4.224430561065674 5.7870378494262695 0.85605388879776 -3.978844165802002 5.89277458190918 0.8069822788238525 -3.9788429737091064 5.826966285705566 0.8559778332710266 -3.7337403297424316 5.932775497436523 0.806998074054718 -3.7337374687194824 5.866916656494141 0.8559144139289856 -3.4890739917755127 5.972792148590088 0.8070127964019775 -3.489072322845459 5.90688419342041 0.8558598756790161 -3.244715929031372 6.012818813323975 0.8070070743560791 -3.244711399078369 5.946879863739014 0.8558111190795898 -3.0005288124084473 6.052879810333252 0.8069884777069092 -3.000528335571289 5.9868950843811035 0.8557659387588501 -2.7565011978149414 6.092959403991699 0.8069670796394348 -2.7564992904663086 6.026914596557617 0.8557320833206177 -2.5125510692596436 6.133058071136475 0.8069441318511963 -2.5125491619110107 6.066977500915527 0.8557020425796509 -2.268620252609253 6.173192024230957 0.8069230318069458 -2.268620014190674 6.107065200805664 0.8556666374206543 -2.024740219116211 6.213381767272949 0.8068875074386597 -2.0247390270233154 6.147182464599609 0.8556296229362488 -1.7808849811553955 6.25360107421875 0.8068568110466003 -1.7808852195739746 6.187289237976074 0.8556149005889893 -1.5370137691497803 6.293832778930664 0.8068290948867798 -1.5370157957077026 6.2274169921875 0.8555931448936462 -1.2930395603179932 6.334105968475342 0.8067828416824341 -1.293042778968811 6.267559051513672 0.8555687665939331 -1.0489423274993896 6.3744001388549805 0.8067365884780884 -1.0489449501037598 6.307723522186279 0.8555514812469482 -0.8047046661376953 6.414729118347168 0.8066865801811218 -0.804709792137146 5.587777614593506 0.816437840461731 -5.737758159637451 5.692975044250488 0.7671106457710266 -5.737754821777344 5.627583980560303 0.8163827061653137 -5.491074085235596 5.732945442199707 0.7670695185661316 -5.491071701049805 5.667400360107422 0.8162935376167297 -5.244633674621582 5.772908687591553 0.7670468688011169 -5.244631290435791 5.707247734069824 0.816211998462677 -4.998578071594238 5.81288480758667 0.7670421600341797 -4.998575687408447 5.747115135192871 0.8161296248435974 -4.752950668334961 5.852864742279053 0.7670525312423706 -4.75294828414917 5.787008762359619 0.8160380125045776 -4.507817268371582 5.892849445343018 0.767059326171875 -4.507815361022949 5.826920986175537 0.8159645795822144 -4.263108253479004 5.932839393615723 0.7670613527297974 -4.263106822967529 5.866870403289795 0.8158994913101196 -4.0187482833862305 5.9728546142578125 0.7670571804046631 -4.018745422363281 5.9068498611450195 0.8158407211303711 -3.774667978286743 6.012894153594971 0.7670441269874573 -3.7746684551239014 5.946852207183838 0.8157693147659302 -3.530803918838501 6.05295467376709 0.7670139670372009 -3.530799627304077 5.986865997314453 0.8157082796096802 -3.2871055603027344 6.093033313751221 0.7669792771339417 -3.2871053218841553 6.026893615722656 0.8156496286392212 -3.0435004234313965 6.1331281661987305 0.7669338583946228 -3.04349684715271 6.066956996917725 0.815584659576416 -2.7999582290649414 6.173275470733643 0.7668838500976562 -2.7999579906463623 6.107055187225342 0.8155304789543152 -2.556514024734497 6.213449001312256 0.7668507099151611 -2.556513786315918 6.147161483764648 0.8154860138893127 -2.313168525695801 6.253660202026367 0.7668178677558899 -2.3131656646728516 6.187302112579346 0.8154507279396057 -2.069869041442871 6.293900012969971 0.7667869329452515 -2.069870710372925 6.227445602416992 0.8154142498970032 -1.8265585899353027 6.334168910980225 0.7667422890663147 -1.8265571594238281 6.267619609832764 0.8153877258300781 -1.5831799507141113 6.374477386474609 0.7667019963264465 -1.5831880569458008 6.307794094085693 0.8153594136238098 -1.3397483825683594 6.414800643920898 0.7666594386100769 -1.3397514820098877 5.587791919708252 0.7764009833335876 -6.263831615447998 5.693025588989258 0.7272458672523499 -6.263830184936523 5.627592086791992 0.7763458490371704 -6.018042087554932 5.7330002784729 0.727198600769043 -6.018038749694824 5.667407512664795 0.7762774229049683 -5.772363185882568 5.772969722747803 0.727170467376709 -5.772362232208252 5.707239627838135 0.776205837726593 -5.526981830596924 5.812944412231445 0.7271659970283508 -5.526982307434082 5.747109889984131 0.7761342525482178 -5.281920909881592 5.852926731109619 0.7271648049354553 -5.281919956207275 5.786998271942139 0.7760505676269531 -5.037277698516846 5.892915725708008 0.7271527647972107 -5.037274360656738 5.826906681060791 0.7759689688682556 -4.792944431304932 5.93289852142334 0.7271279096603394 -4.792940616607666 5.866851806640625 0.7758946418762207 -4.548885822296143 5.972908020019531 0.7271103858947754 -4.548882484436035 5.9068427085876465 0.775810956954956 -4.3051018714904785 6.012959957122803 0.7270761728286743 -4.305094242095947 5.946845054626465 0.7757272720336914 -4.061548233032227 6.0530242919921875 0.7270306944847107 -4.0615434646606445 5.986873626708984 0.7756468057632446 -3.818162679672241 6.093116760253906 0.726981520652771 -3.818159341812134 6.026910305023193 0.7755626440048218 -3.574901819229126 6.133222579956055 0.7269226908683777 -3.574899911880493 6.066961288452148 0.775472104549408 -3.3317551612854004 6.173353672027588 0.7268555760383606 -3.331749677658081 6.107051372528076 0.7753996849060059 -3.088701009750366 6.213522911071777 0.7268000841140747 -3.0887017250061035 6.147154808044434 0.7753335237503052 -2.845806360244751 6.253713130950928 0.7267653942108154 -2.845806360244751 6.187306880950928 0.7752799391746521 -2.6030099391937256 6.293962001800537 0.7267241477966309 -2.603008508682251 6.227475643157959 0.7752341032028198 -2.3602499961853027 6.334229946136475 0.7266846299171448 -2.360252618789673 6.2676682472229 0.7751886248588562 -2.117516040802002 6.374550819396973 0.7266421318054199 -2.1175148487091064 6.307869911193848 0.7751560211181641 -1.8747868537902832 6.414873123168945 0.7266041040420532 -1.8747954368591309 5.5878119468688965 0.7363442778587341 -6.790081024169922 5.693063259124756 0.6873590350151062 -6.7900800704956055 5.627620220184326 0.7363153100013733 -6.545158386230469 5.733026027679443 0.6873347759246826 -6.545155048370361 5.667426586151123 0.7362761497497559 -6.300289630889893 5.773000717163086 0.6873196363449097 -6.300286769866943 5.707264423370361 0.7362229824066162 -6.055610656738281 5.81297492980957 0.6873098611831665 -6.055608749389648 5.747128009796143 0.7361499667167664 -5.811190128326416 5.852963447570801 0.6872847080230713 -5.811185836791992 5.787022113800049 0.7360677123069763 -5.566976070404053 5.892948150634766 0.6872482299804688 -5.5669732093811035 5.826920032501221 0.735971987247467 -5.323032379150391 5.932934761047363 0.6872043013572693 -5.323026657104492 5.866868019104004 0.7358777523040771 -5.079308032989502 5.9729533195495605 0.6871583461761475 -5.0793046951293945 5.9068474769592285 0.735785722732544 -4.8358259201049805 6.013003349304199 0.6871094703674316 -4.835820198059082 5.946872711181641 0.7356877326965332 -4.592587471008301 6.053084373474121 0.6870588064193726 -4.59258508682251 5.986905574798584 0.7355774641036987 -4.349542617797852 6.0931925773620605 0.6869806051254272 -4.349538803100586 6.026955604553223 0.7354596853256226 -4.1066131591796875 6.1333112716674805 0.6868928670883179 -4.10660982131958 6.066995620727539 0.7353547811508179 -3.86385440826416 6.1734299659729 0.6868085265159607 -3.8638529777526855 6.107069492340088 0.73525470495224 -3.6212151050567627 6.2135796546936035 0.6867374181747437 -3.621208906173706 6.147185325622559 0.7351589798927307 -3.378715991973877 6.2537736892700195 0.6866763830184937 -3.3787126541137695 6.18733549118042 0.735073983669281 -3.136378526687622 6.294020652770996 0.6866145730018616 -3.1363768577575684 6.227505207061768 0.7350082993507385 -2.8941187858581543 6.334293842315674 0.6865618228912354 -2.894117832183838 6.267712593078613 0.7349574565887451 -2.651956558227539 6.374604225158691 0.6865222454071045 -2.651956796646118 6.307947158813477 0.7349159121513367 -2.4098000526428223 6.414949893951416 0.6864837408065796 -2.409804582595825 6.353846073150635 1.4567828178405762 7.555677890777588 6.461849689483643 1.4059680700302124 7.555671215057373 6.361810207366943 1.456779956817627 7.606502532958984 6.469808578491211 1.405965805053711 7.606496334075928 6.353902339935303 1.4168715476989746 7.015666484832764 6.461880207061768 1.3660659790039062 7.015665531158447 6.3618879318237305 1.416863203048706 7.066466808319092 6.469844341278076 1.3660619258880615 7.066466331481934 6.35402250289917 1.3769086599349976 6.475922584533691 6.4619245529174805 1.3261256217956543 6.47591495513916 6.361996173858643 1.3768978118896484 6.526705265045166 6.469893455505371 1.3261198997497559 6.526699066162109 6.354156970977783 1.3369356393814087 5.936502933502197 6.462008476257324 1.2862085103988647 5.936500549316406 6.362133979797363 1.3369193077087402 5.987222194671631 6.4699811935424805 1.2861958742141724 5.987213611602783 6.354318141937256 1.2969450950622559 5.397439956665039 6.462100028991699 1.24626886844635 5.397436141967773 6.362312316894531 1.2969285249710083 5.448097229003906 6.470078945159912 1.2462552785873413 5.448088645935059 6.354485988616943 1.2568769454956055 4.858713150024414 6.462198734283447 1.2062959671020508 4.858706474304199 6.362475872039795 1.2568583488464355 4.909292221069336 6.47019624710083 1.2062866687774658 4.909281253814697 6.35466194152832 1.2168070077896118 4.320339202880859 6.462296962738037 1.1663106679916382 4.320331573486328 6.362659454345703 1.2167891263961792 4.370823860168457 6.470303535461426 1.1662966012954712 4.37081241607666 6.3548479080200195 1.1767337322235107 3.7822954654693604 6.4624128341674805 1.12636399269104 3.782284736633301 6.362847805023193 1.1767189502716064 3.8326683044433594 6.470418930053711 1.1263501644134521 3.83266544342041 6.355036735534668 1.136613130569458 3.2446768283843994 6.462520122528076 1.0863821506500244 3.244671583175659 6.363040447235107 1.1365970373153687 3.294914960861206 6.470522403717041 1.0863683223724365 3.294905185699463 6.355212211608887 1.0964751243591309 2.7074830532073975 6.46262264251709 1.046418309211731 2.707467555999756 6.36321496963501 1.096463918685913 2.757552146911621 6.470634937286377 1.0464074611663818 2.7575454711914062 6.355365753173828 1.0563184022903442 2.1705210208892822 6.462735652923584 1.006426215171814 2.1705174446105957 6.36336612701416 1.0563031435012817 2.2204227447509766 6.470742225646973 1.0064184665679932 2.2204136848449707 6.35548734664917 1.0161809921264648 1.6337589025497437 6.462815284729004 0.9664996266365051 1.633751392364502 6.3634748458862305 1.0161694288253784 1.683448314666748 6.4708075523376465 0.9664883017539978 1.6834521293640137 6.355607509613037 0.9760167002677917 1.0972506999969482 6.462884426116943 0.9265521764755249 1.09724760055542 6.363600254058838 0.9760047793388367 1.1467461585998535 6.470887660980225 0.9265384078025818 1.1467468738555908 6.355697154998779 0.9358593821525574 0.5609500408172607 6.4629597663879395 0.8865699172019958 0.5609439611434937 6.363696098327637 0.9358572959899902 0.6102595925331116 6.470964431762695 0.8865654468536377 0.6102515459060669 6.355783939361572 0.8956853151321411 0.024733468890190125 6.4630208015441895 0.8466029763221741 0.024724602699279785 6.363780975341797 0.895677924156189 0.07382319122552872 6.4710307121276855 0.8465945720672607 0.07381998747587204 6.355874538421631 0.8555275201797485 -0.5114429593086243 6.463111400604248 0.8066415786743164 -0.5114515423774719 6.3638739585876465 0.8555217981338501 -0.46252793073654175 6.471106052398682 0.8066340088844299 -0.4625394940376282 6.355987071990967 0.8153337240219116 -1.047499656677246 6.463192939758301 0.7666118741035461 -1.047511100769043 6.364014148712158 0.8153272271156311 -0.9987689256668091 6.471217155456543 0.7666049003601074 -0.9987772703170776 6.356112957000732 0.7751319408416748 -1.583467960357666 6.463287830352783 0.7265710830688477 -1.5834801197052002 6.36412239074707 0.7751266360282898 -1.5348989963531494 6.471310615539551 0.7265687584877014 -1.5349071025848389 6.356206893920898 0.7348881363868713 -2.119258403778076 6.463362216949463 0.6864513754844666 -2.1192679405212402 6.364243984222412 0.734885036945343 -2.0708208084106445 6.471404552459717 0.6864432096481323 -2.0708296298980713 5.532061576843262 0.6882649660110474 -7.762931823730469 5.637112140655518 0.6394741535186768 -7.762943267822266 5.540055751800537 0.6882649660110474 -7.714147090911865 5.645113468170166 0.6394668817520142 -7.714142799377441 5.532075881958008 0.6802545785903931 -7.867976665496826 5.637112617492676 0.6314551830291748 -7.8679633140563965 5.540049076080322 0.6802506446838379 -7.819195747375488 5.645112991333008 0.6314598321914673 -7.819205284118652 5.5878729820251465 0.6882613301277161 -7.421463966369629 5.693079471588135 0.6394733190536499 -7.421473503112793 5.627691745758057 0.6882821917533875 -7.17750358581543 5.7330427169799805 0.6394913196563721 -7.177517890930176 5.667523384094238 0.6882705092430115 -6.933587551116943 5.773005962371826 0.6394882798194885 -6.933589458465576 5.707347869873047 0.6882150173187256 -6.689787864685059 5.813000202178955 0.6394666433334351 -6.689792633056641 5.747234344482422 0.6881662011146545 -6.446083068847656 5.8529953956604 0.6394345760345459 -6.4460859298706055 5.787112712860107 0.6880955100059509 -6.202484607696533 5.892991542816162 0.6393916606903076 -6.202489376068115 5.827040672302246 0.6879944801330566 -5.959047794342041 5.932994365692139 0.6393309235572815 -5.959047794342041 5.866953372955322 0.6878560185432434 -5.715811729431152 5.973005771636963 0.6392359137535095 -5.715808391571045 5.9069342613220215 0.6877418756484985 -5.472772598266602 6.013058662414551 0.6391539573669434 -5.47276496887207 5.9469475746154785 0.6876122951507568 -5.22994327545166 6.053156852722168 0.6390626430511475 -5.229942798614502 5.987009048461914 0.6874791383743286 -4.987284183502197 6.093284606933594 0.6389771699905396 -4.987279891967773 6.027064800262451 0.687346339225769 -4.744837760925293 6.133420467376709 0.6388599872589111 -4.744832515716553 6.067098140716553 0.6872111558914185 -4.502470016479492 6.173513412475586 0.6387593746185303 -4.502467632293701 6.1071696281433105 0.6870647072792053 -4.260293960571289 6.213659763336182 0.6386429071426392 -4.260289669036865 6.147270202636719 0.6868954300880432 -4.018316745758057 6.253857612609863 0.6385207176208496 -4.018307209014893 6.1874189376831055 0.6867645382881165 -3.776545524597168 6.29409122467041 0.6384119987487793 -3.7765419483184814 6.22755765914917 0.6866404414176941 -3.5349082946777344 6.334360599517822 0.6383218169212341 -3.534902334213257 6.267780780792236 0.686560869216919 -3.293363094329834 6.374680519104004 0.6382385492324829 -3.2933597564697266 6.308013439178467 0.6864935159683228 -3.051863431930542 6.415040016174316 0.6381964683532715 -3.051861524581909 5.5878801345825195 0.680258572101593 -7.526636600494385 5.693074703216553 0.6314776539802551 -7.526632785797119 5.627702236175537 0.6802830696105957 -7.282820224761963 5.7330522537231445 0.6314932107925415 -7.282826900482178 5.667530536651611 0.6802635192871094 -7.039036273956299 5.773001194000244 0.6314975619316101 -7.03902530670166 5.707361698150635 0.680210292339325 -6.795385360717773 5.813007354736328 0.6314695477485657 -6.795383930206299 5.747250556945801 0.6801578402519226 -6.551812171936035 5.853000164031982 0.6314271688461304 -6.551811695098877 5.787121772766113 0.680094301700592 -6.308330059051514 5.892996788024902 0.6313943862915039 -6.308322429656982 5.827062129974365 0.6799929141998291 -6.064977645874023 5.933001518249512 0.6313285827636719 -6.064964771270752 5.866973876953125 0.6798471808433533 -5.821832656860352 5.973017692565918 0.6312206983566284 -5.821824550628662 5.906948089599609 0.6797171831130981 -5.578887462615967 6.013065338134766 0.6311379671096802 -5.578876972198486 5.946967601776123 0.6795841455459595 -5.33613920211792 6.053164482116699 0.6310461163520813 -5.336130619049072 5.987020969390869 0.6794570088386536 -5.093558311462402 6.093301296234131 0.6309486627578735 -5.093547344207764 6.02708101272583 0.6793254613876343 -4.851170063018799 6.1334309577941895 0.6308463215827942 -4.851156234741211 6.067111968994141 0.6791805028915405 -4.608883380889893 6.173525810241699 0.6307311654090881 -4.608869552612305 6.107192039489746 0.6790205836296082 -4.366769790649414 6.2136759757995605 0.6306082606315613 -4.366765975952148 6.147288799285889 0.6788605451583862 -4.124889850616455 6.25386905670166 0.630478024482727 -4.124876976013184 6.187434673309326 0.678708016872406 -3.8832130432128906 6.294099807739258 0.630354642868042 -3.8831992149353027 6.2275710105896 0.6785829663276672 -3.641709089279175 6.334366321563721 0.6302504539489746 -3.6416983604431152 6.267789363861084 0.6784828305244446 -3.4002609252929688 6.374693870544434 0.6301620006561279 -3.400257110595703 6.308018684387207 0.6784201264381409 -3.1588854789733887 6.415049076080322 0.6301126480102539 -3.158888101577759 6.356306552886963 0.6864689588546753 -2.7620911598205566 6.463449954986572 0.638153076171875 -2.7620761394500732 6.364360332489014 0.68646240234375 -2.713752508163452 6.471494674682617 0.6381416916847229 -2.7137510776519775 6.356332778930664 0.6784002184867859 -2.869189739227295 6.463463306427002 0.630106508731842 -2.869213342666626 6.364357948303223 0.6784012913703918 -2.820887804031372 6.471492290496826 0.6301230192184448 -2.8208940029144287 5.84628438949585 1.3605940341949463 3.064563274383545 5.951014518737793 1.3102445602416992 3.0693204402923584 6.055741310119629 1.2599323987960815 3.074064016342163 6.160443305969238 1.209597110748291 3.0788328647613525 6.265115261077881 1.1592826843261719 3.0835745334625244 6.369786262512207 1.1089977025985718 3.08833909034729 6.474507808685303 1.0586633682250977 3.0930962562561035 6.579196453094482 1.008347988128662 3.0978634357452393 6.683955669403076 0.9580039381980896 3.102642059326172 5.854275703430176 1.3605877161026 3.1155683994293213 5.959028244018555 1.310266375541687 3.1203248500823975 6.0637407302856445 1.2599375247955322 3.1250882148742676 6.168453216552734 1.2096158266067505 3.1298396587371826 6.27314567565918 1.159297227859497 3.134587526321411 6.377812385559082 1.1089859008789062 3.139345169067383 6.482507228851318 1.0586695671081543 3.144097089767456 6.587216377258301 1.008350133895874 3.1488590240478516 6.691929817199707 0.9580116271972656 3.153637647628784 5.846290111541748 1.3525619506835938 2.9591071605682373 5.951006889343262 1.3022334575653076 2.9638712406158447 6.05573034286499 1.2519161701202393 2.968644857406616 6.160445213317871 1.2015657424926758 2.973386287689209 6.265121936798096 1.151268720626831 2.978159189224243 6.369807720184326 1.1009604930877686 2.9829022884368896 6.4744954109191895 1.050621747970581 2.987663745880127 6.579203128814697 1.0002977848052979 2.99243426322937 6.68394136428833 0.949969470500946 2.9971988201141357 5.8542914390563965 1.3525710105895996 3.0101318359375 5.959018230438232 1.3022308349609375 3.014875888824463 6.063736915588379 1.2519233226776123 3.0196313858032227 6.168440341949463 1.2015926837921143 3.024395227432251 6.27313756942749 1.1512680053710938 3.0291504859924316 6.377810001373291 1.1009633541107178 3.033933639526367 6.482511520385742 1.0506250858306885 3.0386979579925537 6.587207794189453 1.0002994537353516 3.043447494506836 6.691921234130859 0.9499791860580444 3.048204183578491 5.903371810913086 1.360640525817871 3.4261972904205322 6.0088114738464355 1.3103241920471191 3.4354147911071777 6.114243984222412 1.2600138187408447 3.444640874862671 6.219674587249756 1.2096954584121704 3.453864812850952 6.325092315673828 1.1593838930130005 3.4630918502807617 6.430517673492432 1.109074354171753 3.4723129272460938 6.535947322845459 1.0587637424468994 3.4815332889556885 6.641387939453125 1.0084519386291504 3.490752935409546 6.746823787689209 0.9581469297409058 3.4999711513519287 5.9438157081604 1.3606396913528442 3.6814041137695312 6.0493669509887695 1.310340166091919 3.6906282901763916 6.154880046844482 1.26004958152771 3.6998534202575684 6.260383129119873 1.2097452878952026 3.7090799808502197 6.365879058837891 1.1594406366348267 3.7183001041412354 6.4713664054870605 1.109130620956421 3.7275266647338867 6.576867580413818 1.058821439743042 3.736755609512329 6.682367324829102 1.0085253715515137 3.745983362197876 6.787862300872803 0.95821213722229 3.75520658493042 5.984299659729004 1.3606736660003662 3.936631202697754 6.089998722076416 1.3103777170181274 3.945863723754883 6.195676803588867 1.2600815296173096 3.9551033973693848 6.301321506500244 1.2097886800765991 3.964336395263672 6.406966209411621 1.1594924926757812 3.973576068878174 6.512602806091309 1.1092000007629395 3.9828152656555176 6.618228912353516 1.0589025020599365 3.9920554161071777 6.723852634429932 1.0085846185684204 4.001290798187256 6.829466342926025 0.9582806825637817 4.010528087615967 6.024839401245117 1.360711693763733 4.191882133483887 6.130743503570557 1.3104321956634521 4.201130390167236 6.236621856689453 1.2601377964019775 4.210387706756592 6.342482566833496 1.2098534107208252 4.219641208648682 6.44832181930542 1.159554362297058 4.228896141052246 6.554166793823242 1.109269618988037 4.2381510734558105 6.659995079040527 1.0589678287506104 4.247406959533691 6.765815258026123 1.0086638927459717 4.256661891937256 6.871622085571289 0.9583491683006287 4.26591157913208 6.065497875213623 1.360743522644043 4.4471540451049805 6.171638488769531 1.3104552030563354 4.4564337730407715 6.277759075164795 1.2601637840270996 4.465707778930664 6.383851051330566 1.2098745107650757 4.474985599517822 6.489929676055908 1.1595956087112427 4.4842610359191895 6.59597635269165 1.1093095541000366 4.493535995483398 6.702017784118652 1.059028148651123 4.5028076171875 6.808043956756592 1.0087318420410156 4.512078762054443 6.914067268371582 0.9584251046180725 4.5213494300842285 6.106123447418213 1.360751748085022 4.702394008636475 6.212490081787109 1.3104615211486816 4.711695194244385 6.3188252449035645 1.2601829767227173 4.720993995666504 6.425152778625488 1.209897756576538 4.730295658111572 6.531457424163818 1.159614086151123 4.739589691162109 6.637750148773193 1.109326958656311 4.748884201049805 6.744033336639404 1.0590379238128662 4.758179664611816 6.850327491760254 1.008749008178711 4.76747989654541 6.9566450119018555 0.9584538340568542 4.776778697967529 6.146717548370361 1.3607631921768188 4.957634449005127 6.253303527832031 1.3104852437973022 4.966947078704834 6.359872817993164 1.2601972818374634 4.976263046264648 6.466414451599121 1.2099032402038574 4.98557186126709 6.572949409484863 1.159609079360962 4.994884014129639 6.679473876953125 1.1093254089355469 5.0042033195495605 6.786007881164551 1.0590285062789917 5.01352071762085 6.892541885375977 1.0087343454360962 5.0228376388549805 6.9990620613098145 0.9584185481071472 5.032159805297852 6.18722677230835 1.3607957363128662 5.212926864624023 6.294018745422363 1.3104969263076782 5.222260475158691 6.400795936584473 1.2602102756500244 5.231595516204834 6.507554531097412 1.2099193334579468 5.24092960357666 6.614321231842041 1.159623146057129 5.250260353088379 6.7210845947265625 1.1093108654022217 5.259591579437256 6.8278303146362305 1.0590112209320068 5.268929958343506 6.9345784187316895 1.0087159872055054 5.278267860412598 7.041324138641357 0.9584050178527832 5.287610054016113 6.22767972946167 1.3608030080795288 5.468174934387207 6.334650039672852 1.310520052909851 5.4775261878967285 6.441607475280762 1.2602237462997437 5.486876964569092 6.548550605773926 1.2099217176437378 5.496230602264404 6.65548849105835 1.1596167087554932 5.505580902099609 6.76242733001709 1.1093268394470215 5.514936923980713 6.869367599487305 1.0590265989303589 5.524291515350342 6.976314067840576 1.0087251663208008 5.5336456298828125 7.083272457122803 0.9584146738052368 5.543003082275391 6.268084526062012 1.360825538635254 5.723417282104492 6.375200271606445 1.310543179512024 5.732776165008545 6.482299327850342 1.2602506875991821 5.74213981628418 6.589388370513916 1.209952712059021 5.75150203704834 6.696476459503174 1.1596729755401611 5.760866641998291 6.803568363189697 1.1093816757202148 5.770227432250977 6.910674095153809 1.0590901374816895 5.7795820236206055 7.017780780792236 1.0087826251983643 5.788943767547607 7.124906539916992 0.9584733247756958 5.798308372497559 6.308411598205566 1.360843539237976 5.978536605834961 6.415659427642822 1.3105591535568237 5.987912178039551 6.522897243499756 1.2602840662002563 5.997287273406982 6.630124568939209 1.2100127935409546 6.00666618347168 6.737335205078125 1.1597270965576172 6.016042232513428 6.844546318054199 1.1094526052474976 6.025415897369385 6.951764106750488 1.0591570138931274 6.03479528427124 7.0590033531188965 1.0088765621185303 6.044175148010254 7.166243553161621 0.9585742354393005 6.053555488586426 6.348713397979736 1.36088228225708 6.233602523803711 6.4560956954956055 1.310617446899414 6.242982387542725 6.563435077667236 1.260337471961975 6.252363681793213 6.670772552490234 1.2100648880004883 6.261746406555176 6.77811336517334 1.159795880317688 6.271127223968506 6.885440826416016 1.1095130443572998 6.28051233291626 6.992762565612793 1.0592402219772339 6.2899041175842285 7.100076198577881 1.0089561939239502 6.299290657043457 7.207395076751709 0.9586780667304993 6.308675289154053 6.389031410217285 1.360890507698059 6.488600254058838 6.496489524841309 1.3106400966644287 6.49798583984375 6.603930950164795 1.2603888511657715 6.507369518280029 6.7113566398620605 1.2101337909698486 6.516757965087891 6.81876802444458 1.1598660945892334 6.526142120361328 6.926178932189941 1.1095950603485107 6.5355224609375 7.033592700958252 1.0593314170837402 6.5449137687683105 7.1410017013549805 1.0090808868408203 6.55430269241333 7.248422622680664 0.9588176608085632 6.563687801361084 6.429254055023193 1.360892653465271 6.743420124053955 6.5368146896362305 1.3106510639190674 6.75282096862793 6.644338607788086 1.2604162693023682 6.762230396270752 6.751856803894043 1.2101783752441406 6.771631717681885 6.859347343444824 1.1599375009536743 6.78103494644165 6.966835975646973 1.1096880435943604 6.790430068969727 7.074323654174805 1.0594422817230225 6.799821853637695 7.181790351867676 1.0091910362243652 6.809216499328613 7.289264678955078 0.9589335918426514 6.818610668182373 6.469392776489258 1.360884666442871 6.9981770515441895 6.577014446258545 1.310659646987915 7.007577896118164 6.684607028961182 1.26042902469635 7.0169758796691895 6.792177677154541 1.210202693939209 7.026381492614746 6.89975118637085 1.1599857807159424 7.035789966583252 7.00730562210083 1.10976243019104 7.045201778411865 7.114846706390381 1.0595283508300781 7.054605007171631 7.222407817840576 1.009296178817749 7.064009666442871 7.32997465133667 0.959064781665802 7.073408603668213 6.50952672958374 1.3608728647232056 7.252840995788574 6.617208003997803 1.3106670379638672 7.262248992919922 6.724854946136475 1.2604516744613647 7.271665096282959 6.832494258880615 1.210237979888916 7.2810750007629395 6.9401116371154785 1.1600310802459717 7.2904791831970215 7.047722816467285 1.1098179817199707 7.2998833656311035 7.155328273773193 1.0596154928207397 7.309290885925293 7.2629265785217285 1.0093975067138672 7.318698883056641 7.370532035827637 0.9591843485832214 7.328105926513672 6.549708843231201 1.36087167263031 7.507473468780518 6.657449245452881 1.3106789588928223 7.516883850097656 6.765161991119385 1.260494351387024 7.526288032531738 6.87285041809082 1.2103159427642822 7.5356974601745605 6.980532646179199 1.1601214408874512 7.545106410980225 7.088210105895996 1.109931468963623 7.5545125007629395 7.195883274078369 1.0597331523895264 7.563920974731445 7.30355167388916 1.009542465209961 7.5733232498168945 7.411200523376465 0.9593505263328552 7.5827202796936035 6.589863300323486 1.3608512878417969 7.761941909790039 6.697702884674072 1.310685634613037 7.77136754989624 6.805502891540527 1.2605193853378296 7.780803203582764 6.913311004638672 1.2103513479232788 7.7902302742004395 7.021098613739014 1.160188913345337 7.799653053283691 7.128879547119141 1.1100120544433594 7.809076309204102 7.236647129058838 1.0598424673080444 7.8184967041015625 7.344422340393066 1.0096797943115234 7.827914714813232 7.452189922332764 0.959488570690155 7.837338447570801 6.629940986633301 1.3608050346374512 8.016279220581055 6.737859725952148 1.3106554746627808 8.025724411010742 6.845778942108154 1.2605111598968506 8.035163879394531 6.953681945800781 1.2103593349456787 8.044609069824219 7.061581611633301 1.1602015495300293 8.054052352905273 7.169473171234131 1.1100587844848633 8.063493728637695 7.27737283706665 1.0599160194396973 8.07293701171875 7.38526725769043 1.0097565650939941 8.082380294799805 7.493161201477051 0.9596161842346191 8.09180736541748 5.903378009796143 1.3525795936584473 3.3207128047943115 6.008809566497803 1.3022469282150269 3.329954147338867 6.11423921585083 1.2519177198410034 3.3391928672790527 6.2196736335754395 1.2015843391418457 3.3484203815460205 6.325094223022461 1.151271104812622 3.357645273208618 6.430518627166748 1.1009471416473389 3.3668735027313232 6.535946369171143 1.0506248474121094 3.3760952949523926 6.641388893127441 1.0003137588500977 3.385319709777832 6.746825218200684 0.9499882459640503 3.3945424556732178 5.943820953369141 1.3525639772415161 3.575801372528076 6.0493621826171875 1.302236557006836 3.585059404373169 6.154879093170166 1.2519062757492065 3.5943052768707275 6.260378360748291 1.2015806436538696 3.6035494804382324 6.365881443023682 1.1512577533721924 3.6127874851226807 6.471364498138428 1.1009384393692017 3.622018337249756 6.576866626739502 1.0506105422973633 3.6312501430511475 6.682365417480469 1.0002754926681519 3.6404809951782227 6.787862300872803 0.9499641060829163 3.649710178375244 5.984302043914795 1.3525840044021606 3.830883026123047 6.089995861053467 1.3022392988204956 3.8401455879211426 6.1956706047058105 1.251918911933899 3.849412441253662 6.3013200759887695 1.2015882730484009 3.858668804168701 6.406961917877197 1.1512587070465088 3.8679213523864746 6.512598514556885 1.100917935371399 3.8771719932556152 6.618223190307617 1.0505919456481934 3.8864197731018066 6.723852157592773 1.0002610683441162 3.8956656455993652 6.829465389251709 0.9499232769012451 3.9049072265625 6.024844169616699 1.3526057004928589 4.085944175720215 6.130740642547607 1.3022695779800415 4.0952253341674805 6.236617565155029 1.2519235610961914 4.104498863220215 6.342472076416016 1.2015936374664307 4.1137776374816895 6.448317527770996 1.151266098022461 4.123050689697266 6.554157257080078 1.1009323596954346 4.132318496704102 6.659989356994629 1.0505961179733276 4.141582012176514 6.765807628631592 1.0002572536468506 4.150845050811768 6.871623516082764 0.9499164819717407 4.160099506378174 6.065497875213623 1.3526134490966797 4.340985298156738 6.171634674072266 1.3022725582122803 4.350292205810547 6.27775239944458 1.2519453763961792 4.359594345092773 6.383848667144775 1.2016159296035767 4.3688883781433105 6.489923000335693 1.1512739658355713 4.378183364868164 6.595973491668701 1.100950837135315 4.387477397918701 6.70201301574707 1.0506163835525513 4.396764755249023 6.808041572570801 1.0002833604812622 4.40604829788208 6.914062976837158 0.9499614238739014 4.415323734283447 6.106123924255371 1.352635383605957 4.596000671386719 6.2124834060668945 1.3022985458374023 4.60532283782959 6.318814754486084 1.251960277557373 4.614648818969727 6.425144672393799 1.2016347646713257 4.623966693878174 6.531458854675293 1.1513081789016724 4.633279323577881 6.637748718261719 1.1009736061096191 4.642581462860107 6.744034290313721 1.0506391525268555 4.651876926422119 6.850327491760254 1.0003081560134888 4.661174774169922 6.956641674041748 0.9499924778938293 4.670480728149414 6.1467156410217285 1.3526602983474731 4.851038455963135 6.253300666809082 1.302320957183838 4.86037540435791 6.359877109527588 1.2519938945770264 4.869703769683838 6.4664154052734375 1.201667070388794 4.879024982452393 6.5729475021362305 1.1513315439224243 4.888345241546631 6.679478168487549 1.1009831428527832 4.897662162780762 6.786007404327393 1.0506489276885986 4.906981468200684 6.892542839050293 1.0003125667572021 4.916306495666504 6.999068737030029 0.94999098777771 4.925621032714844 6.187228202819824 1.3526898622512817 5.106118679046631 6.294020175933838 1.3023576736450195 5.1154632568359375 6.400789260864258 1.2520277500152588 5.1248087882995605 6.507555961608887 1.2016932964324951 5.134158611297607 6.614326000213623 1.151354432106018 5.143499374389648 6.721081256866455 1.1010222434997559 5.1528401374816895 6.827822685241699 1.050681710243225 5.162184715270996 6.934577465057373 1.0003389120101929 5.171523571014404 7.041323184967041 0.9500088691711426 5.1808552742004395 6.227677345275879 1.3527311086654663 5.361184120178223 6.334643363952637 1.3023966550827026 5.370558261871338 6.441600322723389 1.2520726919174194 5.379926681518555 6.548544406890869 1.2017364501953125 5.389286518096924 6.655487060546875 1.1514089107513428 5.398641109466553 6.762423515319824 1.1010750532150269 5.407989025115967 6.869361400604248 1.050744652748108 5.4173359870910645 6.97630500793457 1.0004074573516846 5.42669153213501 7.0832695960998535 0.9500842690467834 5.436042785644531 6.2680864334106445 1.3527538776397705 5.616271495819092 6.375201225280762 1.3024436235427856 5.625647068023682 6.482295036315918 1.252126693725586 5.635024547576904 6.589386463165283 1.2018059492111206 5.644396781921387 6.696468830108643 1.1514862775802612 5.653763294219971 6.803565502166748 1.1011687517166138 5.663122177124023 6.910667419433594 1.0508488416671753 5.672479629516602 7.017778396606445 1.0005289316177368 5.681835174560547 7.124897480010986 0.9501990675926208 5.691185474395752 6.308407783508301 1.3528003692626953 5.871243953704834 6.415651321411133 1.302481770515442 5.880644798278809 6.522894382476807 1.252170443534851 5.89003849029541 6.6301140785217285 1.2018671035766602 5.899429798126221 6.737332344055176 1.1515631675720215 5.908812046051025 6.844542980194092 1.1012616157531738 5.918189525604248 6.951753616333008 1.0509583950042725 5.92756462097168 7.058991432189941 1.0006422996520996 5.936940670013428 7.166233539581299 0.9503507018089294 5.946317195892334 6.348719120025635 1.352820634841919 6.126192092895508 6.456089496612549 1.3025363683700562 6.1356000900268555 6.563430309295654 1.252241849899292 6.1450042724609375 6.670769691467285 1.2019480466842651 6.154395580291748 6.778104782104492 1.151656150817871 6.163790702819824 6.885434150695801 1.1013517379760742 6.173174858093262 6.9927496910095215 1.051053524017334 6.182565212249756 7.100063323974609 1.0007662773132324 6.191951274871826 7.2073869705200195 0.9504879117012024 6.201335906982422 6.389034748077393 1.3528387546539307 6.381086349487305 6.496490955352783 1.3025747537612915 6.390507698059082 6.603929042816162 1.2523051500320435 6.3999223709106445 6.711356163024902 1.2020262479782104 6.409322738647461 6.8187689781188965 1.1517436504364014 6.418715953826904 6.92617130279541 1.1014668941497803 6.428110122680664 7.033584117889404 1.0511796474456787 6.437500476837158 7.140994548797607 1.0009095668792725 6.446887016296387 7.2484130859375 0.9506335258483887 6.456270694732666 6.429255962371826 1.352860450744629 6.635824680328369 6.536806106567383 1.3025939464569092 6.645256996154785 6.644330978393555 1.2523480653762817 6.654685020446777 6.751842021942139 1.2020976543426514 6.664112091064453 6.8593363761901855 1.1518296003341675 6.6735334396362305 6.966829299926758 1.1015774011611938 6.6829400062561035 7.074313640594482 1.0513145923614502 6.692339897155762 7.181781768798828 1.001058578491211 6.701735019683838 7.289254665374756 0.9508014917373657 6.711125373840332 6.46939754486084 1.3528629541397095 6.890495300292969 6.577015399932861 1.30262291431427 6.899938106536865 6.684606075286865 1.2523738145828247 6.909372806549072 6.792178630828857 1.2021430730819702 6.918793678283691 6.899742126464844 1.1519103050231934 6.928211688995361 7.007293224334717 1.1016688346862793 6.937630653381348 7.114841461181641 1.0514317750930786 6.947044372558594 7.222401142120361 1.0011906623840332 6.956442356109619 7.329969882965088 0.9509530067443848 6.965837001800537 6.50954008102417 1.3528494834899902 7.145111083984375 6.617204189300537 1.3026255369186401 7.154553413391113 6.724849700927734 1.252399206161499 7.163991451263428 6.832482814788818 1.202177882194519 7.173423767089844 6.9401092529296875 1.151961326599121 7.1828484535217285 7.047714710235596 1.1017403602600098 7.192268371582031 7.155322074890137 1.0515183210372925 7.201678276062012 7.262917518615723 1.0012950897216797 7.211091041564941 7.370514869689941 0.9510784149169922 7.220506191253662 6.5497145652771 1.3528355360031128 7.399676322937012 6.657449245452881 1.302626371383667 7.409124851226807 6.765161991119385 1.2524302005767822 7.418563365936279 6.872849464416504 1.2022309303283691 7.427992820739746 6.980528831481934 1.152019739151001 7.437412738800049 7.088204860687256 1.1018110513687134 7.446832180023193 7.19587516784668 1.051596760749817 7.456249237060547 7.3035430908203125 1.0013983249664307 7.465665817260742 7.411195755004883 0.9511867761611938 7.475071430206299 6.58987283706665 1.3528218269348145 7.6540656089782715 6.697696208953857 1.3026443719863892 7.663520336151123 6.805495262145996 1.252458095550537 7.672976016998291 6.913305759429932 1.2022699117660522 7.682421684265137 7.021092891693115 1.152085781097412 7.691858291625977 7.128871440887451 1.101884365081787 7.701291561126709 7.236644268035889 1.051701545715332 7.710714817047119 7.3444132804870605 1.0015053749084473 7.720133304595947 7.452178478240967 0.9513235092163086 7.729549407958984 6.629940509796143 1.3528026342391968 7.9083333015441895 6.73785924911499 1.3026392459869385 7.917797565460205 6.845778942108154 1.2524628639221191 7.927251815795898 6.953680038452148 1.2022998332977295 7.93670129776001 7.061574459075928 1.152127742767334 7.9461517333984375 7.169461727142334 1.1019656658172607 7.955598831176758 7.277358531951904 1.0517973899841309 7.96504545211792 7.385260581970215 1.001631498336792 7.974487781524658 7.493157386779785 0.9514634609222412 7.983920097351074 6.678538799285889 1.3607820272445679 8.325748443603516 6.787254810333252 1.3106279373168945 8.339627265930176 6.895978927612305 1.2604742050170898 8.353524208068848 7.004675388336182 1.2103358507156372 8.367415428161621 7.113363265991211 1.1602206230163574 8.381312370300293 7.222022533416748 1.110062837600708 8.395214080810547 7.330728054046631 1.059943675994873 8.409110069274902 7.439438343048096 1.0097981691360474 8.42300796508789 7.5481462478637695 0.9596655368804932 8.436931610107422 6.686521530151367 1.3607789278030396 8.376562118530273 6.795251369476318 1.3106341361999512 8.390466690063477 6.903949737548828 1.2604949474334717 8.404353141784668 7.012677192687988 1.2103450298309326 8.418262481689453 7.121338367462158 1.1602044105529785 8.432159423828125 7.2300262451171875 1.110070824623108 8.446043968200684 7.338740348815918 1.0599365234375 8.459944725036621 7.44744348526001 1.0098040103912354 8.47386646270752 7.5561604499816895 0.9596490263938904 8.487762451171875 6.678541660308838 1.3527870178222656 8.217723846435547 6.787259101867676 1.3026286363601685 8.231620788574219 6.895962238311768 1.2524714469909668 8.245503425598145 7.0046610832214355 1.20232355594635 8.259401321411133 7.113350868225098 1.1521751880645752 8.273305892944336 7.222024917602539 1.1020479202270508 8.287210464477539 7.330732345581055 1.0518934726715088 8.301106452941895 7.439428329467773 1.001762866973877 8.315006256103516 7.548147201538086 0.9516214728355408 8.328893661499023 6.686514377593994 1.3528001308441162 8.268545150756836 6.795227527618408 1.3026347160339355 8.282438278198242 6.903931617736816 1.2524892091751099 8.296350479125977 7.012653350830078 1.2023446559906006 8.310239791870117 7.121340751647949 1.1521804332733154 8.324137687683105 7.230020046234131 1.1020466089248657 8.338048934936523 7.338715553283691 1.0519065856933594 8.351944923400879 7.447437763214111 1.0017765760421753 8.365836143493652 7.556143760681152 0.9516370296478271 8.379743576049805 5.846327781677246 1.3039913177490234 2.317301034927368 5.951024055480957 1.2530351877212524 2.312842845916748 6.055717468261719 1.2020565271377563 2.3083889484405518 6.160407543182373 1.1510710716247559 2.3039324283599854 6.2650933265686035 1.1000866889953613 2.299481153488159 6.369786739349365 1.0491101741790771 2.295030117034912 6.474485397338867 0.9981399774551392 2.2905797958374023 6.579183101654053 0.947167158126831 2.2861368656158447 6.683887004852295 0.896196722984314 2.281690835952759 5.854305267333984 1.3039872646331787 2.368246555328369 5.958989143371582 1.2530332803726196 2.363797187805176 6.063667297363281 1.2020618915557861 2.359347105026245 6.1683430671691895 1.1510794162750244 2.3548953533172607 6.273010730743408 1.1000936031341553 2.3504445552825928 6.377692222595215 1.0491161346435547 2.345993757247925 6.482365131378174 0.9981456995010376 2.3415491580963135 6.587056636810303 0.947175145149231 2.3371057510375977 6.691744327545166 0.8962019681930542 2.3326656818389893 5.846327781677246 1.2641488313674927 1.7903189659118652 5.950992584228516 1.2132761478424072 1.7858648300170898 6.0556535720825195 1.1624033451080322 1.7814185619354248 6.160321235656738 1.1115342378616333 1.7769768238067627 6.264986991882324 1.060655117034912 1.7725322246551514 6.369658470153809 1.0097699165344238 1.7680909633636475 6.474327087402344 0.9588850736618042 1.763653039932251 6.578985691070557 0.9080074429512024 1.7592120170593262 6.683676719665527 0.857123851776123 1.7547826766967773 5.854310989379883 1.2641578912734985 1.8411617279052734 5.958952903747559 1.2132776975631714 1.8367183208465576 6.063594818115234 1.162408709526062 1.8322813510894775 6.168238162994385 1.111542820930481 1.8278398513793945 6.272877216339111 1.0606682300567627 1.8234031200408936 6.3775315284729 1.0097854137420654 1.8189659118652344 6.482171058654785 0.9589042067527771 1.8145289421081543 6.5868239402771 0.9080302715301514 1.8100969791412354 6.691501617431641 0.8571491241455078 1.8056623935699463 5.846343994140625 1.2243387699127197 1.2635375261306763 5.950973987579346 1.1735835075378418 1.2590899467468262 6.055596351623535 1.1228113174438477 1.2546451091766357 6.160209655761719 1.0720218420028687 1.2502036094665527 6.264830112457275 1.021225929260254 1.2457702159881592 6.369447231292725 0.9704368114471436 1.241344928741455 6.474063873291016 0.9196369647979736 1.2369155883789062 6.578691482543945 0.8688190579414368 1.2324941158294678 6.683311939239502 0.8179962635040283 1.228080153465271 5.854315757751465 1.224340796470642 1.3142818212509155 5.958908557891846 1.1735906600952148 1.309851884841919 6.063514709472656 1.1228151321411133 1.3054203987121582 6.168126583099365 1.0720312595367432 1.3009929656982422 6.272726535797119 1.0212383270263672 1.2965633869171143 6.377316951751709 0.9704582095146179 1.2921391725540161 6.481927871704102 0.9196617603302002 1.2877202033996582 6.58654260635376 0.8688430786132812 1.2833000421524048 6.69115686416626 0.8180215954780579 1.2788927555084229 5.8463544845581055 1.184567928314209 0.7371301651000977 5.95092248916626 1.1338894367218018 0.7326827049255371 6.055497646331787 1.0831809043884277 0.7282425165176392 6.160064220428467 1.0324565172195435 0.723809003829956 6.264618873596191 0.9817296266555786 0.7193789482116699 6.369183540344238 0.9309785962104797 0.7149577140808105 6.473755359649658 0.8802453279495239 0.7105412483215332 6.57830810546875 0.8295090198516846 0.7061331868171692 6.682869911193848 0.7787749767303467 0.7017258405685425 5.854320049285889 1.184571385383606 0.7877805233001709 5.95888090133667 1.1338939666748047 0.7833547592163086 6.0634355545043945 1.0831921100616455 0.7789331674575806 6.167972564697266 1.0324690341949463 0.7745169401168823 6.272527694702148 0.9817469716072083 0.7701032161712646 6.377084732055664 0.930999219417572 0.7656857967376709 6.481637477874756 0.8802659511566162 0.7612683773040771 6.586184501647949 0.8295423984527588 0.7568576335906982 6.69073486328125 0.7788216471672058 0.7524451017379761 5.846364498138428 1.1447441577911377 0.21103549003601074 5.950881004333496 1.094141960144043 0.20659923553466797 6.0553812980651855 1.0435267686843872 0.20216894149780273 6.159895420074463 0.9929018020629883 0.19774743914604187 6.264411926269531 0.9422459602355957 0.19332349300384521 6.368923187255859 0.8915831446647644 0.18890267610549927 6.473430633544922 0.8408990502357483 0.1844908893108368 6.577927112579346 0.7902101278305054 0.1800878942012787 6.682425498962402 0.7395315170288086 0.17568916082382202 5.854331970214844 1.1447571516036987 0.2615957260131836 5.958829879760742 1.0941476821899414 0.25718480348587036 6.063317775726318 1.0435341596603394 0.25277823209762573 6.167815208435059 0.9929134249687195 0.24837064743041992 6.272313594818115 0.9422652721405029 0.24396449327468872 6.376805305480957 0.8916087746620178 0.23955434560775757 6.481296062469482 0.8409265875816345 0.23515081405639648 6.585789680480957 0.7902355194091797 0.23075902462005615 6.6902756690979 0.7395592331886292 0.2263665795326233 5.846339225769043 1.1049473285675049 -0.3147079050540924 5.950801849365234 1.0544441938400269 -0.31912747025489807 6.055278301239014 1.0039210319519043 -0.32354727387428284 6.159742832183838 0.953369140625 -0.3279671370983124 6.26420783996582 0.9027961492538452 -0.3323785066604614 6.3686676025390625 0.8522007465362549 -0.3367900550365448 6.473115921020508 0.8016020059585571 -0.3411984443664551 6.577579021453857 0.7510069608688354 -0.34560200572013855 6.682032108306885 0.7004067897796631 -0.35000139474868774 5.854301452636719 1.104945421218872 -0.2642357647418976 5.958745002746582 1.0544488430023193 -0.26862525939941406 6.063191890716553 1.0039304494857788 -0.27302026748657227 6.167640209197998 0.9533841013908386 -0.27741992473602295 6.272088527679443 0.9028112292289734 -0.2818176746368408 6.376528739929199 0.8522251844406128 -0.2862110733985901 6.4809675216674805 0.801630437374115 -0.29061198234558105 6.58540153503418 0.7510324716567993 -0.29501307010650635 6.689850807189941 0.7004391551017761 -0.29940861463546753 5.846333980560303 1.0651285648345947 -0.8401520848274231 5.950746059417725 1.0146950483322144 -0.8445808291435242 6.055164813995361 0.9642564058303833 -0.8489992618560791 6.159581184387207 0.9138038158416748 -0.8534069657325745 6.2639899253845215 0.8633453845977783 -0.8578153848648071 6.368407726287842 0.8128730654716492 -0.8622151613235474 6.472825050354004 0.7623975872993469 -0.8666112422943115 6.57724666595459 0.7119100689888 -0.8710070252418518 6.681644439697266 0.6614168286323547 -0.875393271446228 5.8542866706848145 1.0651443004608154 -0.7897588610649109 5.958686351776123 1.0147038698196411 -0.7941631078720093 6.063083171844482 0.9642606973648071 -0.79856276512146 6.167483329772949 0.9138123989105225 -0.8029609322547913 6.271886825561523 0.8633580803871155 -0.8073583245277405 6.376278877258301 0.8128901124000549 -0.8117559552192688 6.480681419372559 0.7624173760414124 -0.8161463141441345 6.5850677490234375 0.711934506893158 -0.8205336928367615 6.689460754394531 0.6614512205123901 -0.8249222040176392 5.846330642700195 1.0253616571426392 -1.3653773069381714 5.950710773468018 0.9750122427940369 -1.3697905540466309 6.055082321166992 0.9246382713317871 -1.3742027282714844 6.159457206726074 0.8742641806602478 -1.378614068031311 6.2638325691223145 0.8238797783851624 -1.3830198049545288 6.368200302124023 0.773503303527832 -1.3874220848083496 6.4725751876831055 0.7231172323226929 -1.3918205499649048 6.57692813873291 0.6727197766304016 -1.3962091207504272 6.681286811828613 0.6223267316818237 -1.4005991220474243 5.854286193847656 1.0253689289093018 -1.315056562423706 5.958642959594727 0.9750166535377502 -1.3194509744644165 6.06300687789917 0.9246504902839661 -1.3238493204116821 6.1673583984375 0.8742799758911133 -1.3282467126846313 6.271711349487305 0.8238979578018188 -1.3326433897018433 6.3760762214660645 0.7735200524330139 -1.3370329141616821 6.48042631149292 0.7231401801109314 -1.3414255380630493 6.584778785705566 0.6727508902549744 -1.345824956893921 6.689116954803467 0.6223540306091309 -1.3502167463302612 5.846333026885986 0.9855577945709229 -1.8904016017913818 5.950666427612305 0.9352745413780212 -1.894808053970337 6.05500602722168 0.8849754929542542 -1.8992093801498413 6.159355163574219 0.8346810340881348 -1.9036047458648682 6.263689994812012 0.7843743562698364 -1.9079947471618652 6.3680267333984375 0.7340686917304993 -1.9123814105987549 6.472361087799072 0.68378084897995 -1.9167630672454834 6.576686382293701 0.633491039276123 -1.9211450815200806 6.681000232696533 0.5832066535949707 -1.9255222082138062 5.854272365570068 0.9855645298957825 -1.8401591777801514 5.9585957527160645 0.9352765679359436 -1.8445460796356201 6.062925815582275 0.8849799036979675 -1.8489315509796143 6.167251110076904 0.8346843719482422 -1.8533174991607666 6.271568775177002 0.7843834161758423 -1.857708215713501 6.375881671905518 0.734082818031311 -1.8620975017547607 6.480209827423096 0.6837934851646423 -1.8664827346801758 6.584519386291504 0.633506715297699 -1.8708628416061401 6.688827037811279 0.5832282304763794 -1.8752410411834717 5.846323490142822 0.9458292126655579 -2.415243148803711 5.950638771057129 0.895645022392273 -2.419639825820923 6.054945945739746 0.8454399704933167 -2.4240338802337646 6.159257888793945 0.795225977897644 -2.4284298419952393 6.263571262359619 0.7450180053710938 -2.4328184127807617 6.367875099182129 0.6948184967041016 -2.437199592590332 6.4721808433532715 0.6446231007575989 -2.4415833950042725 6.576488018035889 0.594419002532959 -2.4459657669067383 6.680773735046387 0.5442180633544922 -2.4503448009490967 5.854262828826904 0.9458390474319458 -2.365072727203369 5.958555698394775 0.8956514000892639 -2.3694610595703125 6.062850475311279 0.8454525470733643 -2.373847723007202 6.167147159576416 0.7952383756637573 -2.378237724304199 6.271430969238281 0.7450299263000488 -2.3826212882995605 6.37572717666626 0.6948277950286865 -2.3870036602020264 6.480003833770752 0.6446368098258972 -2.3913819789886475 6.58428955078125 0.5944366455078125 -2.395756721496582 6.688576698303223 0.5442343950271606 -2.400132894515991 5.846320629119873 0.9061373472213745 -2.939967393875122 5.9506049156188965 0.8560464382171631 -2.944349765777588 6.054891586303711 0.8059499263763428 -2.9487318992614746 6.159193515777588 0.7558470964431763 -2.9531118869781494 6.26347541809082 0.7057510018348694 -2.957489013671875 6.367775917053223 0.6556538343429565 -2.961865186691284 6.472048282623291 0.6055635809898376 -2.966238021850586 6.576332092285156 0.5554770231246948 -2.9706101417541504 6.680598735809326 0.5053856372833252 -2.9749808311462402 5.854243278503418 0.906137228012085 -2.8898820877075195 5.9585065841674805 0.8560498952865601 -2.8942599296569824 6.062773704528809 0.8059509992599487 -2.8986380100250244 6.167049884796143 0.7558558583259583 -2.9030168056488037 6.271324634552002 0.705756425857544 -2.907397508621216 6.3755784034729 0.6556636095046997 -2.9117722511291504 6.4798455238342285 0.6055783033370972 -2.916152000427246 6.584106922149658 0.5554894208908081 -2.920525550842285 6.688358306884766 0.5054014921188354 -2.9248948097229004 5.846304416656494 0.8664891123771667 -3.4645535945892334 5.95058012008667 0.8165125250816345 -3.468930244445801 6.054871559143066 0.7665452361106873 -3.4733083248138428 6.1591386795043945 0.7165757417678833 -3.4776782989501953 6.263424873352051 0.6666117310523987 -3.4820492267608643 6.367696285247803 0.6166363954544067 -3.4864163398742676 6.471973896026611 0.5666534900665283 -3.4907877445220947 6.576225757598877 0.5166690945625305 -3.495149612426758 6.680478572845459 0.46669238805770874 -3.49951171875 5.854224681854248 0.8664923310279846 -3.4145920276641846 5.958474159240723 0.8165217638015747 -3.41896653175354 6.062734603881836 0.7665500044822693 -3.4233391284942627 6.166987895965576 0.716581404209137 -3.4277162551879883 6.271228790283203 0.666614294052124 -3.4320809841156006 6.375478267669678 0.6166431903839111 -3.43644642829895 6.4797234535217285 0.566658616065979 -3.440807342529297 6.583964824676514 0.5166743993759155 -3.445171594619751 6.688192367553711 0.4666958153247833 -3.4495341777801514 5.846312999725342 0.8268786668777466 -3.989022731781006 5.95058536529541 0.7770585417747498 -3.9933836460113525 6.054847240447998 0.727243959903717 -3.997739553451538 6.159123420715332 0.6774313449859619 -4.002103805541992 6.263393878936768 0.6276092529296875 -4.006463050842285 6.367663383483887 0.5777958631515503 -4.010820388793945 6.471909523010254 0.5279857516288757 -4.015172958374023 6.57616662979126 0.4781689941883087 -4.019535064697266 6.68040657043457 0.4283432960510254 -4.023894309997559 5.854226112365723 0.8268790245056152 -3.939173698425293 5.958465099334717 0.7770577073097229 -3.94354510307312 6.062707901000977 0.7272482514381409 -3.9479146003723145 6.1669416427612305 0.6774370670318604 -3.952277421951294 6.271188735961914 0.6276124119758606 -3.9566421508789062 6.375418663024902 0.5777946710586548 -3.9609975814819336 6.479646682739258 0.5279904007911682 -3.9653542041778564 6.583873748779297 0.4781724512577057 -3.9697093963623047 6.6880903244018555 0.4283505082130432 -3.974058151245117 5.8463287353515625 0.7872775197029114 -4.5134382247924805 5.950592041015625 0.7376077175140381 -4.517777919769287 6.054869651794434 0.6879349946975708 -4.522125720977783 6.15913724899292 0.6382838487625122 -4.5264692306518555 6.2633957862854 0.5886367559432983 -4.53081750869751 6.3676557540893555 0.5389977693557739 -4.535159111022949 6.471918106079102 0.48935002088546753 -4.539506435394287 6.576173305511475 0.4397095739841461 -4.543853282928467 6.680403232574463 0.39006584882736206 -4.5482001304626465 5.854236125946045 0.7872759103775024 -4.463742733001709 5.958478927612305 0.7376062273979187 -4.468101978302002 6.062712669372559 0.6879375576972961 -4.4724578857421875 6.1669487953186035 0.6382797956466675 -4.476813793182373 6.271175861358643 0.5886388421058655 -4.4811625480651855 6.375411510467529 0.5389969348907471 -4.485516548156738 6.4796366691589355 0.4893451929092407 -4.489867210388184 6.583853244781494 0.4397070109844208 -4.494210243225098 6.688077926635742 0.3900613486766815 -4.4985551834106445 5.84633207321167 0.7477014660835266 -5.037905693054199 5.950615406036377 0.698169469833374 -5.042229175567627 6.054896354675293 0.6486721038818359 -5.046552658081055 6.159175395965576 0.5991919636726379 -5.050882816314697 6.263453006744385 0.5497195720672607 -5.055213928222656 6.367719650268555 0.5002593994140625 -5.059542179107666 6.471991062164307 0.45081180334091187 -5.063872814178467 6.57624626159668 0.40135669708251953 -5.068203926086426 6.680500507354736 0.3519041836261749 -5.072537899017334 5.854231834411621 0.7476974129676819 -4.988353252410889 5.958484172821045 0.6981676816940308 -4.992700099945068 6.062727928161621 0.6486716270446777 -4.997046947479248 6.166981220245361 0.5991927981376648 -5.00139045715332 6.271212100982666 0.5497133135795593 -5.005732536315918 6.3754496574401855 0.5002546906471252 -5.010075569152832 6.479686737060547 0.4508063793182373 -5.014413356781006 6.583920478820801 0.40134522318840027 -5.0187506675720215 6.688147068023682 0.3518938720226288 -5.023081302642822 5.8463544845581055 0.7082216143608093 -5.562420845031738 5.950660228729248 0.6588860750198364 -5.566744327545166 6.054945468902588 0.609560489654541 -5.571064472198486 6.159244537353516 0.5602426528930664 -5.575384616851807 6.263535499572754 0.5109434127807617 -5.5797038078308105 6.367823123931885 0.46165475249290466 -5.584022045135498 6.472110748291016 0.4123704731464386 -5.58834171295166 6.576386451721191 0.36309415102005005 -5.592658996582031 6.680659770965576 0.31381213665008545 -5.596984386444092 5.854257106781006 0.7082223892211914 -5.513053894042969 5.958523750305176 0.6588870882987976 -5.517395973205566 6.062779426574707 0.6095578074455261 -5.521735668182373 6.167029857635498 0.5602395534515381 -5.526067733764648 6.271286487579346 0.5109412670135498 -5.530401229858398 6.375549793243408 0.46164649724960327 -5.534728527069092 6.479800224304199 0.41235673427581787 -5.539053916931152 6.584061145782471 0.36307626962661743 -5.543372631072998 6.6883111000061035 0.313798189163208 -5.54770040512085 5.846404552459717 0.6687166690826416 -6.087181568145752 5.950707912445068 0.6195287704467773 -6.091484546661377 6.055018424987793 0.5703707933425903 -6.095794200897217 6.159317970275879 0.5212277770042419 -6.100100994110107 6.263615608215332 0.47209858894348145 -6.104406833648682 6.367927074432373 0.4229642450809479 -6.108716011047363 6.472235679626465 0.37383803725242615 -6.1130242347717285 6.5765380859375 0.32471558451652527 -6.117329120635986 6.680848598480225 0.27559661865234375 -6.121638298034668 5.85431432723999 0.6687061190605164 -6.037972927093506 5.958587169647217 0.619532585144043 -6.042296409606934 6.062859058380127 0.5703705549240112 -6.046619892120361 6.167129039764404 0.5212237238883972 -6.0509419441223145 6.271399974822998 0.47209200263023376 -6.0552568435668945 6.375679016113281 0.42295777797698975 -6.059571266174316 6.479952335357666 0.37382644414901733 -6.06388521194458 6.58423376083374 0.3247012197971344 -6.068194389343262 6.6885223388671875 0.275581419467926 -6.072504997253418 5.846440315246582 0.6291578412055969 -6.612094402313232 5.9507737159729 0.5801404714584351 -6.616384983062744 6.055087566375732 0.5311371684074402 -6.620681285858154 6.159402370452881 0.4821470081806183 -6.624978542327881 6.263708591461182 0.43316832184791565 -6.629272937774658 6.3680267333984375 0.38418594002723694 -6.633571624755859 6.472341537475586 0.3352036774158478 -6.637870788574219 6.576666831970215 0.2862023115158081 -6.6421732902526855 6.6809773445129395 0.23720082640647888 -6.64647102355957 5.854367256164551 0.6291502714157104 -6.563039779663086 5.9586567878723145 0.5801383852958679 -6.567348957061768 6.0629448890686035 0.531136691570282 -6.571657657623291 6.167232990264893 0.48214635252952576 -6.575967788696289 6.271514892578125 0.4331608712673187 -6.580272197723389 6.375805854797363 0.3841784596443176 -6.584575653076172 6.480100154876709 0.3351936936378479 -6.5888752937316895 6.5843892097473145 0.2861936688423157 -6.593172073364258 6.688694477081299 0.23718701303005219 -6.59747314453125 5.846481800079346 0.5896103382110596 -7.137097358703613 5.950821876525879 0.54072505235672 -7.14137601852417 6.05515193939209 0.4918549656867981 -7.145662307739258 6.159480094909668 0.4429984986782074 -7.149948596954346 6.263803005218506 0.3941226601600647 -7.154245376586914 6.368114948272705 0.34524425864219666 -7.158541202545166 6.472438812255859 0.296356737613678 -7.162835121154785 6.576761722564697 0.24747015535831451 -7.167126655578613 6.681082725524902 0.1985810101032257 -7.171408653259277 5.854420185089111 0.5896033048629761 -7.088184833526611 5.958728790283203 0.5407217741012573 -7.092479705810547 6.06304407119751 0.4918540120124817 -7.096776485443115 6.167347431182861 0.44299161434173584 -7.101068019866943 6.2716450691223145 0.39412298798561096 -7.10536003112793 6.375953674316406 0.3452385365962982 -7.109653472900391 6.480254173278809 0.29635652899742126 -7.113945484161377 6.5845537185668945 0.24746361374855042 -7.1182403564453125 6.688850402832031 0.19857099652290344 -7.122525215148926 6.678518772125244 1.3042937517166138 7.560111045837402 6.787187576293945 1.2534420490264893 7.564558982849121 6.895847797393799 1.20258367061615 7.56900691986084 7.004508972167969 1.151724100112915 7.573461532592773 7.113179683685303 1.1008638143539429 7.577922344207764 7.221847057342529 1.050017237663269 7.582381725311279 7.330521583557129 0.9991753697395325 7.586849689483643 7.439201354980469 0.9483442306518555 7.591318130493164 7.547900199890137 0.897513747215271 7.595788955688477 6.686481952667236 1.304294466972351 7.610950946807861 6.79514217376709 1.2534512281417847 7.61539888381958 6.903806686401367 1.2025924921035767 7.619858264923096 7.012460231781006 1.151734709739685 7.624317169189453 7.121129512786865 1.100881576538086 7.628769397735596 7.229804992675781 1.0500327348709106 7.633223533630371 7.338472366333008 0.9991886615753174 7.637686252593994 7.447152614593506 0.9483616948127747 7.64215087890625 7.555830955505371 0.8975321650505066 7.6466169357299805 6.678471088409424 1.2644399404525757 7.020118713378906 6.78711462020874 1.2136281728744507 7.024571418762207 6.895751953125 1.1628221273422241 7.029031753540039 7.004379749298096 1.1120052337646484 7.033489227294922 7.113016128540039 1.061180591583252 7.0379486083984375 7.221657752990723 1.0103554725646973 7.042412281036377 7.330300807952881 0.9595385193824768 7.046876907348633 7.438955783843994 0.9087322354316711 7.051344394683838 7.547614097595215 0.8579410910606384 7.055816650390625 6.6864399909973145 1.2644459009170532 7.0709228515625 6.795068740844727 1.2136297225952148 7.075383186340332 6.903683185577393 1.1628280878067017 7.079841136932373 7.012315273284912 1.1120185852050781 7.0842976570129395 7.1209492683410645 1.0611927509307861 7.0887603759765625 7.2295732498168945 1.0103740692138672 7.093221664428711 7.338210582733154 0.959561824798584 7.097684860229492 7.446853160858154 0.908759593963623 7.102148532867432 7.555518627166748 0.8579659461975098 7.1066155433654785 6.678427696228027 1.2245817184448242 6.480368137359619 6.787021160125732 1.173821210861206 6.484826564788818 6.895625114440918 1.123079776763916 6.489284038543701 7.004214286804199 1.072351336479187 6.493744850158691 7.112823486328125 1.0216126441955566 6.498205661773682 7.221418380737305 0.9708723425865173 6.5026702880859375 7.3300275802612305 0.9201231598854065 6.507135391235352 7.438628673553467 0.869371771812439 6.511598587036133 7.547242641448975 0.8186162710189819 6.5160746574401855 6.6863789558410645 1.2245752811431885 6.531141757965088 6.794969081878662 1.1738297939300537 6.535584926605225 6.903559684753418 1.1230924129486084 6.540032386779785 7.012141227722168 1.0723612308502197 6.544488430023193 7.120715141296387 1.0216301679611206 6.548946857452393 7.22930908203125 0.9708899259567261 6.553407192230225 7.337896823883057 0.9201511740684509 6.557876110076904 7.4464850425720215 0.8693999648094177 6.562348365783691 7.5550856590271 0.8186553120613098 6.5668206214904785 6.678398609161377 1.1847549676895142 5.940946578979492 6.7869391441345215 1.1340657472610474 5.945394039154053 6.895476818084717 1.083399772644043 5.9498491287231445 7.00402307510376 1.0327467918395996 5.954306125640869 7.112576484680176 0.9820985794067383 5.958764553070068 7.221129417419434 0.9314591884613037 5.963225841522217 7.329671859741211 0.8808263540267944 5.9676947593688965 7.438220977783203 0.8301958441734314 5.972165584564209 7.546769142150879 0.7795600295066833 5.976635932922363 6.686356067657471 1.1847593784332275 5.991640567779541 6.794881820678711 1.1340689659118652 5.9960808753967285 6.903407096862793 1.0834057331085205 6.000524044036865 7.011932849884033 1.0327614545822144 6.004973888397217 7.120477676391602 0.982119083404541 6.009424209594727 7.229008197784424 0.9314859509468079 6.01387882232666 7.337540626525879 0.8808515071868896 6.018337249755859 7.446073055267334 0.8302268385887146 6.022800445556641 7.554607391357422 0.779600977897644 6.027266502380371 6.678365707397461 1.1449778079986572 5.401875972747803 6.786849021911621 1.0943653583526611 5.406325817108154 6.895334243774414 1.0437543392181396 5.410773277282715 7.003815174102783 0.9931532144546509 5.415225028991699 7.1122965812683105 0.9425641894340515 5.419674873352051 7.2207770347595215 0.8919868469238281 5.424130916595459 7.329255104064941 0.8414207100868225 5.428589820861816 7.437746047973633 0.7908567190170288 5.4330525398254395 7.5462236404418945 0.7403081655502319 5.437526226043701 6.686324119567871 1.1449791193008423 5.452515602111816 6.794800281524658 1.0943689346313477 5.456946849822998 6.903265476226807 1.0437626838684082 5.461381912231445 7.01174259185791 0.993169367313385 5.465816974639893 7.120200157165527 0.9425867795944214 5.470259189605713 7.228675842285156 0.8920108675956726 5.474703311920166 7.337152481079102 0.8414546847343445 5.479157447814941 7.445634365081787 0.7908960580825806 5.483612060546875 7.554113864898682 0.7403449416160583 5.488076210021973 6.678341388702393 1.1051623821258545 4.863133430480957 6.786766529083252 1.0546103715896606 4.8675642013549805 6.8951945304870605 1.0040719509124756 4.872000217437744 7.0036115646362305 0.9535465836524963 4.876439094543457 7.112025737762451 0.903003990650177 4.880883693695068 7.2204389572143555 0.8524647951126099 4.885331153869629 7.328847885131836 0.8019240498542786 4.8897833824157715 7.437254905700684 0.7513902187347412 4.894248008728027 7.545677661895752 0.7008503079414368 4.89871072769165 6.686306476593018 1.1051653623580933 4.913690567016602 6.794712543487549 1.0546154975891113 4.918113708496094 6.903127670288086 1.0040795803070068 4.922551155090332 7.011535167694092 0.9535631537437439 4.926987171173096 7.119950294494629 0.9030249118804932 4.931425094604492 7.228350639343262 0.8524911403656006 4.935868263244629 7.33674955368042 0.8019542694091797 4.9403204917907715 7.445158958435059 0.7514207363128662 4.944777011871338 7.553566932678223 0.7008987069129944 4.949243545532227 6.678319931030273 1.0653382539749146 4.324746131896973 6.786689281463623 1.0148682594299316 4.3291754722595215 6.895052433013916 0.9644080400466919 4.333603382110596 7.003420829772949 0.913933277130127 4.338038921356201 7.111770153045654 0.863461971282959 4.342477321624756 7.220123291015625 0.8129836320877075 4.346924304962158 7.3284687995910645 0.762495219707489 4.3513689041137695 7.436817169189453 0.7119936943054199 4.3558173179626465 7.545161724090576 0.6614787578582764 4.360274791717529 6.68629264831543 1.0653376579284668 4.375226974487305 6.794638156890869 1.0148731470108032 4.3796515464782715 6.902980804443359 0.9644167423248291 4.384077548980713 7.0113301277160645 0.9139454364776611 4.388513565063477 7.119664192199707 0.8634772300720215 4.392963409423828 7.227993965148926 0.8130052089691162 4.397414684295654 7.3363237380981445 0.762527585029602 4.401869773864746 7.4446635246276855 0.712028980255127 4.406330585479736 7.553003787994385 0.6615198850631714 4.410799026489258 6.678297519683838 1.0256024599075317 3.786708116531372 6.7866106033325195 0.9752309322357178 3.7911376953125 6.8949174880981445 0.924848735332489 3.7955691814422607 7.003210544586182 0.8744799494743347 3.7999980449676514 7.111510276794434 0.824113667011261 3.8044352531433105 7.219792366027832 0.7737481594085693 3.808868885040283 7.328085422515869 0.7233909368515015 3.8133106231689453 7.436373233795166 0.6730144619941711 3.817761182785034 7.54465389251709 0.6226300597190857 3.8222157955169678 6.686257839202881 1.0256001949310303 3.8370821475982666 6.794539928436279 0.9752235412597656 3.8415043354034424 6.9028191566467285 0.9248562455177307 3.845937728881836 7.011086463928223 0.874493420124054 3.8503715991973877 7.119361400604248 0.8241391181945801 3.8547985553741455 7.227626800537109 0.773774266242981 3.8592371940612793 7.335885047912598 0.7234192490577698 3.863680362701416 7.444149494171143 0.6730445623397827 3.8681282997131348 7.5524115562438965 0.6226701736450195 3.8725810050964355 6.678265571594238 0.9859277009963989 3.2490744590759277 6.786517143249512 0.9356856346130371 3.253481149673462 6.894764423370361 0.8854390978813171 3.2578928470611572 7.003006935119629 0.8351970911026001 3.26231050491333 7.111242771148682 0.7849551439285278 3.266731023788452 7.2194719314575195 0.7347092628479004 3.2711615562438965 7.327695369720459 0.6844654083251953 3.27559232711792 7.43591833114624 0.6342339515686035 3.2800185680389404 7.544124603271484 0.584014892578125 3.2844467163085938 6.686222076416016 0.9859238266944885 3.299319267272949 6.794427871704102 0.9356933832168579 3.3037290573120117 6.90264892578125 0.8854520916938782 3.3081369400024414 7.0108537673950195 0.8352096080780029 3.312546968460083 7.119064807891846 0.784967303276062 3.3169708251953125 7.227269172668457 0.7347293496131897 3.321394443511963 7.335468292236328 0.6844910979270935 3.3258254528045654 7.443655490875244 0.6342771053314209 3.3302559852600098 7.551863193511963 0.5840622186660767 3.334688186645508 6.678255081176758 0.9462631940841675 2.711852788925171 6.786440372467041 0.8961776494979858 2.7162415981292725 6.894635200500488 0.8460934162139893 2.7206356525421143 7.0028228759765625 0.7959954738616943 2.7250313758850098 7.111008644104004 0.7458943128585815 2.7294273376464844 7.219184875488281 0.695813775062561 2.7338314056396484 7.327358245849609 0.6457255482673645 2.738236904144287 7.435512542724609 0.5956429243087769 2.742648124694824 7.54367208480835 0.5455516576766968 2.747061252593994 6.686205863952637 0.946256697177887 2.7619292736053467 6.794350624084473 0.896176815032959 2.766319513320923 6.902505874633789 0.846096396446228 2.770717144012451 7.010662078857422 0.7960108518600464 2.7751176357269287 7.118802547454834 0.7459146976470947 2.779512882232666 7.226950168609619 0.6958340406417847 2.7839174270629883 7.335094928741455 0.6457560062408447 2.788323163986206 7.443235874176025 0.595673680305481 2.7927300930023193 7.551356792449951 0.5455840826034546 2.797142267227173 6.6782636642456055 0.9066194295883179 2.174879312515259 6.786407947540283 0.8567093014717102 2.1792478561401367 6.894536972045898 0.8067894577980042 2.183619499206543 7.002669811248779 0.7568753957748413 2.1879935264587402 7.110796928405762 0.7069670557975769 2.1923775672912598 7.218933582305908 0.6570379734039307 2.1967687606811523 7.327049255371094 0.6071110367774963 2.2011594772338867 7.435180187225342 0.5571908950805664 2.2055554389953613 7.543275356292725 0.5072720646858215 2.2099547386169434 6.686197280883789 0.9066165685653687 2.2247815132141113 6.79429292678833 0.8567113280296326 2.2291526794433594 6.902390956878662 0.8067947030067444 2.2335262298583984 7.0104804039001465 0.7568879723548889 2.237905502319336 7.118581295013428 0.7069778442382812 2.2422938346862793 7.226672172546387 0.6570536494255066 2.24668288230896 7.334765911102295 0.6071316003799438 2.2510790824890137 7.4428606033325195 0.5572171211242676 2.2554781436920166 7.550951957702637 0.5072990655899048 2.259880304336548 6.6782708168029785 0.8671020269393921 1.6381083726882935 6.786369800567627 0.8173701763153076 1.6424636840820312 6.894472122192383 0.767633318901062 1.6468217372894287 7.0025634765625 0.7178826928138733 1.6511789560317993 7.1106462478637695 0.6681294441223145 1.6555368900299072 7.218729496002197 0.6183810830116272 1.6598912477493286 7.326814651489258 0.568640410900116 1.6642553806304932 7.434881210327148 0.5188804864883423 1.668626308441162 7.542948246002197 0.4691183865070343 1.6729990243911743 6.686197757720947 0.8670958876609802 1.6878262758255005 6.794243335723877 0.8173655271530151 1.6921935081481934 6.902307033538818 0.7676339745521545 1.6965581178665161 7.0103607177734375 0.7178908586502075 1.7009193897247314 7.118395805358887 0.6681435108184814 1.705277681350708 7.226449966430664 0.6184001564979553 1.7096459865570068 7.334494590759277 0.5686604976654053 1.7140108346939087 7.4425368309021 0.5188993215560913 1.7183841466903687 7.550589561462402 0.46914398670196533 1.7227650880813599 6.6782684326171875 0.8275521397590637 1.1015797853469849 6.786341190338135 0.778029203414917 1.1059057712554932 6.894403457641602 0.7284971475601196 1.1102333068847656 7.002460479736328 0.6789607405662537 1.1145695447921753 7.110513210296631 0.6294169425964355 1.1189100742340088 7.218561172485352 0.5798653364181519 1.123260498046875 7.326617240905762 0.5302973985671997 1.127611756324768 7.434655666351318 0.48074227571487427 1.131965160369873 7.542670249938965 0.4311789572238922 1.1363219022750854 6.686194896697998 0.827552318572998 1.151088833808899 6.794223308563232 0.7780317068099976 1.1554234027862549 6.902243137359619 0.7285061478614807 1.159766674041748 7.010256290435791 0.6789693832397461 1.1641075611114502 7.118272304534912 0.6294218301773071 1.168455719947815 7.2262773513793945 0.5798729658126831 1.1728017330169678 7.33428430557251 0.5303077697753906 1.177154779434204 7.442295074462891 0.48075446486473083 1.1815109252929688 7.550295829772949 0.4312010407447815 1.185865879058838 6.67827844619751 0.7879482507705688 0.5652529001235962 6.7863264083862305 0.7386184334754944 0.5695628523826599 6.894355773925781 0.6892995238304138 0.5738817453384399 7.002382278442383 0.6399646401405334 0.5782021284103394 7.110406875610352 0.5906360149383545 0.5825223326683044 7.218435287475586 0.5412957668304443 0.5868455767631531 7.326448917388916 0.4919546842575073 0.5911691188812256 7.434456825256348 0.442594438791275 0.5954963564872742 7.542452335357666 0.3932456374168396 0.5998225808143616 6.686208724975586 0.7879410982131958 0.6145645380020142 6.794201850891113 0.7386248707771301 0.6188847422599792 6.902191162109375 0.6892960667610168 0.6232017278671265 7.010171890258789 0.6399714946746826 0.6275282502174377 7.118162155151367 0.5906409025192261 0.6318532228469849 7.22613525390625 0.5413069725036621 0.6361864805221558 7.334108352661133 0.4919723570346832 0.6405123472213745 7.442076206207275 0.4426111876964569 0.6448414325714111 7.550049304962158 0.3932594656944275 0.6491796970367432 6.678299903869629 0.7484010457992554 0.029012218117713928 6.786308288574219 0.699272632598877 0.03330816328525543 6.894321441650391 0.6501272916793823 0.03759795427322388 7.002325057983398 0.6009951829910278 0.04189477860927582 7.110320568084717 0.5518646836280823 0.04619741439819336 7.218311786651611 0.5027443170547485 0.05050216615200043 7.32630729675293 0.45363152027130127 0.054813772439956665 7.434291362762451 0.40451958775520325 0.059122517704963684 7.542267799377441 0.3553987741470337 0.06343536078929901 6.686239719390869 0.748396635055542 0.07812684029340744 6.794189929962158 0.6992684602737427 0.08242765814065933 6.902151107788086 0.6501381397247314 0.08673138171434402 7.010115623474121 0.6010028123855591 0.09103019535541534 7.118070125579834 0.5518792867660522 0.09532986581325531 7.226024150848389 0.5027515888214111 0.09963099658489227 7.333972930908203 0.4536377787590027 0.10393597185611725 7.4419264793396 0.40452855825424194 0.10824508965015411 7.549876689910889 0.3554118573665619 0.11255286633968353 6.678333282470703 0.7088184356689453 -0.5071806907653809 6.786325931549072 0.6598954200744629 -0.5029042959213257 6.8942999839782715 0.6109709739685059 -0.4986127018928528 7.002270698547363 0.5620484352111816 -0.4943245053291321 7.110251426696777 0.5131286382675171 -0.4900345206260681 7.21822452545166 0.4642109274864197 -0.48574310541152954 7.326188087463379 0.41529613733291626 -0.4814484119415283 7.434147834777832 0.3663753867149353 -0.4771484136581421 7.542099952697754 0.3174700438976288 -0.4728546738624573 6.6862711906433105 0.7088124752044678 -0.4582648277282715 6.794206142425537 0.659885585308075 -0.45397937297821045 6.902146816253662 0.6109610795974731 -0.4496985077857971 7.01008939743042 0.5620484352111816 -0.4454084634780884 7.118011474609375 0.5131257176399231 -0.44112318754196167 7.225954055786133 0.4642120897769928 -0.43682873249053955 7.333885192871094 0.415298730134964 -0.43253111839294434 7.441812992095947 0.36638760566711426 -0.42824316024780273 7.549752712249756 0.31747835874557495 -0.4239521622657776 6.678378582000732 0.669165313243866 -1.0432595014572144 6.786333084106445 0.6204273700714111 -1.038998007774353 6.894280433654785 0.5716794729232788 -1.03473699092865 7.002227306365967 0.5229251384735107 -1.0304714441299438 7.110171318054199 0.4741825759410858 -1.0262072086334229 7.218121528625488 0.42544645071029663 -1.0219398736953735 7.326066970825195 0.37671977281570435 -1.017666220664978 7.434001445770264 0.32800382375717163 -1.0133932828903198 7.541940212249756 0.2793010473251343 -1.0091180801391602 6.686326026916504 0.6691570281982422 -0.994523286819458 6.794238567352295 0.6204285621643066 -0.9902592897415161 6.902153015136719 0.5716837644577026 -0.9859937429428101 7.010064601898193 0.5229294300079346 -0.981735110282898 7.117984294891357 0.47418850660324097 -0.9774696826934814 7.225893497467041 0.42545491456985474 -0.9732095003128052 7.33380126953125 0.3767325282096863 -0.9689517021179199 7.441710472106934 0.32800930738449097 -0.9646841287612915 7.549630165100098 0.27931374311447144 -0.9604161977767944 6.678409576416016 0.6294327974319458 -1.5792360305786133 6.786342144012451 0.5808407068252563 -1.57499098777771 6.8942646980285645 0.5322544574737549 -1.5707423686981201 7.002192974090576 0.4836602210998535 -1.5664929151535034 7.1101202964782715 0.4350801110267639 -1.5622369050979614 7.218033313751221 0.38651448488235474 -1.5579768419265747 7.325954914093018 0.3379640579223633 -1.5537179708480835 7.433866500854492 0.2894170582294464 -1.5494598150253296 7.541772365570068 0.2408776432275772 -1.5451974868774414 6.686373233795166 0.6294246315956116 -1.5306587219238281 6.79426383972168 0.5808390378952026 -1.5264116525650024 6.90216064453125 0.5322513580322266 -1.5221635103225708 7.010054588317871 0.4836620092391968 -1.5179113149642944 7.117949485778809 0.435083270072937 -1.5136651992797852 7.225837707519531 0.38651758432388306 -1.509415626525879 7.33371639251709 0.33796772360801697 -1.5051602125167847 7.441604137420654 0.28943073749542236 -1.5009077787399292 7.5494890213012695 0.2408890724182129 -1.4966524839401245 6.678438186645508 0.5895854234695435 -2.1150357723236084 6.786333084106445 0.5411592721939087 -2.1108028888702393 6.8942389488220215 0.4927468001842499 -2.106570243835449 7.002132415771484 0.4443301260471344 -2.102323293685913 7.1100287437438965 0.39590466022491455 -2.0980799198150635 7.217928409576416 0.3474811315536499 -2.093838930130005 7.3258185386657715 0.2990717589855194 -2.0895938873291016 7.43370246887207 0.25065651535987854 -2.0853514671325684 7.5415825843811035 0.2022627890110016 -2.0811052322387695 6.686431407928467 0.589589536190033 -2.0666065216064453 6.794296741485596 0.5411670804023743 -2.062378168106079 6.902167320251465 0.4927496612071991 -2.05814266204834 7.010043144226074 0.4443298578262329 -2.053905487060547 7.117905616760254 0.39591172337532043 -2.0496599674224854 7.2257843017578125 0.34749454259872437 -2.045419692993164 7.333654403686523 0.29908233880996704 -2.0411839485168457 7.44150972366333 0.25066840648651123 -2.0369415283203125 7.549368381500244 0.20227116346359253 -2.032698154449463 5.846496105194092 0.5411863327026367 -7.776418209075928 5.950837135314941 0.49173077940940857 -7.789864540100098 6.055161476135254 0.4422459602355957 -7.803316593170166 6.159502983093262 0.3927813470363617 -7.816768646240234 6.26383638381958 0.34332260489463806 -7.830234527587891 6.368161678314209 0.2938441038131714 -7.8437066078186035 6.472453594207764 0.24436907470226288 -7.857162952423096 6.5767436027526855 0.19489645957946777 -7.870611190795898 6.681061267852783 0.14541201293468475 -7.884067058563232 5.854499340057373 0.5411742925643921 -7.727604866027832 5.958841323852539 0.49172401428222656 -7.74107027053833 6.063149452209473 0.4422502815723419 -7.754522800445557 6.167478561401367 0.3927905261516571 -7.76798677444458 6.271789073944092 0.3433120548725128 -7.781457424163818 6.376090049743652 0.2938562035560608 -7.794922351837158 6.480400562286377 0.24437053501605988 -7.808376789093018 6.584693908691406 0.19488492608070374 -7.821834087371826 6.688992023468018 0.14540910720825195 -7.835282325744629 5.846522331237793 0.5331939458847046 -7.88141393661499 5.95084810256958 0.4836886525154114 -7.894876003265381 6.055153846740723 0.4342443645000458 -7.908333778381348 6.159503936767578 0.3847923278808594 -7.9218058586120605 6.263844966888428 0.3353273868560791 -7.935267925262451 6.368160724639893 0.28586632013320923 -7.948724269866943 6.472436904907227 0.23635190725326538 -7.96219539642334 6.576730728149414 0.18688711524009705 -7.975650787353516 6.681040287017822 0.13740657269954681 -7.989078044891357 5.854516506195068 0.5331802368164062 -7.832645893096924 5.9588494300842285 0.4836995601654053 -7.846101760864258 6.06315279006958 0.4342392683029175 -7.8595733642578125 6.167469024658203 0.38479453325271606 -7.873030185699463 6.271788120269775 0.3353150486946106 -7.886495113372803 6.376107215881348 0.2858559489250183 -7.899948596954346 6.48040771484375 0.23635591566562653 -7.9134135246276855 6.584691047668457 0.18686369061470032 -7.926865577697754 6.688995838165283 0.13739562034606934 -7.940303802490234 5.9033918380737305 0.5412232875823975 -7.430680274963379 6.008487224578857 0.49176669120788574 -7.439896106719971 6.113553524017334 0.4423157870769501 -7.449113368988037 6.218626976013184 0.39285916090011597 -7.4583234786987305 6.323695659637451 0.34340327978134155 -7.467531681060791 6.428765773773193 0.29393982887268066 -7.476741313934326 6.533839225769043 0.24447494745254517 -7.485949993133545 6.638898849487305 0.1950211077928543 -7.495159149169922 6.743948459625244 0.14554943144321442 -7.504369258880615 5.943621635437012 0.5412738919258118 -7.186746120452881 6.048844337463379 0.4918379783630371 -7.19597053527832 6.154050350189209 0.4423856735229492 -7.205190181732178 6.259235382080078 0.392947256565094 -7.214412689208984 6.364422798156738 0.343505859375 -7.223631381988525 6.46960973739624 0.29405391216278076 -7.232841968536377 6.5747833251953125 0.2446177899837494 -7.242055416107178 6.679967403411865 0.19515608251094818 -7.251274108886719 6.785161018371582 0.145703986287117 -7.260487079620361 5.983876705169678 0.5413001179695129 -6.942808151245117 6.089237689971924 0.4918751120567322 -6.952048301696777 6.1945905685424805 0.4424566626548767 -6.9612836837768555 6.299944877624512 0.39303338527679443 -6.970522880554199 6.405285835266113 0.34359705448150635 -6.9797515869140625 6.510626792907715 0.2941631078720093 -6.988981246948242 6.615975856781006 0.2447354793548584 -6.9982123374938965 6.721323013305664 0.19530527293682098 -7.007442474365234 6.826665878295898 0.14586544036865234 -7.016678333282471 6.024168968200684 0.5413280129432678 -6.699026107788086 6.129702091217041 0.4919242560863495 -6.708279609680176 6.235243797302246 0.4425136148929596 -6.717530727386475 6.340764045715332 0.39309239387512207 -6.726768493652344 6.446280479431152 0.3436874747276306 -6.736016273498535 6.551781177520752 0.29427969455718994 -6.745262145996094 6.65727424621582 0.24486756324768066 -6.754500389099121 6.762768268585205 0.1954471468925476 -6.763739585876465 6.868282794952393 0.14601515233516693 -6.772985458374023 6.064444065093994 0.541326642036438 -6.4553351402282715 6.170109748840332 0.49193525314331055 -6.464591026306152 6.275753498077393 0.442543089389801 -6.473853588104248 6.3813982009887695 0.39315229654312134 -6.483114719390869 6.487037181854248 0.3437696099281311 -6.492369174957275 6.592679977416992 0.2943715453147888 -6.501621246337891 6.69831657409668 0.24497148394584656 -6.510878562927246 6.803948402404785 0.1955718994140625 -6.520138740539551 6.909559726715088 0.1461569219827652 -6.52938985824585 6.10464334487915 0.5413289666175842 -6.211753845214844 6.210402011871338 0.49195700883865356 -6.221029281616211 6.316164970397949 0.4425889551639557 -6.2302961349487305 6.421914577484131 0.3932208716869354 -6.239558219909668 6.527646541595459 0.3438459038734436 -6.248821258544922 6.633379936218262 0.29447832703590393 -6.258084297180176 6.739105701446533 0.2451106607913971 -6.267343997955322 6.844832420349121 0.19572944939136505 -6.276614189147949 6.9505720138549805 0.14634302258491516 -6.285886287689209 6.144828796386719 0.5413365364074707 -5.968301296234131 6.250703811645508 0.49199408292770386 -5.977579593658447 6.3565592765808105 0.44264817237854004 -5.986859321594238 6.462396144866943 0.393314003944397 -5.9961347579956055 6.568231105804443 0.34397393465042114 -6.005415916442871 6.674069881439209 0.2946266531944275 -6.0146942138671875 6.779908180236816 0.24528655409812927 -6.02397346496582 6.885732173919678 0.19594691693782806 -6.033248424530029 6.991549968719482 0.14659970998764038 -6.042527675628662 6.185021877288818 0.5413179397583008 -5.725081920623779 6.290981292724609 0.49201852083206177 -5.7343645095825195 6.396938800811768 0.44271624088287354 -5.743645191192627 6.502901554107666 0.3934086859226227 -5.752926826477051 6.60885763168335 0.34410732984542847 -5.762207984924316 6.714797496795654 0.29480206966400146 -5.771491050720215 6.820751190185547 0.24550746381282806 -5.780777454376221 6.926713466644287 0.19619503617286682 -5.790068626403809 7.032693386077881 0.14690005779266357 -5.79935884475708 6.225259304046631 0.5413156151771545 -5.482046127319336 6.331343173980713 0.49205395579338074 -5.491335391998291 6.437404632568359 0.4427885413169861 -5.500624179840088 6.543452262878418 0.393512487411499 -5.509914875030518 6.649502277374268 0.3442446291446686 -5.519215106964111 6.75555944442749 0.29498210549354553 -5.528509616851807 6.8616132736206055 0.2457098662853241 -5.537808895111084 6.96768856048584 0.19643524289131165 -5.5471038818359375 7.073760509490967 0.1471535861492157 -5.556407928466797 6.265512943267822 0.5413004755973816 -5.23922061920166 6.371662616729736 0.4920734167098999 -5.248515605926514 6.4778218269348145 0.4428430199623108 -5.257813930511475 6.583968639373779 0.3936087489128113 -5.2671098709106445 6.690109729766846 0.3443762958049774 -5.276405334472656 6.796238899230957 0.2951410710811615 -5.285700798034668 6.902381420135498 0.24589906632900238 -5.294997692108154 7.008525848388672 0.19665513932704926 -5.304300308227539 7.114673614501953 0.14740753173828125 -5.313601970672607 6.305798530578613 0.541275680065155 -4.996575355529785 6.412040710449219 0.49208319187164307 -5.005878448486328 6.518276691436768 0.4428728222846985 -5.015182018280029 6.6245012283325195 0.39366546273231506 -5.0244832038879395 6.730720520019531 0.3444695770740509 -5.033782005310059 6.836944580078125 0.29525938630104065 -5.043082237243652 6.943164825439453 0.24605010449886322 -5.052383899688721 7.049389839172363 0.19683489203453064 -5.061689376831055 7.155617713928223 0.14763200283050537 -5.070994853973389 6.346083641052246 0.5412254333496094 -4.754120826721191 6.45237922668457 0.4920618534088135 -4.763418197631836 6.55867338180542 0.44288331270217896 -4.772711277008057 6.664954662322998 0.3937112092971802 -4.782007694244385 6.7712321281433105 0.3445259928703308 -4.7913079261779785 6.877514839172363 0.2953585982322693 -4.800612449645996 6.983806133270264 0.24618634581565857 -4.809919834136963 7.090108394622803 0.19701269268989563 -4.819230556488037 7.196411609649658 0.14783579111099243 -4.82854700088501 6.386306285858154 0.5411682724952698 -4.5117645263671875 6.492677688598633 0.4920269250869751 -4.521077632904053 6.599032878875732 0.4428919553756714 -4.53039026260376 6.70538854598999 0.39375317096710205 -4.539706707000732 6.81173038482666 0.3446238934993744 -4.549025058746338 6.918068885803223 0.29547685384750366 -4.55833625793457 7.024411678314209 0.24633602797985077 -4.567658424377441 7.130742073059082 0.19720341265201569 -4.576982021331787 7.237064361572266 0.14806361496448517 -4.586301803588867 6.426598072052002 0.5411156415939331 -4.269603252410889 6.533045291900635 0.4920145273208618 -4.278911590576172 6.639487266540527 0.4429091215133667 -4.288223743438721 6.745917320251465 0.393815279006958 -4.297534942626953 6.85233211517334 0.3447185158729553 -4.306851387023926 6.958748817443848 0.29561173915863037 -4.316175937652588 7.065162658691406 0.2465057522058487 -4.325499057769775 7.171568870544434 0.1974002718925476 -4.334829330444336 7.277968406677246 0.1482987105846405 -4.344157695770264 6.46697998046875 0.5410742163658142 -4.027622222900391 6.5735273361206055 0.4919970631599426 -4.036951541900635 6.680063724517822 0.4429401457309723 -4.046278953552246 6.7865891456604 0.3938658833503723 -4.055610656738281 6.893103122711182 0.34479308128356934 -4.064940929412842 6.9996137619018555 0.29573607444763184 -4.07426643371582 7.106113910675049 0.2466685175895691 -4.08359432220459 7.212612628936768 0.1976042538881302 -4.092924118041992 7.319118022918701 0.14853185415267944 -4.102259159088135 6.507389545440674 0.5410189628601074 -3.7858588695526123 6.614029884338379 0.49198615550994873 -3.795191526412964 6.720668792724609 0.4429473876953125 -3.804516077041626 6.8273091316223145 0.3939077854156494 -3.813850164413452 6.933957576751709 0.3448733687400818 -3.823184013366699 7.0406012535095215 0.2958437204360962 -3.832520008087158 7.147242069244385 0.2468145787715912 -3.8418679237365723 7.253879547119141 0.1977844089269638 -3.8512086868286133 7.360506057739258 0.14875617623329163 -3.8605518341064453 6.547905921936035 0.5409911274909973 -3.544233560562134 6.654665470123291 0.4919774532318115 -3.5535709857940674 6.761417865753174 0.442968487739563 -3.5629124641418457 6.868172645568848 0.39395517110824585 -3.5722496509552 6.9749369621276855 0.3449491560459137 -3.5815930366516113 7.081711769104004 0.29593634605407715 -3.5909423828125 7.188496112823486 0.24693407118320465 -3.600287675857544 7.295286178588867 0.19792599976062775 -3.60963773727417 7.4020843505859375 0.14891494810581207 -3.6189887523651123 6.588468074798584 0.5409370064735413 -3.3027193546295166 6.695362567901611 0.4919492304325104 -3.3120672702789307 6.802266597747803 0.4429580569267273 -3.3214125633239746 6.9091715812683105 0.39396053552627563 -3.330766201019287 7.016087055206299 0.3449731469154358 -3.340113639831543 7.123010158538818 0.29598569869995117 -3.3494675159454346 7.2299370765686035 0.24699442088603973 -3.3588197231292725 7.336864948272705 0.19800063967704773 -3.3681721687316895 7.4437947273254395 0.14900492131710052 -3.377528190612793 6.629103183746338 0.5409008860588074 -3.0612261295318604 6.736144542694092 0.4919070601463318 -3.070579767227173 6.843188285827637 0.44290488958358765 -3.0799355506896973 6.9502410888671875 0.39391088485717773 -3.0892884731292725 7.057300567626953 0.3449217677116394 -3.098646402359009 7.164373397827148 0.2959336042404175 -3.108006477355957 7.271448612213135 0.24694733321666718 -3.117360830307007 7.3785319328308105 0.19796304404735565 -3.126721143722534 7.48561954498291 0.1489633023738861 -3.1360819339752197 5.903387069702148 0.533204197883606 -7.5358147621154785 6.008488655090332 0.4837229251861572 -7.545008659362793 6.113553524017334 0.4342508614063263 -7.554205894470215 6.218631744384766 0.3847769796848297 -7.5634074211120605 6.323695659637451 0.33529436588287354 -7.572612762451172 6.428760051727295 0.2858142852783203 -7.581813335418701 6.533831596374512 0.2363380342721939 -7.59100866317749 6.638897895812988 0.18685364723205566 -7.600215911865234 6.743943214416504 0.13738229870796204 -7.609410285949707 5.943608283996582 0.5332410335540771 -7.292016506195068 6.048839569091797 0.4837660789489746 -7.301213264465332 6.154048442840576 0.4342910647392273 -7.310418605804443 6.259226322174072 0.38481998443603516 -7.319627285003662 6.364416122436523 0.33534204959869385 -7.328829765319824 6.469601154327393 0.28587183356285095 -7.338038444519043 6.5747857093811035 0.23639872670173645 -7.34725284576416 6.67996072769165 0.18691648542881012 -7.356467247009277 6.785149574279785 0.1374468207359314 -7.365682125091553 5.983871936798096 0.5332555174827576 -7.048228740692139 6.089237689971924 0.4837963581085205 -7.057440280914307 6.194589614868164 0.43433329463005066 -7.0666608810424805 6.2999444007873535 0.3848750591278076 -7.075883388519287 6.405280590057373 0.3354153037071228 -7.085107803344727 6.510621547698975 0.2859472632408142 -7.094334602355957 6.615963459014893 0.2364841252565384 -7.103560924530029 6.721317768096924 0.187029168009758 -7.112789630889893 6.826655387878418 0.1375732421875 -7.122023582458496 6.024162292480469 0.5332793593406677 -6.804594993591309 6.129703998565674 0.48383116722106934 -6.81382942199707 6.235238552093506 0.4343944787979126 -6.823057174682617 6.34075403213501 0.38495874404907227 -6.832294464111328 6.446270942687988 0.33551281690597534 -6.841526508331299 6.5517706871032715 0.28607797622680664 -6.850764751434326 6.6572651863098145 0.23663581907749176 -6.860006332397461 6.76275634765625 0.18718650937080383 -6.869256019592285 6.868269920349121 0.13773518800735474 -6.87850284576416 6.064437389373779 0.5332834720611572 -6.56104040145874 6.170105934143066 0.48386895656585693 -6.57027530670166 6.2757568359375 0.4344615340232849 -6.579517841339111 6.381394386291504 0.38503819704055786 -6.588764190673828 6.487034797668457 0.3356340527534485 -6.598014831542969 6.592670440673828 0.2862091660499573 -6.607263088226318 6.698307514190674 0.2367876023054123 -6.61651086807251 6.803934097290039 0.18737570941448212 -6.625763416290283 6.909543991088867 0.13795451819896698 -6.635021209716797 6.104636192321777 0.5332977175712585 -6.31756067276001 6.210402011871338 0.48390132188796997 -6.326816082000732 6.316156387329102 0.43451112508773804 -6.3360676765441895 6.42190408706665 0.3851262032985687 -6.345315456390381 6.527632236480713 0.3357253074645996 -6.354568004608154 6.633368492126465 0.2863335609436035 -6.363824367523193 6.739095687866211 0.23695237934589386 -6.3730878829956055 6.844821929931641 0.1875464916229248 -6.382352828979492 6.950558185577393 0.13815787434577942 -6.391621112823486 6.144825458526611 0.5332949161529541 -6.074201583862305 6.250701427459717 0.48393064737319946 -6.083456039428711 6.356557369232178 0.43456733226776123 -6.092714786529541 6.462392807006836 0.3852134943008423 -6.101984024047852 6.568225860595703 0.3358568251132965 -6.11125373840332 6.674057483673096 0.28649333119392395 -6.120532989501953 6.779890060424805 0.23712164163589478 -6.129800796508789 6.885708808898926 0.18776674568653107 -6.139071464538574 6.991522789001465 0.13839581608772278 -6.148349285125732 6.1850199699401855 0.5332825183868408 -5.831082344055176 6.290976524353027 0.4839577078819275 -5.8403496742248535 6.39693021774292 0.434632807970047 -5.849619388580322 6.502890586853027 0.3853082060813904 -5.858894348144531 6.608844757080078 0.33598804473876953 -5.868174076080322 6.714784145355225 0.2866572141647339 -5.8774542808532715 6.820737838745117 0.23733018338680267 -5.886744499206543 6.926692962646484 0.1880059540271759 -5.896039009094238 7.032669544219971 0.13869354128837585 -5.905330657958984 6.225257873535156 0.533271312713623 -5.588133335113525 6.331344127655029 0.48398536443710327 -5.597408771514893 6.437404632568359 0.43470364809036255 -5.606696128845215 6.543452739715576 0.3854089081287384 -5.6159892082214355 6.649497032165527 0.3361160159111023 -5.625279903411865 6.7555437088012695 0.286831796169281 -5.634572505950928 6.861598968505859 0.23754513263702393 -5.6438727378845215 6.967670440673828 0.18825691938400269 -5.653175354003906 7.073745250701904 0.13896748423576355 -5.662485599517822 6.265509605407715 0.5332573652267456 -5.345393180847168 6.371664524078369 0.48401179909706116 -5.35467529296875 6.477816104888916 0.43475598096847534 -5.3639607429504395 6.5839643478393555 0.38549870252609253 -5.373249530792236 6.690099239349365 0.336247980594635 -5.382546901702881 6.796228408813477 0.28700315952301025 -5.391843795776367 6.902367115020752 0.23774142563343048 -5.401142597198486 7.008508682250977 0.1884901523590088 -5.41044282913208 7.114653587341309 0.13923241198062897 -5.419748783111572 6.3058061599731445 0.5332247018814087 -5.102831840515137 6.412045955657959 0.48401081562042236 -5.112123012542725 6.518276691436768 0.4347938895225525 -5.12141752243042 6.624494552612305 0.3855798840522766 -5.130711078643799 6.730712413787842 0.3363536298274994 -5.140003681182861 6.836934566497803 0.28712698817253113 -5.1493024826049805 6.943151473999023 0.2379022091627121 -5.158607482910156 7.049374580383301 0.18868407607078552 -5.167920112609863 7.155597686767578 0.13947299122810364 -5.1772284507751465 6.346076488494873 0.5331853628158569 -4.860428333282471 6.4523773193359375 0.4839973747730255 -4.869711399078369 6.558666229248047 0.43481069803237915 -4.879001617431641 6.664945602416992 0.3856201171875 -4.8882927894592285 6.7712225914001465 0.33643490076065063 -4.8975934982299805 6.877508163452148 0.28725045919418335 -4.9068989753723145 6.983797550201416 0.23807424306869507 -4.9162116050720215 7.090098857879639 0.18888594210147858 -4.925528049468994 7.196390628814697 0.1397113800048828 -4.934848308563232 6.3863115310668945 0.5331177115440369 -4.618156433105469 6.492682933807373 0.4839733839035034 -4.627457141876221 6.599034786224365 0.43481361865997314 -4.636758327484131 6.705384731292725 0.3856620788574219 -4.6460676193237305 6.8117241859436035 0.33651572465896606 -4.655372619628906 6.918058395385742 0.28735488653182983 -4.664687156677246 7.024400234222412 0.23820798099040985 -4.6739959716796875 7.130724906921387 0.18906629085540771 -4.68330717086792 7.237052917480469 0.13991239666938782 -4.692625522613525 6.426599979400635 0.5330634117126465 -4.376056671142578 6.53303861618042 0.48392829298973083 -4.3853583335876465 6.63948392868042 0.4348185658454895 -4.394654273986816 6.745911121368408 0.3856958746910095 -4.403962135314941 6.852326393127441 0.33657699823379517 -4.413272380828857 6.958742141723633 0.28746381402015686 -4.422592639923096 7.065150737762451 0.2383342683315277 -4.431914329528809 7.171555042266846 0.18922050297260284 -4.441236972808838 7.27794885635376 0.1401052176952362 -4.450556755065918 6.466987609863281 0.5329948663711548 -4.134174346923828 6.573533535003662 0.4839068651199341 -4.143496513366699 6.68006706237793 0.43480783700942993 -4.152817726135254 6.786587238311768 0.38572901487350464 -4.162138938903809 6.893099784851074 0.33664238452911377 -4.171458721160889 6.999602794647217 0.28754276037216187 -4.1807780265808105 7.106098175048828 0.238461434841156 -4.19010066986084 7.212600231170654 0.18936887383460999 -4.199428081512451 7.319102764129639 0.14029505848884583 -4.208761215209961 6.507391452789307 0.5329388380050659 -3.8925132751464844 6.614027976989746 0.483877956867218 -3.9018349647521973 6.720666885375977 0.43481552600860596 -3.9111623764038086 6.8273091316223145 0.38575512170791626 -3.92049503326416 6.933948516845703 0.33668744564056396 -3.929826259613037 7.040594577789307 0.2876322269439697 -3.9391632080078125 7.1472368240356445 0.23857742547988892 -3.9485044479370117 7.253864288330078 0.1895216852426529 -3.95784330368042 7.360490798950195 0.1404688060283661 -3.9671883583068848 6.54790735244751 0.5328763127326965 -3.6510117053985596 6.654667854309082 0.4838353395462036 -3.6603503227233887 6.761412143707275 0.43479859828948975 -3.669684648513794 6.868167400360107 0.38575565814971924 -3.679022789001465 6.9749369621276855 0.3367271423339844 -3.688368797302246 7.081709861755371 0.2876961827278137 -3.697713851928711 7.188493251800537 0.23866377770900726 -3.707068920135498 7.295280456542969 0.18963663280010223 -3.7164230346679688 7.4020771980285645 0.1406124383211136 -3.725775718688965 6.588477611541748 0.5328161716461182 -3.409611940383911 6.695364475250244 0.4838041663169861 -3.418961524963379 6.802272319793701 0.43477246165275574 -3.4283149242401123 6.909177303314209 0.38574862480163574 -3.437669277191162 7.016091823577881 0.33673083782196045 -3.4470269680023193 7.123010635375977 0.2877190113067627 -3.4563844203948975 7.229935169219971 0.23869886994361877 -3.465745210647583 7.336866855621338 0.18967396020889282 -3.475098133087158 7.443794250488281 0.14066071808338165 -3.484452247619629 6.62910795211792 0.532787561416626 -3.168252944946289 6.736149787902832 0.4837613105773926 -3.177618980407715 6.843186378479004 0.43474334478378296 -3.186981439590454 6.9502410888671875 0.3857229948043823 -3.196343421936035 7.057308197021484 0.3366987705230713 -3.2057044506073 7.164377212524414 0.2876819372177124 -3.2150635719299316 7.271451950073242 0.23868049681186676 -3.22442364692688 7.378537178039551 0.18967236578464508 -3.233788251876831 7.48562479019165 0.1406758725643158 -3.243161201477051 6.678456783294678 0.5408391952514648 -2.767237901687622 6.7863264083862305 0.49184608459472656 -2.7723724842071533 6.894211769104004 0.4428294897079468 -2.7775280475616455 7.00208854675293 0.39382195472717285 -2.7826740741729736 7.109940052032471 0.3448285460472107 -2.7878382205963135 7.217822551727295 0.29584094882011414 -2.792994737625122 7.325672149658203 0.24685248732566833 -2.7981483936309814 7.433551788330078 0.1978689432144165 -2.8032732009887695 7.541414737701416 0.14889031648635864 -2.8084120750427246 6.686493873596191 0.5408562421798706 -2.7189056873321533 6.794374942779541 0.4918370246887207 -2.724074125289917 6.902237892150879 0.4428189694881439 -2.7292160987854004 7.010095119476318 0.3938192129135132 -2.734389066696167 7.117944240570068 0.3448469042778015 -2.7395520210266113 7.225801467895508 0.2958487868309021 -2.7447094917297363 7.3336896896362305 0.2468516230583191 -2.749852418899536 7.441516399383545 0.19785025715827942 -2.755016803741455 7.549392223358154 0.1489025056362152 -2.760183095932007 6.678457736968994 0.5327929854393005 -2.8743650913238525 6.7863335609436035 0.4837424159049988 -2.8795204162597656 6.8942155838012695 0.4347434937953949 -2.8846640586853027 7.002078533172607 0.3857306241989136 -2.8898158073425293 7.109936714172363 0.33674147725105286 -2.8949880599975586 7.217818737030029 0.2877543568611145 -2.9001307487487793 7.325681686401367 0.23875096440315247 -2.9052810668945312 7.433539390563965 0.18978480994701385 -2.910449504852295 7.54141902923584 0.14080801606178284 -2.9156148433685303 6.686496257781982 0.532781183719635 -2.82604718208313 6.794378757476807 0.483770489692688 -2.8311960697174072 6.902252197265625 0.43475186824798584 -2.836376190185547 7.010114669799805 0.38575634360313416 -2.841538429260254 7.117950916290283 0.3367585837841034 -2.8467092514038086 7.225817680358887 0.28775638341903687 -2.851872682571411 7.333696365356445 0.23876629769802094 -2.8570358753204346 7.4415364265441895 0.1897864192724228 -2.862184762954712 7.54940128326416 0.14082470536231995 -2.8673579692840576</DataArray>
      </PointData>
    </Piece>
  </UnstructuredGrid>
</VTKFile>